ISO-10303-21;
HEADER;
FILE_DESCRIPTION(('Open CASCADE Model'),'2;1');
FILE_NAME('Open CASCADE Shape Model','2026-03-24T19:39:15',('Author'),(
    'Open CASCADE'),'Open CASCADE STEP processor 7.7','Open CASCADE 7.7'
  ,'Unknown');
FILE_SCHEMA(('AUTOMOTIVE_DESIGN { 1 0 10303 214 1 1 1 1 }'));
ENDSEC;
DATA;
#1 = APPLICATION_PROTOCOL_DEFINITION('international standard',
  'automotive_design',2000,#2);
#2 = APPLICATION_CONTEXT(
  'core data for automotive mechanical design processes');
#3 = SHAPE_DEFINITION_REPRESENTATION(#4,#10);
#4 = PRODUCT_DEFINITION_SHAPE('','',#5);
#5 = PRODUCT_DEFINITION('design','',#6,#9);
#6 = PRODUCT_DEFINITION_FORMATION('','',#7);
#7 = PRODUCT('Open CASCADE STEP translator 7.7 1',
  'Open CASCADE STEP translator 7.7 1','',(#8));
#8 = PRODUCT_CONTEXT('',#2,'mechanical');
#9 = PRODUCT_DEFINITION_CONTEXT('part definition',#2,'design');
#10 = ADVANCED_BREP_SHAPE_REPRESENTATION('',(#11,#15),#6187);
#11 = AXIS2_PLACEMENT_3D('',#12,#13,#14);
#12 = CARTESIAN_POINT('',(0.,0.,0.));
#13 = DIRECTION('',(0.,0.,1.));
#14 = DIRECTION('',(1.,0.,-0.));
#15 = MANIFOLD_SOLID_BREP('',#16);
#16 = CLOSED_SHELL('',(#17,#491,#1346,#1395,#1450,#1508,#2414,#2461,
    #2516,#2542,#2615,#2663,#2711,#2763,#2815,#2843,#2918,#2971,#3077,
    #3384,#3433,#3486,#3540,#3572,#3599,#3674,#3727,#3833,#4140,#4189,
    #4242,#4296,#4328,#4403,#4430,#4478,#4532,#4564,#4613,#4639,#4716,
    #4764,#4812,#4860,#4908,#4936,#5005,#5033,#5080,#5128,#5177,#5225,
    #5253,#5322,#5350,#5397,#5445,#5494,#5542,#5570,#5618,#5667,#5715,
    #5743,#5770,#5779,#5826,#5853,#5860,#5887,#5914,#5941,#5948,#5995,
    #6022,#6029,#6056,#6083,#6110,#6117,#6144,#6171,#6178));
#17 = ADVANCED_FACE('',(#18),#33,.T.);
#18 = FACE_BOUND('',#19,.T.);
#19 = EDGE_LOOP('',(#20,#56,#135,#161,#276,#309,#388,#414));
#20 = ORIENTED_EDGE('',*,*,#21,.T.);
#21 = EDGE_CURVE('',#22,#24,#26,.T.);
#22 = VERTEX_POINT('',#23);
#23 = CARTESIAN_POINT('',(-18.37905677636,-18.18630641362,-5.5));
#24 = VERTEX_POINT('',#25);
#25 = CARTESIAN_POINT('',(-6.559937880189,-25.00987107195,-5.5));
#26 = SURFACE_CURVE('',#27,(#32,#44),.PCURVE_S1.);
#27 = CIRCLE('',#28,7.);
#28 = AXIS2_PLACEMENT_3D('',#29,#30,#31);
#29 = CARTESIAN_POINT('',(-13.25,-22.95,-5.5));
#30 = DIRECTION('',(0.,0.,1.));
#31 = DIRECTION('',(-0.732722396623,0.680527655196,0.));
#32 = PCURVE('',#33,#38);
#33 = CYLINDRICAL_SURFACE('',#34,7.);
#34 = AXIS2_PLACEMENT_3D('',#35,#36,#37);
#35 = CARTESIAN_POINT('',(-13.25,-22.95,-5.5));
#36 = DIRECTION('',(0.,0.,1.));
#37 = DIRECTION('',(-0.5,-0.866025403784,0.));
#38 = DEFINITIONAL_REPRESENTATION('',(#39),#43);
#39 = LINE('',#40,#41);
#40 = CARTESIAN_POINT('',(4.487505232173,0.));
#41 = VECTOR('',#42,1.);
#42 = DIRECTION('',(1.,0.));
#43 = ( GEOMETRIC_REPRESENTATION_CONTEXT(2) 
PARAMETRIC_REPRESENTATION_CONTEXT() REPRESENTATION_CONTEXT('2D SPACE',''
  ) );
#44 = PCURVE('',#45,#50);
#45 = PLANE('',#46);
#46 = AXIS2_PLACEMENT_3D('',#47,#48,#49);
#47 = CARTESIAN_POINT('',(-13.25,-22.95,-5.5));
#48 = DIRECTION('',(0.,0.,1.));
#49 = DIRECTION('',(-0.5,-0.866025403784,0.));
#50 = DEFINITIONAL_REPRESENTATION('',(#51),#55);
#51 = CIRCLE('',#52,7.);
#52 = AXIS2_PLACEMENT_2D('',#53,#54);
#53 = CARTESIAN_POINT('',(0.,0.));
#54 = DIRECTION('',(-0.222993039066,-0.974820036996));
#55 = ( GEOMETRIC_REPRESENTATION_CONTEXT(2) 
PARAMETRIC_REPRESENTATION_CONTEXT() REPRESENTATION_CONTEXT('2D SPACE',''
  ) );
#56 = ORIENTED_EDGE('',*,*,#57,.F.);
#57 = EDGE_CURVE('',#58,#24,#60,.T.);
#58 = VERTEX_POINT('',#59);
#59 = CARTESIAN_POINT('',(-7.104034358176,-26.30068744133,-3.));
#60 = SURFACE_CURVE('',#61,(#82,#106),.PCURVE_S1.);
#61 = B_SPLINE_CURVE_WITH_KNOTS('',7,(#62,#63,#64,#65,#66,#67,#68,#69,
    #70,#71,#72,#73,#74,#75,#76,#77,#78,#79,#80,#81),.UNSPECIFIED.,.F.,
  .F.,(8,6,6,8),(0.,0.564654365604,0.772226505534,1.),.UNSPECIFIED.);
#62 = CARTESIAN_POINT('',(-7.104034358176,-26.30068744133,-3.));
#63 = CARTESIAN_POINT('',(-7.104034358176,-26.30068744133,
    -3.225207644935));
#64 = CARTESIAN_POINT('',(-7.094105449051,-26.28247654035,
    -3.449910049878));
#65 = CARTESIAN_POINT('',(-7.074328314408,-26.24619683642,
    -3.673312826493));
#66 = CARTESIAN_POINT('',(-7.044937129202,-26.19148437972,-3.89432735369
    ));
#67 = CARTESIAN_POINT('',(-7.006455498936,-26.11768700879,
    -4.111582207657));
#68 = CARTESIAN_POINT('',(-6.959774557325,-26.02394268917,
    -4.323464405779));
#69 = CARTESIAN_POINT('',(-6.886510211799,-25.86687640769,
    -4.603244982587));
#70 = CARTESIAN_POINT('',(-6.865888074422,-25.82181033772,
    -4.677453590311));
#71 = CARTESIAN_POINT('',(-6.844402883479,-25.77384196416,
    -4.750568719486));
#72 = CARTESIAN_POINT('',(-6.822130339824,-25.72291520034,
    -4.822480075249));
#73 = CARTESIAN_POINT('',(-6.799156652961,-25.66897465474,
    -4.893065355009));
#74 = CARTESIAN_POINT('',(-6.775579199036,-25.61196723959,
    -4.962190618835));
#75 = CARTESIAN_POINT('',(-6.725092419288,-25.48586897868,
    -5.103801892391));
#76 = CARTESIAN_POINT('',(-6.698084832293,-25.41614897599,-5.17595257804
    ));
#77 = CARTESIAN_POINT('',(-6.670627007702,-25.34261534945,
    -5.245976340299));
#78 = CARTESIAN_POINT('',(-6.642883706681,-25.26521961099,
    -5.313653328834));
#79 = CARTESIAN_POINT('',(-6.615043531131,-25.18394009915,
    -5.378734656875));
#80 = CARTESIAN_POINT('',(-6.587317938505,-25.09879623889,-5.44094746339
    ));
#81 = CARTESIAN_POINT('',(-6.559937601995,-25.00987016843,-5.5000006));
#82 = PCURVE('',#33,#83);
#83 = DEFINITIONAL_REPRESENTATION('',(#84),#105);
#84 = B_SPLINE_CURVE_WITH_KNOTS('',7,(#85,#86,#87,#88,#89,#90,#91,#92,
    #93,#94,#95,#96,#97,#98,#99,#100,#101,#102,#103,#104),
  .UNSPECIFIED.,.F.,.F.,(8,6,6,8),(0.,0.564654365604,0.772226505534,
    0.999999669392),.UNSPECIFIED.);
#85 = CARTESIAN_POINT('',(7.878441555281,2.5));
#86 = CARTESIAN_POINT('',(7.878441555281,2.274792355065));
#87 = CARTESIAN_POINT('',(7.881404653059,2.050089950122));
#88 = CARTESIAN_POINT('',(7.88730755664,1.826687173507));
#89 = CARTESIAN_POINT('',(7.896179779143,1.60567264631));
#90 = CARTESIAN_POINT('',(7.908067552277,1.388417792343));
#91 = CARTESIAN_POINT('',(7.923023231647,1.176535594221));
#92 = CARTESIAN_POINT('',(7.947782266733,0.896755017413));
#93 = CARTESIAN_POINT('',(7.954862119194,0.822546409689));
#94 = CARTESIAN_POINT('',(7.962370324679,0.749431280514));
#95 = CARTESIAN_POINT('',(7.970310323171,0.677519924751));
#96 = CARTESIAN_POINT('',(7.978685209373,0.606934644991));
#97 = CARTESIAN_POINT('',(7.987497601455,0.537809381165));
#98 = CARTESIAN_POINT('',(8.006901818497,0.39619821515));
#99 = CARTESIAN_POINT('',(8.01758229998,0.32404763141));
#100 = CARTESIAN_POINT('',(8.028794173818,0.254023964614));
#101 = CARTESIAN_POINT('',(8.040537614751,0.186347064093));
#102 = CARTESIAN_POINT('',(8.052809029391,0.121265815445));
#103 = CARTESIAN_POINT('',(8.065599390705,5.905307841286E-02));
#104 = CARTESIAN_POINT('',(8.078891630276,1.784442523271E-15));
#105 = ( GEOMETRIC_REPRESENTATION_CONTEXT(2) 
PARAMETRIC_REPRESENTATION_CONTEXT() REPRESENTATION_CONTEXT('2D SPACE',''
  ) );
#106 = PCURVE('',#107,#112);
#107 = SPHERICAL_SURFACE('',#108,3.);
#108 = AXIS2_PLACEMENT_3D('',#109,#110,#111);
#109 = CARTESIAN_POINT('',(-6.553847577293,-23.3515698604,-3.));
#110 = DIRECTION('',(0.,0.,1.));
#111 = DIRECTION('',(-0.5,-0.866025403784,0.));
#112 = DEFINITIONAL_REPRESENTATION('',(#113),#134);
#113 = B_SPLINE_CURVE_WITH_KNOTS('',7,(#114,#115,#116,#117,#118,#119,
    #120,#121,#122,#123,#124,#125,#126,#127,#128,#129,#130,#131,#132,
    #133),.UNSPECIFIED.,.F.,.F.,(8,6,6,8),(0.,0.564654365604,
    0.772226505534,1.),.UNSPECIFIED.);
#114 = CARTESIAN_POINT('',(0.339159250438,0.));
#115 = CARTESIAN_POINT('',(0.339159250438,-7.506921497849E-02));
#116 = CARTESIAN_POINT('',(0.341298053733,-0.149969959135));
#117 = CARTESIAN_POINT('',(0.345565304445,-0.225128650024));
#118 = CARTESIAN_POINT('',(0.352021191261,-0.300859143478));
#119 = CARTESIAN_POINT('',(0.360832147452,-0.377448881682));
#120 = CARTESIAN_POINT('',(0.372203715628,-0.455184275057));
#121 = CARTESIAN_POINT('',(0.392013227542,-0.563555631831));
#122 = CARTESIAN_POINT('',(0.397757851909,-0.592885847794));
#123 = CARTESIAN_POINT('',(0.403950542114,-0.622433320978));
#124 = CARTESIAN_POINT('',(0.410623504977,-0.652213706741));
#125 = CARTESIAN_POINT('',(0.417817673838,-0.682241632642));
#126 = CARTESIAN_POINT('',(0.425587406382,-0.712530948191));
#127 = CARTESIAN_POINT('',(0.443242194101,-0.776633555927));
#128 = CARTESIAN_POINT('',(0.453259424072,-0.810499389425));
#129 = CARTESIAN_POINT('',(0.464152073686,-0.84471236449));
#130 = CARTESIAN_POINT('',(0.47605218191,-0.879283290231));
#131 = CARTESIAN_POINT('',(0.489124860041,-0.914215415629));
#132 = CARTESIAN_POINT('',(0.503612412288,-0.949500744486));
#133 = CARTESIAN_POINT('',(0.519926342268,-0.985111145151));
#134 = ( GEOMETRIC_REPRESENTATION_CONTEXT(2) 
PARAMETRIC_REPRESENTATION_CONTEXT() REPRESENTATION_CONTEXT('2D SPACE',''
  ) );
#135 = ORIENTED_EDGE('',*,*,#136,.T.);
#136 = EDGE_CURVE('',#58,#137,#139,.T.);
#137 = VERTEX_POINT('',#138);
#138 = CARTESIAN_POINT('',(-7.104034358176,-26.30068744133,3.));
#139 = SURFACE_CURVE('',#140,(#144,#150),.PCURVE_S1.);
#140 = LINE('',#141,#142);
#141 = CARTESIAN_POINT('',(-7.104034358176,-26.30068744133,-6.));
#142 = VECTOR('',#143,1.);
#143 = DIRECTION('',(0.,0.,1.));
#144 = PCURVE('',#33,#145);
#145 = DEFINITIONAL_REPRESENTATION('',(#146),#149);
#146 = B_SPLINE_CURVE_WITH_KNOTS('',1,(#147,#148),.UNSPECIFIED.,.F.,.F.,
  (2,2),(3.,9.),.PIECEWISE_BEZIER_KNOTS.);
#147 = CARTESIAN_POINT('',(7.878441555281,2.5));
#148 = CARTESIAN_POINT('',(7.878441555281,8.5));
#149 = ( GEOMETRIC_REPRESENTATION_CONTEXT(2) 
PARAMETRIC_REPRESENTATION_CONTEXT() REPRESENTATION_CONTEXT('2D SPACE',''
  ) );
#150 = PCURVE('',#151,#156);
#151 = CYLINDRICAL_SURFACE('',#152,3.);
#152 = AXIS2_PLACEMENT_3D('',#153,#154,#155);
#153 = CARTESIAN_POINT('',(-6.553847577293,-23.3515698604,-6.));
#154 = DIRECTION('',(0.,0.,1.));
#155 = DIRECTION('',(-0.5,-0.866025403784,0.));
#156 = DEFINITIONAL_REPRESENTATION('',(#157),#160);
#157 = B_SPLINE_CURVE_WITH_KNOTS('',1,(#158,#159),.UNSPECIFIED.,.F.,.F.,
  (2,2),(2.9999994,9.0000006),.PIECEWISE_BEZIER_KNOTS.);
#158 = CARTESIAN_POINT('',(0.339159250438,2.9999994));
#159 = CARTESIAN_POINT('',(0.339159250438,9.0000006));
#160 = ( GEOMETRIC_REPRESENTATION_CONTEXT(2) 
PARAMETRIC_REPRESENTATION_CONTEXT() REPRESENTATION_CONTEXT('2D SPACE',''
  ) );
#161 = ORIENTED_EDGE('',*,*,#162,.F.);
#162 = EDGE_CURVE('',#163,#137,#165,.T.);
#163 = VERTEX_POINT('',#164);
#164 = CARTESIAN_POINT('',(-6.559937880189,-25.00987107195,5.5));
#165 = SURFACE_CURVE('',#166,(#199,#235),.PCURVE_S1.);
#166 = B_SPLINE_CURVE_WITH_KNOTS('',6,(#167,#168,#169,#170,#171,#172,
    #173,#174,#175,#176,#177,#178,#179,#180,#181,#182,#183,#184,#185,
    #186,#187,#188,#189,#190,#191,#192,#193,#194,#195,#196,#197,#198),
  .UNSPECIFIED.,.F.,.F.,(7,5,5,5,5,5,7),(0.,0.119284221971,
    0.240650192228,0.353171502516,0.470741386164,0.625136265846,1.),
  .UNSPECIFIED.);
#167 = CARTESIAN_POINT('',(-6.559937601995,-25.00987016843,5.5000006));
#168 = CARTESIAN_POINT('',(-6.576751473944,-25.06447839288,
    5.463736915775));
#169 = CARTESIAN_POINT('',(-6.593682817601,-25.1175661917,5.426283157475
    ));
#170 = CARTESIAN_POINT('',(-6.61067551938,-25.16912851491,5.387711043599
    ));
#171 = CARTESIAN_POINT('',(-6.627676865961,-25.21916724204,
    5.348088627584));
#172 = CARTESIAN_POINT('',(-6.644637862014,-25.26768991916,
    5.307479559981));
#173 = CARTESIAN_POINT('',(-6.678683748317,-25.36254764096,
    5.223680233888));
#174 = CARTESIAN_POINT('',(-6.695765449789,-25.40882910091,
    5.180457678911));
#175 = CARTESIAN_POINT('',(-6.712711271576,-25.45356597495,
    5.136336497913));
#176 = CARTESIAN_POINT('',(-6.729477473546,-25.49677370963,
    5.091374253846));
#177 = CARTESIAN_POINT('',(-6.746023956195,-25.53847009882,
    5.045624260397));
#178 = CARTESIAN_POINT('',(-6.777417393753,-25.61595047779,
    4.956034810031));
#179 = CARTESIAN_POINT('',(-6.792300197548,-25.65194347824,
    4.912299328467));
#180 = CARTESIAN_POINT('',(-6.806933622163,-25.68667009198,
    4.867968216648));
#181 = CARTESIAN_POINT('',(-6.821290850612,-25.72014636832,
    4.823078084142));
#182 = CARTESIAN_POINT('',(-6.835347298806,-25.75238859908,
    4.777663070739));
#183 = CARTESIAN_POINT('',(-6.863430114743,-25.81583004609,
    4.683786825332));
#184 = CARTESIAN_POINT('',(-6.877426718798,-25.84691733587,
    4.635280565148));
#185 = CARTESIAN_POINT('',(-6.891044931268,-25.87669395842,
    4.586272184302));
#186 = CARTESIAN_POINT('',(-6.904261418242,-25.90517807924,
    4.536795625256));
#187 = CARTESIAN_POINT('',(-6.917055008346,-25.93238725876,
    4.486882654538));
#188 = CARTESIAN_POINT('',(-6.945627146195,-25.99241802529,
    4.370482009718));
#189 = CARTESIAN_POINT('',(-6.961085267023,-26.02432784882,
    4.303700096176));
#190 = CARTESIAN_POINT('',(-6.975738108732,-26.05410630583,
    4.236283928288));
#191 = CARTESIAN_POINT('',(-6.989547828674,-26.08178854858,
    4.168296035265));
#192 = CARTESIAN_POINT('',(-7.002481688044,-26.10740649879,
    4.099794669355));
#193 = CARTESIAN_POINT('',(-7.043721227198,-26.18824571631,
    3.863399970868));
#194 = CARTESIAN_POINT('',(-7.067601200038,-26.23349757143,
    3.693272580036));
#195 = CARTESIAN_POINT('',(-7.085758619074,-26.26716546638,
    3.521202064453));
#196 = CARTESIAN_POINT('',(-7.097941584552,-26.28951178082,
    3.347880486414));
#197 = CARTESIAN_POINT('',(-7.104034358176,-26.30068744133,
    3.173950050774));
#198 = CARTESIAN_POINT('',(-7.104034358176,-26.30068744133,3.));
#199 = PCURVE('',#33,#200);
#200 = DEFINITIONAL_REPRESENTATION('',(#201),#234);
#201 = B_SPLINE_CURVE_WITH_KNOTS('',6,(#202,#203,#204,#205,#206,#207,
    #208,#209,#210,#211,#212,#213,#214,#215,#216,#217,#218,#219,#220,
    #221,#222,#223,#224,#225,#226,#227,#228,#229,#230,#231,#232,#233),
  .UNSPECIFIED.,.F.,.F.,(7,5,5,5,5,5,7),(3.289356687546E-07,
    0.119284221971,0.240650192228,0.353171502516,0.470741386164,
    0.625136265846,1.),.UNSPECIFIED.);
#202 = CARTESIAN_POINT('',(8.078891630276,11.));
#203 = CARTESIAN_POINT('',(8.07072906737,10.963736399367));
#204 = CARTESIAN_POINT('',(8.062769151791,10.926282732012));
#205 = CARTESIAN_POINT('',(8.055013952272,10.887710715813));
#206 = CARTESIAN_POINT('',(8.047464693786,10.848088403619));
#207 = CARTESIAN_POINT('',(8.040121881548,10.807479445439));
#208 = CARTESIAN_POINT('',(8.025724403032,10.723680233888));
#209 = CARTESIAN_POINT('',(8.018677089287,10.680457678911));
#210 = CARTESIAN_POINT('',(8.01184334199,10.636336497913));
#211 = CARTESIAN_POINT('',(8.005222693857,10.591374253846));
#212 = CARTESIAN_POINT('',(7.998814352123,10.545624260397));
#213 = CARTESIAN_POINT('',(7.986871668387,10.456034810031));
#214 = CARTESIAN_POINT('',(7.981307718444,10.412299328467));
#215 = CARTESIAN_POINT('',(7.975924485851,10.367968216648));
#216 = CARTESIAN_POINT('',(7.970721041907,10.323078084142));
#217 = CARTESIAN_POINT('',(7.965696392063,10.277663070739));
#218 = CARTESIAN_POINT('',(7.955785089764,10.183786825332));
#219 = CARTESIAN_POINT('',(7.950914771377,10.135280565148));
#220 = CARTESIAN_POINT('',(7.946237321788,10.086272184302));
#221 = CARTESIAN_POINT('',(7.94175156412,10.036795625256));
#222 = CARTESIAN_POINT('',(7.93745634359,9.986882654538));
#223 = CARTESIAN_POINT('',(7.927958696201,9.870482009718));
#224 = CARTESIAN_POINT('',(7.922893536374,9.803700096176));
#225 = CARTESIAN_POINT('',(7.918152486476,9.736283928288));
#226 = CARTESIAN_POINT('',(7.913733198173,9.668296035265));
#227 = CARTESIAN_POINT('',(7.909633536346,9.599794669355));
#228 = CARTESIAN_POINT('',(7.896669159188,9.363399970868));
#229 = CARTESIAN_POINT('',(7.889360396272,9.193272580036));
#230 = CARTESIAN_POINT('',(7.883895860402,9.021202064453));
#231 = CARTESIAN_POINT('',(7.880259928438,8.847880486414));
#232 = CARTESIAN_POINT('',(7.878441555281,8.673950050774));
#233 = CARTESIAN_POINT('',(7.878441555281,8.5));
#234 = ( GEOMETRIC_REPRESENTATION_CONTEXT(2) 
PARAMETRIC_REPRESENTATION_CONTEXT() REPRESENTATION_CONTEXT('2D SPACE',''
  ) );
#235 = PCURVE('',#236,#241);
#236 = SPHERICAL_SURFACE('',#237,3.);
#237 = AXIS2_PLACEMENT_3D('',#238,#239,#240);
#238 = CARTESIAN_POINT('',(-6.553847577293,-23.3515698604,3.));
#239 = DIRECTION('',(-0.866025403784,0.5,-0.));
#240 = DIRECTION('',(-0.5,-0.866025403784,1.480297366167E-16));
#241 = DEFINITIONAL_REPRESENTATION('',(#242),#275);
#242 = B_SPLINE_CURVE_WITH_KNOTS('',6,(#243,#244,#245,#246,#247,#248,
    #249,#250,#251,#252,#253,#254,#255,#256,#257,#258,#259,#260,#261,
    #262,#263,#264,#265,#266,#267,#268,#269,#270,#271,#272,#273,#274),
  .UNSPECIFIED.,.F.,.F.,(7,5,5,5,5,5,7),(0.,0.119284221971,
    0.240650192228,0.353171502516,0.470741386164,0.625136265846,1.),
  .UNSPECIFIED.);
#243 = CARTESIAN_POINT('',(1.048458711803,-0.278200045715));
#244 = CARTESIAN_POINT('',(1.025452800134,-0.282617515646));
#245 = CARTESIAN_POINT('',(1.002549347167,-0.286742870147));
#246 = CARTESIAN_POINT('',(0.979755378897,-0.290590573863));
#247 = CARTESIAN_POINT('',(0.957076461482,-0.294175506833));
#248 = CARTESIAN_POINT('',(0.934516539825,-0.297512634302));
#249 = CARTESIAN_POINT('',(0.889247411165,-0.303774890513));
#250 = CARTESIAN_POINT('',(0.866542683,-0.30669175119));
#251 = CARTESIAN_POINT('',(0.843965928513,-0.309382879552));
#252 = CARTESIAN_POINT('',(0.821518277903,-0.311863383482));
#253 = CARTESIAN_POINT('',(0.799199654709,-0.314147857756));
#254 = CARTESIAN_POINT('',(0.756435078217,-0.318199686743));
#255 = CARTESIAN_POINT('',(0.735971295657,-0.319992549527));
#256 = CARTESIAN_POINT('',(0.715616421504,-0.321640146508));
#257 = CARTESIAN_POINT('',(0.695368868299,-0.323153098167));
#258 = CARTESIAN_POINT('',(0.675226467757,-0.324541471354));
#259 = CARTESIAN_POINT('',(0.634247325024,-0.327145217637));
#260 = CARTESIAN_POINT('',(0.613420062318,-0.32835002158));
#261 = CARTESIAN_POINT('',(0.59270155281,-0.329440024572));
#262 = CARTESIAN_POINT('',(0.572088239021,-0.330425348198));
#263 = CARTESIAN_POINT('',(0.551576135825,-0.331315402177));
#264 = CARTESIAN_POINT('',(0.504351085308,-0.333174031578));
#265 = CARTESIAN_POINT('',(0.477708435891,-0.334079890125));
#266 = CARTESIAN_POINT('',(0.451222851229,-0.334856124606));
#267 = CARTESIAN_POINT('',(0.42488363759,-0.335520336763));
#268 = CARTESIAN_POINT('',(0.398679438479,-0.336088065478));
#269 = CARTESIAN_POINT('',(0.309274259878,-0.337749667978));
#270 = CARTESIAN_POINT('',(0.246680850191,-0.33843721144));
#271 = CARTESIAN_POINT('',(0.184636123809,-0.338829189629));
#272 = CARTESIAN_POINT('',(0.12296495483,-0.339049208668));
#273 = CARTESIAN_POINT('',(6.148591303747E-02,-0.339159250438));
#274 = CARTESIAN_POINT('',(0.,-0.339159250438));
#275 = ( GEOMETRIC_REPRESENTATION_CONTEXT(2) 
PARAMETRIC_REPRESENTATION_CONTEXT() REPRESENTATION_CONTEXT('2D SPACE',''
  ) );
#276 = ORIENTED_EDGE('',*,*,#277,.T.);
#277 = EDGE_CURVE('',#163,#278,#280,.T.);
#278 = VERTEX_POINT('',#279);
#279 = CARTESIAN_POINT('',(-18.37905677636,-18.18630641362,5.5));
#280 = SURFACE_CURVE('',#281,(#286,#293),.PCURVE_S1.);
#281 = CIRCLE('',#282,7.);
#282 = AXIS2_PLACEMENT_3D('',#283,#284,#285);
#283 = CARTESIAN_POINT('',(-13.25,-22.95,5.5));
#284 = DIRECTION('',(0.,-0.,-1.));
#285 = DIRECTION('',(0.955723159973,-0.294267295993,0.));
#286 = PCURVE('',#33,#287);
#287 = DEFINITIONAL_REPRESENTATION('',(#288),#292);
#288 = LINE('',#289,#290);
#289 = CARTESIAN_POINT('',(8.078891630276,11.));
#290 = VECTOR('',#291,1.);
#291 = DIRECTION('',(-1.,-0.));
#292 = ( GEOMETRIC_REPRESENTATION_CONTEXT(2) 
PARAMETRIC_REPRESENTATION_CONTEXT() REPRESENTATION_CONTEXT('2D SPACE',''
  ) );
#293 = PCURVE('',#294,#299);
#294 = PLANE('',#295);
#295 = AXIS2_PLACEMENT_3D('',#296,#297,#298);
#296 = CARTESIAN_POINT('',(-13.25,-22.95,5.5));
#297 = DIRECTION('',(0.,0.,1.));
#298 = DIRECTION('',(-0.5,-0.866025403784,0.));
#299 = DEFINITIONAL_REPRESENTATION('',(#300),#308);
#300 = ( BOUNDED_CURVE() B_SPLINE_CURVE(2,(#301,#302,#303,#304,#305,#306
,#307),.UNSPECIFIED.,.T.,.F.) B_SPLINE_CURVE_WITH_KNOTS((1,2,2,2,2,1),(
    -2.094395102393,0.,2.094395102393,4.188790204786,6.28318530718,
8.377580409573),.UNSPECIFIED.) CURVE() GEOMETRIC_REPRESENTATION_ITEM() 
RATIONAL_B_SPLINE_CURVE((1.,0.5,1.,0.5,1.,0.5,1.)) REPRESENTATION_ITEM(
  '') );
#301 = CARTESIAN_POINT('',(-1.561130383075,6.823699284629));
#302 = CARTESIAN_POINT('',(10.257863473473,9.527656425353));
#303 = CARTESIAN_POINT('',(6.690062119811,-2.059871071952));
#304 = CARTESIAN_POINT('',(3.122260766149,-13.64739856925));
#305 = CARTESIAN_POINT('',(-5.128931736737,-4.763828212677));
#306 = CARTESIAN_POINT('',(-13.38012423962,4.119742143904));
#307 = CARTESIAN_POINT('',(-1.561130383075,6.823699284629));
#308 = ( GEOMETRIC_REPRESENTATION_CONTEXT(2) 
PARAMETRIC_REPRESENTATION_CONTEXT() REPRESENTATION_CONTEXT('2D SPACE',''
  ) );
#309 = ORIENTED_EDGE('',*,*,#310,.F.);
#310 = EDGE_CURVE('',#311,#278,#313,.T.);
#311 = VERTEX_POINT('',#312);
#312 = CARTESIAN_POINT('',(-19.22482777185,-19.30288701893,3.));
#313 = SURFACE_CURVE('',#314,(#335,#359),.PCURVE_S1.);
#314 = B_SPLINE_CURVE_WITH_KNOTS('',7,(#315,#316,#317,#318,#319,#320,
    #321,#322,#323,#324,#325,#326,#327,#328,#329,#330,#331,#332,#333,
    #334),.UNSPECIFIED.,.F.,.F.,(8,6,6,8),(0.,0.556794963485,
    0.772268556381,1.),.UNSPECIFIED.);
#315 = CARTESIAN_POINT('',(-19.22482777185,-19.30288701893,3.));
#316 = CARTESIAN_POINT('',(-19.22482777185,-19.30288701893,
    3.221811562762));
#317 = CARTESIAN_POINT('',(-19.21434495402,-19.28571308506,
    3.443338633384));
#318 = CARTESIAN_POINT('',(-19.19342462394,-19.25144305485,
    3.663699953949));
#319 = CARTESIAN_POINT('',(-19.16165888304,-19.20009752194,
    3.881783474583));
#320 = CARTESIAN_POINT('',(-19.11827234725,-19.13180969159,
    4.096251312366));
#321 = CARTESIAN_POINT('',(-19.06214675674,-19.04690945806,
    4.305567411363));
#322 = CARTESIAN_POINT('',(-18.9644429538,-18.90680658986,4.586236365808
    ));
#323 = CARTESIAN_POINT('',(-18.93504170615,-18.86530833611,
    4.663494325013));
#324 = CARTESIAN_POINT('',(-18.9034106754,-18.82143421339,4.739591884941
    ));
#325 = CARTESIAN_POINT('',(-18.86945384294,-18.77522510819,
    4.814406965787));
#326 = CARTESIAN_POINT('',(-18.83306964975,-18.72673267653,
    4.887803676733));
#327 = CARTESIAN_POINT('',(-18.79415222863,-18.67602097667,
    4.959632740826));
#328 = CARTESIAN_POINT('',(-18.70866880455,-18.56730853511,
    5.103818897375));
#329 = CARTESIAN_POINT('',(-18.66179838654,-18.50906318751,
    5.175965658734));
#330 = CARTESIAN_POINT('',(-18.61185084453,-18.44852129639,
    5.245985860842));
#331 = CARTESIAN_POINT('',(-18.55870180694,-18.38580125164,
    5.313659700621));
#332 = CARTESIAN_POINT('',(-18.5022381998,-18.32105548481,5.378738349504
    ));
#333 = CARTESIAN_POINT('',(-18.44237107468,-18.25447673924,5.44094901081
    ));
#334 = CARTESIAN_POINT('',(-18.37905613304,-18.18630572096,5.5000006));
#335 = PCURVE('',#33,#336);
#336 = DEFINITIONAL_REPRESENTATION('',(#337),#358);
#337 = B_SPLINE_CURVE_WITH_KNOTS('',7,(#338,#339,#340,#341,#342,#343,
    #344,#345,#346,#347,#348,#349,#350,#351,#352,#353,#354,#355,#356,
    #357),.UNSPECIFIED.,.F.,.F.,(8,6,6,8),(0.,0.556794963485,
    0.772268556381,0.999999669444),.UNSPECIFIED.);
#338 = CARTESIAN_POINT('',(4.687946745855,8.5));
#339 = CARTESIAN_POINT('',(4.687946745855,8.721811562762));
#340 = CARTESIAN_POINT('',(4.685072398546,8.943338633384));
#341 = CARTESIAN_POINT('',(4.679336531892,9.163699953949));
#342 = CARTESIAN_POINT('',(4.670711396361,9.381783474583));
#343 = CARTESIAN_POINT('',(4.65915531565,9.596251312366));
#344 = CARTESIAN_POINT('',(4.644620526272,9.805567411363));
#345 = CARTESIAN_POINT('',(4.62021960341,10.086236365808));
#346 = CARTESIAN_POINT('',(4.612954374998,10.163494325013));
#347 = CARTESIAN_POINT('',(4.605228016834,10.239591884941));
#348 = CARTESIAN_POINT('',(4.597036656471,10.314406965787));
#349 = CARTESIAN_POINT('',(4.588376796971,10.387803676733));
#350 = CARTESIAN_POINT('',(4.579245469032,10.459632740826));
#351 = CARTESIAN_POINT('',(4.55948889833,10.603818789836));
#352 = CARTESIAN_POINT('',(4.548809307019,10.67596544929));
#353 = CARTESIAN_POINT('',(4.537598387317,10.745985555936));
#354 = CARTESIAN_POINT('',(4.525855959657,10.813659307703));
#355 = CARTESIAN_POINT('',(4.513585609628,10.878737877191));
#356 = CARTESIAN_POINT('',(4.500796351462,10.940948469012));
#357 = CARTESIAN_POINT('',(4.487505232173,11.));
#358 = ( GEOMETRIC_REPRESENTATION_CONTEXT(2) 
PARAMETRIC_REPRESENTATION_CONTEXT() REPRESENTATION_CONTEXT('2D SPACE',''
  ) );
#359 = PCURVE('',#360,#365);
#360 = SPHERICAL_SURFACE('',#361,3.);
#361 = AXIS2_PLACEMENT_3D('',#362,#363,#364);
#362 = CARTESIAN_POINT('',(-16.9461524227,-17.3515698604,3.));
#363 = DIRECTION('',(-0.,-0.,-1.));
#364 = DIRECTION('',(-0.5,-0.866025403784,0.));
#365 = DEFINITIONAL_REPRESENTATION('',(#366),#387);
#366 = B_SPLINE_CURVE_WITH_KNOTS('',7,(#367,#368,#369,#370,#371,#372,
    #373,#374,#375,#376,#377,#378,#379,#380,#381,#382,#383,#384,#385,
    #386),.UNSPECIFIED.,.F.,.F.,(8,6,6,8),(0.,0.556794963485,
    0.772268556381,1.),.UNSPECIFIED.);
#367 = CARTESIAN_POINT('',(0.33903522049,0.));
#368 = CARTESIAN_POINT('',(0.33903522049,-7.393718758728E-02));
#369 = CARTESIAN_POINT('',(0.341109819296,-0.147779482739));
#370 = CARTESIAN_POINT('',(0.345253659498,-0.221893637318));
#371 = CARTESIAN_POINT('',(0.351527389425,-0.296560820539));
#372 = CARTESIAN_POINT('',(0.360082541074,-0.372047634309));
#373 = CARTESIAN_POINT('',(0.371114569557,-0.448626421735));
#374 = CARTESIAN_POINT('',(0.390563371932,-0.556847234645));
#375 = CARTESIAN_POINT('',(0.396436672427,-0.587254961694));
#376 = CARTESIAN_POINT('',(0.402787361012,-0.617894355689));
#377 = CARTESIAN_POINT('',(0.409650322329,-0.648782989763));
#378 = CARTESIAN_POINT('',(0.417070272855,-0.679937281116));
#379 = CARTESIAN_POINT('',(0.425107280145,-0.711372803269));
#380 = CARTESIAN_POINT('',(0.443074200367,-0.776641550085));
#381 = CARTESIAN_POINT('',(0.453085704925,-0.810505802185));
#382 = CARTESIAN_POINT('',(0.463971887385,-0.844717253886));
#383 = CARTESIAN_POINT('',(0.475864636021,-0.879286735053));
#384 = CARTESIAN_POINT('',(0.488928869417,-0.914217525361));
#385 = CARTESIAN_POINT('',(0.503406610674,-0.949501677616));
#386 = CARTESIAN_POINT('',(0.519708902176,-0.985111145151));
#387 = ( GEOMETRIC_REPRESENTATION_CONTEXT(2) 
PARAMETRIC_REPRESENTATION_CONTEXT() REPRESENTATION_CONTEXT('2D SPACE',''
  ) );
#388 = ORIENTED_EDGE('',*,*,#389,.F.);
#389 = EDGE_CURVE('',#390,#311,#392,.T.);
#390 = VERTEX_POINT('',#391);
#391 = CARTESIAN_POINT('',(-19.22482777185,-19.30288701893,-3.));
#392 = SURFACE_CURVE('',#393,(#397,#403),.PCURVE_S1.);
#393 = LINE('',#394,#395);
#394 = CARTESIAN_POINT('',(-19.22482777185,-19.30288701893,-6.));
#395 = VECTOR('',#396,1.);
#396 = DIRECTION('',(0.,0.,1.));
#397 = PCURVE('',#33,#398);
#398 = DEFINITIONAL_REPRESENTATION('',(#399),#402);
#399 = B_SPLINE_CURVE_WITH_KNOTS('',1,(#400,#401),.UNSPECIFIED.,.F.,.F.,
  (2,2),(3.,9.),.PIECEWISE_BEZIER_KNOTS.);
#400 = CARTESIAN_POINT('',(4.687946745855,2.5));
#401 = CARTESIAN_POINT('',(4.687946745855,8.5));
#402 = ( GEOMETRIC_REPRESENTATION_CONTEXT(2) 
PARAMETRIC_REPRESENTATION_CONTEXT() REPRESENTATION_CONTEXT('2D SPACE',''
  ) );
#403 = PCURVE('',#404,#409);
#404 = CYLINDRICAL_SURFACE('',#405,3.);
#405 = AXIS2_PLACEMENT_3D('',#406,#407,#408);
#406 = CARTESIAN_POINT('',(-16.9461524227,-17.3515698604,-6.));
#407 = DIRECTION('',(0.,0.,1.));
#408 = DIRECTION('',(-0.5,-0.866025403784,0.));
#409 = DEFINITIONAL_REPRESENTATION('',(#410),#413);
#410 = B_SPLINE_CURVE_WITH_KNOTS('',1,(#411,#412),.UNSPECIFIED.,.F.,.F.,
  (2,2),(2.9999994,9.0000006),.PIECEWISE_BEZIER_KNOTS.);
#411 = CARTESIAN_POINT('',(-0.33903522049,2.9999994));
#412 = CARTESIAN_POINT('',(-0.33903522049,9.0000006));
#413 = ( GEOMETRIC_REPRESENTATION_CONTEXT(2) 
PARAMETRIC_REPRESENTATION_CONTEXT() REPRESENTATION_CONTEXT('2D SPACE',''
  ) );
#414 = ORIENTED_EDGE('',*,*,#415,.F.);
#415 = EDGE_CURVE('',#22,#390,#416,.T.);
#416 = SURFACE_CURVE('',#417,(#438,#462),.PCURVE_S1.);
#417 = B_SPLINE_CURVE_WITH_KNOTS('',7,(#418,#419,#420,#421,#422,#423,
    #424,#425,#426,#427,#428,#429,#430,#431,#432,#433,#434,#435,#436,
    #437),.UNSPECIFIED.,.F.,.F.,(8,6,6,8),(0.,0.228590819017,
    0.452208154645,1.),.UNSPECIFIED.);
#418 = CARTESIAN_POINT('',(-18.37905677636,-18.18630641362,-5.5));
#419 = CARTESIAN_POINT('',(-18.44261598884,-18.25474045615,
    -5.440720532371));
#420 = CARTESIAN_POINT('',(-18.50270066192,-18.3215698435,
    -5.378257628575));
#421 = CARTESIAN_POINT('',(-18.55935569923,-18.38655115948,
    -5.312905700087));
#422 = CARTESIAN_POINT('',(-18.61267126752,-18.44948963284,
    -5.244940601052));
#423 = CARTESIAN_POINT('',(-18.66276192505,-18.51023136029,
    -5.174613862765));
#424 = CARTESIAN_POINT('',(-18.70975359054,-18.56865693007,
    -5.102147557867));
#425 = CARTESIAN_POINT('',(-18.79684526165,-18.67947713766,
    -4.954931148686));
#426 = CARTESIAN_POINT('',(-18.837068211,-18.73196933062,-4.880272958854
    ));
#427 = CARTESIAN_POINT('',(-18.87456920914,-18.78206650135,
    -4.803936102736));
#428 = CARTESIAN_POINT('',(-18.9094664861,-18.82969769097,
    -4.726086351597));
#429 = CARTESIAN_POINT('',(-18.94187304684,-18.8748063419,
    -4.646874307967));
#430 = CARTESIAN_POINT('',(-18.97189527411,-18.91734838199,
    -4.566434894668));
#431 = CARTESIAN_POINT('',(-19.06757677151,-19.05513281864,
    -4.285118326698));
#432 = CARTESIAN_POINT('',(-19.12177239035,-19.13732231657,
    -4.078789085174));
#433 = CARTESIAN_POINT('',(-19.16371890072,-19.20342654186,
    -3.867553648714));
#434 = CARTESIAN_POINT('',(-19.19445395971,-19.25312890522,
    -3.652855240386));
#435 = CARTESIAN_POINT('',(-19.21469768009,-19.2862911879,
    -3.435980289496));
#436 = CARTESIAN_POINT('',(-19.22482777185,-19.30288701893,
    -3.21804589904));
#437 = CARTESIAN_POINT('',(-19.22482777185,-19.30288701893,-3.));
#438 = PCURVE('',#33,#439);
#439 = DEFINITIONAL_REPRESENTATION('',(#440),#461);
#440 = B_SPLINE_CURVE_WITH_KNOTS('',7,(#441,#442,#443,#444,#445,#446,
    #447,#448,#449,#450,#451,#452,#453,#454,#455,#456,#457,#458,#459,
    #460),.UNSPECIFIED.,.F.,.F.,(8,6,6,8),(0.,0.228590819017,
    0.452208154645,1.),.UNSPECIFIED.);
#441 = CARTESIAN_POINT('',(4.487505232173,-5.861977570021E-14));
#442 = CARTESIAN_POINT('',(4.500847654672,5.927946762925E-02));
#443 = CARTESIAN_POINT('',(4.513684320631,0.121742371425));
#444 = CARTESIAN_POINT('',(4.525998002777,0.187094299913));
#445 = CARTESIAN_POINT('',(4.537779616853,0.255059398948));
#446 = CARTESIAN_POINT('',(4.549025574682,0.325386137235));
#447 = CARTESIAN_POINT('',(4.559736094538,0.397852442133));
#448 = CARTESIAN_POINT('',(4.579871390782,0.545068851314));
#449 = CARTESIAN_POINT('',(4.58931797574,0.619727041146));
#450 = CARTESIAN_POINT('',(4.598256887726,0.696063897264));
#451 = CARTESIAN_POINT('',(4.606691460704,0.773913648403));
#452 = CARTESIAN_POINT('',(4.614625643866,0.853125692033));
#453 = CARTESIAN_POINT('',(4.622063829889,0.933565105332));
#454 = CARTESIAN_POINT('',(4.646027876057,1.214881673302));
#455 = CARTESIAN_POINT('',(4.660088015755,1.421210914826));
#456 = CARTESIAN_POINT('',(4.671270647863,1.632446351286));
#457 = CARTESIAN_POINT('',(4.679618714,1.847144759614));
#458 = CARTESIAN_POINT('',(4.685169141135,2.064019710504));
#459 = CARTESIAN_POINT('',(4.687946745855,2.28195410096));
#460 = CARTESIAN_POINT('',(4.687946745855,2.5));
#461 = ( GEOMETRIC_REPRESENTATION_CONTEXT(2) 
PARAMETRIC_REPRESENTATION_CONTEXT() REPRESENTATION_CONTEXT('2D SPACE',''
  ) );
#462 = PCURVE('',#463,#468);
#463 = SPHERICAL_SURFACE('',#464,3.);
#464 = AXIS2_PLACEMENT_3D('',#465,#466,#467);
#465 = CARTESIAN_POINT('',(-16.9461524227,-17.3515698604,-3.));
#466 = DIRECTION('',(0.,0.,1.));
#467 = DIRECTION('',(-0.5,-0.866025403784,0.));
#468 = DEFINITIONAL_REPRESENTATION('',(#469),#490);
#469 = B_SPLINE_CURVE_WITH_KNOTS('',7,(#470,#471,#472,#473,#474,#475,
    #476,#477,#478,#479,#480,#481,#482,#483,#484,#485,#486,#487,#488,
    #489),.UNSPECIFIED.,.F.,.F.,(8,6,6,8),(0.,0.228590819017,
    0.452208154645,1.),.UNSPECIFIED.);
#470 = CARTESIAN_POINT('',(-0.519708736535,-0.985110783338));
#471 = CARTESIAN_POINT('',(-0.503343558525,-0.949363919356));
#472 = CARTESIAN_POINT('',(-0.488817042073,-0.913944923002));
#473 = CARTESIAN_POINT('',(-0.475713386048,-0.878882120798));
#474 = CARTESIAN_POINT('',(-0.463788351216,-0.844183464188));
#475 = CARTESIAN_POINT('',(-0.452875725374,-0.809845551987));
#476 = CARTESIAN_POINT('',(-0.442842551359,-0.775857359314));
#477 = CARTESIAN_POINT('',(-0.424544925733,-0.709272303658));
#478 = CARTESIAN_POINT('',(-0.416247202448,-0.676664893853));
#479 = CARTESIAN_POINT('',(-0.408608430397,-0.64435949045));
#480 = CARTESIAN_POINT('',(-0.40156446146,-0.612338496701));
#481 = CARTESIAN_POINT('',(-0.395066659567,-0.580583509756));
#482 = CARTESIAN_POINT('',(-0.389075484104,-0.549074916799));
#483 = CARTESIAN_POINT('',(-0.370047130117,-0.441156146472));
#484 = CARTESIAN_POINT('',(-0.359392249366,-0.365906974433));
#485 = CARTESIAN_POINT('',(-0.35112086746,-0.291689863914));
#486 = CARTESIAN_POINT('',(-0.34504930939,-0.218245731489));
#487 = CARTESIAN_POINT('',(-0.341040306233,-0.145326704206));
#488 = CARTESIAN_POINT('',(-0.33903522049,-7.268196634663E-02));
#489 = CARTESIAN_POINT('',(-0.33903522049,0.));
#490 = ( GEOMETRIC_REPRESENTATION_CONTEXT(2) 
PARAMETRIC_REPRESENTATION_CONTEXT() REPRESENTATION_CONTEXT('2D SPACE',''
  ) );
#491 = ADVANCED_FACE('',(#492,#672,#901,#932,#1161),#45,.T.);
#492 = FACE_BOUND('',#493,.T.);
#493 = EDGE_LOOP('',(#494,#529,#558,#587,#616,#645));
#494 = ORIENTED_EDGE('',*,*,#495,.F.);
#495 = EDGE_CURVE('',#496,#498,#500,.T.);
#496 = VERTEX_POINT('',#497);
#497 = CARTESIAN_POINT('',(-1.801917788498,-14.89137644019,-5.5));
#498 = VERTEX_POINT('',#499);
#499 = CARTESIAN_POINT('',(-11.99524033557,-9.00634272565,-5.5));
#500 = SURFACE_CURVE('',#501,(#506,#517),.PCURVE_S1.);
#501 = CIRCLE('',#502,14.);
#502 = AXIS2_PLACEMENT_3D('',#503,#504,#505);
#503 = CARTESIAN_POINT('',(-13.25,-22.95,-5.5));
#504 = DIRECTION('',(0.,0.,-1.));
#505 = DIRECTION('',(0.817720157964,0.575615968558,0.));
#506 = PCURVE('',#45,#507);
#507 = DEFINITIONAL_REPRESENTATION('',(#508),#516);
#508 = ( BOUNDED_CURVE() B_SPLINE_CURVE(2,(#509,#510,#511,#512,#513,#514
,#515),.UNSPECIFIED.,.T.,.F.) B_SPLINE_CURVE_WITH_KNOTS((1,2,2,2,2,1),(
    -2.094395102393,0.,2.094395102393,4.188790204786,6.28318530718,
8.377580409573),.UNSPECIFIED.) CURVE() GEOMETRIC_REPRESENTATION_ITEM() 
RATIONAL_B_SPLINE_CURVE((1.,0.5,1.,0.5,1.,0.5,1.)) REPRESENTATION_ITEM(
  '') );
#509 = CARTESIAN_POINT('',(-12.70301382808,5.885018239869));
#510 = CARTESIAN_POINT('',(-2.509863233157,27.887283599355));
#511 = CARTESIAN_POINT('',(11.448082211502,8.058623559808));
#512 = CARTESIAN_POINT('',(25.406027656161,-11.77003647973));
#513 = CARTESIAN_POINT('',(1.254931616579,-13.94364179967));
#514 = CARTESIAN_POINT('',(-22.896164423,-16.11724711961));
#515 = CARTESIAN_POINT('',(-12.70301382808,5.885018239869));
#516 = ( GEOMETRIC_REPRESENTATION_CONTEXT(2) 
PARAMETRIC_REPRESENTATION_CONTEXT() REPRESENTATION_CONTEXT('2D SPACE',''
  ) );
#517 = PCURVE('',#518,#523);
#518 = CYLINDRICAL_SURFACE('',#519,14.);
#519 = AXIS2_PLACEMENT_3D('',#520,#521,#522);
#520 = CARTESIAN_POINT('',(-13.25,-22.95,-6.));
#521 = DIRECTION('',(0.,0.,1.));
#522 = DIRECTION('',(-0.5,-0.866025403784,0.));
#523 = DEFINITIONAL_REPRESENTATION('',(#524),#528);
#524 = LINE('',#525,#526);
#525 = CARTESIAN_POINT('',(8.990937633582,0.5));
#526 = VECTOR('',#527,1.);
#527 = DIRECTION('',(-1.,-0.));
#528 = ( GEOMETRIC_REPRESENTATION_CONTEXT(2) 
PARAMETRIC_REPRESENTATION_CONTEXT() REPRESENTATION_CONTEXT('2D SPACE',''
  ) );
#529 = ORIENTED_EDGE('',*,*,#530,.T.);
#530 = EDGE_CURVE('',#496,#531,#533,.T.);
#531 = VERTEX_POINT('',#532);
#532 = CARTESIAN_POINT('',(13.797169811321,-5.885414615605,-5.5));
#533 = SURFACE_CURVE('',#534,(#539,#546),.PCURVE_S1.);
#534 = CIRCLE('',#535,15.);
#535 = AXIS2_PLACEMENT_3D('',#536,#537,#538);
#536 = CARTESIAN_POINT('',(0.,0.,-5.5));
#537 = DIRECTION('',(0.,0.,1.));
#538 = DIRECTION('',(1.,0.,0.));
#539 = PCURVE('',#45,#540);
#540 = DEFINITIONAL_REPRESENTATION('',(#541),#545);
#541 = CIRCLE('',#542,15.);
#542 = AXIS2_PLACEMENT_2D('',#543,#544);
#543 = CARTESIAN_POINT('',(-26.50028301685,-1.633998562003E-04));
#544 = DIRECTION('',(-0.5,0.866025403784));
#545 = ( GEOMETRIC_REPRESENTATION_CONTEXT(2) 
PARAMETRIC_REPRESENTATION_CONTEXT() REPRESENTATION_CONTEXT('2D SPACE',''
  ) );
#546 = PCURVE('',#547,#552);
#547 = CYLINDRICAL_SURFACE('',#548,15.);
#548 = AXIS2_PLACEMENT_3D('',#549,#550,#551);
#549 = CARTESIAN_POINT('',(0.,0.,-6.));
#550 = DIRECTION('',(0.,0.,1.));
#551 = DIRECTION('',(1.,0.,0.));
#552 = DEFINITIONAL_REPRESENTATION('',(#553),#557);
#553 = LINE('',#554,#555);
#554 = CARTESIAN_POINT('',(0.,0.5));
#555 = VECTOR('',#556,1.);
#556 = DIRECTION('',(1.,0.));
#557 = ( GEOMETRIC_REPRESENTATION_CONTEXT(2) 
PARAMETRIC_REPRESENTATION_CONTEXT() REPRESENTATION_CONTEXT('2D SPACE',''
  ) );
#558 = ORIENTED_EDGE('',*,*,#559,.T.);
#559 = EDGE_CURVE('',#531,#560,#562,.T.);
#560 = VERTEX_POINT('',#561);
#561 = CARTESIAN_POINT('',(13.797169811321,5.885414615605,-5.5));
#562 = SURFACE_CURVE('',#563,(#568,#575),.PCURVE_S1.);
#563 = CIRCLE('',#564,14.);
#564 = AXIS2_PLACEMENT_3D('',#565,#566,#567);
#565 = CARTESIAN_POINT('',(26.5,0.,-5.5));
#566 = DIRECTION('',(0.,0.,1.));
#567 = DIRECTION('',(-0.907345013477,-0.420386758258,0.));
#568 = PCURVE('',#45,#569);
#569 = DEFINITIONAL_REPRESENTATION('',(#570),#574);
#570 = CIRCLE('',#571,14.);
#571 = AXIS2_PLACEMENT_2D('',#572,#573);
#572 = CARTESIAN_POINT('',(-39.75028301685,22.949509800431));
#573 = DIRECTION('',(0.817738118804,-0.57559045254));
#574 = ( GEOMETRIC_REPRESENTATION_CONTEXT(2) 
PARAMETRIC_REPRESENTATION_CONTEXT() REPRESENTATION_CONTEXT('2D SPACE',''
  ) );
#575 = PCURVE('',#576,#581);
#576 = CYLINDRICAL_SURFACE('',#577,14.);
#577 = AXIS2_PLACEMENT_3D('',#578,#579,#580);
#578 = CARTESIAN_POINT('',(26.5,0.,-6.));
#579 = DIRECTION('',(0.,0.,1.));
#580 = DIRECTION('',(1.,0.,0.));
#581 = DEFINITIONAL_REPRESENTATION('',(#582),#586);
#582 = LINE('',#583,#584);
#583 = CARTESIAN_POINT('',(3.575464184286,0.5));
#584 = VECTOR('',#585,1.);
#585 = DIRECTION('',(1.,0.));
#586 = ( GEOMETRIC_REPRESENTATION_CONTEXT(2) 
PARAMETRIC_REPRESENTATION_CONTEXT() REPRESENTATION_CONTEXT('2D SPACE',''
  ) );
#587 = ORIENTED_EDGE('',*,*,#588,.T.);
#588 = EDGE_CURVE('',#560,#589,#591,.T.);
#589 = VERTEX_POINT('',#590);
#590 = CARTESIAN_POINT('',(-1.801917788498,14.891376440192,-5.5));
#591 = SURFACE_CURVE('',#592,(#597,#604),.PCURVE_S1.);
#592 = CIRCLE('',#593,15.);
#593 = AXIS2_PLACEMENT_3D('',#594,#595,#596);
#594 = CARTESIAN_POINT('',(0.,0.,-5.5));
#595 = DIRECTION('',(0.,0.,1.));
#596 = DIRECTION('',(1.,0.,0.));
#597 = PCURVE('',#45,#598);
#598 = DEFINITIONAL_REPRESENTATION('',(#599),#603);
#599 = CIRCLE('',#600,15.);
#600 = AXIS2_PLACEMENT_2D('',#601,#602);
#601 = CARTESIAN_POINT('',(-26.50028301685,-1.633998562003E-04));
#602 = DIRECTION('',(-0.5,0.866025403784));
#603 = ( GEOMETRIC_REPRESENTATION_CONTEXT(2) 
PARAMETRIC_REPRESENTATION_CONTEXT() REPRESENTATION_CONTEXT('2D SPACE',''
  ) );
#604 = PCURVE('',#605,#610);
#605 = CYLINDRICAL_SURFACE('',#606,15.);
#606 = AXIS2_PLACEMENT_3D('',#607,#608,#609);
#607 = CARTESIAN_POINT('',(0.,0.,-6.));
#608 = DIRECTION('',(0.,0.,1.));
#609 = DIRECTION('',(1.,0.,0.));
#610 = DEFINITIONAL_REPRESENTATION('',(#611),#615);
#611 = LINE('',#612,#613);
#612 = CARTESIAN_POINT('',(0.,0.5));
#613 = VECTOR('',#614,1.);
#614 = DIRECTION('',(1.,0.));
#615 = ( GEOMETRIC_REPRESENTATION_CONTEXT(2) 
PARAMETRIC_REPRESENTATION_CONTEXT() REPRESENTATION_CONTEXT('2D SPACE',''
  ) );
#616 = ORIENTED_EDGE('',*,*,#617,.T.);
#617 = EDGE_CURVE('',#589,#618,#620,.T.);
#618 = VERTEX_POINT('',#619);
#619 = CARTESIAN_POINT('',(-11.99524033557,9.00634272565,-5.5));
#620 = SURFACE_CURVE('',#621,(#626,#633),.PCURVE_S1.);
#621 = CIRCLE('',#622,14.);
#622 = AXIS2_PLACEMENT_3D('',#623,#624,#625);
#623 = CARTESIAN_POINT('',(-13.25,22.95,-5.5));
#624 = DIRECTION('',(-0.,0.,1.));
#625 = DIRECTION('',(0.817720157964,-0.575615968558,0.));
#626 = PCURVE('',#45,#627);
#627 = DEFINITIONAL_REPRESENTATION('',(#628),#632);
#628 = CIRCLE('',#629,14.);
#629 = AXIS2_PLACEMENT_2D('',#630,#631);
#630 = CARTESIAN_POINT('',(-39.7505660337,-22.95));
#631 = DIRECTION('',(8.963797261276E-02,0.995974414263));
#632 = ( GEOMETRIC_REPRESENTATION_CONTEXT(2) 
PARAMETRIC_REPRESENTATION_CONTEXT() REPRESENTATION_CONTEXT('2D SPACE',''
  ) );
#633 = PCURVE('',#634,#639);
#634 = CYLINDRICAL_SURFACE('',#635,14.);
#635 = AXIS2_PLACEMENT_3D('',#636,#637,#638);
#636 = CARTESIAN_POINT('',(-13.25,22.95,-6.));
#637 = DIRECTION('',(0.,0.,1.));
#638 = DIRECTION('',(-0.5,0.866025403784,0.));
#639 = DEFINITIONAL_REPRESENTATION('',(#640),#644);
#640 = LINE('',#641,#642);
#641 = CARTESIAN_POINT('',(3.575432980777,0.5));
#642 = VECTOR('',#643,1.);
#643 = DIRECTION('',(1.,0.));
#644 = ( GEOMETRIC_REPRESENTATION_CONTEXT(2) 
PARAMETRIC_REPRESENTATION_CONTEXT() REPRESENTATION_CONTEXT('2D SPACE',''
  ) );
#645 = ORIENTED_EDGE('',*,*,#646,.T.);
#646 = EDGE_CURVE('',#618,#498,#647,.T.);
#647 = SURFACE_CURVE('',#648,(#653,#660),.PCURVE_S1.);
#648 = CIRCLE('',#649,15.);
#649 = AXIS2_PLACEMENT_3D('',#650,#651,#652);
#650 = CARTESIAN_POINT('',(0.,0.,-5.5));
#651 = DIRECTION('',(0.,0.,1.));
#652 = DIRECTION('',(1.,0.,0.));
#653 = PCURVE('',#45,#654);
#654 = DEFINITIONAL_REPRESENTATION('',(#655),#659);
#655 = CIRCLE('',#656,15.);
#656 = AXIS2_PLACEMENT_2D('',#657,#658);
#657 = CARTESIAN_POINT('',(-26.50028301685,-1.633998562003E-04));
#658 = DIRECTION('',(-0.5,0.866025403784));
#659 = ( GEOMETRIC_REPRESENTATION_CONTEXT(2) 
PARAMETRIC_REPRESENTATION_CONTEXT() REPRESENTATION_CONTEXT('2D SPACE',''
  ) );
#660 = PCURVE('',#661,#666);
#661 = CYLINDRICAL_SURFACE('',#662,15.);
#662 = AXIS2_PLACEMENT_3D('',#663,#664,#665);
#663 = CARTESIAN_POINT('',(0.,0.,-6.));
#664 = DIRECTION('',(0.,0.,1.));
#665 = DIRECTION('',(1.,0.,0.));
#666 = DEFINITIONAL_REPRESENTATION('',(#667),#671);
#667 = LINE('',#668,#669);
#668 = CARTESIAN_POINT('',(0.,0.5));
#669 = VECTOR('',#670,1.);
#670 = DIRECTION('',(1.,0.));
#671 = ( GEOMETRIC_REPRESENTATION_CONTEXT(2) 
PARAMETRIC_REPRESENTATION_CONTEXT() REPRESENTATION_CONTEXT('2D SPACE',''
  ) );
#672 = FACE_BOUND('',#673,.T.);
#673 = EDGE_LOOP('',(#674,#705,#731,#760,#786,#815,#848,#877));
#674 = ORIENTED_EDGE('',*,*,#675,.F.);
#675 = EDGE_CURVE('',#676,#678,#680,.T.);
#676 = VERTEX_POINT('',#677);
#677 = CARTESIAN_POINT('',(-2.974691379705,17.152289477958,-5.5));
#678 = VERTEX_POINT('',#679);
#679 = CARTESIAN_POINT('',(-2.367706915659,19.417586337182,-5.5));
#680 = SURFACE_CURVE('',#681,(#686,#693),.PCURVE_S1.);
#681 = CIRCLE('',#682,1.658312395178);
#682 = AXIS2_PLACEMENT_3D('',#683,#684,#685);
#683 = CARTESIAN_POINT('',(-3.803847577293,18.588430139593,-5.5));
#684 = DIRECTION('',(0.,0.,1.));
#685 = DIRECTION('',(0.5,-0.866025403784,0.));
#686 = PCURVE('',#45,#687);
#687 = DEFINITIONAL_REPRESENTATION('',(#688),#692);
#688 = CIRCLE('',#689,1.658312395178);
#689 = AXIS2_PLACEMENT_2D('',#690,#691);
#690 = CARTESIAN_POINT('',(-40.69641194556,-12.58860710371));
#691 = DIRECTION('',(0.5,0.866025403784));
#692 = ( GEOMETRIC_REPRESENTATION_CONTEXT(2) 
PARAMETRIC_REPRESENTATION_CONTEXT() REPRESENTATION_CONTEXT('2D SPACE',''
  ) );
#693 = PCURVE('',#694,#699);
#694 = SPHERICAL_SURFACE('',#695,3.);
#695 = AXIS2_PLACEMENT_3D('',#696,#697,#698);
#696 = CARTESIAN_POINT('',(-3.803847577293,18.588430139593,-3.));
#697 = DIRECTION('',(0.,0.,1.));
#698 = DIRECTION('',(0.5,-0.866025403784,0.));
#699 = DEFINITIONAL_REPRESENTATION('',(#700),#704);
#700 = LINE('',#701,#702);
#701 = CARTESIAN_POINT('',(0.,-0.985110783338));
#702 = VECTOR('',#703,1.);
#703 = DIRECTION('',(1.,0.));
#704 = ( GEOMETRIC_REPRESENTATION_CONTEXT(2) 
PARAMETRIC_REPRESENTATION_CONTEXT() REPRESENTATION_CONTEXT('2D SPACE',''
  ) );
#705 = ORIENTED_EDGE('',*,*,#706,.T.);
#706 = EDGE_CURVE('',#676,#707,#709,.T.);
#707 = VERTEX_POINT('',#708);
#708 = CARTESIAN_POINT('',(-13.36699622511,11.152289477958,-5.5));
#709 = SURFACE_CURVE('',#710,(#714,#720),.PCURVE_S1.);
#710 = LINE('',#711,#712);
#711 = CARTESIAN_POINT('',(-0.376615168351,18.652289477958,-5.5));
#712 = VECTOR('',#713,1.);
#713 = DIRECTION('',(-0.866025403784,-0.5,0.));
#714 = PCURVE('',#45,#715);
#715 = DEFINITIONAL_REPRESENTATION('',(#716),#719);
#716 = B_SPLINE_CURVE_WITH_KNOTS('',1,(#717,#718),.UNSPECIFIED.,.F.,.F.,
  (2,2),(2.9999994,15.0000006),.PIECEWISE_BEZIER_KNOTS.);
#717 = CARTESIAN_POINT('',(-39.86725626759,-11.15246614207));
#718 = CARTESIAN_POINT('',(-29.47495038294,-17.15246674207));
#719 = ( GEOMETRIC_REPRESENTATION_CONTEXT(2) 
PARAMETRIC_REPRESENTATION_CONTEXT() REPRESENTATION_CONTEXT('2D SPACE',''
  ) );
#720 = PCURVE('',#721,#726);
#721 = CYLINDRICAL_SURFACE('',#722,3.);
#722 = AXIS2_PLACEMENT_3D('',#723,#724,#725);
#723 = CARTESIAN_POINT('',(-1.20577136594,20.088430139593,-3.));
#724 = DIRECTION('',(-0.866025403784,-0.5,0.));
#725 = DIRECTION('',(0.5,-0.866025403784,-0.));
#726 = DEFINITIONAL_REPRESENTATION('',(#727),#730);
#727 = B_SPLINE_CURVE_WITH_KNOTS('',1,(#728,#729),.UNSPECIFIED.,.F.,.F.,
  (2,2),(2.9999994,15.0000006),.PIECEWISE_BEZIER_KNOTS.);
#728 = CARTESIAN_POINT('',(-0.985110783338,2.9999994));
#729 = CARTESIAN_POINT('',(-0.985110783338,15.0000006));
#730 = ( GEOMETRIC_REPRESENTATION_CONTEXT(2) 
PARAMETRIC_REPRESENTATION_CONTEXT() REPRESENTATION_CONTEXT('2D SPACE',''
  ) );
#731 = ORIENTED_EDGE('',*,*,#732,.F.);
#732 = EDGE_CURVE('',#733,#707,#735,.T.);
#733 = VERTEX_POINT('',#734);
#734 = CARTESIAN_POINT('',(-15.63229308434,11.759273942004,-5.5));
#735 = SURFACE_CURVE('',#736,(#741,#748),.PCURVE_S1.);
#736 = CIRCLE('',#737,1.658312395178);
#737 = AXIS2_PLACEMENT_3D('',#738,#739,#740);
#738 = CARTESIAN_POINT('',(-14.1961524227,12.588430139593,-5.5));
#739 = DIRECTION('',(0.,0.,1.));
#740 = DIRECTION('',(0.5,-0.866025403784,0.));
#741 = PCURVE('',#45,#742);
#742 = DEFINITIONAL_REPRESENTATION('',(#743),#747);
#743 = CIRCLE('',#744,1.658312395178);
#744 = AXIS2_PLACEMENT_2D('',#745,#746);
#745 = CARTESIAN_POINT('',(-30.30410710015,-18.58860710371));
#746 = DIRECTION('',(0.5,0.866025403784));
#747 = ( GEOMETRIC_REPRESENTATION_CONTEXT(2) 
PARAMETRIC_REPRESENTATION_CONTEXT() REPRESENTATION_CONTEXT('2D SPACE',''
  ) );
#748 = PCURVE('',#749,#754);
#749 = SPHERICAL_SURFACE('',#750,3.);
#750 = AXIS2_PLACEMENT_3D('',#751,#752,#753);
#751 = CARTESIAN_POINT('',(-14.1961524227,12.588430139593,-3.));
#752 = DIRECTION('',(0.,0.,1.));
#753 = DIRECTION('',(0.5,-0.866025403784,0.));
#754 = DEFINITIONAL_REPRESENTATION('',(#755),#759);
#755 = LINE('',#756,#757);
#756 = CARTESIAN_POINT('',(-6.28318530718,-0.985110783338));
#757 = VECTOR('',#758,1.);
#758 = DIRECTION('',(1.,-0.));
#759 = ( GEOMETRIC_REPRESENTATION_CONTEXT(2) 
PARAMETRIC_REPRESENTATION_CONTEXT() REPRESENTATION_CONTEXT('2D SPACE',''
  ) );
#760 = ORIENTED_EDGE('',*,*,#761,.T.);
#761 = EDGE_CURVE('',#733,#762,#764,.T.);
#762 = VERTEX_POINT('',#763);
#763 = CARTESIAN_POINT('',(-18.38229308434,16.522413662818,-5.5));
#764 = SURFACE_CURVE('',#765,(#769,#775),.PCURVE_S1.);
#765 = LINE('',#766,#767);
#766 = CARTESIAN_POINT('',(-14.13229308434,9.161197730651,-5.5));
#767 = VECTOR('',#768,1.);
#768 = DIRECTION('',(-0.5,0.866025403784,0.));
#769 = PCURVE('',#45,#770);
#770 = DEFINITIONAL_REPRESENTATION('',(#771),#774);
#771 = B_SPLINE_CURVE_WITH_KNOTS('',1,(#772,#773),.UNSPECIFIED.,.F.,.F.,
  (2,2),(2.9999994,8.5000006),.PIECEWISE_BEZIER_KNOTS.);
#772 = CARTESIAN_POINT('',(-28.86796613851,-19.41776278168));
#773 = CARTESIAN_POINT('',(-31.61796673851,-24.18090354173));
#774 = ( GEOMETRIC_REPRESENTATION_CONTEXT(2) 
PARAMETRIC_REPRESENTATION_CONTEXT() REPRESENTATION_CONTEXT('2D SPACE',''
  ) );
#775 = PCURVE('',#776,#781);
#776 = CYLINDRICAL_SURFACE('',#777,3.);
#777 = AXIS2_PLACEMENT_3D('',#778,#779,#780);
#778 = CARTESIAN_POINT('',(-12.6961524227,9.990353928239,-3.));
#779 = DIRECTION('',(-0.5,0.866025403784,0.));
#780 = DIRECTION('',(-0.866025403784,-0.5,0.));
#781 = DEFINITIONAL_REPRESENTATION('',(#782),#785);
#782 = B_SPLINE_CURVE_WITH_KNOTS('',1,(#783,#784),.UNSPECIFIED.,.F.,.F.,
  (2,2),(2.9999994,8.5000006),.PIECEWISE_BEZIER_KNOTS.);
#783 = CARTESIAN_POINT('',(-0.985110783338,2.9999994));
#784 = CARTESIAN_POINT('',(-0.985110783338,8.5000006));
#785 = ( GEOMETRIC_REPRESENTATION_CONTEXT(2) 
PARAMETRIC_REPRESENTATION_CONTEXT() REPRESENTATION_CONTEXT('2D SPACE',''
  ) );
#786 = ORIENTED_EDGE('',*,*,#787,.F.);
#787 = EDGE_CURVE('',#788,#762,#790,.T.);
#788 = VERTEX_POINT('',#789);
#789 = CARTESIAN_POINT('',(-18.37905677636,18.186306413625,-5.5));
#790 = SURFACE_CURVE('',#791,(#796,#803),.PCURVE_S1.);
#791 = CIRCLE('',#792,1.658312395178);
#792 = AXIS2_PLACEMENT_3D('',#793,#794,#795);
#793 = CARTESIAN_POINT('',(-16.9461524227,17.351569860407,-5.5));
#794 = DIRECTION('',(0.,0.,1.));
#795 = DIRECTION('',(-0.5,0.866025403784,0.));
#796 = PCURVE('',#45,#797);
#797 = DEFINITIONAL_REPRESENTATION('',(#798),#802);
#798 = CIRCLE('',#799,1.658312395178);
#799 = AXIS2_PLACEMENT_2D('',#800,#801);
#800 = CARTESIAN_POINT('',(-33.05410710015,-23.35174682452));
#801 = DIRECTION('',(-0.5,-0.866025403784));
#802 = ( GEOMETRIC_REPRESENTATION_CONTEXT(2) 
PARAMETRIC_REPRESENTATION_CONTEXT() REPRESENTATION_CONTEXT('2D SPACE',''
  ) );
#803 = PCURVE('',#804,#809);
#804 = SPHERICAL_SURFACE('',#805,3.);
#805 = AXIS2_PLACEMENT_3D('',#806,#807,#808);
#806 = CARTESIAN_POINT('',(-16.9461524227,17.351569860407,-3.));
#807 = DIRECTION('',(0.,0.,1.));
#808 = DIRECTION('',(-0.5,0.866025403784,0.));
#809 = DEFINITIONAL_REPRESENTATION('',(#810),#814);
#810 = LINE('',#811,#812);
#811 = CARTESIAN_POINT('',(0.,-0.985110783338));
#812 = VECTOR('',#813,1.);
#813 = DIRECTION('',(1.,0.));
#814 = ( GEOMETRIC_REPRESENTATION_CONTEXT(2) 
PARAMETRIC_REPRESENTATION_CONTEXT() REPRESENTATION_CONTEXT('2D SPACE',''
  ) );
#815 = ORIENTED_EDGE('',*,*,#816,.T.);
#816 = EDGE_CURVE('',#788,#817,#819,.T.);
#817 = VERTEX_POINT('',#818);
#818 = CARTESIAN_POINT('',(-6.559937880189,25.009871071952,-5.5));
#819 = SURFACE_CURVE('',#820,(#825,#836),.PCURVE_S1.);
#820 = CIRCLE('',#821,7.);
#821 = AXIS2_PLACEMENT_3D('',#822,#823,#824);
#822 = CARTESIAN_POINT('',(-13.25,22.95,-5.5));
#823 = DIRECTION('',(-0.,0.,-1.));
#824 = DIRECTION('',(-0.732722396623,-0.680527655196,0.));
#825 = PCURVE('',#45,#826);
#826 = DEFINITIONAL_REPRESENTATION('',(#827),#835);
#827 = ( BOUNDED_CURVE() B_SPLINE_CURVE(2,(#828,#829,#830,#831,#832,#833
,#834),.UNSPECIFIED.,.T.,.F.) B_SPLINE_CURVE_WITH_KNOTS((1,2,2,2,2,1),(
    -2.094395102393,0.,2.094395102393,4.188790204786,6.28318530718,
8.377580409573),.UNSPECIFIED.) CURVE() GEOMETRIC_REPRESENTATION_ITEM() 
RATIONAL_B_SPLINE_CURVE((1.,0.5,1.,0.5,1.,0.5,1.)) REPRESENTATION_ITEM(
  '') );
#828 = CARTESIAN_POINT('',(-33.06055798388,-25.01004667259));
#829 = CARTESIAN_POINT('',(-36.62866348677,-36.59748051793));
#830 = CARTESIAN_POINT('',(-44.87962281006,-27.71369358637));
#831 = CARTESIAN_POINT('',(-53.13058213335,-18.82990665481));
#832 = CARTESIAN_POINT('',(-41.31151730717,-16.12625974103));
#833 = CARTESIAN_POINT('',(-29.49245248098,-13.42261282725));
#834 = CARTESIAN_POINT('',(-33.06055798388,-25.01004667259));
#835 = ( GEOMETRIC_REPRESENTATION_CONTEXT(2) 
PARAMETRIC_REPRESENTATION_CONTEXT() REPRESENTATION_CONTEXT('2D SPACE',''
  ) );
#836 = PCURVE('',#837,#842);
#837 = CYLINDRICAL_SURFACE('',#838,7.);
#838 = AXIS2_PLACEMENT_3D('',#839,#840,#841);
#839 = CARTESIAN_POINT('',(-13.25,22.95,-5.5));
#840 = DIRECTION('',(0.,0.,1.));
#841 = DIRECTION('',(-0.5,0.866025403784,0.));
#842 = DEFINITIONAL_REPRESENTATION('',(#843),#847);
#843 = LINE('',#844,#845);
#844 = CARTESIAN_POINT('',(8.078865382186,0.));
#845 = VECTOR('',#846,1.);
#846 = DIRECTION('',(-1.,-0.));
#847 = ( GEOMETRIC_REPRESENTATION_CONTEXT(2) 
PARAMETRIC_REPRESENTATION_CONTEXT() REPRESENTATION_CONTEXT('2D SPACE',''
  ) );
#848 = ORIENTED_EDGE('',*,*,#849,.F.);
#849 = EDGE_CURVE('',#850,#817,#852,.T.);
#850 = VERTEX_POINT('',#851);
#851 = CARTESIAN_POINT('',(-5.117706915659,24.180726057996,-5.5));
#852 = SURFACE_CURVE('',#853,(#858,#865),.PCURVE_S1.);
#853 = CIRCLE('',#854,1.658312395178);
#854 = AXIS2_PLACEMENT_3D('',#855,#856,#857);
#855 = CARTESIAN_POINT('',(-6.553847577293,23.351569860407,-5.5));
#856 = DIRECTION('',(0.,0.,1.));
#857 = DIRECTION('',(-0.5,0.866025403784,0.));
#858 = PCURVE('',#45,#859);
#859 = DEFINITIONAL_REPRESENTATION('',(#860),#864);
#860 = CIRCLE('',#861,1.658312395178);
#861 = AXIS2_PLACEMENT_2D('',#862,#863);
#862 = CARTESIAN_POINT('',(-43.44641194556,-17.35174682452));
#863 = DIRECTION('',(-0.5,-0.866025403784));
#864 = ( GEOMETRIC_REPRESENTATION_CONTEXT(2) 
PARAMETRIC_REPRESENTATION_CONTEXT() REPRESENTATION_CONTEXT('2D SPACE',''
  ) );
#865 = PCURVE('',#866,#871);
#866 = SPHERICAL_SURFACE('',#867,3.);
#867 = AXIS2_PLACEMENT_3D('',#868,#869,#870);
#868 = CARTESIAN_POINT('',(-6.553847577293,23.351569860407,-3.));
#869 = DIRECTION('',(0.,0.,1.));
#870 = DIRECTION('',(-0.5,0.866025403784,0.));
#871 = DEFINITIONAL_REPRESENTATION('',(#872),#876);
#872 = LINE('',#873,#874);
#873 = CARTESIAN_POINT('',(-6.28318530718,-0.985110783338));
#874 = VECTOR('',#875,1.);
#875 = DIRECTION('',(1.,-0.));
#876 = ( GEOMETRIC_REPRESENTATION_CONTEXT(2) 
PARAMETRIC_REPRESENTATION_CONTEXT() REPRESENTATION_CONTEXT('2D SPACE',''
  ) );
#877 = ORIENTED_EDGE('',*,*,#878,.F.);
#878 = EDGE_CURVE('',#678,#850,#879,.T.);
#879 = SURFACE_CURVE('',#880,(#884,#890),.PCURVE_S1.);
#880 = LINE('',#881,#882);
#881 = CARTESIAN_POINT('',(-0.867706915659,16.819510125828,-5.5));
#882 = VECTOR('',#883,1.);
#883 = DIRECTION('',(-0.5,0.866025403784,0.));
#884 = PCURVE('',#45,#885);
#885 = DEFINITIONAL_REPRESENTATION('',(#886),#889);
#886 = B_SPLINE_CURVE_WITH_KNOTS('',1,(#887,#888),.UNSPECIFIED.,.F.,.F.,
  (2,2),(2.9999994,8.5000006),.PIECEWISE_BEZIER_KNOTS.);
#887 = CARTESIAN_POINT('',(-42.1325523072,-11.7594503865));
#888 = CARTESIAN_POINT('',(-44.8825529072,-16.52259114655));
#889 = ( GEOMETRIC_REPRESENTATION_CONTEXT(2) 
PARAMETRIC_REPRESENTATION_CONTEXT() REPRESENTATION_CONTEXT('2D SPACE',''
  ) );
#890 = PCURVE('',#891,#896);
#891 = CYLINDRICAL_SURFACE('',#892,3.);
#892 = AXIS2_PLACEMENT_3D('',#893,#894,#895);
#893 = CARTESIAN_POINT('',(-2.303847577293,15.990353928239,-3.));
#894 = DIRECTION('',(-0.5,0.866025403784,0.));
#895 = DIRECTION('',(0.866025403784,0.5,-0.));
#896 = DEFINITIONAL_REPRESENTATION('',(#897),#900);
#897 = B_SPLINE_CURVE_WITH_KNOTS('',1,(#898,#899),.UNSPECIFIED.,.F.,.F.,
  (2,2),(2.9999994,8.5000006),.PIECEWISE_BEZIER_KNOTS.);
#898 = CARTESIAN_POINT('',(0.985110783338,2.9999994));
#899 = CARTESIAN_POINT('',(0.985110783338,8.5000006));
#900 = ( GEOMETRIC_REPRESENTATION_CONTEXT(2) 
PARAMETRIC_REPRESENTATION_CONTEXT() REPRESENTATION_CONTEXT('2D SPACE',''
  ) );
#901 = FACE_BOUND('',#902,.T.);
#902 = EDGE_LOOP('',(#903));
#903 = ORIENTED_EDGE('',*,*,#904,.F.);
#904 = EDGE_CURVE('',#905,#905,#907,.T.);
#905 = VERTEX_POINT('',#906);
#906 = CARTESIAN_POINT('',(7.,-1.714505518806E-15,-5.5));
#907 = SURFACE_CURVE('',#908,(#913,#920),.PCURVE_S1.);
#908 = CIRCLE('',#909,7.);
#909 = AXIS2_PLACEMENT_3D('',#910,#911,#912);
#910 = CARTESIAN_POINT('',(0.,0.,-5.5));
#911 = DIRECTION('',(0.,0.,1.));
#912 = DIRECTION('',(1.,0.,0.));
#913 = PCURVE('',#45,#914);
#914 = DEFINITIONAL_REPRESENTATION('',(#915),#919);
#915 = CIRCLE('',#916,7.);
#916 = AXIS2_PLACEMENT_2D('',#917,#918);
#917 = CARTESIAN_POINT('',(-26.50028301685,-1.633998562003E-04));
#918 = DIRECTION('',(-0.5,0.866025403784));
#919 = ( GEOMETRIC_REPRESENTATION_CONTEXT(2) 
PARAMETRIC_REPRESENTATION_CONTEXT() REPRESENTATION_CONTEXT('2D SPACE',''
  ) );
#920 = PCURVE('',#921,#926);
#921 = CYLINDRICAL_SURFACE('',#922,7.);
#922 = AXIS2_PLACEMENT_3D('',#923,#924,#925);
#923 = CARTESIAN_POINT('',(0.,0.,-5.5));
#924 = DIRECTION('',(0.,0.,1.));
#925 = DIRECTION('',(1.,0.,0.));
#926 = DEFINITIONAL_REPRESENTATION('',(#927),#931);
#927 = LINE('',#928,#929);
#928 = CARTESIAN_POINT('',(0.,0.));
#929 = VECTOR('',#930,1.);
#930 = DIRECTION('',(1.,0.));
#931 = ( GEOMETRIC_REPRESENTATION_CONTEXT(2) 
PARAMETRIC_REPRESENTATION_CONTEXT() REPRESENTATION_CONTEXT('2D SPACE',''
  ) );
#932 = FACE_BOUND('',#933,.T.);
#933 = EDGE_LOOP('',(#934,#965,#991,#1020,#1046,#1075,#1108,#1137));
#934 = ORIENTED_EDGE('',*,*,#935,.F.);
#935 = EDGE_CURVE('',#936,#938,#940,.T.);
#936 = VERTEX_POINT('',#937);
#937 = CARTESIAN_POINT('',(16.341687604822,-6.,-5.5));
#938 = VERTEX_POINT('',#939);
#939 = CARTESIAN_POINT('',(18.,-7.658312395178,-5.5));
#940 = SURFACE_CURVE('',#941,(#946,#953),.PCURVE_S1.);
#941 = CIRCLE('',#942,1.658312395178);
#942 = AXIS2_PLACEMENT_3D('',#943,#944,#945);
#943 = CARTESIAN_POINT('',(18.,-6.,-5.5));
#944 = DIRECTION('',(0.,0.,1.));
#945 = DIRECTION('',(-1.,0.,0.));
#946 = PCURVE('',#45,#947);
#947 = DEFINITIONAL_REPRESENTATION('',(#948),#952);
#948 = CIRCLE('',#949,1.658312395178);
#949 = AXIS2_PLACEMENT_2D('',#950,#951);
#950 = CARTESIAN_POINT('',(-30.30413059414,18.588293868264));
#951 = DIRECTION('',(0.5,-0.866025403784));
#952 = ( GEOMETRIC_REPRESENTATION_CONTEXT(2) 
PARAMETRIC_REPRESENTATION_CONTEXT() REPRESENTATION_CONTEXT('2D SPACE',''
  ) );
#953 = PCURVE('',#954,#959);
#954 = SPHERICAL_SURFACE('',#955,3.);
#955 = AXIS2_PLACEMENT_3D('',#956,#957,#958);
#956 = CARTESIAN_POINT('',(18.,-6.,-3.));
#957 = DIRECTION('',(0.,0.,1.));
#958 = DIRECTION('',(-1.,0.,0.));
#959 = DEFINITIONAL_REPRESENTATION('',(#960),#964);
#960 = LINE('',#961,#962);
#961 = CARTESIAN_POINT('',(0.,-0.985110783338));
#962 = VECTOR('',#963,1.);
#963 = DIRECTION('',(1.,0.));
#964 = ( GEOMETRIC_REPRESENTATION_CONTEXT(2) 
PARAMETRIC_REPRESENTATION_CONTEXT() REPRESENTATION_CONTEXT('2D SPACE',''
  ) );
#965 = ORIENTED_EDGE('',*,*,#966,.T.);
#966 = EDGE_CURVE('',#936,#967,#969,.T.);
#967 = VERTEX_POINT('',#968);
#968 = CARTESIAN_POINT('',(16.341687604822,6.,-5.5));
#969 = SURFACE_CURVE('',#970,(#974,#980),.PCURVE_S1.);
#970 = LINE('',#971,#972);
#971 = CARTESIAN_POINT('',(16.341687604822,-9.,-5.5));
#972 = VECTOR('',#973,1.);
#973 = DIRECTION('',(0.,1.,0.));
#974 = PCURVE('',#45,#975);
#975 = DEFINITIONAL_REPRESENTATION('',(#976),#979);
#976 = B_SPLINE_CURVE_WITH_KNOTS('',1,(#977,#978),.UNSPECIFIED.,.F.,.F.,
  (2,2),(2.9999994,15.0000006),.PIECEWISE_BEZIER_KNOTS.);
#977 = CARTESIAN_POINT('',(-29.47497387694,17.152153506629));
#978 = CARTESIAN_POINT('',(-39.86727976158,11.152152906629));
#979 = ( GEOMETRIC_REPRESENTATION_CONTEXT(2) 
PARAMETRIC_REPRESENTATION_CONTEXT() REPRESENTATION_CONTEXT('2D SPACE',''
  ) );
#980 = PCURVE('',#981,#986);
#981 = CYLINDRICAL_SURFACE('',#982,3.);
#982 = AXIS2_PLACEMENT_3D('',#983,#984,#985);
#983 = CARTESIAN_POINT('',(18.,-9.,-3.));
#984 = DIRECTION('',(0.,1.,0.));
#985 = DIRECTION('',(-1.,0.,0.));
#986 = DEFINITIONAL_REPRESENTATION('',(#987),#990);
#987 = B_SPLINE_CURVE_WITH_KNOTS('',1,(#988,#989),.UNSPECIFIED.,.F.,.F.,
  (2,2),(2.9999994,15.0000006),.PIECEWISE_BEZIER_KNOTS.);
#988 = CARTESIAN_POINT('',(-0.985110783338,2.9999994));
#989 = CARTESIAN_POINT('',(-0.985110783338,15.0000006));
#990 = ( GEOMETRIC_REPRESENTATION_CONTEXT(2) 
PARAMETRIC_REPRESENTATION_CONTEXT() REPRESENTATION_CONTEXT('2D SPACE',''
  ) );
#991 = ORIENTED_EDGE('',*,*,#992,.F.);
#992 = EDGE_CURVE('',#993,#967,#995,.T.);
#993 = VERTEX_POINT('',#994);
#994 = CARTESIAN_POINT('',(18.,7.658312395178,-5.5));
#995 = SURFACE_CURVE('',#996,(#1001,#1008),.PCURVE_S1.);
#996 = CIRCLE('',#997,1.658312395178);
#997 = AXIS2_PLACEMENT_3D('',#998,#999,#1000);
#998 = CARTESIAN_POINT('',(18.,6.,-5.5));
#999 = DIRECTION('',(0.,0.,1.));
#1000 = DIRECTION('',(-1.,0.,0.));
#1001 = PCURVE('',#45,#1002);
#1002 = DEFINITIONAL_REPRESENTATION('',(#1003),#1007);
#1003 = CIRCLE('',#1004,1.658312395178);
#1004 = AXIS2_PLACEMENT_2D('',#1005,#1006);
#1005 = CARTESIAN_POINT('',(-40.69643543956,12.588293868264));
#1006 = DIRECTION('',(0.5,-0.866025403784));
#1007 = ( GEOMETRIC_REPRESENTATION_CONTEXT(2) 
PARAMETRIC_REPRESENTATION_CONTEXT() REPRESENTATION_CONTEXT('2D SPACE',''
  ) );
#1008 = PCURVE('',#1009,#1014);
#1009 = SPHERICAL_SURFACE('',#1010,3.);
#1010 = AXIS2_PLACEMENT_3D('',#1011,#1012,#1013);
#1011 = CARTESIAN_POINT('',(18.,6.,-3.));
#1012 = DIRECTION('',(0.,0.,1.));
#1013 = DIRECTION('',(-1.,0.,0.));
#1014 = DEFINITIONAL_REPRESENTATION('',(#1015),#1019);
#1015 = LINE('',#1016,#1017);
#1016 = CARTESIAN_POINT('',(-6.28318530718,-0.985110783338));
#1017 = VECTOR('',#1018,1.);
#1018 = DIRECTION('',(1.,-0.));
#1019 = ( GEOMETRIC_REPRESENTATION_CONTEXT(2) 
PARAMETRIC_REPRESENTATION_CONTEXT() REPRESENTATION_CONTEXT('2D SPACE',''
  ) );
#1020 = ORIENTED_EDGE('',*,*,#1021,.T.);
#1021 = EDGE_CURVE('',#993,#1022,#1024,.T.);
#1022 = VERTEX_POINT('',#1023);
#1023 = CARTESIAN_POINT('',(23.5,7.658312395178,-5.5));
#1024 = SURFACE_CURVE('',#1025,(#1029,#1035),.PCURVE_S1.);
#1025 = LINE('',#1026,#1027);
#1026 = CARTESIAN_POINT('',(15.,7.658312395178,-5.5));
#1027 = VECTOR('',#1028,1.);
#1028 = DIRECTION('',(1.,0.,0.));
#1029 = PCURVE('',#45,#1030);
#1030 = DEFINITIONAL_REPRESENTATION('',(#1031),#1034);
#1031 = B_SPLINE_CURVE_WITH_KNOTS('',1,(#1032,#1033),.UNSPECIFIED.,.F.,
  .F.,(2,2),(2.9999994,8.5000006),.PIECEWISE_BEZIER_KNOTS.);
#1032 = CARTESIAN_POINT('',(-42.13257580119,11.75913715106));
#1033 = CARTESIAN_POINT('',(-44.88257640119,16.522277911104));
#1034 = ( GEOMETRIC_REPRESENTATION_CONTEXT(2) 
PARAMETRIC_REPRESENTATION_CONTEXT() REPRESENTATION_CONTEXT('2D SPACE',''
  ) );
#1035 = PCURVE('',#1036,#1041);
#1036 = CYLINDRICAL_SURFACE('',#1037,3.);
#1037 = AXIS2_PLACEMENT_3D('',#1038,#1039,#1040);
#1038 = CARTESIAN_POINT('',(15.,6.,-3.));
#1039 = DIRECTION('',(1.,0.,0.));
#1040 = DIRECTION('',(-0.,1.,0.));
#1041 = DEFINITIONAL_REPRESENTATION('',(#1042),#1045);
#1042 = B_SPLINE_CURVE_WITH_KNOTS('',1,(#1043,#1044),.UNSPECIFIED.,.F.,
  .F.,(2,2),(2.9999994,8.5000006),.PIECEWISE_BEZIER_KNOTS.);
#1043 = CARTESIAN_POINT('',(-0.985110783338,2.9999994));
#1044 = CARTESIAN_POINT('',(-0.985110783338,8.5000006));
#1045 = ( GEOMETRIC_REPRESENTATION_CONTEXT(2) 
PARAMETRIC_REPRESENTATION_CONTEXT() REPRESENTATION_CONTEXT('2D SPACE',''
  ) );
#1046 = ORIENTED_EDGE('',*,*,#1047,.F.);
#1047 = EDGE_CURVE('',#1048,#1022,#1050,.T.);
#1048 = VERTEX_POINT('',#1049);
#1049 = CARTESIAN_POINT('',(24.939230208729,6.823781771031,-5.5));
#1050 = SURFACE_CURVE('',#1051,(#1056,#1063),.PCURVE_S1.);
#1051 = CIRCLE('',#1052,1.658312395178);
#1052 = AXIS2_PLACEMENT_3D('',#1053,#1054,#1055);
#1053 = CARTESIAN_POINT('',(23.5,6.,-5.5));
#1054 = DIRECTION('',(0.,0.,1.));
#1055 = DIRECTION('',(1.,0.,-0.));
#1056 = PCURVE('',#45,#1057);
#1057 = DEFINITIONAL_REPRESENTATION('',(#1058),#1062);
#1058 = CIRCLE('',#1059,1.658312395178);
#1059 = AXIS2_PLACEMENT_2D('',#1060,#1061);
#1060 = CARTESIAN_POINT('',(-43.44643543956,17.351433589078));
#1061 = DIRECTION('',(-0.5,0.866025403784));
#1062 = ( GEOMETRIC_REPRESENTATION_CONTEXT(2) 
PARAMETRIC_REPRESENTATION_CONTEXT() REPRESENTATION_CONTEXT('2D SPACE',''
  ) );
#1063 = PCURVE('',#1064,#1069);
#1064 = SPHERICAL_SURFACE('',#1065,3.);
#1065 = AXIS2_PLACEMENT_3D('',#1066,#1067,#1068);
#1066 = CARTESIAN_POINT('',(23.5,6.,-3.));
#1067 = DIRECTION('',(0.,0.,1.));
#1068 = DIRECTION('',(1.,0.,-0.));
#1069 = DEFINITIONAL_REPRESENTATION('',(#1070),#1074);
#1070 = LINE('',#1071,#1072);
#1071 = CARTESIAN_POINT('',(0.,-0.985110783338));
#1072 = VECTOR('',#1073,1.);
#1073 = DIRECTION('',(1.,0.));
#1074 = ( GEOMETRIC_REPRESENTATION_CONTEXT(2) 
PARAMETRIC_REPRESENTATION_CONTEXT() REPRESENTATION_CONTEXT('2D SPACE',''
  ) );
#1075 = ORIENTED_EDGE('',*,*,#1076,.T.);
#1076 = EDGE_CURVE('',#1048,#1077,#1079,.T.);
#1077 = VERTEX_POINT('',#1078);
#1078 = CARTESIAN_POINT('',(24.939230208729,-6.823781771031,-5.5));
#1079 = SURFACE_CURVE('',#1080,(#1085,#1096),.PCURVE_S1.);
#1080 = CIRCLE('',#1081,7.);
#1081 = AXIS2_PLACEMENT_3D('',#1082,#1083,#1084);
#1082 = CARTESIAN_POINT('',(26.5,0.,-5.5));
#1083 = DIRECTION('',(0.,0.,-1.));
#1084 = DIRECTION('',(-0.222967113039,0.97482596729,0.));
#1085 = PCURVE('',#45,#1086);
#1086 = DEFINITIONAL_REPRESENTATION('',(#1087),#1095);
#1087 = ( BOUNDED_CURVE() B_SPLINE_CURVE(2,(#1088,#1089,#1090,#1091,
#1092,#1093,#1094),.UNSPECIFIED.,.T.,.F.) B_SPLINE_CURVE_WITH_KNOTS((1,2
    ,2,2,2,1),(-2.094395102393,0.,2.094395102393,4.188790204786,
6.28318530718,8.377580409573),.UNSPECIFIED.) CURVE() 
GEOMETRIC_REPRESENTATION_ITEM() RATIONAL_B_SPLINE_CURVE((1.,0.5,1.,0.5,
1.,0.5,1.)) REPRESENTATION_ITEM('') );
#1088 = CARTESIAN_POINT('',(-44.87946648481,18.185952626215));
#1089 = CARTESIAN_POINT('',(-53.13018953531,27.069958994061));
#1090 = CARTESIAN_POINT('',(-41.31105280812,29.773291571462));
#1091 = CARTESIAN_POINT('',(-29.49191608093,32.476624148863));
#1092 = CARTESIAN_POINT('',(-33.06032975762,20.889285203616));
#1093 = CARTESIAN_POINT('',(-36.62874343431,9.30194625837));
#1094 = CARTESIAN_POINT('',(-44.87946648481,18.185952626215));
#1095 = ( GEOMETRIC_REPRESENTATION_CONTEXT(2) 
PARAMETRIC_REPRESENTATION_CONTEXT() REPRESENTATION_CONTEXT('2D SPACE',''
  ) );
#1096 = PCURVE('',#1097,#1102);
#1097 = CYLINDRICAL_SURFACE('',#1098,7.);
#1098 = AXIS2_PLACEMENT_3D('',#1099,#1100,#1101);
#1099 = CARTESIAN_POINT('',(26.5,0.,-5.5));
#1100 = DIRECTION('',(0.,0.,1.));
#1101 = DIRECTION('',(1.,0.,0.));
#1102 = DEFINITIONAL_REPRESENTATION('',(#1103),#1107);
#1103 = LINE('',#1104,#1105);
#1104 = CARTESIAN_POINT('',(8.078838786561,0.));
#1105 = VECTOR('',#1106,1.);
#1106 = DIRECTION('',(-1.,-0.));
#1107 = ( GEOMETRIC_REPRESENTATION_CONTEXT(2) 
PARAMETRIC_REPRESENTATION_CONTEXT() REPRESENTATION_CONTEXT('2D SPACE',''
  ) );
#1108 = ORIENTED_EDGE('',*,*,#1109,.F.);
#1109 = EDGE_CURVE('',#1110,#1077,#1112,.T.);
#1110 = VERTEX_POINT('',#1111);
#1111 = CARTESIAN_POINT('',(23.5,-7.658312395178,-5.5));
#1112 = SURFACE_CURVE('',#1113,(#1118,#1125),.PCURVE_S1.);
#1113 = CIRCLE('',#1114,1.658312395178);
#1114 = AXIS2_PLACEMENT_3D('',#1115,#1116,#1117);
#1115 = CARTESIAN_POINT('',(23.5,-6.,-5.5));
#1116 = DIRECTION('',(0.,0.,1.));
#1117 = DIRECTION('',(1.,0.,-0.));
#1118 = PCURVE('',#45,#1119);
#1119 = DEFINITIONAL_REPRESENTATION('',(#1120),#1124);
#1120 = CIRCLE('',#1121,1.658312395178);
#1121 = AXIS2_PLACEMENT_2D('',#1122,#1123);
#1122 = CARTESIAN_POINT('',(-33.05413059414,23.351433589078));
#1123 = DIRECTION('',(-0.5,0.866025403784));
#1124 = ( GEOMETRIC_REPRESENTATION_CONTEXT(2) 
PARAMETRIC_REPRESENTATION_CONTEXT() REPRESENTATION_CONTEXT('2D SPACE',''
  ) );
#1125 = PCURVE('',#1126,#1131);
#1126 = SPHERICAL_SURFACE('',#1127,3.);
#1127 = AXIS2_PLACEMENT_3D('',#1128,#1129,#1130);
#1128 = CARTESIAN_POINT('',(23.5,-6.,-3.));
#1129 = DIRECTION('',(0.,0.,1.));
#1130 = DIRECTION('',(1.,0.,-0.));
#1131 = DEFINITIONAL_REPRESENTATION('',(#1132),#1136);
#1132 = LINE('',#1133,#1134);
#1133 = CARTESIAN_POINT('',(-6.28318530718,-0.985110783338));
#1134 = VECTOR('',#1135,1.);
#1135 = DIRECTION('',(1.,-0.));
#1136 = ( GEOMETRIC_REPRESENTATION_CONTEXT(2) 
PARAMETRIC_REPRESENTATION_CONTEXT() REPRESENTATION_CONTEXT('2D SPACE',''
  ) );
#1137 = ORIENTED_EDGE('',*,*,#1138,.F.);
#1138 = EDGE_CURVE('',#938,#1110,#1139,.T.);
#1139 = SURFACE_CURVE('',#1140,(#1144,#1150),.PCURVE_S1.);
#1140 = LINE('',#1141,#1142);
#1141 = CARTESIAN_POINT('',(15.,-7.658312395178,-5.5));
#1142 = VECTOR('',#1143,1.);
#1143 = DIRECTION('',(1.,0.,0.));
#1144 = PCURVE('',#45,#1145);
#1145 = DEFINITIONAL_REPRESENTATION('',(#1146),#1149);
#1146 = B_SPLINE_CURVE_WITH_KNOTS('',1,(#1147,#1148),.UNSPECIFIED.,.F.,
  .F.,(2,2),(2.9999994,8.5000006),.PIECEWISE_BEZIER_KNOTS.);
#1147 = CARTESIAN_POINT('',(-28.86798963251,19.417449546237));
#1148 = CARTESIAN_POINT('',(-31.61799023251,24.180590306282));
#1149 = ( GEOMETRIC_REPRESENTATION_CONTEXT(2) 
PARAMETRIC_REPRESENTATION_CONTEXT() REPRESENTATION_CONTEXT('2D SPACE',''
  ) );
#1150 = PCURVE('',#1151,#1156);
#1151 = CYLINDRICAL_SURFACE('',#1152,3.);
#1152 = AXIS2_PLACEMENT_3D('',#1153,#1154,#1155);
#1153 = CARTESIAN_POINT('',(15.,-6.,-3.));
#1154 = DIRECTION('',(1.,0.,0.));
#1155 = DIRECTION('',(0.,-1.,0.));
#1156 = DEFINITIONAL_REPRESENTATION('',(#1157),#1160);
#1157 = B_SPLINE_CURVE_WITH_KNOTS('',1,(#1158,#1159),.UNSPECIFIED.,.F.,
  .F.,(2,2),(2.9999994,8.5000006),.PIECEWISE_BEZIER_KNOTS.);
#1158 = CARTESIAN_POINT('',(0.985110783338,2.9999994));
#1159 = CARTESIAN_POINT('',(0.985110783338,8.5000006));
#1160 = ( GEOMETRIC_REPRESENTATION_CONTEXT(2) 
PARAMETRIC_REPRESENTATION_CONTEXT() REPRESENTATION_CONTEXT('2D SPACE',''
  ) );
#1161 = FACE_BOUND('',#1162,.T.);
#1162 = EDGE_LOOP('',(#1163,#1194,#1220,#1249,#1275,#1297,#1298,#1322));
#1163 = ORIENTED_EDGE('',*,*,#1164,.F.);
#1164 = EDGE_CURVE('',#1165,#1167,#1169,.T.);
#1165 = VERTEX_POINT('',#1166);
#1166 = CARTESIAN_POINT('',(-13.36699622511,-11.15228947795,-5.5));
#1167 = VERTEX_POINT('',#1168);
#1168 = CARTESIAN_POINT('',(-15.63229308434,-11.759273942,-5.5));
#1169 = SURFACE_CURVE('',#1170,(#1175,#1182),.PCURVE_S1.);
#1170 = CIRCLE('',#1171,1.658312395178);
#1171 = AXIS2_PLACEMENT_3D('',#1172,#1173,#1174);
#1172 = CARTESIAN_POINT('',(-14.1961524227,-12.58843013959,-5.5));
#1173 = DIRECTION('',(0.,0.,1.));
#1174 = DIRECTION('',(0.5,0.866025403784,-0.));
#1175 = PCURVE('',#45,#1176);
#1176 = DEFINITIONAL_REPRESENTATION('',(#1177),#1181);
#1177 = CIRCLE('',#1178,1.658312395178);
#1178 = AXIS2_PLACEMENT_2D('',#1179,#1180);
#1179 = CARTESIAN_POINT('',(-8.500306510847,-6.00017696412));
#1180 = DIRECTION('',(-1.,-4.996003610813E-16));
#1181 = ( GEOMETRIC_REPRESENTATION_CONTEXT(2) 
PARAMETRIC_REPRESENTATION_CONTEXT() REPRESENTATION_CONTEXT('2D SPACE',''
  ) );
#1182 = PCURVE('',#1183,#1188);
#1183 = SPHERICAL_SURFACE('',#1184,3.);
#1184 = AXIS2_PLACEMENT_3D('',#1185,#1186,#1187);
#1185 = CARTESIAN_POINT('',(-14.1961524227,-12.58843013959,-3.));
#1186 = DIRECTION('',(0.,0.,1.));
#1187 = DIRECTION('',(0.5,0.866025403784,-0.));
#1188 = DEFINITIONAL_REPRESENTATION('',(#1189),#1193);
#1189 = LINE('',#1190,#1191);
#1190 = CARTESIAN_POINT('',(0.,-0.985110783338));
#1191 = VECTOR('',#1192,1.);
#1192 = DIRECTION('',(1.,0.));
#1193 = ( GEOMETRIC_REPRESENTATION_CONTEXT(2) 
PARAMETRIC_REPRESENTATION_CONTEXT() REPRESENTATION_CONTEXT('2D SPACE',''
  ) );
#1194 = ORIENTED_EDGE('',*,*,#1195,.T.);
#1195 = EDGE_CURVE('',#1165,#1196,#1198,.T.);
#1196 = VERTEX_POINT('',#1197);
#1197 = CARTESIAN_POINT('',(-2.974691379705,-17.15228947795,-5.5));
#1198 = SURFACE_CURVE('',#1199,(#1203,#1209),.PCURVE_S1.);
#1199 = LINE('',#1200,#1201);
#1200 = CARTESIAN_POINT('',(-15.96507243647,-9.652289477958,-5.5));
#1201 = VECTOR('',#1202,1.);
#1202 = DIRECTION('',(0.866025403784,-0.5,0.));
#1203 = PCURVE('',#45,#1204);
#1204 = DEFINITIONAL_REPRESENTATION('',(#1205),#1208);
#1205 = B_SPLINE_CURVE_WITH_KNOTS('',1,(#1206,#1207),.UNSPECIFIED.,.F.,
  .F.,(2,2),(2.9999994,15.0000006),.PIECEWISE_BEZIER_KNOTS.);
#1206 = CARTESIAN_POINT('',(-10.15861890602,-6.00017756412));
#1207 = CARTESIAN_POINT('',(-10.15861890602,5.99982363588));
#1208 = ( GEOMETRIC_REPRESENTATION_CONTEXT(2) 
PARAMETRIC_REPRESENTATION_CONTEXT() REPRESENTATION_CONTEXT('2D SPACE',''
  ) );
#1209 = PCURVE('',#1210,#1215);
#1210 = CYLINDRICAL_SURFACE('',#1211,3.);
#1211 = AXIS2_PLACEMENT_3D('',#1212,#1213,#1214);
#1212 = CARTESIAN_POINT('',(-16.79422863406,-11.08843013959,-3.));
#1213 = DIRECTION('',(0.866025403784,-0.5,0.));
#1214 = DIRECTION('',(0.5,0.866025403784,0.));
#1215 = DEFINITIONAL_REPRESENTATION('',(#1216),#1219);
#1216 = B_SPLINE_CURVE_WITH_KNOTS('',1,(#1217,#1218),.UNSPECIFIED.,.F.,
  .F.,(2,2),(2.9999994,15.0000006),.PIECEWISE_BEZIER_KNOTS.);
#1217 = CARTESIAN_POINT('',(-0.985110783338,2.9999994));
#1218 = CARTESIAN_POINT('',(-0.985110783338,15.0000006));
#1219 = ( GEOMETRIC_REPRESENTATION_CONTEXT(2) 
PARAMETRIC_REPRESENTATION_CONTEXT() REPRESENTATION_CONTEXT('2D SPACE',''
  ) );
#1220 = ORIENTED_EDGE('',*,*,#1221,.F.);
#1221 = EDGE_CURVE('',#1222,#1196,#1224,.T.);
#1222 = VERTEX_POINT('',#1223);
#1223 = CARTESIAN_POINT('',(-2.367706915659,-19.41758633718,-5.5));
#1224 = SURFACE_CURVE('',#1225,(#1230,#1237),.PCURVE_S1.);
#1225 = CIRCLE('',#1226,1.658312395178);
#1226 = AXIS2_PLACEMENT_3D('',#1227,#1228,#1229);
#1227 = CARTESIAN_POINT('',(-3.803847577293,-18.58843013959,-5.5));
#1228 = DIRECTION('',(0.,0.,1.));
#1229 = DIRECTION('',(0.5,0.866025403784,-0.));
#1230 = PCURVE('',#45,#1231);
#1231 = DEFINITIONAL_REPRESENTATION('',(#1232),#1236);
#1232 = CIRCLE('',#1233,1.658312395178);
#1233 = AXIS2_PLACEMENT_2D('',#1234,#1235);
#1234 = CARTESIAN_POINT('',(-8.500306510847,5.99982303588));
#1235 = DIRECTION('',(-1.,-1.720845688169E-15));
#1236 = ( GEOMETRIC_REPRESENTATION_CONTEXT(2) 
PARAMETRIC_REPRESENTATION_CONTEXT() REPRESENTATION_CONTEXT('2D SPACE',''
  ) );
#1237 = PCURVE('',#1238,#1243);
#1238 = SPHERICAL_SURFACE('',#1239,3.);
#1239 = AXIS2_PLACEMENT_3D('',#1240,#1241,#1242);
#1240 = CARTESIAN_POINT('',(-3.803847577293,-18.58843013959,-3.));
#1241 = DIRECTION('',(0.,0.,1.));
#1242 = DIRECTION('',(0.5,0.866025403784,-0.));
#1243 = DEFINITIONAL_REPRESENTATION('',(#1244),#1248);
#1244 = LINE('',#1245,#1246);
#1245 = CARTESIAN_POINT('',(-6.28318530718,-0.985110783338));
#1246 = VECTOR('',#1247,1.);
#1247 = DIRECTION('',(1.,-0.));
#1248 = ( GEOMETRIC_REPRESENTATION_CONTEXT(2) 
PARAMETRIC_REPRESENTATION_CONTEXT() REPRESENTATION_CONTEXT('2D SPACE',''
  ) );
#1249 = ORIENTED_EDGE('',*,*,#1250,.T.);
#1250 = EDGE_CURVE('',#1222,#1251,#1253,.T.);
#1251 = VERTEX_POINT('',#1252);
#1252 = CARTESIAN_POINT('',(-5.117706915659,-24.18072605799,-5.5));
#1253 = SURFACE_CURVE('',#1254,(#1258,#1264),.PCURVE_S1.);
#1254 = LINE('',#1255,#1256);
#1255 = CARTESIAN_POINT('',(-0.867706915659,-16.81951012582,-5.5));
#1256 = VECTOR('',#1257,1.);
#1257 = DIRECTION('',(-0.5,-0.866025403784,0.));
#1258 = PCURVE('',#45,#1259);
#1259 = DEFINITIONAL_REPRESENTATION('',(#1260),#1263);
#1260 = B_SPLINE_CURVE_WITH_KNOTS('',1,(#1261,#1262),.UNSPECIFIED.,.F.,
  .F.,(2,2),(2.9999994,8.5000006),.PIECEWISE_BEZIER_KNOTS.);
#1261 = CARTESIAN_POINT('',(-8.500307110847,7.658135431058));
#1262 = CARTESIAN_POINT('',(-3.000305910847,7.658135431058));
#1263 = ( GEOMETRIC_REPRESENTATION_CONTEXT(2) 
PARAMETRIC_REPRESENTATION_CONTEXT() REPRESENTATION_CONTEXT('2D SPACE',''
  ) );
#1264 = PCURVE('',#1265,#1270);
#1265 = CYLINDRICAL_SURFACE('',#1266,3.);
#1266 = AXIS2_PLACEMENT_3D('',#1267,#1268,#1269);
#1267 = CARTESIAN_POINT('',(-2.303847577293,-15.99035392823,-3.));
#1268 = DIRECTION('',(-0.5,-0.866025403784,0.));
#1269 = DIRECTION('',(0.866025403784,-0.5,0.));
#1270 = DEFINITIONAL_REPRESENTATION('',(#1271),#1274);
#1271 = B_SPLINE_CURVE_WITH_KNOTS('',1,(#1272,#1273),.UNSPECIFIED.,.F.,
  .F.,(2,2),(2.9999994,8.5000006),.PIECEWISE_BEZIER_KNOTS.);
#1272 = CARTESIAN_POINT('',(-0.985110783338,2.9999994));
#1273 = CARTESIAN_POINT('',(-0.985110783338,8.5000006));
#1274 = ( GEOMETRIC_REPRESENTATION_CONTEXT(2) 
PARAMETRIC_REPRESENTATION_CONTEXT() REPRESENTATION_CONTEXT('2D SPACE',''
  ) );
#1275 = ORIENTED_EDGE('',*,*,#1276,.F.);
#1276 = EDGE_CURVE('',#24,#1251,#1277,.T.);
#1277 = SURFACE_CURVE('',#1278,(#1283,#1290),.PCURVE_S1.);
#1278 = CIRCLE('',#1279,1.658312395178);
#1279 = AXIS2_PLACEMENT_3D('',#1280,#1281,#1282);
#1280 = CARTESIAN_POINT('',(-6.553847577293,-23.3515698604,-5.5));
#1281 = DIRECTION('',(0.,0.,1.));
#1282 = DIRECTION('',(-0.5,-0.866025403784,0.));
#1283 = PCURVE('',#45,#1284);
#1284 = DEFINITIONAL_REPRESENTATION('',(#1285),#1289);
#1285 = CIRCLE('',#1286,1.658312395178);
#1286 = AXIS2_PLACEMENT_2D('',#1287,#1288);
#1287 = CARTESIAN_POINT('',(-3.000306510847,5.99982303588));
#1288 = DIRECTION('',(1.,-1.221245327088E-15));
#1289 = ( GEOMETRIC_REPRESENTATION_CONTEXT(2) 
PARAMETRIC_REPRESENTATION_CONTEXT() REPRESENTATION_CONTEXT('2D SPACE',''
  ) );
#1290 = PCURVE('',#107,#1291);
#1291 = DEFINITIONAL_REPRESENTATION('',(#1292),#1296);
#1292 = LINE('',#1293,#1294);
#1293 = CARTESIAN_POINT('',(0.,-0.985110783338));
#1294 = VECTOR('',#1295,1.);
#1295 = DIRECTION('',(1.,0.));
#1296 = ( GEOMETRIC_REPRESENTATION_CONTEXT(2) 
PARAMETRIC_REPRESENTATION_CONTEXT() REPRESENTATION_CONTEXT('2D SPACE',''
  ) );
#1297 = ORIENTED_EDGE('',*,*,#21,.F.);
#1298 = ORIENTED_EDGE('',*,*,#1299,.F.);
#1299 = EDGE_CURVE('',#1300,#22,#1302,.T.);
#1300 = VERTEX_POINT('',#1301);
#1301 = CARTESIAN_POINT('',(-18.38229308434,-16.52241366281,-5.5));
#1302 = SURFACE_CURVE('',#1303,(#1308,#1315),.PCURVE_S1.);
#1303 = CIRCLE('',#1304,1.658312395178);
#1304 = AXIS2_PLACEMENT_3D('',#1305,#1306,#1307);
#1305 = CARTESIAN_POINT('',(-16.9461524227,-17.3515698604,-5.5));
#1306 = DIRECTION('',(0.,0.,1.));
#1307 = DIRECTION('',(-0.5,-0.866025403784,0.));
#1308 = PCURVE('',#45,#1309);
#1309 = DEFINITIONAL_REPRESENTATION('',(#1310),#1314);
#1310 = CIRCLE('',#1311,1.658312395178);
#1311 = AXIS2_PLACEMENT_2D('',#1312,#1313);
#1312 = CARTESIAN_POINT('',(-3.000306510846,-6.00017696412));
#1313 = DIRECTION('',(1.,-1.7763568394E-15));
#1314 = ( GEOMETRIC_REPRESENTATION_CONTEXT(2) 
PARAMETRIC_REPRESENTATION_CONTEXT() REPRESENTATION_CONTEXT('2D SPACE',''
  ) );
#1315 = PCURVE('',#463,#1316);
#1316 = DEFINITIONAL_REPRESENTATION('',(#1317),#1321);
#1317 = LINE('',#1318,#1319);
#1318 = CARTESIAN_POINT('',(-6.28318530718,-0.985110783338));
#1319 = VECTOR('',#1320,1.);
#1320 = DIRECTION('',(1.,-0.));
#1321 = ( GEOMETRIC_REPRESENTATION_CONTEXT(2) 
PARAMETRIC_REPRESENTATION_CONTEXT() REPRESENTATION_CONTEXT('2D SPACE',''
  ) );
#1322 = ORIENTED_EDGE('',*,*,#1323,.F.);
#1323 = EDGE_CURVE('',#1167,#1300,#1324,.T.);
#1324 = SURFACE_CURVE('',#1325,(#1329,#1335),.PCURVE_S1.);
#1325 = LINE('',#1326,#1327);
#1326 = CARTESIAN_POINT('',(-14.13229308434,-9.161197730651,-5.5));
#1327 = VECTOR('',#1328,1.);
#1328 = DIRECTION('',(-0.5,-0.866025403784,0.));
#1329 = PCURVE('',#45,#1330);
#1330 = DEFINITIONAL_REPRESENTATION('',(#1331),#1334);
#1331 = B_SPLINE_CURVE_WITH_KNOTS('',1,(#1332,#1333),.UNSPECIFIED.,.F.,
  .F.,(2,2),(2.9999994,8.5000006),.PIECEWISE_BEZIER_KNOTS.);
#1332 = CARTESIAN_POINT('',(-8.500307110847,-7.658489359297));
#1333 = CARTESIAN_POINT('',(-3.000305910846,-7.658489359297));
#1334 = ( GEOMETRIC_REPRESENTATION_CONTEXT(2) 
PARAMETRIC_REPRESENTATION_CONTEXT() REPRESENTATION_CONTEXT('2D SPACE',''
  ) );
#1335 = PCURVE('',#1336,#1341);
#1336 = CYLINDRICAL_SURFACE('',#1337,3.);
#1337 = AXIS2_PLACEMENT_3D('',#1338,#1339,#1340);
#1338 = CARTESIAN_POINT('',(-12.6961524227,-9.990353928239,-3.));
#1339 = DIRECTION('',(-0.5,-0.866025403784,0.));
#1340 = DIRECTION('',(-0.866025403784,0.5,0.));
#1341 = DEFINITIONAL_REPRESENTATION('',(#1342),#1345);
#1342 = B_SPLINE_CURVE_WITH_KNOTS('',1,(#1343,#1344),.UNSPECIFIED.,.F.,
  .F.,(2,2),(2.9999994,8.5000006),.PIECEWISE_BEZIER_KNOTS.);
#1343 = CARTESIAN_POINT('',(0.985110783338,2.9999994));
#1344 = CARTESIAN_POINT('',(0.985110783338,8.5000006));
#1345 = ( GEOMETRIC_REPRESENTATION_CONTEXT(2) 
PARAMETRIC_REPRESENTATION_CONTEXT() REPRESENTATION_CONTEXT('2D SPACE',''
  ) );
#1346 = ADVANCED_FACE('',(#1347),#463,.T.);
#1347 = FACE_BOUND('',#1348,.F.);
#1348 = EDGE_LOOP('',(#1349,#1350,#1351,#1373));
#1349 = ORIENTED_EDGE('',*,*,#415,.F.);
#1350 = ORIENTED_EDGE('',*,*,#1299,.F.);
#1351 = ORIENTED_EDGE('',*,*,#1352,.T.);
#1352 = EDGE_CURVE('',#1300,#1353,#1355,.T.);
#1353 = VERTEX_POINT('',#1354);
#1354 = CARTESIAN_POINT('',(-19.54422863406,-15.8515698604,-3.));
#1355 = SURFACE_CURVE('',#1356,(#1361,#1367),.PCURVE_S1.);
#1356 = CIRCLE('',#1357,3.);
#1357 = AXIS2_PLACEMENT_3D('',#1358,#1359,#1360);
#1358 = CARTESIAN_POINT('',(-16.9461524227,-17.3515698604,-3.));
#1359 = DIRECTION('',(0.5,0.866025403784,-0.));
#1360 = DIRECTION('',(-0.866025403784,0.5,-0.));
#1361 = PCURVE('',#463,#1362);
#1362 = DEFINITIONAL_REPRESENTATION('',(#1363),#1366);
#1363 = B_SPLINE_CURVE_WITH_KNOTS('',1,(#1364,#1365),.UNSPECIFIED.,.F.,
  .F.,(2,2),(4.712388980385,6.28318530718),.PIECEWISE_BEZIER_KNOTS.);
#1364 = CARTESIAN_POINT('',(-1.570796326795,-1.570796326795));
#1365 = CARTESIAN_POINT('',(-1.570796326795,0.));
#1366 = ( GEOMETRIC_REPRESENTATION_CONTEXT(2) 
PARAMETRIC_REPRESENTATION_CONTEXT() REPRESENTATION_CONTEXT('2D SPACE',''
  ) );
#1367 = PCURVE('',#1336,#1368);
#1368 = DEFINITIONAL_REPRESENTATION('',(#1369),#1372);
#1369 = B_SPLINE_CURVE_WITH_KNOTS('',1,(#1370,#1371),.UNSPECIFIED.,.F.,
  .F.,(2,2),(4.712388980385,6.28318530718),.PIECEWISE_BEZIER_KNOTS.);
#1370 = CARTESIAN_POINT('',(1.570796326795,8.5));
#1371 = CARTESIAN_POINT('',(0.,8.5));
#1372 = ( GEOMETRIC_REPRESENTATION_CONTEXT(2) 
PARAMETRIC_REPRESENTATION_CONTEXT() REPRESENTATION_CONTEXT('2D SPACE',''
  ) );
#1373 = ORIENTED_EDGE('',*,*,#1374,.F.);
#1374 = EDGE_CURVE('',#390,#1353,#1375,.T.);
#1375 = SURFACE_CURVE('',#1376,(#1381,#1388),.PCURVE_S1.);
#1376 = CIRCLE('',#1377,3.);
#1377 = AXIS2_PLACEMENT_3D('',#1378,#1379,#1380);
#1378 = CARTESIAN_POINT('',(-16.9461524227,-17.3515698604,-3.));
#1379 = DIRECTION('',(-0.,0.,-1.));
#1380 = DIRECTION('',(-0.5,-0.866025403784,0.));
#1381 = PCURVE('',#463,#1382);
#1382 = DEFINITIONAL_REPRESENTATION('',(#1383),#1387);
#1383 = LINE('',#1384,#1385);
#1384 = CARTESIAN_POINT('',(-0.,0.));
#1385 = VECTOR('',#1386,1.);
#1386 = DIRECTION('',(-1.,0.));
#1387 = ( GEOMETRIC_REPRESENTATION_CONTEXT(2) 
PARAMETRIC_REPRESENTATION_CONTEXT() REPRESENTATION_CONTEXT('2D SPACE',''
  ) );
#1388 = PCURVE('',#404,#1389);
#1389 = DEFINITIONAL_REPRESENTATION('',(#1390),#1394);
#1390 = LINE('',#1391,#1392);
#1391 = CARTESIAN_POINT('',(-1.184237892934E-15,3.));
#1392 = VECTOR('',#1393,1.);
#1393 = DIRECTION('',(-1.,0.));
#1394 = ( GEOMETRIC_REPRESENTATION_CONTEXT(2) 
PARAMETRIC_REPRESENTATION_CONTEXT() REPRESENTATION_CONTEXT('2D SPACE',''
  ) );
#1395 = ADVANCED_FACE('',(#1396),#404,.T.);
#1396 = FACE_BOUND('',#1397,.F.);
#1397 = EDGE_LOOP('',(#1398,#1399,#1400,#1428));
#1398 = ORIENTED_EDGE('',*,*,#389,.F.);
#1399 = ORIENTED_EDGE('',*,*,#1374,.T.);
#1400 = ORIENTED_EDGE('',*,*,#1401,.T.);
#1401 = EDGE_CURVE('',#1353,#1402,#1404,.T.);
#1402 = VERTEX_POINT('',#1403);
#1403 = CARTESIAN_POINT('',(-19.54422863406,-15.8515698604,3.));
#1404 = SURFACE_CURVE('',#1405,(#1409,#1416),.PCURVE_S1.);
#1405 = LINE('',#1406,#1407);
#1406 = CARTESIAN_POINT('',(-19.54422863406,-15.8515698604,-6.));
#1407 = VECTOR('',#1408,1.);
#1408 = DIRECTION('',(0.,0.,1.));
#1409 = PCURVE('',#404,#1410);
#1410 = DEFINITIONAL_REPRESENTATION('',(#1411),#1415);
#1411 = LINE('',#1412,#1413);
#1412 = CARTESIAN_POINT('',(-1.570796326795,0.));
#1413 = VECTOR('',#1414,1.);
#1414 = DIRECTION('',(-0.,1.));
#1415 = ( GEOMETRIC_REPRESENTATION_CONTEXT(2) 
PARAMETRIC_REPRESENTATION_CONTEXT() REPRESENTATION_CONTEXT('2D SPACE',''
  ) );
#1416 = PCURVE('',#1417,#1422);
#1417 = PLANE('',#1418);
#1418 = AXIS2_PLACEMENT_3D('',#1419,#1420,#1421);
#1419 = CARTESIAN_POINT('',(-15.29422863406,-8.490353928239,-6.));
#1420 = DIRECTION('',(0.866025403784,-0.5,0.));
#1421 = DIRECTION('',(0.,0.,1.));
#1422 = DEFINITIONAL_REPRESENTATION('',(#1423),#1427);
#1423 = LINE('',#1424,#1425);
#1424 = CARTESIAN_POINT('',(0.,8.5));
#1425 = VECTOR('',#1426,1.);
#1426 = DIRECTION('',(1.,0.));
#1427 = ( GEOMETRIC_REPRESENTATION_CONTEXT(2) 
PARAMETRIC_REPRESENTATION_CONTEXT() REPRESENTATION_CONTEXT('2D SPACE',''
  ) );
#1428 = ORIENTED_EDGE('',*,*,#1429,.F.);
#1429 = EDGE_CURVE('',#311,#1402,#1430,.T.);
#1430 = SURFACE_CURVE('',#1431,(#1436,#1443),.PCURVE_S1.);
#1431 = CIRCLE('',#1432,3.);
#1432 = AXIS2_PLACEMENT_3D('',#1433,#1434,#1435);
#1433 = CARTESIAN_POINT('',(-16.9461524227,-17.3515698604,3.));
#1434 = DIRECTION('',(-0.,0.,-1.));
#1435 = DIRECTION('',(-0.5,-0.866025403784,0.));
#1436 = PCURVE('',#404,#1437);
#1437 = DEFINITIONAL_REPRESENTATION('',(#1438),#1442);
#1438 = LINE('',#1439,#1440);
#1439 = CARTESIAN_POINT('',(-1.184237892934E-15,9.));
#1440 = VECTOR('',#1441,1.);
#1441 = DIRECTION('',(-1.,0.));
#1442 = ( GEOMETRIC_REPRESENTATION_CONTEXT(2) 
PARAMETRIC_REPRESENTATION_CONTEXT() REPRESENTATION_CONTEXT('2D SPACE',''
  ) );
#1443 = PCURVE('',#360,#1444);
#1444 = DEFINITIONAL_REPRESENTATION('',(#1445),#1449);
#1445 = LINE('',#1446,#1447);
#1446 = CARTESIAN_POINT('',(0.,0.));
#1447 = VECTOR('',#1448,1.);
#1448 = DIRECTION('',(1.,0.));
#1449 = ( GEOMETRIC_REPRESENTATION_CONTEXT(2) 
PARAMETRIC_REPRESENTATION_CONTEXT() REPRESENTATION_CONTEXT('2D SPACE',''
  ) );
#1450 = ADVANCED_FACE('',(#1451),#360,.T.);
#1451 = FACE_BOUND('',#1452,.T.);
#1452 = EDGE_LOOP('',(#1453,#1454,#1482,#1507));
#1453 = ORIENTED_EDGE('',*,*,#310,.T.);
#1454 = ORIENTED_EDGE('',*,*,#1455,.T.);
#1455 = EDGE_CURVE('',#278,#1456,#1458,.T.);
#1456 = VERTEX_POINT('',#1457);
#1457 = CARTESIAN_POINT('',(-18.38229308434,-16.52241366281,5.5));
#1458 = SURFACE_CURVE('',#1459,(#1464,#1471),.PCURVE_S1.);
#1459 = CIRCLE('',#1460,1.658312395178);
#1460 = AXIS2_PLACEMENT_3D('',#1461,#1462,#1463);
#1461 = CARTESIAN_POINT('',(-16.9461524227,-17.3515698604,5.5));
#1462 = DIRECTION('',(-0.,0.,-1.));
#1463 = DIRECTION('',(-0.5,-0.866025403784,0.));
#1464 = PCURVE('',#360,#1465);
#1465 = DEFINITIONAL_REPRESENTATION('',(#1466),#1470);
#1466 = LINE('',#1467,#1468);
#1467 = CARTESIAN_POINT('',(0.,-0.985110783338));
#1468 = VECTOR('',#1469,1.);
#1469 = DIRECTION('',(1.,0.));
#1470 = ( GEOMETRIC_REPRESENTATION_CONTEXT(2) 
PARAMETRIC_REPRESENTATION_CONTEXT() REPRESENTATION_CONTEXT('2D SPACE',''
  ) );
#1471 = PCURVE('',#294,#1472);
#1472 = DEFINITIONAL_REPRESENTATION('',(#1473),#1481);
#1473 = ( BOUNDED_CURVE() B_SPLINE_CURVE(2,(#1474,#1475,#1476,#1477,
#1478,#1479,#1480),.UNSPECIFIED.,.T.,.F.) B_SPLINE_CURVE_WITH_KNOTS((1,2
    ,2,2,2,1),(-2.094395102393,0.,2.094395102393,4.188790204786,
6.28318530718,8.377580409573),.UNSPECIFIED.) CURVE() 
GEOMETRIC_REPRESENTATION_ITEM() RATIONAL_B_SPLINE_CURVE((1.,0.5,1.,0.5,
1.,0.5,1.)) REPRESENTATION_ITEM('') );
#1474 = CARTESIAN_POINT('',(-1.341994115669,-6.00017696412));
#1475 = CARTESIAN_POINT('',(-1.341994115669,-8.872458287389));
#1476 = CARTESIAN_POINT('',(-3.829462708435,-7.436317625754));
#1477 = CARTESIAN_POINT('',(-6.316931301202,-6.00017696412));
#1478 = CARTESIAN_POINT('',(-3.829462708435,-4.564036302485));
#1479 = CARTESIAN_POINT('',(-1.341994115669,-3.127895640851));
#1480 = CARTESIAN_POINT('',(-1.341994115669,-6.00017696412));
#1481 = ( GEOMETRIC_REPRESENTATION_CONTEXT(2) 
PARAMETRIC_REPRESENTATION_CONTEXT() REPRESENTATION_CONTEXT('2D SPACE',''
  ) );
#1482 = ORIENTED_EDGE('',*,*,#1483,.T.);
#1483 = EDGE_CURVE('',#1456,#1402,#1484,.T.);
#1484 = SURFACE_CURVE('',#1485,(#1490,#1496),.PCURVE_S1.);
#1485 = CIRCLE('',#1486,3.);
#1486 = AXIS2_PLACEMENT_3D('',#1487,#1488,#1489);
#1487 = CARTESIAN_POINT('',(-16.9461524227,-17.3515698604,3.));
#1488 = DIRECTION('',(-0.5,-0.866025403784,0.));
#1489 = DIRECTION('',(-0.866025403784,0.5,0.));
#1490 = PCURVE('',#360,#1491);
#1491 = DEFINITIONAL_REPRESENTATION('',(#1492),#1495);
#1492 = B_SPLINE_CURVE_WITH_KNOTS('',1,(#1493,#1494),.UNSPECIFIED.,.F.,
  .F.,(2,2),(4.712388980385,6.28318530718),.PIECEWISE_BEZIER_KNOTS.);
#1493 = CARTESIAN_POINT('',(1.570796326795,-1.570796326795));
#1494 = CARTESIAN_POINT('',(1.570796326795,0.));
#1495 = ( GEOMETRIC_REPRESENTATION_CONTEXT(2) 
PARAMETRIC_REPRESENTATION_CONTEXT() REPRESENTATION_CONTEXT('2D SPACE',''
  ) );
#1496 = PCURVE('',#1497,#1502);
#1497 = CYLINDRICAL_SURFACE('',#1498,3.);
#1498 = AXIS2_PLACEMENT_3D('',#1499,#1500,#1501);
#1499 = CARTESIAN_POINT('',(-12.6961524227,-9.990353928239,3.));
#1500 = DIRECTION('',(-0.5,-0.866025403784,0.));
#1501 = DIRECTION('',(-0.866025403784,0.5,0.));
#1502 = DEFINITIONAL_REPRESENTATION('',(#1503),#1506);
#1503 = B_SPLINE_CURVE_WITH_KNOTS('',1,(#1504,#1505),.UNSPECIFIED.,.F.,
  .F.,(2,2),(4.712388980385,6.28318530718),.PIECEWISE_BEZIER_KNOTS.);
#1504 = CARTESIAN_POINT('',(-1.570796326795,8.5));
#1505 = CARTESIAN_POINT('',(0.,8.5));
#1506 = ( GEOMETRIC_REPRESENTATION_CONTEXT(2) 
PARAMETRIC_REPRESENTATION_CONTEXT() REPRESENTATION_CONTEXT('2D SPACE',''
  ) );
#1507 = ORIENTED_EDGE('',*,*,#1429,.F.);
#1508 = ADVANCED_FACE('',(#1509,#1693,#1947,#1973,#2227),#294,.F.);
#1509 = FACE_BOUND('',#1510,.F.);
#1510 = EDGE_LOOP('',(#1511,#1542,#1571,#1604,#1633,#1666));
#1511 = ORIENTED_EDGE('',*,*,#1512,.T.);
#1512 = EDGE_CURVE('',#1513,#1515,#1517,.T.);
#1513 = VERTEX_POINT('',#1514);
#1514 = CARTESIAN_POINT('',(-11.99524033557,-9.00634272565,5.5));
#1515 = VERTEX_POINT('',#1516);
#1516 = CARTESIAN_POINT('',(-1.801917788498,-14.89137644019,5.5));
#1517 = SURFACE_CURVE('',#1518,(#1523,#1530),.PCURVE_S1.);
#1518 = CIRCLE('',#1519,14.);
#1519 = AXIS2_PLACEMENT_3D('',#1520,#1521,#1522);
#1520 = CARTESIAN_POINT('',(-13.25,-22.95,5.5));
#1521 = DIRECTION('',(0.,-0.,1.));
#1522 = DIRECTION('',(8.96256903163E-02,0.995975519596,0.));
#1523 = PCURVE('',#294,#1524);
#1524 = DEFINITIONAL_REPRESENTATION('',(#1525),#1529);
#1525 = CIRCLE('',#1526,14.);
#1526 = AXIS2_PLACEMENT_2D('',#1527,#1528);
#1527 = CARTESIAN_POINT('',(0.,0.));
#1528 = DIRECTION('',(-0.907352946676,-0.420369635153));
#1529 = ( GEOMETRIC_REPRESENTATION_CONTEXT(2) 
PARAMETRIC_REPRESENTATION_CONTEXT() REPRESENTATION_CONTEXT('2D SPACE',''
  ) );
#1530 = PCURVE('',#1531,#1536);
#1531 = CYLINDRICAL_SURFACE('',#1532,14.);
#1532 = AXIS2_PLACEMENT_3D('',#1533,#1534,#1535);
#1533 = CARTESIAN_POINT('',(-13.25,-22.95,-6.));
#1534 = DIRECTION('',(0.,0.,1.));
#1535 = DIRECTION('',(-0.5,-0.866025403784,0.));
#1536 = DEFINITIONAL_REPRESENTATION('',(#1537),#1541);
#1537 = LINE('',#1538,#1539);
#1538 = CARTESIAN_POINT('',(3.57544531271,11.5));
#1539 = VECTOR('',#1540,1.);
#1540 = DIRECTION('',(1.,0.));
#1541 = ( GEOMETRIC_REPRESENTATION_CONTEXT(2) 
PARAMETRIC_REPRESENTATION_CONTEXT() REPRESENTATION_CONTEXT('2D SPACE',''
  ) );
#1542 = ORIENTED_EDGE('',*,*,#1543,.T.);
#1543 = EDGE_CURVE('',#1515,#1544,#1546,.T.);
#1544 = VERTEX_POINT('',#1545);
#1545 = CARTESIAN_POINT('',(13.797169811321,-5.885414615605,5.5));
#1546 = SURFACE_CURVE('',#1547,(#1552,#1559),.PCURVE_S1.);
#1547 = CIRCLE('',#1548,15.);
#1548 = AXIS2_PLACEMENT_3D('',#1549,#1550,#1551);
#1549 = CARTESIAN_POINT('',(0.,0.,5.5));
#1550 = DIRECTION('',(0.,0.,1.));
#1551 = DIRECTION('',(1.,0.,0.));
#1552 = PCURVE('',#294,#1553);
#1553 = DEFINITIONAL_REPRESENTATION('',(#1554),#1558);
#1554 = CIRCLE('',#1555,15.);
#1555 = AXIS2_PLACEMENT_2D('',#1556,#1557);
#1556 = CARTESIAN_POINT('',(-26.50028301685,-1.633998562003E-04));
#1557 = DIRECTION('',(-0.5,0.866025403784));
#1558 = ( GEOMETRIC_REPRESENTATION_CONTEXT(2) 
PARAMETRIC_REPRESENTATION_CONTEXT() REPRESENTATION_CONTEXT('2D SPACE',''
  ) );
#1559 = PCURVE('',#1560,#1565);
#1560 = CYLINDRICAL_SURFACE('',#1561,15.);
#1561 = AXIS2_PLACEMENT_3D('',#1562,#1563,#1564);
#1562 = CARTESIAN_POINT('',(0.,0.,-6.));
#1563 = DIRECTION('',(0.,0.,1.));
#1564 = DIRECTION('',(1.,0.,0.));
#1565 = DEFINITIONAL_REPRESENTATION('',(#1566),#1570);
#1566 = LINE('',#1567,#1568);
#1567 = CARTESIAN_POINT('',(0.,11.5));
#1568 = VECTOR('',#1569,1.);
#1569 = DIRECTION('',(1.,0.));
#1570 = ( GEOMETRIC_REPRESENTATION_CONTEXT(2) 
PARAMETRIC_REPRESENTATION_CONTEXT() REPRESENTATION_CONTEXT('2D SPACE',''
  ) );
#1571 = ORIENTED_EDGE('',*,*,#1572,.F.);
#1572 = EDGE_CURVE('',#1573,#1544,#1575,.T.);
#1573 = VERTEX_POINT('',#1574);
#1574 = CARTESIAN_POINT('',(13.797169811321,5.885414615605,5.5));
#1575 = SURFACE_CURVE('',#1576,(#1581,#1592),.PCURVE_S1.);
#1576 = CIRCLE('',#1577,14.);
#1577 = AXIS2_PLACEMENT_3D('',#1578,#1579,#1580);
#1578 = CARTESIAN_POINT('',(26.5,0.,5.5));
#1579 = DIRECTION('',(0.,0.,-1.));
#1580 = DIRECTION('',(-0.907345013477,0.420386758258,0.));
#1581 = PCURVE('',#294,#1582);
#1582 = DEFINITIONAL_REPRESENTATION('',(#1583),#1591);
#1583 = ( BOUNDED_CURVE() B_SPLINE_CURVE(2,(#1584,#1585,#1586,#1587,
#1588,#1589,#1590),.UNSPECIFIED.,.T.,.F.) B_SPLINE_CURVE_WITH_KNOTS((1,2
    ,2,2,2,1),(-2.094395102393,0.,2.094395102393,4.188790204786,
6.28318530718,8.377580409573),.UNSPECIFIED.) CURVE() 
GEOMETRIC_REPRESENTATION_ITEM() RATIONAL_B_SPLINE_CURVE((1.,0.5,1.,0.5,
1.,0.5,1.)) REPRESENTATION_ITEM('') );
#1584 = CARTESIAN_POINT('',(-38.49578649143,9.005828849273));
#1585 = CARTESIAN_POINT('',(-62.64695034336,6.832977129325));
#1586 = CARTESIAN_POINT('',(-52.45311320553,28.834924416037));
#1587 = CARTESIAN_POINT('',(-42.25927606769,50.836871702749));
#1588 = CARTESIAN_POINT('',(-28.30194935359,31.007776135985));
#1589 = CARTESIAN_POINT('',(-14.34462263949,11.178680569221));
#1590 = CARTESIAN_POINT('',(-38.49578649143,9.005828849273));
#1591 = ( GEOMETRIC_REPRESENTATION_CONTEXT(2) 
PARAMETRIC_REPRESENTATION_CONTEXT() REPRESENTATION_CONTEXT('2D SPACE',''
  ) );
#1592 = PCURVE('',#1593,#1598);
#1593 = CYLINDRICAL_SURFACE('',#1594,14.);
#1594 = AXIS2_PLACEMENT_3D('',#1595,#1596,#1597);
#1595 = CARTESIAN_POINT('',(26.5,0.,-6.));
#1596 = DIRECTION('',(0.,0.,1.));
#1597 = DIRECTION('',(1.,0.,0.));
#1598 = DEFINITIONAL_REPRESENTATION('',(#1599),#1603);
#1599 = LINE('',#1600,#1601);
#1600 = CARTESIAN_POINT('',(8.990906430073,11.5));
#1601 = VECTOR('',#1602,1.);
#1602 = DIRECTION('',(-1.,-0.));
#1603 = ( GEOMETRIC_REPRESENTATION_CONTEXT(2) 
PARAMETRIC_REPRESENTATION_CONTEXT() REPRESENTATION_CONTEXT('2D SPACE',''
  ) );
#1604 = ORIENTED_EDGE('',*,*,#1605,.T.);
#1605 = EDGE_CURVE('',#1573,#1606,#1608,.T.);
#1606 = VERTEX_POINT('',#1607);
#1607 = CARTESIAN_POINT('',(-1.801917788498,14.891376440192,5.5));
#1608 = SURFACE_CURVE('',#1609,(#1614,#1621),.PCURVE_S1.);
#1609 = CIRCLE('',#1610,15.);
#1610 = AXIS2_PLACEMENT_3D('',#1611,#1612,#1613);
#1611 = CARTESIAN_POINT('',(0.,0.,5.5));
#1612 = DIRECTION('',(0.,0.,1.));
#1613 = DIRECTION('',(1.,0.,0.));
#1614 = PCURVE('',#294,#1615);
#1615 = DEFINITIONAL_REPRESENTATION('',(#1616),#1620);
#1616 = CIRCLE('',#1617,15.);
#1617 = AXIS2_PLACEMENT_2D('',#1618,#1619);
#1618 = CARTESIAN_POINT('',(-26.50028301685,-1.633998562003E-04));
#1619 = DIRECTION('',(-0.5,0.866025403784));
#1620 = ( GEOMETRIC_REPRESENTATION_CONTEXT(2) 
PARAMETRIC_REPRESENTATION_CONTEXT() REPRESENTATION_CONTEXT('2D SPACE',''
  ) );
#1621 = PCURVE('',#1622,#1627);
#1622 = CYLINDRICAL_SURFACE('',#1623,15.);
#1623 = AXIS2_PLACEMENT_3D('',#1624,#1625,#1626);
#1624 = CARTESIAN_POINT('',(0.,0.,-6.));
#1625 = DIRECTION('',(0.,0.,1.));
#1626 = DIRECTION('',(1.,0.,0.));
#1627 = DEFINITIONAL_REPRESENTATION('',(#1628),#1632);
#1628 = LINE('',#1629,#1630);
#1629 = CARTESIAN_POINT('',(0.,11.5));
#1630 = VECTOR('',#1631,1.);
#1631 = DIRECTION('',(1.,0.));
#1632 = ( GEOMETRIC_REPRESENTATION_CONTEXT(2) 
PARAMETRIC_REPRESENTATION_CONTEXT() REPRESENTATION_CONTEXT('2D SPACE',''
  ) );
#1633 = ORIENTED_EDGE('',*,*,#1634,.F.);
#1634 = EDGE_CURVE('',#1635,#1606,#1637,.T.);
#1635 = VERTEX_POINT('',#1636);
#1636 = CARTESIAN_POINT('',(-11.99524033557,9.00634272565,5.5));
#1637 = SURFACE_CURVE('',#1638,(#1643,#1654),.PCURVE_S1.);
#1638 = CIRCLE('',#1639,14.);
#1639 = AXIS2_PLACEMENT_3D('',#1640,#1641,#1642);
#1640 = CARTESIAN_POINT('',(-13.25,22.95,5.5));
#1641 = DIRECTION('',(0.,-0.,-1.));
#1642 = DIRECTION('',(8.96256903163E-02,-0.995975519596,0.));
#1643 = PCURVE('',#294,#1644);
#1644 = DEFINITIONAL_REPRESENTATION('',(#1645),#1653);
#1645 = ( BOUNDED_CURVE() B_SPLINE_CURVE(2,(#1646,#1647,#1648,#1649,
#1650,#1651,#1652),.UNSPECIFIED.,.T.,.F.) B_SPLINE_CURVE_WITH_KNOTS((1,2
    ,2,2,2,1),(-2.094395102393,0.,2.094395102393,4.188790204786,
6.28318530718,8.377580409573),.UNSPECIFIED.) CURVE() 
GEOMETRIC_REPRESENTATION_ITEM() RATIONAL_B_SPLINE_CURVE((1.,0.5,1.,0.5,
1.,0.5,1.)) REPRESENTATION_ITEM('') );
#1646 = CARTESIAN_POINT('',(-28.30238444466,-14.89151761778));
#1647 = CARTESIAN_POINT('',(-14.34468352677,-34.72034978427));
#1648 = CARTESIAN_POINT('',(-38.49580636927,-36.89365727435));
#1649 = CARTESIAN_POINT('',(-62.64692921177,-39.06696476442));
#1650 = CARTESIAN_POINT('',(-52.45350728717,-17.06482510786));
#1651 = CARTESIAN_POINT('',(-42.26008536256,4.937314548699));
#1652 = CARTESIAN_POINT('',(-28.30238444466,-14.89151761778));
#1653 = ( GEOMETRIC_REPRESENTATION_CONTEXT(2) 
PARAMETRIC_REPRESENTATION_CONTEXT() REPRESENTATION_CONTEXT('2D SPACE',''
  ) );
#1654 = PCURVE('',#1655,#1660);
#1655 = CYLINDRICAL_SURFACE('',#1656,14.);
#1656 = AXIS2_PLACEMENT_3D('',#1657,#1658,#1659);
#1657 = CARTESIAN_POINT('',(-13.25,22.95,-6.));
#1658 = DIRECTION('',(0.,0.,1.));
#1659 = DIRECTION('',(-0.5,0.866025403784,0.));
#1660 = DEFINITIONAL_REPRESENTATION('',(#1661),#1665);
#1661 = LINE('',#1662,#1663);
#1662 = CARTESIAN_POINT('',(8.990925301649,11.5));
#1663 = VECTOR('',#1664,1.);
#1664 = DIRECTION('',(-1.,-0.));
#1665 = ( GEOMETRIC_REPRESENTATION_CONTEXT(2) 
PARAMETRIC_REPRESENTATION_CONTEXT() REPRESENTATION_CONTEXT('2D SPACE',''
  ) );
#1666 = ORIENTED_EDGE('',*,*,#1667,.T.);
#1667 = EDGE_CURVE('',#1635,#1513,#1668,.T.);
#1668 = SURFACE_CURVE('',#1669,(#1674,#1681),.PCURVE_S1.);
#1669 = CIRCLE('',#1670,15.);
#1670 = AXIS2_PLACEMENT_3D('',#1671,#1672,#1673);
#1671 = CARTESIAN_POINT('',(0.,0.,5.5));
#1672 = DIRECTION('',(0.,0.,1.));
#1673 = DIRECTION('',(1.,0.,0.));
#1674 = PCURVE('',#294,#1675);
#1675 = DEFINITIONAL_REPRESENTATION('',(#1676),#1680);
#1676 = CIRCLE('',#1677,15.);
#1677 = AXIS2_PLACEMENT_2D('',#1678,#1679);
#1678 = CARTESIAN_POINT('',(-26.50028301685,-1.633998562003E-04));
#1679 = DIRECTION('',(-0.5,0.866025403784));
#1680 = ( GEOMETRIC_REPRESENTATION_CONTEXT(2) 
PARAMETRIC_REPRESENTATION_CONTEXT() REPRESENTATION_CONTEXT('2D SPACE',''
  ) );
#1681 = PCURVE('',#1682,#1687);
#1682 = CYLINDRICAL_SURFACE('',#1683,15.);
#1683 = AXIS2_PLACEMENT_3D('',#1684,#1685,#1686);
#1684 = CARTESIAN_POINT('',(0.,0.,-6.));
#1685 = DIRECTION('',(0.,0.,1.));
#1686 = DIRECTION('',(1.,0.,0.));
#1687 = DEFINITIONAL_REPRESENTATION('',(#1688),#1692);
#1688 = LINE('',#1689,#1690);
#1689 = CARTESIAN_POINT('',(0.,11.5));
#1690 = VECTOR('',#1691,1.);
#1691 = DIRECTION('',(1.,0.));
#1692 = ( GEOMETRIC_REPRESENTATION_CONTEXT(2) 
PARAMETRIC_REPRESENTATION_CONTEXT() REPRESENTATION_CONTEXT('2D SPACE',''
  ) );
#1693 = FACE_BOUND('',#1694,.F.);
#1694 = EDGE_LOOP('',(#1695,#1723,#1756,#1782,#1824,#1850,#1892,#1916));
#1695 = ORIENTED_EDGE('',*,*,#1696,.F.);
#1696 = EDGE_CURVE('',#1697,#1699,#1701,.T.);
#1697 = VERTEX_POINT('',#1698);
#1698 = CARTESIAN_POINT('',(-2.367706915659,19.417586337182,5.5));
#1699 = VERTEX_POINT('',#1700);
#1700 = CARTESIAN_POINT('',(-5.117706915659,24.180726057996,5.5));
#1701 = SURFACE_CURVE('',#1702,(#1706,#1712),.PCURVE_S1.);
#1702 = LINE('',#1703,#1704);
#1703 = CARTESIAN_POINT('',(-0.867706915659,16.819510125828,5.5));
#1704 = VECTOR('',#1705,1.);
#1705 = DIRECTION('',(-0.5,0.866025403784,0.));
#1706 = PCURVE('',#294,#1707);
#1707 = DEFINITIONAL_REPRESENTATION('',(#1708),#1711);
#1708 = B_SPLINE_CURVE_WITH_KNOTS('',1,(#1709,#1710),.UNSPECIFIED.,.F.,
  .F.,(2,2),(2.9999994,8.5000006),.PIECEWISE_BEZIER_KNOTS.);
#1709 = CARTESIAN_POINT('',(-42.1325523072,-11.7594503865));
#1710 = CARTESIAN_POINT('',(-44.8825529072,-16.52259114655));
#1711 = ( GEOMETRIC_REPRESENTATION_CONTEXT(2) 
PARAMETRIC_REPRESENTATION_CONTEXT() REPRESENTATION_CONTEXT('2D SPACE',''
  ) );
#1712 = PCURVE('',#1713,#1718);
#1713 = CYLINDRICAL_SURFACE('',#1714,3.);
#1714 = AXIS2_PLACEMENT_3D('',#1715,#1716,#1717);
#1715 = CARTESIAN_POINT('',(-2.303847577293,15.990353928239,3.));
#1716 = DIRECTION('',(-0.5,0.866025403784,0.));
#1717 = DIRECTION('',(0.866025403784,0.5,-0.));
#1718 = DEFINITIONAL_REPRESENTATION('',(#1719),#1722);
#1719 = B_SPLINE_CURVE_WITH_KNOTS('',1,(#1720,#1721),.UNSPECIFIED.,.F.,
  .F.,(2,2),(2.9999994,8.5000006),.PIECEWISE_BEZIER_KNOTS.);
#1720 = CARTESIAN_POINT('',(-0.985110783338,2.9999994));
#1721 = CARTESIAN_POINT('',(-0.985110783338,8.5000006));
#1722 = ( GEOMETRIC_REPRESENTATION_CONTEXT(2) 
PARAMETRIC_REPRESENTATION_CONTEXT() REPRESENTATION_CONTEXT('2D SPACE',''
  ) );
#1723 = ORIENTED_EDGE('',*,*,#1724,.T.);
#1724 = EDGE_CURVE('',#1697,#1725,#1727,.T.);
#1725 = VERTEX_POINT('',#1726);
#1726 = CARTESIAN_POINT('',(-2.974691379705,17.152289477958,5.5));
#1727 = SURFACE_CURVE('',#1728,(#1733,#1744),.PCURVE_S1.);
#1728 = CIRCLE('',#1729,1.658312395178);
#1729 = AXIS2_PLACEMENT_3D('',#1730,#1731,#1732);
#1730 = CARTESIAN_POINT('',(-3.803847577293,18.588430139593,5.5));
#1731 = DIRECTION('',(0.,-0.,-1.));
#1732 = DIRECTION('',(0.5,-0.866025403784,0.));
#1733 = PCURVE('',#294,#1734);
#1734 = DEFINITIONAL_REPRESENTATION('',(#1735),#1743);
#1735 = ( BOUNDED_CURVE() B_SPLINE_CURVE(2,(#1736,#1737,#1738,#1739,
#1740,#1741,#1742),.UNSPECIFIED.,.T.,.F.) B_SPLINE_CURVE_WITH_KNOTS((1,2
    ,2,2,2,1),(-2.094395102393,0.,2.094395102393,4.188790204786,
6.28318530718,8.377580409573),.UNSPECIFIED.) CURVE() 
GEOMETRIC_REPRESENTATION_ITEM() RATIONAL_B_SPLINE_CURVE((1.,0.5,1.,0.5,
1.,0.5,1.)) REPRESENTATION_ITEM('') );
#1736 = CARTESIAN_POINT('',(-39.86725574797,-11.15246644207));
#1737 = CARTESIAN_POINT('',(-37.37978715521,-12.58860710371));
#1738 = CARTESIAN_POINT('',(-39.86725574797,-14.02474776534));
#1739 = CARTESIAN_POINT('',(-42.35472434074,-15.46088842698));
#1740 = CARTESIAN_POINT('',(-42.35472434074,-12.58860710371));
#1741 = CARTESIAN_POINT('',(-42.35472434074,-9.716325780444));
#1742 = CARTESIAN_POINT('',(-39.86725574797,-11.15246644207));
#1743 = ( GEOMETRIC_REPRESENTATION_CONTEXT(2) 
PARAMETRIC_REPRESENTATION_CONTEXT() REPRESENTATION_CONTEXT('2D SPACE',''
  ) );
#1744 = PCURVE('',#1745,#1750);
#1745 = SPHERICAL_SURFACE('',#1746,3.);
#1746 = AXIS2_PLACEMENT_3D('',#1747,#1748,#1749);
#1747 = CARTESIAN_POINT('',(-3.803847577293,18.588430139593,3.));
#1748 = DIRECTION('',(-0.,-0.,-1.));
#1749 = DIRECTION('',(0.5,-0.866025403784,0.));
#1750 = DEFINITIONAL_REPRESENTATION('',(#1751),#1755);
#1751 = LINE('',#1752,#1753);
#1752 = CARTESIAN_POINT('',(-6.28318530718,-0.985110783338));
#1753 = VECTOR('',#1754,1.);
#1754 = DIRECTION('',(1.,-0.));
#1755 = ( GEOMETRIC_REPRESENTATION_CONTEXT(2) 
PARAMETRIC_REPRESENTATION_CONTEXT() REPRESENTATION_CONTEXT('2D SPACE',''
  ) );
#1756 = ORIENTED_EDGE('',*,*,#1757,.T.);
#1757 = EDGE_CURVE('',#1725,#1758,#1760,.T.);
#1758 = VERTEX_POINT('',#1759);
#1759 = CARTESIAN_POINT('',(-13.36699622511,11.152289477958,5.5));
#1760 = SURFACE_CURVE('',#1761,(#1765,#1771),.PCURVE_S1.);
#1761 = LINE('',#1762,#1763);
#1762 = CARTESIAN_POINT('',(-0.376615168351,18.652289477958,5.5));
#1763 = VECTOR('',#1764,1.);
#1764 = DIRECTION('',(-0.866025403784,-0.5,0.));
#1765 = PCURVE('',#294,#1766);
#1766 = DEFINITIONAL_REPRESENTATION('',(#1767),#1770);
#1767 = B_SPLINE_CURVE_WITH_KNOTS('',1,(#1768,#1769),.UNSPECIFIED.,.F.,
  .F.,(2,2),(2.9999994,15.0000006),.PIECEWISE_BEZIER_KNOTS.);
#1768 = CARTESIAN_POINT('',(-39.86725626759,-11.15246614207));
#1769 = CARTESIAN_POINT('',(-29.47495038294,-17.15246674207));
#1770 = ( GEOMETRIC_REPRESENTATION_CONTEXT(2) 
PARAMETRIC_REPRESENTATION_CONTEXT() REPRESENTATION_CONTEXT('2D SPACE',''
  ) );
#1771 = PCURVE('',#1772,#1777);
#1772 = CYLINDRICAL_SURFACE('',#1773,3.);
#1773 = AXIS2_PLACEMENT_3D('',#1774,#1775,#1776);
#1774 = CARTESIAN_POINT('',(-1.20577136594,20.088430139593,3.));
#1775 = DIRECTION('',(-0.866025403784,-0.5,0.));
#1776 = DIRECTION('',(0.5,-0.866025403784,-0.));
#1777 = DEFINITIONAL_REPRESENTATION('',(#1778),#1781);
#1778 = B_SPLINE_CURVE_WITH_KNOTS('',1,(#1779,#1780),.UNSPECIFIED.,.F.,
  .F.,(2,2),(2.9999994,15.0000006),.PIECEWISE_BEZIER_KNOTS.);
#1779 = CARTESIAN_POINT('',(0.985110783338,2.9999994));
#1780 = CARTESIAN_POINT('',(0.985110783338,15.0000006));
#1781 = ( GEOMETRIC_REPRESENTATION_CONTEXT(2) 
PARAMETRIC_REPRESENTATION_CONTEXT() REPRESENTATION_CONTEXT('2D SPACE',''
  ) );
#1782 = ORIENTED_EDGE('',*,*,#1783,.F.);
#1783 = EDGE_CURVE('',#1784,#1758,#1786,.T.);
#1784 = VERTEX_POINT('',#1785);
#1785 = CARTESIAN_POINT('',(-15.63229308434,11.759273942004,5.5));
#1786 = SURFACE_CURVE('',#1787,(#1792,#1799),.PCURVE_S1.);
#1787 = CIRCLE('',#1788,1.658312395178);
#1788 = AXIS2_PLACEMENT_3D('',#1789,#1790,#1791);
#1789 = CARTESIAN_POINT('',(-14.1961524227,12.588430139593,5.5));
#1790 = DIRECTION('',(0.,0.,1.));
#1791 = DIRECTION('',(0.,-1.,0.));
#1792 = PCURVE('',#294,#1793);
#1793 = DEFINITIONAL_REPRESENTATION('',(#1794),#1798);
#1794 = CIRCLE('',#1795,1.658312395178);
#1795 = AXIS2_PLACEMENT_2D('',#1796,#1797);
#1796 = CARTESIAN_POINT('',(-30.30410710015,-18.58860710371));
#1797 = DIRECTION('',(0.866025403784,0.5));
#1798 = ( GEOMETRIC_REPRESENTATION_CONTEXT(2) 
PARAMETRIC_REPRESENTATION_CONTEXT() REPRESENTATION_CONTEXT('2D SPACE',''
  ) );
#1799 = PCURVE('',#1800,#1805);
#1800 = SPHERICAL_SURFACE('',#1801,3.);
#1801 = AXIS2_PLACEMENT_3D('',#1802,#1803,#1804);
#1802 = CARTESIAN_POINT('',(-14.1961524227,12.588430139593,3.));
#1803 = DIRECTION('',(0.866025403784,0.5,-0.));
#1804 = DIRECTION('',(0.5,-0.866025403784,1.480297366167E-16));
#1805 = DEFINITIONAL_REPRESENTATION('',(#1806),#1823);
#1806 = B_SPLINE_CURVE_WITH_KNOTS('',8,(#1807,#1808,#1809,#1810,#1811,
    #1812,#1813,#1814,#1815,#1816,#1817,#1818,#1819,#1820,#1821,#1822),
  .UNSPECIFIED.,.F.,.F.,(9,7,9),(5.235987755983,6.02138591938,
    6.806784082778),.UNSPECIFIED.);
#1807 = CARTESIAN_POINT('',(-1.570796326795,-0.585685543457));
#1808 = CARTESIAN_POINT('',(-1.505674551319,-0.585685543457));
#1809 = CARTESIAN_POINT('',(-1.440553207752,-0.578378785356));
#1810 = CARTESIAN_POINT('',(-1.377226615872,-0.56376634577));
#1811 = CARTESIAN_POINT('',(-1.317508110566,-0.542191724345));
#1812 = CARTESIAN_POINT('',(-1.262732831848,-0.514368228902));
#1813 = CARTESIAN_POINT('',(-1.213471132207,-0.481120255975));
#1814 = CARTESIAN_POINT('',(-1.169965045933,-0.443264347431));
#1815 = CARTESIAN_POINT('',(-1.094476440947,-0.359884457956));
#1816 = CARTESIAN_POINT('',(-1.062494294688,-0.314360318553));
#1817 = CARTESIAN_POINT('',(-1.036285298199,-0.265776024727));
#1818 = CARTESIAN_POINT('',(-1.015642421369,-0.214858178782));
#1819 = CARTESIAN_POINT('',(-1.000332898868,-0.162251273077));
#1820 = CARTESIAN_POINT('',(-0.990184841291,-0.108536202628));
#1821 = CARTESIAN_POINT('',(-0.985110783338,-5.426814622966E-02));
#1822 = CARTESIAN_POINT('',(-0.985110783338,-2.960594732334E-16));
#1823 = ( GEOMETRIC_REPRESENTATION_CONTEXT(2) 
PARAMETRIC_REPRESENTATION_CONTEXT() REPRESENTATION_CONTEXT('2D SPACE',''
  ) );
#1824 = ORIENTED_EDGE('',*,*,#1825,.T.);
#1825 = EDGE_CURVE('',#1784,#1826,#1828,.T.);
#1826 = VERTEX_POINT('',#1827);
#1827 = CARTESIAN_POINT('',(-18.38229308434,16.522413662818,5.5));
#1828 = SURFACE_CURVE('',#1829,(#1833,#1839),.PCURVE_S1.);
#1829 = LINE('',#1830,#1831);
#1830 = CARTESIAN_POINT('',(-14.13229308434,9.161197730651,5.5));
#1831 = VECTOR('',#1832,1.);
#1832 = DIRECTION('',(-0.5,0.866025403784,0.));
#1833 = PCURVE('',#294,#1834);
#1834 = DEFINITIONAL_REPRESENTATION('',(#1835),#1838);
#1835 = B_SPLINE_CURVE_WITH_KNOTS('',1,(#1836,#1837),.UNSPECIFIED.,.F.,
  .F.,(2,2),(2.9999994,8.5000006),.PIECEWISE_BEZIER_KNOTS.);
#1836 = CARTESIAN_POINT('',(-28.86796613851,-19.41776278168));
#1837 = CARTESIAN_POINT('',(-31.61796673851,-24.18090354173));
#1838 = ( GEOMETRIC_REPRESENTATION_CONTEXT(2) 
PARAMETRIC_REPRESENTATION_CONTEXT() REPRESENTATION_CONTEXT('2D SPACE',''
  ) );
#1839 = PCURVE('',#1840,#1845);
#1840 = CYLINDRICAL_SURFACE('',#1841,3.);
#1841 = AXIS2_PLACEMENT_3D('',#1842,#1843,#1844);
#1842 = CARTESIAN_POINT('',(-12.6961524227,9.990353928239,3.));
#1843 = DIRECTION('',(-0.5,0.866025403784,0.));
#1844 = DIRECTION('',(-0.866025403784,-0.5,0.));
#1845 = DEFINITIONAL_REPRESENTATION('',(#1846),#1849);
#1846 = B_SPLINE_CURVE_WITH_KNOTS('',1,(#1847,#1848),.UNSPECIFIED.,.F.,
  .F.,(2,2),(2.9999994,8.5000006),.PIECEWISE_BEZIER_KNOTS.);
#1847 = CARTESIAN_POINT('',(0.985110783338,2.9999994));
#1848 = CARTESIAN_POINT('',(0.985110783338,8.5000006));
#1849 = ( GEOMETRIC_REPRESENTATION_CONTEXT(2) 
PARAMETRIC_REPRESENTATION_CONTEXT() REPRESENTATION_CONTEXT('2D SPACE',''
  ) );
#1850 = ORIENTED_EDGE('',*,*,#1851,.F.);
#1851 = EDGE_CURVE('',#1852,#1826,#1854,.T.);
#1852 = VERTEX_POINT('',#1853);
#1853 = CARTESIAN_POINT('',(-18.37905677636,18.186306413625,5.5));
#1854 = SURFACE_CURVE('',#1855,(#1860,#1867),.PCURVE_S1.);
#1855 = CIRCLE('',#1856,1.658312395178);
#1856 = AXIS2_PLACEMENT_3D('',#1857,#1858,#1859);
#1857 = CARTESIAN_POINT('',(-16.9461524227,17.351569860407,5.5));
#1858 = DIRECTION('',(0.,0.,1.));
#1859 = DIRECTION('',(0.,-1.,0.));
#1860 = PCURVE('',#294,#1861);
#1861 = DEFINITIONAL_REPRESENTATION('',(#1862),#1866);
#1862 = CIRCLE('',#1863,1.658312395178);
#1863 = AXIS2_PLACEMENT_2D('',#1864,#1865);
#1864 = CARTESIAN_POINT('',(-33.05410710015,-23.35174682452));
#1865 = DIRECTION('',(0.866025403784,0.5));
#1866 = ( GEOMETRIC_REPRESENTATION_CONTEXT(2) 
PARAMETRIC_REPRESENTATION_CONTEXT() REPRESENTATION_CONTEXT('2D SPACE',''
  ) );
#1867 = PCURVE('',#1868,#1873);
#1868 = SPHERICAL_SURFACE('',#1869,3.);
#1869 = AXIS2_PLACEMENT_3D('',#1870,#1871,#1872);
#1870 = CARTESIAN_POINT('',(-16.9461524227,17.351569860407,3.));
#1871 = DIRECTION('',(0.866025403784,0.5,-0.));
#1872 = DIRECTION('',(-0.5,0.866025403784,1.480297366167E-16));
#1873 = DEFINITIONAL_REPRESENTATION('',(#1874),#1891);
#1874 = B_SPLINE_CURVE_WITH_KNOTS('',8,(#1875,#1876,#1877,#1878,#1879,
    #1880,#1881,#1882,#1883,#1884,#1885,#1886,#1887,#1888,#1889,#1890),
  .UNSPECIFIED.,.F.,.F.,(9,7,9),(3.665191429188,4.450589592586,
    5.235987755983),.UNSPECIFIED.);
#1875 = CARTESIAN_POINT('',(0.985110783338,0.));
#1876 = CARTESIAN_POINT('',(0.985110783338,-5.426814622966E-02));
#1877 = CARTESIAN_POINT('',(0.990184841291,-0.108536202628));
#1878 = CARTESIAN_POINT('',(1.000332898868,-0.162251273077));
#1879 = CARTESIAN_POINT('',(1.015642421369,-0.214858178782));
#1880 = CARTESIAN_POINT('',(1.036285298199,-0.265776024727));
#1881 = CARTESIAN_POINT('',(1.062494294689,-0.314360318553));
#1882 = CARTESIAN_POINT('',(1.094476440947,-0.359884457956));
#1883 = CARTESIAN_POINT('',(1.169965045933,-0.443264347431));
#1884 = CARTESIAN_POINT('',(1.213471132211,-0.481120255975));
#1885 = CARTESIAN_POINT('',(1.262732831834,-0.514368228902));
#1886 = CARTESIAN_POINT('',(1.317508110587,-0.542191724347));
#1887 = CARTESIAN_POINT('',(1.377226615855,-0.563766345768));
#1888 = CARTESIAN_POINT('',(1.440553207756,-0.578378785356));
#1889 = CARTESIAN_POINT('',(1.505674551319,-0.585685543457));
#1890 = CARTESIAN_POINT('',(1.570796326795,-0.585685543457));
#1891 = ( GEOMETRIC_REPRESENTATION_CONTEXT(2) 
PARAMETRIC_REPRESENTATION_CONTEXT() REPRESENTATION_CONTEXT('2D SPACE',''
  ) );
#1892 = ORIENTED_EDGE('',*,*,#1893,.F.);
#1893 = EDGE_CURVE('',#1894,#1852,#1896,.T.);
#1894 = VERTEX_POINT('',#1895);
#1895 = CARTESIAN_POINT('',(-6.559937880189,25.009871071952,5.5));
#1896 = SURFACE_CURVE('',#1897,(#1902,#1909),.PCURVE_S1.);
#1897 = CIRCLE('',#1898,7.);
#1898 = AXIS2_PLACEMENT_3D('',#1899,#1900,#1901);
#1899 = CARTESIAN_POINT('',(-13.25,22.95,5.5));
#1900 = DIRECTION('',(0.,-0.,1.));
#1901 = DIRECTION('',(0.955723159973,0.294267295993,0.));
#1902 = PCURVE('',#294,#1903);
#1903 = DEFINITIONAL_REPRESENTATION('',(#1904),#1908);
#1904 = CIRCLE('',#1905,7.);
#1905 = AXIS2_PLACEMENT_2D('',#1906,#1907);
#1906 = CARTESIAN_POINT('',(-39.7505660337,-22.95));
#1907 = DIRECTION('',(-0.73270453382,0.680546887525));
#1908 = ( GEOMETRIC_REPRESENTATION_CONTEXT(2) 
PARAMETRIC_REPRESENTATION_CONTEXT() REPRESENTATION_CONTEXT('2D SPACE',''
  ) );
#1909 = PCURVE('',#837,#1910);
#1910 = DEFINITIONAL_REPRESENTATION('',(#1911),#1915);
#1911 = LINE('',#1912,#1913);
#1912 = CARTESIAN_POINT('',(4.487478984083,11.));
#1913 = VECTOR('',#1914,1.);
#1914 = DIRECTION('',(1.,0.));
#1915 = ( GEOMETRIC_REPRESENTATION_CONTEXT(2) 
PARAMETRIC_REPRESENTATION_CONTEXT() REPRESENTATION_CONTEXT('2D SPACE',''
  ) );
#1916 = ORIENTED_EDGE('',*,*,#1917,.T.);
#1917 = EDGE_CURVE('',#1894,#1699,#1918,.T.);
#1918 = SURFACE_CURVE('',#1919,(#1924,#1935),.PCURVE_S1.);
#1919 = CIRCLE('',#1920,1.658312395178);
#1920 = AXIS2_PLACEMENT_3D('',#1921,#1922,#1923);
#1921 = CARTESIAN_POINT('',(-6.553847577293,23.351569860407,5.5));
#1922 = DIRECTION('',(-0.,0.,-1.));
#1923 = DIRECTION('',(-0.5,0.866025403784,0.));
#1924 = PCURVE('',#294,#1925);
#1925 = DEFINITIONAL_REPRESENTATION('',(#1926),#1934);
#1926 = ( BOUNDED_CURVE() B_SPLINE_CURVE(2,(#1927,#1928,#1929,#1930,
#1931,#1932,#1933),.UNSPECIFIED.,.T.,.F.) B_SPLINE_CURVE_WITH_KNOTS((1,2
    ,2,2,2,1),(-2.094395102393,0.,2.094395102393,4.188790204786,
6.28318530718,8.377580409573),.UNSPECIFIED.) CURVE() 
GEOMETRIC_REPRESENTATION_ITEM() RATIONAL_B_SPLINE_CURVE((1.,0.5,1.,0.5,
1.,0.5,1.)) REPRESENTATION_ITEM('') );
#1927 = CARTESIAN_POINT('',(-44.27556814315,-18.78788748616));
#1928 = CARTESIAN_POINT('',(-46.76303673592,-17.35174682452));
#1929 = CARTESIAN_POINT('',(-44.27556814315,-15.91560616289));
#1930 = CARTESIAN_POINT('',(-41.78809955038,-14.47946550125));
#1931 = CARTESIAN_POINT('',(-41.78809955038,-17.35174682452));
#1932 = CARTESIAN_POINT('',(-41.78809955038,-20.22402814779));
#1933 = CARTESIAN_POINT('',(-44.27556814315,-18.78788748616));
#1934 = ( GEOMETRIC_REPRESENTATION_CONTEXT(2) 
PARAMETRIC_REPRESENTATION_CONTEXT() REPRESENTATION_CONTEXT('2D SPACE',''
  ) );
#1935 = PCURVE('',#1936,#1941);
#1936 = SPHERICAL_SURFACE('',#1937,3.);
#1937 = AXIS2_PLACEMENT_3D('',#1938,#1939,#1940);
#1938 = CARTESIAN_POINT('',(-6.553847577293,23.351569860407,3.));
#1939 = DIRECTION('',(-0.,-0.,-1.));
#1940 = DIRECTION('',(-0.5,0.866025403784,0.));
#1941 = DEFINITIONAL_REPRESENTATION('',(#1942),#1946);
#1942 = LINE('',#1943,#1944);
#1943 = CARTESIAN_POINT('',(0.,-0.985110783338));
#1944 = VECTOR('',#1945,1.);
#1945 = DIRECTION('',(1.,0.));
#1946 = ( GEOMETRIC_REPRESENTATION_CONTEXT(2) 
PARAMETRIC_REPRESENTATION_CONTEXT() REPRESENTATION_CONTEXT('2D SPACE',''
  ) );
#1947 = FACE_BOUND('',#1948,.F.);
#1948 = EDGE_LOOP('',(#1949));
#1949 = ORIENTED_EDGE('',*,*,#1950,.F.);
#1950 = EDGE_CURVE('',#1951,#1951,#1953,.T.);
#1951 = VERTEX_POINT('',#1952);
#1952 = CARTESIAN_POINT('',(7.,-1.714505518806E-15,5.5));
#1953 = SURFACE_CURVE('',#1954,(#1959,#1966),.PCURVE_S1.);
#1954 = CIRCLE('',#1955,7.);
#1955 = AXIS2_PLACEMENT_3D('',#1956,#1957,#1958);
#1956 = CARTESIAN_POINT('',(0.,0.,5.5));
#1957 = DIRECTION('',(0.,0.,1.));
#1958 = DIRECTION('',(1.,0.,0.));
#1959 = PCURVE('',#294,#1960);
#1960 = DEFINITIONAL_REPRESENTATION('',(#1961),#1965);
#1961 = CIRCLE('',#1962,7.);
#1962 = AXIS2_PLACEMENT_2D('',#1963,#1964);
#1963 = CARTESIAN_POINT('',(-26.50028301685,-1.633998562003E-04));
#1964 = DIRECTION('',(-0.5,0.866025403784));
#1965 = ( GEOMETRIC_REPRESENTATION_CONTEXT(2) 
PARAMETRIC_REPRESENTATION_CONTEXT() REPRESENTATION_CONTEXT('2D SPACE',''
  ) );
#1966 = PCURVE('',#921,#1967);
#1967 = DEFINITIONAL_REPRESENTATION('',(#1968),#1972);
#1968 = LINE('',#1969,#1970);
#1969 = CARTESIAN_POINT('',(0.,11.));
#1970 = VECTOR('',#1971,1.);
#1971 = DIRECTION('',(1.,0.));
#1972 = ( GEOMETRIC_REPRESENTATION_CONTEXT(2) 
PARAMETRIC_REPRESENTATION_CONTEXT() REPRESENTATION_CONTEXT('2D SPACE',''
  ) );
#1973 = FACE_BOUND('',#1974,.F.);
#1974 = EDGE_LOOP('',(#1975,#2003,#2036,#2062,#2104,#2130,#2172,#2196));
#1975 = ORIENTED_EDGE('',*,*,#1976,.F.);
#1976 = EDGE_CURVE('',#1977,#1979,#1981,.T.);
#1977 = VERTEX_POINT('',#1978);
#1978 = CARTESIAN_POINT('',(18.,-7.658312395178,5.5));
#1979 = VERTEX_POINT('',#1980);
#1980 = CARTESIAN_POINT('',(23.5,-7.658312395178,5.5));
#1981 = SURFACE_CURVE('',#1982,(#1986,#1992),.PCURVE_S1.);
#1982 = LINE('',#1983,#1984);
#1983 = CARTESIAN_POINT('',(15.,-7.658312395178,5.5));
#1984 = VECTOR('',#1985,1.);
#1985 = DIRECTION('',(1.,0.,0.));
#1986 = PCURVE('',#294,#1987);
#1987 = DEFINITIONAL_REPRESENTATION('',(#1988),#1991);
#1988 = B_SPLINE_CURVE_WITH_KNOTS('',1,(#1989,#1990),.UNSPECIFIED.,.F.,
  .F.,(2,2),(2.9999994,8.5000006),.PIECEWISE_BEZIER_KNOTS.);
#1989 = CARTESIAN_POINT('',(-28.86798963251,19.417449546237));
#1990 = CARTESIAN_POINT('',(-31.61799023251,24.180590306282));
#1991 = ( GEOMETRIC_REPRESENTATION_CONTEXT(2) 
PARAMETRIC_REPRESENTATION_CONTEXT() REPRESENTATION_CONTEXT('2D SPACE',''
  ) );
#1992 = PCURVE('',#1993,#1998);
#1993 = CYLINDRICAL_SURFACE('',#1994,3.);
#1994 = AXIS2_PLACEMENT_3D('',#1995,#1996,#1997);
#1995 = CARTESIAN_POINT('',(15.,-6.,3.));
#1996 = DIRECTION('',(1.,0.,0.));
#1997 = DIRECTION('',(0.,-1.,0.));
#1998 = DEFINITIONAL_REPRESENTATION('',(#1999),#2002);
#1999 = B_SPLINE_CURVE_WITH_KNOTS('',1,(#2000,#2001),.UNSPECIFIED.,.F.,
  .F.,(2,2),(2.9999994,8.5000006),.PIECEWISE_BEZIER_KNOTS.);
#2000 = CARTESIAN_POINT('',(-0.985110783338,2.9999994));
#2001 = CARTESIAN_POINT('',(-0.985110783338,8.5000006));
#2002 = ( GEOMETRIC_REPRESENTATION_CONTEXT(2) 
PARAMETRIC_REPRESENTATION_CONTEXT() REPRESENTATION_CONTEXT('2D SPACE',''
  ) );
#2003 = ORIENTED_EDGE('',*,*,#2004,.T.);
#2004 = EDGE_CURVE('',#1977,#2005,#2007,.T.);
#2005 = VERTEX_POINT('',#2006);
#2006 = CARTESIAN_POINT('',(16.341687604822,-6.,5.5));
#2007 = SURFACE_CURVE('',#2008,(#2013,#2024),.PCURVE_S1.);
#2008 = CIRCLE('',#2009,1.658312395178);
#2009 = AXIS2_PLACEMENT_3D('',#2010,#2011,#2012);
#2010 = CARTESIAN_POINT('',(18.,-6.,5.5));
#2011 = DIRECTION('',(-0.,0.,-1.));
#2012 = DIRECTION('',(-1.,0.,0.));
#2013 = PCURVE('',#294,#2014);
#2014 = DEFINITIONAL_REPRESENTATION('',(#2015),#2023);
#2015 = ( BOUNDED_CURVE() B_SPLINE_CURVE(2,(#2016,#2017,#2018,#2019,
#2020,#2021,#2022),.UNSPECIFIED.,.T.,.F.) B_SPLINE_CURVE_WITH_KNOTS((1,2
    ,2,2,2,1),(-2.094395102393,0.,2.094395102393,4.188790204786,
6.28318530718,8.377580409573),.UNSPECIFIED.) CURVE() 
GEOMETRIC_REPRESENTATION_ITEM() RATIONAL_B_SPLINE_CURVE((1.,0.5,1.,0.5,
1.,0.5,1.)) REPRESENTATION_ITEM('') );
#2016 = CARTESIAN_POINT('',(-29.47497439655,17.152153206629));
#2017 = CARTESIAN_POINT('',(-31.96244298932,15.716012544995));
#2018 = CARTESIAN_POINT('',(-31.96244298932,18.588293868264));
#2019 = CARTESIAN_POINT('',(-31.96244298932,21.460575191533));
#2020 = CARTESIAN_POINT('',(-29.47497439655,20.024434529898));
#2021 = CARTESIAN_POINT('',(-26.98750580379,18.588293868264));
#2022 = CARTESIAN_POINT('',(-29.47497439655,17.152153206629));
#2023 = ( GEOMETRIC_REPRESENTATION_CONTEXT(2) 
PARAMETRIC_REPRESENTATION_CONTEXT() REPRESENTATION_CONTEXT('2D SPACE',''
  ) );
#2024 = PCURVE('',#2025,#2030);
#2025 = SPHERICAL_SURFACE('',#2026,3.);
#2026 = AXIS2_PLACEMENT_3D('',#2027,#2028,#2029);
#2027 = CARTESIAN_POINT('',(18.,-6.,3.));
#2028 = DIRECTION('',(-0.,-0.,-1.));
#2029 = DIRECTION('',(-1.,0.,0.));
#2030 = DEFINITIONAL_REPRESENTATION('',(#2031),#2035);
#2031 = LINE('',#2032,#2033);
#2032 = CARTESIAN_POINT('',(-6.28318530718,-0.985110783338));
#2033 = VECTOR('',#2034,1.);
#2034 = DIRECTION('',(1.,-0.));
#2035 = ( GEOMETRIC_REPRESENTATION_CONTEXT(2) 
PARAMETRIC_REPRESENTATION_CONTEXT() REPRESENTATION_CONTEXT('2D SPACE',''
  ) );
#2036 = ORIENTED_EDGE('',*,*,#2037,.T.);
#2037 = EDGE_CURVE('',#2005,#2038,#2040,.T.);
#2038 = VERTEX_POINT('',#2039);
#2039 = CARTESIAN_POINT('',(16.341687604822,6.,5.5));
#2040 = SURFACE_CURVE('',#2041,(#2045,#2051),.PCURVE_S1.);
#2041 = LINE('',#2042,#2043);
#2042 = CARTESIAN_POINT('',(16.341687604822,-9.,5.5));
#2043 = VECTOR('',#2044,1.);
#2044 = DIRECTION('',(0.,1.,0.));
#2045 = PCURVE('',#294,#2046);
#2046 = DEFINITIONAL_REPRESENTATION('',(#2047),#2050);
#2047 = B_SPLINE_CURVE_WITH_KNOTS('',1,(#2048,#2049),.UNSPECIFIED.,.F.,
  .F.,(2,2),(2.9999994,15.0000006),.PIECEWISE_BEZIER_KNOTS.);
#2048 = CARTESIAN_POINT('',(-29.47497387694,17.152153506629));
#2049 = CARTESIAN_POINT('',(-39.86727976158,11.152152906629));
#2050 = ( GEOMETRIC_REPRESENTATION_CONTEXT(2) 
PARAMETRIC_REPRESENTATION_CONTEXT() REPRESENTATION_CONTEXT('2D SPACE',''
  ) );
#2051 = PCURVE('',#2052,#2057);
#2052 = CYLINDRICAL_SURFACE('',#2053,3.);
#2053 = AXIS2_PLACEMENT_3D('',#2054,#2055,#2056);
#2054 = CARTESIAN_POINT('',(18.,-9.,3.));
#2055 = DIRECTION('',(0.,1.,0.));
#2056 = DIRECTION('',(-1.,0.,0.));
#2057 = DEFINITIONAL_REPRESENTATION('',(#2058),#2061);
#2058 = B_SPLINE_CURVE_WITH_KNOTS('',1,(#2059,#2060),.UNSPECIFIED.,.F.,
  .F.,(2,2),(2.9999994,15.0000006),.PIECEWISE_BEZIER_KNOTS.);
#2059 = CARTESIAN_POINT('',(0.985110783338,2.9999994));
#2060 = CARTESIAN_POINT('',(0.985110783338,15.0000006));
#2061 = ( GEOMETRIC_REPRESENTATION_CONTEXT(2) 
PARAMETRIC_REPRESENTATION_CONTEXT() REPRESENTATION_CONTEXT('2D SPACE',''
  ) );
#2062 = ORIENTED_EDGE('',*,*,#2063,.F.);
#2063 = EDGE_CURVE('',#2064,#2038,#2066,.T.);
#2064 = VERTEX_POINT('',#2065);
#2065 = CARTESIAN_POINT('',(18.,7.658312395178,5.5));
#2066 = SURFACE_CURVE('',#2067,(#2072,#2079),.PCURVE_S1.);
#2067 = CIRCLE('',#2068,1.658312395178);
#2068 = AXIS2_PLACEMENT_3D('',#2069,#2070,#2071);
#2069 = CARTESIAN_POINT('',(18.,6.,5.5));
#2070 = DIRECTION('',(0.,0.,1.));
#2071 = DIRECTION('',(0.,-1.,0.));
#2072 = PCURVE('',#294,#2073);
#2073 = DEFINITIONAL_REPRESENTATION('',(#2074),#2078);
#2074 = CIRCLE('',#2075,1.658312395178);
#2075 = AXIS2_PLACEMENT_2D('',#2076,#2077);
#2076 = CARTESIAN_POINT('',(-40.69643543956,12.588293868264));
#2077 = DIRECTION('',(0.866025403784,0.5));
#2078 = ( GEOMETRIC_REPRESENTATION_CONTEXT(2) 
PARAMETRIC_REPRESENTATION_CONTEXT() REPRESENTATION_CONTEXT('2D SPACE',''
  ) );
#2079 = PCURVE('',#2080,#2085);
#2080 = SPHERICAL_SURFACE('',#2081,3.);
#2081 = AXIS2_PLACEMENT_3D('',#2082,#2083,#2084);
#2082 = CARTESIAN_POINT('',(18.,6.,3.));
#2083 = DIRECTION('',(-0.,-1.,-0.));
#2084 = DIRECTION('',(-1.,0.,1.480297366167E-16));
#2085 = DEFINITIONAL_REPRESENTATION('',(#2086),#2103);
#2086 = B_SPLINE_CURVE_WITH_KNOTS('',8,(#2087,#2088,#2089,#2090,#2091,
    #2092,#2093,#2094,#2095,#2096,#2097,#2098,#2099,#2100,#2101,#2102),
  .UNSPECIFIED.,.F.,.F.,(9,7,9),(3.14159265359,3.926990816987,
    4.712388980385),.UNSPECIFIED.);
#2087 = CARTESIAN_POINT('',(-1.570796326795,-0.585685543457));
#2088 = CARTESIAN_POINT('',(-1.505674551319,-0.585685543457));
#2089 = CARTESIAN_POINT('',(-1.440553207755,-0.578378785355));
#2090 = CARTESIAN_POINT('',(-1.377226615862,-0.563766345772));
#2091 = CARTESIAN_POINT('',(-1.317508110585,-0.542191724342));
#2092 = CARTESIAN_POINT('',(-1.262732831838,-0.514368228906));
#2093 = CARTESIAN_POINT('',(-1.21347113221,-0.481120255974));
#2094 = CARTESIAN_POINT('',(-1.169965045933,-0.443264347431));
#2095 = CARTESIAN_POINT('',(-1.094476440947,-0.359884457956));
#2096 = CARTESIAN_POINT('',(-1.062494294688,-0.314360318553));
#2097 = CARTESIAN_POINT('',(-1.036285298199,-0.265776024727));
#2098 = CARTESIAN_POINT('',(-1.015642421369,-0.214858178782));
#2099 = CARTESIAN_POINT('',(-1.000332898868,-0.162251273077));
#2100 = CARTESIAN_POINT('',(-0.990184841291,-0.108536202628));
#2101 = CARTESIAN_POINT('',(-0.985110783338,-5.426814622966E-02));
#2102 = CARTESIAN_POINT('',(-0.985110783338,0.));
#2103 = ( GEOMETRIC_REPRESENTATION_CONTEXT(2) 
PARAMETRIC_REPRESENTATION_CONTEXT() REPRESENTATION_CONTEXT('2D SPACE',''
  ) );
#2104 = ORIENTED_EDGE('',*,*,#2105,.T.);
#2105 = EDGE_CURVE('',#2064,#2106,#2108,.T.);
#2106 = VERTEX_POINT('',#2107);
#2107 = CARTESIAN_POINT('',(23.5,7.658312395178,5.5));
#2108 = SURFACE_CURVE('',#2109,(#2113,#2119),.PCURVE_S1.);
#2109 = LINE('',#2110,#2111);
#2110 = CARTESIAN_POINT('',(15.,7.658312395178,5.5));
#2111 = VECTOR('',#2112,1.);
#2112 = DIRECTION('',(1.,0.,0.));
#2113 = PCURVE('',#294,#2114);
#2114 = DEFINITIONAL_REPRESENTATION('',(#2115),#2118);
#2115 = B_SPLINE_CURVE_WITH_KNOTS('',1,(#2116,#2117),.UNSPECIFIED.,.F.,
  .F.,(2,2),(2.9999994,8.5000006),.PIECEWISE_BEZIER_KNOTS.);
#2116 = CARTESIAN_POINT('',(-42.13257580119,11.75913715106));
#2117 = CARTESIAN_POINT('',(-44.88257640119,16.522277911104));
#2118 = ( GEOMETRIC_REPRESENTATION_CONTEXT(2) 
PARAMETRIC_REPRESENTATION_CONTEXT() REPRESENTATION_CONTEXT('2D SPACE',''
  ) );
#2119 = PCURVE('',#2120,#2125);
#2120 = CYLINDRICAL_SURFACE('',#2121,3.);
#2121 = AXIS2_PLACEMENT_3D('',#2122,#2123,#2124);
#2122 = CARTESIAN_POINT('',(15.,6.,3.));
#2123 = DIRECTION('',(1.,0.,0.));
#2124 = DIRECTION('',(-0.,1.,0.));
#2125 = DEFINITIONAL_REPRESENTATION('',(#2126),#2129);
#2126 = B_SPLINE_CURVE_WITH_KNOTS('',1,(#2127,#2128),.UNSPECIFIED.,.F.,
  .F.,(2,2),(2.9999994,8.5000006),.PIECEWISE_BEZIER_KNOTS.);
#2127 = CARTESIAN_POINT('',(0.985110783338,2.9999994));
#2128 = CARTESIAN_POINT('',(0.985110783338,8.5000006));
#2129 = ( GEOMETRIC_REPRESENTATION_CONTEXT(2) 
PARAMETRIC_REPRESENTATION_CONTEXT() REPRESENTATION_CONTEXT('2D SPACE',''
  ) );
#2130 = ORIENTED_EDGE('',*,*,#2131,.F.);
#2131 = EDGE_CURVE('',#2132,#2106,#2134,.T.);
#2132 = VERTEX_POINT('',#2133);
#2133 = CARTESIAN_POINT('',(24.939230208729,6.823781771031,5.5));
#2134 = SURFACE_CURVE('',#2135,(#2140,#2147),.PCURVE_S1.);
#2135 = CIRCLE('',#2136,1.658312395178);
#2136 = AXIS2_PLACEMENT_3D('',#2137,#2138,#2139);
#2137 = CARTESIAN_POINT('',(23.5,6.,5.5));
#2138 = DIRECTION('',(0.,0.,1.));
#2139 = DIRECTION('',(0.,-1.,0.));
#2140 = PCURVE('',#294,#2141);
#2141 = DEFINITIONAL_REPRESENTATION('',(#2142),#2146);
#2142 = CIRCLE('',#2143,1.658312395178);
#2143 = AXIS2_PLACEMENT_2D('',#2144,#2145);
#2144 = CARTESIAN_POINT('',(-43.44643543956,17.351433589078));
#2145 = DIRECTION('',(0.866025403784,0.5));
#2146 = ( GEOMETRIC_REPRESENTATION_CONTEXT(2) 
PARAMETRIC_REPRESENTATION_CONTEXT() REPRESENTATION_CONTEXT('2D SPACE',''
  ) );
#2147 = PCURVE('',#2148,#2153);
#2148 = SPHERICAL_SURFACE('',#2149,3.);
#2149 = AXIS2_PLACEMENT_3D('',#2150,#2151,#2152);
#2150 = CARTESIAN_POINT('',(23.5,6.,3.));
#2151 = DIRECTION('',(-0.,-1.,-0.));
#2152 = DIRECTION('',(1.,-0.,1.480297366167E-16));
#2153 = DEFINITIONAL_REPRESENTATION('',(#2154),#2171);
#2154 = B_SPLINE_CURVE_WITH_KNOTS('',8,(#2155,#2156,#2157,#2158,#2159,
    #2160,#2161,#2162,#2163,#2164,#2165,#2166,#2167,#2168,#2169,#2170),
  .UNSPECIFIED.,.F.,.F.,(9,7,9),(1.570796326795,2.356194490192,
    3.14159265359),.UNSPECIFIED.);
#2155 = CARTESIAN_POINT('',(0.985110783338,0.));
#2156 = CARTESIAN_POINT('',(0.985110783338,-5.426814622966E-02));
#2157 = CARTESIAN_POINT('',(0.990184841291,-0.108536202628));
#2158 = CARTESIAN_POINT('',(1.000332898868,-0.162251273077));
#2159 = CARTESIAN_POINT('',(1.015642421369,-0.214858178782));
#2160 = CARTESIAN_POINT('',(1.036285298199,-0.265776024727));
#2161 = CARTESIAN_POINT('',(1.062494294688,-0.314360318553));
#2162 = CARTESIAN_POINT('',(1.094476440947,-0.359884457956));
#2163 = CARTESIAN_POINT('',(1.169965045933,-0.443264347431));
#2164 = CARTESIAN_POINT('',(1.21347113221,-0.481120255975));
#2165 = CARTESIAN_POINT('',(1.262732831837,-0.514368228903));
#2166 = CARTESIAN_POINT('',(1.317508110578,-0.542191724345));
#2167 = CARTESIAN_POINT('',(1.377226615862,-0.563766345771));
#2168 = CARTESIAN_POINT('',(1.440553207754,-0.578378785355));
#2169 = CARTESIAN_POINT('',(1.505674551319,-0.585685543457));
#2170 = CARTESIAN_POINT('',(1.570796326795,-0.585685543457));
#2171 = ( GEOMETRIC_REPRESENTATION_CONTEXT(2) 
PARAMETRIC_REPRESENTATION_CONTEXT() REPRESENTATION_CONTEXT('2D SPACE',''
  ) );
#2172 = ORIENTED_EDGE('',*,*,#2173,.F.);
#2173 = EDGE_CURVE('',#2174,#2132,#2176,.T.);
#2174 = VERTEX_POINT('',#2175);
#2175 = CARTESIAN_POINT('',(24.939230208728,-6.823781771031,5.5));
#2176 = SURFACE_CURVE('',#2177,(#2182,#2189),.PCURVE_S1.);
#2177 = CIRCLE('',#2178,7.);
#2178 = AXIS2_PLACEMENT_3D('',#2179,#2180,#2181);
#2179 = CARTESIAN_POINT('',(26.5,0.,5.5));
#2180 = DIRECTION('',(0.,0.,1.));
#2181 = DIRECTION('',(-0.222967113039,-0.97482596729,0.));
#2182 = PCURVE('',#294,#2183);
#2183 = DEFINITIONAL_REPRESENTATION('',(#2184),#2188);
#2184 = CIRCLE('',#2185,7.);
#2185 = AXIS2_PLACEMENT_2D('',#2186,#2187);
#2186 = CARTESIAN_POINT('',(-39.75028301685,22.949509800431));
#2187 = DIRECTION('',(0.955707608461,0.294317799545));
#2188 = ( GEOMETRIC_REPRESENTATION_CONTEXT(2) 
PARAMETRIC_REPRESENTATION_CONTEXT() REPRESENTATION_CONTEXT('2D SPACE',''
  ) );
#2189 = PCURVE('',#1097,#2190);
#2190 = DEFINITIONAL_REPRESENTATION('',(#2191),#2195);
#2191 = LINE('',#2192,#2193);
#2192 = CARTESIAN_POINT('',(4.487531827798,11.));
#2193 = VECTOR('',#2194,1.);
#2194 = DIRECTION('',(1.,0.));
#2195 = ( GEOMETRIC_REPRESENTATION_CONTEXT(2) 
PARAMETRIC_REPRESENTATION_CONTEXT() REPRESENTATION_CONTEXT('2D SPACE',''
  ) );
#2196 = ORIENTED_EDGE('',*,*,#2197,.T.);
#2197 = EDGE_CURVE('',#2174,#1979,#2198,.T.);
#2198 = SURFACE_CURVE('',#2199,(#2204,#2215),.PCURVE_S1.);
#2199 = CIRCLE('',#2200,1.658312395178);
#2200 = AXIS2_PLACEMENT_3D('',#2201,#2202,#2203);
#2201 = CARTESIAN_POINT('',(23.5,-6.,5.5));
#2202 = DIRECTION('',(0.,0.,-1.));
#2203 = DIRECTION('',(1.,0.,0.));
#2204 = PCURVE('',#294,#2205);
#2205 = DEFINITIONAL_REPRESENTATION('',(#2206),#2214);
#2206 = ( BOUNDED_CURVE() B_SPLINE_CURVE(2,(#2207,#2208,#2209,#2210,
#2211,#2212,#2213),.UNSPECIFIED.,.T.,.F.) B_SPLINE_CURVE_WITH_KNOTS((1,2
    ,2,2,2,1),(-2.094395102393,0.,2.094395102393,4.188790204786,
6.28318530718,8.377580409573),.UNSPECIFIED.) CURVE() 
GEOMETRIC_REPRESENTATION_ITEM() RATIONAL_B_SPLINE_CURVE((1.,0.5,1.,0.5,
1.,0.5,1.)) REPRESENTATION_ITEM('') );
#2207 = CARTESIAN_POINT('',(-33.88328679173,24.787574250713));
#2208 = CARTESIAN_POINT('',(-31.39581819896,26.223714912347));
#2209 = CARTESIAN_POINT('',(-31.39581819896,23.351433589078));
#2210 = CARTESIAN_POINT('',(-31.39581819896,20.479152265809));
#2211 = CARTESIAN_POINT('',(-33.88328679173,21.915292927444));
#2212 = CARTESIAN_POINT('',(-36.3707553845,23.351433589078));
#2213 = CARTESIAN_POINT('',(-33.88328679173,24.787574250713));
#2214 = ( GEOMETRIC_REPRESENTATION_CONTEXT(2) 
PARAMETRIC_REPRESENTATION_CONTEXT() REPRESENTATION_CONTEXT('2D SPACE',''
  ) );
#2215 = PCURVE('',#2216,#2221);
#2216 = SPHERICAL_SURFACE('',#2217,3.);
#2217 = AXIS2_PLACEMENT_3D('',#2218,#2219,#2220);
#2218 = CARTESIAN_POINT('',(23.5,-6.,3.));
#2219 = DIRECTION('',(-0.,-0.,-1.));
#2220 = DIRECTION('',(1.,0.,0.));
#2221 = DEFINITIONAL_REPRESENTATION('',(#2222),#2226);
#2222 = LINE('',#2223,#2224);
#2223 = CARTESIAN_POINT('',(0.,-0.985110783338));
#2224 = VECTOR('',#2225,1.);
#2225 = DIRECTION('',(1.,0.));
#2226 = ( GEOMETRIC_REPRESENTATION_CONTEXT(2) 
PARAMETRIC_REPRESENTATION_CONTEXT() REPRESENTATION_CONTEXT('2D SPACE',''
  ) );
#2227 = FACE_BOUND('',#2228,.F.);
#2228 = EDGE_LOOP('',(#2229,#2250,#2283,#2309,#2351,#2377,#2412,#2413));
#2229 = ORIENTED_EDGE('',*,*,#2230,.F.);
#2230 = EDGE_CURVE('',#2231,#1456,#2233,.T.);
#2231 = VERTEX_POINT('',#2232);
#2232 = CARTESIAN_POINT('',(-15.63229308434,-11.759273942,5.5));
#2233 = SURFACE_CURVE('',#2234,(#2238,#2244),.PCURVE_S1.);
#2234 = LINE('',#2235,#2236);
#2235 = CARTESIAN_POINT('',(-14.13229308434,-9.161197730651,5.5));
#2236 = VECTOR('',#2237,1.);
#2237 = DIRECTION('',(-0.5,-0.866025403784,0.));
#2238 = PCURVE('',#294,#2239);
#2239 = DEFINITIONAL_REPRESENTATION('',(#2240),#2243);
#2240 = B_SPLINE_CURVE_WITH_KNOTS('',1,(#2241,#2242),.UNSPECIFIED.,.F.,
  .F.,(2,2),(2.9999994,8.5000006),.PIECEWISE_BEZIER_KNOTS.);
#2241 = CARTESIAN_POINT('',(-8.500307110847,-7.658489359297));
#2242 = CARTESIAN_POINT('',(-3.000305910846,-7.658489359297));
#2243 = ( GEOMETRIC_REPRESENTATION_CONTEXT(2) 
PARAMETRIC_REPRESENTATION_CONTEXT() REPRESENTATION_CONTEXT('2D SPACE',''
  ) );
#2244 = PCURVE('',#1497,#2245);
#2245 = DEFINITIONAL_REPRESENTATION('',(#2246),#2249);
#2246 = B_SPLINE_CURVE_WITH_KNOTS('',1,(#2247,#2248),.UNSPECIFIED.,.F.,
  .F.,(2,2),(2.9999994,8.5000006),.PIECEWISE_BEZIER_KNOTS.);
#2247 = CARTESIAN_POINT('',(-0.985110783338,2.9999994));
#2248 = CARTESIAN_POINT('',(-0.985110783338,8.5000006));
#2249 = ( GEOMETRIC_REPRESENTATION_CONTEXT(2) 
PARAMETRIC_REPRESENTATION_CONTEXT() REPRESENTATION_CONTEXT('2D SPACE',''
  ) );
#2250 = ORIENTED_EDGE('',*,*,#2251,.T.);
#2251 = EDGE_CURVE('',#2231,#2252,#2254,.T.);
#2252 = VERTEX_POINT('',#2253);
#2253 = CARTESIAN_POINT('',(-13.36699622511,-11.15228947795,5.5));
#2254 = SURFACE_CURVE('',#2255,(#2260,#2271),.PCURVE_S1.);
#2255 = CIRCLE('',#2256,1.658312395178);
#2256 = AXIS2_PLACEMENT_3D('',#2257,#2258,#2259);
#2257 = CARTESIAN_POINT('',(-14.1961524227,-12.58843013959,5.5));
#2258 = DIRECTION('',(0.,-0.,-1.));
#2259 = DIRECTION('',(0.5,0.866025403784,-0.));
#2260 = PCURVE('',#294,#2261);
#2261 = DEFINITIONAL_REPRESENTATION('',(#2262),#2270);
#2262 = ( BOUNDED_CURVE() B_SPLINE_CURVE(2,(#2263,#2264,#2265,#2266,
#2267,#2268,#2269),.UNSPECIFIED.,.T.,.F.) B_SPLINE_CURVE_WITH_KNOTS((1,2
    ,2,2,2,1),(-2.094395102393,0.,2.094395102393,4.188790204786,
6.28318530718,8.377580409573),.UNSPECIFIED.) CURVE() 
GEOMETRIC_REPRESENTATION_ITEM() RATIONAL_B_SPLINE_CURVE((1.,0.5,1.,0.5,
1.,0.5,1.)) REPRESENTATION_ITEM('') );
#2263 = CARTESIAN_POINT('',(-10.15861890602,-6.00017696412));
#2264 = CARTESIAN_POINT('',(-10.15861890602,-3.127895640851));
#2265 = CARTESIAN_POINT('',(-7.671150313258,-4.564036302485));
#2266 = CARTESIAN_POINT('',(-5.183681720491,-6.00017696412));
#2267 = CARTESIAN_POINT('',(-7.671150313258,-7.436317625754));
#2268 = CARTESIAN_POINT('',(-10.15861890602,-8.872458287389));
#2269 = CARTESIAN_POINT('',(-10.15861890602,-6.00017696412));
#2270 = ( GEOMETRIC_REPRESENTATION_CONTEXT(2) 
PARAMETRIC_REPRESENTATION_CONTEXT() REPRESENTATION_CONTEXT('2D SPACE',''
  ) );
#2271 = PCURVE('',#2272,#2277);
#2272 = SPHERICAL_SURFACE('',#2273,3.);
#2273 = AXIS2_PLACEMENT_3D('',#2274,#2275,#2276);
#2274 = CARTESIAN_POINT('',(-14.1961524227,-12.58843013959,3.));
#2275 = DIRECTION('',(-0.,-0.,-1.));
#2276 = DIRECTION('',(0.5,0.866025403784,-0.));
#2277 = DEFINITIONAL_REPRESENTATION('',(#2278),#2282);
#2278 = LINE('',#2279,#2280);
#2279 = CARTESIAN_POINT('',(-6.28318530718,-0.985110783338));
#2280 = VECTOR('',#2281,1.);
#2281 = DIRECTION('',(1.,-0.));
#2282 = ( GEOMETRIC_REPRESENTATION_CONTEXT(2) 
PARAMETRIC_REPRESENTATION_CONTEXT() REPRESENTATION_CONTEXT('2D SPACE',''
  ) );
#2283 = ORIENTED_EDGE('',*,*,#2284,.T.);
#2284 = EDGE_CURVE('',#2252,#2285,#2287,.T.);
#2285 = VERTEX_POINT('',#2286);
#2286 = CARTESIAN_POINT('',(-2.974691379705,-17.15228947795,5.5));
#2287 = SURFACE_CURVE('',#2288,(#2292,#2298),.PCURVE_S1.);
#2288 = LINE('',#2289,#2290);
#2289 = CARTESIAN_POINT('',(-15.96507243647,-9.652289477958,5.5));
#2290 = VECTOR('',#2291,1.);
#2291 = DIRECTION('',(0.866025403784,-0.5,0.));
#2292 = PCURVE('',#294,#2293);
#2293 = DEFINITIONAL_REPRESENTATION('',(#2294),#2297);
#2294 = B_SPLINE_CURVE_WITH_KNOTS('',1,(#2295,#2296),.UNSPECIFIED.,.F.,
  .F.,(2,2),(2.9999994,15.0000006),.PIECEWISE_BEZIER_KNOTS.);
#2295 = CARTESIAN_POINT('',(-10.15861890602,-6.00017756412));
#2296 = CARTESIAN_POINT('',(-10.15861890602,5.99982363588));
#2297 = ( GEOMETRIC_REPRESENTATION_CONTEXT(2) 
PARAMETRIC_REPRESENTATION_CONTEXT() REPRESENTATION_CONTEXT('2D SPACE',''
  ) );
#2298 = PCURVE('',#2299,#2304);
#2299 = CYLINDRICAL_SURFACE('',#2300,3.);
#2300 = AXIS2_PLACEMENT_3D('',#2301,#2302,#2303);
#2301 = CARTESIAN_POINT('',(-16.79422863406,-11.08843013959,3.));
#2302 = DIRECTION('',(0.866025403784,-0.5,0.));
#2303 = DIRECTION('',(0.5,0.866025403784,0.));
#2304 = DEFINITIONAL_REPRESENTATION('',(#2305),#2308);
#2305 = B_SPLINE_CURVE_WITH_KNOTS('',1,(#2306,#2307),.UNSPECIFIED.,.F.,
  .F.,(2,2),(2.9999994,15.0000006),.PIECEWISE_BEZIER_KNOTS.);
#2306 = CARTESIAN_POINT('',(0.985110783338,2.9999994));
#2307 = CARTESIAN_POINT('',(0.985110783338,15.0000006));
#2308 = ( GEOMETRIC_REPRESENTATION_CONTEXT(2) 
PARAMETRIC_REPRESENTATION_CONTEXT() REPRESENTATION_CONTEXT('2D SPACE',''
  ) );
#2309 = ORIENTED_EDGE('',*,*,#2310,.F.);
#2310 = EDGE_CURVE('',#2311,#2285,#2313,.T.);
#2311 = VERTEX_POINT('',#2312);
#2312 = CARTESIAN_POINT('',(-2.367706915659,-19.41758633718,5.5));
#2313 = SURFACE_CURVE('',#2314,(#2319,#2326),.PCURVE_S1.);
#2314 = CIRCLE('',#2315,1.658312395178);
#2315 = AXIS2_PLACEMENT_3D('',#2316,#2317,#2318);
#2316 = CARTESIAN_POINT('',(-3.803847577293,-18.58843013959,5.5));
#2317 = DIRECTION('',(0.,0.,1.));
#2318 = DIRECTION('',(0.,-1.,0.));
#2319 = PCURVE('',#294,#2320);
#2320 = DEFINITIONAL_REPRESENTATION('',(#2321),#2325);
#2321 = CIRCLE('',#2322,1.658312395178);
#2322 = AXIS2_PLACEMENT_2D('',#2323,#2324);
#2323 = CARTESIAN_POINT('',(-8.500306510847,5.99982303588));
#2324 = DIRECTION('',(0.866025403784,0.5));
#2325 = ( GEOMETRIC_REPRESENTATION_CONTEXT(2) 
PARAMETRIC_REPRESENTATION_CONTEXT() REPRESENTATION_CONTEXT('2D SPACE',''
  ) );
#2326 = PCURVE('',#2327,#2332);
#2327 = SPHERICAL_SURFACE('',#2328,3.);
#2328 = AXIS2_PLACEMENT_3D('',#2329,#2330,#2331);
#2329 = CARTESIAN_POINT('',(-3.803847577293,-18.58843013959,3.));
#2330 = DIRECTION('',(-0.866025403784,0.5,-0.));
#2331 = DIRECTION('',(0.5,0.866025403784,1.480297366167E-16));
#2332 = DEFINITIONAL_REPRESENTATION('',(#2333),#2350);
#2333 = B_SPLINE_CURVE_WITH_KNOTS('',8,(#2334,#2335,#2336,#2337,#2338,
    #2339,#2340,#2341,#2342,#2343,#2344,#2345,#2346,#2347,#2348,#2349),
  .UNSPECIFIED.,.F.,.F.,(9,7,9),(1.047197551197,1.832595714594,
    2.617993877991),.UNSPECIFIED.);
#2334 = CARTESIAN_POINT('',(-1.570796326795,-0.585685543457));
#2335 = CARTESIAN_POINT('',(-1.505674551319,-0.585685543457));
#2336 = CARTESIAN_POINT('',(-1.440553207753,-0.578378785355));
#2337 = CARTESIAN_POINT('',(-1.37722661587,-0.563766345773));
#2338 = CARTESIAN_POINT('',(-1.317508110566,-0.54219172434));
#2339 = CARTESIAN_POINT('',(-1.262732831849,-0.514368228907));
#2340 = CARTESIAN_POINT('',(-1.213471132208,-0.481120255974));
#2341 = CARTESIAN_POINT('',(-1.169965045933,-0.443264347431));
#2342 = CARTESIAN_POINT('',(-1.094476440947,-0.359884457956));
#2343 = CARTESIAN_POINT('',(-1.062494294689,-0.314360318553));
#2344 = CARTESIAN_POINT('',(-1.036285298199,-0.265776024727));
#2345 = CARTESIAN_POINT('',(-1.015642421369,-0.214858178782));
#2346 = CARTESIAN_POINT('',(-1.000332898868,-0.162251273077));
#2347 = CARTESIAN_POINT('',(-0.990184841291,-0.108536202628));
#2348 = CARTESIAN_POINT('',(-0.985110783338,-5.426814622966E-02));
#2349 = CARTESIAN_POINT('',(-0.985110783338,2.960594732334E-16));
#2350 = ( GEOMETRIC_REPRESENTATION_CONTEXT(2) 
PARAMETRIC_REPRESENTATION_CONTEXT() REPRESENTATION_CONTEXT('2D SPACE',''
  ) );
#2351 = ORIENTED_EDGE('',*,*,#2352,.T.);
#2352 = EDGE_CURVE('',#2311,#2353,#2355,.T.);
#2353 = VERTEX_POINT('',#2354);
#2354 = CARTESIAN_POINT('',(-5.117706915659,-24.18072605799,5.5));
#2355 = SURFACE_CURVE('',#2356,(#2360,#2366),.PCURVE_S1.);
#2356 = LINE('',#2357,#2358);
#2357 = CARTESIAN_POINT('',(-0.867706915659,-16.81951012582,5.5));
#2358 = VECTOR('',#2359,1.);
#2359 = DIRECTION('',(-0.5,-0.866025403784,0.));
#2360 = PCURVE('',#294,#2361);
#2361 = DEFINITIONAL_REPRESENTATION('',(#2362),#2365);
#2362 = B_SPLINE_CURVE_WITH_KNOTS('',1,(#2363,#2364),.UNSPECIFIED.,.F.,
  .F.,(2,2),(2.9999994,8.5000006),.PIECEWISE_BEZIER_KNOTS.);
#2363 = CARTESIAN_POINT('',(-8.500307110847,7.658135431058));
#2364 = CARTESIAN_POINT('',(-3.000305910847,7.658135431058));
#2365 = ( GEOMETRIC_REPRESENTATION_CONTEXT(2) 
PARAMETRIC_REPRESENTATION_CONTEXT() REPRESENTATION_CONTEXT('2D SPACE',''
  ) );
#2366 = PCURVE('',#2367,#2372);
#2367 = CYLINDRICAL_SURFACE('',#2368,3.);
#2368 = AXIS2_PLACEMENT_3D('',#2369,#2370,#2371);
#2369 = CARTESIAN_POINT('',(-2.303847577293,-15.99035392823,3.));
#2370 = DIRECTION('',(-0.5,-0.866025403784,0.));
#2371 = DIRECTION('',(0.866025403784,-0.5,0.));
#2372 = DEFINITIONAL_REPRESENTATION('',(#2373),#2376);
#2373 = B_SPLINE_CURVE_WITH_KNOTS('',1,(#2374,#2375),.UNSPECIFIED.,.F.,
  .F.,(2,2),(2.9999994,8.5000006),.PIECEWISE_BEZIER_KNOTS.);
#2374 = CARTESIAN_POINT('',(0.985110783338,2.9999994));
#2375 = CARTESIAN_POINT('',(0.985110783338,8.5000006));
#2376 = ( GEOMETRIC_REPRESENTATION_CONTEXT(2) 
PARAMETRIC_REPRESENTATION_CONTEXT() REPRESENTATION_CONTEXT('2D SPACE',''
  ) );
#2377 = ORIENTED_EDGE('',*,*,#2378,.F.);
#2378 = EDGE_CURVE('',#163,#2353,#2379,.T.);
#2379 = SURFACE_CURVE('',#2380,(#2385,#2392),.PCURVE_S1.);
#2380 = CIRCLE('',#2381,1.658312395178);
#2381 = AXIS2_PLACEMENT_3D('',#2382,#2383,#2384);
#2382 = CARTESIAN_POINT('',(-6.553847577293,-23.3515698604,5.5));
#2383 = DIRECTION('',(0.,0.,1.));
#2384 = DIRECTION('',(0.,-1.,0.));
#2385 = PCURVE('',#294,#2386);
#2386 = DEFINITIONAL_REPRESENTATION('',(#2387),#2391);
#2387 = CIRCLE('',#2388,1.658312395178);
#2388 = AXIS2_PLACEMENT_2D('',#2389,#2390);
#2389 = CARTESIAN_POINT('',(-3.000306510847,5.99982303588));
#2390 = DIRECTION('',(0.866025403784,0.5));
#2391 = ( GEOMETRIC_REPRESENTATION_CONTEXT(2) 
PARAMETRIC_REPRESENTATION_CONTEXT() REPRESENTATION_CONTEXT('2D SPACE',''
  ) );
#2392 = PCURVE('',#236,#2393);
#2393 = DEFINITIONAL_REPRESENTATION('',(#2394),#2411);
#2394 = B_SPLINE_CURVE_WITH_KNOTS('',8,(#2395,#2396,#2397,#2398,#2399,
    #2400,#2401,#2402,#2403,#2404,#2405,#2406,#2407,#2408,#2409,#2410),
  .UNSPECIFIED.,.F.,.F.,(9,7,9),(5.759586531581,6.544984694979,
    7.330382858376),.UNSPECIFIED.);
#2395 = CARTESIAN_POINT('',(0.985110783338,2.960594732334E-16));
#2396 = CARTESIAN_POINT('',(0.985110783338,-5.426814622966E-02));
#2397 = CARTESIAN_POINT('',(0.990184841291,-0.108536202628));
#2398 = CARTESIAN_POINT('',(1.000332898868,-0.162251273077));
#2399 = CARTESIAN_POINT('',(1.015642421369,-0.214858178782));
#2400 = CARTESIAN_POINT('',(1.036285298199,-0.265776024727));
#2401 = CARTESIAN_POINT('',(1.062494294689,-0.314360318553));
#2402 = CARTESIAN_POINT('',(1.094476440947,-0.359884457956));
#2403 = CARTESIAN_POINT('',(1.169965045933,-0.443264347431));
#2404 = CARTESIAN_POINT('',(1.213471132209,-0.481120255975));
#2405 = CARTESIAN_POINT('',(1.26273283184,-0.514368228903));
#2406 = CARTESIAN_POINT('',(1.317508110581,-0.542191724344));
#2407 = CARTESIAN_POINT('',(1.377226615864,-0.56376634577));
#2408 = CARTESIAN_POINT('',(1.440553207755,-0.578378785356));
#2409 = CARTESIAN_POINT('',(1.505674551319,-0.585685543457));
#2410 = CARTESIAN_POINT('',(1.570796326795,-0.585685543457));
#2411 = ( GEOMETRIC_REPRESENTATION_CONTEXT(2) 
PARAMETRIC_REPRESENTATION_CONTEXT() REPRESENTATION_CONTEXT('2D SPACE',''
  ) );
#2412 = ORIENTED_EDGE('',*,*,#277,.T.);
#2413 = ORIENTED_EDGE('',*,*,#1455,.T.);
#2414 = ADVANCED_FACE('',(#2415),#236,.T.);
#2415 = FACE_BOUND('',#2416,.T.);
#2416 = EDGE_LOOP('',(#2417,#2439,#2440,#2441));
#2417 = ORIENTED_EDGE('',*,*,#2418,.T.);
#2418 = EDGE_CURVE('',#2419,#2353,#2421,.T.);
#2419 = VERTEX_POINT('',#2420);
#2420 = CARTESIAN_POINT('',(-3.95577136594,-24.8515698604,3.));
#2421 = SURFACE_CURVE('',#2422,(#2427,#2433),.PCURVE_S1.);
#2422 = CIRCLE('',#2423,3.);
#2423 = AXIS2_PLACEMENT_3D('',#2424,#2425,#2426);
#2424 = CARTESIAN_POINT('',(-6.553847577293,-23.3515698604,3.));
#2425 = DIRECTION('',(-0.5,-0.866025403784,8.679739665932E-17));
#2426 = DIRECTION('',(4.339869832966E-17,7.516875048933E-17,1.));
#2427 = PCURVE('',#236,#2428);
#2428 = DEFINITIONAL_REPRESENTATION('',(#2429),#2432);
#2429 = B_SPLINE_CURVE_WITH_KNOTS('',1,(#2430,#2431),.UNSPECIFIED.,.F.,
  .F.,(2,2),(4.712388980385,6.28318530718),.PIECEWISE_BEZIER_KNOTS.);
#2430 = CARTESIAN_POINT('',(1.570796326795,-1.570796326795));
#2431 = CARTESIAN_POINT('',(1.570796326795,0.));
#2432 = ( GEOMETRIC_REPRESENTATION_CONTEXT(2) 
PARAMETRIC_REPRESENTATION_CONTEXT() REPRESENTATION_CONTEXT('2D SPACE',''
  ) );
#2433 = PCURVE('',#2367,#2434);
#2434 = DEFINITIONAL_REPRESENTATION('',(#2435),#2438);
#2435 = B_SPLINE_CURVE_WITH_KNOTS('',1,(#2436,#2437),.UNSPECIFIED.,.F.,
  .F.,(2,2),(4.712388980385,6.28318530718),.PIECEWISE_BEZIER_KNOTS.);
#2436 = CARTESIAN_POINT('',(0.,8.5));
#2437 = CARTESIAN_POINT('',(1.570796326795,8.5));
#2438 = ( GEOMETRIC_REPRESENTATION_CONTEXT(2) 
PARAMETRIC_REPRESENTATION_CONTEXT() REPRESENTATION_CONTEXT('2D SPACE',''
  ) );
#2439 = ORIENTED_EDGE('',*,*,#2378,.F.);
#2440 = ORIENTED_EDGE('',*,*,#162,.T.);
#2441 = ORIENTED_EDGE('',*,*,#2442,.F.);
#2442 = EDGE_CURVE('',#2419,#137,#2443,.T.);
#2443 = SURFACE_CURVE('',#2444,(#2449,#2455),.PCURVE_S1.);
#2444 = CIRCLE('',#2445,3.);
#2445 = AXIS2_PLACEMENT_3D('',#2446,#2447,#2448);
#2446 = CARTESIAN_POINT('',(-6.553847577293,-23.3515698604,3.));
#2447 = DIRECTION('',(-7.401486830834E-17,-1.281975124256E-16,-1.));
#2448 = DIRECTION('',(-0.5,-0.866025403784,1.480297366167E-16));
#2449 = PCURVE('',#236,#2450);
#2450 = DEFINITIONAL_REPRESENTATION('',(#2451),#2454);
#2451 = B_SPLINE_CURVE_WITH_KNOTS('',1,(#2452,#2453),.UNSPECIFIED.,.F.,
  .F.,(2,2),(4.712388980385,6.28318530718),.PIECEWISE_BEZIER_KNOTS.);
#2452 = CARTESIAN_POINT('',(0.,-1.570796326795));
#2453 = CARTESIAN_POINT('',(0.,0.));
#2454 = ( GEOMETRIC_REPRESENTATION_CONTEXT(2) 
PARAMETRIC_REPRESENTATION_CONTEXT() REPRESENTATION_CONTEXT('2D SPACE',''
  ) );
#2455 = PCURVE('',#151,#2456);
#2456 = DEFINITIONAL_REPRESENTATION('',(#2457),#2460);
#2457 = B_SPLINE_CURVE_WITH_KNOTS('',1,(#2458,#2459),.UNSPECIFIED.,.F.,
  .F.,(2,2),(4.712388980385,6.28318530718),.PIECEWISE_BEZIER_KNOTS.);
#2458 = CARTESIAN_POINT('',(1.570796326795,9.));
#2459 = CARTESIAN_POINT('',(0.,9.));
#2460 = ( GEOMETRIC_REPRESENTATION_CONTEXT(2) 
PARAMETRIC_REPRESENTATION_CONTEXT() REPRESENTATION_CONTEXT('2D SPACE',''
  ) );
#2461 = ADVANCED_FACE('',(#2462),#151,.T.);
#2462 = FACE_BOUND('',#2463,.T.);
#2463 = EDGE_LOOP('',(#2464,#2465,#2489,#2515));
#2464 = ORIENTED_EDGE('',*,*,#136,.F.);
#2465 = ORIENTED_EDGE('',*,*,#2466,.T.);
#2466 = EDGE_CURVE('',#58,#2467,#2469,.T.);
#2467 = VERTEX_POINT('',#2468);
#2468 = CARTESIAN_POINT('',(-3.95577136594,-24.8515698604,-3.));
#2469 = SURFACE_CURVE('',#2470,(#2475,#2482),.PCURVE_S1.);
#2470 = CIRCLE('',#2471,3.);
#2471 = AXIS2_PLACEMENT_3D('',#2472,#2473,#2474);
#2472 = CARTESIAN_POINT('',(-6.553847577293,-23.3515698604,-3.));
#2473 = DIRECTION('',(0.,0.,1.));
#2474 = DIRECTION('',(-0.5,-0.866025403784,0.));
#2475 = PCURVE('',#151,#2476);
#2476 = DEFINITIONAL_REPRESENTATION('',(#2477),#2481);
#2477 = LINE('',#2478,#2479);
#2478 = CARTESIAN_POINT('',(0.,3.));
#2479 = VECTOR('',#2480,1.);
#2480 = DIRECTION('',(1.,0.));
#2481 = ( GEOMETRIC_REPRESENTATION_CONTEXT(2) 
PARAMETRIC_REPRESENTATION_CONTEXT() REPRESENTATION_CONTEXT('2D SPACE',''
  ) );
#2482 = PCURVE('',#107,#2483);
#2483 = DEFINITIONAL_REPRESENTATION('',(#2484),#2488);
#2484 = LINE('',#2485,#2486);
#2485 = CARTESIAN_POINT('',(0.,0.));
#2486 = VECTOR('',#2487,1.);
#2487 = DIRECTION('',(1.,0.));
#2488 = ( GEOMETRIC_REPRESENTATION_CONTEXT(2) 
PARAMETRIC_REPRESENTATION_CONTEXT() REPRESENTATION_CONTEXT('2D SPACE',''
  ) );
#2489 = ORIENTED_EDGE('',*,*,#2490,.T.);
#2490 = EDGE_CURVE('',#2467,#2419,#2491,.T.);
#2491 = SURFACE_CURVE('',#2492,(#2496,#2503),.PCURVE_S1.);
#2492 = LINE('',#2493,#2494);
#2493 = CARTESIAN_POINT('',(-3.95577136594,-24.8515698604,-6.));
#2494 = VECTOR('',#2495,1.);
#2495 = DIRECTION('',(0.,0.,1.));
#2496 = PCURVE('',#151,#2497);
#2497 = DEFINITIONAL_REPRESENTATION('',(#2498),#2502);
#2498 = LINE('',#2499,#2500);
#2499 = CARTESIAN_POINT('',(1.570796326795,0.));
#2500 = VECTOR('',#2501,1.);
#2501 = DIRECTION('',(0.,1.));
#2502 = ( GEOMETRIC_REPRESENTATION_CONTEXT(2) 
PARAMETRIC_REPRESENTATION_CONTEXT() REPRESENTATION_CONTEXT('2D SPACE',''
  ) );
#2503 = PCURVE('',#2504,#2509);
#2504 = PLANE('',#2505);
#2505 = AXIS2_PLACEMENT_3D('',#2506,#2507,#2508);
#2506 = CARTESIAN_POINT('',(0.29422863406,-17.49035392823,-6.));
#2507 = DIRECTION('',(0.866025403784,-0.5,0.));
#2508 = DIRECTION('',(0.,0.,1.));
#2509 = DEFINITIONAL_REPRESENTATION('',(#2510),#2514);
#2510 = LINE('',#2511,#2512);
#2511 = CARTESIAN_POINT('',(0.,8.5));
#2512 = VECTOR('',#2513,1.);
#2513 = DIRECTION('',(1.,0.));
#2514 = ( GEOMETRIC_REPRESENTATION_CONTEXT(2) 
PARAMETRIC_REPRESENTATION_CONTEXT() REPRESENTATION_CONTEXT('2D SPACE',''
  ) );
#2515 = ORIENTED_EDGE('',*,*,#2442,.T.);
#2516 = ADVANCED_FACE('',(#2517),#107,.T.);
#2517 = FACE_BOUND('',#2518,.T.);
#2518 = EDGE_LOOP('',(#2519,#2520,#2521,#2541));
#2519 = ORIENTED_EDGE('',*,*,#57,.T.);
#2520 = ORIENTED_EDGE('',*,*,#1276,.T.);
#2521 = ORIENTED_EDGE('',*,*,#2522,.T.);
#2522 = EDGE_CURVE('',#1251,#2467,#2523,.T.);
#2523 = SURFACE_CURVE('',#2524,(#2529,#2535),.PCURVE_S1.);
#2524 = CIRCLE('',#2525,3.);
#2525 = AXIS2_PLACEMENT_3D('',#2526,#2527,#2528);
#2526 = CARTESIAN_POINT('',(-6.553847577293,-23.3515698604,-3.));
#2527 = DIRECTION('',(-0.5,-0.866025403784,0.));
#2528 = DIRECTION('',(0.866025403784,-0.5,0.));
#2529 = PCURVE('',#107,#2530);
#2530 = DEFINITIONAL_REPRESENTATION('',(#2531),#2534);
#2531 = B_SPLINE_CURVE_WITH_KNOTS('',1,(#2532,#2533),.UNSPECIFIED.,.F.,
  .F.,(2,2),(4.712388980385,6.28318530718),.PIECEWISE_BEZIER_KNOTS.);
#2532 = CARTESIAN_POINT('',(1.570796326795,-1.570796326795));
#2533 = CARTESIAN_POINT('',(1.570796326795,0.));
#2534 = ( GEOMETRIC_REPRESENTATION_CONTEXT(2) 
PARAMETRIC_REPRESENTATION_CONTEXT() REPRESENTATION_CONTEXT('2D SPACE',''
  ) );
#2535 = PCURVE('',#1265,#2536);
#2536 = DEFINITIONAL_REPRESENTATION('',(#2537),#2540);
#2537 = B_SPLINE_CURVE_WITH_KNOTS('',1,(#2538,#2539),.UNSPECIFIED.,.F.,
  .F.,(2,2),(4.712388980385,6.28318530718),.PIECEWISE_BEZIER_KNOTS.);
#2538 = CARTESIAN_POINT('',(-1.570796326795,8.5));
#2539 = CARTESIAN_POINT('',(0.,8.5));
#2540 = ( GEOMETRIC_REPRESENTATION_CONTEXT(2) 
PARAMETRIC_REPRESENTATION_CONTEXT() REPRESENTATION_CONTEXT('2D SPACE',''
  ) );
#2541 = ORIENTED_EDGE('',*,*,#2466,.F.);
#2542 = ADVANCED_FACE('',(#2543),#518,.T.);
#2543 = FACE_BOUND('',#2544,.T.);
#2544 = EDGE_LOOP('',(#2545,#2576,#2595,#2596));
#2545 = ORIENTED_EDGE('',*,*,#2546,.T.);
#2546 = EDGE_CURVE('',#2547,#2549,#2551,.T.);
#2547 = VERTEX_POINT('',#2548);
#2548 = CARTESIAN_POINT('',(-11.99524033557,-9.00634272565,-6.));
#2549 = VERTEX_POINT('',#2550);
#2550 = CARTESIAN_POINT('',(-1.801917788498,-14.89137644019,-6.));
#2551 = SURFACE_CURVE('',#2552,(#2557,#2564),.PCURVE_S1.);
#2552 = CIRCLE('',#2553,14.);
#2553 = AXIS2_PLACEMENT_3D('',#2554,#2555,#2556);
#2554 = CARTESIAN_POINT('',(-13.25,-22.95,-6.));
#2555 = DIRECTION('',(0.,-0.,1.));
#2556 = DIRECTION('',(8.96256903163E-02,0.995975519596,0.));
#2557 = PCURVE('',#518,#2558);
#2558 = DEFINITIONAL_REPRESENTATION('',(#2559),#2563);
#2559 = LINE('',#2560,#2561);
#2560 = CARTESIAN_POINT('',(3.57544531271,0.));
#2561 = VECTOR('',#2562,1.);
#2562 = DIRECTION('',(1.,0.));
#2563 = ( GEOMETRIC_REPRESENTATION_CONTEXT(2) 
PARAMETRIC_REPRESENTATION_CONTEXT() REPRESENTATION_CONTEXT('2D SPACE',''
  ) );
#2564 = PCURVE('',#2565,#2570);
#2565 = PLANE('',#2566);
#2566 = AXIS2_PLACEMENT_3D('',#2567,#2568,#2569);
#2567 = CARTESIAN_POINT('',(-13.25,-22.95,-6.));
#2568 = DIRECTION('',(0.,0.,1.));
#2569 = DIRECTION('',(-0.5,-0.866025403784,0.));
#2570 = DEFINITIONAL_REPRESENTATION('',(#2571),#2575);
#2571 = CIRCLE('',#2572,14.);
#2572 = AXIS2_PLACEMENT_2D('',#2573,#2574);
#2573 = CARTESIAN_POINT('',(0.,0.));
#2574 = DIRECTION('',(-0.907352946676,-0.420369635153));
#2575 = ( GEOMETRIC_REPRESENTATION_CONTEXT(2) 
PARAMETRIC_REPRESENTATION_CONTEXT() REPRESENTATION_CONTEXT('2D SPACE',''
  ) );
#2576 = ORIENTED_EDGE('',*,*,#2577,.T.);
#2577 = EDGE_CURVE('',#2549,#496,#2578,.T.);
#2578 = SURFACE_CURVE('',#2579,(#2583,#2589),.PCURVE_S1.);
#2579 = LINE('',#2580,#2581);
#2580 = CARTESIAN_POINT('',(-1.801917788498,-14.89137644019,-6.));
#2581 = VECTOR('',#2582,1.);
#2582 = DIRECTION('',(0.,0.,1.));
#2583 = PCURVE('',#518,#2584);
#2584 = DEFINITIONAL_REPRESENTATION('',(#2585),#2588);
#2585 = B_SPLINE_CURVE_WITH_KNOTS('',1,(#2586,#2587),.UNSPECIFIED.,.F.,
  .F.,(2,2),(0.,0.5),.PIECEWISE_BEZIER_KNOTS.);
#2586 = CARTESIAN_POINT('',(8.990937633582,0.));
#2587 = CARTESIAN_POINT('',(8.990937633582,0.5));
#2588 = ( GEOMETRIC_REPRESENTATION_CONTEXT(2) 
PARAMETRIC_REPRESENTATION_CONTEXT() REPRESENTATION_CONTEXT('2D SPACE',''
  ) );
#2589 = PCURVE('',#547,#2590);
#2590 = DEFINITIONAL_REPRESENTATION('',(#2591),#2594);
#2591 = B_SPLINE_CURVE_WITH_KNOTS('',1,(#2592,#2593),.UNSPECIFIED.,.F.,
  .F.,(2,2),(-5.999999999062E-07,0.5000006),.PIECEWISE_BEZIER_KNOTS.);
#2592 = CARTESIAN_POINT('',(4.59197031382,-5.999999999062E-07));
#2593 = CARTESIAN_POINT('',(4.59197031382,0.5000006));
#2594 = ( GEOMETRIC_REPRESENTATION_CONTEXT(2) 
PARAMETRIC_REPRESENTATION_CONTEXT() REPRESENTATION_CONTEXT('2D SPACE',''
  ) );
#2595 = ORIENTED_EDGE('',*,*,#495,.T.);
#2596 = ORIENTED_EDGE('',*,*,#2597,.F.);
#2597 = EDGE_CURVE('',#2547,#498,#2598,.T.);
#2598 = SURFACE_CURVE('',#2599,(#2603,#2609),.PCURVE_S1.);
#2599 = LINE('',#2600,#2601);
#2600 = CARTESIAN_POINT('',(-11.99524033557,-9.00634272565,-6.));
#2601 = VECTOR('',#2602,1.);
#2602 = DIRECTION('',(0.,0.,1.));
#2603 = PCURVE('',#518,#2604);
#2604 = DEFINITIONAL_REPRESENTATION('',(#2605),#2608);
#2605 = B_SPLINE_CURVE_WITH_KNOTS('',1,(#2606,#2607),.UNSPECIFIED.,.F.,
  .F.,(2,2),(0.,0.5),.PIECEWISE_BEZIER_KNOTS.);
#2606 = CARTESIAN_POINT('',(3.57544531271,0.));
#2607 = CARTESIAN_POINT('',(3.57544531271,0.5));
#2608 = ( GEOMETRIC_REPRESENTATION_CONTEXT(2) 
PARAMETRIC_REPRESENTATION_CONTEXT() REPRESENTATION_CONTEXT('2D SPACE',''
  ) );
#2609 = PCURVE('',#661,#2610);
#2610 = DEFINITIONAL_REPRESENTATION('',(#2611),#2614);
#2611 = B_SPLINE_CURVE_WITH_KNOTS('',1,(#2612,#2613),.UNSPECIFIED.,.F.,
  .F.,(2,2),(-5.999999999062E-07,0.5000006),.PIECEWISE_BEZIER_KNOTS.);
#2612 = CARTESIAN_POINT('',(3.785622427686,-5.999999999062E-07));
#2613 = CARTESIAN_POINT('',(3.785622427686,0.5000006));
#2614 = ( GEOMETRIC_REPRESENTATION_CONTEXT(2) 
PARAMETRIC_REPRESENTATION_CONTEXT() REPRESENTATION_CONTEXT('2D SPACE',''
  ) );
#2615 = ADVANCED_FACE('',(#2616),#547,.T.);
#2616 = FACE_BOUND('',#2617,.T.);
#2617 = EDGE_LOOP('',(#2618,#2639,#2640,#2641));
#2618 = ORIENTED_EDGE('',*,*,#2619,.T.);
#2619 = EDGE_CURVE('',#2620,#531,#2622,.T.);
#2620 = VERTEX_POINT('',#2621);
#2621 = CARTESIAN_POINT('',(13.797169811321,-5.885414615605,-6.));
#2622 = SURFACE_CURVE('',#2623,(#2627,#2633),.PCURVE_S1.);
#2623 = LINE('',#2624,#2625);
#2624 = CARTESIAN_POINT('',(13.797169811321,-5.885414615605,-6.));
#2625 = VECTOR('',#2626,1.);
#2626 = DIRECTION('',(0.,0.,1.));
#2627 = PCURVE('',#547,#2628);
#2628 = DEFINITIONAL_REPRESENTATION('',(#2629),#2632);
#2629 = B_SPLINE_CURVE_WITH_KNOTS('',1,(#2630,#2631),.UNSPECIFIED.,.F.,
  .F.,(2,2),(-5.999999999062E-07,0.5000006),.PIECEWISE_BEZIER_KNOTS.);
#2630 = CARTESIAN_POINT('',(5.879988312434,-5.999999999062E-07));
#2631 = CARTESIAN_POINT('',(5.879988312434,0.5000006));
#2632 = ( GEOMETRIC_REPRESENTATION_CONTEXT(2) 
PARAMETRIC_REPRESENTATION_CONTEXT() REPRESENTATION_CONTEXT('2D SPACE',''
  ) );
#2633 = PCURVE('',#576,#2634);
#2634 = DEFINITIONAL_REPRESENTATION('',(#2635),#2638);
#2635 = B_SPLINE_CURVE_WITH_KNOTS('',1,(#2636,#2637),.UNSPECIFIED.,.F.,
  .F.,(2,2),(0.,0.5),.PIECEWISE_BEZIER_KNOTS.);
#2636 = CARTESIAN_POINT('',(3.575464184286,0.));
#2637 = CARTESIAN_POINT('',(3.575464184286,0.5));
#2638 = ( GEOMETRIC_REPRESENTATION_CONTEXT(2) 
PARAMETRIC_REPRESENTATION_CONTEXT() REPRESENTATION_CONTEXT('2D SPACE',''
  ) );
#2639 = ORIENTED_EDGE('',*,*,#530,.F.);
#2640 = ORIENTED_EDGE('',*,*,#2577,.F.);
#2641 = ORIENTED_EDGE('',*,*,#2642,.T.);
#2642 = EDGE_CURVE('',#2549,#2620,#2643,.T.);
#2643 = SURFACE_CURVE('',#2644,(#2649,#2656),.PCURVE_S1.);
#2644 = CIRCLE('',#2645,15.);
#2645 = AXIS2_PLACEMENT_3D('',#2646,#2647,#2648);
#2646 = CARTESIAN_POINT('',(0.,0.,-6.));
#2647 = DIRECTION('',(0.,0.,1.));
#2648 = DIRECTION('',(1.,0.,0.));
#2649 = PCURVE('',#547,#2650);
#2650 = DEFINITIONAL_REPRESENTATION('',(#2651),#2655);
#2651 = LINE('',#2652,#2653);
#2652 = CARTESIAN_POINT('',(0.,0.));
#2653 = VECTOR('',#2654,1.);
#2654 = DIRECTION('',(1.,0.));
#2655 = ( GEOMETRIC_REPRESENTATION_CONTEXT(2) 
PARAMETRIC_REPRESENTATION_CONTEXT() REPRESENTATION_CONTEXT('2D SPACE',''
  ) );
#2656 = PCURVE('',#2565,#2657);
#2657 = DEFINITIONAL_REPRESENTATION('',(#2658),#2662);
#2658 = CIRCLE('',#2659,15.);
#2659 = AXIS2_PLACEMENT_2D('',#2660,#2661);
#2660 = CARTESIAN_POINT('',(-26.50028301685,-1.633998562003E-04));
#2661 = DIRECTION('',(-0.5,0.866025403784));
#2662 = ( GEOMETRIC_REPRESENTATION_CONTEXT(2) 
PARAMETRIC_REPRESENTATION_CONTEXT() REPRESENTATION_CONTEXT('2D SPACE',''
  ) );
#2663 = ADVANCED_FACE('',(#2664),#661,.T.);
#2664 = FACE_BOUND('',#2665,.T.);
#2665 = EDGE_LOOP('',(#2666,#2667,#2688,#2710));
#2666 = ORIENTED_EDGE('',*,*,#646,.F.);
#2667 = ORIENTED_EDGE('',*,*,#2668,.F.);
#2668 = EDGE_CURVE('',#2669,#618,#2671,.T.);
#2669 = VERTEX_POINT('',#2670);
#2670 = CARTESIAN_POINT('',(-11.99524033557,9.00634272565,-6.));
#2671 = SURFACE_CURVE('',#2672,(#2676,#2682),.PCURVE_S1.);
#2672 = LINE('',#2673,#2674);
#2673 = CARTESIAN_POINT('',(-11.99524033557,9.00634272565,-6.));
#2674 = VECTOR('',#2675,1.);
#2675 = DIRECTION('',(0.,0.,1.));
#2676 = PCURVE('',#661,#2677);
#2677 = DEFINITIONAL_REPRESENTATION('',(#2678),#2681);
#2678 = B_SPLINE_CURVE_WITH_KNOTS('',1,(#2679,#2680),.UNSPECIFIED.,.F.,
  .F.,(2,2),(-5.999999999062E-07,0.5000006),.PIECEWISE_BEZIER_KNOTS.);
#2679 = CARTESIAN_POINT('',(2.497562879493,-5.999999999062E-07));
#2680 = CARTESIAN_POINT('',(2.497562879493,0.5000006));
#2681 = ( GEOMETRIC_REPRESENTATION_CONTEXT(2) 
PARAMETRIC_REPRESENTATION_CONTEXT() REPRESENTATION_CONTEXT('2D SPACE',''
  ) );
#2682 = PCURVE('',#634,#2683);
#2683 = DEFINITIONAL_REPRESENTATION('',(#2684),#2687);
#2684 = B_SPLINE_CURVE_WITH_KNOTS('',1,(#2685,#2686),.UNSPECIFIED.,.F.,
  .F.,(2,2),(0.,0.5),.PIECEWISE_BEZIER_KNOTS.);
#2685 = CARTESIAN_POINT('',(8.990925301649,0.));
#2686 = CARTESIAN_POINT('',(8.990925301649,0.5));
#2687 = ( GEOMETRIC_REPRESENTATION_CONTEXT(2) 
PARAMETRIC_REPRESENTATION_CONTEXT() REPRESENTATION_CONTEXT('2D SPACE',''
  ) );
#2688 = ORIENTED_EDGE('',*,*,#2689,.T.);
#2689 = EDGE_CURVE('',#2669,#2547,#2690,.T.);
#2690 = SURFACE_CURVE('',#2691,(#2696,#2703),.PCURVE_S1.);
#2691 = CIRCLE('',#2692,15.);
#2692 = AXIS2_PLACEMENT_3D('',#2693,#2694,#2695);
#2693 = CARTESIAN_POINT('',(0.,0.,-6.));
#2694 = DIRECTION('',(0.,0.,1.));
#2695 = DIRECTION('',(1.,0.,0.));
#2696 = PCURVE('',#661,#2697);
#2697 = DEFINITIONAL_REPRESENTATION('',(#2698),#2702);
#2698 = LINE('',#2699,#2700);
#2699 = CARTESIAN_POINT('',(0.,0.));
#2700 = VECTOR('',#2701,1.);
#2701 = DIRECTION('',(1.,0.));
#2702 = ( GEOMETRIC_REPRESENTATION_CONTEXT(2) 
PARAMETRIC_REPRESENTATION_CONTEXT() REPRESENTATION_CONTEXT('2D SPACE',''
  ) );
#2703 = PCURVE('',#2565,#2704);
#2704 = DEFINITIONAL_REPRESENTATION('',(#2705),#2709);
#2705 = CIRCLE('',#2706,15.);
#2706 = AXIS2_PLACEMENT_2D('',#2707,#2708);
#2707 = CARTESIAN_POINT('',(-26.50028301685,-1.633998562003E-04));
#2708 = DIRECTION('',(-0.5,0.866025403784));
#2709 = ( GEOMETRIC_REPRESENTATION_CONTEXT(2) 
PARAMETRIC_REPRESENTATION_CONTEXT() REPRESENTATION_CONTEXT('2D SPACE',''
  ) );
#2710 = ORIENTED_EDGE('',*,*,#2597,.T.);
#2711 = ADVANCED_FACE('',(#2712),#576,.T.);
#2712 = FACE_BOUND('',#2713,.T.);
#2713 = EDGE_LOOP('',(#2714,#2742,#2761,#2762));
#2714 = ORIENTED_EDGE('',*,*,#2715,.F.);
#2715 = EDGE_CURVE('',#2716,#2620,#2718,.T.);
#2716 = VERTEX_POINT('',#2717);
#2717 = CARTESIAN_POINT('',(13.797169811321,5.885414615605,-6.));
#2718 = SURFACE_CURVE('',#2719,(#2724,#2731),.PCURVE_S1.);
#2719 = CIRCLE('',#2720,14.);
#2720 = AXIS2_PLACEMENT_3D('',#2721,#2722,#2723);
#2721 = CARTESIAN_POINT('',(26.5,0.,-6.));
#2722 = DIRECTION('',(0.,0.,-1.));
#2723 = DIRECTION('',(-0.907345013477,0.420386758258,0.));
#2724 = PCURVE('',#576,#2725);
#2725 = DEFINITIONAL_REPRESENTATION('',(#2726),#2730);
#2726 = LINE('',#2727,#2728);
#2727 = CARTESIAN_POINT('',(8.990906430073,0.));
#2728 = VECTOR('',#2729,1.);
#2729 = DIRECTION('',(-1.,-0.));
#2730 = ( GEOMETRIC_REPRESENTATION_CONTEXT(2) 
PARAMETRIC_REPRESENTATION_CONTEXT() REPRESENTATION_CONTEXT('2D SPACE',''
  ) );
#2731 = PCURVE('',#2565,#2732);
#2732 = DEFINITIONAL_REPRESENTATION('',(#2733),#2741);
#2733 = ( BOUNDED_CURVE() B_SPLINE_CURVE(2,(#2734,#2735,#2736,#2737,
#2738,#2739,#2740),.UNSPECIFIED.,.T.,.F.) B_SPLINE_CURVE_WITH_KNOTS((1,2
    ,2,2,2,1),(-2.094395102393,0.,2.094395102393,4.188790204786,
6.28318530718,8.377580409573),.UNSPECIFIED.) CURVE() 
GEOMETRIC_REPRESENTATION_ITEM() RATIONAL_B_SPLINE_CURVE((1.,0.5,1.,0.5,
1.,0.5,1.)) REPRESENTATION_ITEM('') );
#2734 = CARTESIAN_POINT('',(-38.49578649143,9.005828849273));
#2735 = CARTESIAN_POINT('',(-62.64695034336,6.832977129325));
#2736 = CARTESIAN_POINT('',(-52.45311320553,28.834924416037));
#2737 = CARTESIAN_POINT('',(-42.25927606769,50.836871702749));
#2738 = CARTESIAN_POINT('',(-28.30194935359,31.007776135985));
#2739 = CARTESIAN_POINT('',(-14.34462263949,11.178680569221));
#2740 = CARTESIAN_POINT('',(-38.49578649143,9.005828849273));
#2741 = ( GEOMETRIC_REPRESENTATION_CONTEXT(2) 
PARAMETRIC_REPRESENTATION_CONTEXT() REPRESENTATION_CONTEXT('2D SPACE',''
  ) );
#2742 = ORIENTED_EDGE('',*,*,#2743,.T.);
#2743 = EDGE_CURVE('',#2716,#560,#2744,.T.);
#2744 = SURFACE_CURVE('',#2745,(#2749,#2755),.PCURVE_S1.);
#2745 = LINE('',#2746,#2747);
#2746 = CARTESIAN_POINT('',(13.797169811321,5.885414615605,-6.));
#2747 = VECTOR('',#2748,1.);
#2748 = DIRECTION('',(0.,0.,1.));
#2749 = PCURVE('',#576,#2750);
#2750 = DEFINITIONAL_REPRESENTATION('',(#2751),#2754);
#2751 = B_SPLINE_CURVE_WITH_KNOTS('',1,(#2752,#2753),.UNSPECIFIED.,.F.,
  .F.,(2,2),(0.,0.5),.PIECEWISE_BEZIER_KNOTS.);
#2752 = CARTESIAN_POINT('',(8.990906430073,0.));
#2753 = CARTESIAN_POINT('',(8.990906430073,0.5));
#2754 = ( GEOMETRIC_REPRESENTATION_CONTEXT(2) 
PARAMETRIC_REPRESENTATION_CONTEXT() REPRESENTATION_CONTEXT('2D SPACE',''
  ) );
#2755 = PCURVE('',#605,#2756);
#2756 = DEFINITIONAL_REPRESENTATION('',(#2757),#2760);
#2757 = B_SPLINE_CURVE_WITH_KNOTS('',1,(#2758,#2759),.UNSPECIFIED.,.F.,
  .F.,(2,2),(-5.999999999062E-07,0.5000006),.PIECEWISE_BEZIER_KNOTS.);
#2758 = CARTESIAN_POINT('',(0.403196994745,-5.999999999062E-07));
#2759 = CARTESIAN_POINT('',(0.403196994745,0.5000006));
#2760 = ( GEOMETRIC_REPRESENTATION_CONTEXT(2) 
PARAMETRIC_REPRESENTATION_CONTEXT() REPRESENTATION_CONTEXT('2D SPACE',''
  ) );
#2761 = ORIENTED_EDGE('',*,*,#559,.F.);
#2762 = ORIENTED_EDGE('',*,*,#2619,.F.);
#2763 = ADVANCED_FACE('',(#2764),#634,.T.);
#2764 = FACE_BOUND('',#2765,.T.);
#2765 = EDGE_LOOP('',(#2766,#2767,#2788,#2814));
#2766 = ORIENTED_EDGE('',*,*,#617,.F.);
#2767 = ORIENTED_EDGE('',*,*,#2768,.F.);
#2768 = EDGE_CURVE('',#2769,#589,#2771,.T.);
#2769 = VERTEX_POINT('',#2770);
#2770 = CARTESIAN_POINT('',(-1.801917788498,14.891376440192,-6.));
#2771 = SURFACE_CURVE('',#2772,(#2776,#2782),.PCURVE_S1.);
#2772 = LINE('',#2773,#2774);
#2773 = CARTESIAN_POINT('',(-1.801917788498,14.891376440192,-6.));
#2774 = VECTOR('',#2775,1.);
#2775 = DIRECTION('',(0.,0.,1.));
#2776 = PCURVE('',#634,#2777);
#2777 = DEFINITIONAL_REPRESENTATION('',(#2778),#2781);
#2778 = B_SPLINE_CURVE_WITH_KNOTS('',1,(#2779,#2780),.UNSPECIFIED.,.F.,
  .F.,(2,2),(0.,0.5),.PIECEWISE_BEZIER_KNOTS.);
#2779 = CARTESIAN_POINT('',(3.575432980777,0.));
#2780 = CARTESIAN_POINT('',(3.575432980777,0.5));
#2781 = ( GEOMETRIC_REPRESENTATION_CONTEXT(2) 
PARAMETRIC_REPRESENTATION_CONTEXT() REPRESENTATION_CONTEXT('2D SPACE',''
  ) );
#2782 = PCURVE('',#605,#2783);
#2783 = DEFINITIONAL_REPRESENTATION('',(#2784),#2787);
#2784 = B_SPLINE_CURVE_WITH_KNOTS('',1,(#2785,#2786),.UNSPECIFIED.,.F.,
  .F.,(2,2),(-5.999999999062E-07,0.5000006),.PIECEWISE_BEZIER_KNOTS.);
#2785 = CARTESIAN_POINT('',(1.69121499336,-5.999999999062E-07));
#2786 = CARTESIAN_POINT('',(1.69121499336,0.5000006));
#2787 = ( GEOMETRIC_REPRESENTATION_CONTEXT(2) 
PARAMETRIC_REPRESENTATION_CONTEXT() REPRESENTATION_CONTEXT('2D SPACE',''
  ) );
#2788 = ORIENTED_EDGE('',*,*,#2789,.F.);
#2789 = EDGE_CURVE('',#2669,#2769,#2790,.T.);
#2790 = SURFACE_CURVE('',#2791,(#2796,#2803),.PCURVE_S1.);
#2791 = CIRCLE('',#2792,14.);
#2792 = AXIS2_PLACEMENT_3D('',#2793,#2794,#2795);
#2793 = CARTESIAN_POINT('',(-13.25,22.95,-6.));
#2794 = DIRECTION('',(0.,-0.,-1.));
#2795 = DIRECTION('',(8.96256903163E-02,-0.995975519596,0.));
#2796 = PCURVE('',#634,#2797);
#2797 = DEFINITIONAL_REPRESENTATION('',(#2798),#2802);
#2798 = LINE('',#2799,#2800);
#2799 = CARTESIAN_POINT('',(8.990925301649,0.));
#2800 = VECTOR('',#2801,1.);
#2801 = DIRECTION('',(-1.,-0.));
#2802 = ( GEOMETRIC_REPRESENTATION_CONTEXT(2) 
PARAMETRIC_REPRESENTATION_CONTEXT() REPRESENTATION_CONTEXT('2D SPACE',''
  ) );
#2803 = PCURVE('',#2565,#2804);
#2804 = DEFINITIONAL_REPRESENTATION('',(#2805),#2813);
#2805 = ( BOUNDED_CURVE() B_SPLINE_CURVE(2,(#2806,#2807,#2808,#2809,
#2810,#2811,#2812),.UNSPECIFIED.,.T.,.F.) B_SPLINE_CURVE_WITH_KNOTS((1,2
    ,2,2,2,1),(-2.094395102393,0.,2.094395102393,4.188790204786,
6.28318530718,8.377580409573),.UNSPECIFIED.) CURVE() 
GEOMETRIC_REPRESENTATION_ITEM() RATIONAL_B_SPLINE_CURVE((1.,0.5,1.,0.5,
1.,0.5,1.)) REPRESENTATION_ITEM('') );
#2806 = CARTESIAN_POINT('',(-28.30238444466,-14.89151761778));
#2807 = CARTESIAN_POINT('',(-14.34468352677,-34.72034978427));
#2808 = CARTESIAN_POINT('',(-38.49580636927,-36.89365727435));
#2809 = CARTESIAN_POINT('',(-62.64692921177,-39.06696476442));
#2810 = CARTESIAN_POINT('',(-52.45350728717,-17.06482510786));
#2811 = CARTESIAN_POINT('',(-42.26008536256,4.937314548699));
#2812 = CARTESIAN_POINT('',(-28.30238444466,-14.89151761778));
#2813 = ( GEOMETRIC_REPRESENTATION_CONTEXT(2) 
PARAMETRIC_REPRESENTATION_CONTEXT() REPRESENTATION_CONTEXT('2D SPACE',''
  ) );
#2814 = ORIENTED_EDGE('',*,*,#2668,.T.);
#2815 = ADVANCED_FACE('',(#2816),#605,.T.);
#2816 = FACE_BOUND('',#2817,.T.);
#2817 = EDGE_LOOP('',(#2818,#2819,#2820,#2842));
#2818 = ORIENTED_EDGE('',*,*,#588,.F.);
#2819 = ORIENTED_EDGE('',*,*,#2743,.F.);
#2820 = ORIENTED_EDGE('',*,*,#2821,.T.);
#2821 = EDGE_CURVE('',#2716,#2769,#2822,.T.);
#2822 = SURFACE_CURVE('',#2823,(#2828,#2835),.PCURVE_S1.);
#2823 = CIRCLE('',#2824,15.);
#2824 = AXIS2_PLACEMENT_3D('',#2825,#2826,#2827);
#2825 = CARTESIAN_POINT('',(0.,0.,-6.));
#2826 = DIRECTION('',(0.,0.,1.));
#2827 = DIRECTION('',(1.,0.,0.));
#2828 = PCURVE('',#605,#2829);
#2829 = DEFINITIONAL_REPRESENTATION('',(#2830),#2834);
#2830 = LINE('',#2831,#2832);
#2831 = CARTESIAN_POINT('',(0.,0.));
#2832 = VECTOR('',#2833,1.);
#2833 = DIRECTION('',(1.,0.));
#2834 = ( GEOMETRIC_REPRESENTATION_CONTEXT(2) 
PARAMETRIC_REPRESENTATION_CONTEXT() REPRESENTATION_CONTEXT('2D SPACE',''
  ) );
#2835 = PCURVE('',#2565,#2836);
#2836 = DEFINITIONAL_REPRESENTATION('',(#2837),#2841);
#2837 = CIRCLE('',#2838,15.);
#2838 = AXIS2_PLACEMENT_2D('',#2839,#2840);
#2839 = CARTESIAN_POINT('',(-26.50028301685,-1.633998562003E-04));
#2840 = DIRECTION('',(-0.5,0.866025403784));
#2841 = ( GEOMETRIC_REPRESENTATION_CONTEXT(2) 
PARAMETRIC_REPRESENTATION_CONTEXT() REPRESENTATION_CONTEXT('2D SPACE',''
  ) );
#2842 = ORIENTED_EDGE('',*,*,#2768,.T.);
#2843 = ADVANCED_FACE('',(#2844),#694,.T.);
#2844 = FACE_BOUND('',#2845,.T.);
#2845 = EDGE_LOOP('',(#2846,#2868,#2869,#2891));
#2846 = ORIENTED_EDGE('',*,*,#2847,.F.);
#2847 = EDGE_CURVE('',#676,#2848,#2850,.T.);
#2848 = VERTEX_POINT('',#2849);
#2849 = CARTESIAN_POINT('',(-2.303847577293,15.990353928239,-3.));
#2850 = SURFACE_CURVE('',#2851,(#2856,#2862),.PCURVE_S1.);
#2851 = CIRCLE('',#2852,3.);
#2852 = AXIS2_PLACEMENT_3D('',#2853,#2854,#2855);
#2853 = CARTESIAN_POINT('',(-3.803847577293,18.588430139593,-3.));
#2854 = DIRECTION('',(-0.866025403784,-0.5,0.));
#2855 = DIRECTION('',(0.5,-0.866025403784,0.));
#2856 = PCURVE('',#694,#2857);
#2857 = DEFINITIONAL_REPRESENTATION('',(#2858),#2861);
#2858 = B_SPLINE_CURVE_WITH_KNOTS('',1,(#2859,#2860),.UNSPECIFIED.,.F.,
  .F.,(2,2),(4.712388980385,6.28318530718),.PIECEWISE_BEZIER_KNOTS.);
#2859 = CARTESIAN_POINT('',(0.,-1.570796326795));
#2860 = CARTESIAN_POINT('',(0.,0.));
#2861 = ( GEOMETRIC_REPRESENTATION_CONTEXT(2) 
PARAMETRIC_REPRESENTATION_CONTEXT() REPRESENTATION_CONTEXT('2D SPACE',''
  ) );
#2862 = PCURVE('',#721,#2863);
#2863 = DEFINITIONAL_REPRESENTATION('',(#2864),#2867);
#2864 = B_SPLINE_CURVE_WITH_KNOTS('',1,(#2865,#2866),.UNSPECIFIED.,.F.,
  .F.,(2,2),(4.712388980385,6.28318530718),.PIECEWISE_BEZIER_KNOTS.);
#2865 = CARTESIAN_POINT('',(-1.570796326795,3.));
#2866 = CARTESIAN_POINT('',(0.,3.));
#2867 = ( GEOMETRIC_REPRESENTATION_CONTEXT(2) 
PARAMETRIC_REPRESENTATION_CONTEXT() REPRESENTATION_CONTEXT('2D SPACE',''
  ) );
#2868 = ORIENTED_EDGE('',*,*,#675,.T.);
#2869 = ORIENTED_EDGE('',*,*,#2870,.T.);
#2870 = EDGE_CURVE('',#678,#2871,#2873,.T.);
#2871 = VERTEX_POINT('',#2872);
#2872 = CARTESIAN_POINT('',(-1.20577136594,20.088430139593,-3.));
#2873 = SURFACE_CURVE('',#2874,(#2879,#2885),.PCURVE_S1.);
#2874 = CIRCLE('',#2875,3.);
#2875 = AXIS2_PLACEMENT_3D('',#2876,#2877,#2878);
#2876 = CARTESIAN_POINT('',(-3.803847577293,18.588430139593,-3.));
#2877 = DIRECTION('',(0.5,-0.866025403784,0.));
#2878 = DIRECTION('',(0.866025403784,0.5,0.));
#2879 = PCURVE('',#694,#2880);
#2880 = DEFINITIONAL_REPRESENTATION('',(#2881),#2884);
#2881 = B_SPLINE_CURVE_WITH_KNOTS('',1,(#2882,#2883),.UNSPECIFIED.,.F.,
  .F.,(2,2),(4.712388980385,6.28318530718),.PIECEWISE_BEZIER_KNOTS.);
#2882 = CARTESIAN_POINT('',(1.570796326795,-1.570796326795));
#2883 = CARTESIAN_POINT('',(1.570796326795,0.));
#2884 = ( GEOMETRIC_REPRESENTATION_CONTEXT(2) 
PARAMETRIC_REPRESENTATION_CONTEXT() REPRESENTATION_CONTEXT('2D SPACE',''
  ) );
#2885 = PCURVE('',#891,#2886);
#2886 = DEFINITIONAL_REPRESENTATION('',(#2887),#2890);
#2887 = B_SPLINE_CURVE_WITH_KNOTS('',1,(#2888,#2889),.UNSPECIFIED.,.F.,
  .F.,(2,2),(4.712388980385,6.28318530718),.PIECEWISE_BEZIER_KNOTS.);
#2888 = CARTESIAN_POINT('',(1.570796326795,3.));
#2889 = CARTESIAN_POINT('',(0.,3.));
#2890 = ( GEOMETRIC_REPRESENTATION_CONTEXT(2) 
PARAMETRIC_REPRESENTATION_CONTEXT() REPRESENTATION_CONTEXT('2D SPACE',''
  ) );
#2891 = ORIENTED_EDGE('',*,*,#2892,.F.);
#2892 = EDGE_CURVE('',#2848,#2871,#2893,.T.);
#2893 = SURFACE_CURVE('',#2894,(#2899,#2906),.PCURVE_S1.);
#2894 = CIRCLE('',#2895,3.);
#2895 = AXIS2_PLACEMENT_3D('',#2896,#2897,#2898);
#2896 = CARTESIAN_POINT('',(-3.803847577293,18.588430139593,-3.));
#2897 = DIRECTION('',(0.,0.,1.));
#2898 = DIRECTION('',(0.5,-0.866025403784,0.));
#2899 = PCURVE('',#694,#2900);
#2900 = DEFINITIONAL_REPRESENTATION('',(#2901),#2905);
#2901 = LINE('',#2902,#2903);
#2902 = CARTESIAN_POINT('',(0.,0.));
#2903 = VECTOR('',#2904,1.);
#2904 = DIRECTION('',(1.,0.));
#2905 = ( GEOMETRIC_REPRESENTATION_CONTEXT(2) 
PARAMETRIC_REPRESENTATION_CONTEXT() REPRESENTATION_CONTEXT('2D SPACE',''
  ) );
#2906 = PCURVE('',#2907,#2912);
#2907 = CYLINDRICAL_SURFACE('',#2908,3.);
#2908 = AXIS2_PLACEMENT_3D('',#2909,#2910,#2911);
#2909 = CARTESIAN_POINT('',(-3.803847577293,18.588430139593,-6.));
#2910 = DIRECTION('',(0.,0.,1.));
#2911 = DIRECTION('',(0.5,-0.866025403784,0.));
#2912 = DEFINITIONAL_REPRESENTATION('',(#2913),#2917);
#2913 = LINE('',#2914,#2915);
#2914 = CARTESIAN_POINT('',(5.921189464667E-16,3.));
#2915 = VECTOR('',#2916,1.);
#2916 = DIRECTION('',(1.,0.));
#2917 = ( GEOMETRIC_REPRESENTATION_CONTEXT(2) 
PARAMETRIC_REPRESENTATION_CONTEXT() REPRESENTATION_CONTEXT('2D SPACE',''
  ) );
#2918 = ADVANCED_FACE('',(#2919),#891,.T.);
#2919 = FACE_BOUND('',#2920,.T.);
#2920 = EDGE_LOOP('',(#2921,#2922,#2923,#2945));
#2921 = ORIENTED_EDGE('',*,*,#2870,.F.);
#2922 = ORIENTED_EDGE('',*,*,#878,.T.);
#2923 = ORIENTED_EDGE('',*,*,#2924,.T.);
#2924 = EDGE_CURVE('',#850,#2925,#2927,.T.);
#2925 = VERTEX_POINT('',#2926);
#2926 = CARTESIAN_POINT('',(-3.95577136594,24.851569860407,-3.));
#2927 = SURFACE_CURVE('',#2928,(#2933,#2939),.PCURVE_S1.);
#2928 = CIRCLE('',#2929,3.);
#2929 = AXIS2_PLACEMENT_3D('',#2930,#2931,#2932);
#2930 = CARTESIAN_POINT('',(-6.553847577293,23.351569860407,-3.));
#2931 = DIRECTION('',(0.5,-0.866025403784,0.));
#2932 = DIRECTION('',(0.866025403784,0.5,0.));
#2933 = PCURVE('',#891,#2934);
#2934 = DEFINITIONAL_REPRESENTATION('',(#2935),#2938);
#2935 = B_SPLINE_CURVE_WITH_KNOTS('',1,(#2936,#2937),.UNSPECIFIED.,.F.,
  .F.,(2,2),(4.712388980385,6.28318530718),.PIECEWISE_BEZIER_KNOTS.);
#2936 = CARTESIAN_POINT('',(1.570796326795,8.5));
#2937 = CARTESIAN_POINT('',(0.,8.5));
#2938 = ( GEOMETRIC_REPRESENTATION_CONTEXT(2) 
PARAMETRIC_REPRESENTATION_CONTEXT() REPRESENTATION_CONTEXT('2D SPACE',''
  ) );
#2939 = PCURVE('',#866,#2940);
#2940 = DEFINITIONAL_REPRESENTATION('',(#2941),#2944);
#2941 = B_SPLINE_CURVE_WITH_KNOTS('',1,(#2942,#2943),.UNSPECIFIED.,.F.,
  .F.,(2,2),(4.712388980385,6.28318530718),.PIECEWISE_BEZIER_KNOTS.);
#2942 = CARTESIAN_POINT('',(-1.570796326795,-1.570796326795));
#2943 = CARTESIAN_POINT('',(-1.570796326795,0.));
#2944 = ( GEOMETRIC_REPRESENTATION_CONTEXT(2) 
PARAMETRIC_REPRESENTATION_CONTEXT() REPRESENTATION_CONTEXT('2D SPACE',''
  ) );
#2945 = ORIENTED_EDGE('',*,*,#2946,.F.);
#2946 = EDGE_CURVE('',#2871,#2925,#2947,.T.);
#2947 = SURFACE_CURVE('',#2948,(#2952,#2959),.PCURVE_S1.);
#2948 = LINE('',#2949,#2950);
#2949 = CARTESIAN_POINT('',(0.29422863406,17.490353928239,-3.));
#2950 = VECTOR('',#2951,1.);
#2951 = DIRECTION('',(-0.5,0.866025403784,0.));
#2952 = PCURVE('',#891,#2953);
#2953 = DEFINITIONAL_REPRESENTATION('',(#2954),#2958);
#2954 = LINE('',#2955,#2956);
#2955 = CARTESIAN_POINT('',(0.,0.));
#2956 = VECTOR('',#2957,1.);
#2957 = DIRECTION('',(0.,1.));
#2958 = ( GEOMETRIC_REPRESENTATION_CONTEXT(2) 
PARAMETRIC_REPRESENTATION_CONTEXT() REPRESENTATION_CONTEXT('2D SPACE',''
  ) );
#2959 = PCURVE('',#2960,#2965);
#2960 = PLANE('',#2961);
#2961 = AXIS2_PLACEMENT_3D('',#2962,#2963,#2964);
#2962 = CARTESIAN_POINT('',(0.29422863406,17.490353928239,-6.));
#2963 = DIRECTION('',(-0.866025403784,-0.5,0.));
#2964 = DIRECTION('',(0.,0.,1.));
#2965 = DEFINITIONAL_REPRESENTATION('',(#2966),#2970);
#2966 = LINE('',#2967,#2968);
#2967 = CARTESIAN_POINT('',(3.,-1.7763568394E-15));
#2968 = VECTOR('',#2969,1.);
#2969 = DIRECTION('',(0.,1.));
#2970 = ( GEOMETRIC_REPRESENTATION_CONTEXT(2) 
PARAMETRIC_REPRESENTATION_CONTEXT() REPRESENTATION_CONTEXT('2D SPACE',''
  ) );
#2971 = ADVANCED_FACE('',(#2972),#866,.T.);
#2972 = FACE_BOUND('',#2973,.F.);
#2973 = EDGE_LOOP('',(#2974,#3048,#3049,#3050));
#2974 = ORIENTED_EDGE('',*,*,#2975,.F.);
#2975 = EDGE_CURVE('',#817,#2976,#2978,.T.);
#2976 = VERTEX_POINT('',#2977);
#2977 = CARTESIAN_POINT('',(-7.104034358176,26.300687441336,-3.));
#2978 = SURFACE_CURVE('',#2979,(#3000,#3024),.PCURVE_S1.);
#2979 = B_SPLINE_CURVE_WITH_KNOTS('',7,(#2980,#2981,#2982,#2983,#2984,
    #2985,#2986,#2987,#2988,#2989,#2990,#2991,#2992,#2993,#2994,#2995,
    #2996,#2997,#2998,#2999),.UNSPECIFIED.,.F.,.F.,(8,6,6,8),(0.,
    0.228586468093,0.452194793862,1.),.UNSPECIFIED.);
#2980 = CARTESIAN_POINT('',(-6.559937880189,25.009871071952,-5.5));
#2981 = CARTESIAN_POINT('',(-6.587421770028,25.099133420856,
    -5.440723501381));
#2982 = CARTESIAN_POINT('',(-6.615253503752,25.184584807925,
    -5.37826344856));
#2983 = CARTESIAN_POINT('',(-6.643199810549,25.266142278577,
    -5.312914251351));
#2984 = CARTESIAN_POINT('',(-6.671046913953,25.343786447211,
    -5.244951768194));
#2985 = CARTESIAN_POINT('',(-6.698604234846,25.417539513429,
    -5.174627535556));
#2986 = CARTESIAN_POINT('',(-6.725705386032,25.487450777471,
    -5.102163628839));
#2987 = CARTESIAN_POINT('',(-6.778130392016,25.618288163719,
    -4.954953296434));
#2988 = CARTESIAN_POINT('',(-6.803477276196,25.679369684089,
    -4.88029887196));
#2989 = CARTESIAN_POINT('',(-6.828111170466,25.736896582046,
    -4.803965751044));
#2990 = CARTESIAN_POINT('',(-6.851911502137,25.790935741644,
    -4.726119698787));
#2991 = CARTESIAN_POINT('',(-6.87477278232,25.841556727928,
    -4.646911313149));
#2992 = CARTESIAN_POINT('',(-6.896603645654,25.888829617629,
    -4.566475513642));
#2993 = CARTESIAN_POINT('',(-6.968089794385,26.040598129504,
    -4.285158330773));
#2994 = CARTESIAN_POINT('',(-7.012172705622,26.128637386345,
    -4.07882375635));
#2995 = CARTESIAN_POINT('',(-7.04844969312,26.198023937812,
    -3.867582162295));
#2996 = CARTESIAN_POINT('',(-7.076127534752,26.249498180792,
    -3.652877024351));
#2997 = CARTESIAN_POINT('',(-7.094726339902,26.283614693074,
    -3.435994988856));
#2998 = CARTESIAN_POINT('',(-7.104034358176,26.300687441336,
    -3.218053309384));
#2999 = CARTESIAN_POINT('',(-7.104034358176,26.300687441336,-3.));
#3000 = PCURVE('',#866,#3001);
#3001 = DEFINITIONAL_REPRESENTATION('',(#3002),#3023);
#3002 = B_SPLINE_CURVE_WITH_KNOTS('',7,(#3003,#3004,#3005,#3006,#3007,
    #3008,#3009,#3010,#3011,#3012,#3013,#3014,#3015,#3016,#3017,#3018,
    #3019,#3020,#3021,#3022),.UNSPECIFIED.,.F.,.F.,(8,6,6,8),(0.,
    0.228586468093,0.452194793862,1.),.UNSPECIFIED.);
#3003 = CARTESIAN_POINT('',(-0.519926176513,-0.985110783338));
#3004 = CARTESIAN_POINT('',(-0.503550564485,-0.949365709737));
#3005 = CARTESIAN_POINT('',(-0.489015174624,-0.913948207556));
#3006 = CARTESIAN_POINT('',(-0.475903834202,-0.878886683748));
#3007 = CARTESIAN_POINT('',(-0.463972064423,-0.844189139191));
#3008 = CARTESIAN_POINT('',(-0.453053484597,-0.809852206113));
#3009 = CARTESIAN_POINT('',(-0.443015006968,-0.775864884491));
#3010 = CARTESIAN_POINT('',(-0.424708174535,-0.709282070214));
#3011 = CARTESIAN_POINT('',(-0.416406493048,-0.676676022608));
#3012 = CARTESIAN_POINT('',(-0.408764173824,-0.644371899824));
#3013 = CARTESIAN_POINT('',(-0.401717007279,-0.612352118688));
#3014 = CARTESIAN_POINT('',(-0.395216310724,-0.580598287078));
#3015 = CARTESIAN_POINT('',(-0.389222506097,-0.549090801209));
#3016 = CARTESIAN_POINT('',(-0.37018502141,-0.441170752927));
#3017 = CARTESIAN_POINT('',(-0.3595251893,-0.365919163466));
#3018 = CARTESIAN_POINT('',(-0.351250111874,-0.291699621357));
#3019 = CARTESIAN_POINT('',(-0.345175919064,-0.21825305651));
#3020 = CARTESIAN_POINT('',(-0.341165196903,-0.14533160406));
#3021 = CARTESIAN_POINT('',(-0.339159250438,-7.268443646119E-02));
#3022 = CARTESIAN_POINT('',(-0.339159250438,0.));
#3023 = ( GEOMETRIC_REPRESENTATION_CONTEXT(2) 
PARAMETRIC_REPRESENTATION_CONTEXT() REPRESENTATION_CONTEXT('2D SPACE',''
  ) );
#3024 = PCURVE('',#837,#3025);
#3025 = DEFINITIONAL_REPRESENTATION('',(#3026),#3047);
#3026 = B_SPLINE_CURVE_WITH_KNOTS('',7,(#3027,#3028,#3029,#3030,#3031,
    #3032,#3033,#3034,#3035,#3036,#3037,#3038,#3039,#3040,#3041,#3042,
    #3043,#3044,#3045,#3046),.UNSPECIFIED.,.F.,.F.,(8,6,6,8),(0.,
    0.228586468093,0.452194793862,1.),.UNSPECIFIED.);
#3027 = CARTESIAN_POINT('',(4.487478984083,8.881784197001E-15));
#3028 = CARTESIAN_POINT('',(4.500821513241,5.927649861873E-02));
#3029 = CARTESIAN_POINT('',(4.513658346078,0.12173655144));
#3030 = CARTESIAN_POINT('',(4.525972237239,0.187085748649));
#3031 = CARTESIAN_POINT('',(4.537754090912,0.255048231806));
#3032 = CARTESIAN_POINT('',(4.549000311086,0.325372464444));
#3033 = CARTESIAN_POINT('',(4.559711110391,0.397836371161));
#3034 = CARTESIAN_POINT('',(4.579846774199,0.545046703566));
#3035 = CARTESIAN_POINT('',(4.589293467902,0.61970112804));
#3036 = CARTESIAN_POINT('',(4.598232518372,0.696034248956));
#3037 = CARTESIAN_POINT('',(4.606667256297,0.773880301213));
#3038 = CARTESIAN_POINT('',(4.614601628226,0.853088686851));
#3039 = CARTESIAN_POINT('',(4.622040024646,0.933524486358));
#3040 = CARTESIAN_POINT('',(4.646005965895,1.214841669227));
#3041 = CARTESIAN_POINT('',(4.66006750835,1.42117624365));
#3042 = CARTESIAN_POINT('',(4.671251266662,1.632417837705));
#3043 = CARTESIAN_POINT('',(4.679600178346,1.847122975649));
#3044 = CARTESIAN_POINT('',(4.685151169402,2.064005011144));
#3045 = CARTESIAN_POINT('',(4.687929059078,2.281946690616));
#3046 = CARTESIAN_POINT('',(4.687929059078,2.5));
#3047 = ( GEOMETRIC_REPRESENTATION_CONTEXT(2) 
PARAMETRIC_REPRESENTATION_CONTEXT() REPRESENTATION_CONTEXT('2D SPACE',''
  ) );
#3048 = ORIENTED_EDGE('',*,*,#849,.F.);
#3049 = ORIENTED_EDGE('',*,*,#2924,.T.);
#3050 = ORIENTED_EDGE('',*,*,#3051,.F.);
#3051 = EDGE_CURVE('',#2976,#2925,#3052,.T.);
#3052 = SURFACE_CURVE('',#3053,(#3058,#3065),.PCURVE_S1.);
#3053 = CIRCLE('',#3054,3.);
#3054 = AXIS2_PLACEMENT_3D('',#3055,#3056,#3057);
#3055 = CARTESIAN_POINT('',(-6.553847577293,23.351569860407,-3.));
#3056 = DIRECTION('',(-0.,0.,-1.));
#3057 = DIRECTION('',(-0.5,0.866025403784,0.));
#3058 = PCURVE('',#866,#3059);
#3059 = DEFINITIONAL_REPRESENTATION('',(#3060),#3064);
#3060 = LINE('',#3061,#3062);
#3061 = CARTESIAN_POINT('',(-0.,0.));
#3062 = VECTOR('',#3063,1.);
#3063 = DIRECTION('',(-1.,0.));
#3064 = ( GEOMETRIC_REPRESENTATION_CONTEXT(2) 
PARAMETRIC_REPRESENTATION_CONTEXT() REPRESENTATION_CONTEXT('2D SPACE',''
  ) );
#3065 = PCURVE('',#3066,#3071);
#3066 = CYLINDRICAL_SURFACE('',#3067,3.);
#3067 = AXIS2_PLACEMENT_3D('',#3068,#3069,#3070);
#3068 = CARTESIAN_POINT('',(-6.553847577293,23.351569860407,-6.));
#3069 = DIRECTION('',(0.,0.,1.));
#3070 = DIRECTION('',(-0.5,0.866025403784,0.));
#3071 = DEFINITIONAL_REPRESENTATION('',(#3072),#3076);
#3072 = LINE('',#3073,#3074);
#3073 = CARTESIAN_POINT('',(-2.960594732334E-16,3.));
#3074 = VECTOR('',#3075,1.);
#3075 = DIRECTION('',(-1.,0.));
#3076 = ( GEOMETRIC_REPRESENTATION_CONTEXT(2) 
PARAMETRIC_REPRESENTATION_CONTEXT() REPRESENTATION_CONTEXT('2D SPACE',''
  ) );
#3077 = ADVANCED_FACE('',(#3078),#837,.T.);
#3078 = FACE_BOUND('',#3079,.T.);
#3079 = EDGE_LOOP('',(#3080,#3081,#3155,#3181,#3289,#3290,#3364,#3383));
#3080 = ORIENTED_EDGE('',*,*,#816,.F.);
#3081 = ORIENTED_EDGE('',*,*,#3082,.F.);
#3082 = EDGE_CURVE('',#3083,#788,#3085,.T.);
#3083 = VERTEX_POINT('',#3084);
#3084 = CARTESIAN_POINT('',(-19.22482777185,19.302887018937,-3.));
#3085 = SURFACE_CURVE('',#3086,(#3107,#3131),.PCURVE_S1.);
#3086 = B_SPLINE_CURVE_WITH_KNOTS('',7,(#3087,#3088,#3089,#3090,#3091,
    #3092,#3093,#3094,#3095,#3096,#3097,#3098,#3099,#3100,#3101,#3102,
    #3103,#3104,#3105,#3106),.UNSPECIFIED.,.F.,.F.,(8,6,6,8),(0.,
    0.564664682279,0.772239536808,1.),.UNSPECIFIED.);
#3087 = CARTESIAN_POINT('',(-19.22482777185,19.302887018937,-3.));
#3088 = CARTESIAN_POINT('',(-19.22482777185,19.302887018937,
    -3.22520968965));
#3089 = CARTESIAN_POINT('',(-19.21402161462,19.285182981138,
    -3.449914144601));
#3090 = CARTESIAN_POINT('',(-19.19249201244,19.249915824496,
    -3.673319027115));
#3091 = CARTESIAN_POINT('',(-19.1598066844,19.197106336043,
    -3.894335767195));
#3092 = CARTESIAN_POINT('',(-19.1151390221,19.126881807644,
    -4.111592984176));
#3093 = CARTESIAN_POINT('',(-19.05729688419,19.039582843224,
    -4.323477731043));
#3094 = CARTESIAN_POINT('',(-18.95790947281,18.897600754529,
    -4.603261675653));
#3095 = CARTESIAN_POINT('',(-18.92919336934,18.857208502543,
    -4.67747094056));
#3096 = CARTESIAN_POINT('',(-18.89839538474,18.814617639346,
    -4.750586766441));
#3097 = CARTESIAN_POINT('',(-18.86542909085,18.769865669175,
    -4.822498860314));
#3098 = CARTESIAN_POINT('',(-18.83020340521,18.722999542927,
    -4.893084921109));
#3099 = CARTESIAN_POINT('',(-18.79262365425,18.674077031931,
    -4.962211009851));
#3100 = CARTESIAN_POINT('',(-18.70866880412,18.567308534563,
    -5.103818898113));
#3101 = CARTESIAN_POINT('',(-18.66179838593,18.509063186774,
    -5.175965659615));
#3102 = CARTESIAN_POINT('',(-18.61185084399,18.448521295762,
    -5.245985861514));
#3103 = CARTESIAN_POINT('',(-18.55870180662,18.385801251296,
    -5.313659700943));
#3104 = CARTESIAN_POINT('',(-18.50223819976,18.321055484785,
    -5.378738349511));
#3105 = CARTESIAN_POINT('',(-18.44237107482,18.254476739392,
    -5.44094901068));
#3106 = CARTESIAN_POINT('',(-18.37905613304,18.186305720967,-5.5000006)
  );
#3107 = PCURVE('',#837,#3108);
#3108 = DEFINITIONAL_REPRESENTATION('',(#3109),#3130);
#3109 = B_SPLINE_CURVE_WITH_KNOTS('',7,(#3110,#3111,#3112,#3113,#3114,
    #3115,#3116,#3117,#3118,#3119,#3120,#3121,#3122,#3123,#3124,#3125,
    #3126,#3127,#3128,#3129),.UNSPECIFIED.,.F.,.F.,(8,6,6,8),(0.,
    0.564664682279,0.772239536808,0.999999669402),.UNSPECIFIED.);
#3110 = CARTESIAN_POINT('',(7.878423868504,2.5));
#3111 = CARTESIAN_POINT('',(7.878423868504,2.27479031035));
#3112 = CARTESIAN_POINT('',(7.881386917506,2.050085855399));
#3113 = CARTESIAN_POINT('',(7.88728972453,1.826680972885));
#3114 = CARTESIAN_POINT('',(7.896161806768,1.605664232805));
#3115 = CARTESIAN_POINT('',(7.908049405491,1.388407015824));
#3116 = CARTESIAN_POINT('',(7.923004890159,1.176522268957));
#3117 = CARTESIAN_POINT('',(7.947763632606,0.896738324347));
#3118 = CARTESIAN_POINT('',(7.954843377566,0.82252905944));
#3119 = CARTESIAN_POINT('',(7.962351473252,0.749413233559));
#3120 = CARTESIAN_POINT('',(7.970291361117,0.677501139686));
#3121 = CARTESIAN_POINT('',(7.97866613766,0.606915078891));
#3122 = CARTESIAN_POINT('',(7.987478423294,0.537788990149));
#3123 = CARTESIAN_POINT('',(8.006881716131,0.396181209426));
#3124 = CARTESIAN_POINT('',(8.017561307477,0.324034549829));
#3125 = CARTESIAN_POINT('',(8.028772227161,0.254014443392));
#3126 = CARTESIAN_POINT('',(8.04051465477,0.186340691976));
#3127 = CARTESIAN_POINT('',(8.052785004738,0.121262122802));
#3128 = CARTESIAN_POINT('',(8.065574262868,5.905153111852E-02));
#3129 = CARTESIAN_POINT('',(8.078865382186,-1.288527427842E-14));
#3130 = ( GEOMETRIC_REPRESENTATION_CONTEXT(2) 
PARAMETRIC_REPRESENTATION_CONTEXT() REPRESENTATION_CONTEXT('2D SPACE',''
  ) );
#3131 = PCURVE('',#804,#3132);
#3132 = DEFINITIONAL_REPRESENTATION('',(#3133),#3154);
#3133 = B_SPLINE_CURVE_WITH_KNOTS('',7,(#3134,#3135,#3136,#3137,#3138,
    #3139,#3140,#3141,#3142,#3143,#3144,#3145,#3146,#3147,#3148,#3149,
    #3150,#3151,#3152,#3153),.UNSPECIFIED.,.F.,.F.,(8,6,6,8),(0.,
    0.564664682279,0.772239536808,1.),.UNSPECIFIED.);
#3134 = CARTESIAN_POINT('',(0.33903522049,0.));
#3135 = CARTESIAN_POINT('',(0.33903522049,-7.506989654989E-02));
#3136 = CARTESIAN_POINT('',(0.341173290509,-0.149971323852));
#3137 = CARTESIAN_POINT('',(0.345439075264,-0.225130736118));
#3138 = CARTESIAN_POINT('',(0.351892715306,-0.300862022615));
#3139 = CARTESIAN_POINT('',(0.360700503515,-0.377452671473));
#3140 = CARTESIAN_POINT('',(0.372067798259,-0.45518914452));
#3141 = CARTESIAN_POINT('',(0.391869242335,-0.563562205148));
#3142 = CARTESIAN_POINT('',(0.397611456992,-0.592892803849));
#3143 = CARTESIAN_POINT('',(0.403801490642,-0.622440700311));
#3144 = CARTESIAN_POINT('',(0.410471519894,-0.652221555837));
#3145 = CARTESIAN_POINT('',(0.417662439516,-0.682250005432));
#3146 = CARTESIAN_POINT('',(0.425428556161,-0.712539908296));
#3147 = CARTESIAN_POINT('',(0.443074200459,-0.776641550419));
#3148 = CARTESIAN_POINT('',(0.453085705055,-0.810505802607));
#3149 = CARTESIAN_POINT('',(0.463971887505,-0.844717254233));
#3150 = CARTESIAN_POINT('',(0.475864636097,-0.879286735237));
#3151 = CARTESIAN_POINT('',(0.488928869431,-0.914217525375));
#3152 = CARTESIAN_POINT('',(0.503406610638,-0.949501677537));
#3153 = CARTESIAN_POINT('',(0.519708902176,-0.985111145151));
#3154 = ( GEOMETRIC_REPRESENTATION_CONTEXT(2) 
PARAMETRIC_REPRESENTATION_CONTEXT() REPRESENTATION_CONTEXT('2D SPACE',''
  ) );
#3155 = ORIENTED_EDGE('',*,*,#3156,.T.);
#3156 = EDGE_CURVE('',#3083,#3157,#3159,.T.);
#3157 = VERTEX_POINT('',#3158);
#3158 = CARTESIAN_POINT('',(-19.22482777185,19.302887018937,3.));
#3159 = SURFACE_CURVE('',#3160,(#3164,#3170),.PCURVE_S1.);
#3160 = LINE('',#3161,#3162);
#3161 = CARTESIAN_POINT('',(-19.22482777185,19.302887018937,-6.));
#3162 = VECTOR('',#3163,1.);
#3163 = DIRECTION('',(0.,0.,1.));
#3164 = PCURVE('',#837,#3165);
#3165 = DEFINITIONAL_REPRESENTATION('',(#3166),#3169);
#3166 = B_SPLINE_CURVE_WITH_KNOTS('',1,(#3167,#3168),.UNSPECIFIED.,.F.,
  .F.,(2,2),(3.,9.),.PIECEWISE_BEZIER_KNOTS.);
#3167 = CARTESIAN_POINT('',(7.878423868504,2.5));
#3168 = CARTESIAN_POINT('',(7.878423868504,8.5));
#3169 = ( GEOMETRIC_REPRESENTATION_CONTEXT(2) 
PARAMETRIC_REPRESENTATION_CONTEXT() REPRESENTATION_CONTEXT('2D SPACE',''
  ) );
#3170 = PCURVE('',#3171,#3176);
#3171 = CYLINDRICAL_SURFACE('',#3172,3.);
#3172 = AXIS2_PLACEMENT_3D('',#3173,#3174,#3175);
#3173 = CARTESIAN_POINT('',(-16.9461524227,17.351569860407,-6.));
#3174 = DIRECTION('',(0.,0.,1.));
#3175 = DIRECTION('',(-0.5,0.866025403784,0.));
#3176 = DEFINITIONAL_REPRESENTATION('',(#3177),#3180);
#3177 = B_SPLINE_CURVE_WITH_KNOTS('',1,(#3178,#3179),.UNSPECIFIED.,.F.,
  .F.,(2,2),(2.9999994,9.0000006),.PIECEWISE_BEZIER_KNOTS.);
#3178 = CARTESIAN_POINT('',(0.33903522049,2.9999994));
#3179 = CARTESIAN_POINT('',(0.33903522049,9.0000006));
#3180 = ( GEOMETRIC_REPRESENTATION_CONTEXT(2) 
PARAMETRIC_REPRESENTATION_CONTEXT() REPRESENTATION_CONTEXT('2D SPACE',''
  ) );
#3181 = ORIENTED_EDGE('',*,*,#3182,.F.);
#3182 = EDGE_CURVE('',#1852,#3157,#3183,.T.);
#3183 = SURFACE_CURVE('',#3184,(#3217,#3253),.PCURVE_S1.);
#3184 = B_SPLINE_CURVE_WITH_KNOTS('',6,(#3185,#3186,#3187,#3188,#3189,
    #3190,#3191,#3192,#3193,#3194,#3195,#3196,#3197,#3198,#3199,#3200,
    #3201,#3202,#3203,#3204,#3205,#3206,#3207,#3208,#3209,#3210,#3211,
    #3212,#3213,#3214,#3215,#3216),.UNSPECIFIED.,.F.,.F.,(7,5,5,5,5,5,7)
  ,(0.,0.119391848683,0.240775919539,0.352930883693,0.470445007207,
    0.624714826508,1.),.UNSPECIFIED.);
#3185 = CARTESIAN_POINT('',(-18.37905613304,18.186305720967,5.5000006));
#3186 = CARTESIAN_POINT('',(-18.41797399167,18.228208469085,
    5.463703300496));
#3187 = CARTESIAN_POINT('',(-18.4555139416,18.269451479715,
    5.426213835899));
#3188 = CARTESIAN_POINT('',(-18.49169973683,18.309983501578,
    5.387604118813));
#3189 = CARTESIAN_POINT('',(-18.52655944583,18.349759715216,
    5.347942383343));
#3190 = CARTESIAN_POINT('',(-18.56012419388,18.38874137499,
    5.307292444333));
#3191 = CARTESIAN_POINT('',(-18.62526863343,18.465686181996,
    5.223439656181));
#3192 = CARTESIAN_POINT('',(-18.65680540455,18.503621005276,
    5.180205909356));
#3193 = CARTESIAN_POINT('',(-18.68707227552,18.540665443289,
    5.136073542388));
#3194 = CARTESIAN_POINT('',(-18.71610451309,18.576789345344,
    5.091100130288));
#3195 = CARTESIAN_POINT('',(-18.74393759404,18.61196688769,
    5.045338996805));
#3196 = CARTESIAN_POINT('',(-18.79524906515,18.677785219211,
    4.955874916156));
#3197 = CARTESIAN_POINT('',(-18.81889735955,18.708567273764,
    4.912280252385));
#3198 = CARTESIAN_POINT('',(-18.84158002525,18.738505661632,
    4.868093912754));
#3199 = CARTESIAN_POINT('',(-18.86332410449,18.767585335781,
    4.823352148693));
#3200 = CARTESIAN_POINT('',(-18.88415574485,18.795793277697,
    4.778088773418));
#3201 = CARTESIAN_POINT('',(-18.92499766998,18.851749412341,
    4.684395281689));
#3202 = CARTESIAN_POINT('',(-18.9449210107,18.879411019722,
    4.635917417342));
#3203 = CARTESIAN_POINT('',(-18.96389919285,18.906090634391,
    4.586937649868));
#3204 = CARTESIAN_POINT('',(-18.98195958623,18.931777139836,
    4.537489886743));
#3205 = CARTESIAN_POINT('',(-18.99912795898,18.95646098816,
    4.487605861946));
#3206 = CARTESIAN_POINT('',(-19.03682742092,19.011211844345,
    4.371294635791));
#3207 = CARTESIAN_POINT('',(-19.05673058293,19.040547410758,
    4.304573751426));
#3208 = CARTESIAN_POINT('',(-19.07519257323,19.068122927488,
    4.237219154306));
#3209 = CARTESIAN_POINT('',(-19.0922626695,19.093923221193,
    4.169293247768));
#3210 = CARTESIAN_POINT('',(-19.10798481754,19.117935917026,
    4.100854167041));
#3211 = CARTESIAN_POINT('',(-19.15745902767,19.194194127734,
    3.864349804641));
#3212 = CARTESIAN_POINT('',(-19.18476907557,19.237596157972,
    3.694040906493));
#3213 = CARTESIAN_POINT('',(-19.20489159745,19.270226771453,
    3.521782418818));
#3214 = CARTESIAN_POINT('',(-19.21818134508,19.291998656794,
    3.34826884716));
#3215 = CARTESIAN_POINT('',(-19.22482777185,19.302887018937,
    3.174144432588));
#3216 = CARTESIAN_POINT('',(-19.22482777185,19.302887018937,3.));
#3217 = PCURVE('',#837,#3218);
#3218 = DEFINITIONAL_REPRESENTATION('',(#3219),#3252);
#3219 = B_SPLINE_CURVE_WITH_KNOTS('',6,(#3220,#3221,#3222,#3223,#3224,
    #3225,#3226,#3227,#3228,#3229,#3230,#3231,#3232,#3233,#3234,#3235,
    #3236,#3237,#3238,#3239,#3240,#3241,#3242,#3243,#3244,#3245,#3246,
    #3247,#3248,#3249,#3250,#3251),.UNSPECIFIED.,.F.,.F.,(7,5,5,5,5,5,7)
  ,(3.289275419536E-07,0.119391848683,0.240775919539,0.352930883693,
    0.470445007207,0.624714826508,1.),.UNSPECIFIED.);
#3220 = CARTESIAN_POINT('',(8.078865382186,11.));
#3221 = CARTESIAN_POINT('',(8.070695727333,10.963702784074));
#3222 = CARTESIAN_POINT('',(8.062729087164,10.926213410416));
#3223 = CARTESIAN_POINT('',(8.054967534846,10.887603791005));
#3224 = CARTESIAN_POINT('',(8.047412297004,10.84794215936));
#3225 = CARTESIAN_POINT('',(8.040063878226,10.80729232978));
#3226 = CARTESIAN_POINT('',(8.025661303656,10.723439656181));
#3227 = CARTESIAN_POINT('',(8.018614191599,10.680205909356));
#3228 = CARTESIAN_POINT('',(8.011780705433,10.636073542388));
#3229 = CARTESIAN_POINT('',(8.005160375896,10.591100130288));
#3230 = CARTESIAN_POINT('',(7.998752408443,10.545338996805));
#3231 = CARTESIAN_POINT('',(7.986830109124,10.455874916156));
#3232 = CARTESIAN_POINT('',(7.981284926979,10.412280252385));
#3233 = CARTESIAN_POINT('',(7.975919281749,10.368093912754));
#3234 = CARTESIAN_POINT('',(7.970732253374,10.323352148693));
#3235 = CARTESIAN_POINT('',(7.96572285678,10.278088773418));
#3236 = CARTESIAN_POINT('',(7.955826298058,10.184395281689));
#3237 = CARTESIAN_POINT('',(7.950956441597,10.135917417342));
#3238 = CARTESIAN_POINT('',(7.946279274979,10.086937649868));
#3239 = CARTESIAN_POINT('',(7.941793622616,10.037489886743));
#3240 = CARTESIAN_POINT('',(7.937498330852,9.987605861946));
#3241 = CARTESIAN_POINT('',(7.928001923707,9.871294635791));
#3242 = CARTESIAN_POINT('',(7.9229377289,9.804573751426));
#3243 = CARTESIAN_POINT('',(7.918197126744,9.737219154306));
#3244 = CARTESIAN_POINT('',(7.913777772832,9.669293247768));
#3245 = CARTESIAN_POINT('',(7.909677535142,9.600854167041));
#3246 = CARTESIAN_POINT('',(7.896691661995,9.364349804641));
#3247 = CARTESIAN_POINT('',(7.889366739849,9.194040906493));
#3248 = CARTESIAN_POINT('',(7.883890166201,9.021782418818));
#3249 = CARTESIAN_POINT('',(7.880246244783,8.84826884716));
#3250 = CARTESIAN_POINT('',(7.878423868504,8.674144432588));
#3251 = CARTESIAN_POINT('',(7.878423868504,8.5));
#3252 = ( GEOMETRIC_REPRESENTATION_CONTEXT(2) 
PARAMETRIC_REPRESENTATION_CONTEXT() REPRESENTATION_CONTEXT('2D SPACE',''
  ) );
#3253 = PCURVE('',#1868,#3254);
#3254 = DEFINITIONAL_REPRESENTATION('',(#3255),#3288);
#3255 = B_SPLINE_CURVE_WITH_KNOTS('',6,(#3256,#3257,#3258,#3259,#3260,
    #3261,#3262,#3263,#3264,#3265,#3266,#3267,#3268,#3269,#3270,#3271,
    #3272,#3273,#3274,#3275,#3276,#3277,#3278,#3279,#3280,#3281,#3282,
    #3283,#3284,#3285,#3286,#3287),.UNSPECIFIED.,.F.,.F.,(7,5,5,5,5,5,7)
  ,(0.,0.119391848683,0.240775919539,0.352930883693,0.470445007207,
    0.624714826508,1.),.UNSPECIFIED.);
#3256 = CARTESIAN_POINT('',(1.048404902393,-0.278091558172));
#3257 = CARTESIAN_POINT('',(1.025379182561,-0.282512221952));
#3258 = CARTESIAN_POINT('',(1.002456136446,-0.286640270356));
#3259 = CARTESIAN_POINT('',(0.979642804963,-0.29049020832));
#3260 = CARTESIAN_POINT('',(0.95694476442,-0.29407695706));
#3261 = CARTESIAN_POINT('',(0.934365964455,-0.297415522582));
#3262 = CARTESIAN_POINT('',(0.889076433957,-0.303677619509));
#3263 = CARTESIAN_POINT('',(0.866370002117,-0.306593234434));
#3264 = CARTESIAN_POINT('',(0.843791601201,-0.309283135944));
#3265 = CARTESIAN_POINT('',(0.821342355362,-0.311762437009));
#3266 = CARTESIAN_POINT('',(0.799022182153,-0.314045736594));
#3267 = CARTESIAN_POINT('',(0.756324740698,-0.318088729802));
#3268 = CARTESIAN_POINT('',(0.735928889878,-0.319874990397));
#3269 = CARTESIAN_POINT('',(0.715641239684,-0.321516964245));
#3270 = CARTESIAN_POINT('',(0.695460216519,-0.323025167663));
#3271 = CARTESIAN_POINT('',(0.675383673563,-0.324409570482));
#3272 = CARTESIAN_POINT('',(0.634479642486,-0.327010307923));
#3273 = CARTESIAN_POINT('',(0.613662195234,-0.328215438704));
#3274 = CARTESIAN_POINT('',(0.592953425769,-0.329305809783));
#3275 = CARTESIAN_POINT('',(0.572349783721,-0.330291532049));
#3276 = CARTESIAN_POINT('',(0.551847291599,-0.331182005893));
#3277 = CARTESIAN_POINT('',(0.50465335307,-0.333041282618));
#3278 = CARTESIAN_POINT('',(0.478032054013,-0.333947478439));
#3279 = CARTESIAN_POINT('',(0.451567645369,-0.33472413554));
#3280 = CARTESIAN_POINT('',(0.425249463528,-0.33538882446));
#3281 = CARTESIAN_POINT('',(0.399066183537,-0.335957059404));
#3282 = CARTESIAN_POINT('',(0.309609955706,-0.337622716724));
#3283 = CARTESIAN_POINT('',(0.246946996444,-0.338311967942));
#3284 = CARTESIAN_POINT('',(0.184834517289,-0.338704687424));
#3285 = CARTESIAN_POINT('',(0.123096843381,-0.338925021041));
#3286 = CARTESIAN_POINT('',(6.155192810688E-02,-0.33903522049));
#3287 = CARTESIAN_POINT('',(0.,-0.33903522049));
#3288 = ( GEOMETRIC_REPRESENTATION_CONTEXT(2) 
PARAMETRIC_REPRESENTATION_CONTEXT() REPRESENTATION_CONTEXT('2D SPACE',''
  ) );
#3289 = ORIENTED_EDGE('',*,*,#1893,.F.);
#3290 = ORIENTED_EDGE('',*,*,#3291,.F.);
#3291 = EDGE_CURVE('',#3292,#1894,#3294,.T.);
#3292 = VERTEX_POINT('',#3293);
#3293 = CARTESIAN_POINT('',(-7.104034358176,26.300687441336,3.));
#3294 = SURFACE_CURVE('',#3295,(#3316,#3340),.PCURVE_S1.);
#3295 = B_SPLINE_CURVE_WITH_KNOTS('',7,(#3296,#3297,#3298,#3299,#3300,
    #3301,#3302,#3303,#3304,#3305,#3306,#3307,#3308,#3309,#3310,#3311,
    #3312,#3313,#3314,#3315),.UNSPECIFIED.,.F.,.F.,(8,6,6,8),(0.,
    0.556784770698,0.772255527427,1.),.UNSPECIFIED.);
#3296 = CARTESIAN_POINT('',(-7.104034358176,26.300687441336,3.));
#3297 = CARTESIAN_POINT('',(-7.104034358176,26.300687441336,
    3.221809530125));
#3298 = CARTESIAN_POINT('',(-7.094402859692,26.283021629737,
    3.443334568339));
#3299 = CARTESIAN_POINT('',(-7.075184618952,26.24776816454,
    3.663693805103));
#3300 = CARTESIAN_POINT('',(-7.046601450283,26.194584114228,
    3.881775141392));
#3301 = CARTESIAN_POINT('',(-7.009156464609,26.122864632212,
    4.096240651874));
#3302 = CARTESIAN_POINT('',(-6.96369457479,26.03180630812,4.305554245864
    ));
#3303 = CARTESIAN_POINT('',(-6.891215828616,25.877137707219,
    4.586219860438));
#3304 = CARTESIAN_POINT('',(-6.869978447595,25.83092525311,
    4.663477138366));
#3305 = CARTESIAN_POINT('',(-6.84779845788,25.781593775673,
    4.739573974885));
#3306 = CARTESIAN_POINT('',(-6.824759285431,25.729080574723,
    4.814388288056));
#3307 = CARTESIAN_POINT('',(-6.800956453656,25.673323539575,
    4.887784185344));
#3308 = CARTESIAN_POINT('',(-6.776498381047,25.614263033729,
    4.959612388736));
#3309 = CARTESIAN_POINT('',(-6.725092419552,25.48586897934,
    5.103801891652));
#3310 = CARTESIAN_POINT('',(-6.698084832633,25.416148976887,
    5.175952577159));
#3311 = CARTESIAN_POINT('',(-6.670627007981,25.342615350238,
    5.245976339628));
#3312 = CARTESIAN_POINT('',(-6.642883706827,25.265219611439,
    5.31365332851));
#3313 = CARTESIAN_POINT('',(-6.615043531141,25.183940099207,
    5.378734656862));
#3314 = CARTESIAN_POINT('',(-6.587317938448,25.098796238704,
    5.440947463514));
#3315 = CARTESIAN_POINT('',(-6.559937601995,25.009870168433,5.5000006));
#3316 = PCURVE('',#837,#3317);
#3317 = DEFINITIONAL_REPRESENTATION('',(#3318),#3339);
#3318 = B_SPLINE_CURVE_WITH_KNOTS('',7,(#3319,#3320,#3321,#3322,#3323,
    #3324,#3325,#3326,#3327,#3328,#3329,#3330,#3331,#3332,#3333,#3334,
    #3335,#3336,#3337,#3338),.UNSPECIFIED.,.F.,.F.,(8,6,6,8),(0.,
    0.556784770698,0.772255527427,0.999999669434),.UNSPECIFIED.);
#3319 = CARTESIAN_POINT('',(4.687929059078,8.5));
#3320 = CARTESIAN_POINT('',(4.687929059078,8.721809530125));
#3321 = CARTESIAN_POINT('',(4.685054664949,8.943334568339));
#3322 = CARTESIAN_POINT('',(4.679318705078,9.163693805103));
#3323 = CARTESIAN_POINT('',(4.670693433849,9.381775141392));
#3324 = CARTESIAN_POINT('',(4.659137183937,9.596240651874));
#3325 = CARTESIAN_POINT('',(4.644602205021,9.805554245864));
#3326 = CARTESIAN_POINT('',(4.620200990284,10.086219860438));
#3327 = CARTESIAN_POINT('',(4.612935651153,10.163477138366));
#3328 = CARTESIAN_POINT('',(4.605209179625,10.239573974885));
#3329 = CARTESIAN_POINT('',(4.597017704861,10.314388288056));
#3330 = CARTESIAN_POINT('',(4.588357731897,10.387784185344));
#3331 = CARTESIAN_POINT('',(4.579226293919,10.459612388736));
#3332 = CARTESIAN_POINT('',(4.559468795964,10.60380178411));
#3333 = CARTESIAN_POINT('',(4.548788314516,10.675952367709));
#3334 = CARTESIAN_POINT('',(4.53757644066,10.745976034714));
#3335 = CARTESIAN_POINT('',(4.525832999676,10.813652935584));
#3336 = CARTESIAN_POINT('',(4.513561584976,10.878734184542));
#3337 = CARTESIAN_POINT('',(4.500771223627,10.940946921711));
#3338 = CARTESIAN_POINT('',(4.487478984083,11.));
#3339 = ( GEOMETRIC_REPRESENTATION_CONTEXT(2) 
PARAMETRIC_REPRESENTATION_CONTEXT() REPRESENTATION_CONTEXT('2D SPACE',''
  ) );
#3340 = PCURVE('',#1936,#3341);
#3341 = DEFINITIONAL_REPRESENTATION('',(#3342),#3363);
#3342 = B_SPLINE_CURVE_WITH_KNOTS('',7,(#3343,#3344,#3345,#3346,#3347,
    #3348,#3349,#3350,#3351,#3352,#3353,#3354,#3355,#3356,#3357,#3358,
    #3359,#3360,#3361,#3362),.UNSPECIFIED.,.F.,.F.,(8,6,6,8),(0.,
    0.556784770698,0.772255527427,1.),.UNSPECIFIED.);
#3343 = CARTESIAN_POINT('',(0.339159250438,0.));
#3344 = CARTESIAN_POINT('',(0.339159250438,-7.393651004154E-02));
#3345 = CARTESIAN_POINT('',(0.341234560669,-0.147778127828));
#3346 = CARTESIAN_POINT('',(0.34537982381,-0.221891569278));
#3347 = CARTESIAN_POINT('',(0.351655736903,-0.296557970792));
#3348 = CARTESIAN_POINT('',(0.360213960686,-0.372043890752));
#3349 = CARTESIAN_POINT('',(0.37125012596,-0.448621622863));
#3350 = CARTESIAN_POINT('',(0.390706813265,-0.5568407631));
#3351 = CARTESIAN_POINT('',(0.396582566806,-0.587248098331));
#3352 = CARTESIAN_POINT('',(0.402935969472,-0.617887057757));
#3353 = CARTESIAN_POINT('',(0.409801938643,-0.648775208043));
#3354 = CARTESIAN_POINT('',(0.417225232963,-0.679928958228));
#3355 = CARTESIAN_POINT('',(0.425265976428,-0.711363871104));
#3356 = CARTESIAN_POINT('',(0.443242194009,-0.776633555592));
#3357 = CARTESIAN_POINT('',(0.453259423942,-0.810499389002));
#3358 = CARTESIAN_POINT('',(0.464152073565,-0.844712364143));
#3359 = CARTESIAN_POINT('',(0.476052181834,-0.879283290046));
#3360 = CARTESIAN_POINT('',(0.489124860026,-0.914215415612));
#3361 = CARTESIAN_POINT('',(0.503612412322,-0.949500744561));
#3362 = CARTESIAN_POINT('',(0.519926342268,-0.985111145151));
#3363 = ( GEOMETRIC_REPRESENTATION_CONTEXT(2) 
PARAMETRIC_REPRESENTATION_CONTEXT() REPRESENTATION_CONTEXT('2D SPACE',''
  ) );
#3364 = ORIENTED_EDGE('',*,*,#3365,.F.);
#3365 = EDGE_CURVE('',#2976,#3292,#3366,.T.);
#3366 = SURFACE_CURVE('',#3367,(#3371,#3377),.PCURVE_S1.);
#3367 = LINE('',#3368,#3369);
#3368 = CARTESIAN_POINT('',(-7.104034358176,26.300687441336,-6.));
#3369 = VECTOR('',#3370,1.);
#3370 = DIRECTION('',(0.,0.,1.));
#3371 = PCURVE('',#837,#3372);
#3372 = DEFINITIONAL_REPRESENTATION('',(#3373),#3376);
#3373 = B_SPLINE_CURVE_WITH_KNOTS('',1,(#3374,#3375),.UNSPECIFIED.,.F.,
  .F.,(2,2),(3.,9.),.PIECEWISE_BEZIER_KNOTS.);
#3374 = CARTESIAN_POINT('',(4.687929059078,2.5));
#3375 = CARTESIAN_POINT('',(4.687929059078,8.5));
#3376 = ( GEOMETRIC_REPRESENTATION_CONTEXT(2) 
PARAMETRIC_REPRESENTATION_CONTEXT() REPRESENTATION_CONTEXT('2D SPACE',''
  ) );
#3377 = PCURVE('',#3066,#3378);
#3378 = DEFINITIONAL_REPRESENTATION('',(#3379),#3382);
#3379 = B_SPLINE_CURVE_WITH_KNOTS('',1,(#3380,#3381),.UNSPECIFIED.,.F.,
  .F.,(2,2),(2.9999994,9.0000006),.PIECEWISE_BEZIER_KNOTS.);
#3380 = CARTESIAN_POINT('',(-0.339159250438,2.9999994));
#3381 = CARTESIAN_POINT('',(-0.339159250438,9.0000006));
#3382 = ( GEOMETRIC_REPRESENTATION_CONTEXT(2) 
PARAMETRIC_REPRESENTATION_CONTEXT() REPRESENTATION_CONTEXT('2D SPACE',''
  ) );
#3383 = ORIENTED_EDGE('',*,*,#2975,.F.);
#3384 = ADVANCED_FACE('',(#3385),#804,.T.);
#3385 = FACE_BOUND('',#3386,.T.);
#3386 = EDGE_LOOP('',(#3387,#3388,#3389,#3411));
#3387 = ORIENTED_EDGE('',*,*,#3082,.T.);
#3388 = ORIENTED_EDGE('',*,*,#787,.T.);
#3389 = ORIENTED_EDGE('',*,*,#3390,.T.);
#3390 = EDGE_CURVE('',#762,#3391,#3393,.T.);
#3391 = VERTEX_POINT('',#3392);
#3392 = CARTESIAN_POINT('',(-19.54422863406,15.851569860407,-3.));
#3393 = SURFACE_CURVE('',#3394,(#3399,#3405),.PCURVE_S1.);
#3394 = CIRCLE('',#3395,3.);
#3395 = AXIS2_PLACEMENT_3D('',#3396,#3397,#3398);
#3396 = CARTESIAN_POINT('',(-16.9461524227,17.351569860407,-3.));
#3397 = DIRECTION('',(-0.5,0.866025403784,0.));
#3398 = DIRECTION('',(-0.866025403784,-0.5,0.));
#3399 = PCURVE('',#804,#3400);
#3400 = DEFINITIONAL_REPRESENTATION('',(#3401),#3404);
#3401 = B_SPLINE_CURVE_WITH_KNOTS('',1,(#3402,#3403),.UNSPECIFIED.,.F.,
  .F.,(2,2),(4.712388980385,6.28318530718),.PIECEWISE_BEZIER_KNOTS.);
#3402 = CARTESIAN_POINT('',(1.570796326795,-1.570796326795));
#3403 = CARTESIAN_POINT('',(1.570796326795,0.));
#3404 = ( GEOMETRIC_REPRESENTATION_CONTEXT(2) 
PARAMETRIC_REPRESENTATION_CONTEXT() REPRESENTATION_CONTEXT('2D SPACE',''
  ) );
#3405 = PCURVE('',#776,#3406);
#3406 = DEFINITIONAL_REPRESENTATION('',(#3407),#3410);
#3407 = B_SPLINE_CURVE_WITH_KNOTS('',1,(#3408,#3409),.UNSPECIFIED.,.F.,
  .F.,(2,2),(4.712388980385,6.28318530718),.PIECEWISE_BEZIER_KNOTS.);
#3408 = CARTESIAN_POINT('',(-1.570796326795,8.5));
#3409 = CARTESIAN_POINT('',(0.,8.5));
#3410 = ( GEOMETRIC_REPRESENTATION_CONTEXT(2) 
PARAMETRIC_REPRESENTATION_CONTEXT() REPRESENTATION_CONTEXT('2D SPACE',''
  ) );
#3411 = ORIENTED_EDGE('',*,*,#3412,.F.);
#3412 = EDGE_CURVE('',#3083,#3391,#3413,.T.);
#3413 = SURFACE_CURVE('',#3414,(#3419,#3426),.PCURVE_S1.);
#3414 = CIRCLE('',#3415,3.);
#3415 = AXIS2_PLACEMENT_3D('',#3416,#3417,#3418);
#3416 = CARTESIAN_POINT('',(-16.9461524227,17.351569860407,-3.));
#3417 = DIRECTION('',(0.,0.,1.));
#3418 = DIRECTION('',(-0.5,0.866025403784,0.));
#3419 = PCURVE('',#804,#3420);
#3420 = DEFINITIONAL_REPRESENTATION('',(#3421),#3425);
#3421 = LINE('',#3422,#3423);
#3422 = CARTESIAN_POINT('',(0.,0.));
#3423 = VECTOR('',#3424,1.);
#3424 = DIRECTION('',(1.,0.));
#3425 = ( GEOMETRIC_REPRESENTATION_CONTEXT(2) 
PARAMETRIC_REPRESENTATION_CONTEXT() REPRESENTATION_CONTEXT('2D SPACE',''
  ) );
#3426 = PCURVE('',#3171,#3427);
#3427 = DEFINITIONAL_REPRESENTATION('',(#3428),#3432);
#3428 = LINE('',#3429,#3430);
#3429 = CARTESIAN_POINT('',(0.,3.));
#3430 = VECTOR('',#3431,1.);
#3431 = DIRECTION('',(1.,0.));
#3432 = ( GEOMETRIC_REPRESENTATION_CONTEXT(2) 
PARAMETRIC_REPRESENTATION_CONTEXT() REPRESENTATION_CONTEXT('2D SPACE',''
  ) );
#3433 = ADVANCED_FACE('',(#3434),#776,.T.);
#3434 = FACE_BOUND('',#3435,.F.);
#3435 = EDGE_LOOP('',(#3436,#3458,#3459,#3460));
#3436 = ORIENTED_EDGE('',*,*,#3437,.F.);
#3437 = EDGE_CURVE('',#733,#3438,#3440,.T.);
#3438 = VERTEX_POINT('',#3439);
#3439 = CARTESIAN_POINT('',(-16.79422863406,11.088430139593,-3.));
#3440 = SURFACE_CURVE('',#3441,(#3446,#3452),.PCURVE_S1.);
#3441 = CIRCLE('',#3442,3.);
#3442 = AXIS2_PLACEMENT_3D('',#3443,#3444,#3445);
#3443 = CARTESIAN_POINT('',(-14.1961524227,12.588430139593,-3.));
#3444 = DIRECTION('',(-0.5,0.866025403784,0.));
#3445 = DIRECTION('',(-0.866025403784,-0.5,0.));
#3446 = PCURVE('',#776,#3447);
#3447 = DEFINITIONAL_REPRESENTATION('',(#3448),#3451);
#3448 = B_SPLINE_CURVE_WITH_KNOTS('',1,(#3449,#3450),.UNSPECIFIED.,.F.,
  .F.,(2,2),(4.712388980385,6.28318530718),.PIECEWISE_BEZIER_KNOTS.);
#3449 = CARTESIAN_POINT('',(-1.570796326795,3.));
#3450 = CARTESIAN_POINT('',(0.,3.));
#3451 = ( GEOMETRIC_REPRESENTATION_CONTEXT(2) 
PARAMETRIC_REPRESENTATION_CONTEXT() REPRESENTATION_CONTEXT('2D SPACE',''
  ) );
#3452 = PCURVE('',#749,#3453);
#3453 = DEFINITIONAL_REPRESENTATION('',(#3454),#3457);
#3454 = B_SPLINE_CURVE_WITH_KNOTS('',1,(#3455,#3456),.UNSPECIFIED.,.F.,
  .F.,(2,2),(4.712388980385,6.28318530718),.PIECEWISE_BEZIER_KNOTS.);
#3455 = CARTESIAN_POINT('',(-1.570796326795,-1.570796326795));
#3456 = CARTESIAN_POINT('',(-1.570796326795,0.));
#3457 = ( GEOMETRIC_REPRESENTATION_CONTEXT(2) 
PARAMETRIC_REPRESENTATION_CONTEXT() REPRESENTATION_CONTEXT('2D SPACE',''
  ) );
#3458 = ORIENTED_EDGE('',*,*,#761,.T.);
#3459 = ORIENTED_EDGE('',*,*,#3390,.T.);
#3460 = ORIENTED_EDGE('',*,*,#3461,.F.);
#3461 = EDGE_CURVE('',#3438,#3391,#3462,.T.);
#3462 = SURFACE_CURVE('',#3463,(#3467,#3474),.PCURVE_S1.);
#3463 = LINE('',#3464,#3465);
#3464 = CARTESIAN_POINT('',(-15.29422863406,8.490353928239,-3.));
#3465 = VECTOR('',#3466,1.);
#3466 = DIRECTION('',(-0.5,0.866025403784,0.));
#3467 = PCURVE('',#776,#3468);
#3468 = DEFINITIONAL_REPRESENTATION('',(#3469),#3473);
#3469 = LINE('',#3470,#3471);
#3470 = CARTESIAN_POINT('',(-0.,0.));
#3471 = VECTOR('',#3472,1.);
#3472 = DIRECTION('',(-0.,1.));
#3473 = ( GEOMETRIC_REPRESENTATION_CONTEXT(2) 
PARAMETRIC_REPRESENTATION_CONTEXT() REPRESENTATION_CONTEXT('2D SPACE',''
  ) );
#3474 = PCURVE('',#3475,#3480);
#3475 = PLANE('',#3476);
#3476 = AXIS2_PLACEMENT_3D('',#3477,#3478,#3479);
#3477 = CARTESIAN_POINT('',(-15.29422863406,8.490353928239,-6.));
#3478 = DIRECTION('',(-0.866025403784,-0.5,0.));
#3479 = DIRECTION('',(0.,0.,1.));
#3480 = DEFINITIONAL_REPRESENTATION('',(#3481),#3485);
#3481 = LINE('',#3482,#3483);
#3482 = CARTESIAN_POINT('',(3.,1.7763568394E-15));
#3483 = VECTOR('',#3484,1.);
#3484 = DIRECTION('',(0.,1.));
#3485 = ( GEOMETRIC_REPRESENTATION_CONTEXT(2) 
PARAMETRIC_REPRESENTATION_CONTEXT() REPRESENTATION_CONTEXT('2D SPACE',''
  ) );
#3486 = ADVANCED_FACE('',(#3487),#749,.T.);
#3487 = FACE_BOUND('',#3488,.F.);
#3488 = EDGE_LOOP('',(#3489,#3511,#3512,#3513));
#3489 = ORIENTED_EDGE('',*,*,#3490,.F.);
#3490 = EDGE_CURVE('',#707,#3491,#3493,.T.);
#3491 = VERTEX_POINT('',#3492);
#3492 = CARTESIAN_POINT('',(-12.6961524227,9.990353928239,-3.));
#3493 = SURFACE_CURVE('',#3494,(#3499,#3505),.PCURVE_S1.);
#3494 = CIRCLE('',#3495,3.);
#3495 = AXIS2_PLACEMENT_3D('',#3496,#3497,#3498);
#3496 = CARTESIAN_POINT('',(-14.1961524227,12.588430139593,-3.));
#3497 = DIRECTION('',(-0.866025403784,-0.5,0.));
#3498 = DIRECTION('',(0.5,-0.866025403784,0.));
#3499 = PCURVE('',#749,#3500);
#3500 = DEFINITIONAL_REPRESENTATION('',(#3501),#3504);
#3501 = B_SPLINE_CURVE_WITH_KNOTS('',1,(#3502,#3503),.UNSPECIFIED.,.F.,
  .F.,(2,2),(4.712388980385,6.28318530718),.PIECEWISE_BEZIER_KNOTS.);
#3502 = CARTESIAN_POINT('',(0.,-1.570796326795));
#3503 = CARTESIAN_POINT('',(0.,0.));
#3504 = ( GEOMETRIC_REPRESENTATION_CONTEXT(2) 
PARAMETRIC_REPRESENTATION_CONTEXT() REPRESENTATION_CONTEXT('2D SPACE',''
  ) );
#3505 = PCURVE('',#721,#3506);
#3506 = DEFINITIONAL_REPRESENTATION('',(#3507),#3510);
#3507 = B_SPLINE_CURVE_WITH_KNOTS('',1,(#3508,#3509),.UNSPECIFIED.,.F.,
  .F.,(2,2),(4.712388980385,6.28318530718),.PIECEWISE_BEZIER_KNOTS.);
#3508 = CARTESIAN_POINT('',(-1.570796326795,15.));
#3509 = CARTESIAN_POINT('',(0.,15.));
#3510 = ( GEOMETRIC_REPRESENTATION_CONTEXT(2) 
PARAMETRIC_REPRESENTATION_CONTEXT() REPRESENTATION_CONTEXT('2D SPACE',''
  ) );
#3511 = ORIENTED_EDGE('',*,*,#732,.F.);
#3512 = ORIENTED_EDGE('',*,*,#3437,.T.);
#3513 = ORIENTED_EDGE('',*,*,#3514,.F.);
#3514 = EDGE_CURVE('',#3491,#3438,#3515,.T.);
#3515 = SURFACE_CURVE('',#3516,(#3521,#3528),.PCURVE_S1.);
#3516 = CIRCLE('',#3517,3.);
#3517 = AXIS2_PLACEMENT_3D('',#3518,#3519,#3520);
#3518 = CARTESIAN_POINT('',(-14.1961524227,12.588430139593,-3.));
#3519 = DIRECTION('',(0.,-0.,-1.));
#3520 = DIRECTION('',(0.5,-0.866025403784,0.));
#3521 = PCURVE('',#749,#3522);
#3522 = DEFINITIONAL_REPRESENTATION('',(#3523),#3527);
#3523 = LINE('',#3524,#3525);
#3524 = CARTESIAN_POINT('',(-0.,0.));
#3525 = VECTOR('',#3526,1.);
#3526 = DIRECTION('',(-1.,0.));
#3527 = ( GEOMETRIC_REPRESENTATION_CONTEXT(2) 
PARAMETRIC_REPRESENTATION_CONTEXT() REPRESENTATION_CONTEXT('2D SPACE',''
  ) );
#3528 = PCURVE('',#3529,#3534);
#3529 = CYLINDRICAL_SURFACE('',#3530,3.);
#3530 = AXIS2_PLACEMENT_3D('',#3531,#3532,#3533);
#3531 = CARTESIAN_POINT('',(-14.1961524227,12.588430139593,-6.));
#3532 = DIRECTION('',(0.,0.,1.));
#3533 = DIRECTION('',(0.5,-0.866025403784,0.));
#3534 = DEFINITIONAL_REPRESENTATION('',(#3535),#3539);
#3535 = LINE('',#3536,#3537);
#3536 = CARTESIAN_POINT('',(-2.960594732334E-16,3.));
#3537 = VECTOR('',#3538,1.);
#3538 = DIRECTION('',(-1.,0.));
#3539 = ( GEOMETRIC_REPRESENTATION_CONTEXT(2) 
PARAMETRIC_REPRESENTATION_CONTEXT() REPRESENTATION_CONTEXT('2D SPACE',''
  ) );
#3540 = ADVANCED_FACE('',(#3541),#721,.T.);
#3541 = FACE_BOUND('',#3542,.F.);
#3542 = EDGE_LOOP('',(#3543,#3544,#3545,#3546));
#3543 = ORIENTED_EDGE('',*,*,#2847,.F.);
#3544 = ORIENTED_EDGE('',*,*,#706,.T.);
#3545 = ORIENTED_EDGE('',*,*,#3490,.T.);
#3546 = ORIENTED_EDGE('',*,*,#3547,.F.);
#3547 = EDGE_CURVE('',#2848,#3491,#3548,.T.);
#3548 = SURFACE_CURVE('',#3549,(#3553,#3560),.PCURVE_S1.);
#3549 = LINE('',#3550,#3551);
#3550 = CARTESIAN_POINT('',(0.29422863406,17.490353928239,-3.));
#3551 = VECTOR('',#3552,1.);
#3552 = DIRECTION('',(-0.866025403784,-0.5,0.));
#3553 = PCURVE('',#721,#3554);
#3554 = DEFINITIONAL_REPRESENTATION('',(#3555),#3559);
#3555 = LINE('',#3556,#3557);
#3556 = CARTESIAN_POINT('',(-0.,0.));
#3557 = VECTOR('',#3558,1.);
#3558 = DIRECTION('',(-0.,1.));
#3559 = ( GEOMETRIC_REPRESENTATION_CONTEXT(2) 
PARAMETRIC_REPRESENTATION_CONTEXT() REPRESENTATION_CONTEXT('2D SPACE',''
  ) );
#3560 = PCURVE('',#3561,#3566);
#3561 = PLANE('',#3562);
#3562 = AXIS2_PLACEMENT_3D('',#3563,#3564,#3565);
#3563 = CARTESIAN_POINT('',(0.29422863406,17.490353928239,-6.));
#3564 = DIRECTION('',(-0.5,0.866025403784,0.));
#3565 = DIRECTION('',(0.,0.,1.));
#3566 = DEFINITIONAL_REPRESENTATION('',(#3567),#3571);
#3567 = LINE('',#3568,#3569);
#3568 = CARTESIAN_POINT('',(3.,0.));
#3569 = VECTOR('',#3570,1.);
#3570 = DIRECTION('',(0.,-1.));
#3571 = ( GEOMETRIC_REPRESENTATION_CONTEXT(2) 
PARAMETRIC_REPRESENTATION_CONTEXT() REPRESENTATION_CONTEXT('2D SPACE',''
  ) );
#3572 = ADVANCED_FACE('',(#3573),#921,.T.);
#3573 = FACE_BOUND('',#3574,.T.);
#3574 = EDGE_LOOP('',(#3575,#3576,#3597,#3598));
#3575 = ORIENTED_EDGE('',*,*,#1950,.F.);
#3576 = ORIENTED_EDGE('',*,*,#3577,.F.);
#3577 = EDGE_CURVE('',#905,#1951,#3578,.T.);
#3578 = SEAM_CURVE('',#3579,(#3583,#3590),.PCURVE_S1.);
#3579 = LINE('',#3580,#3581);
#3580 = CARTESIAN_POINT('',(7.,-1.714505518806E-15,-5.5));
#3581 = VECTOR('',#3582,1.);
#3582 = DIRECTION('',(0.,0.,1.));
#3583 = PCURVE('',#921,#3584);
#3584 = DEFINITIONAL_REPRESENTATION('',(#3585),#3589);
#3585 = LINE('',#3586,#3587);
#3586 = CARTESIAN_POINT('',(6.28318530718,-0.));
#3587 = VECTOR('',#3588,1.);
#3588 = DIRECTION('',(0.,1.));
#3589 = ( GEOMETRIC_REPRESENTATION_CONTEXT(2) 
PARAMETRIC_REPRESENTATION_CONTEXT() REPRESENTATION_CONTEXT('2D SPACE',''
  ) );
#3590 = PCURVE('',#921,#3591);
#3591 = DEFINITIONAL_REPRESENTATION('',(#3592),#3596);
#3592 = LINE('',#3593,#3594);
#3593 = CARTESIAN_POINT('',(0.,-0.));
#3594 = VECTOR('',#3595,1.);
#3595 = DIRECTION('',(0.,1.));
#3596 = ( GEOMETRIC_REPRESENTATION_CONTEXT(2) 
PARAMETRIC_REPRESENTATION_CONTEXT() REPRESENTATION_CONTEXT('2D SPACE',''
  ) );
#3597 = ORIENTED_EDGE('',*,*,#904,.T.);
#3598 = ORIENTED_EDGE('',*,*,#3577,.T.);
#3599 = ADVANCED_FACE('',(#3600),#954,.T.);
#3600 = FACE_BOUND('',#3601,.T.);
#3601 = EDGE_LOOP('',(#3602,#3624,#3625,#3647));
#3602 = ORIENTED_EDGE('',*,*,#3603,.F.);
#3603 = EDGE_CURVE('',#936,#3604,#3606,.T.);
#3604 = VERTEX_POINT('',#3605);
#3605 = CARTESIAN_POINT('',(15.,-6.,-3.));
#3606 = SURFACE_CURVE('',#3607,(#3612,#3618),.PCURVE_S1.);
#3607 = CIRCLE('',#3608,3.);
#3608 = AXIS2_PLACEMENT_3D('',#3609,#3610,#3611);
#3609 = CARTESIAN_POINT('',(18.,-6.,-3.));
#3610 = DIRECTION('',(0.,1.,-0.));
#3611 = DIRECTION('',(-1.,0.,0.));
#3612 = PCURVE('',#954,#3613);
#3613 = DEFINITIONAL_REPRESENTATION('',(#3614),#3617);
#3614 = B_SPLINE_CURVE_WITH_KNOTS('',1,(#3615,#3616),.UNSPECIFIED.,.F.,
  .F.,(2,2),(4.712388980385,6.28318530718),.PIECEWISE_BEZIER_KNOTS.);
#3615 = CARTESIAN_POINT('',(0.,-1.570796326795));
#3616 = CARTESIAN_POINT('',(0.,0.));
#3617 = ( GEOMETRIC_REPRESENTATION_CONTEXT(2) 
PARAMETRIC_REPRESENTATION_CONTEXT() REPRESENTATION_CONTEXT('2D SPACE',''
  ) );
#3618 = PCURVE('',#981,#3619);
#3619 = DEFINITIONAL_REPRESENTATION('',(#3620),#3623);
#3620 = B_SPLINE_CURVE_WITH_KNOTS('',1,(#3621,#3622),.UNSPECIFIED.,.F.,
  .F.,(2,2),(4.712388980385,6.28318530718),.PIECEWISE_BEZIER_KNOTS.);
#3621 = CARTESIAN_POINT('',(-1.570796326795,3.));
#3622 = CARTESIAN_POINT('',(0.,3.));
#3623 = ( GEOMETRIC_REPRESENTATION_CONTEXT(2) 
PARAMETRIC_REPRESENTATION_CONTEXT() REPRESENTATION_CONTEXT('2D SPACE',''
  ) );
#3624 = ORIENTED_EDGE('',*,*,#935,.T.);
#3625 = ORIENTED_EDGE('',*,*,#3626,.T.);
#3626 = EDGE_CURVE('',#938,#3627,#3629,.T.);
#3627 = VERTEX_POINT('',#3628);
#3628 = CARTESIAN_POINT('',(18.,-9.,-3.));
#3629 = SURFACE_CURVE('',#3630,(#3635,#3641),.PCURVE_S1.);
#3630 = CIRCLE('',#3631,3.);
#3631 = AXIS2_PLACEMENT_3D('',#3632,#3633,#3634);
#3632 = CARTESIAN_POINT('',(18.,-6.,-3.));
#3633 = DIRECTION('',(-1.,6.123233995737E-17,0.));
#3634 = DIRECTION('',(-6.123233995737E-17,-1.,0.));
#3635 = PCURVE('',#954,#3636);
#3636 = DEFINITIONAL_REPRESENTATION('',(#3637),#3640);
#3637 = B_SPLINE_CURVE_WITH_KNOTS('',1,(#3638,#3639),.UNSPECIFIED.,.F.,
  .F.,(2,2),(4.712388980385,6.28318530718),.PIECEWISE_BEZIER_KNOTS.);
#3638 = CARTESIAN_POINT('',(1.570796326795,-1.570796326795));
#3639 = CARTESIAN_POINT('',(1.570796326795,0.));
#3640 = ( GEOMETRIC_REPRESENTATION_CONTEXT(2) 
PARAMETRIC_REPRESENTATION_CONTEXT() REPRESENTATION_CONTEXT('2D SPACE',''
  ) );
#3641 = PCURVE('',#1151,#3642);
#3642 = DEFINITIONAL_REPRESENTATION('',(#3643),#3646);
#3643 = B_SPLINE_CURVE_WITH_KNOTS('',1,(#3644,#3645),.UNSPECIFIED.,.F.,
  .F.,(2,2),(4.712388980385,6.28318530718),.PIECEWISE_BEZIER_KNOTS.);
#3644 = CARTESIAN_POINT('',(1.570796326795,3.));
#3645 = CARTESIAN_POINT('',(0.,3.));
#3646 = ( GEOMETRIC_REPRESENTATION_CONTEXT(2) 
PARAMETRIC_REPRESENTATION_CONTEXT() REPRESENTATION_CONTEXT('2D SPACE',''
  ) );
#3647 = ORIENTED_EDGE('',*,*,#3648,.F.);
#3648 = EDGE_CURVE('',#3604,#3627,#3649,.T.);
#3649 = SURFACE_CURVE('',#3650,(#3655,#3662),.PCURVE_S1.);
#3650 = CIRCLE('',#3651,3.);
#3651 = AXIS2_PLACEMENT_3D('',#3652,#3653,#3654);
#3652 = CARTESIAN_POINT('',(18.,-6.,-3.));
#3653 = DIRECTION('',(0.,0.,1.));
#3654 = DIRECTION('',(-1.,0.,0.));
#3655 = PCURVE('',#954,#3656);
#3656 = DEFINITIONAL_REPRESENTATION('',(#3657),#3661);
#3657 = LINE('',#3658,#3659);
#3658 = CARTESIAN_POINT('',(0.,0.));
#3659 = VECTOR('',#3660,1.);
#3660 = DIRECTION('',(1.,0.));
#3661 = ( GEOMETRIC_REPRESENTATION_CONTEXT(2) 
PARAMETRIC_REPRESENTATION_CONTEXT() REPRESENTATION_CONTEXT('2D SPACE',''
  ) );
#3662 = PCURVE('',#3663,#3668);
#3663 = CYLINDRICAL_SURFACE('',#3664,3.);
#3664 = AXIS2_PLACEMENT_3D('',#3665,#3666,#3667);
#3665 = CARTESIAN_POINT('',(18.,-6.,-6.));
#3666 = DIRECTION('',(0.,0.,1.));
#3667 = DIRECTION('',(-1.,-0.,0.));
#3668 = DEFINITIONAL_REPRESENTATION('',(#3669),#3673);
#3669 = LINE('',#3670,#3671);
#3670 = CARTESIAN_POINT('',(0.,3.));
#3671 = VECTOR('',#3672,1.);
#3672 = DIRECTION('',(1.,0.));
#3673 = ( GEOMETRIC_REPRESENTATION_CONTEXT(2) 
PARAMETRIC_REPRESENTATION_CONTEXT() REPRESENTATION_CONTEXT('2D SPACE',''
  ) );
#3674 = ADVANCED_FACE('',(#3675),#1151,.T.);
#3675 = FACE_BOUND('',#3676,.T.);
#3676 = EDGE_LOOP('',(#3677,#3678,#3679,#3701));
#3677 = ORIENTED_EDGE('',*,*,#3626,.F.);
#3678 = ORIENTED_EDGE('',*,*,#1138,.T.);
#3679 = ORIENTED_EDGE('',*,*,#3680,.T.);
#3680 = EDGE_CURVE('',#1110,#3681,#3683,.T.);
#3681 = VERTEX_POINT('',#3682);
#3682 = CARTESIAN_POINT('',(23.5,-9.,-3.));
#3683 = SURFACE_CURVE('',#3684,(#3689,#3695),.PCURVE_S1.);
#3684 = CIRCLE('',#3685,3.);
#3685 = AXIS2_PLACEMENT_3D('',#3686,#3687,#3688);
#3686 = CARTESIAN_POINT('',(23.5,-6.,-3.));
#3687 = DIRECTION('',(-1.,-6.123233995737E-17,0.));
#3688 = DIRECTION('',(6.123233995737E-17,-1.,-0.));
#3689 = PCURVE('',#1151,#3690);
#3690 = DEFINITIONAL_REPRESENTATION('',(#3691),#3694);
#3691 = B_SPLINE_CURVE_WITH_KNOTS('',1,(#3692,#3693),.UNSPECIFIED.,.F.,
  .F.,(2,2),(4.712388980385,6.28318530718),.PIECEWISE_BEZIER_KNOTS.);
#3692 = CARTESIAN_POINT('',(1.570796326795,8.5));
#3693 = CARTESIAN_POINT('',(0.,8.5));
#3694 = ( GEOMETRIC_REPRESENTATION_CONTEXT(2) 
PARAMETRIC_REPRESENTATION_CONTEXT() REPRESENTATION_CONTEXT('2D SPACE',''
  ) );
#3695 = PCURVE('',#1126,#3696);
#3696 = DEFINITIONAL_REPRESENTATION('',(#3697),#3700);
#3697 = B_SPLINE_CURVE_WITH_KNOTS('',1,(#3698,#3699),.UNSPECIFIED.,.F.,
  .F.,(2,2),(4.712388980385,6.28318530718),.PIECEWISE_BEZIER_KNOTS.);
#3698 = CARTESIAN_POINT('',(-1.570796326795,-1.570796326795));
#3699 = CARTESIAN_POINT('',(-1.570796326795,0.));
#3700 = ( GEOMETRIC_REPRESENTATION_CONTEXT(2) 
PARAMETRIC_REPRESENTATION_CONTEXT() REPRESENTATION_CONTEXT('2D SPACE',''
  ) );
#3701 = ORIENTED_EDGE('',*,*,#3702,.F.);
#3702 = EDGE_CURVE('',#3627,#3681,#3703,.T.);
#3703 = SURFACE_CURVE('',#3704,(#3708,#3715),.PCURVE_S1.);
#3704 = LINE('',#3705,#3706);
#3705 = CARTESIAN_POINT('',(15.,-9.,-3.));
#3706 = VECTOR('',#3707,1.);
#3707 = DIRECTION('',(1.,0.,0.));
#3708 = PCURVE('',#1151,#3709);
#3709 = DEFINITIONAL_REPRESENTATION('',(#3710),#3714);
#3710 = LINE('',#3711,#3712);
#3711 = CARTESIAN_POINT('',(0.,0.));
#3712 = VECTOR('',#3713,1.);
#3713 = DIRECTION('',(0.,1.));
#3714 = ( GEOMETRIC_REPRESENTATION_CONTEXT(2) 
PARAMETRIC_REPRESENTATION_CONTEXT() REPRESENTATION_CONTEXT('2D SPACE',''
  ) );
#3715 = PCURVE('',#3716,#3721);
#3716 = PLANE('',#3717);
#3717 = AXIS2_PLACEMENT_3D('',#3718,#3719,#3720);
#3718 = CARTESIAN_POINT('',(15.,-9.,-6.));
#3719 = DIRECTION('',(0.,1.,0.));
#3720 = DIRECTION('',(0.,0.,1.));
#3721 = DEFINITIONAL_REPRESENTATION('',(#3722),#3726);
#3722 = LINE('',#3723,#3724);
#3723 = CARTESIAN_POINT('',(3.,0.));
#3724 = VECTOR('',#3725,1.);
#3725 = DIRECTION('',(0.,1.));
#3726 = ( GEOMETRIC_REPRESENTATION_CONTEXT(2) 
PARAMETRIC_REPRESENTATION_CONTEXT() REPRESENTATION_CONTEXT('2D SPACE',''
  ) );
#3727 = ADVANCED_FACE('',(#3728),#1126,.T.);
#3728 = FACE_BOUND('',#3729,.F.);
#3729 = EDGE_LOOP('',(#3730,#3804,#3805,#3806));
#3730 = ORIENTED_EDGE('',*,*,#3731,.F.);
#3731 = EDGE_CURVE('',#1077,#3732,#3734,.T.);
#3732 = VERTEX_POINT('',#3733);
#3733 = CARTESIAN_POINT('',(26.329163406362,-6.997915036514,-3.));
#3734 = SURFACE_CURVE('',#3735,(#3756,#3780),.PCURVE_S1.);
#3735 = B_SPLINE_CURVE_WITH_KNOTS('',7,(#3736,#3737,#3738,#3739,#3740,
    #3741,#3742,#3743,#3744,#3745,#3746,#3747,#3748,#3749,#3750,#3751,
    #3752,#3753,#3754,#3755),.UNSPECIFIED.,.F.,.F.,(8,6,6,8),(0.,
    0.228586759622,0.452195688977,1.),.UNSPECIFIED.);
#3736 = CARTESIAN_POINT('',(24.939230208729,-6.823781771031,-5.5));
#3737 = CARTESIAN_POINT('',(25.030276667276,-6.844606376341,
    -5.440723302487));
#3738 = CARTESIAN_POINT('',(25.118196513524,-6.863224419533,
    -5.378263058676));
#3739 = CARTESIAN_POINT('',(25.202801287758,-6.879796455053,
    -5.312913678492));
#3740 = CARTESIAN_POINT('',(25.283967327856,-6.894497934226,
    -5.244951020088));
#3741 = CARTESIAN_POINT('',(25.361618582635,-6.907505008161,
    -5.174626619585));
#3742 = CARTESIAN_POINT('',(25.435714565332,-6.918986425188,
    -5.1021625522));
#3743 = CARTESIAN_POINT('',(25.575236453572,-6.938996348587,
    -4.954951812693));
#3744 = CARTESIAN_POINT('',(25.640808446381,-6.947582598514,
    -4.880297135975));
#3745 = CARTESIAN_POINT('',(25.702945475773,-6.955009185177,
    -4.803963764831));
#3746 = CARTESIAN_POINT('',(25.761645187467,-6.961413970312,
    -4.726117464779));
#3747 = CARTESIAN_POINT('',(25.816915090001,-6.966923092478,
    -4.646908834083));
#3748 = CARTESIAN_POINT('',(25.868770195976,-6.971650714205,
    -4.566472792478));
#3749 = CARTESIAN_POINT('',(26.035948507388,-6.985617270915,
    -4.285155650799));
#3750 = CARTESIAN_POINT('',(26.134233845456,-6.991454778264,
    -4.078821433648));
#3751 = CARTESIAN_POINT('',(26.212462499132,-6.994727140832,
    -3.867580252104));
#3752 = CARTESIAN_POINT('',(26.270879118062,-6.996491480544,
    -3.652875564987));
#3753 = CARTESIAN_POINT('',(26.30972407228,-6.997440662034,
    -3.435994004089));
#3754 = CARTESIAN_POINT('',(26.329163406362,-6.997915036514,
    -3.218052812922));
#3755 = CARTESIAN_POINT('',(26.329163406362,-6.997915036514,-3.));
#3756 = PCURVE('',#1126,#3757);
#3757 = DEFINITIONAL_REPRESENTATION('',(#3758),#3779);
#3758 = B_SPLINE_CURVE_WITH_KNOTS('',7,(#3759,#3760,#3761,#3762,#3763,
    #3764,#3765,#3766,#3767,#3768,#3769,#3770,#3771,#3772,#3773,#3774,
    #3775,#3776,#3777,#3778),.UNSPECIFIED.,.F.,.F.,(8,6,6,8),(0.,
    0.228586759622,0.452195688977,1.),.UNSPECIFIED.);
#3759 = CARTESIAN_POINT('',(-0.519860530661,-0.985110783338));
#3760 = CARTESIAN_POINT('',(-0.503485617272,-0.949365589799));
#3761 = CARTESIAN_POINT('',(-0.488950821565,-0.913947987521));
#3762 = CARTESIAN_POINT('',(-0.475839995687,-0.87888637807));
#3763 = CARTESIAN_POINT('',(-0.463908676881,-0.844188759012));
#3764 = CARTESIAN_POINT('',(-0.452990495736,-0.809851760337));
#3765 = CARTESIAN_POINT('',(-0.442952373242,-0.775864380357));
#3766 = CARTESIAN_POINT('',(-0.424646157297,-0.709281415922));
#3767 = CARTESIAN_POINT('',(-0.41634474085,-0.676675277061));
#3768 = CARTESIAN_POINT('',(-0.408702659145,-0.644371068486));
#3769 = CARTESIAN_POINT('',(-0.401655706713,-0.612351206114));
#3770 = CARTESIAN_POINT('',(-0.395155203988,-0.580597297105));
#3771 = CARTESIAN_POINT('',(-0.389161575414,-0.549089737069));
#3772 = CARTESIAN_POINT('',(-0.370124702192,-0.441169774401));
#3773 = CARTESIAN_POINT('',(-0.359465201674,-0.365918346894));
#3774 = CARTESIAN_POINT('',(-0.351190371736,-0.291698967683));
#3775 = CARTESIAN_POINT('',(-0.345116355372,-0.218252565788));
#3776 = CARTESIAN_POINT('',(-0.341105748333,-0.1453312758));
#3777 = CARTESIAN_POINT('',(-0.33909985951,-7.268427097385E-02));
#3778 = CARTESIAN_POINT('',(-0.33909985951,0.));
#3779 = ( GEOMETRIC_REPRESENTATION_CONTEXT(2) 
PARAMETRIC_REPRESENTATION_CONTEXT() REPRESENTATION_CONTEXT('2D SPACE',''
  ) );
#3780 = PCURVE('',#1097,#3781);
#3781 = DEFINITIONAL_REPRESENTATION('',(#3782),#3803);
#3782 = B_SPLINE_CURVE_WITH_KNOTS('',7,(#3783,#3784,#3785,#3786,#3787,
    #3788,#3789,#3790,#3791,#3792,#3793,#3794,#3795,#3796,#3797,#3798,
    #3799,#3800,#3801,#3802),.UNSPECIFIED.,.F.,.F.,(8,6,6,8),(0.,
    0.228586759622,0.452195688977,1.),.UNSPECIFIED.);
#3783 = CARTESIAN_POINT('',(4.487531827798,8.881784197001E-16));
#3784 = CARTESIAN_POINT('',(4.50087434982,5.92766975131E-02));
#3785 = CARTESIAN_POINT('',(4.513711171486,0.121736941324));
#3786 = CARTESIAN_POINT('',(4.526025048654,0.187086321508));
#3787 = CARTESIAN_POINT('',(4.537806886284,0.255048979912));
#3788 = CARTESIAN_POINT('',(4.549053088892,0.325373380415));
#3789 = CARTESIAN_POINT('',(4.559763869485,0.3978374478));
#3790 = CARTESIAN_POINT('',(4.579899508684,0.545048187307));
#3791 = CARTESIAN_POINT('',(4.589346195109,0.619702864025));
#3792 = CARTESIAN_POINT('',(4.598285236309,0.696036235169));
#3793 = CARTESIAN_POINT('',(4.60671996319,0.773882535221));
#3794 = CARTESIAN_POINT('',(4.614654322479,0.853091165917));
#3795 = CARTESIAN_POINT('',(4.62209270481,0.933527207522));
#3796 = CARTESIAN_POINT('',(4.646058519116,1.214844349201));
#3797 = CARTESIAN_POINT('',(4.660119967603,1.421178566352));
#3798 = CARTESIAN_POINT('',(4.671303650474,1.632419747896));
#3799 = CARTESIAN_POINT('',(4.679652505518,1.847124435013));
#3800 = CARTESIAN_POINT('',(4.685203458798,2.064005995911));
#3801 = CARTESIAN_POINT('',(4.687981329385,2.281947187078));
#3802 = CARTESIAN_POINT('',(4.687981329385,2.5));
#3803 = ( GEOMETRIC_REPRESENTATION_CONTEXT(2) 
PARAMETRIC_REPRESENTATION_CONTEXT() REPRESENTATION_CONTEXT('2D SPACE',''
  ) );
#3804 = ORIENTED_EDGE('',*,*,#1109,.F.);
#3805 = ORIENTED_EDGE('',*,*,#3680,.T.);
#3806 = ORIENTED_EDGE('',*,*,#3807,.F.);
#3807 = EDGE_CURVE('',#3732,#3681,#3808,.T.);
#3808 = SURFACE_CURVE('',#3809,(#3814,#3821),.PCURVE_S1.);
#3809 = CIRCLE('',#3810,3.);
#3810 = AXIS2_PLACEMENT_3D('',#3811,#3812,#3813);
#3811 = CARTESIAN_POINT('',(23.5,-6.,-3.));
#3812 = DIRECTION('',(0.,-0.,-1.));
#3813 = DIRECTION('',(1.,0.,-0.));
#3814 = PCURVE('',#1126,#3815);
#3815 = DEFINITIONAL_REPRESENTATION('',(#3816),#3820);
#3816 = LINE('',#3817,#3818);
#3817 = CARTESIAN_POINT('',(-0.,0.));
#3818 = VECTOR('',#3819,1.);
#3819 = DIRECTION('',(-1.,0.));
#3820 = ( GEOMETRIC_REPRESENTATION_CONTEXT(2) 
PARAMETRIC_REPRESENTATION_CONTEXT() REPRESENTATION_CONTEXT('2D SPACE',''
  ) );
#3821 = PCURVE('',#3822,#3827);
#3822 = CYLINDRICAL_SURFACE('',#3823,3.);
#3823 = AXIS2_PLACEMENT_3D('',#3824,#3825,#3826);
#3824 = CARTESIAN_POINT('',(23.5,-6.,-6.));
#3825 = DIRECTION('',(0.,0.,1.));
#3826 = DIRECTION('',(1.,0.,-0.));
#3827 = DEFINITIONAL_REPRESENTATION('',(#3828),#3832);
#3828 = LINE('',#3829,#3830);
#3829 = CARTESIAN_POINT('',(-0.,3.));
#3830 = VECTOR('',#3831,1.);
#3831 = DIRECTION('',(-1.,0.));
#3832 = ( GEOMETRIC_REPRESENTATION_CONTEXT(2) 
PARAMETRIC_REPRESENTATION_CONTEXT() REPRESENTATION_CONTEXT('2D SPACE',''
  ) );
#3833 = ADVANCED_FACE('',(#3834),#1097,.T.);
#3834 = FACE_BOUND('',#3835,.T.);
#3835 = EDGE_LOOP('',(#3836,#3837,#3911,#3937,#4045,#4046,#4120,#4139));
#3836 = ORIENTED_EDGE('',*,*,#1076,.F.);
#3837 = ORIENTED_EDGE('',*,*,#3838,.F.);
#3838 = EDGE_CURVE('',#3839,#1048,#3841,.T.);
#3839 = VERTEX_POINT('',#3840);
#3840 = CARTESIAN_POINT('',(26.329163406362,6.997915036514,-3.));
#3841 = SURFACE_CURVE('',#3842,(#3863,#3887),.PCURVE_S1.);
#3842 = B_SPLINE_CURVE_WITH_KNOTS('',7,(#3843,#3844,#3845,#3846,#3847,
    #3848,#3849,#3850,#3851,#3852,#3853,#3854,#3855,#3856,#3857,#3858,
    #3859,#3860,#3861,#3862),.UNSPECIFIED.,.F.,.F.,(8,6,6,8),(0.,
    0.564655056691,0.772227378494,1.),.UNSPECIFIED.);
#3843 = CARTESIAN_POINT('',(26.329163406362,6.997915036514,-3.));
#3844 = CARTESIAN_POINT('',(26.329163406362,6.997915036514,
    -3.225207781852));
#3845 = CARTESIAN_POINT('',(26.308427845304,6.997409357976,
    -3.449910324294));
#3846 = CARTESIAN_POINT('',(26.267120125128,6.996399167279,
    -3.673313241864));
#3847 = CARTESIAN_POINT('',(26.205042121411,6.99449969929,
    -3.894327917386));
#3848 = CARTESIAN_POINT('',(26.121890803334,6.990931434866,
    -4.111582929626));
#3849 = CARTESIAN_POINT('',(26.017365124357,6.98449163006,
    -4.323465298493));
#3850 = CARTESIAN_POINT('',(25.844708909269,6.969416320193,
    -4.603246100905));
#3851 = CARTESIAN_POINT('',(25.795369284754,6.964745166971,
    -4.677454752659));
#3852 = CARTESIAN_POINT('',(25.743084628986,6.959370443345,
    -4.75056992851));
#3853 = CARTESIAN_POINT('',(25.6878442143,6.953198547742,-4.822481333723
    ));
#3854 = CARTESIAN_POINT('',(25.629643168753,6.946127125037,
    -4.893066665805));
#3855 = CARTESIAN_POINT('',(25.568484198193,6.938045300911,
    -4.962191984892));
#3856 = CARTESIAN_POINT('',(25.434035927839,6.918726107878,
    -5.103803031656));
#3857 = CARTESIAN_POINT('',(25.360152651998,6.907259301165,
    -5.175953454417));
#3858 = CARTESIAN_POINT('',(25.282741510684,6.894275799973,
    -5.245976978158));
#3859 = CARTESIAN_POINT('',(25.201842880969,6.879608672688,
    -5.313653755724));
#3860 = CARTESIAN_POINT('',(25.117532290911,6.8630837523,-5.378734904259
    ));
#3861 = CARTESIAN_POINT('',(25.029932275838,6.844527618284,
    -5.440947567049));
#3862 = CARTESIAN_POINT('',(24.939229287154,6.823781560244,-5.5000006));
#3863 = PCURVE('',#1097,#3864);
#3864 = DEFINITIONAL_REPRESENTATION('',(#3865),#3886);
#3865 = B_SPLINE_CURVE_WITH_KNOTS('',7,(#3866,#3867,#3868,#3869,#3870,
    #3871,#3872,#3873,#3874,#3875,#3876,#3877,#3878,#3879,#3880,#3881,
    #3882,#3883,#3884,#3885),.UNSPECIFIED.,.F.,.F.,(8,6,6,8),(0.,
    0.564655056691,0.772227378494,0.999999669393),.UNSPECIFIED.);
#3866 = CARTESIAN_POINT('',(7.878389284974,2.5));
#3867 = CARTESIAN_POINT('',(7.878389284974,2.274792218148));
#3868 = CARTESIAN_POINT('',(7.881352379487,2.050089675707));
#3869 = CARTESIAN_POINT('',(7.887255276603,1.826686758135));
#3870 = CARTESIAN_POINT('',(7.896127489718,1.605672082614));
#3871 = CARTESIAN_POINT('',(7.908015251177,1.388417070374));
#3872 = CARTESIAN_POINT('',(7.922970917515,1.176534701507));
#3873 = CARTESIAN_POINT('',(7.947729933015,0.896753899095));
#3874 = CARTESIAN_POINT('',(7.954809778279,0.822545247341));
#3875 = CARTESIAN_POINT('',(7.962317976415,0.74943007149));
#3876 = CARTESIAN_POINT('',(7.970257967502,0.677518666277));
#3877 = CARTESIAN_POINT('',(7.978632846363,0.606933334195));
#3878 = CARTESIAN_POINT('',(7.987445231321,0.537808015108));
#3879 = CARTESIAN_POINT('',(8.006849386461,0.396197075885));
#3880 = CARTESIAN_POINT('',(8.017529808318,0.324046755033));
#3881 = CARTESIAN_POINT('',(8.028741618242,0.254023326755));
#3882 = CARTESIAN_POINT('',(8.040484991296,0.186346637201));
#3883 = CARTESIAN_POINT('',(8.052756334618,0.121265568061));
#3884 = CARTESIAN_POINT('',(8.065546622032,5.905297475314E-02));
#3885 = CARTESIAN_POINT('',(8.078838786561,-2.709530631287E-14));
#3886 = ( GEOMETRIC_REPRESENTATION_CONTEXT(2) 
PARAMETRIC_REPRESENTATION_CONTEXT() REPRESENTATION_CONTEXT('2D SPACE',''
  ) );
#3887 = PCURVE('',#1064,#3888);
#3888 = DEFINITIONAL_REPRESENTATION('',(#3889),#3910);
#3889 = B_SPLINE_CURVE_WITH_KNOTS('',7,(#3890,#3891,#3892,#3893,#3894,
    #3895,#3896,#3897,#3898,#3899,#3900,#3901,#3902,#3903,#3904,#3905,
    #3906,#3907,#3908,#3909),.UNSPECIFIED.,.F.,.F.,(8,6,6,8),(0.,
    0.564655056691,0.772227378494,1.),.UNSPECIFIED.);
#3890 = CARTESIAN_POINT('',(0.33909985951,0.));
#3891 = CARTESIAN_POINT('',(0.33909985951,-7.506926061745E-02));
#3892 = CARTESIAN_POINT('',(0.341238613708,-0.149970050595));
#3893 = CARTESIAN_POINT('',(0.345505766261,-0.225128789767));
#3894 = CARTESIAN_POINT('',(0.351961502639,-0.300859336378));
#3895 = CARTESIAN_POINT('',(0.360772246709,-0.377449135577));
#3896 = CARTESIAN_POINT('',(0.372143528745,-0.455184601282));
#3897 = CARTESIAN_POINT('',(0.391952500461,-0.563556072196));
#3898 = CARTESIAN_POINT('',(0.39769696348,-0.592886313801));
#3899 = CARTESIAN_POINT('',(0.40388947581,-0.622433815342));
#3900 = CARTESIAN_POINT('',(0.410562242247,-0.652214232576));
#3901 = CARTESIAN_POINT('',(0.41775619355,-0.682242193561));
#3902 = CARTESIAN_POINT('',(0.425525683986,-0.712531548454));
#3903 = CARTESIAN_POINT('',(0.443179859454,-0.7766340915));
#3904 = CARTESIAN_POINT('',(0.453196706026,-0.810499819063));
#3905 = CARTESIAN_POINT('',(0.464088922564,-0.84471269207));
#3906 = CARTESIAN_POINT('',(0.475988537947,-0.879283521024));
#3907 = CARTESIAN_POINT('',(0.489060650567,-0.914215556969));
#3908 = CARTESIAN_POINT('',(0.503547545808,-0.949500806995));
#3909 = CARTESIAN_POINT('',(0.519860696409,-0.985111145151));
#3910 = ( GEOMETRIC_REPRESENTATION_CONTEXT(2) 
PARAMETRIC_REPRESENTATION_CONTEXT() REPRESENTATION_CONTEXT('2D SPACE',''
  ) );
#3911 = ORIENTED_EDGE('',*,*,#3912,.T.);
#3912 = EDGE_CURVE('',#3839,#3913,#3915,.T.);
#3913 = VERTEX_POINT('',#3914);
#3914 = CARTESIAN_POINT('',(26.329163406362,6.997915036514,3.));
#3915 = SURFACE_CURVE('',#3916,(#3920,#3926),.PCURVE_S1.);
#3916 = LINE('',#3917,#3918);
#3917 = CARTESIAN_POINT('',(26.329163406362,6.997915036514,-6.));
#3918 = VECTOR('',#3919,1.);
#3919 = DIRECTION('',(0.,0.,1.));
#3920 = PCURVE('',#1097,#3921);
#3921 = DEFINITIONAL_REPRESENTATION('',(#3922),#3925);
#3922 = B_SPLINE_CURVE_WITH_KNOTS('',1,(#3923,#3924),.UNSPECIFIED.,.F.,
  .F.,(2,2),(3.,9.),.PIECEWISE_BEZIER_KNOTS.);
#3923 = CARTESIAN_POINT('',(7.878389284974,2.5));
#3924 = CARTESIAN_POINT('',(7.878389284974,8.5));
#3925 = ( GEOMETRIC_REPRESENTATION_CONTEXT(2) 
PARAMETRIC_REPRESENTATION_CONTEXT() REPRESENTATION_CONTEXT('2D SPACE',''
  ) );
#3926 = PCURVE('',#3927,#3932);
#3927 = CYLINDRICAL_SURFACE('',#3928,3.);
#3928 = AXIS2_PLACEMENT_3D('',#3929,#3930,#3931);
#3929 = CARTESIAN_POINT('',(23.5,6.,-6.));
#3930 = DIRECTION('',(0.,0.,1.));
#3931 = DIRECTION('',(1.,0.,-0.));
#3932 = DEFINITIONAL_REPRESENTATION('',(#3933),#3936);
#3933 = B_SPLINE_CURVE_WITH_KNOTS('',1,(#3934,#3935),.UNSPECIFIED.,.F.,
  .F.,(2,2),(2.9999994,9.0000006),.PIECEWISE_BEZIER_KNOTS.);
#3934 = CARTESIAN_POINT('',(0.33909985951,2.9999994));
#3935 = CARTESIAN_POINT('',(0.33909985951,9.0000006));
#3936 = ( GEOMETRIC_REPRESENTATION_CONTEXT(2) 
PARAMETRIC_REPRESENTATION_CONTEXT() REPRESENTATION_CONTEXT('2D SPACE',''
  ) );
#3937 = ORIENTED_EDGE('',*,*,#3938,.F.);
#3938 = EDGE_CURVE('',#2132,#3913,#3939,.T.);
#3939 = SURFACE_CURVE('',#3940,(#3973,#4009),.PCURVE_S1.);
#3940 = B_SPLINE_CURVE_WITH_KNOTS('',6,(#3941,#3942,#3943,#3944,#3945,
    #3946,#3947,#3948,#3949,#3950,#3951,#3952,#3953,#3954,#3955,#3956,
    #3957,#3958,#3959,#3960,#3961,#3962,#3963,#3964,#3965,#3966,#3967,
    #3968,#3969,#3970,#3971,#3972),.UNSPECIFIED.,.F.,.F.,(7,5,5,5,5,5,7)
  ,(0.,0.119284198295,0.240650151047,0.353171451151,0.470741330918,
    0.625136216124,1.),.UNSPECIFIED.);
#3941 = CARTESIAN_POINT('',(24.939229287154,6.823781560244,5.5000006));
#3942 = CARTESIAN_POINT('',(24.994928848403,6.836521452801,
    5.463736877344));
#3943 = CARTESIAN_POINT('',(25.049370375153,6.848399469343,
    5.426283084457));
#3944 = CARTESIAN_POINT('',(25.102521439947,6.85946168218,5.387710939633
    ));
#3945 = CARTESIAN_POINT('',(25.154357316534,6.869754683232,
    5.348088496113));
#3946 = CARTESIAN_POINT('',(25.204860044963,6.879324677451,
    5.307479404274));
#3947 = CARTESIAN_POINT('',(25.304032846968,6.897263656973,
    5.223680033277));
#3948 = CARTESIAN_POINT('',(25.352654919101,6.905608614031,
    5.180457457635));
#3949 = CARTESIAN_POINT('',(25.399871369564,6.913299030377,
    5.136336258942));
#3950 = CARTESIAN_POINT('',(25.4456737079,6.920380509558,5.091374000012)
  );
#3951 = CARTESIAN_POINT('',(25.490057296707,6.926896675721,
    5.045623994412));
#3952 = CARTESIAN_POINT('',(25.572854362532,6.938444962848,
    4.956034523339));
#3953 = CARTESIAN_POINT('',(25.611466775798,6.943550532266,
    4.912299032782));
#3954 = CARTESIAN_POINT('',(25.648857757428,6.948238943096,
    4.867967914064));
#3955 = CARTESIAN_POINT('',(25.685027799761,6.952541444007,4.82307777668
    ));
#3956 = CARTESIAN_POINT('',(25.719978721476,6.956487471103,
    4.777662760349));
#3957 = CARTESIAN_POINT('',(25.788962225464,6.963884119399,4.68378651005
    ));
#3958 = CARTESIAN_POINT('',(25.82288299328,6.967304559442,4.635280248013
    ));
#3959 = CARTESIAN_POINT('',(25.855479480284,6.970397433543,
    4.586271867239));
#3960 = CARTESIAN_POINT('',(25.886755752894,6.973192031841,
    4.536795310121));
#3961 = CARTESIAN_POINT('',(25.916716434694,6.975715469128,
    4.486882343115));
#3962 = CARTESIAN_POINT('',(25.982990759701,6.980983165558,
    4.370481706294));
#3963 = CARTESIAN_POINT('',(26.018354571965,6.983549091354,
    4.303699798181));
#3964 = CARTESIAN_POINT('',(26.051469913574,6.985746845483,
    4.236283638423));
#3965 = CARTESIAN_POINT('',(26.082348308733,6.987626775909,
    4.168295756065));
#3966 = CARTESIAN_POINT('',(26.111001035505,6.989233195308,
    4.099794403179));
#3967 = CARTESIAN_POINT('',(26.201629610886,6.993933557927,
    3.863399740548));
#3968 = CARTESIAN_POINT('',(26.252758808966,6.995876142204,
    3.693272382573));
#3969 = CARTESIAN_POINT('',(26.290994717756,6.996983301192,3.52120190967
    ));
#3970 = CARTESIAN_POINT('',(26.316438634599,6.997604369036,
    3.347880381024));
#3971 = CARTESIAN_POINT('',(26.329163406362,6.997915036514,
    3.173949998021));
#3972 = CARTESIAN_POINT('',(26.329163406362,6.997915036514,3.));
#3973 = PCURVE('',#1097,#3974);
#3974 = DEFINITIONAL_REPRESENTATION('',(#3975),#4008);
#3975 = B_SPLINE_CURVE_WITH_KNOTS('',6,(#3976,#3977,#3978,#3979,#3980,
    #3981,#3982,#3983,#3984,#3985,#3986,#3987,#3988,#3989,#3990,#3991,
    #3992,#3993,#3994,#3995,#3996,#3997,#3998,#3999,#4000,#4001,#4002,
    #4003,#4004,#4005,#4006,#4007),.UNSPECIFIED.,.F.,.F.,(7,5,5,5,5,5,7)
  ,(3.289352519791E-07,0.119284198295,0.240650151047,0.353171451151,
    0.470741330918,0.625136216124,1.),.UNSPECIFIED.);
#3976 = CARTESIAN_POINT('',(8.078838786561,11.));
#3977 = CARTESIAN_POINT('',(8.070676246759,10.963736360935));
#3978 = CARTESIAN_POINT('',(8.062716353826,10.926282658995));
#3979 = CARTESIAN_POINT('',(8.054961176469,10.887710611847));
#3980 = CARTESIAN_POINT('',(8.047411939639,10.848088272148));
#3981 = CARTESIAN_POINT('',(8.04006914854,10.807479289732));
#3982 = CARTESIAN_POINT('',(8.025671711213,10.723680033277));
#3983 = CARTESIAN_POINT('',(8.018624417524,10.680457457635));
#3984 = CARTESIAN_POINT('',(8.011790689749,10.636336258942));
#3985 = CARTESIAN_POINT('',(8.005170060602,10.591374000012));
#3986 = CARTESIAN_POINT('',(7.998761737309,10.545623994412));
#3987 = CARTESIAN_POINT('',(7.986819087751,10.456034523339));
#3988 = CARTESIAN_POINT('',(7.98125515364,10.412299032782));
#3989 = CARTESIAN_POINT('',(7.975871936426,10.367967914064));
#3990 = CARTESIAN_POINT('',(7.970668507403,10.32307777668));
#3991 = CARTESIAN_POINT('',(7.96564387202,10.277662760349));
#3992 = CARTESIAN_POINT('',(7.955732598056,10.18378651005));
#3993 = CARTESIAN_POINT('',(7.95086229352,10.135280248013));
#3994 = CARTESIAN_POINT('',(7.946184857295,10.086271867239));
#3995 = CARTESIAN_POINT('',(7.941699112498,10.036795310121));
#3996 = CARTESIAN_POINT('',(7.937403904341,9.986882343115));
#3997 = CARTESIAN_POINT('',(7.927906284037,9.870481706294));
#3998 = CARTESIAN_POINT('',(7.922841138602,9.803699798181));
#3999 = CARTESIAN_POINT('',(7.91810010226,9.736283638423));
#4000 = CARTESIAN_POINT('',(7.91368082666,9.668295756065));
#4001 = CARTESIAN_POINT('',(7.909581176671,9.599794403179));
#4002 = CARTESIAN_POINT('',(7.896616836188,9.363399740548));
#4003 = CARTESIAN_POINT('',(7.889308094157,9.193272382573));
#4004 = CARTESIAN_POINT('',(7.883843574148,9.02120190967));
#4005 = CARTESIAN_POINT('',(7.880207652813,8.847880381024));
#4006 = CARTESIAN_POINT('',(7.878389284974,8.673949998021));
#4007 = CARTESIAN_POINT('',(7.878389284974,8.5));
#4008 = ( GEOMETRIC_REPRESENTATION_CONTEXT(2) 
PARAMETRIC_REPRESENTATION_CONTEXT() REPRESENTATION_CONTEXT('2D SPACE',''
  ) );
#4009 = PCURVE('',#2148,#4010);
#4010 = DEFINITIONAL_REPRESENTATION('',(#4011),#4044);
#4011 = B_SPLINE_CURVE_WITH_KNOTS('',6,(#4012,#4013,#4014,#4015,#4016,
    #4017,#4018,#4019,#4020,#4021,#4022,#4023,#4024,#4025,#4026,#4027,
    #4028,#4029,#4030,#4031,#4032,#4033,#4034,#4035,#4036,#4037,#4038,
    #4039,#4040,#4041,#4042,#4043),.UNSPECIFIED.,.F.,.F.,(7,5,5,5,5,5,7)
  ,(0.,0.119284198295,0.240650151047,0.353171451151,0.470741330918,
    0.625136216124,1.),.UNSPECIFIED.);
#4012 = CARTESIAN_POINT('',(1.048442464064,-0.278167294048));
#4013 = CARTESIAN_POINT('',(1.025436585522,-0.282583689817));
#4014 = CARTESIAN_POINT('',(1.002533194028,-0.286707993233));
#4015 = CARTESIAN_POINT('',(0.979739314227,-0.290554669943));
#4016 = CARTESIAN_POINT('',(0.957060510795,-0.294138600799));
#4017 = CARTESIAN_POINT('',(0.934500727082,-0.297474751676));
#4018 = CARTESIAN_POINT('',(0.889231920699,-0.303735090258));
#4019 = CARTESIAN_POINT('',(0.866527377675,-0.306651010799));
#4020 = CARTESIAN_POINT('',(0.843950829894,-0.309341226395));
#4021 = CARTESIAN_POINT('',(0.821503405933,-0.311820845283));
#4022 = CARTESIAN_POINT('',(0.79918502775,-0.314104462466));
#4023 = CARTESIAN_POINT('',(0.756420954737,-0.318154693884));
#4024 = CARTESIAN_POINT('',(0.735957428303,-0.319946812247));
#4025 = CARTESIAN_POINT('',(0.715602823538,-0.321593688992));
#4026 = CARTESIAN_POINT('',(0.695355551835,-0.323105944627));
#4027 = CARTESIAN_POINT('',(0.67521344383,-0.324493645977));
#4028 = CARTESIAN_POINT('',(0.634234918596,-0.327096067808));
#4029 = CARTESIAN_POINT('',(0.613407981786,-0.32830022134));
#4030 = CARTESIAN_POINT('',(0.592689807991,-0.32938960014));
#4031 = CARTESIAN_POINT('',(0.572076838679,-0.330374325672));
#4032 = CARTESIAN_POINT('',(0.551565087774,-0.331263807501));
#4033 = CARTESIAN_POINT('',(0.50434086643,-0.333121173059));
#4034 = CARTESIAN_POINT('',(0.477698698952,-0.334026358572));
#4035 = CARTESIAN_POINT('',(0.451213606318,-0.334801964025));
#4036 = CARTESIAN_POINT('',(0.424874893129,-0.335465590733));
#4037 = CARTESIAN_POINT('',(0.398671201485,-0.336032777141));
#4038 = CARTESIAN_POINT('',(0.309267776462,-0.337692667111));
#4039 = CARTESIAN_POINT('',(0.246675641616,-0.338379249389));
#4040 = CARTESIAN_POINT('',(0.18463220823,-0.338770511771));
#4041 = CARTESIAN_POINT('',(0.122962341413,-0.338990055463));
#4042 = CARTESIAN_POINT('',(6.148460623739E-02,-0.33909985951));
#4043 = CARTESIAN_POINT('',(0.,-0.33909985951));
#4044 = ( GEOMETRIC_REPRESENTATION_CONTEXT(2) 
PARAMETRIC_REPRESENTATION_CONTEXT() REPRESENTATION_CONTEXT('2D SPACE',''
  ) );
#4045 = ORIENTED_EDGE('',*,*,#2173,.F.);
#4046 = ORIENTED_EDGE('',*,*,#4047,.F.);
#4047 = EDGE_CURVE('',#4048,#2174,#4050,.T.);
#4048 = VERTEX_POINT('',#4049);
#4049 = CARTESIAN_POINT('',(26.329163406362,-6.997915036514,3.));
#4050 = SURFACE_CURVE('',#4051,(#4072,#4096),.PCURVE_S1.);
#4051 = B_SPLINE_CURVE_WITH_KNOTS('',7,(#4052,#4053,#4054,#4055,#4056,
    #4057,#4058,#4059,#4060,#4061,#4062,#4063,#4064,#4065,#4066,#4067,
    #4068,#4069,#4070,#4071),.UNSPECIFIED.,.F.,.F.,(8,6,6,8),(0.,
    0.556785453485,0.772256400232,1.),.UNSPECIFIED.);
#4052 = CARTESIAN_POINT('',(26.329163406362,-6.997915036514,3.));
#4053 = CARTESIAN_POINT('',(26.329163406362,-6.997915036514,
    3.221809666293));
#4054 = CARTESIAN_POINT('',(26.30904861175,-6.997424305025,
    3.443334840705));
#4055 = CARTESIAN_POINT('',(26.268909087282,-6.996443156283,
    3.663694217038));
#4056 = CARTESIAN_POINT('',(26.208558731828,-6.994608038216,
    3.881775699694));
#4057 = CARTESIAN_POINT('',(26.127725245568,-6.991180836288,
    4.096241366071));
#4058 = CARTESIAN_POINT('',(26.026135245473,-6.985028145458,
    4.305555127873));
#4059 = CARTESIAN_POINT('',(25.855948309163,-6.970471197131,
    4.586220966181));
#4060 = CARTESIAN_POINT('',(25.805308264448,-6.96575973651,
    4.663478289754));
#4061 = CARTESIAN_POINT('',(25.75149572421,-6.960305254342,
    4.739575174739));
#4062 = CARTESIAN_POINT('',(25.694498095273,-6.954004152262,
    4.814389539339));
#4063 = CARTESIAN_POINT('',(25.634309343003,-6.946742649561,
    4.887785491135));
#4064 = CARTESIAN_POINT('',(25.570932022257,-6.938397034596,
    4.959613752185));
#4065 = CARTESIAN_POINT('',(25.434035928542,-6.918726107979,
    5.103803030917));
#4066 = CARTESIAN_POINT('',(25.360152652943,-6.907259301318,
    5.175953453535));
#4067 = CARTESIAN_POINT('',(25.282741511503,-6.894275800123,
    5.245976977486));
#4068 = CARTESIAN_POINT('',(25.201842881432,-6.879608672786,
    5.313653755401));
#4069 = CARTESIAN_POINT('',(25.117532290963,-6.863083752319,
    5.378734904247));
#4070 = CARTESIAN_POINT('',(25.029932275647,-6.844527618241,
    5.440947567174));
#4071 = CARTESIAN_POINT('',(24.939229287154,-6.823781560244,5.5000006));
#4072 = PCURVE('',#1097,#4073);
#4073 = DEFINITIONAL_REPRESENTATION('',(#4074),#4095);
#4074 = B_SPLINE_CURVE_WITH_KNOTS('',7,(#4075,#4076,#4077,#4078,#4079,
    #4080,#4081,#4082,#4083,#4084,#4085,#4086,#4087,#4088,#4089,#4090,
    #4091,#4092,#4093,#4094),.UNSPECIFIED.,.F.,.F.,(8,6,6,8),(0.,
    0.556785453485,0.772256400232,0.999999669435),.UNSPECIFIED.);
#4075 = CARTESIAN_POINT('',(4.687981329385,8.5));
#4076 = CARTESIAN_POINT('',(4.687981329385,8.721809666293));
#4077 = CARTESIAN_POINT('',(4.68510693839,8.943334840705));
#4078 = CARTESIAN_POINT('',(4.679370984759,9.163694217038));
#4079 = CARTESIAN_POINT('',(4.670745722614,9.381775699694));
#4080 = CARTESIAN_POINT('',(4.659189484028,9.596241366071));
#4081 = CARTESIAN_POINT('',(4.644654517798,9.805555127873));
#4082 = CARTESIAN_POINT('',(4.620253322597,10.086220966181));
#4083 = CARTESIAN_POINT('',(4.612987990878,10.163478289754));
#4084 = CARTESIAN_POINT('',(4.605261526938,10.239575174739));
#4085 = CARTESIAN_POINT('',(4.597070059832,10.314389539339));
#4086 = CARTESIAN_POINT('',(4.588410094462,10.387785491135));
#4087 = CARTESIAN_POINT('',(4.579278663849,10.459613752185));
#4088 = CARTESIAN_POINT('',(4.559521228,10.603802923375));
#4089 = CARTESIAN_POINT('',(4.548840806178,10.675953244086));
#4090 = CARTESIAN_POINT('',(4.537628996236,10.745976672573));
#4091 = CARTESIAN_POINT('',(4.52588562313,10.813653362475));
#4092 = CARTESIAN_POINT('',(4.513614279749,10.878734431927));
#4093 = CARTESIAN_POINT('',(4.500823992299,10.940947025371));
#4094 = CARTESIAN_POINT('',(4.487531827798,11.));
#4095 = ( GEOMETRIC_REPRESENTATION_CONTEXT(2) 
PARAMETRIC_REPRESENTATION_CONTEXT() REPRESENTATION_CONTEXT('2D SPACE',''
  ) );
#4096 = PCURVE('',#2216,#4097);
#4097 = DEFINITIONAL_REPRESENTATION('',(#4098),#4119);
#4098 = B_SPLINE_CURVE_WITH_KNOTS('',7,(#4099,#4100,#4101,#4102,#4103,
    #4104,#4105,#4106,#4107,#4108,#4109,#4110,#4111,#4112,#4113,#4114,
    #4115,#4116,#4117,#4118),.UNSPECIFIED.,.F.,.F.,(8,6,6,8),(0.,
    0.556785453485,0.772256400232,1.),.UNSPECIFIED.);
#4099 = CARTESIAN_POINT('',(0.33909985951,0.));
#4100 = CARTESIAN_POINT('',(0.33909985951,-7.3936555431E-02));
#4101 = CARTESIAN_POINT('',(0.341175122106,-0.14777821861));
#4102 = CARTESIAN_POINT('',(0.34532028997,-0.221891707823));
#4103 = CARTESIAN_POINT('',(0.351596056883,-0.296558161718));
#4104 = CARTESIAN_POINT('',(0.360154074962,-0.372044141551));
#4105 = CARTESIAN_POINT('',(0.371189963247,-0.448621944358));
#4106 = CARTESIAN_POINT('',(0.3906461226,-0.556841196647));
#4107 = CARTESIAN_POINT('',(0.396521711892,-0.587248558129));
#4108 = CARTESIAN_POINT('',(0.402874932831,-0.617887546669));
#4109 = CARTESIAN_POINT('',(0.409740700605,-0.648775729365));
#4110 = CARTESIAN_POINT('',(0.417163771035,-0.679929515804));
#4111 = CARTESIAN_POINT('',(0.425204264339,-0.711364469495));
#4112 = CARTESIAN_POINT('',(0.443179859362,-0.776634091165));
#4113 = CARTESIAN_POINT('',(0.453196705896,-0.81049981864));
#4114 = CARTESIAN_POINT('',(0.464088922444,-0.844712691723));
#4115 = CARTESIAN_POINT('',(0.475988537871,-0.879283520839));
#4116 = CARTESIAN_POINT('',(0.489060650552,-0.914215556952));
#4117 = CARTESIAN_POINT('',(0.503547545842,-0.94950080707));
#4118 = CARTESIAN_POINT('',(0.519860696409,-0.985111145151));
#4119 = ( GEOMETRIC_REPRESENTATION_CONTEXT(2) 
PARAMETRIC_REPRESENTATION_CONTEXT() REPRESENTATION_CONTEXT('2D SPACE',''
  ) );
#4120 = ORIENTED_EDGE('',*,*,#4121,.F.);
#4121 = EDGE_CURVE('',#3732,#4048,#4122,.T.);
#4122 = SURFACE_CURVE('',#4123,(#4127,#4133),.PCURVE_S1.);
#4123 = LINE('',#4124,#4125);
#4124 = CARTESIAN_POINT('',(26.329163406362,-6.997915036514,-6.));
#4125 = VECTOR('',#4126,1.);
#4126 = DIRECTION('',(0.,0.,1.));
#4127 = PCURVE('',#1097,#4128);
#4128 = DEFINITIONAL_REPRESENTATION('',(#4129),#4132);
#4129 = B_SPLINE_CURVE_WITH_KNOTS('',1,(#4130,#4131),.UNSPECIFIED.,.F.,
  .F.,(2,2),(3.,9.),.PIECEWISE_BEZIER_KNOTS.);
#4130 = CARTESIAN_POINT('',(4.687981329385,2.5));
#4131 = CARTESIAN_POINT('',(4.687981329385,8.5));
#4132 = ( GEOMETRIC_REPRESENTATION_CONTEXT(2) 
PARAMETRIC_REPRESENTATION_CONTEXT() REPRESENTATION_CONTEXT('2D SPACE',''
  ) );
#4133 = PCURVE('',#3822,#4134);
#4134 = DEFINITIONAL_REPRESENTATION('',(#4135),#4138);
#4135 = B_SPLINE_CURVE_WITH_KNOTS('',1,(#4136,#4137),.UNSPECIFIED.,.F.,
  .F.,(2,2),(2.9999994,9.0000006),.PIECEWISE_BEZIER_KNOTS.);
#4136 = CARTESIAN_POINT('',(-0.33909985951,2.9999994));
#4137 = CARTESIAN_POINT('',(-0.33909985951,9.0000006));
#4138 = ( GEOMETRIC_REPRESENTATION_CONTEXT(2) 
PARAMETRIC_REPRESENTATION_CONTEXT() REPRESENTATION_CONTEXT('2D SPACE',''
  ) );
#4139 = ORIENTED_EDGE('',*,*,#3731,.F.);
#4140 = ADVANCED_FACE('',(#4141),#1064,.T.);
#4141 = FACE_BOUND('',#4142,.T.);
#4142 = EDGE_LOOP('',(#4143,#4144,#4145,#4167));
#4143 = ORIENTED_EDGE('',*,*,#3838,.T.);
#4144 = ORIENTED_EDGE('',*,*,#1047,.T.);
#4145 = ORIENTED_EDGE('',*,*,#4146,.T.);
#4146 = EDGE_CURVE('',#1022,#4147,#4149,.T.);
#4147 = VERTEX_POINT('',#4148);
#4148 = CARTESIAN_POINT('',(23.5,9.,-3.));
#4149 = SURFACE_CURVE('',#4150,(#4155,#4161),.PCURVE_S1.);
#4150 = CIRCLE('',#4151,3.);
#4151 = AXIS2_PLACEMENT_3D('',#4152,#4153,#4154);
#4152 = CARTESIAN_POINT('',(23.5,6.,-3.));
#4153 = DIRECTION('',(1.,-6.123233995737E-17,0.));
#4154 = DIRECTION('',(6.123233995737E-17,1.,0.));
#4155 = PCURVE('',#1064,#4156);
#4156 = DEFINITIONAL_REPRESENTATION('',(#4157),#4160);
#4157 = B_SPLINE_CURVE_WITH_KNOTS('',1,(#4158,#4159),.UNSPECIFIED.,.F.,
  .F.,(2,2),(4.712388980385,6.28318530718),.PIECEWISE_BEZIER_KNOTS.);
#4158 = CARTESIAN_POINT('',(1.570796326795,-1.570796326795));
#4159 = CARTESIAN_POINT('',(1.570796326795,0.));
#4160 = ( GEOMETRIC_REPRESENTATION_CONTEXT(2) 
PARAMETRIC_REPRESENTATION_CONTEXT() REPRESENTATION_CONTEXT('2D SPACE',''
  ) );
#4161 = PCURVE('',#1036,#4162);
#4162 = DEFINITIONAL_REPRESENTATION('',(#4163),#4166);
#4163 = B_SPLINE_CURVE_WITH_KNOTS('',1,(#4164,#4165),.UNSPECIFIED.,.F.,
  .F.,(2,2),(4.712388980385,6.28318530718),.PIECEWISE_BEZIER_KNOTS.);
#4164 = CARTESIAN_POINT('',(-1.570796326795,8.5));
#4165 = CARTESIAN_POINT('',(0.,8.5));
#4166 = ( GEOMETRIC_REPRESENTATION_CONTEXT(2) 
PARAMETRIC_REPRESENTATION_CONTEXT() REPRESENTATION_CONTEXT('2D SPACE',''
  ) );
#4167 = ORIENTED_EDGE('',*,*,#4168,.F.);
#4168 = EDGE_CURVE('',#3839,#4147,#4169,.T.);
#4169 = SURFACE_CURVE('',#4170,(#4175,#4182),.PCURVE_S1.);
#4170 = CIRCLE('',#4171,3.);
#4171 = AXIS2_PLACEMENT_3D('',#4172,#4173,#4174);
#4172 = CARTESIAN_POINT('',(23.5,6.,-3.));
#4173 = DIRECTION('',(0.,0.,1.));
#4174 = DIRECTION('',(1.,0.,-0.));
#4175 = PCURVE('',#1064,#4176);
#4176 = DEFINITIONAL_REPRESENTATION('',(#4177),#4181);
#4177 = LINE('',#4178,#4179);
#4178 = CARTESIAN_POINT('',(0.,0.));
#4179 = VECTOR('',#4180,1.);
#4180 = DIRECTION('',(1.,0.));
#4181 = ( GEOMETRIC_REPRESENTATION_CONTEXT(2) 
PARAMETRIC_REPRESENTATION_CONTEXT() REPRESENTATION_CONTEXT('2D SPACE',''
  ) );
#4182 = PCURVE('',#3927,#4183);
#4183 = DEFINITIONAL_REPRESENTATION('',(#4184),#4188);
#4184 = LINE('',#4185,#4186);
#4185 = CARTESIAN_POINT('',(0.,3.));
#4186 = VECTOR('',#4187,1.);
#4187 = DIRECTION('',(1.,0.));
#4188 = ( GEOMETRIC_REPRESENTATION_CONTEXT(2) 
PARAMETRIC_REPRESENTATION_CONTEXT() REPRESENTATION_CONTEXT('2D SPACE',''
  ) );
#4189 = ADVANCED_FACE('',(#4190),#1036,.T.);
#4190 = FACE_BOUND('',#4191,.F.);
#4191 = EDGE_LOOP('',(#4192,#4214,#4215,#4216));
#4192 = ORIENTED_EDGE('',*,*,#4193,.F.);
#4193 = EDGE_CURVE('',#993,#4194,#4196,.T.);
#4194 = VERTEX_POINT('',#4195);
#4195 = CARTESIAN_POINT('',(18.,9.,-3.));
#4196 = SURFACE_CURVE('',#4197,(#4202,#4208),.PCURVE_S1.);
#4197 = CIRCLE('',#4198,3.);
#4198 = AXIS2_PLACEMENT_3D('',#4199,#4200,#4201);
#4199 = CARTESIAN_POINT('',(18.,6.,-3.));
#4200 = DIRECTION('',(1.,6.123233995737E-17,-0.));
#4201 = DIRECTION('',(-6.123233995737E-17,1.,0.));
#4202 = PCURVE('',#1036,#4203);
#4203 = DEFINITIONAL_REPRESENTATION('',(#4204),#4207);
#4204 = B_SPLINE_CURVE_WITH_KNOTS('',1,(#4205,#4206),.UNSPECIFIED.,.F.,
  .F.,(2,2),(4.712388980385,6.28318530718),.PIECEWISE_BEZIER_KNOTS.);
#4205 = CARTESIAN_POINT('',(-1.570796326795,3.));
#4206 = CARTESIAN_POINT('',(0.,3.));
#4207 = ( GEOMETRIC_REPRESENTATION_CONTEXT(2) 
PARAMETRIC_REPRESENTATION_CONTEXT() REPRESENTATION_CONTEXT('2D SPACE',''
  ) );
#4208 = PCURVE('',#1009,#4209);
#4209 = DEFINITIONAL_REPRESENTATION('',(#4210),#4213);
#4210 = B_SPLINE_CURVE_WITH_KNOTS('',1,(#4211,#4212),.UNSPECIFIED.,.F.,
  .F.,(2,2),(4.712388980385,6.28318530718),.PIECEWISE_BEZIER_KNOTS.);
#4211 = CARTESIAN_POINT('',(-1.570796326795,-1.570796326795));
#4212 = CARTESIAN_POINT('',(-1.570796326795,0.));
#4213 = ( GEOMETRIC_REPRESENTATION_CONTEXT(2) 
PARAMETRIC_REPRESENTATION_CONTEXT() REPRESENTATION_CONTEXT('2D SPACE',''
  ) );
#4214 = ORIENTED_EDGE('',*,*,#1021,.T.);
#4215 = ORIENTED_EDGE('',*,*,#4146,.T.);
#4216 = ORIENTED_EDGE('',*,*,#4217,.F.);
#4217 = EDGE_CURVE('',#4194,#4147,#4218,.T.);
#4218 = SURFACE_CURVE('',#4219,(#4223,#4230),.PCURVE_S1.);
#4219 = LINE('',#4220,#4221);
#4220 = CARTESIAN_POINT('',(15.,9.,-3.));
#4221 = VECTOR('',#4222,1.);
#4222 = DIRECTION('',(1.,0.,0.));
#4223 = PCURVE('',#1036,#4224);
#4224 = DEFINITIONAL_REPRESENTATION('',(#4225),#4229);
#4225 = LINE('',#4226,#4227);
#4226 = CARTESIAN_POINT('',(-0.,0.));
#4227 = VECTOR('',#4228,1.);
#4228 = DIRECTION('',(-0.,1.));
#4229 = ( GEOMETRIC_REPRESENTATION_CONTEXT(2) 
PARAMETRIC_REPRESENTATION_CONTEXT() REPRESENTATION_CONTEXT('2D SPACE',''
  ) );
#4230 = PCURVE('',#4231,#4236);
#4231 = PLANE('',#4232);
#4232 = AXIS2_PLACEMENT_3D('',#4233,#4234,#4235);
#4233 = CARTESIAN_POINT('',(15.,9.,-6.));
#4234 = DIRECTION('',(0.,1.,0.));
#4235 = DIRECTION('',(0.,0.,1.));
#4236 = DEFINITIONAL_REPRESENTATION('',(#4237),#4241);
#4237 = LINE('',#4238,#4239);
#4238 = CARTESIAN_POINT('',(3.,0.));
#4239 = VECTOR('',#4240,1.);
#4240 = DIRECTION('',(0.,1.));
#4241 = ( GEOMETRIC_REPRESENTATION_CONTEXT(2) 
PARAMETRIC_REPRESENTATION_CONTEXT() REPRESENTATION_CONTEXT('2D SPACE',''
  ) );
#4242 = ADVANCED_FACE('',(#4243),#1009,.T.);
#4243 = FACE_BOUND('',#4244,.F.);
#4244 = EDGE_LOOP('',(#4245,#4267,#4268,#4269));
#4245 = ORIENTED_EDGE('',*,*,#4246,.F.);
#4246 = EDGE_CURVE('',#967,#4247,#4249,.T.);
#4247 = VERTEX_POINT('',#4248);
#4248 = CARTESIAN_POINT('',(15.,6.,-3.));
#4249 = SURFACE_CURVE('',#4250,(#4255,#4261),.PCURVE_S1.);
#4250 = CIRCLE('',#4251,3.);
#4251 = AXIS2_PLACEMENT_3D('',#4252,#4253,#4254);
#4252 = CARTESIAN_POINT('',(18.,6.,-3.));
#4253 = DIRECTION('',(0.,1.,-0.));
#4254 = DIRECTION('',(-1.,0.,0.));
#4255 = PCURVE('',#1009,#4256);
#4256 = DEFINITIONAL_REPRESENTATION('',(#4257),#4260);
#4257 = B_SPLINE_CURVE_WITH_KNOTS('',1,(#4258,#4259),.UNSPECIFIED.,.F.,
  .F.,(2,2),(4.712388980385,6.28318530718),.PIECEWISE_BEZIER_KNOTS.);
#4258 = CARTESIAN_POINT('',(0.,-1.570796326795));
#4259 = CARTESIAN_POINT('',(0.,0.));
#4260 = ( GEOMETRIC_REPRESENTATION_CONTEXT(2) 
PARAMETRIC_REPRESENTATION_CONTEXT() REPRESENTATION_CONTEXT('2D SPACE',''
  ) );
#4261 = PCURVE('',#981,#4262);
#4262 = DEFINITIONAL_REPRESENTATION('',(#4263),#4266);
#4263 = B_SPLINE_CURVE_WITH_KNOTS('',1,(#4264,#4265),.UNSPECIFIED.,.F.,
  .F.,(2,2),(4.712388980385,6.28318530718),.PIECEWISE_BEZIER_KNOTS.);
#4264 = CARTESIAN_POINT('',(-1.570796326795,15.));
#4265 = CARTESIAN_POINT('',(0.,15.));
#4266 = ( GEOMETRIC_REPRESENTATION_CONTEXT(2) 
PARAMETRIC_REPRESENTATION_CONTEXT() REPRESENTATION_CONTEXT('2D SPACE',''
  ) );
#4267 = ORIENTED_EDGE('',*,*,#992,.F.);
#4268 = ORIENTED_EDGE('',*,*,#4193,.T.);
#4269 = ORIENTED_EDGE('',*,*,#4270,.F.);
#4270 = EDGE_CURVE('',#4247,#4194,#4271,.T.);
#4271 = SURFACE_CURVE('',#4272,(#4277,#4284),.PCURVE_S1.);
#4272 = CIRCLE('',#4273,3.);
#4273 = AXIS2_PLACEMENT_3D('',#4274,#4275,#4276);
#4274 = CARTESIAN_POINT('',(18.,6.,-3.));
#4275 = DIRECTION('',(-0.,0.,-1.));
#4276 = DIRECTION('',(-1.,0.,0.));
#4277 = PCURVE('',#1009,#4278);
#4278 = DEFINITIONAL_REPRESENTATION('',(#4279),#4283);
#4279 = LINE('',#4280,#4281);
#4280 = CARTESIAN_POINT('',(-0.,0.));
#4281 = VECTOR('',#4282,1.);
#4282 = DIRECTION('',(-1.,0.));
#4283 = ( GEOMETRIC_REPRESENTATION_CONTEXT(2) 
PARAMETRIC_REPRESENTATION_CONTEXT() REPRESENTATION_CONTEXT('2D SPACE',''
  ) );
#4284 = PCURVE('',#4285,#4290);
#4285 = CYLINDRICAL_SURFACE('',#4286,3.);
#4286 = AXIS2_PLACEMENT_3D('',#4287,#4288,#4289);
#4287 = CARTESIAN_POINT('',(18.,6.,-6.));
#4288 = DIRECTION('',(0.,0.,1.));
#4289 = DIRECTION('',(-1.,-0.,0.));
#4290 = DEFINITIONAL_REPRESENTATION('',(#4291),#4295);
#4291 = LINE('',#4292,#4293);
#4292 = CARTESIAN_POINT('',(-0.,3.));
#4293 = VECTOR('',#4294,1.);
#4294 = DIRECTION('',(-1.,0.));
#4295 = ( GEOMETRIC_REPRESENTATION_CONTEXT(2) 
PARAMETRIC_REPRESENTATION_CONTEXT() REPRESENTATION_CONTEXT('2D SPACE',''
  ) );
#4296 = ADVANCED_FACE('',(#4297),#981,.T.);
#4297 = FACE_BOUND('',#4298,.F.);
#4298 = EDGE_LOOP('',(#4299,#4300,#4301,#4302));
#4299 = ORIENTED_EDGE('',*,*,#3603,.F.);
#4300 = ORIENTED_EDGE('',*,*,#966,.T.);
#4301 = ORIENTED_EDGE('',*,*,#4246,.T.);
#4302 = ORIENTED_EDGE('',*,*,#4303,.F.);
#4303 = EDGE_CURVE('',#3604,#4247,#4304,.T.);
#4304 = SURFACE_CURVE('',#4305,(#4309,#4316),.PCURVE_S1.);
#4305 = LINE('',#4306,#4307);
#4306 = CARTESIAN_POINT('',(15.,-9.,-3.));
#4307 = VECTOR('',#4308,1.);
#4308 = DIRECTION('',(0.,1.,0.));
#4309 = PCURVE('',#981,#4310);
#4310 = DEFINITIONAL_REPRESENTATION('',(#4311),#4315);
#4311 = LINE('',#4312,#4313);
#4312 = CARTESIAN_POINT('',(-0.,0.));
#4313 = VECTOR('',#4314,1.);
#4314 = DIRECTION('',(-0.,1.));
#4315 = ( GEOMETRIC_REPRESENTATION_CONTEXT(2) 
PARAMETRIC_REPRESENTATION_CONTEXT() REPRESENTATION_CONTEXT('2D SPACE',''
  ) );
#4316 = PCURVE('',#4317,#4322);
#4317 = PLANE('',#4318);
#4318 = AXIS2_PLACEMENT_3D('',#4319,#4320,#4321);
#4319 = CARTESIAN_POINT('',(15.,-9.,-6.));
#4320 = DIRECTION('',(1.,0.,0.));
#4321 = DIRECTION('',(0.,0.,1.));
#4322 = DEFINITIONAL_REPRESENTATION('',(#4323),#4327);
#4323 = LINE('',#4324,#4325);
#4324 = CARTESIAN_POINT('',(3.,0.));
#4325 = VECTOR('',#4326,1.);
#4326 = DIRECTION('',(0.,-1.));
#4327 = ( GEOMETRIC_REPRESENTATION_CONTEXT(2) 
PARAMETRIC_REPRESENTATION_CONTEXT() REPRESENTATION_CONTEXT('2D SPACE',''
  ) );
#4328 = ADVANCED_FACE('',(#4329),#1183,.T.);
#4329 = FACE_BOUND('',#4330,.T.);
#4330 = EDGE_LOOP('',(#4331,#4353,#4354,#4376));
#4331 = ORIENTED_EDGE('',*,*,#4332,.F.);
#4332 = EDGE_CURVE('',#1165,#4333,#4335,.T.);
#4333 = VERTEX_POINT('',#4334);
#4334 = CARTESIAN_POINT('',(-12.6961524227,-9.990353928239,-3.));
#4335 = SURFACE_CURVE('',#4336,(#4341,#4347),.PCURVE_S1.);
#4336 = CIRCLE('',#4337,3.);
#4337 = AXIS2_PLACEMENT_3D('',#4338,#4339,#4340);
#4338 = CARTESIAN_POINT('',(-14.1961524227,-12.58843013959,-3.));
#4339 = DIRECTION('',(0.866025403784,-0.5,0.));
#4340 = DIRECTION('',(0.5,0.866025403784,0.));
#4341 = PCURVE('',#1183,#4342);
#4342 = DEFINITIONAL_REPRESENTATION('',(#4343),#4346);
#4343 = B_SPLINE_CURVE_WITH_KNOTS('',1,(#4344,#4345),.UNSPECIFIED.,.F.,
  .F.,(2,2),(4.712388980385,6.28318530718),.PIECEWISE_BEZIER_KNOTS.);
#4344 = CARTESIAN_POINT('',(0.,-1.570796326795));
#4345 = CARTESIAN_POINT('',(0.,0.));
#4346 = ( GEOMETRIC_REPRESENTATION_CONTEXT(2) 
PARAMETRIC_REPRESENTATION_CONTEXT() REPRESENTATION_CONTEXT('2D SPACE',''
  ) );
#4347 = PCURVE('',#1210,#4348);
#4348 = DEFINITIONAL_REPRESENTATION('',(#4349),#4352);
#4349 = B_SPLINE_CURVE_WITH_KNOTS('',1,(#4350,#4351),.UNSPECIFIED.,.F.,
  .F.,(2,2),(4.712388980385,6.28318530718),.PIECEWISE_BEZIER_KNOTS.);
#4350 = CARTESIAN_POINT('',(-1.570796326795,3.));
#4351 = CARTESIAN_POINT('',(0.,3.));
#4352 = ( GEOMETRIC_REPRESENTATION_CONTEXT(2) 
PARAMETRIC_REPRESENTATION_CONTEXT() REPRESENTATION_CONTEXT('2D SPACE',''
  ) );
#4353 = ORIENTED_EDGE('',*,*,#1164,.T.);
#4354 = ORIENTED_EDGE('',*,*,#4355,.T.);
#4355 = EDGE_CURVE('',#1167,#4356,#4358,.T.);
#4356 = VERTEX_POINT('',#4357);
#4357 = CARTESIAN_POINT('',(-16.79422863406,-11.08843013959,-3.));
#4358 = SURFACE_CURVE('',#4359,(#4364,#4370),.PCURVE_S1.);
#4359 = CIRCLE('',#4360,3.);
#4360 = AXIS2_PLACEMENT_3D('',#4361,#4362,#4363);
#4361 = CARTESIAN_POINT('',(-14.1961524227,-12.58843013959,-3.));
#4362 = DIRECTION('',(0.5,0.866025403784,-0.));
#4363 = DIRECTION('',(-0.866025403784,0.5,0.));
#4364 = PCURVE('',#1183,#4365);
#4365 = DEFINITIONAL_REPRESENTATION('',(#4366),#4369);
#4366 = B_SPLINE_CURVE_WITH_KNOTS('',1,(#4367,#4368),.UNSPECIFIED.,.F.,
  .F.,(2,2),(4.712388980385,6.28318530718),.PIECEWISE_BEZIER_KNOTS.);
#4367 = CARTESIAN_POINT('',(1.570796326795,-1.570796326795));
#4368 = CARTESIAN_POINT('',(1.570796326795,0.));
#4369 = ( GEOMETRIC_REPRESENTATION_CONTEXT(2) 
PARAMETRIC_REPRESENTATION_CONTEXT() REPRESENTATION_CONTEXT('2D SPACE',''
  ) );
#4370 = PCURVE('',#1336,#4371);
#4371 = DEFINITIONAL_REPRESENTATION('',(#4372),#4375);
#4372 = B_SPLINE_CURVE_WITH_KNOTS('',1,(#4373,#4374),.UNSPECIFIED.,.F.,
  .F.,(2,2),(4.712388980385,6.28318530718),.PIECEWISE_BEZIER_KNOTS.);
#4373 = CARTESIAN_POINT('',(1.570796326795,3.));
#4374 = CARTESIAN_POINT('',(0.,3.));
#4375 = ( GEOMETRIC_REPRESENTATION_CONTEXT(2) 
PARAMETRIC_REPRESENTATION_CONTEXT() REPRESENTATION_CONTEXT('2D SPACE',''
  ) );
#4376 = ORIENTED_EDGE('',*,*,#4377,.F.);
#4377 = EDGE_CURVE('',#4333,#4356,#4378,.T.);
#4378 = SURFACE_CURVE('',#4379,(#4384,#4391),.PCURVE_S1.);
#4379 = CIRCLE('',#4380,3.);
#4380 = AXIS2_PLACEMENT_3D('',#4381,#4382,#4383);
#4381 = CARTESIAN_POINT('',(-14.1961524227,-12.58843013959,-3.));
#4382 = DIRECTION('',(0.,0.,1.));
#4383 = DIRECTION('',(0.5,0.866025403784,-0.));
#4384 = PCURVE('',#1183,#4385);
#4385 = DEFINITIONAL_REPRESENTATION('',(#4386),#4390);
#4386 = LINE('',#4387,#4388);
#4387 = CARTESIAN_POINT('',(0.,0.));
#4388 = VECTOR('',#4389,1.);
#4389 = DIRECTION('',(1.,0.));
#4390 = ( GEOMETRIC_REPRESENTATION_CONTEXT(2) 
PARAMETRIC_REPRESENTATION_CONTEXT() REPRESENTATION_CONTEXT('2D SPACE',''
  ) );
#4391 = PCURVE('',#4392,#4397);
#4392 = CYLINDRICAL_SURFACE('',#4393,3.);
#4393 = AXIS2_PLACEMENT_3D('',#4394,#4395,#4396);
#4394 = CARTESIAN_POINT('',(-14.1961524227,-12.58843013959,-6.));
#4395 = DIRECTION('',(0.,0.,1.));
#4396 = DIRECTION('',(0.5,0.866025403784,-0.));
#4397 = DEFINITIONAL_REPRESENTATION('',(#4398),#4402);
#4398 = LINE('',#4399,#4400);
#4399 = CARTESIAN_POINT('',(0.,3.));
#4400 = VECTOR('',#4401,1.);
#4401 = DIRECTION('',(1.,0.));
#4402 = ( GEOMETRIC_REPRESENTATION_CONTEXT(2) 
PARAMETRIC_REPRESENTATION_CONTEXT() REPRESENTATION_CONTEXT('2D SPACE',''
  ) );
#4403 = ADVANCED_FACE('',(#4404),#1336,.T.);
#4404 = FACE_BOUND('',#4405,.T.);
#4405 = EDGE_LOOP('',(#4406,#4407,#4408,#4409));
#4406 = ORIENTED_EDGE('',*,*,#4355,.F.);
#4407 = ORIENTED_EDGE('',*,*,#1323,.T.);
#4408 = ORIENTED_EDGE('',*,*,#1352,.T.);
#4409 = ORIENTED_EDGE('',*,*,#4410,.F.);
#4410 = EDGE_CURVE('',#4356,#1353,#4411,.T.);
#4411 = SURFACE_CURVE('',#4412,(#4416,#4423),.PCURVE_S1.);
#4412 = LINE('',#4413,#4414);
#4413 = CARTESIAN_POINT('',(-15.29422863406,-8.490353928239,-3.));
#4414 = VECTOR('',#4415,1.);
#4415 = DIRECTION('',(-0.5,-0.866025403784,0.));
#4416 = PCURVE('',#1336,#4417);
#4417 = DEFINITIONAL_REPRESENTATION('',(#4418),#4422);
#4418 = LINE('',#4419,#4420);
#4419 = CARTESIAN_POINT('',(0.,0.));
#4420 = VECTOR('',#4421,1.);
#4421 = DIRECTION('',(0.,1.));
#4422 = ( GEOMETRIC_REPRESENTATION_CONTEXT(2) 
PARAMETRIC_REPRESENTATION_CONTEXT() REPRESENTATION_CONTEXT('2D SPACE',''
  ) );
#4423 = PCURVE('',#1417,#4424);
#4424 = DEFINITIONAL_REPRESENTATION('',(#4425),#4429);
#4425 = LINE('',#4426,#4427);
#4426 = CARTESIAN_POINT('',(3.,0.));
#4427 = VECTOR('',#4428,1.);
#4428 = DIRECTION('',(0.,1.));
#4429 = ( GEOMETRIC_REPRESENTATION_CONTEXT(2) 
PARAMETRIC_REPRESENTATION_CONTEXT() REPRESENTATION_CONTEXT('2D SPACE',''
  ) );
#4430 = ADVANCED_FACE('',(#4431),#1265,.T.);
#4431 = FACE_BOUND('',#4432,.F.);
#4432 = EDGE_LOOP('',(#4433,#4455,#4456,#4457));
#4433 = ORIENTED_EDGE('',*,*,#4434,.F.);
#4434 = EDGE_CURVE('',#1222,#4435,#4437,.T.);
#4435 = VERTEX_POINT('',#4436);
#4436 = CARTESIAN_POINT('',(-1.20577136594,-20.08843013959,-3.));
#4437 = SURFACE_CURVE('',#4438,(#4443,#4449),.PCURVE_S1.);
#4438 = CIRCLE('',#4439,3.);
#4439 = AXIS2_PLACEMENT_3D('',#4440,#4441,#4442);
#4440 = CARTESIAN_POINT('',(-3.803847577293,-18.58843013959,-3.));
#4441 = DIRECTION('',(-0.5,-0.866025403784,0.));
#4442 = DIRECTION('',(0.866025403784,-0.5,0.));
#4443 = PCURVE('',#1265,#4444);
#4444 = DEFINITIONAL_REPRESENTATION('',(#4445),#4448);
#4445 = B_SPLINE_CURVE_WITH_KNOTS('',1,(#4446,#4447),.UNSPECIFIED.,.F.,
  .F.,(2,2),(4.712388980385,6.28318530718),.PIECEWISE_BEZIER_KNOTS.);
#4446 = CARTESIAN_POINT('',(-1.570796326795,3.));
#4447 = CARTESIAN_POINT('',(0.,3.));
#4448 = ( GEOMETRIC_REPRESENTATION_CONTEXT(2) 
PARAMETRIC_REPRESENTATION_CONTEXT() REPRESENTATION_CONTEXT('2D SPACE',''
  ) );
#4449 = PCURVE('',#1238,#4450);
#4450 = DEFINITIONAL_REPRESENTATION('',(#4451),#4454);
#4451 = B_SPLINE_CURVE_WITH_KNOTS('',1,(#4452,#4453),.UNSPECIFIED.,.F.,
  .F.,(2,2),(4.712388980385,6.28318530718),.PIECEWISE_BEZIER_KNOTS.);
#4452 = CARTESIAN_POINT('',(-1.570796326795,-1.570796326795));
#4453 = CARTESIAN_POINT('',(-1.570796326795,0.));
#4454 = ( GEOMETRIC_REPRESENTATION_CONTEXT(2) 
PARAMETRIC_REPRESENTATION_CONTEXT() REPRESENTATION_CONTEXT('2D SPACE',''
  ) );
#4455 = ORIENTED_EDGE('',*,*,#1250,.T.);
#4456 = ORIENTED_EDGE('',*,*,#2522,.T.);
#4457 = ORIENTED_EDGE('',*,*,#4458,.F.);
#4458 = EDGE_CURVE('',#4435,#2467,#4459,.T.);
#4459 = SURFACE_CURVE('',#4460,(#4464,#4471),.PCURVE_S1.);
#4460 = LINE('',#4461,#4462);
#4461 = CARTESIAN_POINT('',(0.29422863406,-17.49035392823,-3.));
#4462 = VECTOR('',#4463,1.);
#4463 = DIRECTION('',(-0.5,-0.866025403784,0.));
#4464 = PCURVE('',#1265,#4465);
#4465 = DEFINITIONAL_REPRESENTATION('',(#4466),#4470);
#4466 = LINE('',#4467,#4468);
#4467 = CARTESIAN_POINT('',(-0.,0.));
#4468 = VECTOR('',#4469,1.);
#4469 = DIRECTION('',(-0.,1.));
#4470 = ( GEOMETRIC_REPRESENTATION_CONTEXT(2) 
PARAMETRIC_REPRESENTATION_CONTEXT() REPRESENTATION_CONTEXT('2D SPACE',''
  ) );
#4471 = PCURVE('',#2504,#4472);
#4472 = DEFINITIONAL_REPRESENTATION('',(#4473),#4477);
#4473 = LINE('',#4474,#4475);
#4474 = CARTESIAN_POINT('',(3.,0.));
#4475 = VECTOR('',#4476,1.);
#4476 = DIRECTION('',(0.,1.));
#4477 = ( GEOMETRIC_REPRESENTATION_CONTEXT(2) 
PARAMETRIC_REPRESENTATION_CONTEXT() REPRESENTATION_CONTEXT('2D SPACE',''
  ) );
#4478 = ADVANCED_FACE('',(#4479),#1238,.T.);
#4479 = FACE_BOUND('',#4480,.F.);
#4480 = EDGE_LOOP('',(#4481,#4503,#4504,#4505));
#4481 = ORIENTED_EDGE('',*,*,#4482,.F.);
#4482 = EDGE_CURVE('',#1196,#4483,#4485,.T.);
#4483 = VERTEX_POINT('',#4484);
#4484 = CARTESIAN_POINT('',(-2.303847577293,-15.99035392823,-3.));
#4485 = SURFACE_CURVE('',#4486,(#4491,#4497),.PCURVE_S1.);
#4486 = CIRCLE('',#4487,3.);
#4487 = AXIS2_PLACEMENT_3D('',#4488,#4489,#4490);
#4488 = CARTESIAN_POINT('',(-3.803847577293,-18.58843013959,-3.));
#4489 = DIRECTION('',(0.866025403784,-0.5,0.));
#4490 = DIRECTION('',(0.5,0.866025403784,0.));
#4491 = PCURVE('',#1238,#4492);
#4492 = DEFINITIONAL_REPRESENTATION('',(#4493),#4496);
#4493 = B_SPLINE_CURVE_WITH_KNOTS('',1,(#4494,#4495),.UNSPECIFIED.,.F.,
  .F.,(2,2),(4.712388980385,6.28318530718),.PIECEWISE_BEZIER_KNOTS.);
#4494 = CARTESIAN_POINT('',(0.,-1.570796326795));
#4495 = CARTESIAN_POINT('',(0.,0.));
#4496 = ( GEOMETRIC_REPRESENTATION_CONTEXT(2) 
PARAMETRIC_REPRESENTATION_CONTEXT() REPRESENTATION_CONTEXT('2D SPACE',''
  ) );
#4497 = PCURVE('',#1210,#4498);
#4498 = DEFINITIONAL_REPRESENTATION('',(#4499),#4502);
#4499 = B_SPLINE_CURVE_WITH_KNOTS('',1,(#4500,#4501),.UNSPECIFIED.,.F.,
  .F.,(2,2),(4.712388980385,6.28318530718),.PIECEWISE_BEZIER_KNOTS.);
#4500 = CARTESIAN_POINT('',(-1.570796326795,15.));
#4501 = CARTESIAN_POINT('',(0.,15.));
#4502 = ( GEOMETRIC_REPRESENTATION_CONTEXT(2) 
PARAMETRIC_REPRESENTATION_CONTEXT() REPRESENTATION_CONTEXT('2D SPACE',''
  ) );
#4503 = ORIENTED_EDGE('',*,*,#1221,.F.);
#4504 = ORIENTED_EDGE('',*,*,#4434,.T.);
#4505 = ORIENTED_EDGE('',*,*,#4506,.F.);
#4506 = EDGE_CURVE('',#4483,#4435,#4507,.T.);
#4507 = SURFACE_CURVE('',#4508,(#4513,#4520),.PCURVE_S1.);
#4508 = CIRCLE('',#4509,3.);
#4509 = AXIS2_PLACEMENT_3D('',#4510,#4511,#4512);
#4510 = CARTESIAN_POINT('',(-3.803847577293,-18.58843013959,-3.));
#4511 = DIRECTION('',(0.,-0.,-1.));
#4512 = DIRECTION('',(0.5,0.866025403784,-0.));
#4513 = PCURVE('',#1238,#4514);
#4514 = DEFINITIONAL_REPRESENTATION('',(#4515),#4519);
#4515 = LINE('',#4516,#4517);
#4516 = CARTESIAN_POINT('',(-0.,0.));
#4517 = VECTOR('',#4518,1.);
#4518 = DIRECTION('',(-1.,0.));
#4519 = ( GEOMETRIC_REPRESENTATION_CONTEXT(2) 
PARAMETRIC_REPRESENTATION_CONTEXT() REPRESENTATION_CONTEXT('2D SPACE',''
  ) );
#4520 = PCURVE('',#4521,#4526);
#4521 = CYLINDRICAL_SURFACE('',#4522,3.);
#4522 = AXIS2_PLACEMENT_3D('',#4523,#4524,#4525);
#4523 = CARTESIAN_POINT('',(-3.803847577293,-18.58843013959,-6.));
#4524 = DIRECTION('',(0.,0.,1.));
#4525 = DIRECTION('',(0.5,0.866025403784,-0.));
#4526 = DEFINITIONAL_REPRESENTATION('',(#4527),#4531);
#4527 = LINE('',#4528,#4529);
#4528 = CARTESIAN_POINT('',(-0.,3.));
#4529 = VECTOR('',#4530,1.);
#4530 = DIRECTION('',(-1.,0.));
#4531 = ( GEOMETRIC_REPRESENTATION_CONTEXT(2) 
PARAMETRIC_REPRESENTATION_CONTEXT() REPRESENTATION_CONTEXT('2D SPACE',''
  ) );
#4532 = ADVANCED_FACE('',(#4533),#1210,.T.);
#4533 = FACE_BOUND('',#4534,.F.);
#4534 = EDGE_LOOP('',(#4535,#4536,#4537,#4538));
#4535 = ORIENTED_EDGE('',*,*,#4332,.F.);
#4536 = ORIENTED_EDGE('',*,*,#1195,.T.);
#4537 = ORIENTED_EDGE('',*,*,#4482,.T.);
#4538 = ORIENTED_EDGE('',*,*,#4539,.F.);
#4539 = EDGE_CURVE('',#4333,#4483,#4540,.T.);
#4540 = SURFACE_CURVE('',#4541,(#4545,#4552),.PCURVE_S1.);
#4541 = LINE('',#4542,#4543);
#4542 = CARTESIAN_POINT('',(-15.29422863406,-8.490353928239,-3.));
#4543 = VECTOR('',#4544,1.);
#4544 = DIRECTION('',(0.866025403784,-0.5,0.));
#4545 = PCURVE('',#1210,#4546);
#4546 = DEFINITIONAL_REPRESENTATION('',(#4547),#4551);
#4547 = LINE('',#4548,#4549);
#4548 = CARTESIAN_POINT('',(-0.,0.));
#4549 = VECTOR('',#4550,1.);
#4550 = DIRECTION('',(-0.,1.));
#4551 = ( GEOMETRIC_REPRESENTATION_CONTEXT(2) 
PARAMETRIC_REPRESENTATION_CONTEXT() REPRESENTATION_CONTEXT('2D SPACE',''
  ) );
#4552 = PCURVE('',#4553,#4558);
#4553 = PLANE('',#4554);
#4554 = AXIS2_PLACEMENT_3D('',#4555,#4556,#4557);
#4555 = CARTESIAN_POINT('',(-15.29422863406,-8.490353928239,-6.));
#4556 = DIRECTION('',(-0.5,-0.866025403784,0.));
#4557 = DIRECTION('',(0.,0.,1.));
#4558 = DEFINITIONAL_REPRESENTATION('',(#4559),#4563);
#4559 = LINE('',#4560,#4561);
#4560 = CARTESIAN_POINT('',(3.,-1.7763568394E-15));
#4561 = VECTOR('',#4562,1.);
#4562 = DIRECTION('',(0.,-1.));
#4563 = ( GEOMETRIC_REPRESENTATION_CONTEXT(2) 
PARAMETRIC_REPRESENTATION_CONTEXT() REPRESENTATION_CONTEXT('2D SPACE',''
  ) );
#4564 = ADVANCED_FACE('',(#4565),#1417,.F.);
#4565 = FACE_BOUND('',#4566,.F.);
#4566 = EDGE_LOOP('',(#4567,#4590,#4611,#4612));
#4567 = ORIENTED_EDGE('',*,*,#4568,.T.);
#4568 = EDGE_CURVE('',#4356,#4569,#4571,.T.);
#4569 = VERTEX_POINT('',#4570);
#4570 = CARTESIAN_POINT('',(-16.79422863406,-11.08843013959,3.));
#4571 = SURFACE_CURVE('',#4572,(#4576,#4583),.PCURVE_S1.);
#4572 = LINE('',#4573,#4574);
#4573 = CARTESIAN_POINT('',(-16.79422863406,-11.08843013959,-6.));
#4574 = VECTOR('',#4575,1.);
#4575 = DIRECTION('',(0.,0.,1.));
#4576 = PCURVE('',#1417,#4577);
#4577 = DEFINITIONAL_REPRESENTATION('',(#4578),#4582);
#4578 = LINE('',#4579,#4580);
#4579 = CARTESIAN_POINT('',(0.,3.));
#4580 = VECTOR('',#4581,1.);
#4581 = DIRECTION('',(1.,0.));
#4582 = ( GEOMETRIC_REPRESENTATION_CONTEXT(2) 
PARAMETRIC_REPRESENTATION_CONTEXT() REPRESENTATION_CONTEXT('2D SPACE',''
  ) );
#4583 = PCURVE('',#4392,#4584);
#4584 = DEFINITIONAL_REPRESENTATION('',(#4585),#4589);
#4585 = LINE('',#4586,#4587);
#4586 = CARTESIAN_POINT('',(1.570796326795,0.));
#4587 = VECTOR('',#4588,1.);
#4588 = DIRECTION('',(0.,1.));
#4589 = ( GEOMETRIC_REPRESENTATION_CONTEXT(2) 
PARAMETRIC_REPRESENTATION_CONTEXT() REPRESENTATION_CONTEXT('2D SPACE',''
  ) );
#4590 = ORIENTED_EDGE('',*,*,#4591,.T.);
#4591 = EDGE_CURVE('',#4569,#1402,#4592,.T.);
#4592 = SURFACE_CURVE('',#4593,(#4597,#4604),.PCURVE_S1.);
#4593 = LINE('',#4594,#4595);
#4594 = CARTESIAN_POINT('',(-15.29422863406,-8.490353928239,3.));
#4595 = VECTOR('',#4596,1.);
#4596 = DIRECTION('',(-0.5,-0.866025403784,0.));
#4597 = PCURVE('',#1417,#4598);
#4598 = DEFINITIONAL_REPRESENTATION('',(#4599),#4603);
#4599 = LINE('',#4600,#4601);
#4600 = CARTESIAN_POINT('',(9.,0.));
#4601 = VECTOR('',#4602,1.);
#4602 = DIRECTION('',(0.,1.));
#4603 = ( GEOMETRIC_REPRESENTATION_CONTEXT(2) 
PARAMETRIC_REPRESENTATION_CONTEXT() REPRESENTATION_CONTEXT('2D SPACE',''
  ) );
#4604 = PCURVE('',#1497,#4605);
#4605 = DEFINITIONAL_REPRESENTATION('',(#4606),#4610);
#4606 = LINE('',#4607,#4608);
#4607 = CARTESIAN_POINT('',(-0.,0.));
#4608 = VECTOR('',#4609,1.);
#4609 = DIRECTION('',(-0.,1.));
#4610 = ( GEOMETRIC_REPRESENTATION_CONTEXT(2) 
PARAMETRIC_REPRESENTATION_CONTEXT() REPRESENTATION_CONTEXT('2D SPACE',''
  ) );
#4611 = ORIENTED_EDGE('',*,*,#1401,.F.);
#4612 = ORIENTED_EDGE('',*,*,#4410,.F.);
#4613 = ADVANCED_FACE('',(#4614),#1497,.T.);
#4614 = FACE_BOUND('',#4615,.F.);
#4615 = EDGE_LOOP('',(#4616,#4636,#4637,#4638));
#4616 = ORIENTED_EDGE('',*,*,#4617,.F.);
#4617 = EDGE_CURVE('',#2231,#4569,#4618,.T.);
#4618 = SURFACE_CURVE('',#4619,(#4624,#4630),.PCURVE_S1.);
#4619 = CIRCLE('',#4620,3.);
#4620 = AXIS2_PLACEMENT_3D('',#4621,#4622,#4623);
#4621 = CARTESIAN_POINT('',(-14.1961524227,-12.58843013959,3.));
#4622 = DIRECTION('',(-0.5,-0.866025403784,0.));
#4623 = DIRECTION('',(-0.866025403784,0.5,0.));
#4624 = PCURVE('',#1497,#4625);
#4625 = DEFINITIONAL_REPRESENTATION('',(#4626),#4629);
#4626 = B_SPLINE_CURVE_WITH_KNOTS('',1,(#4627,#4628),.UNSPECIFIED.,.F.,
  .F.,(2,2),(4.712388980385,6.28318530718),.PIECEWISE_BEZIER_KNOTS.);
#4627 = CARTESIAN_POINT('',(-1.570796326795,3.));
#4628 = CARTESIAN_POINT('',(0.,3.));
#4629 = ( GEOMETRIC_REPRESENTATION_CONTEXT(2) 
PARAMETRIC_REPRESENTATION_CONTEXT() REPRESENTATION_CONTEXT('2D SPACE',''
  ) );
#4630 = PCURVE('',#2272,#4631);
#4631 = DEFINITIONAL_REPRESENTATION('',(#4632),#4635);
#4632 = B_SPLINE_CURVE_WITH_KNOTS('',1,(#4633,#4634),.UNSPECIFIED.,.F.,
  .F.,(2,2),(4.712388980385,6.28318530718),.PIECEWISE_BEZIER_KNOTS.);
#4633 = CARTESIAN_POINT('',(-1.570796326795,-1.570796326795));
#4634 = CARTESIAN_POINT('',(-1.570796326795,0.));
#4635 = ( GEOMETRIC_REPRESENTATION_CONTEXT(2) 
PARAMETRIC_REPRESENTATION_CONTEXT() REPRESENTATION_CONTEXT('2D SPACE',''
  ) );
#4636 = ORIENTED_EDGE('',*,*,#2230,.T.);
#4637 = ORIENTED_EDGE('',*,*,#1483,.T.);
#4638 = ORIENTED_EDGE('',*,*,#4591,.F.);
#4639 = ADVANCED_FACE('',(#4640),#1531,.T.);
#4640 = FACE_BOUND('',#4641,.T.);
#4641 = EDGE_LOOP('',(#4642,#4643,#4664,#4697));
#4642 = ORIENTED_EDGE('',*,*,#1512,.T.);
#4643 = ORIENTED_EDGE('',*,*,#4644,.T.);
#4644 = EDGE_CURVE('',#1515,#4645,#4647,.T.);
#4645 = VERTEX_POINT('',#4646);
#4646 = CARTESIAN_POINT('',(-1.801917788498,-14.89137644019,6.));
#4647 = SURFACE_CURVE('',#4648,(#4652,#4658),.PCURVE_S1.);
#4648 = LINE('',#4649,#4650);
#4649 = CARTESIAN_POINT('',(-1.801917788498,-14.89137644019,-6.));
#4650 = VECTOR('',#4651,1.);
#4651 = DIRECTION('',(0.,0.,1.));
#4652 = PCURVE('',#1531,#4653);
#4653 = DEFINITIONAL_REPRESENTATION('',(#4654),#4657);
#4654 = B_SPLINE_CURVE_WITH_KNOTS('',1,(#4655,#4656),.UNSPECIFIED.,.F.,
  .F.,(2,2),(11.5,12.),.PIECEWISE_BEZIER_KNOTS.);
#4655 = CARTESIAN_POINT('',(8.990937633582,11.5));
#4656 = CARTESIAN_POINT('',(8.990937633582,12.));
#4657 = ( GEOMETRIC_REPRESENTATION_CONTEXT(2) 
PARAMETRIC_REPRESENTATION_CONTEXT() REPRESENTATION_CONTEXT('2D SPACE',''
  ) );
#4658 = PCURVE('',#1560,#4659);
#4659 = DEFINITIONAL_REPRESENTATION('',(#4660),#4663);
#4660 = B_SPLINE_CURVE_WITH_KNOTS('',1,(#4661,#4662),.UNSPECIFIED.,.F.,
  .F.,(2,2),(11.4999994,12.0000006),.PIECEWISE_BEZIER_KNOTS.);
#4661 = CARTESIAN_POINT('',(4.59197031382,11.4999994));
#4662 = CARTESIAN_POINT('',(4.59197031382,12.0000006));
#4663 = ( GEOMETRIC_REPRESENTATION_CONTEXT(2) 
PARAMETRIC_REPRESENTATION_CONTEXT() REPRESENTATION_CONTEXT('2D SPACE',''
  ) );
#4664 = ORIENTED_EDGE('',*,*,#4665,.T.);
#4665 = EDGE_CURVE('',#4645,#4666,#4668,.T.);
#4666 = VERTEX_POINT('',#4667);
#4667 = CARTESIAN_POINT('',(-11.99524033557,-9.00634272565,6.));
#4668 = SURFACE_CURVE('',#4669,(#4674,#4681),.PCURVE_S1.);
#4669 = CIRCLE('',#4670,14.);
#4670 = AXIS2_PLACEMENT_3D('',#4671,#4672,#4673);
#4671 = CARTESIAN_POINT('',(-13.25,-22.95,6.));
#4672 = DIRECTION('',(0.,0.,-1.));
#4673 = DIRECTION('',(0.817720157964,0.575615968558,0.));
#4674 = PCURVE('',#1531,#4675);
#4675 = DEFINITIONAL_REPRESENTATION('',(#4676),#4680);
#4676 = LINE('',#4677,#4678);
#4677 = CARTESIAN_POINT('',(8.990937633582,12.));
#4678 = VECTOR('',#4679,1.);
#4679 = DIRECTION('',(-1.,-0.));
#4680 = ( GEOMETRIC_REPRESENTATION_CONTEXT(2) 
PARAMETRIC_REPRESENTATION_CONTEXT() REPRESENTATION_CONTEXT('2D SPACE',''
  ) );
#4681 = PCURVE('',#4682,#4687);
#4682 = PLANE('',#4683);
#4683 = AXIS2_PLACEMENT_3D('',#4684,#4685,#4686);
#4684 = CARTESIAN_POINT('',(-13.25,-22.95,6.));
#4685 = DIRECTION('',(0.,0.,1.));
#4686 = DIRECTION('',(-0.5,-0.866025403784,0.));
#4687 = DEFINITIONAL_REPRESENTATION('',(#4688),#4696);
#4688 = ( BOUNDED_CURVE() B_SPLINE_CURVE(2,(#4689,#4690,#4691,#4692,
#4693,#4694,#4695),.UNSPECIFIED.,.T.,.F.) B_SPLINE_CURVE_WITH_KNOTS((1,2
    ,2,2,2,1),(-2.094395102393,0.,2.094395102393,4.188790204786,
6.28318530718,8.377580409573),.UNSPECIFIED.) CURVE() 
GEOMETRIC_REPRESENTATION_ITEM() RATIONAL_B_SPLINE_CURVE((1.,0.5,1.,0.5,
1.,0.5,1.)) REPRESENTATION_ITEM('') );
#4689 = CARTESIAN_POINT('',(-12.70301382808,5.885018239869));
#4690 = CARTESIAN_POINT('',(-2.509863233157,27.887283599355));
#4691 = CARTESIAN_POINT('',(11.448082211502,8.058623559808));
#4692 = CARTESIAN_POINT('',(25.406027656161,-11.77003647973));
#4693 = CARTESIAN_POINT('',(1.254931616579,-13.94364179967));
#4694 = CARTESIAN_POINT('',(-22.896164423,-16.11724711961));
#4695 = CARTESIAN_POINT('',(-12.70301382808,5.885018239869));
#4696 = ( GEOMETRIC_REPRESENTATION_CONTEXT(2) 
PARAMETRIC_REPRESENTATION_CONTEXT() REPRESENTATION_CONTEXT('2D SPACE',''
  ) );
#4697 = ORIENTED_EDGE('',*,*,#4698,.F.);
#4698 = EDGE_CURVE('',#1513,#4666,#4699,.T.);
#4699 = SURFACE_CURVE('',#4700,(#4704,#4710),.PCURVE_S1.);
#4700 = LINE('',#4701,#4702);
#4701 = CARTESIAN_POINT('',(-11.99524033557,-9.00634272565,-6.));
#4702 = VECTOR('',#4703,1.);
#4703 = DIRECTION('',(0.,0.,1.));
#4704 = PCURVE('',#1531,#4705);
#4705 = DEFINITIONAL_REPRESENTATION('',(#4706),#4709);
#4706 = B_SPLINE_CURVE_WITH_KNOTS('',1,(#4707,#4708),.UNSPECIFIED.,.F.,
  .F.,(2,2),(11.5,12.),.PIECEWISE_BEZIER_KNOTS.);
#4707 = CARTESIAN_POINT('',(3.57544531271,11.5));
#4708 = CARTESIAN_POINT('',(3.57544531271,12.));
#4709 = ( GEOMETRIC_REPRESENTATION_CONTEXT(2) 
PARAMETRIC_REPRESENTATION_CONTEXT() REPRESENTATION_CONTEXT('2D SPACE',''
  ) );
#4710 = PCURVE('',#1682,#4711);
#4711 = DEFINITIONAL_REPRESENTATION('',(#4712),#4715);
#4712 = B_SPLINE_CURVE_WITH_KNOTS('',1,(#4713,#4714),.UNSPECIFIED.,.F.,
  .F.,(2,2),(11.4999994,12.0000006),.PIECEWISE_BEZIER_KNOTS.);
#4713 = CARTESIAN_POINT('',(3.785622427686,11.4999994));
#4714 = CARTESIAN_POINT('',(3.785622427686,12.0000006));
#4715 = ( GEOMETRIC_REPRESENTATION_CONTEXT(2) 
PARAMETRIC_REPRESENTATION_CONTEXT() REPRESENTATION_CONTEXT('2D SPACE',''
  ) );
#4716 = ADVANCED_FACE('',(#4717),#1682,.T.);
#4717 = FACE_BOUND('',#4718,.T.);
#4718 = EDGE_LOOP('',(#4719,#4740,#4741,#4742));
#4719 = ORIENTED_EDGE('',*,*,#4720,.F.);
#4720 = EDGE_CURVE('',#1635,#4721,#4723,.T.);
#4721 = VERTEX_POINT('',#4722);
#4722 = CARTESIAN_POINT('',(-11.99524033557,9.00634272565,6.));
#4723 = SURFACE_CURVE('',#4724,(#4728,#4734),.PCURVE_S1.);
#4724 = LINE('',#4725,#4726);
#4725 = CARTESIAN_POINT('',(-11.99524033557,9.00634272565,-6.));
#4726 = VECTOR('',#4727,1.);
#4727 = DIRECTION('',(0.,0.,1.));
#4728 = PCURVE('',#1682,#4729);
#4729 = DEFINITIONAL_REPRESENTATION('',(#4730),#4733);
#4730 = B_SPLINE_CURVE_WITH_KNOTS('',1,(#4731,#4732),.UNSPECIFIED.,.F.,
  .F.,(2,2),(11.4999994,12.0000006),.PIECEWISE_BEZIER_KNOTS.);
#4731 = CARTESIAN_POINT('',(2.497562879493,11.4999994));
#4732 = CARTESIAN_POINT('',(2.497562879493,12.0000006));
#4733 = ( GEOMETRIC_REPRESENTATION_CONTEXT(2) 
PARAMETRIC_REPRESENTATION_CONTEXT() REPRESENTATION_CONTEXT('2D SPACE',''
  ) );
#4734 = PCURVE('',#1655,#4735);
#4735 = DEFINITIONAL_REPRESENTATION('',(#4736),#4739);
#4736 = B_SPLINE_CURVE_WITH_KNOTS('',1,(#4737,#4738),.UNSPECIFIED.,.F.,
  .F.,(2,2),(11.5,12.),.PIECEWISE_BEZIER_KNOTS.);
#4737 = CARTESIAN_POINT('',(8.990925301649,11.5));
#4738 = CARTESIAN_POINT('',(8.990925301649,12.));
#4739 = ( GEOMETRIC_REPRESENTATION_CONTEXT(2) 
PARAMETRIC_REPRESENTATION_CONTEXT() REPRESENTATION_CONTEXT('2D SPACE',''
  ) );
#4740 = ORIENTED_EDGE('',*,*,#1667,.T.);
#4741 = ORIENTED_EDGE('',*,*,#4698,.T.);
#4742 = ORIENTED_EDGE('',*,*,#4743,.F.);
#4743 = EDGE_CURVE('',#4721,#4666,#4744,.T.);
#4744 = SURFACE_CURVE('',#4745,(#4750,#4757),.PCURVE_S1.);
#4745 = CIRCLE('',#4746,15.);
#4746 = AXIS2_PLACEMENT_3D('',#4747,#4748,#4749);
#4747 = CARTESIAN_POINT('',(0.,0.,6.));
#4748 = DIRECTION('',(0.,0.,1.));
#4749 = DIRECTION('',(1.,0.,0.));
#4750 = PCURVE('',#1682,#4751);
#4751 = DEFINITIONAL_REPRESENTATION('',(#4752),#4756);
#4752 = LINE('',#4753,#4754);
#4753 = CARTESIAN_POINT('',(0.,12.));
#4754 = VECTOR('',#4755,1.);
#4755 = DIRECTION('',(1.,0.));
#4756 = ( GEOMETRIC_REPRESENTATION_CONTEXT(2) 
PARAMETRIC_REPRESENTATION_CONTEXT() REPRESENTATION_CONTEXT('2D SPACE',''
  ) );
#4757 = PCURVE('',#4682,#4758);
#4758 = DEFINITIONAL_REPRESENTATION('',(#4759),#4763);
#4759 = CIRCLE('',#4760,15.);
#4760 = AXIS2_PLACEMENT_2D('',#4761,#4762);
#4761 = CARTESIAN_POINT('',(-26.50028301685,-1.633998562003E-04));
#4762 = DIRECTION('',(-0.5,0.866025403784));
#4763 = ( GEOMETRIC_REPRESENTATION_CONTEXT(2) 
PARAMETRIC_REPRESENTATION_CONTEXT() REPRESENTATION_CONTEXT('2D SPACE',''
  ) );
#4764 = ADVANCED_FACE('',(#4765),#1560,.T.);
#4765 = FACE_BOUND('',#4766,.T.);
#4766 = EDGE_LOOP('',(#4767,#4768,#4789,#4811));
#4767 = ORIENTED_EDGE('',*,*,#1543,.T.);
#4768 = ORIENTED_EDGE('',*,*,#4769,.T.);
#4769 = EDGE_CURVE('',#1544,#4770,#4772,.T.);
#4770 = VERTEX_POINT('',#4771);
#4771 = CARTESIAN_POINT('',(13.797169811321,-5.885414615605,6.));
#4772 = SURFACE_CURVE('',#4773,(#4777,#4783),.PCURVE_S1.);
#4773 = LINE('',#4774,#4775);
#4774 = CARTESIAN_POINT('',(13.797169811321,-5.885414615605,-6.));
#4775 = VECTOR('',#4776,1.);
#4776 = DIRECTION('',(0.,0.,1.));
#4777 = PCURVE('',#1560,#4778);
#4778 = DEFINITIONAL_REPRESENTATION('',(#4779),#4782);
#4779 = B_SPLINE_CURVE_WITH_KNOTS('',1,(#4780,#4781),.UNSPECIFIED.,.F.,
  .F.,(2,2),(11.4999994,12.0000006),.PIECEWISE_BEZIER_KNOTS.);
#4780 = CARTESIAN_POINT('',(5.879988312434,11.4999994));
#4781 = CARTESIAN_POINT('',(5.879988312434,12.0000006));
#4782 = ( GEOMETRIC_REPRESENTATION_CONTEXT(2) 
PARAMETRIC_REPRESENTATION_CONTEXT() REPRESENTATION_CONTEXT('2D SPACE',''
  ) );
#4783 = PCURVE('',#1593,#4784);
#4784 = DEFINITIONAL_REPRESENTATION('',(#4785),#4788);
#4785 = B_SPLINE_CURVE_WITH_KNOTS('',1,(#4786,#4787),.UNSPECIFIED.,.F.,
  .F.,(2,2),(11.5,12.),.PIECEWISE_BEZIER_KNOTS.);
#4786 = CARTESIAN_POINT('',(3.575464184286,11.5));
#4787 = CARTESIAN_POINT('',(3.575464184286,12.));
#4788 = ( GEOMETRIC_REPRESENTATION_CONTEXT(2) 
PARAMETRIC_REPRESENTATION_CONTEXT() REPRESENTATION_CONTEXT('2D SPACE',''
  ) );
#4789 = ORIENTED_EDGE('',*,*,#4790,.F.);
#4790 = EDGE_CURVE('',#4645,#4770,#4791,.T.);
#4791 = SURFACE_CURVE('',#4792,(#4797,#4804),.PCURVE_S1.);
#4792 = CIRCLE('',#4793,15.);
#4793 = AXIS2_PLACEMENT_3D('',#4794,#4795,#4796);
#4794 = CARTESIAN_POINT('',(0.,0.,6.));
#4795 = DIRECTION('',(0.,0.,1.));
#4796 = DIRECTION('',(1.,0.,0.));
#4797 = PCURVE('',#1560,#4798);
#4798 = DEFINITIONAL_REPRESENTATION('',(#4799),#4803);
#4799 = LINE('',#4800,#4801);
#4800 = CARTESIAN_POINT('',(0.,12.));
#4801 = VECTOR('',#4802,1.);
#4802 = DIRECTION('',(1.,0.));
#4803 = ( GEOMETRIC_REPRESENTATION_CONTEXT(2) 
PARAMETRIC_REPRESENTATION_CONTEXT() REPRESENTATION_CONTEXT('2D SPACE',''
  ) );
#4804 = PCURVE('',#4682,#4805);
#4805 = DEFINITIONAL_REPRESENTATION('',(#4806),#4810);
#4806 = CIRCLE('',#4807,15.);
#4807 = AXIS2_PLACEMENT_2D('',#4808,#4809);
#4808 = CARTESIAN_POINT('',(-26.50028301685,-1.633998562003E-04));
#4809 = DIRECTION('',(-0.5,0.866025403784));
#4810 = ( GEOMETRIC_REPRESENTATION_CONTEXT(2) 
PARAMETRIC_REPRESENTATION_CONTEXT() REPRESENTATION_CONTEXT('2D SPACE',''
  ) );
#4811 = ORIENTED_EDGE('',*,*,#4644,.F.);
#4812 = ADVANCED_FACE('',(#4813),#1655,.T.);
#4813 = FACE_BOUND('',#4814,.T.);
#4814 = EDGE_LOOP('',(#4815,#4839,#4858,#4859));
#4815 = ORIENTED_EDGE('',*,*,#4816,.F.);
#4816 = EDGE_CURVE('',#4817,#4721,#4819,.T.);
#4817 = VERTEX_POINT('',#4818);
#4818 = CARTESIAN_POINT('',(-1.801917788498,14.891376440192,6.));
#4819 = SURFACE_CURVE('',#4820,(#4825,#4832),.PCURVE_S1.);
#4820 = CIRCLE('',#4821,14.);
#4821 = AXIS2_PLACEMENT_3D('',#4822,#4823,#4824);
#4822 = CARTESIAN_POINT('',(-13.25,22.95,6.));
#4823 = DIRECTION('',(-0.,0.,1.));
#4824 = DIRECTION('',(0.817720157964,-0.575615968558,0.));
#4825 = PCURVE('',#1655,#4826);
#4826 = DEFINITIONAL_REPRESENTATION('',(#4827),#4831);
#4827 = LINE('',#4828,#4829);
#4828 = CARTESIAN_POINT('',(3.575432980777,12.));
#4829 = VECTOR('',#4830,1.);
#4830 = DIRECTION('',(1.,0.));
#4831 = ( GEOMETRIC_REPRESENTATION_CONTEXT(2) 
PARAMETRIC_REPRESENTATION_CONTEXT() REPRESENTATION_CONTEXT('2D SPACE',''
  ) );
#4832 = PCURVE('',#4682,#4833);
#4833 = DEFINITIONAL_REPRESENTATION('',(#4834),#4838);
#4834 = CIRCLE('',#4835,14.);
#4835 = AXIS2_PLACEMENT_2D('',#4836,#4837);
#4836 = CARTESIAN_POINT('',(-39.7505660337,-22.95));
#4837 = DIRECTION('',(8.963797261276E-02,0.995974414263));
#4838 = ( GEOMETRIC_REPRESENTATION_CONTEXT(2) 
PARAMETRIC_REPRESENTATION_CONTEXT() REPRESENTATION_CONTEXT('2D SPACE',''
  ) );
#4839 = ORIENTED_EDGE('',*,*,#4840,.F.);
#4840 = EDGE_CURVE('',#1606,#4817,#4841,.T.);
#4841 = SURFACE_CURVE('',#4842,(#4846,#4852),.PCURVE_S1.);
#4842 = LINE('',#4843,#4844);
#4843 = CARTESIAN_POINT('',(-1.801917788498,14.891376440192,-6.));
#4844 = VECTOR('',#4845,1.);
#4845 = DIRECTION('',(0.,0.,1.));
#4846 = PCURVE('',#1655,#4847);
#4847 = DEFINITIONAL_REPRESENTATION('',(#4848),#4851);
#4848 = B_SPLINE_CURVE_WITH_KNOTS('',1,(#4849,#4850),.UNSPECIFIED.,.F.,
  .F.,(2,2),(11.5,12.),.PIECEWISE_BEZIER_KNOTS.);
#4849 = CARTESIAN_POINT('',(3.575432980777,11.5));
#4850 = CARTESIAN_POINT('',(3.575432980777,12.));
#4851 = ( GEOMETRIC_REPRESENTATION_CONTEXT(2) 
PARAMETRIC_REPRESENTATION_CONTEXT() REPRESENTATION_CONTEXT('2D SPACE',''
  ) );
#4852 = PCURVE('',#1622,#4853);
#4853 = DEFINITIONAL_REPRESENTATION('',(#4854),#4857);
#4854 = B_SPLINE_CURVE_WITH_KNOTS('',1,(#4855,#4856),.UNSPECIFIED.,.F.,
  .F.,(2,2),(11.4999994,12.0000006),.PIECEWISE_BEZIER_KNOTS.);
#4855 = CARTESIAN_POINT('',(1.69121499336,11.4999994));
#4856 = CARTESIAN_POINT('',(1.69121499336,12.0000006));
#4857 = ( GEOMETRIC_REPRESENTATION_CONTEXT(2) 
PARAMETRIC_REPRESENTATION_CONTEXT() REPRESENTATION_CONTEXT('2D SPACE',''
  ) );
#4858 = ORIENTED_EDGE('',*,*,#1634,.F.);
#4859 = ORIENTED_EDGE('',*,*,#4720,.T.);
#4860 = ADVANCED_FACE('',(#4861),#1593,.T.);
#4861 = FACE_BOUND('',#4862,.T.);
#4862 = EDGE_LOOP('',(#4863,#4864,#4885,#4907));
#4863 = ORIENTED_EDGE('',*,*,#1572,.F.);
#4864 = ORIENTED_EDGE('',*,*,#4865,.T.);
#4865 = EDGE_CURVE('',#1573,#4866,#4868,.T.);
#4866 = VERTEX_POINT('',#4867);
#4867 = CARTESIAN_POINT('',(13.797169811321,5.885414615605,6.));
#4868 = SURFACE_CURVE('',#4869,(#4873,#4879),.PCURVE_S1.);
#4869 = LINE('',#4870,#4871);
#4870 = CARTESIAN_POINT('',(13.797169811321,5.885414615605,-6.));
#4871 = VECTOR('',#4872,1.);
#4872 = DIRECTION('',(0.,0.,1.));
#4873 = PCURVE('',#1593,#4874);
#4874 = DEFINITIONAL_REPRESENTATION('',(#4875),#4878);
#4875 = B_SPLINE_CURVE_WITH_KNOTS('',1,(#4876,#4877),.UNSPECIFIED.,.F.,
  .F.,(2,2),(11.5,12.),.PIECEWISE_BEZIER_KNOTS.);
#4876 = CARTESIAN_POINT('',(8.990906430073,11.5));
#4877 = CARTESIAN_POINT('',(8.990906430073,12.));
#4878 = ( GEOMETRIC_REPRESENTATION_CONTEXT(2) 
PARAMETRIC_REPRESENTATION_CONTEXT() REPRESENTATION_CONTEXT('2D SPACE',''
  ) );
#4879 = PCURVE('',#1622,#4880);
#4880 = DEFINITIONAL_REPRESENTATION('',(#4881),#4884);
#4881 = B_SPLINE_CURVE_WITH_KNOTS('',1,(#4882,#4883),.UNSPECIFIED.,.F.,
  .F.,(2,2),(11.4999994,12.0000006),.PIECEWISE_BEZIER_KNOTS.);
#4882 = CARTESIAN_POINT('',(0.403196994745,11.4999994));
#4883 = CARTESIAN_POINT('',(0.403196994745,12.0000006));
#4884 = ( GEOMETRIC_REPRESENTATION_CONTEXT(2) 
PARAMETRIC_REPRESENTATION_CONTEXT() REPRESENTATION_CONTEXT('2D SPACE',''
  ) );
#4885 = ORIENTED_EDGE('',*,*,#4886,.F.);
#4886 = EDGE_CURVE('',#4770,#4866,#4887,.T.);
#4887 = SURFACE_CURVE('',#4888,(#4893,#4900),.PCURVE_S1.);
#4888 = CIRCLE('',#4889,14.);
#4889 = AXIS2_PLACEMENT_3D('',#4890,#4891,#4892);
#4890 = CARTESIAN_POINT('',(26.5,0.,6.));
#4891 = DIRECTION('',(0.,0.,1.));
#4892 = DIRECTION('',(-0.907345013477,-0.420386758258,0.));
#4893 = PCURVE('',#1593,#4894);
#4894 = DEFINITIONAL_REPRESENTATION('',(#4895),#4899);
#4895 = LINE('',#4896,#4897);
#4896 = CARTESIAN_POINT('',(3.575464184286,12.));
#4897 = VECTOR('',#4898,1.);
#4898 = DIRECTION('',(1.,0.));
#4899 = ( GEOMETRIC_REPRESENTATION_CONTEXT(2) 
PARAMETRIC_REPRESENTATION_CONTEXT() REPRESENTATION_CONTEXT('2D SPACE',''
  ) );
#4900 = PCURVE('',#4682,#4901);
#4901 = DEFINITIONAL_REPRESENTATION('',(#4902),#4906);
#4902 = CIRCLE('',#4903,14.);
#4903 = AXIS2_PLACEMENT_2D('',#4904,#4905);
#4904 = CARTESIAN_POINT('',(-39.75028301685,22.949509800431));
#4905 = DIRECTION('',(0.817738118804,-0.57559045254));
#4906 = ( GEOMETRIC_REPRESENTATION_CONTEXT(2) 
PARAMETRIC_REPRESENTATION_CONTEXT() REPRESENTATION_CONTEXT('2D SPACE',''
  ) );
#4907 = ORIENTED_EDGE('',*,*,#4769,.F.);
#4908 = ADVANCED_FACE('',(#4909),#1622,.T.);
#4909 = FACE_BOUND('',#4910,.T.);
#4910 = EDGE_LOOP('',(#4911,#4912,#4913,#4914));
#4911 = ORIENTED_EDGE('',*,*,#4865,.F.);
#4912 = ORIENTED_EDGE('',*,*,#1605,.T.);
#4913 = ORIENTED_EDGE('',*,*,#4840,.T.);
#4914 = ORIENTED_EDGE('',*,*,#4915,.F.);
#4915 = EDGE_CURVE('',#4866,#4817,#4916,.T.);
#4916 = SURFACE_CURVE('',#4917,(#4922,#4929),.PCURVE_S1.);
#4917 = CIRCLE('',#4918,15.);
#4918 = AXIS2_PLACEMENT_3D('',#4919,#4920,#4921);
#4919 = CARTESIAN_POINT('',(0.,0.,6.));
#4920 = DIRECTION('',(0.,0.,1.));
#4921 = DIRECTION('',(1.,0.,0.));
#4922 = PCURVE('',#1622,#4923);
#4923 = DEFINITIONAL_REPRESENTATION('',(#4924),#4928);
#4924 = LINE('',#4925,#4926);
#4925 = CARTESIAN_POINT('',(0.,12.));
#4926 = VECTOR('',#4927,1.);
#4927 = DIRECTION('',(1.,0.));
#4928 = ( GEOMETRIC_REPRESENTATION_CONTEXT(2) 
PARAMETRIC_REPRESENTATION_CONTEXT() REPRESENTATION_CONTEXT('2D SPACE',''
  ) );
#4929 = PCURVE('',#4682,#4930);
#4930 = DEFINITIONAL_REPRESENTATION('',(#4931),#4935);
#4931 = CIRCLE('',#4932,15.);
#4932 = AXIS2_PLACEMENT_2D('',#4933,#4934);
#4933 = CARTESIAN_POINT('',(-26.50028301685,-1.633998562003E-04));
#4934 = DIRECTION('',(-0.5,0.866025403784));
#4935 = ( GEOMETRIC_REPRESENTATION_CONTEXT(2) 
PARAMETRIC_REPRESENTATION_CONTEXT() REPRESENTATION_CONTEXT('2D SPACE',''
  ) );
#4936 = ADVANCED_FACE('',(#4937),#1713,.T.);
#4937 = FACE_BOUND('',#4938,.F.);
#4938 = EDGE_LOOP('',(#4939,#4961,#4962,#4984));
#4939 = ORIENTED_EDGE('',*,*,#4940,.F.);
#4940 = EDGE_CURVE('',#1697,#4941,#4943,.T.);
#4941 = VERTEX_POINT('',#4942);
#4942 = CARTESIAN_POINT('',(-1.20577136594,20.088430139593,3.));
#4943 = SURFACE_CURVE('',#4944,(#4949,#4955),.PCURVE_S1.);
#4944 = CIRCLE('',#4945,3.);
#4945 = AXIS2_PLACEMENT_3D('',#4946,#4947,#4948);
#4946 = CARTESIAN_POINT('',(-3.803847577293,18.588430139593,3.));
#4947 = DIRECTION('',(-0.5,0.866025403784,0.));
#4948 = DIRECTION('',(0.866025403784,0.5,-0.));
#4949 = PCURVE('',#1713,#4950);
#4950 = DEFINITIONAL_REPRESENTATION('',(#4951),#4954);
#4951 = B_SPLINE_CURVE_WITH_KNOTS('',1,(#4952,#4953),.UNSPECIFIED.,.F.,
  .F.,(2,2),(4.712388980385,6.28318530718),.PIECEWISE_BEZIER_KNOTS.);
#4952 = CARTESIAN_POINT('',(-1.570796326795,3.));
#4953 = CARTESIAN_POINT('',(0.,3.));
#4954 = ( GEOMETRIC_REPRESENTATION_CONTEXT(2) 
PARAMETRIC_REPRESENTATION_CONTEXT() REPRESENTATION_CONTEXT('2D SPACE',''
  ) );
#4955 = PCURVE('',#1745,#4956);
#4956 = DEFINITIONAL_REPRESENTATION('',(#4957),#4960);
#4957 = B_SPLINE_CURVE_WITH_KNOTS('',1,(#4958,#4959),.UNSPECIFIED.,.F.,
  .F.,(2,2),(4.712388980385,6.28318530718),.PIECEWISE_BEZIER_KNOTS.);
#4958 = CARTESIAN_POINT('',(-1.570796326795,-1.570796326795));
#4959 = CARTESIAN_POINT('',(-1.570796326795,0.));
#4960 = ( GEOMETRIC_REPRESENTATION_CONTEXT(2) 
PARAMETRIC_REPRESENTATION_CONTEXT() REPRESENTATION_CONTEXT('2D SPACE',''
  ) );
#4961 = ORIENTED_EDGE('',*,*,#1696,.T.);
#4962 = ORIENTED_EDGE('',*,*,#4963,.T.);
#4963 = EDGE_CURVE('',#1699,#4964,#4966,.T.);
#4964 = VERTEX_POINT('',#4965);
#4965 = CARTESIAN_POINT('',(-3.95577136594,24.851569860407,3.));
#4966 = SURFACE_CURVE('',#4967,(#4972,#4978),.PCURVE_S1.);
#4967 = CIRCLE('',#4968,3.);
#4968 = AXIS2_PLACEMENT_3D('',#4969,#4970,#4971);
#4969 = CARTESIAN_POINT('',(-6.553847577293,23.351569860407,3.));
#4970 = DIRECTION('',(-0.5,0.866025403784,0.));
#4971 = DIRECTION('',(0.866025403784,0.5,-0.));
#4972 = PCURVE('',#1713,#4973);
#4973 = DEFINITIONAL_REPRESENTATION('',(#4974),#4977);
#4974 = B_SPLINE_CURVE_WITH_KNOTS('',1,(#4975,#4976),.UNSPECIFIED.,.F.,
  .F.,(2,2),(4.712388980385,6.28318530718),.PIECEWISE_BEZIER_KNOTS.);
#4975 = CARTESIAN_POINT('',(-1.570796326795,8.5));
#4976 = CARTESIAN_POINT('',(0.,8.5));
#4977 = ( GEOMETRIC_REPRESENTATION_CONTEXT(2) 
PARAMETRIC_REPRESENTATION_CONTEXT() REPRESENTATION_CONTEXT('2D SPACE',''
  ) );
#4978 = PCURVE('',#1936,#4979);
#4979 = DEFINITIONAL_REPRESENTATION('',(#4980),#4983);
#4980 = B_SPLINE_CURVE_WITH_KNOTS('',1,(#4981,#4982),.UNSPECIFIED.,.F.,
  .F.,(2,2),(4.712388980385,6.28318530718),.PIECEWISE_BEZIER_KNOTS.);
#4981 = CARTESIAN_POINT('',(1.570796326795,-1.570796326795));
#4982 = CARTESIAN_POINT('',(1.570796326795,0.));
#4983 = ( GEOMETRIC_REPRESENTATION_CONTEXT(2) 
PARAMETRIC_REPRESENTATION_CONTEXT() REPRESENTATION_CONTEXT('2D SPACE',''
  ) );
#4984 = ORIENTED_EDGE('',*,*,#4985,.F.);
#4985 = EDGE_CURVE('',#4941,#4964,#4986,.T.);
#4986 = SURFACE_CURVE('',#4987,(#4991,#4998),.PCURVE_S1.);
#4987 = LINE('',#4988,#4989);
#4988 = CARTESIAN_POINT('',(0.29422863406,17.490353928239,3.));
#4989 = VECTOR('',#4990,1.);
#4990 = DIRECTION('',(-0.5,0.866025403784,0.));
#4991 = PCURVE('',#1713,#4992);
#4992 = DEFINITIONAL_REPRESENTATION('',(#4993),#4997);
#4993 = LINE('',#4994,#4995);
#4994 = CARTESIAN_POINT('',(-0.,0.));
#4995 = VECTOR('',#4996,1.);
#4996 = DIRECTION('',(-0.,1.));
#4997 = ( GEOMETRIC_REPRESENTATION_CONTEXT(2) 
PARAMETRIC_REPRESENTATION_CONTEXT() REPRESENTATION_CONTEXT('2D SPACE',''
  ) );
#4998 = PCURVE('',#2960,#4999);
#4999 = DEFINITIONAL_REPRESENTATION('',(#5000),#5004);
#5000 = LINE('',#5001,#5002);
#5001 = CARTESIAN_POINT('',(9.,-1.7763568394E-15));
#5002 = VECTOR('',#5003,1.);
#5003 = DIRECTION('',(0.,1.));
#5004 = ( GEOMETRIC_REPRESENTATION_CONTEXT(2) 
PARAMETRIC_REPRESENTATION_CONTEXT() REPRESENTATION_CONTEXT('2D SPACE',''
  ) );
#5005 = ADVANCED_FACE('',(#5006),#1936,.T.);
#5006 = FACE_BOUND('',#5007,.T.);
#5007 = EDGE_LOOP('',(#5008,#5009,#5010,#5011));
#5008 = ORIENTED_EDGE('',*,*,#3291,.T.);
#5009 = ORIENTED_EDGE('',*,*,#1917,.T.);
#5010 = ORIENTED_EDGE('',*,*,#4963,.T.);
#5011 = ORIENTED_EDGE('',*,*,#5012,.F.);
#5012 = EDGE_CURVE('',#3292,#4964,#5013,.T.);
#5013 = SURFACE_CURVE('',#5014,(#5019,#5026),.PCURVE_S1.);
#5014 = CIRCLE('',#5015,3.);
#5015 = AXIS2_PLACEMENT_3D('',#5016,#5017,#5018);
#5016 = CARTESIAN_POINT('',(-6.553847577293,23.351569860407,3.));
#5017 = DIRECTION('',(-0.,0.,-1.));
#5018 = DIRECTION('',(-0.5,0.866025403784,0.));
#5019 = PCURVE('',#1936,#5020);
#5020 = DEFINITIONAL_REPRESENTATION('',(#5021),#5025);
#5021 = LINE('',#5022,#5023);
#5022 = CARTESIAN_POINT('',(0.,0.));
#5023 = VECTOR('',#5024,1.);
#5024 = DIRECTION('',(1.,0.));
#5025 = ( GEOMETRIC_REPRESENTATION_CONTEXT(2) 
PARAMETRIC_REPRESENTATION_CONTEXT() REPRESENTATION_CONTEXT('2D SPACE',''
  ) );
#5026 = PCURVE('',#3066,#5027);
#5027 = DEFINITIONAL_REPRESENTATION('',(#5028),#5032);
#5028 = LINE('',#5029,#5030);
#5029 = CARTESIAN_POINT('',(-2.960594732334E-16,9.));
#5030 = VECTOR('',#5031,1.);
#5031 = DIRECTION('',(-1.,0.));
#5032 = ( GEOMETRIC_REPRESENTATION_CONTEXT(2) 
PARAMETRIC_REPRESENTATION_CONTEXT() REPRESENTATION_CONTEXT('2D SPACE',''
  ) );
#5033 = ADVANCED_FACE('',(#5034),#1868,.T.);
#5034 = FACE_BOUND('',#5035,.T.);
#5035 = EDGE_LOOP('',(#5036,#5058,#5059,#5060));
#5036 = ORIENTED_EDGE('',*,*,#5037,.T.);
#5037 = EDGE_CURVE('',#5038,#1826,#5040,.T.);
#5038 = VERTEX_POINT('',#5039);
#5039 = CARTESIAN_POINT('',(-19.54422863406,15.851569860407,3.));
#5040 = SURFACE_CURVE('',#5041,(#5046,#5052),.PCURVE_S1.);
#5041 = CIRCLE('',#5042,3.);
#5042 = AXIS2_PLACEMENT_3D('',#5043,#5044,#5045);
#5043 = CARTESIAN_POINT('',(-16.9461524227,17.351569860407,3.));
#5044 = DIRECTION('',(-0.5,0.866025403784,8.679739665932E-17));
#5045 = DIRECTION('',(4.339869832966E-17,-7.516875048933E-17,1.));
#5046 = PCURVE('',#1868,#5047);
#5047 = DEFINITIONAL_REPRESENTATION('',(#5048),#5051);
#5048 = B_SPLINE_CURVE_WITH_KNOTS('',1,(#5049,#5050),.UNSPECIFIED.,.F.,
  .F.,(2,2),(4.712388980385,6.28318530718),.PIECEWISE_BEZIER_KNOTS.);
#5049 = CARTESIAN_POINT('',(1.570796326795,-1.570796326795));
#5050 = CARTESIAN_POINT('',(1.570796326795,0.));
#5051 = ( GEOMETRIC_REPRESENTATION_CONTEXT(2) 
PARAMETRIC_REPRESENTATION_CONTEXT() REPRESENTATION_CONTEXT('2D SPACE',''
  ) );
#5052 = PCURVE('',#1840,#5053);
#5053 = DEFINITIONAL_REPRESENTATION('',(#5054),#5057);
#5054 = B_SPLINE_CURVE_WITH_KNOTS('',1,(#5055,#5056),.UNSPECIFIED.,.F.,
  .F.,(2,2),(4.712388980385,6.28318530718),.PIECEWISE_BEZIER_KNOTS.);
#5055 = CARTESIAN_POINT('',(0.,8.5));
#5056 = CARTESIAN_POINT('',(1.570796326795,8.5));
#5057 = ( GEOMETRIC_REPRESENTATION_CONTEXT(2) 
PARAMETRIC_REPRESENTATION_CONTEXT() REPRESENTATION_CONTEXT('2D SPACE',''
  ) );
#5058 = ORIENTED_EDGE('',*,*,#1851,.F.);
#5059 = ORIENTED_EDGE('',*,*,#3182,.T.);
#5060 = ORIENTED_EDGE('',*,*,#5061,.F.);
#5061 = EDGE_CURVE('',#5038,#3157,#5062,.T.);
#5062 = SURFACE_CURVE('',#5063,(#5068,#5074),.PCURVE_S1.);
#5063 = CIRCLE('',#5064,3.);
#5064 = AXIS2_PLACEMENT_3D('',#5065,#5066,#5067);
#5065 = CARTESIAN_POINT('',(-16.9461524227,17.351569860407,3.));
#5066 = DIRECTION('',(-7.401486830834E-17,1.281975124256E-16,-1.));
#5067 = DIRECTION('',(-0.5,0.866025403784,1.480297366167E-16));
#5068 = PCURVE('',#1868,#5069);
#5069 = DEFINITIONAL_REPRESENTATION('',(#5070),#5073);
#5070 = B_SPLINE_CURVE_WITH_KNOTS('',1,(#5071,#5072),.UNSPECIFIED.,.F.,
  .F.,(2,2),(4.712388980385,6.28318530718),.PIECEWISE_BEZIER_KNOTS.);
#5071 = CARTESIAN_POINT('',(0.,-1.570796326795));
#5072 = CARTESIAN_POINT('',(0.,0.));
#5073 = ( GEOMETRIC_REPRESENTATION_CONTEXT(2) 
PARAMETRIC_REPRESENTATION_CONTEXT() REPRESENTATION_CONTEXT('2D SPACE',''
  ) );
#5074 = PCURVE('',#3171,#5075);
#5075 = DEFINITIONAL_REPRESENTATION('',(#5076),#5079);
#5076 = B_SPLINE_CURVE_WITH_KNOTS('',1,(#5077,#5078),.UNSPECIFIED.,.F.,
  .F.,(2,2),(4.712388980385,6.28318530718),.PIECEWISE_BEZIER_KNOTS.);
#5077 = CARTESIAN_POINT('',(1.570796326795,9.));
#5078 = CARTESIAN_POINT('',(0.,9.));
#5079 = ( GEOMETRIC_REPRESENTATION_CONTEXT(2) 
PARAMETRIC_REPRESENTATION_CONTEXT() REPRESENTATION_CONTEXT('2D SPACE',''
  ) );
#5080 = ADVANCED_FACE('',(#5081),#1840,.T.);
#5081 = FACE_BOUND('',#5082,.T.);
#5082 = EDGE_LOOP('',(#5083,#5106,#5126,#5127));
#5083 = ORIENTED_EDGE('',*,*,#5084,.F.);
#5084 = EDGE_CURVE('',#5085,#5038,#5087,.T.);
#5085 = VERTEX_POINT('',#5086);
#5086 = CARTESIAN_POINT('',(-16.79422863406,11.088430139593,3.));
#5087 = SURFACE_CURVE('',#5088,(#5092,#5099),.PCURVE_S1.);
#5088 = LINE('',#5089,#5090);
#5089 = CARTESIAN_POINT('',(-15.29422863406,8.490353928239,3.));
#5090 = VECTOR('',#5091,1.);
#5091 = DIRECTION('',(-0.5,0.866025403784,0.));
#5092 = PCURVE('',#1840,#5093);
#5093 = DEFINITIONAL_REPRESENTATION('',(#5094),#5098);
#5094 = LINE('',#5095,#5096);
#5095 = CARTESIAN_POINT('',(0.,0.));
#5096 = VECTOR('',#5097,1.);
#5097 = DIRECTION('',(0.,1.));
#5098 = ( GEOMETRIC_REPRESENTATION_CONTEXT(2) 
PARAMETRIC_REPRESENTATION_CONTEXT() REPRESENTATION_CONTEXT('2D SPACE',''
  ) );
#5099 = PCURVE('',#3475,#5100);
#5100 = DEFINITIONAL_REPRESENTATION('',(#5101),#5105);
#5101 = LINE('',#5102,#5103);
#5102 = CARTESIAN_POINT('',(9.,1.7763568394E-15));
#5103 = VECTOR('',#5104,1.);
#5104 = DIRECTION('',(0.,1.));
#5105 = ( GEOMETRIC_REPRESENTATION_CONTEXT(2) 
PARAMETRIC_REPRESENTATION_CONTEXT() REPRESENTATION_CONTEXT('2D SPACE',''
  ) );
#5106 = ORIENTED_EDGE('',*,*,#5107,.T.);
#5107 = EDGE_CURVE('',#5085,#1784,#5108,.T.);
#5108 = SURFACE_CURVE('',#5109,(#5114,#5120),.PCURVE_S1.);
#5109 = CIRCLE('',#5110,3.);
#5110 = AXIS2_PLACEMENT_3D('',#5111,#5112,#5113);
#5111 = CARTESIAN_POINT('',(-14.1961524227,12.588430139593,3.));
#5112 = DIRECTION('',(-0.5,0.866025403784,-3.088420015844E-16));
#5113 = DIRECTION('',(-1.544210007922E-16,2.674650191277E-16,1.));
#5114 = PCURVE('',#1840,#5115);
#5115 = DEFINITIONAL_REPRESENTATION('',(#5116),#5119);
#5116 = B_SPLINE_CURVE_WITH_KNOTS('',1,(#5117,#5118),.UNSPECIFIED.,.F.,
  .F.,(2,2),(4.712388980385,6.28318530718),.PIECEWISE_BEZIER_KNOTS.);
#5117 = CARTESIAN_POINT('',(0.,3.));
#5118 = CARTESIAN_POINT('',(1.570796326795,3.));
#5119 = ( GEOMETRIC_REPRESENTATION_CONTEXT(2) 
PARAMETRIC_REPRESENTATION_CONTEXT() REPRESENTATION_CONTEXT('2D SPACE',''
  ) );
#5120 = PCURVE('',#1800,#5121);
#5121 = DEFINITIONAL_REPRESENTATION('',(#5122),#5125);
#5122 = B_SPLINE_CURVE_WITH_KNOTS('',1,(#5123,#5124),.UNSPECIFIED.,.F.,
  .F.,(2,2),(4.712388980385,6.28318530718),.PIECEWISE_BEZIER_KNOTS.);
#5123 = CARTESIAN_POINT('',(-1.570796326795,-1.570796326795));
#5124 = CARTESIAN_POINT('',(-1.570796326795,0.));
#5125 = ( GEOMETRIC_REPRESENTATION_CONTEXT(2) 
PARAMETRIC_REPRESENTATION_CONTEXT() REPRESENTATION_CONTEXT('2D SPACE',''
  ) );
#5126 = ORIENTED_EDGE('',*,*,#1825,.T.);
#5127 = ORIENTED_EDGE('',*,*,#5037,.F.);
#5128 = ADVANCED_FACE('',(#5129),#1800,.T.);
#5129 = FACE_BOUND('',#5130,.F.);
#5130 = EDGE_LOOP('',(#5131,#5153,#5154,#5155));
#5131 = ORIENTED_EDGE('',*,*,#5132,.F.);
#5132 = EDGE_CURVE('',#5085,#5133,#5135,.T.);
#5133 = VERTEX_POINT('',#5134);
#5134 = CARTESIAN_POINT('',(-12.6961524227,9.990353928239,3.));
#5135 = SURFACE_CURVE('',#5136,(#5141,#5147),.PCURVE_S1.);
#5136 = CIRCLE('',#5137,3.);
#5137 = AXIS2_PLACEMENT_3D('',#5138,#5139,#5140);
#5138 = CARTESIAN_POINT('',(-14.1961524227,12.588430139593,3.));
#5139 = DIRECTION('',(-7.401486830834E-17,1.281975124256E-16,1.));
#5140 = DIRECTION('',(0.5,-0.866025403784,1.480297366167E-16));
#5141 = PCURVE('',#1800,#5142);
#5142 = DEFINITIONAL_REPRESENTATION('',(#5143),#5146);
#5143 = B_SPLINE_CURVE_WITH_KNOTS('',1,(#5144,#5145),.UNSPECIFIED.,.F.,
  .F.,(2,2),(4.712388980385,6.28318530718),.PIECEWISE_BEZIER_KNOTS.);
#5144 = CARTESIAN_POINT('',(0.,-1.570796326795));
#5145 = CARTESIAN_POINT('',(0.,0.));
#5146 = ( GEOMETRIC_REPRESENTATION_CONTEXT(2) 
PARAMETRIC_REPRESENTATION_CONTEXT() REPRESENTATION_CONTEXT('2D SPACE',''
  ) );
#5147 = PCURVE('',#3529,#5148);
#5148 = DEFINITIONAL_REPRESENTATION('',(#5149),#5152);
#5149 = B_SPLINE_CURVE_WITH_KNOTS('',1,(#5150,#5151),.UNSPECIFIED.,.F.,
  .F.,(2,2),(4.712388980385,6.28318530718),.PIECEWISE_BEZIER_KNOTS.);
#5150 = CARTESIAN_POINT('',(-1.570796326795,9.));
#5151 = CARTESIAN_POINT('',(0.,9.));
#5152 = ( GEOMETRIC_REPRESENTATION_CONTEXT(2) 
PARAMETRIC_REPRESENTATION_CONTEXT() REPRESENTATION_CONTEXT('2D SPACE',''
  ) );
#5153 = ORIENTED_EDGE('',*,*,#5107,.T.);
#5154 = ORIENTED_EDGE('',*,*,#1783,.T.);
#5155 = ORIENTED_EDGE('',*,*,#5156,.F.);
#5156 = EDGE_CURVE('',#5133,#1758,#5157,.T.);
#5157 = SURFACE_CURVE('',#5158,(#5163,#5170),.PCURVE_S1.);
#5158 = CIRCLE('',#5159,3.);
#5159 = AXIS2_PLACEMENT_3D('',#5160,#5161,#5162);
#5160 = CARTESIAN_POINT('',(-14.1961524227,12.588430139593,3.));
#5161 = DIRECTION('',(-0.866025403784,-0.5,-1.232595164408E-32));
#5162 = DIRECTION('',(0.5,-0.866025403784,1.480297366167E-16));
#5163 = PCURVE('',#1800,#5164);
#5164 = DEFINITIONAL_REPRESENTATION('',(#5165),#5169);
#5165 = LINE('',#5166,#5167);
#5166 = CARTESIAN_POINT('',(-0.,0.));
#5167 = VECTOR('',#5168,1.);
#5168 = DIRECTION('',(-1.,0.));
#5169 = ( GEOMETRIC_REPRESENTATION_CONTEXT(2) 
PARAMETRIC_REPRESENTATION_CONTEXT() REPRESENTATION_CONTEXT('2D SPACE',''
  ) );
#5170 = PCURVE('',#1772,#5171);
#5171 = DEFINITIONAL_REPRESENTATION('',(#5172),#5176);
#5172 = LINE('',#5173,#5174);
#5173 = CARTESIAN_POINT('',(0.,15.));
#5174 = VECTOR('',#5175,1.);
#5175 = DIRECTION('',(1.,0.));
#5176 = ( GEOMETRIC_REPRESENTATION_CONTEXT(2) 
PARAMETRIC_REPRESENTATION_CONTEXT() REPRESENTATION_CONTEXT('2D SPACE',''
  ) );
#5177 = ADVANCED_FACE('',(#5178),#1772,.T.);
#5178 = FACE_BOUND('',#5179,.T.);
#5179 = EDGE_LOOP('',(#5180,#5202,#5203,#5204));
#5180 = ORIENTED_EDGE('',*,*,#5181,.F.);
#5181 = EDGE_CURVE('',#1725,#5182,#5184,.T.);
#5182 = VERTEX_POINT('',#5183);
#5183 = CARTESIAN_POINT('',(-2.303847577293,15.990353928239,3.));
#5184 = SURFACE_CURVE('',#5185,(#5190,#5196),.PCURVE_S1.);
#5185 = CIRCLE('',#5186,3.);
#5186 = AXIS2_PLACEMENT_3D('',#5187,#5188,#5189);
#5187 = CARTESIAN_POINT('',(-3.803847577293,18.588430139593,3.));
#5188 = DIRECTION('',(0.866025403784,0.5,0.));
#5189 = DIRECTION('',(0.5,-0.866025403784,0.));
#5190 = PCURVE('',#1772,#5191);
#5191 = DEFINITIONAL_REPRESENTATION('',(#5192),#5195);
#5192 = B_SPLINE_CURVE_WITH_KNOTS('',1,(#5193,#5194),.UNSPECIFIED.,.F.,
  .F.,(2,2),(4.712388980385,6.28318530718),.PIECEWISE_BEZIER_KNOTS.);
#5193 = CARTESIAN_POINT('',(1.570796326795,3.));
#5194 = CARTESIAN_POINT('',(0.,3.));
#5195 = ( GEOMETRIC_REPRESENTATION_CONTEXT(2) 
PARAMETRIC_REPRESENTATION_CONTEXT() REPRESENTATION_CONTEXT('2D SPACE',''
  ) );
#5196 = PCURVE('',#1745,#5197);
#5197 = DEFINITIONAL_REPRESENTATION('',(#5198),#5201);
#5198 = B_SPLINE_CURVE_WITH_KNOTS('',1,(#5199,#5200),.UNSPECIFIED.,.F.,
  .F.,(2,2),(4.712388980385,6.28318530718),.PIECEWISE_BEZIER_KNOTS.);
#5199 = CARTESIAN_POINT('',(0.,-1.570796326795));
#5200 = CARTESIAN_POINT('',(0.,0.));
#5201 = ( GEOMETRIC_REPRESENTATION_CONTEXT(2) 
PARAMETRIC_REPRESENTATION_CONTEXT() REPRESENTATION_CONTEXT('2D SPACE',''
  ) );
#5202 = ORIENTED_EDGE('',*,*,#1757,.T.);
#5203 = ORIENTED_EDGE('',*,*,#5156,.F.);
#5204 = ORIENTED_EDGE('',*,*,#5205,.F.);
#5205 = EDGE_CURVE('',#5182,#5133,#5206,.T.);
#5206 = SURFACE_CURVE('',#5207,(#5211,#5218),.PCURVE_S1.);
#5207 = LINE('',#5208,#5209);
#5208 = CARTESIAN_POINT('',(0.29422863406,17.490353928239,3.));
#5209 = VECTOR('',#5210,1.);
#5210 = DIRECTION('',(-0.866025403784,-0.5,0.));
#5211 = PCURVE('',#1772,#5212);
#5212 = DEFINITIONAL_REPRESENTATION('',(#5213),#5217);
#5213 = LINE('',#5214,#5215);
#5214 = CARTESIAN_POINT('',(0.,0.));
#5215 = VECTOR('',#5216,1.);
#5216 = DIRECTION('',(0.,1.));
#5217 = ( GEOMETRIC_REPRESENTATION_CONTEXT(2) 
PARAMETRIC_REPRESENTATION_CONTEXT() REPRESENTATION_CONTEXT('2D SPACE',''
  ) );
#5218 = PCURVE('',#3561,#5219);
#5219 = DEFINITIONAL_REPRESENTATION('',(#5220),#5224);
#5220 = LINE('',#5221,#5222);
#5221 = CARTESIAN_POINT('',(9.,0.));
#5222 = VECTOR('',#5223,1.);
#5223 = DIRECTION('',(0.,-1.));
#5224 = ( GEOMETRIC_REPRESENTATION_CONTEXT(2) 
PARAMETRIC_REPRESENTATION_CONTEXT() REPRESENTATION_CONTEXT('2D SPACE',''
  ) );
#5225 = ADVANCED_FACE('',(#5226),#1745,.T.);
#5226 = FACE_BOUND('',#5227,.F.);
#5227 = EDGE_LOOP('',(#5228,#5229,#5230,#5231));
#5228 = ORIENTED_EDGE('',*,*,#5181,.F.);
#5229 = ORIENTED_EDGE('',*,*,#1724,.F.);
#5230 = ORIENTED_EDGE('',*,*,#4940,.T.);
#5231 = ORIENTED_EDGE('',*,*,#5232,.F.);
#5232 = EDGE_CURVE('',#5182,#4941,#5233,.T.);
#5233 = SURFACE_CURVE('',#5234,(#5239,#5246),.PCURVE_S1.);
#5234 = CIRCLE('',#5235,3.);
#5235 = AXIS2_PLACEMENT_3D('',#5236,#5237,#5238);
#5236 = CARTESIAN_POINT('',(-3.803847577293,18.588430139593,3.));
#5237 = DIRECTION('',(0.,0.,1.));
#5238 = DIRECTION('',(0.5,-0.866025403784,0.));
#5239 = PCURVE('',#1745,#5240);
#5240 = DEFINITIONAL_REPRESENTATION('',(#5241),#5245);
#5241 = LINE('',#5242,#5243);
#5242 = CARTESIAN_POINT('',(-0.,0.));
#5243 = VECTOR('',#5244,1.);
#5244 = DIRECTION('',(-1.,0.));
#5245 = ( GEOMETRIC_REPRESENTATION_CONTEXT(2) 
PARAMETRIC_REPRESENTATION_CONTEXT() REPRESENTATION_CONTEXT('2D SPACE',''
  ) );
#5246 = PCURVE('',#2907,#5247);
#5247 = DEFINITIONAL_REPRESENTATION('',(#5248),#5252);
#5248 = LINE('',#5249,#5250);
#5249 = CARTESIAN_POINT('',(5.921189464667E-16,9.));
#5250 = VECTOR('',#5251,1.);
#5251 = DIRECTION('',(1.,0.));
#5252 = ( GEOMETRIC_REPRESENTATION_CONTEXT(2) 
PARAMETRIC_REPRESENTATION_CONTEXT() REPRESENTATION_CONTEXT('2D SPACE',''
  ) );
#5253 = ADVANCED_FACE('',(#5254),#1993,.T.);
#5254 = FACE_BOUND('',#5255,.F.);
#5255 = EDGE_LOOP('',(#5256,#5278,#5279,#5301));
#5256 = ORIENTED_EDGE('',*,*,#5257,.F.);
#5257 = EDGE_CURVE('',#1977,#5258,#5260,.T.);
#5258 = VERTEX_POINT('',#5259);
#5259 = CARTESIAN_POINT('',(18.,-9.,3.));
#5260 = SURFACE_CURVE('',#5261,(#5266,#5272),.PCURVE_S1.);
#5261 = CIRCLE('',#5262,3.);
#5262 = AXIS2_PLACEMENT_3D('',#5263,#5264,#5265);
#5263 = CARTESIAN_POINT('',(18.,-6.,3.));
#5264 = DIRECTION('',(1.,-6.123233995737E-17,0.));
#5265 = DIRECTION('',(-6.123233995737E-17,-1.,0.));
#5266 = PCURVE('',#1993,#5267);
#5267 = DEFINITIONAL_REPRESENTATION('',(#5268),#5271);
#5268 = B_SPLINE_CURVE_WITH_KNOTS('',1,(#5269,#5270),.UNSPECIFIED.,.F.,
  .F.,(2,2),(4.712388980385,6.28318530718),.PIECEWISE_BEZIER_KNOTS.);
#5269 = CARTESIAN_POINT('',(-1.570796326795,3.));
#5270 = CARTESIAN_POINT('',(0.,3.));
#5271 = ( GEOMETRIC_REPRESENTATION_CONTEXT(2) 
PARAMETRIC_REPRESENTATION_CONTEXT() REPRESENTATION_CONTEXT('2D SPACE',''
  ) );
#5272 = PCURVE('',#2025,#5273);
#5273 = DEFINITIONAL_REPRESENTATION('',(#5274),#5277);
#5274 = B_SPLINE_CURVE_WITH_KNOTS('',1,(#5275,#5276),.UNSPECIFIED.,.F.,
  .F.,(2,2),(4.712388980385,6.28318530718),.PIECEWISE_BEZIER_KNOTS.);
#5275 = CARTESIAN_POINT('',(-1.570796326795,-1.570796326795));
#5276 = CARTESIAN_POINT('',(-1.570796326795,0.));
#5277 = ( GEOMETRIC_REPRESENTATION_CONTEXT(2) 
PARAMETRIC_REPRESENTATION_CONTEXT() REPRESENTATION_CONTEXT('2D SPACE',''
  ) );
#5278 = ORIENTED_EDGE('',*,*,#1976,.T.);
#5279 = ORIENTED_EDGE('',*,*,#5280,.T.);
#5280 = EDGE_CURVE('',#1979,#5281,#5283,.T.);
#5281 = VERTEX_POINT('',#5282);
#5282 = CARTESIAN_POINT('',(23.5,-9.,3.));
#5283 = SURFACE_CURVE('',#5284,(#5289,#5295),.PCURVE_S1.);
#5284 = CIRCLE('',#5285,3.);
#5285 = AXIS2_PLACEMENT_3D('',#5286,#5287,#5288);
#5286 = CARTESIAN_POINT('',(23.5,-6.,3.));
#5287 = DIRECTION('',(1.,6.123233995737E-17,0.));
#5288 = DIRECTION('',(6.123233995737E-17,-1.,0.));
#5289 = PCURVE('',#1993,#5290);
#5290 = DEFINITIONAL_REPRESENTATION('',(#5291),#5294);
#5291 = B_SPLINE_CURVE_WITH_KNOTS('',1,(#5292,#5293),.UNSPECIFIED.,.F.,
  .F.,(2,2),(4.712388980385,6.28318530718),.PIECEWISE_BEZIER_KNOTS.);
#5292 = CARTESIAN_POINT('',(-1.570796326795,8.5));
#5293 = CARTESIAN_POINT('',(0.,8.5));
#5294 = ( GEOMETRIC_REPRESENTATION_CONTEXT(2) 
PARAMETRIC_REPRESENTATION_CONTEXT() REPRESENTATION_CONTEXT('2D SPACE',''
  ) );
#5295 = PCURVE('',#2216,#5296);
#5296 = DEFINITIONAL_REPRESENTATION('',(#5297),#5300);
#5297 = B_SPLINE_CURVE_WITH_KNOTS('',1,(#5298,#5299),.UNSPECIFIED.,.F.,
  .F.,(2,2),(4.712388980385,6.28318530718),.PIECEWISE_BEZIER_KNOTS.);
#5298 = CARTESIAN_POINT('',(1.570796326795,-1.570796326795));
#5299 = CARTESIAN_POINT('',(1.570796326795,0.));
#5300 = ( GEOMETRIC_REPRESENTATION_CONTEXT(2) 
PARAMETRIC_REPRESENTATION_CONTEXT() REPRESENTATION_CONTEXT('2D SPACE',''
  ) );
#5301 = ORIENTED_EDGE('',*,*,#5302,.F.);
#5302 = EDGE_CURVE('',#5258,#5281,#5303,.T.);
#5303 = SURFACE_CURVE('',#5304,(#5308,#5315),.PCURVE_S1.);
#5304 = LINE('',#5305,#5306);
#5305 = CARTESIAN_POINT('',(15.,-9.,3.));
#5306 = VECTOR('',#5307,1.);
#5307 = DIRECTION('',(1.,0.,0.));
#5308 = PCURVE('',#1993,#5309);
#5309 = DEFINITIONAL_REPRESENTATION('',(#5310),#5314);
#5310 = LINE('',#5311,#5312);
#5311 = CARTESIAN_POINT('',(-0.,0.));
#5312 = VECTOR('',#5313,1.);
#5313 = DIRECTION('',(-0.,1.));
#5314 = ( GEOMETRIC_REPRESENTATION_CONTEXT(2) 
PARAMETRIC_REPRESENTATION_CONTEXT() REPRESENTATION_CONTEXT('2D SPACE',''
  ) );
#5315 = PCURVE('',#3716,#5316);
#5316 = DEFINITIONAL_REPRESENTATION('',(#5317),#5321);
#5317 = LINE('',#5318,#5319);
#5318 = CARTESIAN_POINT('',(9.,0.));
#5319 = VECTOR('',#5320,1.);
#5320 = DIRECTION('',(0.,1.));
#5321 = ( GEOMETRIC_REPRESENTATION_CONTEXT(2) 
PARAMETRIC_REPRESENTATION_CONTEXT() REPRESENTATION_CONTEXT('2D SPACE',''
  ) );
#5322 = ADVANCED_FACE('',(#5323),#2216,.T.);
#5323 = FACE_BOUND('',#5324,.T.);
#5324 = EDGE_LOOP('',(#5325,#5326,#5327,#5328));
#5325 = ORIENTED_EDGE('',*,*,#4047,.T.);
#5326 = ORIENTED_EDGE('',*,*,#2197,.T.);
#5327 = ORIENTED_EDGE('',*,*,#5280,.T.);
#5328 = ORIENTED_EDGE('',*,*,#5329,.F.);
#5329 = EDGE_CURVE('',#4048,#5281,#5330,.T.);
#5330 = SURFACE_CURVE('',#5331,(#5336,#5343),.PCURVE_S1.);
#5331 = CIRCLE('',#5332,3.);
#5332 = AXIS2_PLACEMENT_3D('',#5333,#5334,#5335);
#5333 = CARTESIAN_POINT('',(23.5,-6.,3.));
#5334 = DIRECTION('',(0.,0.,-1.));
#5335 = DIRECTION('',(1.,0.,0.));
#5336 = PCURVE('',#2216,#5337);
#5337 = DEFINITIONAL_REPRESENTATION('',(#5338),#5342);
#5338 = LINE('',#5339,#5340);
#5339 = CARTESIAN_POINT('',(0.,0.));
#5340 = VECTOR('',#5341,1.);
#5341 = DIRECTION('',(1.,0.));
#5342 = ( GEOMETRIC_REPRESENTATION_CONTEXT(2) 
PARAMETRIC_REPRESENTATION_CONTEXT() REPRESENTATION_CONTEXT('2D SPACE',''
  ) );
#5343 = PCURVE('',#3822,#5344);
#5344 = DEFINITIONAL_REPRESENTATION('',(#5345),#5349);
#5345 = LINE('',#5346,#5347);
#5346 = CARTESIAN_POINT('',(-0.,9.));
#5347 = VECTOR('',#5348,1.);
#5348 = DIRECTION('',(-1.,0.));
#5349 = ( GEOMETRIC_REPRESENTATION_CONTEXT(2) 
PARAMETRIC_REPRESENTATION_CONTEXT() REPRESENTATION_CONTEXT('2D SPACE',''
  ) );
#5350 = ADVANCED_FACE('',(#5351),#2148,.T.);
#5351 = FACE_BOUND('',#5352,.T.);
#5352 = EDGE_LOOP('',(#5353,#5375,#5376,#5377));
#5353 = ORIENTED_EDGE('',*,*,#5354,.T.);
#5354 = EDGE_CURVE('',#5355,#2106,#5357,.T.);
#5355 = VERTEX_POINT('',#5356);
#5356 = CARTESIAN_POINT('',(23.5,9.,3.));
#5357 = SURFACE_CURVE('',#5358,(#5363,#5369),.PCURVE_S1.);
#5358 = CIRCLE('',#5359,3.);
#5359 = AXIS2_PLACEMENT_3D('',#5360,#5361,#5362);
#5360 = CARTESIAN_POINT('',(23.5,6.,3.));
#5361 = DIRECTION('',(1.,0.,8.679739665932E-17));
#5362 = DIRECTION('',(-8.679739665932E-17,0.,1.));
#5363 = PCURVE('',#2148,#5364);
#5364 = DEFINITIONAL_REPRESENTATION('',(#5365),#5368);
#5365 = B_SPLINE_CURVE_WITH_KNOTS('',1,(#5366,#5367),.UNSPECIFIED.,.F.,
  .F.,(2,2),(4.712388980385,6.28318530718),.PIECEWISE_BEZIER_KNOTS.);
#5366 = CARTESIAN_POINT('',(1.570796326795,-1.570796326795));
#5367 = CARTESIAN_POINT('',(1.570796326795,0.));
#5368 = ( GEOMETRIC_REPRESENTATION_CONTEXT(2) 
PARAMETRIC_REPRESENTATION_CONTEXT() REPRESENTATION_CONTEXT('2D SPACE',''
  ) );
#5369 = PCURVE('',#2120,#5370);
#5370 = DEFINITIONAL_REPRESENTATION('',(#5371),#5374);
#5371 = B_SPLINE_CURVE_WITH_KNOTS('',1,(#5372,#5373),.UNSPECIFIED.,.F.,
  .F.,(2,2),(4.712388980385,6.28318530718),.PIECEWISE_BEZIER_KNOTS.);
#5372 = CARTESIAN_POINT('',(0.,8.5));
#5373 = CARTESIAN_POINT('',(1.570796326795,8.5));
#5374 = ( GEOMETRIC_REPRESENTATION_CONTEXT(2) 
PARAMETRIC_REPRESENTATION_CONTEXT() REPRESENTATION_CONTEXT('2D SPACE',''
  ) );
#5375 = ORIENTED_EDGE('',*,*,#2131,.F.);
#5376 = ORIENTED_EDGE('',*,*,#3938,.T.);
#5377 = ORIENTED_EDGE('',*,*,#5378,.F.);
#5378 = EDGE_CURVE('',#5355,#3913,#5379,.T.);
#5379 = SURFACE_CURVE('',#5380,(#5385,#5391),.PCURVE_S1.);
#5380 = CIRCLE('',#5381,3.);
#5381 = AXIS2_PLACEMENT_3D('',#5382,#5383,#5384);
#5382 = CARTESIAN_POINT('',(23.5,6.,3.));
#5383 = DIRECTION('',(1.480297366167E-16,0.,-1.));
#5384 = DIRECTION('',(1.,0.,1.480297366167E-16));
#5385 = PCURVE('',#2148,#5386);
#5386 = DEFINITIONAL_REPRESENTATION('',(#5387),#5390);
#5387 = B_SPLINE_CURVE_WITH_KNOTS('',1,(#5388,#5389),.UNSPECIFIED.,.F.,
  .F.,(2,2),(4.712388980385,6.28318530718),.PIECEWISE_BEZIER_KNOTS.);
#5388 = CARTESIAN_POINT('',(0.,-1.570796326795));
#5389 = CARTESIAN_POINT('',(0.,0.));
#5390 = ( GEOMETRIC_REPRESENTATION_CONTEXT(2) 
PARAMETRIC_REPRESENTATION_CONTEXT() REPRESENTATION_CONTEXT('2D SPACE',''
  ) );
#5391 = PCURVE('',#3927,#5392);
#5392 = DEFINITIONAL_REPRESENTATION('',(#5393),#5396);
#5393 = B_SPLINE_CURVE_WITH_KNOTS('',1,(#5394,#5395),.UNSPECIFIED.,.F.,
  .F.,(2,2),(4.712388980385,6.28318530718),.PIECEWISE_BEZIER_KNOTS.);
#5394 = CARTESIAN_POINT('',(1.570796326795,9.));
#5395 = CARTESIAN_POINT('',(0.,9.));
#5396 = ( GEOMETRIC_REPRESENTATION_CONTEXT(2) 
PARAMETRIC_REPRESENTATION_CONTEXT() REPRESENTATION_CONTEXT('2D SPACE',''
  ) );
#5397 = ADVANCED_FACE('',(#5398),#2120,.T.);
#5398 = FACE_BOUND('',#5399,.T.);
#5399 = EDGE_LOOP('',(#5400,#5423,#5443,#5444));
#5400 = ORIENTED_EDGE('',*,*,#5401,.F.);
#5401 = EDGE_CURVE('',#5402,#5355,#5404,.T.);
#5402 = VERTEX_POINT('',#5403);
#5403 = CARTESIAN_POINT('',(18.,9.,3.));
#5404 = SURFACE_CURVE('',#5405,(#5409,#5416),.PCURVE_S1.);
#5405 = LINE('',#5406,#5407);
#5406 = CARTESIAN_POINT('',(15.,9.,3.));
#5407 = VECTOR('',#5408,1.);
#5408 = DIRECTION('',(1.,0.,0.));
#5409 = PCURVE('',#2120,#5410);
#5410 = DEFINITIONAL_REPRESENTATION('',(#5411),#5415);
#5411 = LINE('',#5412,#5413);
#5412 = CARTESIAN_POINT('',(0.,0.));
#5413 = VECTOR('',#5414,1.);
#5414 = DIRECTION('',(0.,1.));
#5415 = ( GEOMETRIC_REPRESENTATION_CONTEXT(2) 
PARAMETRIC_REPRESENTATION_CONTEXT() REPRESENTATION_CONTEXT('2D SPACE',''
  ) );
#5416 = PCURVE('',#4231,#5417);
#5417 = DEFINITIONAL_REPRESENTATION('',(#5418),#5422);
#5418 = LINE('',#5419,#5420);
#5419 = CARTESIAN_POINT('',(9.,0.));
#5420 = VECTOR('',#5421,1.);
#5421 = DIRECTION('',(0.,1.));
#5422 = ( GEOMETRIC_REPRESENTATION_CONTEXT(2) 
PARAMETRIC_REPRESENTATION_CONTEXT() REPRESENTATION_CONTEXT('2D SPACE',''
  ) );
#5423 = ORIENTED_EDGE('',*,*,#5424,.T.);
#5424 = EDGE_CURVE('',#5402,#2064,#5425,.T.);
#5425 = SURFACE_CURVE('',#5426,(#5431,#5437),.PCURVE_S1.);
#5426 = CIRCLE('',#5427,3.);
#5427 = AXIS2_PLACEMENT_3D('',#5428,#5429,#5430);
#5428 = CARTESIAN_POINT('',(18.,6.,3.));
#5429 = DIRECTION('',(1.,0.,-8.679739665932E-17));
#5430 = DIRECTION('',(8.679739665932E-17,0.,1.));
#5431 = PCURVE('',#2120,#5432);
#5432 = DEFINITIONAL_REPRESENTATION('',(#5433),#5436);
#5433 = B_SPLINE_CURVE_WITH_KNOTS('',1,(#5434,#5435),.UNSPECIFIED.,.F.,
  .F.,(2,2),(4.712388980385,6.28318530718),.PIECEWISE_BEZIER_KNOTS.);
#5434 = CARTESIAN_POINT('',(0.,3.));
#5435 = CARTESIAN_POINT('',(1.570796326795,3.));
#5436 = ( GEOMETRIC_REPRESENTATION_CONTEXT(2) 
PARAMETRIC_REPRESENTATION_CONTEXT() REPRESENTATION_CONTEXT('2D SPACE',''
  ) );
#5437 = PCURVE('',#2080,#5438);
#5438 = DEFINITIONAL_REPRESENTATION('',(#5439),#5442);
#5439 = B_SPLINE_CURVE_WITH_KNOTS('',1,(#5440,#5441),.UNSPECIFIED.,.F.,
  .F.,(2,2),(4.712388980385,6.28318530718),.PIECEWISE_BEZIER_KNOTS.);
#5440 = CARTESIAN_POINT('',(-1.570796326795,-1.570796326795));
#5441 = CARTESIAN_POINT('',(-1.570796326795,0.));
#5442 = ( GEOMETRIC_REPRESENTATION_CONTEXT(2) 
PARAMETRIC_REPRESENTATION_CONTEXT() REPRESENTATION_CONTEXT('2D SPACE',''
  ) );
#5443 = ORIENTED_EDGE('',*,*,#2105,.T.);
#5444 = ORIENTED_EDGE('',*,*,#5354,.F.);
#5445 = ADVANCED_FACE('',(#5446),#2080,.T.);
#5446 = FACE_BOUND('',#5447,.F.);
#5447 = EDGE_LOOP('',(#5448,#5470,#5471,#5472));
#5448 = ORIENTED_EDGE('',*,*,#5449,.F.);
#5449 = EDGE_CURVE('',#5402,#5450,#5452,.T.);
#5450 = VERTEX_POINT('',#5451);
#5451 = CARTESIAN_POINT('',(15.,6.,3.));
#5452 = SURFACE_CURVE('',#5453,(#5458,#5464),.PCURVE_S1.);
#5453 = CIRCLE('',#5454,3.);
#5454 = AXIS2_PLACEMENT_3D('',#5455,#5456,#5457);
#5455 = CARTESIAN_POINT('',(18.,6.,3.));
#5456 = DIRECTION('',(1.480297366167E-16,0.,1.));
#5457 = DIRECTION('',(-1.,0.,1.480297366167E-16));
#5458 = PCURVE('',#2080,#5459);
#5459 = DEFINITIONAL_REPRESENTATION('',(#5460),#5463);
#5460 = B_SPLINE_CURVE_WITH_KNOTS('',1,(#5461,#5462),.UNSPECIFIED.,.F.,
  .F.,(2,2),(4.712388980385,6.28318530718),.PIECEWISE_BEZIER_KNOTS.);
#5461 = CARTESIAN_POINT('',(0.,-1.570796326795));
#5462 = CARTESIAN_POINT('',(0.,0.));
#5463 = ( GEOMETRIC_REPRESENTATION_CONTEXT(2) 
PARAMETRIC_REPRESENTATION_CONTEXT() REPRESENTATION_CONTEXT('2D SPACE',''
  ) );
#5464 = PCURVE('',#4285,#5465);
#5465 = DEFINITIONAL_REPRESENTATION('',(#5466),#5469);
#5466 = B_SPLINE_CURVE_WITH_KNOTS('',1,(#5467,#5468),.UNSPECIFIED.,.F.,
  .F.,(2,2),(4.712388980385,6.28318530718),.PIECEWISE_BEZIER_KNOTS.);
#5467 = CARTESIAN_POINT('',(-1.570796326795,9.));
#5468 = CARTESIAN_POINT('',(0.,9.));
#5469 = ( GEOMETRIC_REPRESENTATION_CONTEXT(2) 
PARAMETRIC_REPRESENTATION_CONTEXT() REPRESENTATION_CONTEXT('2D SPACE',''
  ) );
#5470 = ORIENTED_EDGE('',*,*,#5424,.T.);
#5471 = ORIENTED_EDGE('',*,*,#2063,.T.);
#5472 = ORIENTED_EDGE('',*,*,#5473,.F.);
#5473 = EDGE_CURVE('',#5450,#2038,#5474,.T.);
#5474 = SURFACE_CURVE('',#5475,(#5480,#5487),.PCURVE_S1.);
#5475 = CIRCLE('',#5476,3.);
#5476 = AXIS2_PLACEMENT_3D('',#5477,#5478,#5479);
#5477 = CARTESIAN_POINT('',(18.,6.,3.));
#5478 = DIRECTION('',(0.,1.,0.));
#5479 = DIRECTION('',(-1.,0.,1.480297366167E-16));
#5480 = PCURVE('',#2080,#5481);
#5481 = DEFINITIONAL_REPRESENTATION('',(#5482),#5486);
#5482 = LINE('',#5483,#5484);
#5483 = CARTESIAN_POINT('',(-0.,0.));
#5484 = VECTOR('',#5485,1.);
#5485 = DIRECTION('',(-1.,0.));
#5486 = ( GEOMETRIC_REPRESENTATION_CONTEXT(2) 
PARAMETRIC_REPRESENTATION_CONTEXT() REPRESENTATION_CONTEXT('2D SPACE',''
  ) );
#5487 = PCURVE('',#2052,#5488);
#5488 = DEFINITIONAL_REPRESENTATION('',(#5489),#5493);
#5489 = LINE('',#5490,#5491);
#5490 = CARTESIAN_POINT('',(0.,15.));
#5491 = VECTOR('',#5492,1.);
#5492 = DIRECTION('',(1.,0.));
#5493 = ( GEOMETRIC_REPRESENTATION_CONTEXT(2) 
PARAMETRIC_REPRESENTATION_CONTEXT() REPRESENTATION_CONTEXT('2D SPACE',''
  ) );
#5494 = ADVANCED_FACE('',(#5495),#2052,.T.);
#5495 = FACE_BOUND('',#5496,.T.);
#5496 = EDGE_LOOP('',(#5497,#5519,#5520,#5521));
#5497 = ORIENTED_EDGE('',*,*,#5498,.F.);
#5498 = EDGE_CURVE('',#2005,#5499,#5501,.T.);
#5499 = VERTEX_POINT('',#5500);
#5500 = CARTESIAN_POINT('',(15.,-6.,3.));
#5501 = SURFACE_CURVE('',#5502,(#5507,#5513),.PCURVE_S1.);
#5502 = CIRCLE('',#5503,3.);
#5503 = AXIS2_PLACEMENT_3D('',#5504,#5505,#5506);
#5504 = CARTESIAN_POINT('',(18.,-6.,3.));
#5505 = DIRECTION('',(0.,-1.,0.));
#5506 = DIRECTION('',(-1.,0.,0.));
#5507 = PCURVE('',#2052,#5508);
#5508 = DEFINITIONAL_REPRESENTATION('',(#5509),#5512);
#5509 = B_SPLINE_CURVE_WITH_KNOTS('',1,(#5510,#5511),.UNSPECIFIED.,.F.,
  .F.,(2,2),(4.712388980385,6.28318530718),.PIECEWISE_BEZIER_KNOTS.);
#5510 = CARTESIAN_POINT('',(1.570796326795,3.));
#5511 = CARTESIAN_POINT('',(0.,3.));
#5512 = ( GEOMETRIC_REPRESENTATION_CONTEXT(2) 
PARAMETRIC_REPRESENTATION_CONTEXT() REPRESENTATION_CONTEXT('2D SPACE',''
  ) );
#5513 = PCURVE('',#2025,#5514);
#5514 = DEFINITIONAL_REPRESENTATION('',(#5515),#5518);
#5515 = B_SPLINE_CURVE_WITH_KNOTS('',1,(#5516,#5517),.UNSPECIFIED.,.F.,
  .F.,(2,2),(4.712388980385,6.28318530718),.PIECEWISE_BEZIER_KNOTS.);
#5516 = CARTESIAN_POINT('',(0.,-1.570796326795));
#5517 = CARTESIAN_POINT('',(0.,0.));
#5518 = ( GEOMETRIC_REPRESENTATION_CONTEXT(2) 
PARAMETRIC_REPRESENTATION_CONTEXT() REPRESENTATION_CONTEXT('2D SPACE',''
  ) );
#5519 = ORIENTED_EDGE('',*,*,#2037,.T.);
#5520 = ORIENTED_EDGE('',*,*,#5473,.F.);
#5521 = ORIENTED_EDGE('',*,*,#5522,.F.);
#5522 = EDGE_CURVE('',#5499,#5450,#5523,.T.);
#5523 = SURFACE_CURVE('',#5524,(#5528,#5535),.PCURVE_S1.);
#5524 = LINE('',#5525,#5526);
#5525 = CARTESIAN_POINT('',(15.,-9.,3.));
#5526 = VECTOR('',#5527,1.);
#5527 = DIRECTION('',(0.,1.,0.));
#5528 = PCURVE('',#2052,#5529);
#5529 = DEFINITIONAL_REPRESENTATION('',(#5530),#5534);
#5530 = LINE('',#5531,#5532);
#5531 = CARTESIAN_POINT('',(0.,0.));
#5532 = VECTOR('',#5533,1.);
#5533 = DIRECTION('',(0.,1.));
#5534 = ( GEOMETRIC_REPRESENTATION_CONTEXT(2) 
PARAMETRIC_REPRESENTATION_CONTEXT() REPRESENTATION_CONTEXT('2D SPACE',''
  ) );
#5535 = PCURVE('',#4317,#5536);
#5536 = DEFINITIONAL_REPRESENTATION('',(#5537),#5541);
#5537 = LINE('',#5538,#5539);
#5538 = CARTESIAN_POINT('',(9.,0.));
#5539 = VECTOR('',#5540,1.);
#5540 = DIRECTION('',(0.,-1.));
#5541 = ( GEOMETRIC_REPRESENTATION_CONTEXT(2) 
PARAMETRIC_REPRESENTATION_CONTEXT() REPRESENTATION_CONTEXT('2D SPACE',''
  ) );
#5542 = ADVANCED_FACE('',(#5543),#2025,.T.);
#5543 = FACE_BOUND('',#5544,.F.);
#5544 = EDGE_LOOP('',(#5545,#5546,#5547,#5548));
#5545 = ORIENTED_EDGE('',*,*,#5498,.F.);
#5546 = ORIENTED_EDGE('',*,*,#2004,.F.);
#5547 = ORIENTED_EDGE('',*,*,#5257,.T.);
#5548 = ORIENTED_EDGE('',*,*,#5549,.F.);
#5549 = EDGE_CURVE('',#5499,#5258,#5550,.T.);
#5550 = SURFACE_CURVE('',#5551,(#5556,#5563),.PCURVE_S1.);
#5551 = CIRCLE('',#5552,3.);
#5552 = AXIS2_PLACEMENT_3D('',#5553,#5554,#5555);
#5553 = CARTESIAN_POINT('',(18.,-6.,3.));
#5554 = DIRECTION('',(0.,0.,1.));
#5555 = DIRECTION('',(-1.,0.,0.));
#5556 = PCURVE('',#2025,#5557);
#5557 = DEFINITIONAL_REPRESENTATION('',(#5558),#5562);
#5558 = LINE('',#5559,#5560);
#5559 = CARTESIAN_POINT('',(-0.,0.));
#5560 = VECTOR('',#5561,1.);
#5561 = DIRECTION('',(-1.,0.));
#5562 = ( GEOMETRIC_REPRESENTATION_CONTEXT(2) 
PARAMETRIC_REPRESENTATION_CONTEXT() REPRESENTATION_CONTEXT('2D SPACE',''
  ) );
#5563 = PCURVE('',#3663,#5564);
#5564 = DEFINITIONAL_REPRESENTATION('',(#5565),#5569);
#5565 = LINE('',#5566,#5567);
#5566 = CARTESIAN_POINT('',(0.,9.));
#5567 = VECTOR('',#5568,1.);
#5568 = DIRECTION('',(1.,0.));
#5569 = ( GEOMETRIC_REPRESENTATION_CONTEXT(2) 
PARAMETRIC_REPRESENTATION_CONTEXT() REPRESENTATION_CONTEXT('2D SPACE',''
  ) );
#5570 = ADVANCED_FACE('',(#5571),#2367,.T.);
#5571 = FACE_BOUND('',#5572,.T.);
#5572 = EDGE_LOOP('',(#5573,#5596,#5616,#5617));
#5573 = ORIENTED_EDGE('',*,*,#5574,.F.);
#5574 = EDGE_CURVE('',#5575,#2419,#5577,.T.);
#5575 = VERTEX_POINT('',#5576);
#5576 = CARTESIAN_POINT('',(-1.20577136594,-20.08843013959,3.));
#5577 = SURFACE_CURVE('',#5578,(#5582,#5589),.PCURVE_S1.);
#5578 = LINE('',#5579,#5580);
#5579 = CARTESIAN_POINT('',(0.29422863406,-17.49035392823,3.));
#5580 = VECTOR('',#5581,1.);
#5581 = DIRECTION('',(-0.5,-0.866025403784,0.));
#5582 = PCURVE('',#2367,#5583);
#5583 = DEFINITIONAL_REPRESENTATION('',(#5584),#5588);
#5584 = LINE('',#5585,#5586);
#5585 = CARTESIAN_POINT('',(0.,0.));
#5586 = VECTOR('',#5587,1.);
#5587 = DIRECTION('',(0.,1.));
#5588 = ( GEOMETRIC_REPRESENTATION_CONTEXT(2) 
PARAMETRIC_REPRESENTATION_CONTEXT() REPRESENTATION_CONTEXT('2D SPACE',''
  ) );
#5589 = PCURVE('',#2504,#5590);
#5590 = DEFINITIONAL_REPRESENTATION('',(#5591),#5595);
#5591 = LINE('',#5592,#5593);
#5592 = CARTESIAN_POINT('',(9.,0.));
#5593 = VECTOR('',#5594,1.);
#5594 = DIRECTION('',(0.,1.));
#5595 = ( GEOMETRIC_REPRESENTATION_CONTEXT(2) 
PARAMETRIC_REPRESENTATION_CONTEXT() REPRESENTATION_CONTEXT('2D SPACE',''
  ) );
#5596 = ORIENTED_EDGE('',*,*,#5597,.T.);
#5597 = EDGE_CURVE('',#5575,#2311,#5598,.T.);
#5598 = SURFACE_CURVE('',#5599,(#5604,#5610),.PCURVE_S1.);
#5599 = CIRCLE('',#5600,3.);
#5600 = AXIS2_PLACEMENT_3D('',#5601,#5602,#5603);
#5601 = CARTESIAN_POINT('',(-3.803847577293,-18.58843013959,3.));
#5602 = DIRECTION('',(-0.5,-0.866025403784,-8.679739665932E-17));
#5603 = DIRECTION('',(-4.339869832966E-17,-7.516875048933E-17,1.));
#5604 = PCURVE('',#2367,#5605);
#5605 = DEFINITIONAL_REPRESENTATION('',(#5606),#5609);
#5606 = B_SPLINE_CURVE_WITH_KNOTS('',1,(#5607,#5608),.UNSPECIFIED.,.F.,
  .F.,(2,2),(4.712388980385,6.28318530718),.PIECEWISE_BEZIER_KNOTS.);
#5607 = CARTESIAN_POINT('',(0.,3.));
#5608 = CARTESIAN_POINT('',(1.570796326795,3.));
#5609 = ( GEOMETRIC_REPRESENTATION_CONTEXT(2) 
PARAMETRIC_REPRESENTATION_CONTEXT() REPRESENTATION_CONTEXT('2D SPACE',''
  ) );
#5610 = PCURVE('',#2327,#5611);
#5611 = DEFINITIONAL_REPRESENTATION('',(#5612),#5615);
#5612 = B_SPLINE_CURVE_WITH_KNOTS('',1,(#5613,#5614),.UNSPECIFIED.,.F.,
  .F.,(2,2),(4.712388980385,6.28318530718),.PIECEWISE_BEZIER_KNOTS.);
#5613 = CARTESIAN_POINT('',(-1.570796326795,-1.570796326795));
#5614 = CARTESIAN_POINT('',(-1.570796326795,0.));
#5615 = ( GEOMETRIC_REPRESENTATION_CONTEXT(2) 
PARAMETRIC_REPRESENTATION_CONTEXT() REPRESENTATION_CONTEXT('2D SPACE',''
  ) );
#5616 = ORIENTED_EDGE('',*,*,#2352,.T.);
#5617 = ORIENTED_EDGE('',*,*,#2418,.F.);
#5618 = ADVANCED_FACE('',(#5619),#2327,.T.);
#5619 = FACE_BOUND('',#5620,.F.);
#5620 = EDGE_LOOP('',(#5621,#5643,#5644,#5645));
#5621 = ORIENTED_EDGE('',*,*,#5622,.F.);
#5622 = EDGE_CURVE('',#5575,#5623,#5625,.T.);
#5623 = VERTEX_POINT('',#5624);
#5624 = CARTESIAN_POINT('',(-2.303847577293,-15.99035392823,3.));
#5625 = SURFACE_CURVE('',#5626,(#5631,#5637),.PCURVE_S1.);
#5626 = CIRCLE('',#5627,3.);
#5627 = AXIS2_PLACEMENT_3D('',#5628,#5629,#5630);
#5628 = CARTESIAN_POINT('',(-3.803847577293,-18.58843013959,3.));
#5629 = DIRECTION('',(-7.401486830834E-17,-1.281975124256E-16,1.));
#5630 = DIRECTION('',(0.5,0.866025403784,1.480297366167E-16));
#5631 = PCURVE('',#2327,#5632);
#5632 = DEFINITIONAL_REPRESENTATION('',(#5633),#5636);
#5633 = B_SPLINE_CURVE_WITH_KNOTS('',1,(#5634,#5635),.UNSPECIFIED.,.F.,
  .F.,(2,2),(4.712388980385,6.28318530718),.PIECEWISE_BEZIER_KNOTS.);
#5634 = CARTESIAN_POINT('',(0.,-1.570796326795));
#5635 = CARTESIAN_POINT('',(0.,0.));
#5636 = ( GEOMETRIC_REPRESENTATION_CONTEXT(2) 
PARAMETRIC_REPRESENTATION_CONTEXT() REPRESENTATION_CONTEXT('2D SPACE',''
  ) );
#5637 = PCURVE('',#4521,#5638);
#5638 = DEFINITIONAL_REPRESENTATION('',(#5639),#5642);
#5639 = B_SPLINE_CURVE_WITH_KNOTS('',1,(#5640,#5641),.UNSPECIFIED.,.F.,
  .F.,(2,2),(4.712388980385,6.28318530718),.PIECEWISE_BEZIER_KNOTS.);
#5640 = CARTESIAN_POINT('',(-1.570796326795,9.));
#5641 = CARTESIAN_POINT('',(0.,9.));
#5642 = ( GEOMETRIC_REPRESENTATION_CONTEXT(2) 
PARAMETRIC_REPRESENTATION_CONTEXT() REPRESENTATION_CONTEXT('2D SPACE',''
  ) );
#5643 = ORIENTED_EDGE('',*,*,#5597,.T.);
#5644 = ORIENTED_EDGE('',*,*,#2310,.T.);
#5645 = ORIENTED_EDGE('',*,*,#5646,.F.);
#5646 = EDGE_CURVE('',#5623,#2285,#5647,.T.);
#5647 = SURFACE_CURVE('',#5648,(#5653,#5660),.PCURVE_S1.);
#5648 = CIRCLE('',#5649,3.);
#5649 = AXIS2_PLACEMENT_3D('',#5650,#5651,#5652);
#5650 = CARTESIAN_POINT('',(-3.803847577293,-18.58843013959,3.));
#5651 = DIRECTION('',(0.866025403784,-0.5,0.));
#5652 = DIRECTION('',(0.5,0.866025403784,1.480297366167E-16));
#5653 = PCURVE('',#2327,#5654);
#5654 = DEFINITIONAL_REPRESENTATION('',(#5655),#5659);
#5655 = LINE('',#5656,#5657);
#5656 = CARTESIAN_POINT('',(-0.,0.));
#5657 = VECTOR('',#5658,1.);
#5658 = DIRECTION('',(-1.,0.));
#5659 = ( GEOMETRIC_REPRESENTATION_CONTEXT(2) 
PARAMETRIC_REPRESENTATION_CONTEXT() REPRESENTATION_CONTEXT('2D SPACE',''
  ) );
#5660 = PCURVE('',#2299,#5661);
#5661 = DEFINITIONAL_REPRESENTATION('',(#5662),#5666);
#5662 = LINE('',#5663,#5664);
#5663 = CARTESIAN_POINT('',(0.,15.));
#5664 = VECTOR('',#5665,1.);
#5665 = DIRECTION('',(1.,0.));
#5666 = ( GEOMETRIC_REPRESENTATION_CONTEXT(2) 
PARAMETRIC_REPRESENTATION_CONTEXT() REPRESENTATION_CONTEXT('2D SPACE',''
  ) );
#5667 = ADVANCED_FACE('',(#5668),#2299,.T.);
#5668 = FACE_BOUND('',#5669,.T.);
#5669 = EDGE_LOOP('',(#5670,#5692,#5693,#5694));
#5670 = ORIENTED_EDGE('',*,*,#5671,.F.);
#5671 = EDGE_CURVE('',#2252,#5672,#5674,.T.);
#5672 = VERTEX_POINT('',#5673);
#5673 = CARTESIAN_POINT('',(-12.6961524227,-9.990353928239,3.));
#5674 = SURFACE_CURVE('',#5675,(#5680,#5686),.PCURVE_S1.);
#5675 = CIRCLE('',#5676,3.);
#5676 = AXIS2_PLACEMENT_3D('',#5677,#5678,#5679);
#5677 = CARTESIAN_POINT('',(-14.1961524227,-12.58843013959,3.));
#5678 = DIRECTION('',(-0.866025403784,0.5,0.));
#5679 = DIRECTION('',(0.5,0.866025403784,-0.));
#5680 = PCURVE('',#2299,#5681);
#5681 = DEFINITIONAL_REPRESENTATION('',(#5682),#5685);
#5682 = B_SPLINE_CURVE_WITH_KNOTS('',1,(#5683,#5684),.UNSPECIFIED.,.F.,
  .F.,(2,2),(4.712388980385,6.28318530718),.PIECEWISE_BEZIER_KNOTS.);
#5683 = CARTESIAN_POINT('',(1.570796326795,3.));
#5684 = CARTESIAN_POINT('',(0.,3.));
#5685 = ( GEOMETRIC_REPRESENTATION_CONTEXT(2) 
PARAMETRIC_REPRESENTATION_CONTEXT() REPRESENTATION_CONTEXT('2D SPACE',''
  ) );
#5686 = PCURVE('',#2272,#5687);
#5687 = DEFINITIONAL_REPRESENTATION('',(#5688),#5691);
#5688 = B_SPLINE_CURVE_WITH_KNOTS('',1,(#5689,#5690),.UNSPECIFIED.,.F.,
  .F.,(2,2),(4.712388980385,6.28318530718),.PIECEWISE_BEZIER_KNOTS.);
#5689 = CARTESIAN_POINT('',(0.,-1.570796326795));
#5690 = CARTESIAN_POINT('',(0.,0.));
#5691 = ( GEOMETRIC_REPRESENTATION_CONTEXT(2) 
PARAMETRIC_REPRESENTATION_CONTEXT() REPRESENTATION_CONTEXT('2D SPACE',''
  ) );
#5692 = ORIENTED_EDGE('',*,*,#2284,.T.);
#5693 = ORIENTED_EDGE('',*,*,#5646,.F.);
#5694 = ORIENTED_EDGE('',*,*,#5695,.F.);
#5695 = EDGE_CURVE('',#5672,#5623,#5696,.T.);
#5696 = SURFACE_CURVE('',#5697,(#5701,#5708),.PCURVE_S1.);
#5697 = LINE('',#5698,#5699);
#5698 = CARTESIAN_POINT('',(-15.29422863406,-8.490353928239,3.));
#5699 = VECTOR('',#5700,1.);
#5700 = DIRECTION('',(0.866025403784,-0.5,0.));
#5701 = PCURVE('',#2299,#5702);
#5702 = DEFINITIONAL_REPRESENTATION('',(#5703),#5707);
#5703 = LINE('',#5704,#5705);
#5704 = CARTESIAN_POINT('',(0.,0.));
#5705 = VECTOR('',#5706,1.);
#5706 = DIRECTION('',(0.,1.));
#5707 = ( GEOMETRIC_REPRESENTATION_CONTEXT(2) 
PARAMETRIC_REPRESENTATION_CONTEXT() REPRESENTATION_CONTEXT('2D SPACE',''
  ) );
#5708 = PCURVE('',#4553,#5709);
#5709 = DEFINITIONAL_REPRESENTATION('',(#5710),#5714);
#5710 = LINE('',#5711,#5712);
#5711 = CARTESIAN_POINT('',(9.,-1.7763568394E-15));
#5712 = VECTOR('',#5713,1.);
#5713 = DIRECTION('',(0.,-1.));
#5714 = ( GEOMETRIC_REPRESENTATION_CONTEXT(2) 
PARAMETRIC_REPRESENTATION_CONTEXT() REPRESENTATION_CONTEXT('2D SPACE',''
  ) );
#5715 = ADVANCED_FACE('',(#5716),#2272,.T.);
#5716 = FACE_BOUND('',#5717,.F.);
#5717 = EDGE_LOOP('',(#5718,#5719,#5720,#5721));
#5718 = ORIENTED_EDGE('',*,*,#5671,.F.);
#5719 = ORIENTED_EDGE('',*,*,#2251,.F.);
#5720 = ORIENTED_EDGE('',*,*,#4617,.T.);
#5721 = ORIENTED_EDGE('',*,*,#5722,.F.);
#5722 = EDGE_CURVE('',#5672,#4569,#5723,.T.);
#5723 = SURFACE_CURVE('',#5724,(#5729,#5736),.PCURVE_S1.);
#5724 = CIRCLE('',#5725,3.);
#5725 = AXIS2_PLACEMENT_3D('',#5726,#5727,#5728);
#5726 = CARTESIAN_POINT('',(-14.1961524227,-12.58843013959,3.));
#5727 = DIRECTION('',(0.,0.,1.));
#5728 = DIRECTION('',(0.5,0.866025403784,-0.));
#5729 = PCURVE('',#2272,#5730);
#5730 = DEFINITIONAL_REPRESENTATION('',(#5731),#5735);
#5731 = LINE('',#5732,#5733);
#5732 = CARTESIAN_POINT('',(-0.,0.));
#5733 = VECTOR('',#5734,1.);
#5734 = DIRECTION('',(-1.,0.));
#5735 = ( GEOMETRIC_REPRESENTATION_CONTEXT(2) 
PARAMETRIC_REPRESENTATION_CONTEXT() REPRESENTATION_CONTEXT('2D SPACE',''
  ) );
#5736 = PCURVE('',#4392,#5737);
#5737 = DEFINITIONAL_REPRESENTATION('',(#5738),#5742);
#5738 = LINE('',#5739,#5740);
#5739 = CARTESIAN_POINT('',(0.,9.));
#5740 = VECTOR('',#5741,1.);
#5741 = DIRECTION('',(1.,0.));
#5742 = ( GEOMETRIC_REPRESENTATION_CONTEXT(2) 
PARAMETRIC_REPRESENTATION_CONTEXT() REPRESENTATION_CONTEXT('2D SPACE',''
  ) );
#5743 = ADVANCED_FACE('',(#5744),#2504,.T.);
#5744 = FACE_BOUND('',#5745,.T.);
#5745 = EDGE_LOOP('',(#5746,#5767,#5768,#5769));
#5746 = ORIENTED_EDGE('',*,*,#5747,.T.);
#5747 = EDGE_CURVE('',#4435,#5575,#5748,.T.);
#5748 = SURFACE_CURVE('',#5749,(#5753,#5760),.PCURVE_S1.);
#5749 = LINE('',#5750,#5751);
#5750 = CARTESIAN_POINT('',(-1.20577136594,-20.08843013959,-6.));
#5751 = VECTOR('',#5752,1.);
#5752 = DIRECTION('',(0.,0.,1.));
#5753 = PCURVE('',#2504,#5754);
#5754 = DEFINITIONAL_REPRESENTATION('',(#5755),#5759);
#5755 = LINE('',#5756,#5757);
#5756 = CARTESIAN_POINT('',(0.,3.));
#5757 = VECTOR('',#5758,1.);
#5758 = DIRECTION('',(1.,0.));
#5759 = ( GEOMETRIC_REPRESENTATION_CONTEXT(2) 
PARAMETRIC_REPRESENTATION_CONTEXT() REPRESENTATION_CONTEXT('2D SPACE',''
  ) );
#5760 = PCURVE('',#4521,#5761);
#5761 = DEFINITIONAL_REPRESENTATION('',(#5762),#5766);
#5762 = LINE('',#5763,#5764);
#5763 = CARTESIAN_POINT('',(-1.570796326795,0.));
#5764 = VECTOR('',#5765,1.);
#5765 = DIRECTION('',(-0.,1.));
#5766 = ( GEOMETRIC_REPRESENTATION_CONTEXT(2) 
PARAMETRIC_REPRESENTATION_CONTEXT() REPRESENTATION_CONTEXT('2D SPACE',''
  ) );
#5767 = ORIENTED_EDGE('',*,*,#5574,.T.);
#5768 = ORIENTED_EDGE('',*,*,#2490,.F.);
#5769 = ORIENTED_EDGE('',*,*,#4458,.F.);
#5770 = ADVANCED_FACE('',(#5771),#2565,.F.);
#5771 = FACE_BOUND('',#5772,.F.);
#5772 = EDGE_LOOP('',(#5773,#5774,#5775,#5776,#5777,#5778));
#5773 = ORIENTED_EDGE('',*,*,#2546,.T.);
#5774 = ORIENTED_EDGE('',*,*,#2642,.T.);
#5775 = ORIENTED_EDGE('',*,*,#2715,.F.);
#5776 = ORIENTED_EDGE('',*,*,#2821,.T.);
#5777 = ORIENTED_EDGE('',*,*,#2789,.F.);
#5778 = ORIENTED_EDGE('',*,*,#2689,.T.);
#5779 = ADVANCED_FACE('',(#5780),#2907,.T.);
#5780 = FACE_BOUND('',#5781,.T.);
#5781 = EDGE_LOOP('',(#5782,#5803,#5804,#5825));
#5782 = ORIENTED_EDGE('',*,*,#5783,.F.);
#5783 = EDGE_CURVE('',#2848,#5182,#5784,.T.);
#5784 = SURFACE_CURVE('',#5785,(#5789,#5796),.PCURVE_S1.);
#5785 = LINE('',#5786,#5787);
#5786 = CARTESIAN_POINT('',(-2.303847577293,15.990353928239,-6.));
#5787 = VECTOR('',#5788,1.);
#5788 = DIRECTION('',(0.,0.,1.));
#5789 = PCURVE('',#2907,#5790);
#5790 = DEFINITIONAL_REPRESENTATION('',(#5791),#5795);
#5791 = LINE('',#5792,#5793);
#5792 = CARTESIAN_POINT('',(0.,0.));
#5793 = VECTOR('',#5794,1.);
#5794 = DIRECTION('',(0.,1.));
#5795 = ( GEOMETRIC_REPRESENTATION_CONTEXT(2) 
PARAMETRIC_REPRESENTATION_CONTEXT() REPRESENTATION_CONTEXT('2D SPACE',''
  ) );
#5796 = PCURVE('',#3561,#5797);
#5797 = DEFINITIONAL_REPRESENTATION('',(#5798),#5802);
#5798 = LINE('',#5799,#5800);
#5799 = CARTESIAN_POINT('',(0.,-3.));
#5800 = VECTOR('',#5801,1.);
#5801 = DIRECTION('',(1.,0.));
#5802 = ( GEOMETRIC_REPRESENTATION_CONTEXT(2) 
PARAMETRIC_REPRESENTATION_CONTEXT() REPRESENTATION_CONTEXT('2D SPACE',''
  ) );
#5803 = ORIENTED_EDGE('',*,*,#2892,.T.);
#5804 = ORIENTED_EDGE('',*,*,#5805,.T.);
#5805 = EDGE_CURVE('',#2871,#4941,#5806,.T.);
#5806 = SURFACE_CURVE('',#5807,(#5811,#5818),.PCURVE_S1.);
#5807 = LINE('',#5808,#5809);
#5808 = CARTESIAN_POINT('',(-1.20577136594,20.088430139593,-6.));
#5809 = VECTOR('',#5810,1.);
#5810 = DIRECTION('',(0.,0.,1.));
#5811 = PCURVE('',#2907,#5812);
#5812 = DEFINITIONAL_REPRESENTATION('',(#5813),#5817);
#5813 = LINE('',#5814,#5815);
#5814 = CARTESIAN_POINT('',(1.570796326795,0.));
#5815 = VECTOR('',#5816,1.);
#5816 = DIRECTION('',(0.,1.));
#5817 = ( GEOMETRIC_REPRESENTATION_CONTEXT(2) 
PARAMETRIC_REPRESENTATION_CONTEXT() REPRESENTATION_CONTEXT('2D SPACE',''
  ) );
#5818 = PCURVE('',#2960,#5819);
#5819 = DEFINITIONAL_REPRESENTATION('',(#5820),#5824);
#5820 = LINE('',#5821,#5822);
#5821 = CARTESIAN_POINT('',(0.,3.));
#5822 = VECTOR('',#5823,1.);
#5823 = DIRECTION('',(1.,0.));
#5824 = ( GEOMETRIC_REPRESENTATION_CONTEXT(2) 
PARAMETRIC_REPRESENTATION_CONTEXT() REPRESENTATION_CONTEXT('2D SPACE',''
  ) );
#5825 = ORIENTED_EDGE('',*,*,#5232,.F.);
#5826 = ADVANCED_FACE('',(#5827),#2960,.F.);
#5827 = FACE_BOUND('',#5828,.F.);
#5828 = EDGE_LOOP('',(#5829,#5830,#5831,#5852));
#5829 = ORIENTED_EDGE('',*,*,#5805,.T.);
#5830 = ORIENTED_EDGE('',*,*,#4985,.T.);
#5831 = ORIENTED_EDGE('',*,*,#5832,.F.);
#5832 = EDGE_CURVE('',#2925,#4964,#5833,.T.);
#5833 = SURFACE_CURVE('',#5834,(#5838,#5845),.PCURVE_S1.);
#5834 = LINE('',#5835,#5836);
#5835 = CARTESIAN_POINT('',(-3.95577136594,24.851569860407,-6.));
#5836 = VECTOR('',#5837,1.);
#5837 = DIRECTION('',(0.,0.,1.));
#5838 = PCURVE('',#2960,#5839);
#5839 = DEFINITIONAL_REPRESENTATION('',(#5840),#5844);
#5840 = LINE('',#5841,#5842);
#5841 = CARTESIAN_POINT('',(0.,8.5));
#5842 = VECTOR('',#5843,1.);
#5843 = DIRECTION('',(1.,0.));
#5844 = ( GEOMETRIC_REPRESENTATION_CONTEXT(2) 
PARAMETRIC_REPRESENTATION_CONTEXT() REPRESENTATION_CONTEXT('2D SPACE',''
  ) );
#5845 = PCURVE('',#3066,#5846);
#5846 = DEFINITIONAL_REPRESENTATION('',(#5847),#5851);
#5847 = LINE('',#5848,#5849);
#5848 = CARTESIAN_POINT('',(-1.570796326795,0.));
#5849 = VECTOR('',#5850,1.);
#5850 = DIRECTION('',(-0.,1.));
#5851 = ( GEOMETRIC_REPRESENTATION_CONTEXT(2) 
PARAMETRIC_REPRESENTATION_CONTEXT() REPRESENTATION_CONTEXT('2D SPACE',''
  ) );
#5852 = ORIENTED_EDGE('',*,*,#2946,.F.);
#5853 = ADVANCED_FACE('',(#5854),#3066,.T.);
#5854 = FACE_BOUND('',#5855,.F.);
#5855 = EDGE_LOOP('',(#5856,#5857,#5858,#5859));
#5856 = ORIENTED_EDGE('',*,*,#3365,.F.);
#5857 = ORIENTED_EDGE('',*,*,#3051,.T.);
#5858 = ORIENTED_EDGE('',*,*,#5832,.T.);
#5859 = ORIENTED_EDGE('',*,*,#5012,.F.);
#5860 = ADVANCED_FACE('',(#5861),#3171,.T.);
#5861 = FACE_BOUND('',#5862,.T.);
#5862 = EDGE_LOOP('',(#5863,#5864,#5865,#5886));
#5863 = ORIENTED_EDGE('',*,*,#3156,.F.);
#5864 = ORIENTED_EDGE('',*,*,#3412,.T.);
#5865 = ORIENTED_EDGE('',*,*,#5866,.T.);
#5866 = EDGE_CURVE('',#3391,#5038,#5867,.T.);
#5867 = SURFACE_CURVE('',#5868,(#5872,#5879),.PCURVE_S1.);
#5868 = LINE('',#5869,#5870);
#5869 = CARTESIAN_POINT('',(-19.54422863406,15.851569860407,-6.));
#5870 = VECTOR('',#5871,1.);
#5871 = DIRECTION('',(0.,0.,1.));
#5872 = PCURVE('',#3171,#5873);
#5873 = DEFINITIONAL_REPRESENTATION('',(#5874),#5878);
#5874 = LINE('',#5875,#5876);
#5875 = CARTESIAN_POINT('',(1.570796326795,0.));
#5876 = VECTOR('',#5877,1.);
#5877 = DIRECTION('',(0.,1.));
#5878 = ( GEOMETRIC_REPRESENTATION_CONTEXT(2) 
PARAMETRIC_REPRESENTATION_CONTEXT() REPRESENTATION_CONTEXT('2D SPACE',''
  ) );
#5879 = PCURVE('',#3475,#5880);
#5880 = DEFINITIONAL_REPRESENTATION('',(#5881),#5885);
#5881 = LINE('',#5882,#5883);
#5882 = CARTESIAN_POINT('',(0.,8.5));
#5883 = VECTOR('',#5884,1.);
#5884 = DIRECTION('',(1.,0.));
#5885 = ( GEOMETRIC_REPRESENTATION_CONTEXT(2) 
PARAMETRIC_REPRESENTATION_CONTEXT() REPRESENTATION_CONTEXT('2D SPACE',''
  ) );
#5886 = ORIENTED_EDGE('',*,*,#5061,.T.);
#5887 = ADVANCED_FACE('',(#5888),#3475,.T.);
#5888 = FACE_BOUND('',#5889,.T.);
#5889 = EDGE_LOOP('',(#5890,#5911,#5912,#5913));
#5890 = ORIENTED_EDGE('',*,*,#5891,.T.);
#5891 = EDGE_CURVE('',#3438,#5085,#5892,.T.);
#5892 = SURFACE_CURVE('',#5893,(#5897,#5904),.PCURVE_S1.);
#5893 = LINE('',#5894,#5895);
#5894 = CARTESIAN_POINT('',(-16.79422863406,11.088430139593,-6.));
#5895 = VECTOR('',#5896,1.);
#5896 = DIRECTION('',(0.,0.,1.));
#5897 = PCURVE('',#3475,#5898);
#5898 = DEFINITIONAL_REPRESENTATION('',(#5899),#5903);
#5899 = LINE('',#5900,#5901);
#5900 = CARTESIAN_POINT('',(0.,3.));
#5901 = VECTOR('',#5902,1.);
#5902 = DIRECTION('',(1.,0.));
#5903 = ( GEOMETRIC_REPRESENTATION_CONTEXT(2) 
PARAMETRIC_REPRESENTATION_CONTEXT() REPRESENTATION_CONTEXT('2D SPACE',''
  ) );
#5904 = PCURVE('',#3529,#5905);
#5905 = DEFINITIONAL_REPRESENTATION('',(#5906),#5910);
#5906 = LINE('',#5907,#5908);
#5907 = CARTESIAN_POINT('',(-1.570796326795,0.));
#5908 = VECTOR('',#5909,1.);
#5909 = DIRECTION('',(-0.,1.));
#5910 = ( GEOMETRIC_REPRESENTATION_CONTEXT(2) 
PARAMETRIC_REPRESENTATION_CONTEXT() REPRESENTATION_CONTEXT('2D SPACE',''
  ) );
#5911 = ORIENTED_EDGE('',*,*,#5084,.T.);
#5912 = ORIENTED_EDGE('',*,*,#5866,.F.);
#5913 = ORIENTED_EDGE('',*,*,#3461,.F.);
#5914 = ADVANCED_FACE('',(#5915),#3529,.T.);
#5915 = FACE_BOUND('',#5916,.F.);
#5916 = EDGE_LOOP('',(#5917,#5938,#5939,#5940));
#5917 = ORIENTED_EDGE('',*,*,#5918,.F.);
#5918 = EDGE_CURVE('',#3491,#5133,#5919,.T.);
#5919 = SURFACE_CURVE('',#5920,(#5924,#5931),.PCURVE_S1.);
#5920 = LINE('',#5921,#5922);
#5921 = CARTESIAN_POINT('',(-12.6961524227,9.990353928239,-6.));
#5922 = VECTOR('',#5923,1.);
#5923 = DIRECTION('',(0.,0.,1.));
#5924 = PCURVE('',#3529,#5925);
#5925 = DEFINITIONAL_REPRESENTATION('',(#5926),#5930);
#5926 = LINE('',#5927,#5928);
#5927 = CARTESIAN_POINT('',(-0.,0.));
#5928 = VECTOR('',#5929,1.);
#5929 = DIRECTION('',(-0.,1.));
#5930 = ( GEOMETRIC_REPRESENTATION_CONTEXT(2) 
PARAMETRIC_REPRESENTATION_CONTEXT() REPRESENTATION_CONTEXT('2D SPACE',''
  ) );
#5931 = PCURVE('',#3561,#5932);
#5932 = DEFINITIONAL_REPRESENTATION('',(#5933),#5937);
#5933 = LINE('',#5934,#5935);
#5934 = CARTESIAN_POINT('',(0.,-15.));
#5935 = VECTOR('',#5936,1.);
#5936 = DIRECTION('',(1.,0.));
#5937 = ( GEOMETRIC_REPRESENTATION_CONTEXT(2) 
PARAMETRIC_REPRESENTATION_CONTEXT() REPRESENTATION_CONTEXT('2D SPACE',''
  ) );
#5938 = ORIENTED_EDGE('',*,*,#3514,.T.);
#5939 = ORIENTED_EDGE('',*,*,#5891,.T.);
#5940 = ORIENTED_EDGE('',*,*,#5132,.T.);
#5941 = ADVANCED_FACE('',(#5942),#3561,.F.);
#5942 = FACE_BOUND('',#5943,.F.);
#5943 = EDGE_LOOP('',(#5944,#5945,#5946,#5947));
#5944 = ORIENTED_EDGE('',*,*,#5783,.F.);
#5945 = ORIENTED_EDGE('',*,*,#3547,.T.);
#5946 = ORIENTED_EDGE('',*,*,#5918,.T.);
#5947 = ORIENTED_EDGE('',*,*,#5205,.F.);
#5948 = ADVANCED_FACE('',(#5949),#3663,.T.);
#5949 = FACE_BOUND('',#5950,.T.);
#5950 = EDGE_LOOP('',(#5951,#5972,#5973,#5994));
#5951 = ORIENTED_EDGE('',*,*,#5952,.F.);
#5952 = EDGE_CURVE('',#3604,#5499,#5953,.T.);
#5953 = SURFACE_CURVE('',#5954,(#5958,#5965),.PCURVE_S1.);
#5954 = LINE('',#5955,#5956);
#5955 = CARTESIAN_POINT('',(15.,-6.,-6.));
#5956 = VECTOR('',#5957,1.);
#5957 = DIRECTION('',(0.,0.,1.));
#5958 = PCURVE('',#3663,#5959);
#5959 = DEFINITIONAL_REPRESENTATION('',(#5960),#5964);
#5960 = LINE('',#5961,#5962);
#5961 = CARTESIAN_POINT('',(0.,0.));
#5962 = VECTOR('',#5963,1.);
#5963 = DIRECTION('',(0.,1.));
#5964 = ( GEOMETRIC_REPRESENTATION_CONTEXT(2) 
PARAMETRIC_REPRESENTATION_CONTEXT() REPRESENTATION_CONTEXT('2D SPACE',''
  ) );
#5965 = PCURVE('',#4317,#5966);
#5966 = DEFINITIONAL_REPRESENTATION('',(#5967),#5971);
#5967 = LINE('',#5968,#5969);
#5968 = CARTESIAN_POINT('',(0.,-3.));
#5969 = VECTOR('',#5970,1.);
#5970 = DIRECTION('',(1.,0.));
#5971 = ( GEOMETRIC_REPRESENTATION_CONTEXT(2) 
PARAMETRIC_REPRESENTATION_CONTEXT() REPRESENTATION_CONTEXT('2D SPACE',''
  ) );
#5972 = ORIENTED_EDGE('',*,*,#3648,.T.);
#5973 = ORIENTED_EDGE('',*,*,#5974,.T.);
#5974 = EDGE_CURVE('',#3627,#5258,#5975,.T.);
#5975 = SURFACE_CURVE('',#5976,(#5980,#5987),.PCURVE_S1.);
#5976 = LINE('',#5977,#5978);
#5977 = CARTESIAN_POINT('',(18.,-9.,-6.));
#5978 = VECTOR('',#5979,1.);
#5979 = DIRECTION('',(0.,0.,1.));
#5980 = PCURVE('',#3663,#5981);
#5981 = DEFINITIONAL_REPRESENTATION('',(#5982),#5986);
#5982 = LINE('',#5983,#5984);
#5983 = CARTESIAN_POINT('',(1.570796326795,0.));
#5984 = VECTOR('',#5985,1.);
#5985 = DIRECTION('',(0.,1.));
#5986 = ( GEOMETRIC_REPRESENTATION_CONTEXT(2) 
PARAMETRIC_REPRESENTATION_CONTEXT() REPRESENTATION_CONTEXT('2D SPACE',''
  ) );
#5987 = PCURVE('',#3716,#5988);
#5988 = DEFINITIONAL_REPRESENTATION('',(#5989),#5993);
#5989 = LINE('',#5990,#5991);
#5990 = CARTESIAN_POINT('',(0.,3.));
#5991 = VECTOR('',#5992,1.);
#5992 = DIRECTION('',(1.,0.));
#5993 = ( GEOMETRIC_REPRESENTATION_CONTEXT(2) 
PARAMETRIC_REPRESENTATION_CONTEXT() REPRESENTATION_CONTEXT('2D SPACE',''
  ) );
#5994 = ORIENTED_EDGE('',*,*,#5549,.F.);
#5995 = ADVANCED_FACE('',(#5996),#3716,.F.);
#5996 = FACE_BOUND('',#5997,.F.);
#5997 = EDGE_LOOP('',(#5998,#5999,#6000,#6021));
#5998 = ORIENTED_EDGE('',*,*,#5974,.T.);
#5999 = ORIENTED_EDGE('',*,*,#5302,.T.);
#6000 = ORIENTED_EDGE('',*,*,#6001,.F.);
#6001 = EDGE_CURVE('',#3681,#5281,#6002,.T.);
#6002 = SURFACE_CURVE('',#6003,(#6007,#6014),.PCURVE_S1.);
#6003 = LINE('',#6004,#6005);
#6004 = CARTESIAN_POINT('',(23.5,-9.,-6.));
#6005 = VECTOR('',#6006,1.);
#6006 = DIRECTION('',(0.,0.,1.));
#6007 = PCURVE('',#3716,#6008);
#6008 = DEFINITIONAL_REPRESENTATION('',(#6009),#6013);
#6009 = LINE('',#6010,#6011);
#6010 = CARTESIAN_POINT('',(0.,8.5));
#6011 = VECTOR('',#6012,1.);
#6012 = DIRECTION('',(1.,0.));
#6013 = ( GEOMETRIC_REPRESENTATION_CONTEXT(2) 
PARAMETRIC_REPRESENTATION_CONTEXT() REPRESENTATION_CONTEXT('2D SPACE',''
  ) );
#6014 = PCURVE('',#3822,#6015);
#6015 = DEFINITIONAL_REPRESENTATION('',(#6016),#6020);
#6016 = LINE('',#6017,#6018);
#6017 = CARTESIAN_POINT('',(-1.570796326795,0.));
#6018 = VECTOR('',#6019,1.);
#6019 = DIRECTION('',(-0.,1.));
#6020 = ( GEOMETRIC_REPRESENTATION_CONTEXT(2) 
PARAMETRIC_REPRESENTATION_CONTEXT() REPRESENTATION_CONTEXT('2D SPACE',''
  ) );
#6021 = ORIENTED_EDGE('',*,*,#3702,.F.);
#6022 = ADVANCED_FACE('',(#6023),#3822,.T.);
#6023 = FACE_BOUND('',#6024,.F.);
#6024 = EDGE_LOOP('',(#6025,#6026,#6027,#6028));
#6025 = ORIENTED_EDGE('',*,*,#4121,.F.);
#6026 = ORIENTED_EDGE('',*,*,#3807,.T.);
#6027 = ORIENTED_EDGE('',*,*,#6001,.T.);
#6028 = ORIENTED_EDGE('',*,*,#5329,.F.);
#6029 = ADVANCED_FACE('',(#6030),#3927,.T.);
#6030 = FACE_BOUND('',#6031,.T.);
#6031 = EDGE_LOOP('',(#6032,#6033,#6034,#6055));
#6032 = ORIENTED_EDGE('',*,*,#3912,.F.);
#6033 = ORIENTED_EDGE('',*,*,#4168,.T.);
#6034 = ORIENTED_EDGE('',*,*,#6035,.T.);
#6035 = EDGE_CURVE('',#4147,#5355,#6036,.T.);
#6036 = SURFACE_CURVE('',#6037,(#6041,#6048),.PCURVE_S1.);
#6037 = LINE('',#6038,#6039);
#6038 = CARTESIAN_POINT('',(23.5,9.,-6.));
#6039 = VECTOR('',#6040,1.);
#6040 = DIRECTION('',(0.,0.,1.));
#6041 = PCURVE('',#3927,#6042);
#6042 = DEFINITIONAL_REPRESENTATION('',(#6043),#6047);
#6043 = LINE('',#6044,#6045);
#6044 = CARTESIAN_POINT('',(1.570796326795,0.));
#6045 = VECTOR('',#6046,1.);
#6046 = DIRECTION('',(0.,1.));
#6047 = ( GEOMETRIC_REPRESENTATION_CONTEXT(2) 
PARAMETRIC_REPRESENTATION_CONTEXT() REPRESENTATION_CONTEXT('2D SPACE',''
  ) );
#6048 = PCURVE('',#4231,#6049);
#6049 = DEFINITIONAL_REPRESENTATION('',(#6050),#6054);
#6050 = LINE('',#6051,#6052);
#6051 = CARTESIAN_POINT('',(0.,8.5));
#6052 = VECTOR('',#6053,1.);
#6053 = DIRECTION('',(1.,0.));
#6054 = ( GEOMETRIC_REPRESENTATION_CONTEXT(2) 
PARAMETRIC_REPRESENTATION_CONTEXT() REPRESENTATION_CONTEXT('2D SPACE',''
  ) );
#6055 = ORIENTED_EDGE('',*,*,#5378,.T.);
#6056 = ADVANCED_FACE('',(#6057),#4231,.T.);
#6057 = FACE_BOUND('',#6058,.T.);
#6058 = EDGE_LOOP('',(#6059,#6080,#6081,#6082));
#6059 = ORIENTED_EDGE('',*,*,#6060,.T.);
#6060 = EDGE_CURVE('',#4194,#5402,#6061,.T.);
#6061 = SURFACE_CURVE('',#6062,(#6066,#6073),.PCURVE_S1.);
#6062 = LINE('',#6063,#6064);
#6063 = CARTESIAN_POINT('',(18.,9.,-6.));
#6064 = VECTOR('',#6065,1.);
#6065 = DIRECTION('',(0.,0.,1.));
#6066 = PCURVE('',#4231,#6067);
#6067 = DEFINITIONAL_REPRESENTATION('',(#6068),#6072);
#6068 = LINE('',#6069,#6070);
#6069 = CARTESIAN_POINT('',(0.,3.));
#6070 = VECTOR('',#6071,1.);
#6071 = DIRECTION('',(1.,0.));
#6072 = ( GEOMETRIC_REPRESENTATION_CONTEXT(2) 
PARAMETRIC_REPRESENTATION_CONTEXT() REPRESENTATION_CONTEXT('2D SPACE',''
  ) );
#6073 = PCURVE('',#4285,#6074);
#6074 = DEFINITIONAL_REPRESENTATION('',(#6075),#6079);
#6075 = LINE('',#6076,#6077);
#6076 = CARTESIAN_POINT('',(-1.570796326795,0.));
#6077 = VECTOR('',#6078,1.);
#6078 = DIRECTION('',(-0.,1.));
#6079 = ( GEOMETRIC_REPRESENTATION_CONTEXT(2) 
PARAMETRIC_REPRESENTATION_CONTEXT() REPRESENTATION_CONTEXT('2D SPACE',''
  ) );
#6080 = ORIENTED_EDGE('',*,*,#5401,.T.);
#6081 = ORIENTED_EDGE('',*,*,#6035,.F.);
#6082 = ORIENTED_EDGE('',*,*,#4217,.F.);
#6083 = ADVANCED_FACE('',(#6084),#4285,.T.);
#6084 = FACE_BOUND('',#6085,.F.);
#6085 = EDGE_LOOP('',(#6086,#6107,#6108,#6109));
#6086 = ORIENTED_EDGE('',*,*,#6087,.F.);
#6087 = EDGE_CURVE('',#4247,#5450,#6088,.T.);
#6088 = SURFACE_CURVE('',#6089,(#6093,#6100),.PCURVE_S1.);
#6089 = LINE('',#6090,#6091);
#6090 = CARTESIAN_POINT('',(15.,6.,-6.));
#6091 = VECTOR('',#6092,1.);
#6092 = DIRECTION('',(0.,0.,1.));
#6093 = PCURVE('',#4285,#6094);
#6094 = DEFINITIONAL_REPRESENTATION('',(#6095),#6099);
#6095 = LINE('',#6096,#6097);
#6096 = CARTESIAN_POINT('',(-0.,0.));
#6097 = VECTOR('',#6098,1.);
#6098 = DIRECTION('',(-0.,1.));
#6099 = ( GEOMETRIC_REPRESENTATION_CONTEXT(2) 
PARAMETRIC_REPRESENTATION_CONTEXT() REPRESENTATION_CONTEXT('2D SPACE',''
  ) );
#6100 = PCURVE('',#4317,#6101);
#6101 = DEFINITIONAL_REPRESENTATION('',(#6102),#6106);
#6102 = LINE('',#6103,#6104);
#6103 = CARTESIAN_POINT('',(0.,-15.));
#6104 = VECTOR('',#6105,1.);
#6105 = DIRECTION('',(1.,0.));
#6106 = ( GEOMETRIC_REPRESENTATION_CONTEXT(2) 
PARAMETRIC_REPRESENTATION_CONTEXT() REPRESENTATION_CONTEXT('2D SPACE',''
  ) );
#6107 = ORIENTED_EDGE('',*,*,#4270,.T.);
#6108 = ORIENTED_EDGE('',*,*,#6060,.T.);
#6109 = ORIENTED_EDGE('',*,*,#5449,.T.);
#6110 = ADVANCED_FACE('',(#6111),#4317,.F.);
#6111 = FACE_BOUND('',#6112,.F.);
#6112 = EDGE_LOOP('',(#6113,#6114,#6115,#6116));
#6113 = ORIENTED_EDGE('',*,*,#5952,.F.);
#6114 = ORIENTED_EDGE('',*,*,#4303,.T.);
#6115 = ORIENTED_EDGE('',*,*,#6087,.T.);
#6116 = ORIENTED_EDGE('',*,*,#5522,.F.);
#6117 = ADVANCED_FACE('',(#6118),#4392,.T.);
#6118 = FACE_BOUND('',#6119,.T.);
#6119 = EDGE_LOOP('',(#6120,#6141,#6142,#6143));
#6120 = ORIENTED_EDGE('',*,*,#6121,.F.);
#6121 = EDGE_CURVE('',#4333,#5672,#6122,.T.);
#6122 = SURFACE_CURVE('',#6123,(#6127,#6134),.PCURVE_S1.);
#6123 = LINE('',#6124,#6125);
#6124 = CARTESIAN_POINT('',(-12.6961524227,-9.990353928239,-6.));
#6125 = VECTOR('',#6126,1.);
#6126 = DIRECTION('',(0.,0.,1.));
#6127 = PCURVE('',#4392,#6128);
#6128 = DEFINITIONAL_REPRESENTATION('',(#6129),#6133);
#6129 = LINE('',#6130,#6131);
#6130 = CARTESIAN_POINT('',(0.,0.));
#6131 = VECTOR('',#6132,1.);
#6132 = DIRECTION('',(0.,1.));
#6133 = ( GEOMETRIC_REPRESENTATION_CONTEXT(2) 
PARAMETRIC_REPRESENTATION_CONTEXT() REPRESENTATION_CONTEXT('2D SPACE',''
  ) );
#6134 = PCURVE('',#4553,#6135);
#6135 = DEFINITIONAL_REPRESENTATION('',(#6136),#6140);
#6136 = LINE('',#6137,#6138);
#6137 = CARTESIAN_POINT('',(0.,-3.));
#6138 = VECTOR('',#6139,1.);
#6139 = DIRECTION('',(1.,0.));
#6140 = ( GEOMETRIC_REPRESENTATION_CONTEXT(2) 
PARAMETRIC_REPRESENTATION_CONTEXT() REPRESENTATION_CONTEXT('2D SPACE',''
  ) );
#6141 = ORIENTED_EDGE('',*,*,#4377,.T.);
#6142 = ORIENTED_EDGE('',*,*,#4568,.T.);
#6143 = ORIENTED_EDGE('',*,*,#5722,.F.);
#6144 = ADVANCED_FACE('',(#6145),#4521,.T.);
#6145 = FACE_BOUND('',#6146,.F.);
#6146 = EDGE_LOOP('',(#6147,#6168,#6169,#6170));
#6147 = ORIENTED_EDGE('',*,*,#6148,.F.);
#6148 = EDGE_CURVE('',#4483,#5623,#6149,.T.);
#6149 = SURFACE_CURVE('',#6150,(#6154,#6161),.PCURVE_S1.);
#6150 = LINE('',#6151,#6152);
#6151 = CARTESIAN_POINT('',(-2.303847577293,-15.99035392823,-6.));
#6152 = VECTOR('',#6153,1.);
#6153 = DIRECTION('',(0.,0.,1.));
#6154 = PCURVE('',#4521,#6155);
#6155 = DEFINITIONAL_REPRESENTATION('',(#6156),#6160);
#6156 = LINE('',#6157,#6158);
#6157 = CARTESIAN_POINT('',(-0.,0.));
#6158 = VECTOR('',#6159,1.);
#6159 = DIRECTION('',(-0.,1.));
#6160 = ( GEOMETRIC_REPRESENTATION_CONTEXT(2) 
PARAMETRIC_REPRESENTATION_CONTEXT() REPRESENTATION_CONTEXT('2D SPACE',''
  ) );
#6161 = PCURVE('',#4553,#6162);
#6162 = DEFINITIONAL_REPRESENTATION('',(#6163),#6167);
#6163 = LINE('',#6164,#6165);
#6164 = CARTESIAN_POINT('',(0.,-15.));
#6165 = VECTOR('',#6166,1.);
#6166 = DIRECTION('',(1.,0.));
#6167 = ( GEOMETRIC_REPRESENTATION_CONTEXT(2) 
PARAMETRIC_REPRESENTATION_CONTEXT() REPRESENTATION_CONTEXT('2D SPACE',''
  ) );
#6168 = ORIENTED_EDGE('',*,*,#4506,.T.);
#6169 = ORIENTED_EDGE('',*,*,#5747,.T.);
#6170 = ORIENTED_EDGE('',*,*,#5622,.T.);
#6171 = ADVANCED_FACE('',(#6172),#4553,.F.);
#6172 = FACE_BOUND('',#6173,.F.);
#6173 = EDGE_LOOP('',(#6174,#6175,#6176,#6177));
#6174 = ORIENTED_EDGE('',*,*,#6121,.F.);
#6175 = ORIENTED_EDGE('',*,*,#4539,.T.);
#6176 = ORIENTED_EDGE('',*,*,#6148,.T.);
#6177 = ORIENTED_EDGE('',*,*,#5695,.F.);
#6178 = ADVANCED_FACE('',(#6179),#4682,.T.);
#6179 = FACE_BOUND('',#6180,.T.);
#6180 = EDGE_LOOP('',(#6181,#6182,#6183,#6184,#6185,#6186));
#6181 = ORIENTED_EDGE('',*,*,#4665,.F.);
#6182 = ORIENTED_EDGE('',*,*,#4790,.T.);
#6183 = ORIENTED_EDGE('',*,*,#4886,.T.);
#6184 = ORIENTED_EDGE('',*,*,#4915,.T.);
#6185 = ORIENTED_EDGE('',*,*,#4816,.T.);
#6186 = ORIENTED_EDGE('',*,*,#4743,.T.);
#6187 = ( GEOMETRIC_REPRESENTATION_CONTEXT(3) 
GLOBAL_UNCERTAINTY_ASSIGNED_CONTEXT((#6191)) 
GLOBAL_UNIT_ASSIGNED_CONTEXT((#6188,#6189,#6190)) REPRESENTATION_CONTEXT
('Context #1','3D Context with UNIT and UNCERTAINTY') );
#6188 = ( LENGTH_UNIT() NAMED_UNIT(*) SI_UNIT(.MILLI.,.METRE.) );
#6189 = ( NAMED_UNIT(*) PLANE_ANGLE_UNIT() SI_UNIT($,.RADIAN.) );
#6190 = ( NAMED_UNIT(*) SI_UNIT($,.STERADIAN.) SOLID_ANGLE_UNIT() );
#6191 = UNCERTAINTY_MEASURE_WITH_UNIT(LENGTH_MEASURE(1.E-07),#6188,
  'distance_accuracy_value','confusion accuracy');
#6192 = PRODUCT_RELATED_PRODUCT_CATEGORY('part',$,(#7));
ENDSEC;
END-ISO-10303-21;
