ISO-10303-21;
HEADER;
FILE_DESCRIPTION(('Open CASCADE Model'),'2;1');
FILE_NAME('Open CASCADE Shape Model','2026-03-19T01:09:01',('Author'),(
    'Open CASCADE'),'Open CASCADE STEP processor 7.8','Open CASCADE 7.8'
  ,'Unknown');
FILE_SCHEMA(('AUTOMOTIVE_DESIGN { 1 0 10303 214 1 1 1 1 }'));
ENDSEC;
DATA;
#1 = APPLICATION_PROTOCOL_DEFINITION('international standard',
  'automotive_design',2000,#2);
#2 = APPLICATION_CONTEXT(
  'core data for automotive mechanical design processes');
#3 = SHAPE_DEFINITION_REPRESENTATION(#4,#10);
#4 = PRODUCT_DEFINITION_SHAPE('','',#5);
#5 = PRODUCT_DEFINITION('design','',#6,#9);
#6 = PRODUCT_DEFINITION_FORMATION('','',#7);
#7 = PRODUCT('Open CASCADE STEP translator 7.8 1',
  'Open CASCADE STEP translator 7.8 1','',(#8));
#8 = PRODUCT_CONTEXT('',#2,'mechanical');
#9 = PRODUCT_DEFINITION_CONTEXT('part definition',#2,'design');
#10 = SHAPE_REPRESENTATION('',(#11,#15,#19,#23,#27),#31);
#11 = AXIS2_PLACEMENT_3D('',#12,#13,#14);
#12 = CARTESIAN_POINT('',(0.,0.,0.));
#13 = DIRECTION('',(0.,0.,1.));
#14 = DIRECTION('',(1.,0.,-0.));
#15 = AXIS2_PLACEMENT_3D('',#16,#17,#18);
#16 = CARTESIAN_POINT('',(0.,0.,0.));
#17 = DIRECTION('',(0.,0.,1.));
#18 = DIRECTION('',(1.,0.,-0.));
#19 = AXIS2_PLACEMENT_3D('',#20,#21,#22);
#20 = CARTESIAN_POINT('',(0.,0.,0.));
#21 = DIRECTION('',(0.,0.,1.));
#22 = DIRECTION('',(1.,0.,-0.));
#23 = AXIS2_PLACEMENT_3D('',#24,#25,#26);
#24 = CARTESIAN_POINT('',(0.,0.,0.));
#25 = DIRECTION('',(0.,0.,1.));
#26 = DIRECTION('',(1.,0.,-0.));
#27 = AXIS2_PLACEMENT_3D('',#28,#29,#30);
#28 = CARTESIAN_POINT('',(0.,0.,0.));
#29 = DIRECTION('',(0.,0.,1.));
#30 = DIRECTION('',(1.,0.,-0.));
#31 = ( GEOMETRIC_REPRESENTATION_CONTEXT(3) 
GLOBAL_UNCERTAINTY_ASSIGNED_CONTEXT((#35)) GLOBAL_UNIT_ASSIGNED_CONTEXT(
(#32,#33,#34)) REPRESENTATION_CONTEXT('Context #1',
  '3D Context with UNIT and UNCERTAINTY') );
#32 = ( LENGTH_UNIT() NAMED_UNIT(*) SI_UNIT(.MILLI.,.METRE.) );
#33 = ( NAMED_UNIT(*) PLANE_ANGLE_UNIT() SI_UNIT($,.RADIAN.) );
#34 = ( NAMED_UNIT(*) SI_UNIT($,.STERADIAN.) SOLID_ANGLE_UNIT() );
#35 = UNCERTAINTY_MEASURE_WITH_UNIT(LENGTH_MEASURE(2.E-07),#32,
  'distance_accuracy_value','confusion accuracy');
#36 = PRODUCT_RELATED_PRODUCT_CATEGORY('part',$,(#7));
#37 = SHAPE_DEFINITION_REPRESENTATION(#38,#44);
#38 = PRODUCT_DEFINITION_SHAPE('','',#39);
#39 = PRODUCT_DEFINITION('design','',#40,#43);
#40 = PRODUCT_DEFINITION_FORMATION('','',#41);
#41 = PRODUCT('Open CASCADE STEP translator 7.8 1.1',
  'Open CASCADE STEP translator 7.8 1.1','',(#42));
#42 = PRODUCT_CONTEXT('',#2,'mechanical');
#43 = PRODUCT_DEFINITION_CONTEXT('part definition',#2,'design');
#44 = ADVANCED_BREP_SHAPE_REPRESENTATION('',(#11,#45),#2669);
#45 = MANIFOLD_SOLID_BREP('',#46);
#46 = CLOSED_SHELL('',(#47,#167,#255,#334,#414,#490,#520,#550,#626,#738,
    #763,#849,#879,#955,#986,#1043,#1121,#1152,#1219,#1274,#1327,#1408,
    #1459,#1511,#1580,#1586,#1644,#1674,#1701,#1707,#1820,#1875,#1925,
    #1980,#2033,#2060,#2114,#2167,#2237,#2287,#2359,#2433,#2439,#2445,
    #2477,#2525,#2573,#2602,#2608,#2635,#2662));
#47 = ADVANCED_FACE('',(#48),#62,.F.);
#48 = FACE_BOUND('',#49,.F.);
#49 = EDGE_LOOP('',(#50,#85,#113,#141));
#50 = ORIENTED_EDGE('',*,*,#51,.F.);
#51 = EDGE_CURVE('',#52,#54,#56,.T.);
#52 = VERTEX_POINT('',#53);
#53 = CARTESIAN_POINT('',(-250.,-180.,-180.));
#54 = VERTEX_POINT('',#55);
#55 = CARTESIAN_POINT('',(-250.,-180.,-20.));
#56 = SURFACE_CURVE('',#57,(#61,#73),.PCURVE_S1.);
#57 = LINE('',#58,#59);
#58 = CARTESIAN_POINT('',(-250.,-180.,-200.));
#59 = VECTOR('',#60,1.);
#60 = DIRECTION('',(0.,0.,1.));
#61 = PCURVE('',#62,#67);
#62 = PLANE('',#63);
#63 = AXIS2_PLACEMENT_3D('',#64,#65,#66);
#64 = CARTESIAN_POINT('',(-250.,-200.,-200.));
#65 = DIRECTION('',(1.,0.,0.));
#66 = DIRECTION('',(0.,0.,1.));
#67 = DEFINITIONAL_REPRESENTATION('',(#68),#72);
#68 = LINE('',#69,#70);
#69 = CARTESIAN_POINT('',(0.,-20.));
#70 = VECTOR('',#71,1.);
#71 = DIRECTION('',(1.,0.));
#72 = ( GEOMETRIC_REPRESENTATION_CONTEXT(2) 
PARAMETRIC_REPRESENTATION_CONTEXT() REPRESENTATION_CONTEXT('2D SPACE',''
  ) );
#73 = PCURVE('',#74,#79);
#74 = CYLINDRICAL_SURFACE('',#75,20.);
#75 = AXIS2_PLACEMENT_3D('',#76,#77,#78);
#76 = CARTESIAN_POINT('',(-230.,-180.,-200.));
#77 = DIRECTION('',(0.,0.,1.));
#78 = DIRECTION('',(-1.,-0.,0.));
#79 = DEFINITIONAL_REPRESENTATION('',(#80),#84);
#80 = LINE('',#81,#82);
#81 = CARTESIAN_POINT('',(0.,0.));
#82 = VECTOR('',#83,1.);
#83 = DIRECTION('',(0.,1.));
#84 = ( GEOMETRIC_REPRESENTATION_CONTEXT(2) 
PARAMETRIC_REPRESENTATION_CONTEXT() REPRESENTATION_CONTEXT('2D SPACE',''
  ) );
#85 = ORIENTED_EDGE('',*,*,#86,.T.);
#86 = EDGE_CURVE('',#52,#87,#89,.T.);
#87 = VERTEX_POINT('',#88);
#88 = CARTESIAN_POINT('',(-250.,180.,-180.));
#89 = SURFACE_CURVE('',#90,(#94,#101),.PCURVE_S1.);
#90 = LINE('',#91,#92);
#91 = CARTESIAN_POINT('',(-250.,-200.,-180.));
#92 = VECTOR('',#93,1.);
#93 = DIRECTION('',(0.,1.,0.));
#94 = PCURVE('',#62,#95);
#95 = DEFINITIONAL_REPRESENTATION('',(#96),#100);
#96 = LINE('',#97,#98);
#97 = CARTESIAN_POINT('',(20.,0.));
#98 = VECTOR('',#99,1.);
#99 = DIRECTION('',(0.,-1.));
#100 = ( GEOMETRIC_REPRESENTATION_CONTEXT(2) 
PARAMETRIC_REPRESENTATION_CONTEXT() REPRESENTATION_CONTEXT('2D SPACE',''
  ) );
#101 = PCURVE('',#102,#107);
#102 = CYLINDRICAL_SURFACE('',#103,20.);
#103 = AXIS2_PLACEMENT_3D('',#104,#105,#106);
#104 = CARTESIAN_POINT('',(-230.,-200.,-180.));
#105 = DIRECTION('',(0.,1.,0.));
#106 = DIRECTION('',(-1.,0.,0.));
#107 = DEFINITIONAL_REPRESENTATION('',(#108),#112);
#108 = LINE('',#109,#110);
#109 = CARTESIAN_POINT('',(-0.,0.));
#110 = VECTOR('',#111,1.);
#111 = DIRECTION('',(-0.,1.));
#112 = ( GEOMETRIC_REPRESENTATION_CONTEXT(2) 
PARAMETRIC_REPRESENTATION_CONTEXT() REPRESENTATION_CONTEXT('2D SPACE',''
  ) );
#113 = ORIENTED_EDGE('',*,*,#114,.T.);
#114 = EDGE_CURVE('',#87,#115,#117,.T.);
#115 = VERTEX_POINT('',#116);
#116 = CARTESIAN_POINT('',(-250.,180.,-20.));
#117 = SURFACE_CURVE('',#118,(#122,#129),.PCURVE_S1.);
#118 = LINE('',#119,#120);
#119 = CARTESIAN_POINT('',(-250.,180.,-200.));
#120 = VECTOR('',#121,1.);
#121 = DIRECTION('',(0.,0.,1.));
#122 = PCURVE('',#62,#123);
#123 = DEFINITIONAL_REPRESENTATION('',(#124),#128);
#124 = LINE('',#125,#126);
#125 = CARTESIAN_POINT('',(0.,-380.));
#126 = VECTOR('',#127,1.);
#127 = DIRECTION('',(1.,0.));
#128 = ( GEOMETRIC_REPRESENTATION_CONTEXT(2) 
PARAMETRIC_REPRESENTATION_CONTEXT() REPRESENTATION_CONTEXT('2D SPACE',''
  ) );
#129 = PCURVE('',#130,#135);
#130 = CYLINDRICAL_SURFACE('',#131,20.);
#131 = AXIS2_PLACEMENT_3D('',#132,#133,#134);
#132 = CARTESIAN_POINT('',(-230.,180.,-200.));
#133 = DIRECTION('',(0.,0.,1.));
#134 = DIRECTION('',(-1.,-0.,0.));
#135 = DEFINITIONAL_REPRESENTATION('',(#136),#140);
#136 = LINE('',#137,#138);
#137 = CARTESIAN_POINT('',(-0.,0.));
#138 = VECTOR('',#139,1.);
#139 = DIRECTION('',(-0.,1.));
#140 = ( GEOMETRIC_REPRESENTATION_CONTEXT(2) 
PARAMETRIC_REPRESENTATION_CONTEXT() REPRESENTATION_CONTEXT('2D SPACE',''
  ) );
#141 = ORIENTED_EDGE('',*,*,#142,.F.);
#142 = EDGE_CURVE('',#54,#115,#143,.T.);
#143 = SURFACE_CURVE('',#144,(#148,#155),.PCURVE_S1.);
#144 = LINE('',#145,#146);
#145 = CARTESIAN_POINT('',(-250.,-200.,-20.));
#146 = VECTOR('',#147,1.);
#147 = DIRECTION('',(0.,1.,0.));
#148 = PCURVE('',#62,#149);
#149 = DEFINITIONAL_REPRESENTATION('',(#150),#154);
#150 = LINE('',#151,#152);
#151 = CARTESIAN_POINT('',(180.,0.));
#152 = VECTOR('',#153,1.);
#153 = DIRECTION('',(0.,-1.));
#154 = ( GEOMETRIC_REPRESENTATION_CONTEXT(2) 
PARAMETRIC_REPRESENTATION_CONTEXT() REPRESENTATION_CONTEXT('2D SPACE',''
  ) );
#155 = PCURVE('',#156,#161);
#156 = CYLINDRICAL_SURFACE('',#157,20.);
#157 = AXIS2_PLACEMENT_3D('',#158,#159,#160);
#158 = CARTESIAN_POINT('',(-230.,-200.,-20.));
#159 = DIRECTION('',(0.,1.,0.));
#160 = DIRECTION('',(-1.,0.,0.));
#161 = DEFINITIONAL_REPRESENTATION('',(#162),#166);
#162 = LINE('',#163,#164);
#163 = CARTESIAN_POINT('',(0.,0.));
#164 = VECTOR('',#165,1.);
#165 = DIRECTION('',(0.,1.));
#166 = ( GEOMETRIC_REPRESENTATION_CONTEXT(2) 
PARAMETRIC_REPRESENTATION_CONTEXT() REPRESENTATION_CONTEXT('2D SPACE',''
  ) );
#167 = ADVANCED_FACE('',(#168),#74,.T.);
#168 = FACE_BOUND('',#169,.T.);
#169 = EDGE_LOOP('',(#170,#171,#200,#228));
#170 = ORIENTED_EDGE('',*,*,#51,.F.);
#171 = ORIENTED_EDGE('',*,*,#172,.T.);
#172 = EDGE_CURVE('',#52,#173,#175,.T.);
#173 = VERTEX_POINT('',#174);
#174 = CARTESIAN_POINT('',(-230.,-200.,-180.));
#175 = SURFACE_CURVE('',#176,(#181,#188),.PCURVE_S1.);
#176 = CIRCLE('',#177,20.);
#177 = AXIS2_PLACEMENT_3D('',#178,#179,#180);
#178 = CARTESIAN_POINT('',(-230.,-180.,-180.));
#179 = DIRECTION('',(0.,0.,1.));
#180 = DIRECTION('',(-1.,0.,0.));
#181 = PCURVE('',#74,#182);
#182 = DEFINITIONAL_REPRESENTATION('',(#183),#187);
#183 = LINE('',#184,#185);
#184 = CARTESIAN_POINT('',(0.,20.));
#185 = VECTOR('',#186,1.);
#186 = DIRECTION('',(1.,0.));
#187 = ( GEOMETRIC_REPRESENTATION_CONTEXT(2) 
PARAMETRIC_REPRESENTATION_CONTEXT() REPRESENTATION_CONTEXT('2D SPACE',''
  ) );
#188 = PCURVE('',#189,#194);
#189 = SPHERICAL_SURFACE('',#190,20.);
#190 = AXIS2_PLACEMENT_3D('',#191,#192,#193);
#191 = CARTESIAN_POINT('',(-230.,-180.,-180.));
#192 = DIRECTION('',(0.,0.,1.));
#193 = DIRECTION('',(-1.,0.,0.));
#194 = DEFINITIONAL_REPRESENTATION('',(#195),#199);
#195 = LINE('',#196,#197);
#196 = CARTESIAN_POINT('',(0.,0.));
#197 = VECTOR('',#198,1.);
#198 = DIRECTION('',(1.,0.));
#199 = ( GEOMETRIC_REPRESENTATION_CONTEXT(2) 
PARAMETRIC_REPRESENTATION_CONTEXT() REPRESENTATION_CONTEXT('2D SPACE',''
  ) );
#200 = ORIENTED_EDGE('',*,*,#201,.T.);
#201 = EDGE_CURVE('',#173,#202,#204,.T.);
#202 = VERTEX_POINT('',#203);
#203 = CARTESIAN_POINT('',(-230.,-200.,-20.));
#204 = SURFACE_CURVE('',#205,(#209,#216),.PCURVE_S1.);
#205 = LINE('',#206,#207);
#206 = CARTESIAN_POINT('',(-230.,-200.,-200.));
#207 = VECTOR('',#208,1.);
#208 = DIRECTION('',(0.,0.,1.));
#209 = PCURVE('',#74,#210);
#210 = DEFINITIONAL_REPRESENTATION('',(#211),#215);
#211 = LINE('',#212,#213);
#212 = CARTESIAN_POINT('',(1.570796326795,0.));
#213 = VECTOR('',#214,1.);
#214 = DIRECTION('',(0.,1.));
#215 = ( GEOMETRIC_REPRESENTATION_CONTEXT(2) 
PARAMETRIC_REPRESENTATION_CONTEXT() REPRESENTATION_CONTEXT('2D SPACE',''
  ) );
#216 = PCURVE('',#217,#222);
#217 = PLANE('',#218);
#218 = AXIS2_PLACEMENT_3D('',#219,#220,#221);
#219 = CARTESIAN_POINT('',(-250.,-200.,-200.));
#220 = DIRECTION('',(0.,1.,0.));
#221 = DIRECTION('',(0.,0.,1.));
#222 = DEFINITIONAL_REPRESENTATION('',(#223),#227);
#223 = LINE('',#224,#225);
#224 = CARTESIAN_POINT('',(0.,20.));
#225 = VECTOR('',#226,1.);
#226 = DIRECTION('',(1.,0.));
#227 = ( GEOMETRIC_REPRESENTATION_CONTEXT(2) 
PARAMETRIC_REPRESENTATION_CONTEXT() REPRESENTATION_CONTEXT('2D SPACE',''
  ) );
#228 = ORIENTED_EDGE('',*,*,#229,.F.);
#229 = EDGE_CURVE('',#54,#202,#230,.T.);
#230 = SURFACE_CURVE('',#231,(#236,#243),.PCURVE_S1.);
#231 = CIRCLE('',#232,20.);
#232 = AXIS2_PLACEMENT_3D('',#233,#234,#235);
#233 = CARTESIAN_POINT('',(-230.,-180.,-20.));
#234 = DIRECTION('',(0.,0.,1.));
#235 = DIRECTION('',(-1.,0.,0.));
#236 = PCURVE('',#74,#237);
#237 = DEFINITIONAL_REPRESENTATION('',(#238),#242);
#238 = LINE('',#239,#240);
#239 = CARTESIAN_POINT('',(0.,180.));
#240 = VECTOR('',#241,1.);
#241 = DIRECTION('',(1.,0.));
#242 = ( GEOMETRIC_REPRESENTATION_CONTEXT(2) 
PARAMETRIC_REPRESENTATION_CONTEXT() REPRESENTATION_CONTEXT('2D SPACE',''
  ) );
#243 = PCURVE('',#244,#249);
#244 = SPHERICAL_SURFACE('',#245,20.);
#245 = AXIS2_PLACEMENT_3D('',#246,#247,#248);
#246 = CARTESIAN_POINT('',(-230.,-180.,-20.));
#247 = DIRECTION('',(-0.,-0.,-1.));
#248 = DIRECTION('',(-1.,0.,0.));
#249 = DEFINITIONAL_REPRESENTATION('',(#250),#254);
#250 = LINE('',#251,#252);
#251 = CARTESIAN_POINT('',(-0.,0.));
#252 = VECTOR('',#253,1.);
#253 = DIRECTION('',(-1.,0.));
#254 = ( GEOMETRIC_REPRESENTATION_CONTEXT(2) 
PARAMETRIC_REPRESENTATION_CONTEXT() REPRESENTATION_CONTEXT('2D SPACE',''
  ) );
#255 = ADVANCED_FACE('',(#256),#102,.T.);
#256 = FACE_BOUND('',#257,.F.);
#257 = EDGE_LOOP('',(#258,#280,#308,#333));
#258 = ORIENTED_EDGE('',*,*,#259,.F.);
#259 = EDGE_CURVE('',#260,#52,#262,.T.);
#260 = VERTEX_POINT('',#261);
#261 = CARTESIAN_POINT('',(-230.,-180.,-200.));
#262 = SURFACE_CURVE('',#263,(#268,#274),.PCURVE_S1.);
#263 = CIRCLE('',#264,20.);
#264 = AXIS2_PLACEMENT_3D('',#265,#266,#267);
#265 = CARTESIAN_POINT('',(-230.,-180.,-180.));
#266 = DIRECTION('',(0.,1.,-0.));
#267 = DIRECTION('',(-1.,0.,0.));
#268 = PCURVE('',#102,#269);
#269 = DEFINITIONAL_REPRESENTATION('',(#270),#273);
#270 = B_SPLINE_CURVE_WITH_KNOTS('',1,(#271,#272),.UNSPECIFIED.,.F.,.F.,
  (2,2),(4.712388980385,6.28318530718),.PIECEWISE_BEZIER_KNOTS.);
#271 = CARTESIAN_POINT('',(-1.570796326795,20.));
#272 = CARTESIAN_POINT('',(0.,20.));
#273 = ( GEOMETRIC_REPRESENTATION_CONTEXT(2) 
PARAMETRIC_REPRESENTATION_CONTEXT() REPRESENTATION_CONTEXT('2D SPACE',''
  ) );
#274 = PCURVE('',#189,#275);
#275 = DEFINITIONAL_REPRESENTATION('',(#276),#279);
#276 = B_SPLINE_CURVE_WITH_KNOTS('',1,(#277,#278),.UNSPECIFIED.,.F.,.F.,
  (2,2),(4.712388980385,6.28318530718),.PIECEWISE_BEZIER_KNOTS.);
#277 = CARTESIAN_POINT('',(0.,-1.570796326795));
#278 = CARTESIAN_POINT('',(0.,0.));
#279 = ( GEOMETRIC_REPRESENTATION_CONTEXT(2) 
PARAMETRIC_REPRESENTATION_CONTEXT() REPRESENTATION_CONTEXT('2D SPACE',''
  ) );
#280 = ORIENTED_EDGE('',*,*,#281,.T.);
#281 = EDGE_CURVE('',#260,#282,#284,.T.);
#282 = VERTEX_POINT('',#283);
#283 = CARTESIAN_POINT('',(-230.,180.,-200.));
#284 = SURFACE_CURVE('',#285,(#289,#296),.PCURVE_S1.);
#285 = LINE('',#286,#287);
#286 = CARTESIAN_POINT('',(-230.,-200.,-200.));
#287 = VECTOR('',#288,1.);
#288 = DIRECTION('',(0.,1.,0.));
#289 = PCURVE('',#102,#290);
#290 = DEFINITIONAL_REPRESENTATION('',(#291),#295);
#291 = LINE('',#292,#293);
#292 = CARTESIAN_POINT('',(-1.570796326795,0.));
#293 = VECTOR('',#294,1.);
#294 = DIRECTION('',(-0.,1.));
#295 = ( GEOMETRIC_REPRESENTATION_CONTEXT(2) 
PARAMETRIC_REPRESENTATION_CONTEXT() REPRESENTATION_CONTEXT('2D SPACE',''
  ) );
#296 = PCURVE('',#297,#302);
#297 = PLANE('',#298);
#298 = AXIS2_PLACEMENT_3D('',#299,#300,#301);
#299 = CARTESIAN_POINT('',(-250.,-200.,-200.));
#300 = DIRECTION('',(0.,0.,1.));
#301 = DIRECTION('',(1.,0.,0.));
#302 = DEFINITIONAL_REPRESENTATION('',(#303),#307);
#303 = LINE('',#304,#305);
#304 = CARTESIAN_POINT('',(20.,0.));
#305 = VECTOR('',#306,1.);
#306 = DIRECTION('',(0.,1.));
#307 = ( GEOMETRIC_REPRESENTATION_CONTEXT(2) 
PARAMETRIC_REPRESENTATION_CONTEXT() REPRESENTATION_CONTEXT('2D SPACE',''
  ) );
#308 = ORIENTED_EDGE('',*,*,#309,.T.);
#309 = EDGE_CURVE('',#282,#87,#310,.T.);
#310 = SURFACE_CURVE('',#311,(#316,#322),.PCURVE_S1.);
#311 = CIRCLE('',#312,20.);
#312 = AXIS2_PLACEMENT_3D('',#313,#314,#315);
#313 = CARTESIAN_POINT('',(-230.,180.,-180.));
#314 = DIRECTION('',(0.,1.,-0.));
#315 = DIRECTION('',(-1.,0.,0.));
#316 = PCURVE('',#102,#317);
#317 = DEFINITIONAL_REPRESENTATION('',(#318),#321);
#318 = B_SPLINE_CURVE_WITH_KNOTS('',1,(#319,#320),.UNSPECIFIED.,.F.,.F.,
  (2,2),(4.712388980385,6.28318530718),.PIECEWISE_BEZIER_KNOTS.);
#319 = CARTESIAN_POINT('',(-1.570796326795,380.));
#320 = CARTESIAN_POINT('',(0.,380.));
#321 = ( GEOMETRIC_REPRESENTATION_CONTEXT(2) 
PARAMETRIC_REPRESENTATION_CONTEXT() REPRESENTATION_CONTEXT('2D SPACE',''
  ) );
#322 = PCURVE('',#323,#328);
#323 = SPHERICAL_SURFACE('',#324,20.);
#324 = AXIS2_PLACEMENT_3D('',#325,#326,#327);
#325 = CARTESIAN_POINT('',(-230.,180.,-180.));
#326 = DIRECTION('',(0.,0.,1.));
#327 = DIRECTION('',(-1.,0.,0.));
#328 = DEFINITIONAL_REPRESENTATION('',(#329),#332);
#329 = B_SPLINE_CURVE_WITH_KNOTS('',1,(#330,#331),.UNSPECIFIED.,.F.,.F.,
  (2,2),(4.712388980385,6.28318530718),.PIECEWISE_BEZIER_KNOTS.);
#330 = CARTESIAN_POINT('',(0.,-1.570796326795));
#331 = CARTESIAN_POINT('',(0.,0.));
#332 = ( GEOMETRIC_REPRESENTATION_CONTEXT(2) 
PARAMETRIC_REPRESENTATION_CONTEXT() REPRESENTATION_CONTEXT('2D SPACE',''
  ) );
#333 = ORIENTED_EDGE('',*,*,#86,.F.);
#334 = ADVANCED_FACE('',(#335),#156,.T.);
#335 = FACE_BOUND('',#336,.T.);
#336 = EDGE_LOOP('',(#337,#359,#386,#413));
#337 = ORIENTED_EDGE('',*,*,#338,.F.);
#338 = EDGE_CURVE('',#339,#54,#341,.T.);
#339 = VERTEX_POINT('',#340);
#340 = CARTESIAN_POINT('',(-230.,-180.,0.));
#341 = SURFACE_CURVE('',#342,(#347,#353),.PCURVE_S1.);
#342 = CIRCLE('',#343,20.);
#343 = AXIS2_PLACEMENT_3D('',#344,#345,#346);
#344 = CARTESIAN_POINT('',(-230.,-180.,-20.));
#345 = DIRECTION('',(0.,-1.,0.));
#346 = DIRECTION('',(-1.,0.,0.));
#347 = PCURVE('',#156,#348);
#348 = DEFINITIONAL_REPRESENTATION('',(#349),#352);
#349 = B_SPLINE_CURVE_WITH_KNOTS('',1,(#350,#351),.UNSPECIFIED.,.F.,.F.,
  (2,2),(4.712388980385,6.28318530718),.PIECEWISE_BEZIER_KNOTS.);
#350 = CARTESIAN_POINT('',(1.570796326795,20.));
#351 = CARTESIAN_POINT('',(0.,20.));
#352 = ( GEOMETRIC_REPRESENTATION_CONTEXT(2) 
PARAMETRIC_REPRESENTATION_CONTEXT() REPRESENTATION_CONTEXT('2D SPACE',''
  ) );
#353 = PCURVE('',#244,#354);
#354 = DEFINITIONAL_REPRESENTATION('',(#355),#358);
#355 = B_SPLINE_CURVE_WITH_KNOTS('',1,(#356,#357),.UNSPECIFIED.,.F.,.F.,
  (2,2),(4.712388980385,6.28318530718),.PIECEWISE_BEZIER_KNOTS.);
#356 = CARTESIAN_POINT('',(0.,-1.570796326795));
#357 = CARTESIAN_POINT('',(0.,0.));
#358 = ( GEOMETRIC_REPRESENTATION_CONTEXT(2) 
PARAMETRIC_REPRESENTATION_CONTEXT() REPRESENTATION_CONTEXT('2D SPACE',''
  ) );
#359 = ORIENTED_EDGE('',*,*,#360,.T.);
#360 = EDGE_CURVE('',#339,#361,#363,.T.);
#361 = VERTEX_POINT('',#362);
#362 = CARTESIAN_POINT('',(-230.,180.,3.552713678801E-15));
#363 = SURFACE_CURVE('',#364,(#368,#375),.PCURVE_S1.);
#364 = LINE('',#365,#366);
#365 = CARTESIAN_POINT('',(-230.,-200.,3.552713678801E-15));
#366 = VECTOR('',#367,1.);
#367 = DIRECTION('',(0.,1.,0.));
#368 = PCURVE('',#156,#369);
#369 = DEFINITIONAL_REPRESENTATION('',(#370),#374);
#370 = LINE('',#371,#372);
#371 = CARTESIAN_POINT('',(1.570796326795,0.));
#372 = VECTOR('',#373,1.);
#373 = DIRECTION('',(0.,1.));
#374 = ( GEOMETRIC_REPRESENTATION_CONTEXT(2) 
PARAMETRIC_REPRESENTATION_CONTEXT() REPRESENTATION_CONTEXT('2D SPACE',''
  ) );
#375 = PCURVE('',#376,#381);
#376 = CYLINDRICAL_SURFACE('',#377,15.);
#377 = AXIS2_PLACEMENT_3D('',#378,#379,#380);
#378 = CARTESIAN_POINT('',(-230.,-195.,-15.));
#379 = DIRECTION('',(0.,1.,0.));
#380 = DIRECTION('',(-1.,0.,0.));
#381 = DEFINITIONAL_REPRESENTATION('',(#382),#385);
#382 = B_SPLINE_CURVE_WITH_KNOTS('',1,(#383,#384),.UNSPECIFIED.,.F.,.F.,
  (2,2),(20.,380.),.PIECEWISE_BEZIER_KNOTS.);
#383 = CARTESIAN_POINT('',(1.570796326795,15.));
#384 = CARTESIAN_POINT('',(1.570796326795,375.));
#385 = ( GEOMETRIC_REPRESENTATION_CONTEXT(2) 
PARAMETRIC_REPRESENTATION_CONTEXT() REPRESENTATION_CONTEXT('2D SPACE',''
  ) );
#386 = ORIENTED_EDGE('',*,*,#387,.F.);
#387 = EDGE_CURVE('',#115,#361,#388,.T.);
#388 = SURFACE_CURVE('',#389,(#394,#401),.PCURVE_S1.);
#389 = CIRCLE('',#390,20.);
#390 = AXIS2_PLACEMENT_3D('',#391,#392,#393);
#391 = CARTESIAN_POINT('',(-230.,180.,-20.));
#392 = DIRECTION('',(0.,1.,0.));
#393 = DIRECTION('',(-1.,0.,1.7763568394E-16));
#394 = PCURVE('',#156,#395);
#395 = DEFINITIONAL_REPRESENTATION('',(#396),#400);
#396 = LINE('',#397,#398);
#397 = CARTESIAN_POINT('',(0.,380.));
#398 = VECTOR('',#399,1.);
#399 = DIRECTION('',(1.,0.));
#400 = ( GEOMETRIC_REPRESENTATION_CONTEXT(2) 
PARAMETRIC_REPRESENTATION_CONTEXT() REPRESENTATION_CONTEXT('2D SPACE',''
  ) );
#401 = PCURVE('',#402,#407);
#402 = SPHERICAL_SURFACE('',#403,20.);
#403 = AXIS2_PLACEMENT_3D('',#404,#405,#406);
#404 = CARTESIAN_POINT('',(-230.,180.,-20.));
#405 = DIRECTION('',(-0.,-1.,-0.));
#406 = DIRECTION('',(-1.,0.,1.7763568394E-16));
#407 = DEFINITIONAL_REPRESENTATION('',(#408),#412);
#408 = LINE('',#409,#410);
#409 = CARTESIAN_POINT('',(-0.,0.));
#410 = VECTOR('',#411,1.);
#411 = DIRECTION('',(-1.,0.));
#412 = ( GEOMETRIC_REPRESENTATION_CONTEXT(2) 
PARAMETRIC_REPRESENTATION_CONTEXT() REPRESENTATION_CONTEXT('2D SPACE',''
  ) );
#413 = ORIENTED_EDGE('',*,*,#142,.F.);
#414 = ADVANCED_FACE('',(#415),#130,.T.);
#415 = FACE_BOUND('',#416,.F.);
#416 = EDGE_LOOP('',(#417,#418,#442,#470));
#417 = ORIENTED_EDGE('',*,*,#114,.F.);
#418 = ORIENTED_EDGE('',*,*,#419,.T.);
#419 = EDGE_CURVE('',#87,#420,#422,.T.);
#420 = VERTEX_POINT('',#421);
#421 = CARTESIAN_POINT('',(-230.,200.,-180.));
#422 = SURFACE_CURVE('',#423,(#428,#435),.PCURVE_S1.);
#423 = CIRCLE('',#424,20.);
#424 = AXIS2_PLACEMENT_3D('',#425,#426,#427);
#425 = CARTESIAN_POINT('',(-230.,180.,-180.));
#426 = DIRECTION('',(-0.,0.,-1.));
#427 = DIRECTION('',(-1.,0.,0.));
#428 = PCURVE('',#130,#429);
#429 = DEFINITIONAL_REPRESENTATION('',(#430),#434);
#430 = LINE('',#431,#432);
#431 = CARTESIAN_POINT('',(-0.,20.));
#432 = VECTOR('',#433,1.);
#433 = DIRECTION('',(-1.,0.));
#434 = ( GEOMETRIC_REPRESENTATION_CONTEXT(2) 
PARAMETRIC_REPRESENTATION_CONTEXT() REPRESENTATION_CONTEXT('2D SPACE',''
  ) );
#435 = PCURVE('',#323,#436);
#436 = DEFINITIONAL_REPRESENTATION('',(#437),#441);
#437 = LINE('',#438,#439);
#438 = CARTESIAN_POINT('',(-0.,0.));
#439 = VECTOR('',#440,1.);
#440 = DIRECTION('',(-1.,0.));
#441 = ( GEOMETRIC_REPRESENTATION_CONTEXT(2) 
PARAMETRIC_REPRESENTATION_CONTEXT() REPRESENTATION_CONTEXT('2D SPACE',''
  ) );
#442 = ORIENTED_EDGE('',*,*,#443,.T.);
#443 = EDGE_CURVE('',#420,#444,#446,.T.);
#444 = VERTEX_POINT('',#445);
#445 = CARTESIAN_POINT('',(-230.,200.,-20.));
#446 = SURFACE_CURVE('',#447,(#451,#458),.PCURVE_S1.);
#447 = LINE('',#448,#449);
#448 = CARTESIAN_POINT('',(-230.,200.,-200.));
#449 = VECTOR('',#450,1.);
#450 = DIRECTION('',(0.,0.,1.));
#451 = PCURVE('',#130,#452);
#452 = DEFINITIONAL_REPRESENTATION('',(#453),#457);
#453 = LINE('',#454,#455);
#454 = CARTESIAN_POINT('',(-1.570796326795,0.));
#455 = VECTOR('',#456,1.);
#456 = DIRECTION('',(-0.,1.));
#457 = ( GEOMETRIC_REPRESENTATION_CONTEXT(2) 
PARAMETRIC_REPRESENTATION_CONTEXT() REPRESENTATION_CONTEXT('2D SPACE',''
  ) );
#458 = PCURVE('',#459,#464);
#459 = PLANE('',#460);
#460 = AXIS2_PLACEMENT_3D('',#461,#462,#463);
#461 = CARTESIAN_POINT('',(-250.,200.,-200.));
#462 = DIRECTION('',(0.,1.,0.));
#463 = DIRECTION('',(0.,0.,1.));
#464 = DEFINITIONAL_REPRESENTATION('',(#465),#469);
#465 = LINE('',#466,#467);
#466 = CARTESIAN_POINT('',(0.,20.));
#467 = VECTOR('',#468,1.);
#468 = DIRECTION('',(1.,0.));
#469 = ( GEOMETRIC_REPRESENTATION_CONTEXT(2) 
PARAMETRIC_REPRESENTATION_CONTEXT() REPRESENTATION_CONTEXT('2D SPACE',''
  ) );
#470 = ORIENTED_EDGE('',*,*,#471,.T.);
#471 = EDGE_CURVE('',#444,#115,#472,.T.);
#472 = SURFACE_CURVE('',#473,(#478,#484),.PCURVE_S1.);
#473 = CIRCLE('',#474,20.);
#474 = AXIS2_PLACEMENT_3D('',#475,#476,#477);
#475 = CARTESIAN_POINT('',(-230.,180.,-20.));
#476 = DIRECTION('',(1.7763568394E-16,0.,1.));
#477 = DIRECTION('',(-1.,0.,1.7763568394E-16));
#478 = PCURVE('',#130,#479);
#479 = DEFINITIONAL_REPRESENTATION('',(#480),#483);
#480 = B_SPLINE_CURVE_WITH_KNOTS('',1,(#481,#482),.UNSPECIFIED.,.F.,.F.,
  (2,2),(4.712388980385,6.28318530718),.PIECEWISE_BEZIER_KNOTS.);
#481 = CARTESIAN_POINT('',(-1.570796326795,180.));
#482 = CARTESIAN_POINT('',(0.,180.));
#483 = ( GEOMETRIC_REPRESENTATION_CONTEXT(2) 
PARAMETRIC_REPRESENTATION_CONTEXT() REPRESENTATION_CONTEXT('2D SPACE',''
  ) );
#484 = PCURVE('',#402,#485);
#485 = DEFINITIONAL_REPRESENTATION('',(#486),#489);
#486 = B_SPLINE_CURVE_WITH_KNOTS('',1,(#487,#488),.UNSPECIFIED.,.F.,.F.,
  (2,2),(4.712388980385,6.28318530718),.PIECEWISE_BEZIER_KNOTS.);
#487 = CARTESIAN_POINT('',(0.,-1.570796326795));
#488 = CARTESIAN_POINT('',(0.,0.));
#489 = ( GEOMETRIC_REPRESENTATION_CONTEXT(2) 
PARAMETRIC_REPRESENTATION_CONTEXT() REPRESENTATION_CONTEXT('2D SPACE',''
  ) );
#490 = ADVANCED_FACE('',(#491),#189,.T.);
#491 = FACE_BOUND('',#492,.T.);
#492 = EDGE_LOOP('',(#493,#494,#519));
#493 = ORIENTED_EDGE('',*,*,#259,.F.);
#494 = ORIENTED_EDGE('',*,*,#495,.T.);
#495 = EDGE_CURVE('',#260,#173,#496,.T.);
#496 = SURFACE_CURVE('',#497,(#502,#508),.PCURVE_S1.);
#497 = CIRCLE('',#498,20.);
#498 = AXIS2_PLACEMENT_3D('',#499,#500,#501);
#499 = CARTESIAN_POINT('',(-230.,-180.,-180.));
#500 = DIRECTION('',(-1.,6.123233995737E-17,0.));
#501 = DIRECTION('',(-6.123233995737E-17,-1.,0.));
#502 = PCURVE('',#189,#503);
#503 = DEFINITIONAL_REPRESENTATION('',(#504),#507);
#504 = B_SPLINE_CURVE_WITH_KNOTS('',1,(#505,#506),.UNSPECIFIED.,.F.,.F.,
  (2,2),(4.712388980385,6.28318530718),.PIECEWISE_BEZIER_KNOTS.);
#505 = CARTESIAN_POINT('',(1.570796326795,-1.570796326795));
#506 = CARTESIAN_POINT('',(1.570796326795,0.));
#507 = ( GEOMETRIC_REPRESENTATION_CONTEXT(2) 
PARAMETRIC_REPRESENTATION_CONTEXT() REPRESENTATION_CONTEXT('2D SPACE',''
  ) );
#508 = PCURVE('',#509,#514);
#509 = CYLINDRICAL_SURFACE('',#510,20.);
#510 = AXIS2_PLACEMENT_3D('',#511,#512,#513);
#511 = CARTESIAN_POINT('',(-250.,-180.,-180.));
#512 = DIRECTION('',(1.,0.,0.));
#513 = DIRECTION('',(0.,-1.,0.));
#514 = DEFINITIONAL_REPRESENTATION('',(#515),#518);
#515 = B_SPLINE_CURVE_WITH_KNOTS('',1,(#516,#517),.UNSPECIFIED.,.F.,.F.,
  (2,2),(4.712388980385,6.28318530718),.PIECEWISE_BEZIER_KNOTS.);
#516 = CARTESIAN_POINT('',(1.570796326795,20.));
#517 = CARTESIAN_POINT('',(0.,20.));
#518 = ( GEOMETRIC_REPRESENTATION_CONTEXT(2) 
PARAMETRIC_REPRESENTATION_CONTEXT() REPRESENTATION_CONTEXT('2D SPACE',''
  ) );
#519 = ORIENTED_EDGE('',*,*,#172,.F.);
#520 = ADVANCED_FACE('',(#521),#244,.T.);
#521 = FACE_BOUND('',#522,.F.);
#522 = EDGE_LOOP('',(#523,#524,#549));
#523 = ORIENTED_EDGE('',*,*,#338,.F.);
#524 = ORIENTED_EDGE('',*,*,#525,.T.);
#525 = EDGE_CURVE('',#339,#202,#526,.T.);
#526 = SURFACE_CURVE('',#527,(#532,#538),.PCURVE_S1.);
#527 = CIRCLE('',#528,20.);
#528 = AXIS2_PLACEMENT_3D('',#529,#530,#531);
#529 = CARTESIAN_POINT('',(-230.,-180.,-20.));
#530 = DIRECTION('',(1.,-6.123233995737E-17,0.));
#531 = DIRECTION('',(-6.123233995737E-17,-1.,0.));
#532 = PCURVE('',#244,#533);
#533 = DEFINITIONAL_REPRESENTATION('',(#534),#537);
#534 = B_SPLINE_CURVE_WITH_KNOTS('',1,(#535,#536),.UNSPECIFIED.,.F.,.F.,
  (2,2),(4.712388980385,6.28318530718),.PIECEWISE_BEZIER_KNOTS.);
#535 = CARTESIAN_POINT('',(-1.570796326795,-1.570796326795));
#536 = CARTESIAN_POINT('',(-1.570796326795,0.));
#537 = ( GEOMETRIC_REPRESENTATION_CONTEXT(2) 
PARAMETRIC_REPRESENTATION_CONTEXT() REPRESENTATION_CONTEXT('2D SPACE',''
  ) );
#538 = PCURVE('',#539,#544);
#539 = CYLINDRICAL_SURFACE('',#540,20.);
#540 = AXIS2_PLACEMENT_3D('',#541,#542,#543);
#541 = CARTESIAN_POINT('',(-250.,-180.,-20.));
#542 = DIRECTION('',(1.,0.,0.));
#543 = DIRECTION('',(0.,-1.,0.));
#544 = DEFINITIONAL_REPRESENTATION('',(#545),#548);
#545 = B_SPLINE_CURVE_WITH_KNOTS('',1,(#546,#547),.UNSPECIFIED.,.F.,.F.,
  (2,2),(4.712388980385,6.28318530718),.PIECEWISE_BEZIER_KNOTS.);
#546 = CARTESIAN_POINT('',(-1.570796326795,20.));
#547 = CARTESIAN_POINT('',(0.,20.));
#548 = ( GEOMETRIC_REPRESENTATION_CONTEXT(2) 
PARAMETRIC_REPRESENTATION_CONTEXT() REPRESENTATION_CONTEXT('2D SPACE',''
  ) );
#549 = ORIENTED_EDGE('',*,*,#229,.F.);
#550 = ADVANCED_FACE('',(#551),#217,.F.);
#551 = FACE_BOUND('',#552,.F.);
#552 = EDGE_LOOP('',(#553,#554,#577,#605));
#553 = ORIENTED_EDGE('',*,*,#201,.T.);
#554 = ORIENTED_EDGE('',*,*,#555,.T.);
#555 = EDGE_CURVE('',#202,#556,#558,.T.);
#556 = VERTEX_POINT('',#557);
#557 = CARTESIAN_POINT('',(230.,-200.,-20.));
#558 = SURFACE_CURVE('',#559,(#563,#570),.PCURVE_S1.);
#559 = LINE('',#560,#561);
#560 = CARTESIAN_POINT('',(-250.,-200.,-20.));
#561 = VECTOR('',#562,1.);
#562 = DIRECTION('',(1.,0.,0.));
#563 = PCURVE('',#217,#564);
#564 = DEFINITIONAL_REPRESENTATION('',(#565),#569);
#565 = LINE('',#566,#567);
#566 = CARTESIAN_POINT('',(180.,0.));
#567 = VECTOR('',#568,1.);
#568 = DIRECTION('',(0.,1.));
#569 = ( GEOMETRIC_REPRESENTATION_CONTEXT(2) 
PARAMETRIC_REPRESENTATION_CONTEXT() REPRESENTATION_CONTEXT('2D SPACE',''
  ) );
#570 = PCURVE('',#539,#571);
#571 = DEFINITIONAL_REPRESENTATION('',(#572),#576);
#572 = LINE('',#573,#574);
#573 = CARTESIAN_POINT('',(-0.,0.));
#574 = VECTOR('',#575,1.);
#575 = DIRECTION('',(-0.,1.));
#576 = ( GEOMETRIC_REPRESENTATION_CONTEXT(2) 
PARAMETRIC_REPRESENTATION_CONTEXT() REPRESENTATION_CONTEXT('2D SPACE',''
  ) );
#577 = ORIENTED_EDGE('',*,*,#578,.F.);
#578 = EDGE_CURVE('',#579,#556,#581,.T.);
#579 = VERTEX_POINT('',#580);
#580 = CARTESIAN_POINT('',(230.,-200.,-180.));
#581 = SURFACE_CURVE('',#582,(#586,#593),.PCURVE_S1.);
#582 = LINE('',#583,#584);
#583 = CARTESIAN_POINT('',(230.,-200.,-200.));
#584 = VECTOR('',#585,1.);
#585 = DIRECTION('',(0.,0.,1.));
#586 = PCURVE('',#217,#587);
#587 = DEFINITIONAL_REPRESENTATION('',(#588),#592);
#588 = LINE('',#589,#590);
#589 = CARTESIAN_POINT('',(0.,480.));
#590 = VECTOR('',#591,1.);
#591 = DIRECTION('',(1.,0.));
#592 = ( GEOMETRIC_REPRESENTATION_CONTEXT(2) 
PARAMETRIC_REPRESENTATION_CONTEXT() REPRESENTATION_CONTEXT('2D SPACE',''
  ) );
#593 = PCURVE('',#594,#599);
#594 = CYLINDRICAL_SURFACE('',#595,20.);
#595 = AXIS2_PLACEMENT_3D('',#596,#597,#598);
#596 = CARTESIAN_POINT('',(230.,-180.,-200.));
#597 = DIRECTION('',(0.,0.,1.));
#598 = DIRECTION('',(1.,0.,-0.));
#599 = DEFINITIONAL_REPRESENTATION('',(#600),#604);
#600 = LINE('',#601,#602);
#601 = CARTESIAN_POINT('',(-1.570796326795,0.));
#602 = VECTOR('',#603,1.);
#603 = DIRECTION('',(-0.,1.));
#604 = ( GEOMETRIC_REPRESENTATION_CONTEXT(2) 
PARAMETRIC_REPRESENTATION_CONTEXT() REPRESENTATION_CONTEXT('2D SPACE',''
  ) );
#605 = ORIENTED_EDGE('',*,*,#606,.F.);
#606 = EDGE_CURVE('',#173,#579,#607,.T.);
#607 = SURFACE_CURVE('',#608,(#612,#619),.PCURVE_S1.);
#608 = LINE('',#609,#610);
#609 = CARTESIAN_POINT('',(-250.,-200.,-180.));
#610 = VECTOR('',#611,1.);
#611 = DIRECTION('',(1.,0.,0.));
#612 = PCURVE('',#217,#613);
#613 = DEFINITIONAL_REPRESENTATION('',(#614),#618);
#614 = LINE('',#615,#616);
#615 = CARTESIAN_POINT('',(20.,0.));
#616 = VECTOR('',#617,1.);
#617 = DIRECTION('',(0.,1.));
#618 = ( GEOMETRIC_REPRESENTATION_CONTEXT(2) 
PARAMETRIC_REPRESENTATION_CONTEXT() REPRESENTATION_CONTEXT('2D SPACE',''
  ) );
#619 = PCURVE('',#509,#620);
#620 = DEFINITIONAL_REPRESENTATION('',(#621),#625);
#621 = LINE('',#622,#623);
#622 = CARTESIAN_POINT('',(0.,0.));
#623 = VECTOR('',#624,1.);
#624 = DIRECTION('',(0.,1.));
#625 = ( GEOMETRIC_REPRESENTATION_CONTEXT(2) 
PARAMETRIC_REPRESENTATION_CONTEXT() REPRESENTATION_CONTEXT('2D SPACE',''
  ) );
#626 = ADVANCED_FACE('',(#627,#707),#297,.F.);
#627 = FACE_BOUND('',#628,.F.);
#628 = EDGE_LOOP('',(#629,#630,#653,#681));
#629 = ORIENTED_EDGE('',*,*,#281,.F.);
#630 = ORIENTED_EDGE('',*,*,#631,.T.);
#631 = EDGE_CURVE('',#260,#632,#634,.T.);
#632 = VERTEX_POINT('',#633);
#633 = CARTESIAN_POINT('',(230.,-180.,-200.));
#634 = SURFACE_CURVE('',#635,(#639,#646),.PCURVE_S1.);
#635 = LINE('',#636,#637);
#636 = CARTESIAN_POINT('',(-250.,-180.,-200.));
#637 = VECTOR('',#638,1.);
#638 = DIRECTION('',(1.,0.,0.));
#639 = PCURVE('',#297,#640);
#640 = DEFINITIONAL_REPRESENTATION('',(#641),#645);
#641 = LINE('',#642,#643);
#642 = CARTESIAN_POINT('',(0.,20.));
#643 = VECTOR('',#644,1.);
#644 = DIRECTION('',(1.,0.));
#645 = ( GEOMETRIC_REPRESENTATION_CONTEXT(2) 
PARAMETRIC_REPRESENTATION_CONTEXT() REPRESENTATION_CONTEXT('2D SPACE',''
  ) );
#646 = PCURVE('',#509,#647);
#647 = DEFINITIONAL_REPRESENTATION('',(#648),#652);
#648 = LINE('',#649,#650);
#649 = CARTESIAN_POINT('',(1.570796326795,0.));
#650 = VECTOR('',#651,1.);
#651 = DIRECTION('',(0.,1.));
#652 = ( GEOMETRIC_REPRESENTATION_CONTEXT(2) 
PARAMETRIC_REPRESENTATION_CONTEXT() REPRESENTATION_CONTEXT('2D SPACE',''
  ) );
#653 = ORIENTED_EDGE('',*,*,#654,.T.);
#654 = EDGE_CURVE('',#632,#655,#657,.T.);
#655 = VERTEX_POINT('',#656);
#656 = CARTESIAN_POINT('',(230.,180.,-200.));
#657 = SURFACE_CURVE('',#658,(#662,#669),.PCURVE_S1.);
#658 = LINE('',#659,#660);
#659 = CARTESIAN_POINT('',(230.,-200.,-200.));
#660 = VECTOR('',#661,1.);
#661 = DIRECTION('',(0.,1.,0.));
#662 = PCURVE('',#297,#663);
#663 = DEFINITIONAL_REPRESENTATION('',(#664),#668);
#664 = LINE('',#665,#666);
#665 = CARTESIAN_POINT('',(480.,0.));
#666 = VECTOR('',#667,1.);
#667 = DIRECTION('',(0.,1.));
#668 = ( GEOMETRIC_REPRESENTATION_CONTEXT(2) 
PARAMETRIC_REPRESENTATION_CONTEXT() REPRESENTATION_CONTEXT('2D SPACE',''
  ) );
#669 = PCURVE('',#670,#675);
#670 = CYLINDRICAL_SURFACE('',#671,20.);
#671 = AXIS2_PLACEMENT_3D('',#672,#673,#674);
#672 = CARTESIAN_POINT('',(230.,-200.,-180.));
#673 = DIRECTION('',(0.,1.,0.));
#674 = DIRECTION('',(1.,0.,-0.));
#675 = DEFINITIONAL_REPRESENTATION('',(#676),#680);
#676 = LINE('',#677,#678);
#677 = CARTESIAN_POINT('',(1.570796326795,0.));
#678 = VECTOR('',#679,1.);
#679 = DIRECTION('',(0.,1.));
#680 = ( GEOMETRIC_REPRESENTATION_CONTEXT(2) 
PARAMETRIC_REPRESENTATION_CONTEXT() REPRESENTATION_CONTEXT('2D SPACE',''
  ) );
#681 = ORIENTED_EDGE('',*,*,#682,.F.);
#682 = EDGE_CURVE('',#282,#655,#683,.T.);
#683 = SURFACE_CURVE('',#684,(#688,#695),.PCURVE_S1.);
#684 = LINE('',#685,#686);
#685 = CARTESIAN_POINT('',(-250.,180.,-200.));
#686 = VECTOR('',#687,1.);
#687 = DIRECTION('',(1.,0.,0.));
#688 = PCURVE('',#297,#689);
#689 = DEFINITIONAL_REPRESENTATION('',(#690),#694);
#690 = LINE('',#691,#692);
#691 = CARTESIAN_POINT('',(0.,380.));
#692 = VECTOR('',#693,1.);
#693 = DIRECTION('',(1.,0.));
#694 = ( GEOMETRIC_REPRESENTATION_CONTEXT(2) 
PARAMETRIC_REPRESENTATION_CONTEXT() REPRESENTATION_CONTEXT('2D SPACE',''
  ) );
#695 = PCURVE('',#696,#701);
#696 = CYLINDRICAL_SURFACE('',#697,20.);
#697 = AXIS2_PLACEMENT_3D('',#698,#699,#700);
#698 = CARTESIAN_POINT('',(-250.,180.,-180.));
#699 = DIRECTION('',(1.,0.,0.));
#700 = DIRECTION('',(-0.,1.,0.));
#701 = DEFINITIONAL_REPRESENTATION('',(#702),#706);
#702 = LINE('',#703,#704);
#703 = CARTESIAN_POINT('',(-1.570796326795,0.));
#704 = VECTOR('',#705,1.);
#705 = DIRECTION('',(-0.,1.));
#706 = ( GEOMETRIC_REPRESENTATION_CONTEXT(2) 
PARAMETRIC_REPRESENTATION_CONTEXT() REPRESENTATION_CONTEXT('2D SPACE',''
  ) );
#707 = FACE_BOUND('',#708,.F.);
#708 = EDGE_LOOP('',(#709));
#709 = ORIENTED_EDGE('',*,*,#710,.F.);
#710 = EDGE_CURVE('',#711,#711,#713,.T.);
#711 = VERTEX_POINT('',#712);
#712 = CARTESIAN_POINT('',(22.5,-5.510910596163E-15,-200.));
#713 = SURFACE_CURVE('',#714,(#719,#726),.PCURVE_S1.);
#714 = CIRCLE('',#715,22.5);
#715 = AXIS2_PLACEMENT_3D('',#716,#717,#718);
#716 = CARTESIAN_POINT('',(0.,0.,-200.));
#717 = DIRECTION('',(0.,0.,1.));
#718 = DIRECTION('',(1.,0.,0.));
#719 = PCURVE('',#297,#720);
#720 = DEFINITIONAL_REPRESENTATION('',(#721),#725);
#721 = CIRCLE('',#722,22.5);
#722 = AXIS2_PLACEMENT_2D('',#723,#724);
#723 = CARTESIAN_POINT('',(250.,200.));
#724 = DIRECTION('',(1.,0.));
#725 = ( GEOMETRIC_REPRESENTATION_CONTEXT(2) 
PARAMETRIC_REPRESENTATION_CONTEXT() REPRESENTATION_CONTEXT('2D SPACE',''
  ) );
#726 = PCURVE('',#727,#732);
#727 = CYLINDRICAL_SURFACE('',#728,22.5);
#728 = AXIS2_PLACEMENT_3D('',#729,#730,#731);
#729 = CARTESIAN_POINT('',(0.,0.,-200.));
#730 = DIRECTION('',(0.,0.,1.));
#731 = DIRECTION('',(1.,0.,0.));
#732 = DEFINITIONAL_REPRESENTATION('',(#733),#737);
#733 = LINE('',#734,#735);
#734 = CARTESIAN_POINT('',(0.,0.));
#735 = VECTOR('',#736,1.);
#736 = DIRECTION('',(1.,0.));
#737 = ( GEOMETRIC_REPRESENTATION_CONTEXT(2) 
PARAMETRIC_REPRESENTATION_CONTEXT() REPRESENTATION_CONTEXT('2D SPACE',''
  ) );
#738 = ADVANCED_FACE('',(#739),#323,.T.);
#739 = FACE_BOUND('',#740,.F.);
#740 = EDGE_LOOP('',(#741,#742,#762));
#741 = ORIENTED_EDGE('',*,*,#309,.F.);
#742 = ORIENTED_EDGE('',*,*,#743,.T.);
#743 = EDGE_CURVE('',#282,#420,#744,.T.);
#744 = SURFACE_CURVE('',#745,(#750,#756),.PCURVE_S1.);
#745 = CIRCLE('',#746,20.);
#746 = AXIS2_PLACEMENT_3D('',#747,#748,#749);
#747 = CARTESIAN_POINT('',(-230.,180.,-180.));
#748 = DIRECTION('',(1.,6.123233995737E-17,-0.));
#749 = DIRECTION('',(-6.123233995737E-17,1.,0.));
#750 = PCURVE('',#323,#751);
#751 = DEFINITIONAL_REPRESENTATION('',(#752),#755);
#752 = B_SPLINE_CURVE_WITH_KNOTS('',1,(#753,#754),.UNSPECIFIED.,.F.,.F.,
  (2,2),(4.712388980385,6.28318530718),.PIECEWISE_BEZIER_KNOTS.);
#753 = CARTESIAN_POINT('',(-1.570796326795,-1.570796326795));
#754 = CARTESIAN_POINT('',(-1.570796326795,0.));
#755 = ( GEOMETRIC_REPRESENTATION_CONTEXT(2) 
PARAMETRIC_REPRESENTATION_CONTEXT() REPRESENTATION_CONTEXT('2D SPACE',''
  ) );
#756 = PCURVE('',#696,#757);
#757 = DEFINITIONAL_REPRESENTATION('',(#758),#761);
#758 = B_SPLINE_CURVE_WITH_KNOTS('',1,(#759,#760),.UNSPECIFIED.,.F.,.F.,
  (2,2),(4.712388980385,6.28318530718),.PIECEWISE_BEZIER_KNOTS.);
#759 = CARTESIAN_POINT('',(-1.570796326795,20.));
#760 = CARTESIAN_POINT('',(0.,20.));
#761 = ( GEOMETRIC_REPRESENTATION_CONTEXT(2) 
PARAMETRIC_REPRESENTATION_CONTEXT() REPRESENTATION_CONTEXT('2D SPACE',''
  ) );
#762 = ORIENTED_EDGE('',*,*,#419,.F.);
#763 = ADVANCED_FACE('',(#764),#376,.F.);
#764 = FACE_BOUND('',#765,.F.);
#765 = EDGE_LOOP('',(#766,#793,#794,#823));
#766 = ORIENTED_EDGE('',*,*,#767,.F.);
#767 = EDGE_CURVE('',#339,#768,#770,.T.);
#768 = VERTEX_POINT('',#769);
#769 = CARTESIAN_POINT('',(-245.,-180.,-15.));
#770 = SURFACE_CURVE('',#771,(#776,#782),.PCURVE_S1.);
#771 = CIRCLE('',#772,15.);
#772 = AXIS2_PLACEMENT_3D('',#773,#774,#775);
#773 = CARTESIAN_POINT('',(-230.,-180.,-15.));
#774 = DIRECTION('',(0.,-1.,0.));
#775 = DIRECTION('',(-1.,0.,0.));
#776 = PCURVE('',#376,#777);
#777 = DEFINITIONAL_REPRESENTATION('',(#778),#781);
#778 = B_SPLINE_CURVE_WITH_KNOTS('',1,(#779,#780),.UNSPECIFIED.,.F.,.F.,
  (2,2),(4.712388980385,6.28318530718),.PIECEWISE_BEZIER_KNOTS.);
#779 = CARTESIAN_POINT('',(1.570796326795,15.));
#780 = CARTESIAN_POINT('',(0.,15.));
#781 = ( GEOMETRIC_REPRESENTATION_CONTEXT(2) 
PARAMETRIC_REPRESENTATION_CONTEXT() REPRESENTATION_CONTEXT('2D SPACE',''
  ) );
#782 = PCURVE('',#783,#788);
#783 = SPHERICAL_SURFACE('',#784,15.);
#784 = AXIS2_PLACEMENT_3D('',#785,#786,#787);
#785 = CARTESIAN_POINT('',(-230.,-180.,-15.));
#786 = DIRECTION('',(-0.,-0.,-1.));
#787 = DIRECTION('',(-1.,0.,0.));
#788 = DEFINITIONAL_REPRESENTATION('',(#789),#792);
#789 = B_SPLINE_CURVE_WITH_KNOTS('',1,(#790,#791),.UNSPECIFIED.,.F.,.F.,
  (2,2),(4.712388980385,6.28318530718),.PIECEWISE_BEZIER_KNOTS.);
#790 = CARTESIAN_POINT('',(0.,-1.570796326795));
#791 = CARTESIAN_POINT('',(0.,0.));
#792 = ( GEOMETRIC_REPRESENTATION_CONTEXT(2) 
PARAMETRIC_REPRESENTATION_CONTEXT() REPRESENTATION_CONTEXT('2D SPACE',''
  ) );
#793 = ORIENTED_EDGE('',*,*,#360,.T.);
#794 = ORIENTED_EDGE('',*,*,#795,.F.);
#795 = EDGE_CURVE('',#796,#361,#798,.T.);
#796 = VERTEX_POINT('',#797);
#797 = CARTESIAN_POINT('',(-245.,180.,-15.));
#798 = SURFACE_CURVE('',#799,(#804,#811),.PCURVE_S1.);
#799 = CIRCLE('',#800,15.);
#800 = AXIS2_PLACEMENT_3D('',#801,#802,#803);
#801 = CARTESIAN_POINT('',(-230.,180.,-15.));
#802 = DIRECTION('',(0.,1.,0.));
#803 = DIRECTION('',(-1.,0.,2.368475785867E-16));
#804 = PCURVE('',#376,#805);
#805 = DEFINITIONAL_REPRESENTATION('',(#806),#810);
#806 = LINE('',#807,#808);
#807 = CARTESIAN_POINT('',(0.,375.));
#808 = VECTOR('',#809,1.);
#809 = DIRECTION('',(1.,0.));
#810 = ( GEOMETRIC_REPRESENTATION_CONTEXT(2) 
PARAMETRIC_REPRESENTATION_CONTEXT() REPRESENTATION_CONTEXT('2D SPACE',''
  ) );
#811 = PCURVE('',#812,#817);
#812 = SPHERICAL_SURFACE('',#813,15.);
#813 = AXIS2_PLACEMENT_3D('',#814,#815,#816);
#814 = CARTESIAN_POINT('',(-230.,180.,-15.));
#815 = DIRECTION('',(-0.,-1.,-0.));
#816 = DIRECTION('',(-1.,0.,2.368475785867E-16));
#817 = DEFINITIONAL_REPRESENTATION('',(#818),#822);
#818 = LINE('',#819,#820);
#819 = CARTESIAN_POINT('',(-0.,0.));
#820 = VECTOR('',#821,1.);
#821 = DIRECTION('',(-1.,0.));
#822 = ( GEOMETRIC_REPRESENTATION_CONTEXT(2) 
PARAMETRIC_REPRESENTATION_CONTEXT() REPRESENTATION_CONTEXT('2D SPACE',''
  ) );
#823 = ORIENTED_EDGE('',*,*,#824,.F.);
#824 = EDGE_CURVE('',#768,#796,#825,.T.);
#825 = SURFACE_CURVE('',#826,(#830,#837),.PCURVE_S1.);
#826 = LINE('',#827,#828);
#827 = CARTESIAN_POINT('',(-245.,-195.,-15.));
#828 = VECTOR('',#829,1.);
#829 = DIRECTION('',(0.,1.,0.));
#830 = PCURVE('',#376,#831);
#831 = DEFINITIONAL_REPRESENTATION('',(#832),#836);
#832 = LINE('',#833,#834);
#833 = CARTESIAN_POINT('',(0.,0.));
#834 = VECTOR('',#835,1.);
#835 = DIRECTION('',(0.,1.));
#836 = ( GEOMETRIC_REPRESENTATION_CONTEXT(2) 
PARAMETRIC_REPRESENTATION_CONTEXT() REPRESENTATION_CONTEXT('2D SPACE',''
  ) );
#837 = PCURVE('',#838,#843);
#838 = PLANE('',#839);
#839 = AXIS2_PLACEMENT_3D('',#840,#841,#842);
#840 = CARTESIAN_POINT('',(-245.,-195.,-195.));
#841 = DIRECTION('',(1.,0.,0.));
#842 = DIRECTION('',(0.,0.,1.));
#843 = DEFINITIONAL_REPRESENTATION('',(#844),#848);
#844 = LINE('',#845,#846);
#845 = CARTESIAN_POINT('',(180.,0.));
#846 = VECTOR('',#847,1.);
#847 = DIRECTION('',(0.,-1.));
#848 = ( GEOMETRIC_REPRESENTATION_CONTEXT(2) 
PARAMETRIC_REPRESENTATION_CONTEXT() REPRESENTATION_CONTEXT('2D SPACE',''
  ) );
#849 = ADVANCED_FACE('',(#850),#402,.T.);
#850 = FACE_BOUND('',#851,.F.);
#851 = EDGE_LOOP('',(#852,#853,#878));
#852 = ORIENTED_EDGE('',*,*,#471,.F.);
#853 = ORIENTED_EDGE('',*,*,#854,.T.);
#854 = EDGE_CURVE('',#444,#361,#855,.T.);
#855 = SURFACE_CURVE('',#856,(#861,#867),.PCURVE_S1.);
#856 = CIRCLE('',#857,20.);
#857 = AXIS2_PLACEMENT_3D('',#858,#859,#860);
#858 = CARTESIAN_POINT('',(-230.,180.,-20.));
#859 = DIRECTION('',(1.,0.,1.056412609424E-16));
#860 = DIRECTION('',(-1.056412609424E-16,0.,1.));
#861 = PCURVE('',#402,#862);
#862 = DEFINITIONAL_REPRESENTATION('',(#863),#866);
#863 = B_SPLINE_CURVE_WITH_KNOTS('',1,(#864,#865),.UNSPECIFIED.,.F.,.F.,
  (2,2),(4.712388980385,6.28318530718),.PIECEWISE_BEZIER_KNOTS.);
#864 = CARTESIAN_POINT('',(-1.570796326795,-1.570796326795));
#865 = CARTESIAN_POINT('',(-1.570796326795,0.));
#866 = ( GEOMETRIC_REPRESENTATION_CONTEXT(2) 
PARAMETRIC_REPRESENTATION_CONTEXT() REPRESENTATION_CONTEXT('2D SPACE',''
  ) );
#867 = PCURVE('',#868,#873);
#868 = CYLINDRICAL_SURFACE('',#869,20.);
#869 = AXIS2_PLACEMENT_3D('',#870,#871,#872);
#870 = CARTESIAN_POINT('',(-250.,180.,-20.));
#871 = DIRECTION('',(1.,0.,0.));
#872 = DIRECTION('',(-0.,1.,0.));
#873 = DEFINITIONAL_REPRESENTATION('',(#874),#877);
#874 = B_SPLINE_CURVE_WITH_KNOTS('',1,(#875,#876),.UNSPECIFIED.,.F.,.F.,
  (2,2),(4.712388980385,6.28318530718),.PIECEWISE_BEZIER_KNOTS.);
#875 = CARTESIAN_POINT('',(0.,20.));
#876 = CARTESIAN_POINT('',(1.570796326795,20.));
#877 = ( GEOMETRIC_REPRESENTATION_CONTEXT(2) 
PARAMETRIC_REPRESENTATION_CONTEXT() REPRESENTATION_CONTEXT('2D SPACE',''
  ) );
#878 = ORIENTED_EDGE('',*,*,#387,.F.);
#879 = ADVANCED_FACE('',(#880),#459,.T.);
#880 = FACE_BOUND('',#881,.T.);
#881 = EDGE_LOOP('',(#882,#883,#906,#934));
#882 = ORIENTED_EDGE('',*,*,#443,.T.);
#883 = ORIENTED_EDGE('',*,*,#884,.T.);
#884 = EDGE_CURVE('',#444,#885,#887,.T.);
#885 = VERTEX_POINT('',#886);
#886 = CARTESIAN_POINT('',(230.,200.,-20.));
#887 = SURFACE_CURVE('',#888,(#892,#899),.PCURVE_S1.);
#888 = LINE('',#889,#890);
#889 = CARTESIAN_POINT('',(-250.,200.,-20.));
#890 = VECTOR('',#891,1.);
#891 = DIRECTION('',(1.,0.,0.));
#892 = PCURVE('',#459,#893);
#893 = DEFINITIONAL_REPRESENTATION('',(#894),#898);
#894 = LINE('',#895,#896);
#895 = CARTESIAN_POINT('',(180.,0.));
#896 = VECTOR('',#897,1.);
#897 = DIRECTION('',(0.,1.));
#898 = ( GEOMETRIC_REPRESENTATION_CONTEXT(2) 
PARAMETRIC_REPRESENTATION_CONTEXT() REPRESENTATION_CONTEXT('2D SPACE',''
  ) );
#899 = PCURVE('',#868,#900);
#900 = DEFINITIONAL_REPRESENTATION('',(#901),#905);
#901 = LINE('',#902,#903);
#902 = CARTESIAN_POINT('',(0.,0.));
#903 = VECTOR('',#904,1.);
#904 = DIRECTION('',(0.,1.));
#905 = ( GEOMETRIC_REPRESENTATION_CONTEXT(2) 
PARAMETRIC_REPRESENTATION_CONTEXT() REPRESENTATION_CONTEXT('2D SPACE',''
  ) );
#906 = ORIENTED_EDGE('',*,*,#907,.F.);
#907 = EDGE_CURVE('',#908,#885,#910,.T.);
#908 = VERTEX_POINT('',#909);
#909 = CARTESIAN_POINT('',(230.,200.,-180.));
#910 = SURFACE_CURVE('',#911,(#915,#922),.PCURVE_S1.);
#911 = LINE('',#912,#913);
#912 = CARTESIAN_POINT('',(230.,200.,-200.));
#913 = VECTOR('',#914,1.);
#914 = DIRECTION('',(0.,0.,1.));
#915 = PCURVE('',#459,#916);
#916 = DEFINITIONAL_REPRESENTATION('',(#917),#921);
#917 = LINE('',#918,#919);
#918 = CARTESIAN_POINT('',(0.,480.));
#919 = VECTOR('',#920,1.);
#920 = DIRECTION('',(1.,0.));
#921 = ( GEOMETRIC_REPRESENTATION_CONTEXT(2) 
PARAMETRIC_REPRESENTATION_CONTEXT() REPRESENTATION_CONTEXT('2D SPACE',''
  ) );
#922 = PCURVE('',#923,#928);
#923 = CYLINDRICAL_SURFACE('',#924,20.);
#924 = AXIS2_PLACEMENT_3D('',#925,#926,#927);
#925 = CARTESIAN_POINT('',(230.,180.,-200.));
#926 = DIRECTION('',(0.,0.,1.));
#927 = DIRECTION('',(1.,0.,-0.));
#928 = DEFINITIONAL_REPRESENTATION('',(#929),#933);
#929 = LINE('',#930,#931);
#930 = CARTESIAN_POINT('',(1.570796326795,0.));
#931 = VECTOR('',#932,1.);
#932 = DIRECTION('',(0.,1.));
#933 = ( GEOMETRIC_REPRESENTATION_CONTEXT(2) 
PARAMETRIC_REPRESENTATION_CONTEXT() REPRESENTATION_CONTEXT('2D SPACE',''
  ) );
#934 = ORIENTED_EDGE('',*,*,#935,.F.);
#935 = EDGE_CURVE('',#420,#908,#936,.T.);
#936 = SURFACE_CURVE('',#937,(#941,#948),.PCURVE_S1.);
#937 = LINE('',#938,#939);
#938 = CARTESIAN_POINT('',(-250.,200.,-180.));
#939 = VECTOR('',#940,1.);
#940 = DIRECTION('',(1.,0.,0.));
#941 = PCURVE('',#459,#942);
#942 = DEFINITIONAL_REPRESENTATION('',(#943),#947);
#943 = LINE('',#944,#945);
#944 = CARTESIAN_POINT('',(20.,0.));
#945 = VECTOR('',#946,1.);
#946 = DIRECTION('',(0.,1.));
#947 = ( GEOMETRIC_REPRESENTATION_CONTEXT(2) 
PARAMETRIC_REPRESENTATION_CONTEXT() REPRESENTATION_CONTEXT('2D SPACE',''
  ) );
#948 = PCURVE('',#696,#949);
#949 = DEFINITIONAL_REPRESENTATION('',(#950),#954);
#950 = LINE('',#951,#952);
#951 = CARTESIAN_POINT('',(-0.,0.));
#952 = VECTOR('',#953,1.);
#953 = DIRECTION('',(-0.,1.));
#954 = ( GEOMETRIC_REPRESENTATION_CONTEXT(2) 
PARAMETRIC_REPRESENTATION_CONTEXT() REPRESENTATION_CONTEXT('2D SPACE',''
  ) );
#955 = ADVANCED_FACE('',(#956),#509,.T.);
#956 = FACE_BOUND('',#957,.T.);
#957 = EDGE_LOOP('',(#958,#959,#960,#985));
#958 = ORIENTED_EDGE('',*,*,#495,.F.);
#959 = ORIENTED_EDGE('',*,*,#631,.T.);
#960 = ORIENTED_EDGE('',*,*,#961,.T.);
#961 = EDGE_CURVE('',#632,#579,#962,.T.);
#962 = SURFACE_CURVE('',#963,(#968,#974),.PCURVE_S1.);
#963 = CIRCLE('',#964,20.);
#964 = AXIS2_PLACEMENT_3D('',#965,#966,#967);
#965 = CARTESIAN_POINT('',(230.,-180.,-180.));
#966 = DIRECTION('',(-1.,-6.123233995737E-17,0.));
#967 = DIRECTION('',(6.123233995737E-17,-1.,-0.));
#968 = PCURVE('',#509,#969);
#969 = DEFINITIONAL_REPRESENTATION('',(#970),#973);
#970 = B_SPLINE_CURVE_WITH_KNOTS('',1,(#971,#972),.UNSPECIFIED.,.F.,.F.,
  (2,2),(4.712388980385,6.28318530718),.PIECEWISE_BEZIER_KNOTS.);
#971 = CARTESIAN_POINT('',(1.570796326795,480.));
#972 = CARTESIAN_POINT('',(0.,480.));
#973 = ( GEOMETRIC_REPRESENTATION_CONTEXT(2) 
PARAMETRIC_REPRESENTATION_CONTEXT() REPRESENTATION_CONTEXT('2D SPACE',''
  ) );
#974 = PCURVE('',#975,#980);
#975 = SPHERICAL_SURFACE('',#976,20.);
#976 = AXIS2_PLACEMENT_3D('',#977,#978,#979);
#977 = CARTESIAN_POINT('',(230.,-180.,-180.));
#978 = DIRECTION('',(0.,0.,1.));
#979 = DIRECTION('',(1.,0.,-0.));
#980 = DEFINITIONAL_REPRESENTATION('',(#981),#984);
#981 = B_SPLINE_CURVE_WITH_KNOTS('',1,(#982,#983),.UNSPECIFIED.,.F.,.F.,
  (2,2),(4.712388980385,6.28318530718),.PIECEWISE_BEZIER_KNOTS.);
#982 = CARTESIAN_POINT('',(-1.570796326795,-1.570796326795));
#983 = CARTESIAN_POINT('',(-1.570796326795,0.));
#984 = ( GEOMETRIC_REPRESENTATION_CONTEXT(2) 
PARAMETRIC_REPRESENTATION_CONTEXT() REPRESENTATION_CONTEXT('2D SPACE',''
  ) );
#985 = ORIENTED_EDGE('',*,*,#606,.F.);
#986 = ADVANCED_FACE('',(#987),#539,.T.);
#987 = FACE_BOUND('',#988,.F.);
#988 = EDGE_LOOP('',(#989,#990,#1017,#1042));
#989 = ORIENTED_EDGE('',*,*,#525,.F.);
#990 = ORIENTED_EDGE('',*,*,#991,.T.);
#991 = EDGE_CURVE('',#339,#992,#994,.T.);
#992 = VERTEX_POINT('',#993);
#993 = CARTESIAN_POINT('',(230.,-180.,0.));
#994 = SURFACE_CURVE('',#995,(#999,#1006),.PCURVE_S1.);
#995 = LINE('',#996,#997);
#996 = CARTESIAN_POINT('',(-250.,-180.,3.552713678801E-15));
#997 = VECTOR('',#998,1.);
#998 = DIRECTION('',(1.,0.,0.));
#999 = PCURVE('',#539,#1000);
#1000 = DEFINITIONAL_REPRESENTATION('',(#1001),#1005);
#1001 = LINE('',#1002,#1003);
#1002 = CARTESIAN_POINT('',(-1.570796326795,0.));
#1003 = VECTOR('',#1004,1.);
#1004 = DIRECTION('',(-0.,1.));
#1005 = ( GEOMETRIC_REPRESENTATION_CONTEXT(2) 
PARAMETRIC_REPRESENTATION_CONTEXT() REPRESENTATION_CONTEXT('2D SPACE',''
  ) );
#1006 = PCURVE('',#1007,#1012);
#1007 = CYLINDRICAL_SURFACE('',#1008,15.);
#1008 = AXIS2_PLACEMENT_3D('',#1009,#1010,#1011);
#1009 = CARTESIAN_POINT('',(-245.,-180.,-15.));
#1010 = DIRECTION('',(1.,0.,0.));
#1011 = DIRECTION('',(0.,-1.,0.));
#1012 = DEFINITIONAL_REPRESENTATION('',(#1013),#1016);
#1013 = B_SPLINE_CURVE_WITH_KNOTS('',1,(#1014,#1015),.UNSPECIFIED.,.F.,
  .F.,(2,2),(20.,480.),.PIECEWISE_BEZIER_KNOTS.);
#1014 = CARTESIAN_POINT('',(-1.570796326795,15.));
#1015 = CARTESIAN_POINT('',(-1.570796326795,475.));
#1016 = ( GEOMETRIC_REPRESENTATION_CONTEXT(2) 
PARAMETRIC_REPRESENTATION_CONTEXT() REPRESENTATION_CONTEXT('2D SPACE',''
  ) );
#1017 = ORIENTED_EDGE('',*,*,#1018,.T.);
#1018 = EDGE_CURVE('',#992,#556,#1019,.T.);
#1019 = SURFACE_CURVE('',#1020,(#1025,#1031),.PCURVE_S1.);
#1020 = CIRCLE('',#1021,20.);
#1021 = AXIS2_PLACEMENT_3D('',#1022,#1023,#1024);
#1022 = CARTESIAN_POINT('',(230.,-180.,-20.));
#1023 = DIRECTION('',(1.,6.123233995737E-17,0.));
#1024 = DIRECTION('',(6.123233995737E-17,-1.,0.));
#1025 = PCURVE('',#539,#1026);
#1026 = DEFINITIONAL_REPRESENTATION('',(#1027),#1030);
#1027 = B_SPLINE_CURVE_WITH_KNOTS('',1,(#1028,#1029),.UNSPECIFIED.,.F.,
  .F.,(2,2),(4.712388980385,6.28318530718),.PIECEWISE_BEZIER_KNOTS.);
#1028 = CARTESIAN_POINT('',(-1.570796326795,480.));
#1029 = CARTESIAN_POINT('',(0.,480.));
#1030 = ( GEOMETRIC_REPRESENTATION_CONTEXT(2) 
PARAMETRIC_REPRESENTATION_CONTEXT() REPRESENTATION_CONTEXT('2D SPACE',''
  ) );
#1031 = PCURVE('',#1032,#1037);
#1032 = SPHERICAL_SURFACE('',#1033,20.);
#1033 = AXIS2_PLACEMENT_3D('',#1034,#1035,#1036);
#1034 = CARTESIAN_POINT('',(230.,-180.,-20.));
#1035 = DIRECTION('',(-0.,-0.,-1.));
#1036 = DIRECTION('',(1.,0.,0.));
#1037 = DEFINITIONAL_REPRESENTATION('',(#1038),#1041);
#1038 = B_SPLINE_CURVE_WITH_KNOTS('',1,(#1039,#1040),.UNSPECIFIED.,.F.,
  .F.,(2,2),(4.712388980385,6.28318530718),.PIECEWISE_BEZIER_KNOTS.);
#1039 = CARTESIAN_POINT('',(1.570796326795,-1.570796326795));
#1040 = CARTESIAN_POINT('',(1.570796326795,0.));
#1041 = ( GEOMETRIC_REPRESENTATION_CONTEXT(2) 
PARAMETRIC_REPRESENTATION_CONTEXT() REPRESENTATION_CONTEXT('2D SPACE',''
  ) );
#1042 = ORIENTED_EDGE('',*,*,#555,.F.);
#1043 = ADVANCED_FACE('',(#1044),#594,.T.);
#1044 = FACE_BOUND('',#1045,.F.);
#1045 = EDGE_LOOP('',(#1046,#1076,#1098,#1099));
#1046 = ORIENTED_EDGE('',*,*,#1047,.F.);
#1047 = EDGE_CURVE('',#1048,#1050,#1052,.T.);
#1048 = VERTEX_POINT('',#1049);
#1049 = CARTESIAN_POINT('',(250.,-180.,-180.));
#1050 = VERTEX_POINT('',#1051);
#1051 = CARTESIAN_POINT('',(250.,-180.,-20.));
#1052 = SURFACE_CURVE('',#1053,(#1057,#1064),.PCURVE_S1.);
#1053 = LINE('',#1054,#1055);
#1054 = CARTESIAN_POINT('',(250.,-180.,-200.));
#1055 = VECTOR('',#1056,1.);
#1056 = DIRECTION('',(0.,0.,1.));
#1057 = PCURVE('',#594,#1058);
#1058 = DEFINITIONAL_REPRESENTATION('',(#1059),#1063);
#1059 = LINE('',#1060,#1061);
#1060 = CARTESIAN_POINT('',(-0.,0.));
#1061 = VECTOR('',#1062,1.);
#1062 = DIRECTION('',(-0.,1.));
#1063 = ( GEOMETRIC_REPRESENTATION_CONTEXT(2) 
PARAMETRIC_REPRESENTATION_CONTEXT() REPRESENTATION_CONTEXT('2D SPACE',''
  ) );
#1064 = PCURVE('',#1065,#1070);
#1065 = PLANE('',#1066);
#1066 = AXIS2_PLACEMENT_3D('',#1067,#1068,#1069);
#1067 = CARTESIAN_POINT('',(250.,-200.,-200.));
#1068 = DIRECTION('',(1.,0.,0.));
#1069 = DIRECTION('',(0.,0.,1.));
#1070 = DEFINITIONAL_REPRESENTATION('',(#1071),#1075);
#1071 = LINE('',#1072,#1073);
#1072 = CARTESIAN_POINT('',(0.,-20.));
#1073 = VECTOR('',#1074,1.);
#1074 = DIRECTION('',(1.,0.));
#1075 = ( GEOMETRIC_REPRESENTATION_CONTEXT(2) 
PARAMETRIC_REPRESENTATION_CONTEXT() REPRESENTATION_CONTEXT('2D SPACE',''
  ) );
#1076 = ORIENTED_EDGE('',*,*,#1077,.T.);
#1077 = EDGE_CURVE('',#1048,#579,#1078,.T.);
#1078 = SURFACE_CURVE('',#1079,(#1084,#1091),.PCURVE_S1.);
#1079 = CIRCLE('',#1080,20.);
#1080 = AXIS2_PLACEMENT_3D('',#1081,#1082,#1083);
#1081 = CARTESIAN_POINT('',(230.,-180.,-180.));
#1082 = DIRECTION('',(0.,-0.,-1.));
#1083 = DIRECTION('',(1.,0.,-0.));
#1084 = PCURVE('',#594,#1085);
#1085 = DEFINITIONAL_REPRESENTATION('',(#1086),#1090);
#1086 = LINE('',#1087,#1088);
#1087 = CARTESIAN_POINT('',(-0.,20.));
#1088 = VECTOR('',#1089,1.);
#1089 = DIRECTION('',(-1.,0.));
#1090 = ( GEOMETRIC_REPRESENTATION_CONTEXT(2) 
PARAMETRIC_REPRESENTATION_CONTEXT() REPRESENTATION_CONTEXT('2D SPACE',''
  ) );
#1091 = PCURVE('',#975,#1092);
#1092 = DEFINITIONAL_REPRESENTATION('',(#1093),#1097);
#1093 = LINE('',#1094,#1095);
#1094 = CARTESIAN_POINT('',(-0.,0.));
#1095 = VECTOR('',#1096,1.);
#1096 = DIRECTION('',(-1.,0.));
#1097 = ( GEOMETRIC_REPRESENTATION_CONTEXT(2) 
PARAMETRIC_REPRESENTATION_CONTEXT() REPRESENTATION_CONTEXT('2D SPACE',''
  ) );
#1098 = ORIENTED_EDGE('',*,*,#578,.T.);
#1099 = ORIENTED_EDGE('',*,*,#1100,.F.);
#1100 = EDGE_CURVE('',#1050,#556,#1101,.T.);
#1101 = SURFACE_CURVE('',#1102,(#1107,#1114),.PCURVE_S1.);
#1102 = CIRCLE('',#1103,20.);
#1103 = AXIS2_PLACEMENT_3D('',#1104,#1105,#1106);
#1104 = CARTESIAN_POINT('',(230.,-180.,-20.));
#1105 = DIRECTION('',(0.,0.,-1.));
#1106 = DIRECTION('',(1.,0.,0.));
#1107 = PCURVE('',#594,#1108);
#1108 = DEFINITIONAL_REPRESENTATION('',(#1109),#1113);
#1109 = LINE('',#1110,#1111);
#1110 = CARTESIAN_POINT('',(-0.,180.));
#1111 = VECTOR('',#1112,1.);
#1112 = DIRECTION('',(-1.,0.));
#1113 = ( GEOMETRIC_REPRESENTATION_CONTEXT(2) 
PARAMETRIC_REPRESENTATION_CONTEXT() REPRESENTATION_CONTEXT('2D SPACE',''
  ) );
#1114 = PCURVE('',#1032,#1115);
#1115 = DEFINITIONAL_REPRESENTATION('',(#1116),#1120);
#1116 = LINE('',#1117,#1118);
#1117 = CARTESIAN_POINT('',(0.,0.));
#1118 = VECTOR('',#1119,1.);
#1119 = DIRECTION('',(1.,0.));
#1120 = ( GEOMETRIC_REPRESENTATION_CONTEXT(2) 
PARAMETRIC_REPRESENTATION_CONTEXT() REPRESENTATION_CONTEXT('2D SPACE',''
  ) );
#1121 = ADVANCED_FACE('',(#1122),#696,.T.);
#1122 = FACE_BOUND('',#1123,.F.);
#1123 = EDGE_LOOP('',(#1124,#1125,#1126,#1151));
#1124 = ORIENTED_EDGE('',*,*,#743,.F.);
#1125 = ORIENTED_EDGE('',*,*,#682,.T.);
#1126 = ORIENTED_EDGE('',*,*,#1127,.T.);
#1127 = EDGE_CURVE('',#655,#908,#1128,.T.);
#1128 = SURFACE_CURVE('',#1129,(#1134,#1140),.PCURVE_S1.);
#1129 = CIRCLE('',#1130,20.);
#1130 = AXIS2_PLACEMENT_3D('',#1131,#1132,#1133);
#1131 = CARTESIAN_POINT('',(230.,180.,-180.));
#1132 = DIRECTION('',(1.,-6.123233995737E-17,0.));
#1133 = DIRECTION('',(6.123233995737E-17,1.,0.));
#1134 = PCURVE('',#696,#1135);
#1135 = DEFINITIONAL_REPRESENTATION('',(#1136),#1139);
#1136 = B_SPLINE_CURVE_WITH_KNOTS('',1,(#1137,#1138),.UNSPECIFIED.,.F.,
  .F.,(2,2),(4.712388980385,6.28318530718),.PIECEWISE_BEZIER_KNOTS.);
#1137 = CARTESIAN_POINT('',(-1.570796326795,480.));
#1138 = CARTESIAN_POINT('',(0.,480.));
#1139 = ( GEOMETRIC_REPRESENTATION_CONTEXT(2) 
PARAMETRIC_REPRESENTATION_CONTEXT() REPRESENTATION_CONTEXT('2D SPACE',''
  ) );
#1140 = PCURVE('',#1141,#1146);
#1141 = SPHERICAL_SURFACE('',#1142,20.);
#1142 = AXIS2_PLACEMENT_3D('',#1143,#1144,#1145);
#1143 = CARTESIAN_POINT('',(230.,180.,-180.));
#1144 = DIRECTION('',(0.,0.,1.));
#1145 = DIRECTION('',(1.,0.,-0.));
#1146 = DEFINITIONAL_REPRESENTATION('',(#1147),#1150);
#1147 = B_SPLINE_CURVE_WITH_KNOTS('',1,(#1148,#1149),.UNSPECIFIED.,.F.,
  .F.,(2,2),(4.712388980385,6.28318530718),.PIECEWISE_BEZIER_KNOTS.);
#1148 = CARTESIAN_POINT('',(1.570796326795,-1.570796326795));
#1149 = CARTESIAN_POINT('',(1.570796326795,0.));
#1150 = ( GEOMETRIC_REPRESENTATION_CONTEXT(2) 
PARAMETRIC_REPRESENTATION_CONTEXT() REPRESENTATION_CONTEXT('2D SPACE',''
  ) );
#1151 = ORIENTED_EDGE('',*,*,#935,.F.);
#1152 = ADVANCED_FACE('',(#1153),#670,.T.);
#1153 = FACE_BOUND('',#1154,.T.);
#1154 = EDGE_LOOP('',(#1155,#1175,#1176,#1198));
#1155 = ORIENTED_EDGE('',*,*,#1156,.F.);
#1156 = EDGE_CURVE('',#632,#1048,#1157,.T.);
#1157 = SURFACE_CURVE('',#1158,(#1163,#1169),.PCURVE_S1.);
#1158 = CIRCLE('',#1159,20.);
#1159 = AXIS2_PLACEMENT_3D('',#1160,#1161,#1162);
#1160 = CARTESIAN_POINT('',(230.,-180.,-180.));
#1161 = DIRECTION('',(0.,-1.,0.));
#1162 = DIRECTION('',(1.,0.,0.));
#1163 = PCURVE('',#670,#1164);
#1164 = DEFINITIONAL_REPRESENTATION('',(#1165),#1168);
#1165 = B_SPLINE_CURVE_WITH_KNOTS('',1,(#1166,#1167),.UNSPECIFIED.,.F.,
  .F.,(2,2),(4.712388980385,6.28318530718),.PIECEWISE_BEZIER_KNOTS.);
#1166 = CARTESIAN_POINT('',(1.570796326795,20.));
#1167 = CARTESIAN_POINT('',(0.,20.));
#1168 = ( GEOMETRIC_REPRESENTATION_CONTEXT(2) 
PARAMETRIC_REPRESENTATION_CONTEXT() REPRESENTATION_CONTEXT('2D SPACE',''
  ) );
#1169 = PCURVE('',#975,#1170);
#1170 = DEFINITIONAL_REPRESENTATION('',(#1171),#1174);
#1171 = B_SPLINE_CURVE_WITH_KNOTS('',1,(#1172,#1173),.UNSPECIFIED.,.F.,
  .F.,(2,2),(4.712388980385,6.28318530718),.PIECEWISE_BEZIER_KNOTS.);
#1172 = CARTESIAN_POINT('',(0.,-1.570796326795));
#1173 = CARTESIAN_POINT('',(0.,0.));
#1174 = ( GEOMETRIC_REPRESENTATION_CONTEXT(2) 
PARAMETRIC_REPRESENTATION_CONTEXT() REPRESENTATION_CONTEXT('2D SPACE',''
  ) );
#1175 = ORIENTED_EDGE('',*,*,#654,.T.);
#1176 = ORIENTED_EDGE('',*,*,#1177,.T.);
#1177 = EDGE_CURVE('',#655,#1178,#1180,.T.);
#1178 = VERTEX_POINT('',#1179);
#1179 = CARTESIAN_POINT('',(250.,180.,-180.));
#1180 = SURFACE_CURVE('',#1181,(#1186,#1192),.PCURVE_S1.);
#1181 = CIRCLE('',#1182,20.);
#1182 = AXIS2_PLACEMENT_3D('',#1183,#1184,#1185);
#1183 = CARTESIAN_POINT('',(230.,180.,-180.));
#1184 = DIRECTION('',(0.,-1.,0.));
#1185 = DIRECTION('',(1.,0.,0.));
#1186 = PCURVE('',#670,#1187);
#1187 = DEFINITIONAL_REPRESENTATION('',(#1188),#1191);
#1188 = B_SPLINE_CURVE_WITH_KNOTS('',1,(#1189,#1190),.UNSPECIFIED.,.F.,
  .F.,(2,2),(4.712388980385,6.28318530718),.PIECEWISE_BEZIER_KNOTS.);
#1189 = CARTESIAN_POINT('',(1.570796326795,380.));
#1190 = CARTESIAN_POINT('',(0.,380.));
#1191 = ( GEOMETRIC_REPRESENTATION_CONTEXT(2) 
PARAMETRIC_REPRESENTATION_CONTEXT() REPRESENTATION_CONTEXT('2D SPACE',''
  ) );
#1192 = PCURVE('',#1141,#1193);
#1193 = DEFINITIONAL_REPRESENTATION('',(#1194),#1197);
#1194 = B_SPLINE_CURVE_WITH_KNOTS('',1,(#1195,#1196),.UNSPECIFIED.,.F.,
  .F.,(2,2),(4.712388980385,6.28318530718),.PIECEWISE_BEZIER_KNOTS.);
#1195 = CARTESIAN_POINT('',(0.,-1.570796326795));
#1196 = CARTESIAN_POINT('',(0.,0.));
#1197 = ( GEOMETRIC_REPRESENTATION_CONTEXT(2) 
PARAMETRIC_REPRESENTATION_CONTEXT() REPRESENTATION_CONTEXT('2D SPACE',''
  ) );
#1198 = ORIENTED_EDGE('',*,*,#1199,.F.);
#1199 = EDGE_CURVE('',#1048,#1178,#1200,.T.);
#1200 = SURFACE_CURVE('',#1201,(#1205,#1212),.PCURVE_S1.);
#1201 = LINE('',#1202,#1203);
#1202 = CARTESIAN_POINT('',(250.,-200.,-180.));
#1203 = VECTOR('',#1204,1.);
#1204 = DIRECTION('',(0.,1.,0.));
#1205 = PCURVE('',#670,#1206);
#1206 = DEFINITIONAL_REPRESENTATION('',(#1207),#1211);
#1207 = LINE('',#1208,#1209);
#1208 = CARTESIAN_POINT('',(0.,0.));
#1209 = VECTOR('',#1210,1.);
#1210 = DIRECTION('',(0.,1.));
#1211 = ( GEOMETRIC_REPRESENTATION_CONTEXT(2) 
PARAMETRIC_REPRESENTATION_CONTEXT() REPRESENTATION_CONTEXT('2D SPACE',''
  ) );
#1212 = PCURVE('',#1065,#1213);
#1213 = DEFINITIONAL_REPRESENTATION('',(#1214),#1218);
#1214 = LINE('',#1215,#1216);
#1215 = CARTESIAN_POINT('',(20.,0.));
#1216 = VECTOR('',#1217,1.);
#1217 = DIRECTION('',(0.,-1.));
#1218 = ( GEOMETRIC_REPRESENTATION_CONTEXT(2) 
PARAMETRIC_REPRESENTATION_CONTEXT() REPRESENTATION_CONTEXT('2D SPACE',''
  ) );
#1219 = ADVANCED_FACE('',(#1220),#727,.F.);
#1220 = FACE_BOUND('',#1221,.F.);
#1221 = EDGE_LOOP('',(#1222,#1251,#1272,#1273));
#1222 = ORIENTED_EDGE('',*,*,#1223,.F.);
#1223 = EDGE_CURVE('',#1224,#1224,#1226,.T.);
#1224 = VERTEX_POINT('',#1225);
#1225 = CARTESIAN_POINT('',(22.5,-5.510910596163E-15,-195.));
#1226 = SURFACE_CURVE('',#1227,(#1232,#1239),.PCURVE_S1.);
#1227 = CIRCLE('',#1228,22.5);
#1228 = AXIS2_PLACEMENT_3D('',#1229,#1230,#1231);
#1229 = CARTESIAN_POINT('',(0.,0.,-195.));
#1230 = DIRECTION('',(0.,0.,1.));
#1231 = DIRECTION('',(1.,0.,-0.));
#1232 = PCURVE('',#727,#1233);
#1233 = DEFINITIONAL_REPRESENTATION('',(#1234),#1238);
#1234 = LINE('',#1235,#1236);
#1235 = CARTESIAN_POINT('',(0.,5.));
#1236 = VECTOR('',#1237,1.);
#1237 = DIRECTION('',(1.,0.));
#1238 = ( GEOMETRIC_REPRESENTATION_CONTEXT(2) 
PARAMETRIC_REPRESENTATION_CONTEXT() REPRESENTATION_CONTEXT('2D SPACE',''
  ) );
#1239 = PCURVE('',#1240,#1245);
#1240 = PLANE('',#1241);
#1241 = AXIS2_PLACEMENT_3D('',#1242,#1243,#1244);
#1242 = CARTESIAN_POINT('',(-245.,-195.,-195.));
#1243 = DIRECTION('',(0.,0.,1.));
#1244 = DIRECTION('',(1.,0.,0.));
#1245 = DEFINITIONAL_REPRESENTATION('',(#1246),#1250);
#1246 = CIRCLE('',#1247,22.5);
#1247 = AXIS2_PLACEMENT_2D('',#1248,#1249);
#1248 = CARTESIAN_POINT('',(245.,195.));
#1249 = DIRECTION('',(1.,0.));
#1250 = ( GEOMETRIC_REPRESENTATION_CONTEXT(2) 
PARAMETRIC_REPRESENTATION_CONTEXT() REPRESENTATION_CONTEXT('2D SPACE',''
  ) );
#1251 = ORIENTED_EDGE('',*,*,#1252,.F.);
#1252 = EDGE_CURVE('',#711,#1224,#1253,.T.);
#1253 = SEAM_CURVE('',#1254,(#1258,#1265),.PCURVE_S1.);
#1254 = LINE('',#1255,#1256);
#1255 = CARTESIAN_POINT('',(22.5,-5.510910596163E-15,-200.));
#1256 = VECTOR('',#1257,1.);
#1257 = DIRECTION('',(0.,0.,1.));
#1258 = PCURVE('',#727,#1259);
#1259 = DEFINITIONAL_REPRESENTATION('',(#1260),#1264);
#1260 = LINE('',#1261,#1262);
#1261 = CARTESIAN_POINT('',(6.28318530718,-0.));
#1262 = VECTOR('',#1263,1.);
#1263 = DIRECTION('',(0.,1.));
#1264 = ( GEOMETRIC_REPRESENTATION_CONTEXT(2) 
PARAMETRIC_REPRESENTATION_CONTEXT() REPRESENTATION_CONTEXT('2D SPACE',''
  ) );
#1265 = PCURVE('',#727,#1266);
#1266 = DEFINITIONAL_REPRESENTATION('',(#1267),#1271);
#1267 = LINE('',#1268,#1269);
#1268 = CARTESIAN_POINT('',(0.,-0.));
#1269 = VECTOR('',#1270,1.);
#1270 = DIRECTION('',(0.,1.));
#1271 = ( GEOMETRIC_REPRESENTATION_CONTEXT(2) 
PARAMETRIC_REPRESENTATION_CONTEXT() REPRESENTATION_CONTEXT('2D SPACE',''
  ) );
#1272 = ORIENTED_EDGE('',*,*,#710,.T.);
#1273 = ORIENTED_EDGE('',*,*,#1252,.T.);
#1274 = ADVANCED_FACE('',(#1275),#783,.F.);
#1275 = FACE_BOUND('',#1276,.T.);
#1276 = EDGE_LOOP('',(#1277,#1278,#1300));
#1277 = ORIENTED_EDGE('',*,*,#767,.F.);
#1278 = ORIENTED_EDGE('',*,*,#1279,.T.);
#1279 = EDGE_CURVE('',#339,#1280,#1282,.T.);
#1280 = VERTEX_POINT('',#1281);
#1281 = CARTESIAN_POINT('',(-230.,-195.,-15.));
#1282 = SURFACE_CURVE('',#1283,(#1288,#1294),.PCURVE_S1.);
#1283 = CIRCLE('',#1284,15.);
#1284 = AXIS2_PLACEMENT_3D('',#1285,#1286,#1287);
#1285 = CARTESIAN_POINT('',(-230.,-180.,-15.));
#1286 = DIRECTION('',(1.,-6.123233995737E-17,0.));
#1287 = DIRECTION('',(-6.123233995737E-17,-1.,0.));
#1288 = PCURVE('',#783,#1289);
#1289 = DEFINITIONAL_REPRESENTATION('',(#1290),#1293);
#1290 = B_SPLINE_CURVE_WITH_KNOTS('',1,(#1291,#1292),.UNSPECIFIED.,.F.,
  .F.,(2,2),(4.712388980385,6.28318530718),.PIECEWISE_BEZIER_KNOTS.);
#1291 = CARTESIAN_POINT('',(-1.570796326795,-1.570796326795));
#1292 = CARTESIAN_POINT('',(-1.570796326795,0.));
#1293 = ( GEOMETRIC_REPRESENTATION_CONTEXT(2) 
PARAMETRIC_REPRESENTATION_CONTEXT() REPRESENTATION_CONTEXT('2D SPACE',''
  ) );
#1294 = PCURVE('',#1007,#1295);
#1295 = DEFINITIONAL_REPRESENTATION('',(#1296),#1299);
#1296 = B_SPLINE_CURVE_WITH_KNOTS('',1,(#1297,#1298),.UNSPECIFIED.,.F.,
  .F.,(2,2),(4.712388980385,6.28318530718),.PIECEWISE_BEZIER_KNOTS.);
#1297 = CARTESIAN_POINT('',(-1.570796326795,15.));
#1298 = CARTESIAN_POINT('',(0.,15.));
#1299 = ( GEOMETRIC_REPRESENTATION_CONTEXT(2) 
PARAMETRIC_REPRESENTATION_CONTEXT() REPRESENTATION_CONTEXT('2D SPACE',''
  ) );
#1300 = ORIENTED_EDGE('',*,*,#1301,.F.);
#1301 = EDGE_CURVE('',#768,#1280,#1302,.T.);
#1302 = SURFACE_CURVE('',#1303,(#1308,#1315),.PCURVE_S1.);
#1303 = CIRCLE('',#1304,15.);
#1304 = AXIS2_PLACEMENT_3D('',#1305,#1306,#1307);
#1305 = CARTESIAN_POINT('',(-230.,-180.,-15.));
#1306 = DIRECTION('',(0.,0.,1.));
#1307 = DIRECTION('',(-1.,0.,0.));
#1308 = PCURVE('',#783,#1309);
#1309 = DEFINITIONAL_REPRESENTATION('',(#1310),#1314);
#1310 = LINE('',#1311,#1312);
#1311 = CARTESIAN_POINT('',(-0.,0.));
#1312 = VECTOR('',#1313,1.);
#1313 = DIRECTION('',(-1.,0.));
#1314 = ( GEOMETRIC_REPRESENTATION_CONTEXT(2) 
PARAMETRIC_REPRESENTATION_CONTEXT() REPRESENTATION_CONTEXT('2D SPACE',''
  ) );
#1315 = PCURVE('',#1316,#1321);
#1316 = CYLINDRICAL_SURFACE('',#1317,15.);
#1317 = AXIS2_PLACEMENT_3D('',#1318,#1319,#1320);
#1318 = CARTESIAN_POINT('',(-230.,-180.,-195.));
#1319 = DIRECTION('',(0.,0.,1.));
#1320 = DIRECTION('',(-1.,-0.,0.));
#1321 = DEFINITIONAL_REPRESENTATION('',(#1322),#1326);
#1322 = LINE('',#1323,#1324);
#1323 = CARTESIAN_POINT('',(0.,180.));
#1324 = VECTOR('',#1325,1.);
#1325 = DIRECTION('',(1.,0.));
#1326 = ( GEOMETRIC_REPRESENTATION_CONTEXT(2) 
PARAMETRIC_REPRESENTATION_CONTEXT() REPRESENTATION_CONTEXT('2D SPACE',''
  ) );
#1327 = ADVANCED_FACE('',(#1328),#838,.T.);
#1328 = FACE_BOUND('',#1329,.T.);
#1329 = EDGE_LOOP('',(#1330,#1353,#1381,#1407));
#1330 = ORIENTED_EDGE('',*,*,#1331,.F.);
#1331 = EDGE_CURVE('',#1332,#768,#1334,.T.);
#1332 = VERTEX_POINT('',#1333);
#1333 = CARTESIAN_POINT('',(-245.,-180.,-180.));
#1334 = SURFACE_CURVE('',#1335,(#1339,#1346),.PCURVE_S1.);
#1335 = LINE('',#1336,#1337);
#1336 = CARTESIAN_POINT('',(-245.,-180.,-195.));
#1337 = VECTOR('',#1338,1.);
#1338 = DIRECTION('',(0.,0.,1.));
#1339 = PCURVE('',#838,#1340);
#1340 = DEFINITIONAL_REPRESENTATION('',(#1341),#1345);
#1341 = LINE('',#1342,#1343);
#1342 = CARTESIAN_POINT('',(0.,-15.));
#1343 = VECTOR('',#1344,1.);
#1344 = DIRECTION('',(1.,0.));
#1345 = ( GEOMETRIC_REPRESENTATION_CONTEXT(2) 
PARAMETRIC_REPRESENTATION_CONTEXT() REPRESENTATION_CONTEXT('2D SPACE',''
  ) );
#1346 = PCURVE('',#1316,#1347);
#1347 = DEFINITIONAL_REPRESENTATION('',(#1348),#1352);
#1348 = LINE('',#1349,#1350);
#1349 = CARTESIAN_POINT('',(0.,0.));
#1350 = VECTOR('',#1351,1.);
#1351 = DIRECTION('',(0.,1.));
#1352 = ( GEOMETRIC_REPRESENTATION_CONTEXT(2) 
PARAMETRIC_REPRESENTATION_CONTEXT() REPRESENTATION_CONTEXT('2D SPACE',''
  ) );
#1353 = ORIENTED_EDGE('',*,*,#1354,.T.);
#1354 = EDGE_CURVE('',#1332,#1355,#1357,.T.);
#1355 = VERTEX_POINT('',#1356);
#1356 = CARTESIAN_POINT('',(-245.,180.,-180.));
#1357 = SURFACE_CURVE('',#1358,(#1362,#1369),.PCURVE_S1.);
#1358 = LINE('',#1359,#1360);
#1359 = CARTESIAN_POINT('',(-245.,-195.,-180.));
#1360 = VECTOR('',#1361,1.);
#1361 = DIRECTION('',(0.,1.,0.));
#1362 = PCURVE('',#838,#1363);
#1363 = DEFINITIONAL_REPRESENTATION('',(#1364),#1368);
#1364 = LINE('',#1365,#1366);
#1365 = CARTESIAN_POINT('',(15.,0.));
#1366 = VECTOR('',#1367,1.);
#1367 = DIRECTION('',(0.,-1.));
#1368 = ( GEOMETRIC_REPRESENTATION_CONTEXT(2) 
PARAMETRIC_REPRESENTATION_CONTEXT() REPRESENTATION_CONTEXT('2D SPACE',''
  ) );
#1369 = PCURVE('',#1370,#1375);
#1370 = CYLINDRICAL_SURFACE('',#1371,15.);
#1371 = AXIS2_PLACEMENT_3D('',#1372,#1373,#1374);
#1372 = CARTESIAN_POINT('',(-230.,-195.,-180.));
#1373 = DIRECTION('',(0.,1.,0.));
#1374 = DIRECTION('',(-1.,0.,0.));
#1375 = DEFINITIONAL_REPRESENTATION('',(#1376),#1380);
#1376 = LINE('',#1377,#1378);
#1377 = CARTESIAN_POINT('',(-0.,0.));
#1378 = VECTOR('',#1379,1.);
#1379 = DIRECTION('',(-0.,1.));
#1380 = ( GEOMETRIC_REPRESENTATION_CONTEXT(2) 
PARAMETRIC_REPRESENTATION_CONTEXT() REPRESENTATION_CONTEXT('2D SPACE',''
  ) );
#1381 = ORIENTED_EDGE('',*,*,#1382,.T.);
#1382 = EDGE_CURVE('',#1355,#796,#1383,.T.);
#1383 = SURFACE_CURVE('',#1384,(#1388,#1395),.PCURVE_S1.);
#1384 = LINE('',#1385,#1386);
#1385 = CARTESIAN_POINT('',(-245.,180.,-195.));
#1386 = VECTOR('',#1387,1.);
#1387 = DIRECTION('',(0.,0.,1.));
#1388 = PCURVE('',#838,#1389);
#1389 = DEFINITIONAL_REPRESENTATION('',(#1390),#1394);
#1390 = LINE('',#1391,#1392);
#1391 = CARTESIAN_POINT('',(0.,-375.));
#1392 = VECTOR('',#1393,1.);
#1393 = DIRECTION('',(1.,0.));
#1394 = ( GEOMETRIC_REPRESENTATION_CONTEXT(2) 
PARAMETRIC_REPRESENTATION_CONTEXT() REPRESENTATION_CONTEXT('2D SPACE',''
  ) );
#1395 = PCURVE('',#1396,#1401);
#1396 = CYLINDRICAL_SURFACE('',#1397,15.);
#1397 = AXIS2_PLACEMENT_3D('',#1398,#1399,#1400);
#1398 = CARTESIAN_POINT('',(-230.,180.,-195.));
#1399 = DIRECTION('',(0.,0.,1.));
#1400 = DIRECTION('',(-1.,-0.,0.));
#1401 = DEFINITIONAL_REPRESENTATION('',(#1402),#1406);
#1402 = LINE('',#1403,#1404);
#1403 = CARTESIAN_POINT('',(-0.,0.));
#1404 = VECTOR('',#1405,1.);
#1405 = DIRECTION('',(-0.,1.));
#1406 = ( GEOMETRIC_REPRESENTATION_CONTEXT(2) 
PARAMETRIC_REPRESENTATION_CONTEXT() REPRESENTATION_CONTEXT('2D SPACE',''
  ) );
#1407 = ORIENTED_EDGE('',*,*,#824,.F.);
#1408 = ADVANCED_FACE('',(#1409),#812,.F.);
#1409 = FACE_BOUND('',#1410,.T.);
#1410 = EDGE_LOOP('',(#1411,#1433,#1458));
#1411 = ORIENTED_EDGE('',*,*,#1412,.F.);
#1412 = EDGE_CURVE('',#1413,#796,#1415,.T.);
#1413 = VERTEX_POINT('',#1414);
#1414 = CARTESIAN_POINT('',(-230.,195.,-15.));
#1415 = SURFACE_CURVE('',#1416,(#1421,#1427),.PCURVE_S1.);
#1416 = CIRCLE('',#1417,15.);
#1417 = AXIS2_PLACEMENT_3D('',#1418,#1419,#1420);
#1418 = CARTESIAN_POINT('',(-230.,180.,-15.));
#1419 = DIRECTION('',(2.368475785867E-16,0.,1.));
#1420 = DIRECTION('',(-1.,0.,2.368475785867E-16));
#1421 = PCURVE('',#812,#1422);
#1422 = DEFINITIONAL_REPRESENTATION('',(#1423),#1426);
#1423 = B_SPLINE_CURVE_WITH_KNOTS('',1,(#1424,#1425),.UNSPECIFIED.,.F.,
  .F.,(2,2),(4.712388980385,6.28318530718),.PIECEWISE_BEZIER_KNOTS.);
#1424 = CARTESIAN_POINT('',(0.,-1.570796326795));
#1425 = CARTESIAN_POINT('',(0.,0.));
#1426 = ( GEOMETRIC_REPRESENTATION_CONTEXT(2) 
PARAMETRIC_REPRESENTATION_CONTEXT() REPRESENTATION_CONTEXT('2D SPACE',''
  ) );
#1427 = PCURVE('',#1396,#1428);
#1428 = DEFINITIONAL_REPRESENTATION('',(#1429),#1432);
#1429 = B_SPLINE_CURVE_WITH_KNOTS('',1,(#1430,#1431),.UNSPECIFIED.,.F.,
  .F.,(2,2),(4.712388980385,6.28318530718),.PIECEWISE_BEZIER_KNOTS.);
#1430 = CARTESIAN_POINT('',(-1.570796326795,180.));
#1431 = CARTESIAN_POINT('',(0.,180.));
#1432 = ( GEOMETRIC_REPRESENTATION_CONTEXT(2) 
PARAMETRIC_REPRESENTATION_CONTEXT() REPRESENTATION_CONTEXT('2D SPACE',''
  ) );
#1433 = ORIENTED_EDGE('',*,*,#1434,.T.);
#1434 = EDGE_CURVE('',#1413,#361,#1435,.T.);
#1435 = SURFACE_CURVE('',#1436,(#1441,#1447),.PCURVE_S1.);
#1436 = CIRCLE('',#1437,15.);
#1437 = AXIS2_PLACEMENT_3D('',#1438,#1439,#1440);
#1438 = CARTESIAN_POINT('',(-230.,180.,-15.));
#1439 = DIRECTION('',(1.,0.,4.64293662957E-17));
#1440 = DIRECTION('',(-4.64293662957E-17,0.,1.));
#1441 = PCURVE('',#812,#1442);
#1442 = DEFINITIONAL_REPRESENTATION('',(#1443),#1446);
#1443 = B_SPLINE_CURVE_WITH_KNOTS('',1,(#1444,#1445),.UNSPECIFIED.,.F.,
  .F.,(2,2),(4.712388980385,6.28318530718),.PIECEWISE_BEZIER_KNOTS.);
#1444 = CARTESIAN_POINT('',(-1.570796326795,-1.570796326795));
#1445 = CARTESIAN_POINT('',(-1.570796326795,0.));
#1446 = ( GEOMETRIC_REPRESENTATION_CONTEXT(2) 
PARAMETRIC_REPRESENTATION_CONTEXT() REPRESENTATION_CONTEXT('2D SPACE',''
  ) );
#1447 = PCURVE('',#1448,#1453);
#1448 = CYLINDRICAL_SURFACE('',#1449,15.);
#1449 = AXIS2_PLACEMENT_3D('',#1450,#1451,#1452);
#1450 = CARTESIAN_POINT('',(-245.,180.,-15.));
#1451 = DIRECTION('',(1.,0.,0.));
#1452 = DIRECTION('',(-0.,1.,0.));
#1453 = DEFINITIONAL_REPRESENTATION('',(#1454),#1457);
#1454 = B_SPLINE_CURVE_WITH_KNOTS('',1,(#1455,#1456),.UNSPECIFIED.,.F.,
  .F.,(2,2),(4.712388980385,6.28318530718),.PIECEWISE_BEZIER_KNOTS.);
#1455 = CARTESIAN_POINT('',(0.,15.));
#1456 = CARTESIAN_POINT('',(1.570796326795,15.));
#1457 = ( GEOMETRIC_REPRESENTATION_CONTEXT(2) 
PARAMETRIC_REPRESENTATION_CONTEXT() REPRESENTATION_CONTEXT('2D SPACE',''
  ) );
#1458 = ORIENTED_EDGE('',*,*,#795,.F.);
#1459 = ADVANCED_FACE('',(#1460),#868,.T.);
#1460 = FACE_BOUND('',#1461,.T.);
#1461 = EDGE_LOOP('',(#1462,#1463,#1485,#1510));
#1462 = ORIENTED_EDGE('',*,*,#854,.T.);
#1463 = ORIENTED_EDGE('',*,*,#1464,.T.);
#1464 = EDGE_CURVE('',#361,#1465,#1467,.T.);
#1465 = VERTEX_POINT('',#1466);
#1466 = CARTESIAN_POINT('',(230.,180.,3.552713678801E-15));
#1467 = SURFACE_CURVE('',#1468,(#1472,#1479),.PCURVE_S1.);
#1468 = LINE('',#1469,#1470);
#1469 = CARTESIAN_POINT('',(-250.,180.,3.552713678801E-15));
#1470 = VECTOR('',#1471,1.);
#1471 = DIRECTION('',(1.,0.,0.));
#1472 = PCURVE('',#868,#1473);
#1473 = DEFINITIONAL_REPRESENTATION('',(#1474),#1478);
#1474 = LINE('',#1475,#1476);
#1475 = CARTESIAN_POINT('',(1.570796326795,0.));
#1476 = VECTOR('',#1477,1.);
#1477 = DIRECTION('',(0.,1.));
#1478 = ( GEOMETRIC_REPRESENTATION_CONTEXT(2) 
PARAMETRIC_REPRESENTATION_CONTEXT() REPRESENTATION_CONTEXT('2D SPACE',''
  ) );
#1479 = PCURVE('',#1448,#1480);
#1480 = DEFINITIONAL_REPRESENTATION('',(#1481),#1484);
#1481 = B_SPLINE_CURVE_WITH_KNOTS('',1,(#1482,#1483),.UNSPECIFIED.,.F.,
  .F.,(2,2),(20.,480.),.PIECEWISE_BEZIER_KNOTS.);
#1482 = CARTESIAN_POINT('',(1.570796326795,15.));
#1483 = CARTESIAN_POINT('',(1.570796326795,475.));
#1484 = ( GEOMETRIC_REPRESENTATION_CONTEXT(2) 
PARAMETRIC_REPRESENTATION_CONTEXT() REPRESENTATION_CONTEXT('2D SPACE',''
  ) );
#1485 = ORIENTED_EDGE('',*,*,#1486,.F.);
#1486 = EDGE_CURVE('',#885,#1465,#1487,.T.);
#1487 = SURFACE_CURVE('',#1488,(#1493,#1499),.PCURVE_S1.);
#1488 = CIRCLE('',#1489,20.);
#1489 = AXIS2_PLACEMENT_3D('',#1490,#1491,#1492);
#1490 = CARTESIAN_POINT('',(230.,180.,-20.));
#1491 = DIRECTION('',(1.,0.,-1.056412609424E-16));
#1492 = DIRECTION('',(1.056412609424E-16,0.,1.));
#1493 = PCURVE('',#868,#1494);
#1494 = DEFINITIONAL_REPRESENTATION('',(#1495),#1498);
#1495 = B_SPLINE_CURVE_WITH_KNOTS('',1,(#1496,#1497),.UNSPECIFIED.,.F.,
  .F.,(2,2),(4.712388980385,6.28318530718),.PIECEWISE_BEZIER_KNOTS.);
#1496 = CARTESIAN_POINT('',(0.,480.));
#1497 = CARTESIAN_POINT('',(1.570796326795,480.));
#1498 = ( GEOMETRIC_REPRESENTATION_CONTEXT(2) 
PARAMETRIC_REPRESENTATION_CONTEXT() REPRESENTATION_CONTEXT('2D SPACE',''
  ) );
#1499 = PCURVE('',#1500,#1505);
#1500 = SPHERICAL_SURFACE('',#1501,20.);
#1501 = AXIS2_PLACEMENT_3D('',#1502,#1503,#1504);
#1502 = CARTESIAN_POINT('',(230.,180.,-20.));
#1503 = DIRECTION('',(-0.,-1.,-0.));
#1504 = DIRECTION('',(1.,-0.,1.7763568394E-16));
#1505 = DEFINITIONAL_REPRESENTATION('',(#1506),#1509);
#1506 = B_SPLINE_CURVE_WITH_KNOTS('',1,(#1507,#1508),.UNSPECIFIED.,.F.,
  .F.,(2,2),(4.712388980385,6.28318530718),.PIECEWISE_BEZIER_KNOTS.);
#1507 = CARTESIAN_POINT('',(1.570796326795,-1.570796326795));
#1508 = CARTESIAN_POINT('',(1.570796326795,0.));
#1509 = ( GEOMETRIC_REPRESENTATION_CONTEXT(2) 
PARAMETRIC_REPRESENTATION_CONTEXT() REPRESENTATION_CONTEXT('2D SPACE',''
  ) );
#1510 = ORIENTED_EDGE('',*,*,#884,.F.);
#1511 = ADVANCED_FACE('',(#1512),#923,.T.);
#1512 = FACE_BOUND('',#1513,.T.);
#1513 = EDGE_LOOP('',(#1514,#1537,#1559,#1560));
#1514 = ORIENTED_EDGE('',*,*,#1515,.F.);
#1515 = EDGE_CURVE('',#1178,#1516,#1518,.T.);
#1516 = VERTEX_POINT('',#1517);
#1517 = CARTESIAN_POINT('',(250.,180.,-20.));
#1518 = SURFACE_CURVE('',#1519,(#1523,#1530),.PCURVE_S1.);
#1519 = LINE('',#1520,#1521);
#1520 = CARTESIAN_POINT('',(250.,180.,-200.));
#1521 = VECTOR('',#1522,1.);
#1522 = DIRECTION('',(0.,0.,1.));
#1523 = PCURVE('',#923,#1524);
#1524 = DEFINITIONAL_REPRESENTATION('',(#1525),#1529);
#1525 = LINE('',#1526,#1527);
#1526 = CARTESIAN_POINT('',(0.,0.));
#1527 = VECTOR('',#1528,1.);
#1528 = DIRECTION('',(0.,1.));
#1529 = ( GEOMETRIC_REPRESENTATION_CONTEXT(2) 
PARAMETRIC_REPRESENTATION_CONTEXT() REPRESENTATION_CONTEXT('2D SPACE',''
  ) );
#1530 = PCURVE('',#1065,#1531);
#1531 = DEFINITIONAL_REPRESENTATION('',(#1532),#1536);
#1532 = LINE('',#1533,#1534);
#1533 = CARTESIAN_POINT('',(0.,-380.));
#1534 = VECTOR('',#1535,1.);
#1535 = DIRECTION('',(1.,0.));
#1536 = ( GEOMETRIC_REPRESENTATION_CONTEXT(2) 
PARAMETRIC_REPRESENTATION_CONTEXT() REPRESENTATION_CONTEXT('2D SPACE',''
  ) );
#1537 = ORIENTED_EDGE('',*,*,#1538,.T.);
#1538 = EDGE_CURVE('',#1178,#908,#1539,.T.);
#1539 = SURFACE_CURVE('',#1540,(#1545,#1552),.PCURVE_S1.);
#1540 = CIRCLE('',#1541,20.);
#1541 = AXIS2_PLACEMENT_3D('',#1542,#1543,#1544);
#1542 = CARTESIAN_POINT('',(230.,180.,-180.));
#1543 = DIRECTION('',(0.,0.,1.));
#1544 = DIRECTION('',(1.,0.,-0.));
#1545 = PCURVE('',#923,#1546);
#1546 = DEFINITIONAL_REPRESENTATION('',(#1547),#1551);
#1547 = LINE('',#1548,#1549);
#1548 = CARTESIAN_POINT('',(0.,20.));
#1549 = VECTOR('',#1550,1.);
#1550 = DIRECTION('',(1.,0.));
#1551 = ( GEOMETRIC_REPRESENTATION_CONTEXT(2) 
PARAMETRIC_REPRESENTATION_CONTEXT() REPRESENTATION_CONTEXT('2D SPACE',''
  ) );
#1552 = PCURVE('',#1141,#1553);
#1553 = DEFINITIONAL_REPRESENTATION('',(#1554),#1558);
#1554 = LINE('',#1555,#1556);
#1555 = CARTESIAN_POINT('',(0.,0.));
#1556 = VECTOR('',#1557,1.);
#1557 = DIRECTION('',(1.,0.));
#1558 = ( GEOMETRIC_REPRESENTATION_CONTEXT(2) 
PARAMETRIC_REPRESENTATION_CONTEXT() REPRESENTATION_CONTEXT('2D SPACE',''
  ) );
#1559 = ORIENTED_EDGE('',*,*,#907,.T.);
#1560 = ORIENTED_EDGE('',*,*,#1561,.T.);
#1561 = EDGE_CURVE('',#885,#1516,#1562,.T.);
#1562 = SURFACE_CURVE('',#1563,(#1568,#1574),.PCURVE_S1.);
#1563 = CIRCLE('',#1564,20.);
#1564 = AXIS2_PLACEMENT_3D('',#1565,#1566,#1567);
#1565 = CARTESIAN_POINT('',(230.,180.,-20.));
#1566 = DIRECTION('',(1.7763568394E-16,0.,-1.));
#1567 = DIRECTION('',(1.,0.,1.7763568394E-16));
#1568 = PCURVE('',#923,#1569);
#1569 = DEFINITIONAL_REPRESENTATION('',(#1570),#1573);
#1570 = B_SPLINE_CURVE_WITH_KNOTS('',1,(#1571,#1572),.UNSPECIFIED.,.F.,
  .F.,(2,2),(4.712388980385,6.28318530718),.PIECEWISE_BEZIER_KNOTS.);
#1571 = CARTESIAN_POINT('',(1.570796326795,180.));
#1572 = CARTESIAN_POINT('',(0.,180.));
#1573 = ( GEOMETRIC_REPRESENTATION_CONTEXT(2) 
PARAMETRIC_REPRESENTATION_CONTEXT() REPRESENTATION_CONTEXT('2D SPACE',''
  ) );
#1574 = PCURVE('',#1500,#1575);
#1575 = DEFINITIONAL_REPRESENTATION('',(#1576),#1579);
#1576 = B_SPLINE_CURVE_WITH_KNOTS('',1,(#1577,#1578),.UNSPECIFIED.,.F.,
  .F.,(2,2),(4.712388980385,6.28318530718),.PIECEWISE_BEZIER_KNOTS.);
#1577 = CARTESIAN_POINT('',(0.,-1.570796326795));
#1578 = CARTESIAN_POINT('',(0.,0.));
#1579 = ( GEOMETRIC_REPRESENTATION_CONTEXT(2) 
PARAMETRIC_REPRESENTATION_CONTEXT() REPRESENTATION_CONTEXT('2D SPACE',''
  ) );
#1580 = ADVANCED_FACE('',(#1581),#975,.T.);
#1581 = FACE_BOUND('',#1582,.F.);
#1582 = EDGE_LOOP('',(#1583,#1584,#1585));
#1583 = ORIENTED_EDGE('',*,*,#1156,.F.);
#1584 = ORIENTED_EDGE('',*,*,#961,.T.);
#1585 = ORIENTED_EDGE('',*,*,#1077,.F.);
#1586 = ADVANCED_FACE('',(#1587),#1007,.F.);
#1587 = FACE_BOUND('',#1588,.T.);
#1588 = EDGE_LOOP('',(#1589,#1590,#1591,#1618));
#1589 = ORIENTED_EDGE('',*,*,#1279,.F.);
#1590 = ORIENTED_EDGE('',*,*,#991,.T.);
#1591 = ORIENTED_EDGE('',*,*,#1592,.T.);
#1592 = EDGE_CURVE('',#992,#1593,#1595,.T.);
#1593 = VERTEX_POINT('',#1594);
#1594 = CARTESIAN_POINT('',(230.,-195.,-15.));
#1595 = SURFACE_CURVE('',#1596,(#1601,#1607),.PCURVE_S1.);
#1596 = CIRCLE('',#1597,15.);
#1597 = AXIS2_PLACEMENT_3D('',#1598,#1599,#1600);
#1598 = CARTESIAN_POINT('',(230.,-180.,-15.));
#1599 = DIRECTION('',(1.,6.123233995737E-17,0.));
#1600 = DIRECTION('',(6.123233995737E-17,-1.,0.));
#1601 = PCURVE('',#1007,#1602);
#1602 = DEFINITIONAL_REPRESENTATION('',(#1603),#1606);
#1603 = B_SPLINE_CURVE_WITH_KNOTS('',1,(#1604,#1605),.UNSPECIFIED.,.F.,
  .F.,(2,2),(4.712388980385,6.28318530718),.PIECEWISE_BEZIER_KNOTS.);
#1604 = CARTESIAN_POINT('',(-1.570796326795,475.));
#1605 = CARTESIAN_POINT('',(0.,475.));
#1606 = ( GEOMETRIC_REPRESENTATION_CONTEXT(2) 
PARAMETRIC_REPRESENTATION_CONTEXT() REPRESENTATION_CONTEXT('2D SPACE',''
  ) );
#1607 = PCURVE('',#1608,#1613);
#1608 = SPHERICAL_SURFACE('',#1609,15.);
#1609 = AXIS2_PLACEMENT_3D('',#1610,#1611,#1612);
#1610 = CARTESIAN_POINT('',(230.,-180.,-15.));
#1611 = DIRECTION('',(-0.,-0.,-1.));
#1612 = DIRECTION('',(1.,0.,0.));
#1613 = DEFINITIONAL_REPRESENTATION('',(#1614),#1617);
#1614 = B_SPLINE_CURVE_WITH_KNOTS('',1,(#1615,#1616),.UNSPECIFIED.,.F.,
  .F.,(2,2),(4.712388980385,6.28318530718),.PIECEWISE_BEZIER_KNOTS.);
#1615 = CARTESIAN_POINT('',(1.570796326795,-1.570796326795));
#1616 = CARTESIAN_POINT('',(1.570796326795,0.));
#1617 = ( GEOMETRIC_REPRESENTATION_CONTEXT(2) 
PARAMETRIC_REPRESENTATION_CONTEXT() REPRESENTATION_CONTEXT('2D SPACE',''
  ) );
#1618 = ORIENTED_EDGE('',*,*,#1619,.F.);
#1619 = EDGE_CURVE('',#1280,#1593,#1620,.T.);
#1620 = SURFACE_CURVE('',#1621,(#1625,#1632),.PCURVE_S1.);
#1621 = LINE('',#1622,#1623);
#1622 = CARTESIAN_POINT('',(-245.,-195.,-15.));
#1623 = VECTOR('',#1624,1.);
#1624 = DIRECTION('',(1.,0.,0.));
#1625 = PCURVE('',#1007,#1626);
#1626 = DEFINITIONAL_REPRESENTATION('',(#1627),#1631);
#1627 = LINE('',#1628,#1629);
#1628 = CARTESIAN_POINT('',(-0.,0.));
#1629 = VECTOR('',#1630,1.);
#1630 = DIRECTION('',(-0.,1.));
#1631 = ( GEOMETRIC_REPRESENTATION_CONTEXT(2) 
PARAMETRIC_REPRESENTATION_CONTEXT() REPRESENTATION_CONTEXT('2D SPACE',''
  ) );
#1632 = PCURVE('',#1633,#1638);
#1633 = PLANE('',#1634);
#1634 = AXIS2_PLACEMENT_3D('',#1635,#1636,#1637);
#1635 = CARTESIAN_POINT('',(-245.,-195.,-195.));
#1636 = DIRECTION('',(0.,1.,0.));
#1637 = DIRECTION('',(0.,0.,1.));
#1638 = DEFINITIONAL_REPRESENTATION('',(#1639),#1643);
#1639 = LINE('',#1640,#1641);
#1640 = CARTESIAN_POINT('',(180.,0.));
#1641 = VECTOR('',#1642,1.);
#1642 = DIRECTION('',(0.,1.));
#1643 = ( GEOMETRIC_REPRESENTATION_CONTEXT(2) 
PARAMETRIC_REPRESENTATION_CONTEXT() REPRESENTATION_CONTEXT('2D SPACE',''
  ) );
#1644 = ADVANCED_FACE('',(#1645),#1032,.T.);
#1645 = FACE_BOUND('',#1646,.T.);
#1646 = EDGE_LOOP('',(#1647,#1672,#1673));
#1647 = ORIENTED_EDGE('',*,*,#1648,.F.);
#1648 = EDGE_CURVE('',#992,#1050,#1649,.T.);
#1649 = SURFACE_CURVE('',#1650,(#1655,#1661),.PCURVE_S1.);
#1650 = CIRCLE('',#1651,20.);
#1651 = AXIS2_PLACEMENT_3D('',#1652,#1653,#1654);
#1652 = CARTESIAN_POINT('',(230.,-180.,-20.));
#1653 = DIRECTION('',(-0.,1.,0.));
#1654 = DIRECTION('',(1.,0.,0.));
#1655 = PCURVE('',#1032,#1656);
#1656 = DEFINITIONAL_REPRESENTATION('',(#1657),#1660);
#1657 = B_SPLINE_CURVE_WITH_KNOTS('',1,(#1658,#1659),.UNSPECIFIED.,.F.,
  .F.,(2,2),(4.712388980385,6.28318530718),.PIECEWISE_BEZIER_KNOTS.);
#1658 = CARTESIAN_POINT('',(0.,-1.570796326795));
#1659 = CARTESIAN_POINT('',(0.,0.));
#1660 = ( GEOMETRIC_REPRESENTATION_CONTEXT(2) 
PARAMETRIC_REPRESENTATION_CONTEXT() REPRESENTATION_CONTEXT('2D SPACE',''
  ) );
#1661 = PCURVE('',#1662,#1667);
#1662 = CYLINDRICAL_SURFACE('',#1663,20.);
#1663 = AXIS2_PLACEMENT_3D('',#1664,#1665,#1666);
#1664 = CARTESIAN_POINT('',(230.,-200.,-20.));
#1665 = DIRECTION('',(0.,1.,0.));
#1666 = DIRECTION('',(1.,0.,-0.));
#1667 = DEFINITIONAL_REPRESENTATION('',(#1668),#1671);
#1668 = B_SPLINE_CURVE_WITH_KNOTS('',1,(#1669,#1670),.UNSPECIFIED.,.F.,
  .F.,(2,2),(4.712388980385,6.28318530718),.PIECEWISE_BEZIER_KNOTS.);
#1669 = CARTESIAN_POINT('',(-1.570796326795,20.));
#1670 = CARTESIAN_POINT('',(0.,20.));
#1671 = ( GEOMETRIC_REPRESENTATION_CONTEXT(2) 
PARAMETRIC_REPRESENTATION_CONTEXT() REPRESENTATION_CONTEXT('2D SPACE',''
  ) );
#1672 = ORIENTED_EDGE('',*,*,#1018,.T.);
#1673 = ORIENTED_EDGE('',*,*,#1100,.F.);
#1674 = ADVANCED_FACE('',(#1675),#1065,.T.);
#1675 = FACE_BOUND('',#1676,.T.);
#1676 = EDGE_LOOP('',(#1677,#1678,#1679,#1680));
#1677 = ORIENTED_EDGE('',*,*,#1047,.F.);
#1678 = ORIENTED_EDGE('',*,*,#1199,.T.);
#1679 = ORIENTED_EDGE('',*,*,#1515,.T.);
#1680 = ORIENTED_EDGE('',*,*,#1681,.F.);
#1681 = EDGE_CURVE('',#1050,#1516,#1682,.T.);
#1682 = SURFACE_CURVE('',#1683,(#1687,#1694),.PCURVE_S1.);
#1683 = LINE('',#1684,#1685);
#1684 = CARTESIAN_POINT('',(250.,-200.,-20.));
#1685 = VECTOR('',#1686,1.);
#1686 = DIRECTION('',(0.,1.,0.));
#1687 = PCURVE('',#1065,#1688);
#1688 = DEFINITIONAL_REPRESENTATION('',(#1689),#1693);
#1689 = LINE('',#1690,#1691);
#1690 = CARTESIAN_POINT('',(180.,0.));
#1691 = VECTOR('',#1692,1.);
#1692 = DIRECTION('',(0.,-1.));
#1693 = ( GEOMETRIC_REPRESENTATION_CONTEXT(2) 
PARAMETRIC_REPRESENTATION_CONTEXT() REPRESENTATION_CONTEXT('2D SPACE',''
  ) );
#1694 = PCURVE('',#1662,#1695);
#1695 = DEFINITIONAL_REPRESENTATION('',(#1696),#1700);
#1696 = LINE('',#1697,#1698);
#1697 = CARTESIAN_POINT('',(-0.,0.));
#1698 = VECTOR('',#1699,1.);
#1699 = DIRECTION('',(-0.,1.));
#1700 = ( GEOMETRIC_REPRESENTATION_CONTEXT(2) 
PARAMETRIC_REPRESENTATION_CONTEXT() REPRESENTATION_CONTEXT('2D SPACE',''
  ) );
#1701 = ADVANCED_FACE('',(#1702),#1141,.T.);
#1702 = FACE_BOUND('',#1703,.T.);
#1703 = EDGE_LOOP('',(#1704,#1705,#1706));
#1704 = ORIENTED_EDGE('',*,*,#1177,.F.);
#1705 = ORIENTED_EDGE('',*,*,#1127,.T.);
#1706 = ORIENTED_EDGE('',*,*,#1538,.F.);
#1707 = ADVANCED_FACE('',(#1708,#1817),#1240,.T.);
#1708 = FACE_BOUND('',#1709,.T.);
#1709 = EDGE_LOOP('',(#1710,#1735,#1763,#1791));
#1710 = ORIENTED_EDGE('',*,*,#1711,.F.);
#1711 = EDGE_CURVE('',#1712,#1714,#1716,.T.);
#1712 = VERTEX_POINT('',#1713);
#1713 = CARTESIAN_POINT('',(-230.,-180.,-195.));
#1714 = VERTEX_POINT('',#1715);
#1715 = CARTESIAN_POINT('',(-230.,180.,-195.));
#1716 = SURFACE_CURVE('',#1717,(#1721,#1728),.PCURVE_S1.);
#1717 = LINE('',#1718,#1719);
#1718 = CARTESIAN_POINT('',(-230.,-195.,-195.));
#1719 = VECTOR('',#1720,1.);
#1720 = DIRECTION('',(0.,1.,0.));
#1721 = PCURVE('',#1240,#1722);
#1722 = DEFINITIONAL_REPRESENTATION('',(#1723),#1727);
#1723 = LINE('',#1724,#1725);
#1724 = CARTESIAN_POINT('',(15.,0.));
#1725 = VECTOR('',#1726,1.);
#1726 = DIRECTION('',(0.,1.));
#1727 = ( GEOMETRIC_REPRESENTATION_CONTEXT(2) 
PARAMETRIC_REPRESENTATION_CONTEXT() REPRESENTATION_CONTEXT('2D SPACE',''
  ) );
#1728 = PCURVE('',#1370,#1729);
#1729 = DEFINITIONAL_REPRESENTATION('',(#1730),#1734);
#1730 = LINE('',#1731,#1732);
#1731 = CARTESIAN_POINT('',(-1.570796326795,0.));
#1732 = VECTOR('',#1733,1.);
#1733 = DIRECTION('',(-0.,1.));
#1734 = ( GEOMETRIC_REPRESENTATION_CONTEXT(2) 
PARAMETRIC_REPRESENTATION_CONTEXT() REPRESENTATION_CONTEXT('2D SPACE',''
  ) );
#1735 = ORIENTED_EDGE('',*,*,#1736,.T.);
#1736 = EDGE_CURVE('',#1712,#1737,#1739,.T.);
#1737 = VERTEX_POINT('',#1738);
#1738 = CARTESIAN_POINT('',(230.,-180.,-195.));
#1739 = SURFACE_CURVE('',#1740,(#1744,#1751),.PCURVE_S1.);
#1740 = LINE('',#1741,#1742);
#1741 = CARTESIAN_POINT('',(-245.,-180.,-195.));
#1742 = VECTOR('',#1743,1.);
#1743 = DIRECTION('',(1.,0.,0.));
#1744 = PCURVE('',#1240,#1745);
#1745 = DEFINITIONAL_REPRESENTATION('',(#1746),#1750);
#1746 = LINE('',#1747,#1748);
#1747 = CARTESIAN_POINT('',(0.,15.));
#1748 = VECTOR('',#1749,1.);
#1749 = DIRECTION('',(1.,0.));
#1750 = ( GEOMETRIC_REPRESENTATION_CONTEXT(2) 
PARAMETRIC_REPRESENTATION_CONTEXT() REPRESENTATION_CONTEXT('2D SPACE',''
  ) );
#1751 = PCURVE('',#1752,#1757);
#1752 = CYLINDRICAL_SURFACE('',#1753,15.);
#1753 = AXIS2_PLACEMENT_3D('',#1754,#1755,#1756);
#1754 = CARTESIAN_POINT('',(-245.,-180.,-180.));
#1755 = DIRECTION('',(1.,0.,0.));
#1756 = DIRECTION('',(0.,-1.,0.));
#1757 = DEFINITIONAL_REPRESENTATION('',(#1758),#1762);
#1758 = LINE('',#1759,#1760);
#1759 = CARTESIAN_POINT('',(1.570796326795,0.));
#1760 = VECTOR('',#1761,1.);
#1761 = DIRECTION('',(0.,1.));
#1762 = ( GEOMETRIC_REPRESENTATION_CONTEXT(2) 
PARAMETRIC_REPRESENTATION_CONTEXT() REPRESENTATION_CONTEXT('2D SPACE',''
  ) );
#1763 = ORIENTED_EDGE('',*,*,#1764,.T.);
#1764 = EDGE_CURVE('',#1737,#1765,#1767,.T.);
#1765 = VERTEX_POINT('',#1766);
#1766 = CARTESIAN_POINT('',(230.,180.,-195.));
#1767 = SURFACE_CURVE('',#1768,(#1772,#1779),.PCURVE_S1.);
#1768 = LINE('',#1769,#1770);
#1769 = CARTESIAN_POINT('',(230.,-195.,-195.));
#1770 = VECTOR('',#1771,1.);
#1771 = DIRECTION('',(0.,1.,0.));
#1772 = PCURVE('',#1240,#1773);
#1773 = DEFINITIONAL_REPRESENTATION('',(#1774),#1778);
#1774 = LINE('',#1775,#1776);
#1775 = CARTESIAN_POINT('',(475.,0.));
#1776 = VECTOR('',#1777,1.);
#1777 = DIRECTION('',(0.,1.));
#1778 = ( GEOMETRIC_REPRESENTATION_CONTEXT(2) 
PARAMETRIC_REPRESENTATION_CONTEXT() REPRESENTATION_CONTEXT('2D SPACE',''
  ) );
#1779 = PCURVE('',#1780,#1785);
#1780 = CYLINDRICAL_SURFACE('',#1781,15.);
#1781 = AXIS2_PLACEMENT_3D('',#1782,#1783,#1784);
#1782 = CARTESIAN_POINT('',(230.,-195.,-180.));
#1783 = DIRECTION('',(0.,1.,0.));
#1784 = DIRECTION('',(1.,0.,-0.));
#1785 = DEFINITIONAL_REPRESENTATION('',(#1786),#1790);
#1786 = LINE('',#1787,#1788);
#1787 = CARTESIAN_POINT('',(1.570796326795,0.));
#1788 = VECTOR('',#1789,1.);
#1789 = DIRECTION('',(0.,1.));
#1790 = ( GEOMETRIC_REPRESENTATION_CONTEXT(2) 
PARAMETRIC_REPRESENTATION_CONTEXT() REPRESENTATION_CONTEXT('2D SPACE',''
  ) );
#1791 = ORIENTED_EDGE('',*,*,#1792,.F.);
#1792 = EDGE_CURVE('',#1714,#1765,#1793,.T.);
#1793 = SURFACE_CURVE('',#1794,(#1798,#1805),.PCURVE_S1.);
#1794 = LINE('',#1795,#1796);
#1795 = CARTESIAN_POINT('',(-245.,180.,-195.));
#1796 = VECTOR('',#1797,1.);
#1797 = DIRECTION('',(1.,0.,0.));
#1798 = PCURVE('',#1240,#1799);
#1799 = DEFINITIONAL_REPRESENTATION('',(#1800),#1804);
#1800 = LINE('',#1801,#1802);
#1801 = CARTESIAN_POINT('',(0.,375.));
#1802 = VECTOR('',#1803,1.);
#1803 = DIRECTION('',(1.,0.));
#1804 = ( GEOMETRIC_REPRESENTATION_CONTEXT(2) 
PARAMETRIC_REPRESENTATION_CONTEXT() REPRESENTATION_CONTEXT('2D SPACE',''
  ) );
#1805 = PCURVE('',#1806,#1811);
#1806 = CYLINDRICAL_SURFACE('',#1807,15.);
#1807 = AXIS2_PLACEMENT_3D('',#1808,#1809,#1810);
#1808 = CARTESIAN_POINT('',(-245.,180.,-180.));
#1809 = DIRECTION('',(1.,0.,0.));
#1810 = DIRECTION('',(-0.,1.,0.));
#1811 = DEFINITIONAL_REPRESENTATION('',(#1812),#1816);
#1812 = LINE('',#1813,#1814);
#1813 = CARTESIAN_POINT('',(-1.570796326795,0.));
#1814 = VECTOR('',#1815,1.);
#1815 = DIRECTION('',(-0.,1.));
#1816 = ( GEOMETRIC_REPRESENTATION_CONTEXT(2) 
PARAMETRIC_REPRESENTATION_CONTEXT() REPRESENTATION_CONTEXT('2D SPACE',''
  ) );
#1817 = FACE_BOUND('',#1818,.T.);
#1818 = EDGE_LOOP('',(#1819));
#1819 = ORIENTED_EDGE('',*,*,#1223,.F.);
#1820 = ADVANCED_FACE('',(#1821),#1316,.F.);
#1821 = FACE_BOUND('',#1822,.F.);
#1822 = EDGE_LOOP('',(#1823,#1824,#1853,#1874));
#1823 = ORIENTED_EDGE('',*,*,#1331,.F.);
#1824 = ORIENTED_EDGE('',*,*,#1825,.T.);
#1825 = EDGE_CURVE('',#1332,#1826,#1828,.T.);
#1826 = VERTEX_POINT('',#1827);
#1827 = CARTESIAN_POINT('',(-230.,-195.,-180.));
#1828 = SURFACE_CURVE('',#1829,(#1834,#1841),.PCURVE_S1.);
#1829 = CIRCLE('',#1830,15.);
#1830 = AXIS2_PLACEMENT_3D('',#1831,#1832,#1833);
#1831 = CARTESIAN_POINT('',(-230.,-180.,-180.));
#1832 = DIRECTION('',(0.,0.,1.));
#1833 = DIRECTION('',(-1.,0.,0.));
#1834 = PCURVE('',#1316,#1835);
#1835 = DEFINITIONAL_REPRESENTATION('',(#1836),#1840);
#1836 = LINE('',#1837,#1838);
#1837 = CARTESIAN_POINT('',(0.,15.));
#1838 = VECTOR('',#1839,1.);
#1839 = DIRECTION('',(1.,0.));
#1840 = ( GEOMETRIC_REPRESENTATION_CONTEXT(2) 
PARAMETRIC_REPRESENTATION_CONTEXT() REPRESENTATION_CONTEXT('2D SPACE',''
  ) );
#1841 = PCURVE('',#1842,#1847);
#1842 = SPHERICAL_SURFACE('',#1843,15.);
#1843 = AXIS2_PLACEMENT_3D('',#1844,#1845,#1846);
#1844 = CARTESIAN_POINT('',(-230.,-180.,-180.));
#1845 = DIRECTION('',(0.,0.,1.));
#1846 = DIRECTION('',(-1.,0.,0.));
#1847 = DEFINITIONAL_REPRESENTATION('',(#1848),#1852);
#1848 = LINE('',#1849,#1850);
#1849 = CARTESIAN_POINT('',(0.,0.));
#1850 = VECTOR('',#1851,1.);
#1851 = DIRECTION('',(1.,0.));
#1852 = ( GEOMETRIC_REPRESENTATION_CONTEXT(2) 
PARAMETRIC_REPRESENTATION_CONTEXT() REPRESENTATION_CONTEXT('2D SPACE',''
  ) );
#1853 = ORIENTED_EDGE('',*,*,#1854,.T.);
#1854 = EDGE_CURVE('',#1826,#1280,#1855,.T.);
#1855 = SURFACE_CURVE('',#1856,(#1860,#1867),.PCURVE_S1.);
#1856 = LINE('',#1857,#1858);
#1857 = CARTESIAN_POINT('',(-230.,-195.,-195.));
#1858 = VECTOR('',#1859,1.);
#1859 = DIRECTION('',(0.,0.,1.));
#1860 = PCURVE('',#1316,#1861);
#1861 = DEFINITIONAL_REPRESENTATION('',(#1862),#1866);
#1862 = LINE('',#1863,#1864);
#1863 = CARTESIAN_POINT('',(1.570796326795,0.));
#1864 = VECTOR('',#1865,1.);
#1865 = DIRECTION('',(0.,1.));
#1866 = ( GEOMETRIC_REPRESENTATION_CONTEXT(2) 
PARAMETRIC_REPRESENTATION_CONTEXT() REPRESENTATION_CONTEXT('2D SPACE',''
  ) );
#1867 = PCURVE('',#1633,#1868);
#1868 = DEFINITIONAL_REPRESENTATION('',(#1869),#1873);
#1869 = LINE('',#1870,#1871);
#1870 = CARTESIAN_POINT('',(0.,15.));
#1871 = VECTOR('',#1872,1.);
#1872 = DIRECTION('',(1.,0.));
#1873 = ( GEOMETRIC_REPRESENTATION_CONTEXT(2) 
PARAMETRIC_REPRESENTATION_CONTEXT() REPRESENTATION_CONTEXT('2D SPACE',''
  ) );
#1874 = ORIENTED_EDGE('',*,*,#1301,.F.);
#1875 = ADVANCED_FACE('',(#1876),#1370,.F.);
#1876 = FACE_BOUND('',#1877,.T.);
#1877 = EDGE_LOOP('',(#1878,#1898,#1899,#1924));
#1878 = ORIENTED_EDGE('',*,*,#1879,.F.);
#1879 = EDGE_CURVE('',#1712,#1332,#1880,.T.);
#1880 = SURFACE_CURVE('',#1881,(#1886,#1892),.PCURVE_S1.);
#1881 = CIRCLE('',#1882,15.);
#1882 = AXIS2_PLACEMENT_3D('',#1883,#1884,#1885);
#1883 = CARTESIAN_POINT('',(-230.,-180.,-180.));
#1884 = DIRECTION('',(0.,1.,-0.));
#1885 = DIRECTION('',(-1.,0.,0.));
#1886 = PCURVE('',#1370,#1887);
#1887 = DEFINITIONAL_REPRESENTATION('',(#1888),#1891);
#1888 = B_SPLINE_CURVE_WITH_KNOTS('',1,(#1889,#1890),.UNSPECIFIED.,.F.,
  .F.,(2,2),(4.712388980385,6.28318530718),.PIECEWISE_BEZIER_KNOTS.);
#1889 = CARTESIAN_POINT('',(-1.570796326795,15.));
#1890 = CARTESIAN_POINT('',(0.,15.));
#1891 = ( GEOMETRIC_REPRESENTATION_CONTEXT(2) 
PARAMETRIC_REPRESENTATION_CONTEXT() REPRESENTATION_CONTEXT('2D SPACE',''
  ) );
#1892 = PCURVE('',#1842,#1893);
#1893 = DEFINITIONAL_REPRESENTATION('',(#1894),#1897);
#1894 = B_SPLINE_CURVE_WITH_KNOTS('',1,(#1895,#1896),.UNSPECIFIED.,.F.,
  .F.,(2,2),(4.712388980385,6.28318530718),.PIECEWISE_BEZIER_KNOTS.);
#1895 = CARTESIAN_POINT('',(0.,-1.570796326795));
#1896 = CARTESIAN_POINT('',(0.,0.));
#1897 = ( GEOMETRIC_REPRESENTATION_CONTEXT(2) 
PARAMETRIC_REPRESENTATION_CONTEXT() REPRESENTATION_CONTEXT('2D SPACE',''
  ) );
#1898 = ORIENTED_EDGE('',*,*,#1711,.T.);
#1899 = ORIENTED_EDGE('',*,*,#1900,.T.);
#1900 = EDGE_CURVE('',#1714,#1355,#1901,.T.);
#1901 = SURFACE_CURVE('',#1902,(#1907,#1913),.PCURVE_S1.);
#1902 = CIRCLE('',#1903,15.);
#1903 = AXIS2_PLACEMENT_3D('',#1904,#1905,#1906);
#1904 = CARTESIAN_POINT('',(-230.,180.,-180.));
#1905 = DIRECTION('',(0.,1.,-0.));
#1906 = DIRECTION('',(-1.,0.,0.));
#1907 = PCURVE('',#1370,#1908);
#1908 = DEFINITIONAL_REPRESENTATION('',(#1909),#1912);
#1909 = B_SPLINE_CURVE_WITH_KNOTS('',1,(#1910,#1911),.UNSPECIFIED.,.F.,
  .F.,(2,2),(4.712388980385,6.28318530718),.PIECEWISE_BEZIER_KNOTS.);
#1910 = CARTESIAN_POINT('',(-1.570796326795,375.));
#1911 = CARTESIAN_POINT('',(0.,375.));
#1912 = ( GEOMETRIC_REPRESENTATION_CONTEXT(2) 
PARAMETRIC_REPRESENTATION_CONTEXT() REPRESENTATION_CONTEXT('2D SPACE',''
  ) );
#1913 = PCURVE('',#1914,#1919);
#1914 = SPHERICAL_SURFACE('',#1915,15.);
#1915 = AXIS2_PLACEMENT_3D('',#1916,#1917,#1918);
#1916 = CARTESIAN_POINT('',(-230.,180.,-180.));
#1917 = DIRECTION('',(0.,0.,1.));
#1918 = DIRECTION('',(-1.,0.,0.));
#1919 = DEFINITIONAL_REPRESENTATION('',(#1920),#1923);
#1920 = B_SPLINE_CURVE_WITH_KNOTS('',1,(#1921,#1922),.UNSPECIFIED.,.F.,
  .F.,(2,2),(4.712388980385,6.28318530718),.PIECEWISE_BEZIER_KNOTS.);
#1921 = CARTESIAN_POINT('',(0.,-1.570796326795));
#1922 = CARTESIAN_POINT('',(0.,0.));
#1923 = ( GEOMETRIC_REPRESENTATION_CONTEXT(2) 
PARAMETRIC_REPRESENTATION_CONTEXT() REPRESENTATION_CONTEXT('2D SPACE',''
  ) );
#1924 = ORIENTED_EDGE('',*,*,#1354,.F.);
#1925 = ADVANCED_FACE('',(#1926),#1396,.F.);
#1926 = FACE_BOUND('',#1927,.T.);
#1927 = EDGE_LOOP('',(#1928,#1929,#1953,#1979));
#1928 = ORIENTED_EDGE('',*,*,#1382,.F.);
#1929 = ORIENTED_EDGE('',*,*,#1930,.T.);
#1930 = EDGE_CURVE('',#1355,#1931,#1933,.T.);
#1931 = VERTEX_POINT('',#1932);
#1932 = CARTESIAN_POINT('',(-230.,195.,-180.));
#1933 = SURFACE_CURVE('',#1934,(#1939,#1946),.PCURVE_S1.);
#1934 = CIRCLE('',#1935,15.);
#1935 = AXIS2_PLACEMENT_3D('',#1936,#1937,#1938);
#1936 = CARTESIAN_POINT('',(-230.,180.,-180.));
#1937 = DIRECTION('',(-0.,0.,-1.));
#1938 = DIRECTION('',(-1.,0.,0.));
#1939 = PCURVE('',#1396,#1940);
#1940 = DEFINITIONAL_REPRESENTATION('',(#1941),#1945);
#1941 = LINE('',#1942,#1943);
#1942 = CARTESIAN_POINT('',(-0.,15.));
#1943 = VECTOR('',#1944,1.);
#1944 = DIRECTION('',(-1.,0.));
#1945 = ( GEOMETRIC_REPRESENTATION_CONTEXT(2) 
PARAMETRIC_REPRESENTATION_CONTEXT() REPRESENTATION_CONTEXT('2D SPACE',''
  ) );
#1946 = PCURVE('',#1914,#1947);
#1947 = DEFINITIONAL_REPRESENTATION('',(#1948),#1952);
#1948 = LINE('',#1949,#1950);
#1949 = CARTESIAN_POINT('',(-0.,0.));
#1950 = VECTOR('',#1951,1.);
#1951 = DIRECTION('',(-1.,0.));
#1952 = ( GEOMETRIC_REPRESENTATION_CONTEXT(2) 
PARAMETRIC_REPRESENTATION_CONTEXT() REPRESENTATION_CONTEXT('2D SPACE',''
  ) );
#1953 = ORIENTED_EDGE('',*,*,#1954,.T.);
#1954 = EDGE_CURVE('',#1931,#1413,#1955,.T.);
#1955 = SURFACE_CURVE('',#1956,(#1960,#1967),.PCURVE_S1.);
#1956 = LINE('',#1957,#1958);
#1957 = CARTESIAN_POINT('',(-230.,195.,-195.));
#1958 = VECTOR('',#1959,1.);
#1959 = DIRECTION('',(0.,0.,1.));
#1960 = PCURVE('',#1396,#1961);
#1961 = DEFINITIONAL_REPRESENTATION('',(#1962),#1966);
#1962 = LINE('',#1963,#1964);
#1963 = CARTESIAN_POINT('',(-1.570796326795,0.));
#1964 = VECTOR('',#1965,1.);
#1965 = DIRECTION('',(-0.,1.));
#1966 = ( GEOMETRIC_REPRESENTATION_CONTEXT(2) 
PARAMETRIC_REPRESENTATION_CONTEXT() REPRESENTATION_CONTEXT('2D SPACE',''
  ) );
#1967 = PCURVE('',#1968,#1973);
#1968 = PLANE('',#1969);
#1969 = AXIS2_PLACEMENT_3D('',#1970,#1971,#1972);
#1970 = CARTESIAN_POINT('',(-245.,195.,-195.));
#1971 = DIRECTION('',(0.,1.,0.));
#1972 = DIRECTION('',(0.,0.,1.));
#1973 = DEFINITIONAL_REPRESENTATION('',(#1974),#1978);
#1974 = LINE('',#1975,#1976);
#1975 = CARTESIAN_POINT('',(0.,15.));
#1976 = VECTOR('',#1977,1.);
#1977 = DIRECTION('',(1.,0.));
#1978 = ( GEOMETRIC_REPRESENTATION_CONTEXT(2) 
PARAMETRIC_REPRESENTATION_CONTEXT() REPRESENTATION_CONTEXT('2D SPACE',''
  ) );
#1979 = ORIENTED_EDGE('',*,*,#1412,.T.);
#1980 = ADVANCED_FACE('',(#1981),#1448,.F.);
#1981 = FACE_BOUND('',#1982,.F.);
#1982 = EDGE_LOOP('',(#1983,#1984,#1985,#2012));
#1983 = ORIENTED_EDGE('',*,*,#1434,.T.);
#1984 = ORIENTED_EDGE('',*,*,#1464,.T.);
#1985 = ORIENTED_EDGE('',*,*,#1986,.F.);
#1986 = EDGE_CURVE('',#1987,#1465,#1989,.T.);
#1987 = VERTEX_POINT('',#1988);
#1988 = CARTESIAN_POINT('',(230.,195.,-15.));
#1989 = SURFACE_CURVE('',#1990,(#1995,#2001),.PCURVE_S1.);
#1990 = CIRCLE('',#1991,15.);
#1991 = AXIS2_PLACEMENT_3D('',#1992,#1993,#1994);
#1992 = CARTESIAN_POINT('',(230.,180.,-15.));
#1993 = DIRECTION('',(1.,0.,-4.64293662957E-17));
#1994 = DIRECTION('',(4.64293662957E-17,0.,1.));
#1995 = PCURVE('',#1448,#1996);
#1996 = DEFINITIONAL_REPRESENTATION('',(#1997),#2000);
#1997 = B_SPLINE_CURVE_WITH_KNOTS('',1,(#1998,#1999),.UNSPECIFIED.,.F.,
  .F.,(2,2),(4.712388980385,6.28318530718),.PIECEWISE_BEZIER_KNOTS.);
#1998 = CARTESIAN_POINT('',(0.,475.));
#1999 = CARTESIAN_POINT('',(1.570796326795,475.));
#2000 = ( GEOMETRIC_REPRESENTATION_CONTEXT(2) 
PARAMETRIC_REPRESENTATION_CONTEXT() REPRESENTATION_CONTEXT('2D SPACE',''
  ) );
#2001 = PCURVE('',#2002,#2007);
#2002 = SPHERICAL_SURFACE('',#2003,15.);
#2003 = AXIS2_PLACEMENT_3D('',#2004,#2005,#2006);
#2004 = CARTESIAN_POINT('',(230.,180.,-15.));
#2005 = DIRECTION('',(-0.,-1.,-0.));
#2006 = DIRECTION('',(1.,-0.,2.368475785867E-16));
#2007 = DEFINITIONAL_REPRESENTATION('',(#2008),#2011);
#2008 = B_SPLINE_CURVE_WITH_KNOTS('',1,(#2009,#2010),.UNSPECIFIED.,.F.,
  .F.,(2,2),(4.712388980385,6.28318530718),.PIECEWISE_BEZIER_KNOTS.);
#2009 = CARTESIAN_POINT('',(1.570796326795,-1.570796326795));
#2010 = CARTESIAN_POINT('',(1.570796326795,0.));
#2011 = ( GEOMETRIC_REPRESENTATION_CONTEXT(2) 
PARAMETRIC_REPRESENTATION_CONTEXT() REPRESENTATION_CONTEXT('2D SPACE',''
  ) );
#2012 = ORIENTED_EDGE('',*,*,#2013,.F.);
#2013 = EDGE_CURVE('',#1413,#1987,#2014,.T.);
#2014 = SURFACE_CURVE('',#2015,(#2019,#2026),.PCURVE_S1.);
#2015 = LINE('',#2016,#2017);
#2016 = CARTESIAN_POINT('',(-245.,195.,-15.));
#2017 = VECTOR('',#2018,1.);
#2018 = DIRECTION('',(1.,0.,0.));
#2019 = PCURVE('',#1448,#2020);
#2020 = DEFINITIONAL_REPRESENTATION('',(#2021),#2025);
#2021 = LINE('',#2022,#2023);
#2022 = CARTESIAN_POINT('',(0.,0.));
#2023 = VECTOR('',#2024,1.);
#2024 = DIRECTION('',(0.,1.));
#2025 = ( GEOMETRIC_REPRESENTATION_CONTEXT(2) 
PARAMETRIC_REPRESENTATION_CONTEXT() REPRESENTATION_CONTEXT('2D SPACE',''
  ) );
#2026 = PCURVE('',#1968,#2027);
#2027 = DEFINITIONAL_REPRESENTATION('',(#2028),#2032);
#2028 = LINE('',#2029,#2030);
#2029 = CARTESIAN_POINT('',(180.,0.));
#2030 = VECTOR('',#2031,1.);
#2031 = DIRECTION('',(0.,1.));
#2032 = ( GEOMETRIC_REPRESENTATION_CONTEXT(2) 
PARAMETRIC_REPRESENTATION_CONTEXT() REPRESENTATION_CONTEXT('2D SPACE',''
  ) );
#2033 = ADVANCED_FACE('',(#2034),#1500,.T.);
#2034 = FACE_BOUND('',#2035,.T.);
#2035 = EDGE_LOOP('',(#2036,#2037,#2038));
#2036 = ORIENTED_EDGE('',*,*,#1561,.F.);
#2037 = ORIENTED_EDGE('',*,*,#1486,.T.);
#2038 = ORIENTED_EDGE('',*,*,#2039,.F.);
#2039 = EDGE_CURVE('',#1516,#1465,#2040,.T.);
#2040 = SURFACE_CURVE('',#2041,(#2046,#2053),.PCURVE_S1.);
#2041 = CIRCLE('',#2042,20.);
#2042 = AXIS2_PLACEMENT_3D('',#2043,#2044,#2045);
#2043 = CARTESIAN_POINT('',(230.,180.,-20.));
#2044 = DIRECTION('',(-0.,-1.,0.));
#2045 = DIRECTION('',(1.,-0.,1.7763568394E-16));
#2046 = PCURVE('',#1500,#2047);
#2047 = DEFINITIONAL_REPRESENTATION('',(#2048),#2052);
#2048 = LINE('',#2049,#2050);
#2049 = CARTESIAN_POINT('',(0.,0.));
#2050 = VECTOR('',#2051,1.);
#2051 = DIRECTION('',(1.,0.));
#2052 = ( GEOMETRIC_REPRESENTATION_CONTEXT(2) 
PARAMETRIC_REPRESENTATION_CONTEXT() REPRESENTATION_CONTEXT('2D SPACE',''
  ) );
#2053 = PCURVE('',#1662,#2054);
#2054 = DEFINITIONAL_REPRESENTATION('',(#2055),#2059);
#2055 = LINE('',#2056,#2057);
#2056 = CARTESIAN_POINT('',(-0.,380.));
#2057 = VECTOR('',#2058,1.);
#2058 = DIRECTION('',(-1.,0.));
#2059 = ( GEOMETRIC_REPRESENTATION_CONTEXT(2) 
PARAMETRIC_REPRESENTATION_CONTEXT() REPRESENTATION_CONTEXT('2D SPACE',''
  ) );
#2060 = ADVANCED_FACE('',(#2061),#1633,.T.);
#2061 = FACE_BOUND('',#2062,.T.);
#2062 = EDGE_LOOP('',(#2063,#2064,#2065,#2093));
#2063 = ORIENTED_EDGE('',*,*,#1854,.T.);
#2064 = ORIENTED_EDGE('',*,*,#1619,.T.);
#2065 = ORIENTED_EDGE('',*,*,#2066,.F.);
#2066 = EDGE_CURVE('',#2067,#1593,#2069,.T.);
#2067 = VERTEX_POINT('',#2068);
#2068 = CARTESIAN_POINT('',(230.,-195.,-180.));
#2069 = SURFACE_CURVE('',#2070,(#2074,#2081),.PCURVE_S1.);
#2070 = LINE('',#2071,#2072);
#2071 = CARTESIAN_POINT('',(230.,-195.,-195.));
#2072 = VECTOR('',#2073,1.);
#2073 = DIRECTION('',(0.,0.,1.));
#2074 = PCURVE('',#1633,#2075);
#2075 = DEFINITIONAL_REPRESENTATION('',(#2076),#2080);
#2076 = LINE('',#2077,#2078);
#2077 = CARTESIAN_POINT('',(0.,475.));
#2078 = VECTOR('',#2079,1.);
#2079 = DIRECTION('',(1.,0.));
#2080 = ( GEOMETRIC_REPRESENTATION_CONTEXT(2) 
PARAMETRIC_REPRESENTATION_CONTEXT() REPRESENTATION_CONTEXT('2D SPACE',''
  ) );
#2081 = PCURVE('',#2082,#2087);
#2082 = CYLINDRICAL_SURFACE('',#2083,15.);
#2083 = AXIS2_PLACEMENT_3D('',#2084,#2085,#2086);
#2084 = CARTESIAN_POINT('',(230.,-180.,-195.));
#2085 = DIRECTION('',(0.,0.,1.));
#2086 = DIRECTION('',(1.,0.,-0.));
#2087 = DEFINITIONAL_REPRESENTATION('',(#2088),#2092);
#2088 = LINE('',#2089,#2090);
#2089 = CARTESIAN_POINT('',(-1.570796326795,0.));
#2090 = VECTOR('',#2091,1.);
#2091 = DIRECTION('',(-0.,1.));
#2092 = ( GEOMETRIC_REPRESENTATION_CONTEXT(2) 
PARAMETRIC_REPRESENTATION_CONTEXT() REPRESENTATION_CONTEXT('2D SPACE',''
  ) );
#2093 = ORIENTED_EDGE('',*,*,#2094,.F.);
#2094 = EDGE_CURVE('',#1826,#2067,#2095,.T.);
#2095 = SURFACE_CURVE('',#2096,(#2100,#2107),.PCURVE_S1.);
#2096 = LINE('',#2097,#2098);
#2097 = CARTESIAN_POINT('',(-245.,-195.,-180.));
#2098 = VECTOR('',#2099,1.);
#2099 = DIRECTION('',(1.,0.,0.));
#2100 = PCURVE('',#1633,#2101);
#2101 = DEFINITIONAL_REPRESENTATION('',(#2102),#2106);
#2102 = LINE('',#2103,#2104);
#2103 = CARTESIAN_POINT('',(15.,0.));
#2104 = VECTOR('',#2105,1.);
#2105 = DIRECTION('',(0.,1.));
#2106 = ( GEOMETRIC_REPRESENTATION_CONTEXT(2) 
PARAMETRIC_REPRESENTATION_CONTEXT() REPRESENTATION_CONTEXT('2D SPACE',''
  ) );
#2107 = PCURVE('',#1752,#2108);
#2108 = DEFINITIONAL_REPRESENTATION('',(#2109),#2113);
#2109 = LINE('',#2110,#2111);
#2110 = CARTESIAN_POINT('',(0.,0.));
#2111 = VECTOR('',#2112,1.);
#2112 = DIRECTION('',(0.,1.));
#2113 = ( GEOMETRIC_REPRESENTATION_CONTEXT(2) 
PARAMETRIC_REPRESENTATION_CONTEXT() REPRESENTATION_CONTEXT('2D SPACE',''
  ) );
#2114 = ADVANCED_FACE('',(#2115),#1608,.F.);
#2115 = FACE_BOUND('',#2116,.F.);
#2116 = EDGE_LOOP('',(#2117,#2144,#2145));
#2117 = ORIENTED_EDGE('',*,*,#2118,.F.);
#2118 = EDGE_CURVE('',#992,#2119,#2121,.T.);
#2119 = VERTEX_POINT('',#2120);
#2120 = CARTESIAN_POINT('',(245.,-180.,-15.));
#2121 = SURFACE_CURVE('',#2122,(#2127,#2133),.PCURVE_S1.);
#2122 = CIRCLE('',#2123,15.);
#2123 = AXIS2_PLACEMENT_3D('',#2124,#2125,#2126);
#2124 = CARTESIAN_POINT('',(230.,-180.,-15.));
#2125 = DIRECTION('',(-0.,1.,0.));
#2126 = DIRECTION('',(1.,0.,0.));
#2127 = PCURVE('',#1608,#2128);
#2128 = DEFINITIONAL_REPRESENTATION('',(#2129),#2132);
#2129 = B_SPLINE_CURVE_WITH_KNOTS('',1,(#2130,#2131),.UNSPECIFIED.,.F.,
  .F.,(2,2),(4.712388980385,6.28318530718),.PIECEWISE_BEZIER_KNOTS.);
#2130 = CARTESIAN_POINT('',(0.,-1.570796326795));
#2131 = CARTESIAN_POINT('',(0.,0.));
#2132 = ( GEOMETRIC_REPRESENTATION_CONTEXT(2) 
PARAMETRIC_REPRESENTATION_CONTEXT() REPRESENTATION_CONTEXT('2D SPACE',''
  ) );
#2133 = PCURVE('',#2134,#2139);
#2134 = CYLINDRICAL_SURFACE('',#2135,15.);
#2135 = AXIS2_PLACEMENT_3D('',#2136,#2137,#2138);
#2136 = CARTESIAN_POINT('',(230.,-195.,-15.));
#2137 = DIRECTION('',(0.,1.,0.));
#2138 = DIRECTION('',(1.,0.,-0.));
#2139 = DEFINITIONAL_REPRESENTATION('',(#2140),#2143);
#2140 = B_SPLINE_CURVE_WITH_KNOTS('',1,(#2141,#2142),.UNSPECIFIED.,.F.,
  .F.,(2,2),(4.712388980385,6.28318530718),.PIECEWISE_BEZIER_KNOTS.);
#2141 = CARTESIAN_POINT('',(-1.570796326795,15.));
#2142 = CARTESIAN_POINT('',(0.,15.));
#2143 = ( GEOMETRIC_REPRESENTATION_CONTEXT(2) 
PARAMETRIC_REPRESENTATION_CONTEXT() REPRESENTATION_CONTEXT('2D SPACE',''
  ) );
#2144 = ORIENTED_EDGE('',*,*,#1592,.T.);
#2145 = ORIENTED_EDGE('',*,*,#2146,.F.);
#2146 = EDGE_CURVE('',#2119,#1593,#2147,.T.);
#2147 = SURFACE_CURVE('',#2148,(#2153,#2160),.PCURVE_S1.);
#2148 = CIRCLE('',#2149,15.);
#2149 = AXIS2_PLACEMENT_3D('',#2150,#2151,#2152);
#2150 = CARTESIAN_POINT('',(230.,-180.,-15.));
#2151 = DIRECTION('',(0.,0.,-1.));
#2152 = DIRECTION('',(1.,0.,0.));
#2153 = PCURVE('',#1608,#2154);
#2154 = DEFINITIONAL_REPRESENTATION('',(#2155),#2159);
#2155 = LINE('',#2156,#2157);
#2156 = CARTESIAN_POINT('',(0.,0.));
#2157 = VECTOR('',#2158,1.);
#2158 = DIRECTION('',(1.,0.));
#2159 = ( GEOMETRIC_REPRESENTATION_CONTEXT(2) 
PARAMETRIC_REPRESENTATION_CONTEXT() REPRESENTATION_CONTEXT('2D SPACE',''
  ) );
#2160 = PCURVE('',#2082,#2161);
#2161 = DEFINITIONAL_REPRESENTATION('',(#2162),#2166);
#2162 = LINE('',#2163,#2164);
#2163 = CARTESIAN_POINT('',(-0.,180.));
#2164 = VECTOR('',#2165,1.);
#2165 = DIRECTION('',(-1.,0.));
#2166 = ( GEOMETRIC_REPRESENTATION_CONTEXT(2) 
PARAMETRIC_REPRESENTATION_CONTEXT() REPRESENTATION_CONTEXT('2D SPACE',''
  ) );
#2167 = ADVANCED_FACE('',(#2168),#1662,.T.);
#2168 = FACE_BOUND('',#2169,.F.);
#2169 = EDGE_LOOP('',(#2170,#2171,#2193,#2215,#2235,#2236));
#2170 = ORIENTED_EDGE('',*,*,#1648,.F.);
#2171 = ORIENTED_EDGE('',*,*,#2172,.T.);
#2172 = EDGE_CURVE('',#992,#2173,#2175,.T.);
#2173 = VERTEX_POINT('',#2174);
#2174 = CARTESIAN_POINT('',(230.,-11.18033988749,1.7763568394E-15));
#2175 = SURFACE_CURVE('',#2176,(#2180,#2187),.PCURVE_S1.);
#2176 = LINE('',#2177,#2178);
#2177 = CARTESIAN_POINT('',(230.,-200.,3.552713678801E-15));
#2178 = VECTOR('',#2179,1.);
#2179 = DIRECTION('',(0.,1.,0.));
#2180 = PCURVE('',#1662,#2181);
#2181 = DEFINITIONAL_REPRESENTATION('',(#2182),#2186);
#2182 = LINE('',#2183,#2184);
#2183 = CARTESIAN_POINT('',(-1.570796326795,0.));
#2184 = VECTOR('',#2185,1.);
#2185 = DIRECTION('',(-0.,1.));
#2186 = ( GEOMETRIC_REPRESENTATION_CONTEXT(2) 
PARAMETRIC_REPRESENTATION_CONTEXT() REPRESENTATION_CONTEXT('2D SPACE',''
  ) );
#2187 = PCURVE('',#2134,#2188);
#2188 = DEFINITIONAL_REPRESENTATION('',(#2189),#2192);
#2189 = B_SPLINE_CURVE_WITH_KNOTS('',1,(#2190,#2191),.UNSPECIFIED.,.F.,
  .F.,(2,2),(20.,380.),.PIECEWISE_BEZIER_KNOTS.);
#2190 = CARTESIAN_POINT('',(-1.570796326795,15.));
#2191 = CARTESIAN_POINT('',(-1.570796326795,375.));
#2192 = ( GEOMETRIC_REPRESENTATION_CONTEXT(2) 
PARAMETRIC_REPRESENTATION_CONTEXT() REPRESENTATION_CONTEXT('2D SPACE',''
  ) );
#2193 = ORIENTED_EDGE('',*,*,#2194,.T.);
#2194 = EDGE_CURVE('',#2173,#2195,#2197,.T.);
#2195 = VERTEX_POINT('',#2196);
#2196 = CARTESIAN_POINT('',(230.,11.180339887499,1.7763568394E-15));
#2197 = SURFACE_CURVE('',#2198,(#2202,#2209),.PCURVE_S1.);
#2198 = LINE('',#2199,#2200);
#2199 = CARTESIAN_POINT('',(230.,-200.,3.552713678801E-15));
#2200 = VECTOR('',#2201,1.);
#2201 = DIRECTION('',(0.,1.,0.));
#2202 = PCURVE('',#1662,#2203);
#2203 = DEFINITIONAL_REPRESENTATION('',(#2204),#2208);
#2204 = LINE('',#2205,#2206);
#2205 = CARTESIAN_POINT('',(-1.570796326795,0.));
#2206 = VECTOR('',#2207,1.);
#2207 = DIRECTION('',(-0.,1.));
#2208 = ( GEOMETRIC_REPRESENTATION_CONTEXT(2) 
PARAMETRIC_REPRESENTATION_CONTEXT() REPRESENTATION_CONTEXT('2D SPACE',''
  ) );
#2209 = PCURVE('',#2134,#2210);
#2210 = DEFINITIONAL_REPRESENTATION('',(#2211),#2214);
#2211 = B_SPLINE_CURVE_WITH_KNOTS('',1,(#2212,#2213),.UNSPECIFIED.,.F.,
  .F.,(2,2),(20.,380.),.PIECEWISE_BEZIER_KNOTS.);
#2212 = CARTESIAN_POINT('',(-1.570796326795,15.));
#2213 = CARTESIAN_POINT('',(-1.570796326795,375.));
#2214 = ( GEOMETRIC_REPRESENTATION_CONTEXT(2) 
PARAMETRIC_REPRESENTATION_CONTEXT() REPRESENTATION_CONTEXT('2D SPACE',''
  ) );
#2215 = ORIENTED_EDGE('',*,*,#2216,.T.);
#2216 = EDGE_CURVE('',#2195,#1465,#2217,.T.);
#2217 = SURFACE_CURVE('',#2218,(#2222,#2229),.PCURVE_S1.);
#2218 = LINE('',#2219,#2220);
#2219 = CARTESIAN_POINT('',(230.,-200.,3.552713678801E-15));
#2220 = VECTOR('',#2221,1.);
#2221 = DIRECTION('',(0.,1.,0.));
#2222 = PCURVE('',#1662,#2223);
#2223 = DEFINITIONAL_REPRESENTATION('',(#2224),#2228);
#2224 = LINE('',#2225,#2226);
#2225 = CARTESIAN_POINT('',(-1.570796326795,0.));
#2226 = VECTOR('',#2227,1.);
#2227 = DIRECTION('',(-0.,1.));
#2228 = ( GEOMETRIC_REPRESENTATION_CONTEXT(2) 
PARAMETRIC_REPRESENTATION_CONTEXT() REPRESENTATION_CONTEXT('2D SPACE',''
  ) );
#2229 = PCURVE('',#2134,#2230);
#2230 = DEFINITIONAL_REPRESENTATION('',(#2231),#2234);
#2231 = B_SPLINE_CURVE_WITH_KNOTS('',1,(#2232,#2233),.UNSPECIFIED.,.F.,
  .F.,(2,2),(20.,380.),.PIECEWISE_BEZIER_KNOTS.);
#2232 = CARTESIAN_POINT('',(-1.570796326795,15.));
#2233 = CARTESIAN_POINT('',(-1.570796326795,375.));
#2234 = ( GEOMETRIC_REPRESENTATION_CONTEXT(2) 
PARAMETRIC_REPRESENTATION_CONTEXT() REPRESENTATION_CONTEXT('2D SPACE',''
  ) );
#2235 = ORIENTED_EDGE('',*,*,#2039,.F.);
#2236 = ORIENTED_EDGE('',*,*,#1681,.F.);
#2237 = ADVANCED_FACE('',(#2238),#1752,.F.);
#2238 = FACE_BOUND('',#2239,.F.);
#2239 = EDGE_LOOP('',(#2240,#2260,#2261,#2286));
#2240 = ORIENTED_EDGE('',*,*,#2241,.F.);
#2241 = EDGE_CURVE('',#1712,#1826,#2242,.T.);
#2242 = SURFACE_CURVE('',#2243,(#2248,#2254),.PCURVE_S1.);
#2243 = CIRCLE('',#2244,15.);
#2244 = AXIS2_PLACEMENT_3D('',#2245,#2246,#2247);
#2245 = CARTESIAN_POINT('',(-230.,-180.,-180.));
#2246 = DIRECTION('',(-1.,6.123233995737E-17,0.));
#2247 = DIRECTION('',(-6.123233995737E-17,-1.,0.));
#2248 = PCURVE('',#1752,#2249);
#2249 = DEFINITIONAL_REPRESENTATION('',(#2250),#2253);
#2250 = B_SPLINE_CURVE_WITH_KNOTS('',1,(#2251,#2252),.UNSPECIFIED.,.F.,
  .F.,(2,2),(4.712388980385,6.28318530718),.PIECEWISE_BEZIER_KNOTS.);
#2251 = CARTESIAN_POINT('',(1.570796326795,15.));
#2252 = CARTESIAN_POINT('',(0.,15.));
#2253 = ( GEOMETRIC_REPRESENTATION_CONTEXT(2) 
PARAMETRIC_REPRESENTATION_CONTEXT() REPRESENTATION_CONTEXT('2D SPACE',''
  ) );
#2254 = PCURVE('',#1842,#2255);
#2255 = DEFINITIONAL_REPRESENTATION('',(#2256),#2259);
#2256 = B_SPLINE_CURVE_WITH_KNOTS('',1,(#2257,#2258),.UNSPECIFIED.,.F.,
  .F.,(2,2),(4.712388980385,6.28318530718),.PIECEWISE_BEZIER_KNOTS.);
#2257 = CARTESIAN_POINT('',(1.570796326795,-1.570796326795));
#2258 = CARTESIAN_POINT('',(1.570796326795,0.));
#2259 = ( GEOMETRIC_REPRESENTATION_CONTEXT(2) 
PARAMETRIC_REPRESENTATION_CONTEXT() REPRESENTATION_CONTEXT('2D SPACE',''
  ) );
#2260 = ORIENTED_EDGE('',*,*,#1736,.T.);
#2261 = ORIENTED_EDGE('',*,*,#2262,.T.);
#2262 = EDGE_CURVE('',#1737,#2067,#2263,.T.);
#2263 = SURFACE_CURVE('',#2264,(#2269,#2275),.PCURVE_S1.);
#2264 = CIRCLE('',#2265,15.);
#2265 = AXIS2_PLACEMENT_3D('',#2266,#2267,#2268);
#2266 = CARTESIAN_POINT('',(230.,-180.,-180.));
#2267 = DIRECTION('',(-1.,-6.123233995737E-17,0.));
#2268 = DIRECTION('',(6.123233995737E-17,-1.,-0.));
#2269 = PCURVE('',#1752,#2270);
#2270 = DEFINITIONAL_REPRESENTATION('',(#2271),#2274);
#2271 = B_SPLINE_CURVE_WITH_KNOTS('',1,(#2272,#2273),.UNSPECIFIED.,.F.,
  .F.,(2,2),(4.712388980385,6.28318530718),.PIECEWISE_BEZIER_KNOTS.);
#2272 = CARTESIAN_POINT('',(1.570796326795,475.));
#2273 = CARTESIAN_POINT('',(0.,475.));
#2274 = ( GEOMETRIC_REPRESENTATION_CONTEXT(2) 
PARAMETRIC_REPRESENTATION_CONTEXT() REPRESENTATION_CONTEXT('2D SPACE',''
  ) );
#2275 = PCURVE('',#2276,#2281);
#2276 = SPHERICAL_SURFACE('',#2277,15.);
#2277 = AXIS2_PLACEMENT_3D('',#2278,#2279,#2280);
#2278 = CARTESIAN_POINT('',(230.,-180.,-180.));
#2279 = DIRECTION('',(0.,0.,1.));
#2280 = DIRECTION('',(1.,0.,-0.));
#2281 = DEFINITIONAL_REPRESENTATION('',(#2282),#2285);
#2282 = B_SPLINE_CURVE_WITH_KNOTS('',1,(#2283,#2284),.UNSPECIFIED.,.F.,
  .F.,(2,2),(4.712388980385,6.28318530718),.PIECEWISE_BEZIER_KNOTS.);
#2283 = CARTESIAN_POINT('',(-1.570796326795,-1.570796326795));
#2284 = CARTESIAN_POINT('',(-1.570796326795,0.));
#2285 = ( GEOMETRIC_REPRESENTATION_CONTEXT(2) 
PARAMETRIC_REPRESENTATION_CONTEXT() REPRESENTATION_CONTEXT('2D SPACE',''
  ) );
#2286 = ORIENTED_EDGE('',*,*,#2094,.F.);
#2287 = ADVANCED_FACE('',(#2288),#1806,.F.);
#2288 = FACE_BOUND('',#2289,.T.);
#2289 = EDGE_LOOP('',(#2290,#2310,#2311,#2338));
#2290 = ORIENTED_EDGE('',*,*,#2291,.F.);
#2291 = EDGE_CURVE('',#1714,#1931,#2292,.T.);
#2292 = SURFACE_CURVE('',#2293,(#2298,#2304),.PCURVE_S1.);
#2293 = CIRCLE('',#2294,15.);
#2294 = AXIS2_PLACEMENT_3D('',#2295,#2296,#2297);
#2295 = CARTESIAN_POINT('',(-230.,180.,-180.));
#2296 = DIRECTION('',(1.,6.123233995737E-17,-0.));
#2297 = DIRECTION('',(-6.123233995737E-17,1.,0.));
#2298 = PCURVE('',#1806,#2299);
#2299 = DEFINITIONAL_REPRESENTATION('',(#2300),#2303);
#2300 = B_SPLINE_CURVE_WITH_KNOTS('',1,(#2301,#2302),.UNSPECIFIED.,.F.,
  .F.,(2,2),(4.712388980385,6.28318530718),.PIECEWISE_BEZIER_KNOTS.);
#2301 = CARTESIAN_POINT('',(-1.570796326795,15.));
#2302 = CARTESIAN_POINT('',(0.,15.));
#2303 = ( GEOMETRIC_REPRESENTATION_CONTEXT(2) 
PARAMETRIC_REPRESENTATION_CONTEXT() REPRESENTATION_CONTEXT('2D SPACE',''
  ) );
#2304 = PCURVE('',#1914,#2305);
#2305 = DEFINITIONAL_REPRESENTATION('',(#2306),#2309);
#2306 = B_SPLINE_CURVE_WITH_KNOTS('',1,(#2307,#2308),.UNSPECIFIED.,.F.,
  .F.,(2,2),(4.712388980385,6.28318530718),.PIECEWISE_BEZIER_KNOTS.);
#2307 = CARTESIAN_POINT('',(-1.570796326795,-1.570796326795));
#2308 = CARTESIAN_POINT('',(-1.570796326795,0.));
#2309 = ( GEOMETRIC_REPRESENTATION_CONTEXT(2) 
PARAMETRIC_REPRESENTATION_CONTEXT() REPRESENTATION_CONTEXT('2D SPACE',''
  ) );
#2310 = ORIENTED_EDGE('',*,*,#1792,.T.);
#2311 = ORIENTED_EDGE('',*,*,#2312,.T.);
#2312 = EDGE_CURVE('',#1765,#2313,#2315,.T.);
#2313 = VERTEX_POINT('',#2314);
#2314 = CARTESIAN_POINT('',(230.,195.,-180.));
#2315 = SURFACE_CURVE('',#2316,(#2321,#2327),.PCURVE_S1.);
#2316 = CIRCLE('',#2317,15.);
#2317 = AXIS2_PLACEMENT_3D('',#2318,#2319,#2320);
#2318 = CARTESIAN_POINT('',(230.,180.,-180.));
#2319 = DIRECTION('',(1.,-6.123233995737E-17,0.));
#2320 = DIRECTION('',(6.123233995737E-17,1.,0.));
#2321 = PCURVE('',#1806,#2322);
#2322 = DEFINITIONAL_REPRESENTATION('',(#2323),#2326);
#2323 = B_SPLINE_CURVE_WITH_KNOTS('',1,(#2324,#2325),.UNSPECIFIED.,.F.,
  .F.,(2,2),(4.712388980385,6.28318530718),.PIECEWISE_BEZIER_KNOTS.);
#2324 = CARTESIAN_POINT('',(-1.570796326795,475.));
#2325 = CARTESIAN_POINT('',(0.,475.));
#2326 = ( GEOMETRIC_REPRESENTATION_CONTEXT(2) 
PARAMETRIC_REPRESENTATION_CONTEXT() REPRESENTATION_CONTEXT('2D SPACE',''
  ) );
#2327 = PCURVE('',#2328,#2333);
#2328 = SPHERICAL_SURFACE('',#2329,15.);
#2329 = AXIS2_PLACEMENT_3D('',#2330,#2331,#2332);
#2330 = CARTESIAN_POINT('',(230.,180.,-180.));
#2331 = DIRECTION('',(0.,0.,1.));
#2332 = DIRECTION('',(1.,0.,-0.));
#2333 = DEFINITIONAL_REPRESENTATION('',(#2334),#2337);
#2334 = B_SPLINE_CURVE_WITH_KNOTS('',1,(#2335,#2336),.UNSPECIFIED.,.F.,
  .F.,(2,2),(4.712388980385,6.28318530718),.PIECEWISE_BEZIER_KNOTS.);
#2335 = CARTESIAN_POINT('',(1.570796326795,-1.570796326795));
#2336 = CARTESIAN_POINT('',(1.570796326795,0.));
#2337 = ( GEOMETRIC_REPRESENTATION_CONTEXT(2) 
PARAMETRIC_REPRESENTATION_CONTEXT() REPRESENTATION_CONTEXT('2D SPACE',''
  ) );
#2338 = ORIENTED_EDGE('',*,*,#2339,.F.);
#2339 = EDGE_CURVE('',#1931,#2313,#2340,.T.);
#2340 = SURFACE_CURVE('',#2341,(#2345,#2352),.PCURVE_S1.);
#2341 = LINE('',#2342,#2343);
#2342 = CARTESIAN_POINT('',(-245.,195.,-180.));
#2343 = VECTOR('',#2344,1.);
#2344 = DIRECTION('',(1.,0.,0.));
#2345 = PCURVE('',#1806,#2346);
#2346 = DEFINITIONAL_REPRESENTATION('',(#2347),#2351);
#2347 = LINE('',#2348,#2349);
#2348 = CARTESIAN_POINT('',(-0.,0.));
#2349 = VECTOR('',#2350,1.);
#2350 = DIRECTION('',(-0.,1.));
#2351 = ( GEOMETRIC_REPRESENTATION_CONTEXT(2) 
PARAMETRIC_REPRESENTATION_CONTEXT() REPRESENTATION_CONTEXT('2D SPACE',''
  ) );
#2352 = PCURVE('',#1968,#2353);
#2353 = DEFINITIONAL_REPRESENTATION('',(#2354),#2358);
#2354 = LINE('',#2355,#2356);
#2355 = CARTESIAN_POINT('',(15.,0.));
#2356 = VECTOR('',#2357,1.);
#2357 = DIRECTION('',(0.,1.));
#2358 = ( GEOMETRIC_REPRESENTATION_CONTEXT(2) 
PARAMETRIC_REPRESENTATION_CONTEXT() REPRESENTATION_CONTEXT('2D SPACE',''
  ) );
#2359 = ADVANCED_FACE('',(#2360),#1780,.F.);
#2360 = FACE_BOUND('',#2361,.F.);
#2361 = EDGE_LOOP('',(#2362,#2384,#2385,#2407));
#2362 = ORIENTED_EDGE('',*,*,#2363,.F.);
#2363 = EDGE_CURVE('',#1737,#2364,#2366,.T.);
#2364 = VERTEX_POINT('',#2365);
#2365 = CARTESIAN_POINT('',(245.,-180.,-180.));
#2366 = SURFACE_CURVE('',#2367,(#2372,#2378),.PCURVE_S1.);
#2367 = CIRCLE('',#2368,15.);
#2368 = AXIS2_PLACEMENT_3D('',#2369,#2370,#2371);
#2369 = CARTESIAN_POINT('',(230.,-180.,-180.));
#2370 = DIRECTION('',(0.,-1.,0.));
#2371 = DIRECTION('',(1.,0.,0.));
#2372 = PCURVE('',#1780,#2373);
#2373 = DEFINITIONAL_REPRESENTATION('',(#2374),#2377);
#2374 = B_SPLINE_CURVE_WITH_KNOTS('',1,(#2375,#2376),.UNSPECIFIED.,.F.,
  .F.,(2,2),(4.712388980385,6.28318530718),.PIECEWISE_BEZIER_KNOTS.);
#2375 = CARTESIAN_POINT('',(1.570796326795,15.));
#2376 = CARTESIAN_POINT('',(0.,15.));
#2377 = ( GEOMETRIC_REPRESENTATION_CONTEXT(2) 
PARAMETRIC_REPRESENTATION_CONTEXT() REPRESENTATION_CONTEXT('2D SPACE',''
  ) );
#2378 = PCURVE('',#2276,#2379);
#2379 = DEFINITIONAL_REPRESENTATION('',(#2380),#2383);
#2380 = B_SPLINE_CURVE_WITH_KNOTS('',1,(#2381,#2382),.UNSPECIFIED.,.F.,
  .F.,(2,2),(4.712388980385,6.28318530718),.PIECEWISE_BEZIER_KNOTS.);
#2381 = CARTESIAN_POINT('',(0.,-1.570796326795));
#2382 = CARTESIAN_POINT('',(0.,0.));
#2383 = ( GEOMETRIC_REPRESENTATION_CONTEXT(2) 
PARAMETRIC_REPRESENTATION_CONTEXT() REPRESENTATION_CONTEXT('2D SPACE',''
  ) );
#2384 = ORIENTED_EDGE('',*,*,#1764,.T.);
#2385 = ORIENTED_EDGE('',*,*,#2386,.T.);
#2386 = EDGE_CURVE('',#1765,#2387,#2389,.T.);
#2387 = VERTEX_POINT('',#2388);
#2388 = CARTESIAN_POINT('',(245.,180.,-180.));
#2389 = SURFACE_CURVE('',#2390,(#2395,#2401),.PCURVE_S1.);
#2390 = CIRCLE('',#2391,15.);
#2391 = AXIS2_PLACEMENT_3D('',#2392,#2393,#2394);
#2392 = CARTESIAN_POINT('',(230.,180.,-180.));
#2393 = DIRECTION('',(0.,-1.,0.));
#2394 = DIRECTION('',(1.,0.,0.));
#2395 = PCURVE('',#1780,#2396);
#2396 = DEFINITIONAL_REPRESENTATION('',(#2397),#2400);
#2397 = B_SPLINE_CURVE_WITH_KNOTS('',1,(#2398,#2399),.UNSPECIFIED.,.F.,
  .F.,(2,2),(4.712388980385,6.28318530718),.PIECEWISE_BEZIER_KNOTS.);
#2398 = CARTESIAN_POINT('',(1.570796326795,375.));
#2399 = CARTESIAN_POINT('',(0.,375.));
#2400 = ( GEOMETRIC_REPRESENTATION_CONTEXT(2) 
PARAMETRIC_REPRESENTATION_CONTEXT() REPRESENTATION_CONTEXT('2D SPACE',''
  ) );
#2401 = PCURVE('',#2328,#2402);
#2402 = DEFINITIONAL_REPRESENTATION('',(#2403),#2406);
#2403 = B_SPLINE_CURVE_WITH_KNOTS('',1,(#2404,#2405),.UNSPECIFIED.,.F.,
  .F.,(2,2),(4.712388980385,6.28318530718),.PIECEWISE_BEZIER_KNOTS.);
#2404 = CARTESIAN_POINT('',(0.,-1.570796326795));
#2405 = CARTESIAN_POINT('',(0.,0.));
#2406 = ( GEOMETRIC_REPRESENTATION_CONTEXT(2) 
PARAMETRIC_REPRESENTATION_CONTEXT() REPRESENTATION_CONTEXT('2D SPACE',''
  ) );
#2407 = ORIENTED_EDGE('',*,*,#2408,.F.);
#2408 = EDGE_CURVE('',#2364,#2387,#2409,.T.);
#2409 = SURFACE_CURVE('',#2410,(#2414,#2421),.PCURVE_S1.);
#2410 = LINE('',#2411,#2412);
#2411 = CARTESIAN_POINT('',(245.,-195.,-180.));
#2412 = VECTOR('',#2413,1.);
#2413 = DIRECTION('',(0.,1.,0.));
#2414 = PCURVE('',#1780,#2415);
#2415 = DEFINITIONAL_REPRESENTATION('',(#2416),#2420);
#2416 = LINE('',#2417,#2418);
#2417 = CARTESIAN_POINT('',(0.,0.));
#2418 = VECTOR('',#2419,1.);
#2419 = DIRECTION('',(0.,1.));
#2420 = ( GEOMETRIC_REPRESENTATION_CONTEXT(2) 
PARAMETRIC_REPRESENTATION_CONTEXT() REPRESENTATION_CONTEXT('2D SPACE',''
  ) );
#2421 = PCURVE('',#2422,#2427);
#2422 = PLANE('',#2423);
#2423 = AXIS2_PLACEMENT_3D('',#2424,#2425,#2426);
#2424 = CARTESIAN_POINT('',(245.,-195.,-195.));
#2425 = DIRECTION('',(1.,0.,0.));
#2426 = DIRECTION('',(0.,0.,1.));
#2427 = DEFINITIONAL_REPRESENTATION('',(#2428),#2432);
#2428 = LINE('',#2429,#2430);
#2429 = CARTESIAN_POINT('',(15.,0.));
#2430 = VECTOR('',#2431,1.);
#2431 = DIRECTION('',(0.,-1.));
#2432 = ( GEOMETRIC_REPRESENTATION_CONTEXT(2) 
PARAMETRIC_REPRESENTATION_CONTEXT() REPRESENTATION_CONTEXT('2D SPACE',''
  ) );
#2433 = ADVANCED_FACE('',(#2434),#1842,.F.);
#2434 = FACE_BOUND('',#2435,.F.);
#2435 = EDGE_LOOP('',(#2436,#2437,#2438));
#2436 = ORIENTED_EDGE('',*,*,#1879,.F.);
#2437 = ORIENTED_EDGE('',*,*,#2241,.T.);
#2438 = ORIENTED_EDGE('',*,*,#1825,.F.);
#2439 = ADVANCED_FACE('',(#2440),#1914,.F.);
#2440 = FACE_BOUND('',#2441,.T.);
#2441 = EDGE_LOOP('',(#2442,#2443,#2444));
#2442 = ORIENTED_EDGE('',*,*,#1900,.F.);
#2443 = ORIENTED_EDGE('',*,*,#2291,.T.);
#2444 = ORIENTED_EDGE('',*,*,#1930,.F.);
#2445 = ADVANCED_FACE('',(#2446),#1968,.F.);
#2446 = FACE_BOUND('',#2447,.F.);
#2447 = EDGE_LOOP('',(#2448,#2449,#2450,#2476));
#2448 = ORIENTED_EDGE('',*,*,#1954,.T.);
#2449 = ORIENTED_EDGE('',*,*,#2013,.T.);
#2450 = ORIENTED_EDGE('',*,*,#2451,.F.);
#2451 = EDGE_CURVE('',#2313,#1987,#2452,.T.);
#2452 = SURFACE_CURVE('',#2453,(#2457,#2464),.PCURVE_S1.);
#2453 = LINE('',#2454,#2455);
#2454 = CARTESIAN_POINT('',(230.,195.,-195.));
#2455 = VECTOR('',#2456,1.);
#2456 = DIRECTION('',(0.,0.,1.));
#2457 = PCURVE('',#1968,#2458);
#2458 = DEFINITIONAL_REPRESENTATION('',(#2459),#2463);
#2459 = LINE('',#2460,#2461);
#2460 = CARTESIAN_POINT('',(0.,475.));
#2461 = VECTOR('',#2462,1.);
#2462 = DIRECTION('',(1.,0.));
#2463 = ( GEOMETRIC_REPRESENTATION_CONTEXT(2) 
PARAMETRIC_REPRESENTATION_CONTEXT() REPRESENTATION_CONTEXT('2D SPACE',''
  ) );
#2464 = PCURVE('',#2465,#2470);
#2465 = CYLINDRICAL_SURFACE('',#2466,15.);
#2466 = AXIS2_PLACEMENT_3D('',#2467,#2468,#2469);
#2467 = CARTESIAN_POINT('',(230.,180.,-195.));
#2468 = DIRECTION('',(0.,0.,1.));
#2469 = DIRECTION('',(1.,0.,-0.));
#2470 = DEFINITIONAL_REPRESENTATION('',(#2471),#2475);
#2471 = LINE('',#2472,#2473);
#2472 = CARTESIAN_POINT('',(1.570796326795,0.));
#2473 = VECTOR('',#2474,1.);
#2474 = DIRECTION('',(0.,1.));
#2475 = ( GEOMETRIC_REPRESENTATION_CONTEXT(2) 
PARAMETRIC_REPRESENTATION_CONTEXT() REPRESENTATION_CONTEXT('2D SPACE',''
  ) );
#2476 = ORIENTED_EDGE('',*,*,#2339,.F.);
#2477 = ADVANCED_FACE('',(#2478),#2002,.F.);
#2478 = FACE_BOUND('',#2479,.F.);
#2479 = EDGE_LOOP('',(#2480,#2502,#2503));
#2480 = ORIENTED_EDGE('',*,*,#2481,.F.);
#2481 = EDGE_CURVE('',#1987,#2482,#2484,.T.);
#2482 = VERTEX_POINT('',#2483);
#2483 = CARTESIAN_POINT('',(245.,180.,-15.));
#2484 = SURFACE_CURVE('',#2485,(#2490,#2496),.PCURVE_S1.);
#2485 = CIRCLE('',#2486,15.);
#2486 = AXIS2_PLACEMENT_3D('',#2487,#2488,#2489);
#2487 = CARTESIAN_POINT('',(230.,180.,-15.));
#2488 = DIRECTION('',(2.368475785867E-16,0.,-1.));
#2489 = DIRECTION('',(1.,0.,2.368475785867E-16));
#2490 = PCURVE('',#2002,#2491);
#2491 = DEFINITIONAL_REPRESENTATION('',(#2492),#2495);
#2492 = B_SPLINE_CURVE_WITH_KNOTS('',1,(#2493,#2494),.UNSPECIFIED.,.F.,
  .F.,(2,2),(4.712388980385,6.28318530718),.PIECEWISE_BEZIER_KNOTS.);
#2493 = CARTESIAN_POINT('',(0.,-1.570796326795));
#2494 = CARTESIAN_POINT('',(0.,0.));
#2495 = ( GEOMETRIC_REPRESENTATION_CONTEXT(2) 
PARAMETRIC_REPRESENTATION_CONTEXT() REPRESENTATION_CONTEXT('2D SPACE',''
  ) );
#2496 = PCURVE('',#2465,#2497);
#2497 = DEFINITIONAL_REPRESENTATION('',(#2498),#2501);
#2498 = B_SPLINE_CURVE_WITH_KNOTS('',1,(#2499,#2500),.UNSPECIFIED.,.F.,
  .F.,(2,2),(4.712388980385,6.28318530718),.PIECEWISE_BEZIER_KNOTS.);
#2499 = CARTESIAN_POINT('',(1.570796326795,180.));
#2500 = CARTESIAN_POINT('',(0.,180.));
#2501 = ( GEOMETRIC_REPRESENTATION_CONTEXT(2) 
PARAMETRIC_REPRESENTATION_CONTEXT() REPRESENTATION_CONTEXT('2D SPACE',''
  ) );
#2502 = ORIENTED_EDGE('',*,*,#1986,.T.);
#2503 = ORIENTED_EDGE('',*,*,#2504,.F.);
#2504 = EDGE_CURVE('',#2482,#1465,#2505,.T.);
#2505 = SURFACE_CURVE('',#2506,(#2511,#2518),.PCURVE_S1.);
#2506 = CIRCLE('',#2507,15.);
#2507 = AXIS2_PLACEMENT_3D('',#2508,#2509,#2510);
#2508 = CARTESIAN_POINT('',(230.,180.,-15.));
#2509 = DIRECTION('',(-0.,-1.,0.));
#2510 = DIRECTION('',(1.,-0.,2.368475785867E-16));
#2511 = PCURVE('',#2002,#2512);
#2512 = DEFINITIONAL_REPRESENTATION('',(#2513),#2517);
#2513 = LINE('',#2514,#2515);
#2514 = CARTESIAN_POINT('',(0.,0.));
#2515 = VECTOR('',#2516,1.);
#2516 = DIRECTION('',(1.,0.));
#2517 = ( GEOMETRIC_REPRESENTATION_CONTEXT(2) 
PARAMETRIC_REPRESENTATION_CONTEXT() REPRESENTATION_CONTEXT('2D SPACE',''
  ) );
#2518 = PCURVE('',#2134,#2519);
#2519 = DEFINITIONAL_REPRESENTATION('',(#2520),#2524);
#2520 = LINE('',#2521,#2522);
#2521 = CARTESIAN_POINT('',(-0.,375.));
#2522 = VECTOR('',#2523,1.);
#2523 = DIRECTION('',(-1.,0.));
#2524 = ( GEOMETRIC_REPRESENTATION_CONTEXT(2) 
PARAMETRIC_REPRESENTATION_CONTEXT() REPRESENTATION_CONTEXT('2D SPACE',''
  ) );
#2525 = ADVANCED_FACE('',(#2526),#2082,.F.);
#2526 = FACE_BOUND('',#2527,.T.);
#2527 = EDGE_LOOP('',(#2528,#2549,#2571,#2572));
#2528 = ORIENTED_EDGE('',*,*,#2529,.F.);
#2529 = EDGE_CURVE('',#2364,#2119,#2530,.T.);
#2530 = SURFACE_CURVE('',#2531,(#2535,#2542),.PCURVE_S1.);
#2531 = LINE('',#2532,#2533);
#2532 = CARTESIAN_POINT('',(245.,-180.,-195.));
#2533 = VECTOR('',#2534,1.);
#2534 = DIRECTION('',(0.,0.,1.));
#2535 = PCURVE('',#2082,#2536);
#2536 = DEFINITIONAL_REPRESENTATION('',(#2537),#2541);
#2537 = LINE('',#2538,#2539);
#2538 = CARTESIAN_POINT('',(-0.,0.));
#2539 = VECTOR('',#2540,1.);
#2540 = DIRECTION('',(-0.,1.));
#2541 = ( GEOMETRIC_REPRESENTATION_CONTEXT(2) 
PARAMETRIC_REPRESENTATION_CONTEXT() REPRESENTATION_CONTEXT('2D SPACE',''
  ) );
#2542 = PCURVE('',#2422,#2543);
#2543 = DEFINITIONAL_REPRESENTATION('',(#2544),#2548);
#2544 = LINE('',#2545,#2546);
#2545 = CARTESIAN_POINT('',(0.,-15.));
#2546 = VECTOR('',#2547,1.);
#2547 = DIRECTION('',(1.,0.));
#2548 = ( GEOMETRIC_REPRESENTATION_CONTEXT(2) 
PARAMETRIC_REPRESENTATION_CONTEXT() REPRESENTATION_CONTEXT('2D SPACE',''
  ) );
#2549 = ORIENTED_EDGE('',*,*,#2550,.T.);
#2550 = EDGE_CURVE('',#2364,#2067,#2551,.T.);
#2551 = SURFACE_CURVE('',#2552,(#2557,#2564),.PCURVE_S1.);
#2552 = CIRCLE('',#2553,15.);
#2553 = AXIS2_PLACEMENT_3D('',#2554,#2555,#2556);
#2554 = CARTESIAN_POINT('',(230.,-180.,-180.));
#2555 = DIRECTION('',(0.,-0.,-1.));
#2556 = DIRECTION('',(1.,0.,-0.));
#2557 = PCURVE('',#2082,#2558);
#2558 = DEFINITIONAL_REPRESENTATION('',(#2559),#2563);
#2559 = LINE('',#2560,#2561);
#2560 = CARTESIAN_POINT('',(-0.,15.));
#2561 = VECTOR('',#2562,1.);
#2562 = DIRECTION('',(-1.,0.));
#2563 = ( GEOMETRIC_REPRESENTATION_CONTEXT(2) 
PARAMETRIC_REPRESENTATION_CONTEXT() REPRESENTATION_CONTEXT('2D SPACE',''
  ) );
#2564 = PCURVE('',#2276,#2565);
#2565 = DEFINITIONAL_REPRESENTATION('',(#2566),#2570);
#2566 = LINE('',#2567,#2568);
#2567 = CARTESIAN_POINT('',(-0.,0.));
#2568 = VECTOR('',#2569,1.);
#2569 = DIRECTION('',(-1.,0.));
#2570 = ( GEOMETRIC_REPRESENTATION_CONTEXT(2) 
PARAMETRIC_REPRESENTATION_CONTEXT() REPRESENTATION_CONTEXT('2D SPACE',''
  ) );
#2571 = ORIENTED_EDGE('',*,*,#2066,.T.);
#2572 = ORIENTED_EDGE('',*,*,#2146,.F.);
#2573 = ADVANCED_FACE('',(#2574),#2134,.F.);
#2574 = FACE_BOUND('',#2575,.T.);
#2575 = EDGE_LOOP('',(#2576,#2577,#2578,#2579,#2580,#2581));
#2576 = ORIENTED_EDGE('',*,*,#2118,.F.);
#2577 = ORIENTED_EDGE('',*,*,#2172,.T.);
#2578 = ORIENTED_EDGE('',*,*,#2194,.T.);
#2579 = ORIENTED_EDGE('',*,*,#2216,.T.);
#2580 = ORIENTED_EDGE('',*,*,#2504,.F.);
#2581 = ORIENTED_EDGE('',*,*,#2582,.F.);
#2582 = EDGE_CURVE('',#2119,#2482,#2583,.T.);
#2583 = SURFACE_CURVE('',#2584,(#2588,#2595),.PCURVE_S1.);
#2584 = LINE('',#2585,#2586);
#2585 = CARTESIAN_POINT('',(245.,-195.,-15.));
#2586 = VECTOR('',#2587,1.);
#2587 = DIRECTION('',(0.,1.,0.));
#2588 = PCURVE('',#2134,#2589);
#2589 = DEFINITIONAL_REPRESENTATION('',(#2590),#2594);
#2590 = LINE('',#2591,#2592);
#2591 = CARTESIAN_POINT('',(-0.,0.));
#2592 = VECTOR('',#2593,1.);
#2593 = DIRECTION('',(-0.,1.));
#2594 = ( GEOMETRIC_REPRESENTATION_CONTEXT(2) 
PARAMETRIC_REPRESENTATION_CONTEXT() REPRESENTATION_CONTEXT('2D SPACE',''
  ) );
#2595 = PCURVE('',#2422,#2596);
#2596 = DEFINITIONAL_REPRESENTATION('',(#2597),#2601);
#2597 = LINE('',#2598,#2599);
#2598 = CARTESIAN_POINT('',(180.,0.));
#2599 = VECTOR('',#2600,1.);
#2600 = DIRECTION('',(0.,-1.));
#2601 = ( GEOMETRIC_REPRESENTATION_CONTEXT(2) 
PARAMETRIC_REPRESENTATION_CONTEXT() REPRESENTATION_CONTEXT('2D SPACE',''
  ) );
#2602 = ADVANCED_FACE('',(#2603),#2276,.F.);
#2603 = FACE_BOUND('',#2604,.T.);
#2604 = EDGE_LOOP('',(#2605,#2606,#2607));
#2605 = ORIENTED_EDGE('',*,*,#2363,.F.);
#2606 = ORIENTED_EDGE('',*,*,#2262,.T.);
#2607 = ORIENTED_EDGE('',*,*,#2550,.F.);
#2608 = ADVANCED_FACE('',(#2609),#2328,.F.);
#2609 = FACE_BOUND('',#2610,.F.);
#2610 = EDGE_LOOP('',(#2611,#2612,#2613));
#2611 = ORIENTED_EDGE('',*,*,#2386,.F.);
#2612 = ORIENTED_EDGE('',*,*,#2312,.T.);
#2613 = ORIENTED_EDGE('',*,*,#2614,.F.);
#2614 = EDGE_CURVE('',#2387,#2313,#2615,.T.);
#2615 = SURFACE_CURVE('',#2616,(#2621,#2628),.PCURVE_S1.);
#2616 = CIRCLE('',#2617,15.);
#2617 = AXIS2_PLACEMENT_3D('',#2618,#2619,#2620);
#2618 = CARTESIAN_POINT('',(230.,180.,-180.));
#2619 = DIRECTION('',(0.,0.,1.));
#2620 = DIRECTION('',(1.,0.,-0.));
#2621 = PCURVE('',#2328,#2622);
#2622 = DEFINITIONAL_REPRESENTATION('',(#2623),#2627);
#2623 = LINE('',#2624,#2625);
#2624 = CARTESIAN_POINT('',(0.,0.));
#2625 = VECTOR('',#2626,1.);
#2626 = DIRECTION('',(1.,0.));
#2627 = ( GEOMETRIC_REPRESENTATION_CONTEXT(2) 
PARAMETRIC_REPRESENTATION_CONTEXT() REPRESENTATION_CONTEXT('2D SPACE',''
  ) );
#2628 = PCURVE('',#2465,#2629);
#2629 = DEFINITIONAL_REPRESENTATION('',(#2630),#2634);
#2630 = LINE('',#2631,#2632);
#2631 = CARTESIAN_POINT('',(0.,15.));
#2632 = VECTOR('',#2633,1.);
#2633 = DIRECTION('',(1.,0.));
#2634 = ( GEOMETRIC_REPRESENTATION_CONTEXT(2) 
PARAMETRIC_REPRESENTATION_CONTEXT() REPRESENTATION_CONTEXT('2D SPACE',''
  ) );
#2635 = ADVANCED_FACE('',(#2636),#2422,.F.);
#2636 = FACE_BOUND('',#2637,.F.);
#2637 = EDGE_LOOP('',(#2638,#2639,#2640,#2661));
#2638 = ORIENTED_EDGE('',*,*,#2529,.F.);
#2639 = ORIENTED_EDGE('',*,*,#2408,.T.);
#2640 = ORIENTED_EDGE('',*,*,#2641,.T.);
#2641 = EDGE_CURVE('',#2387,#2482,#2642,.T.);
#2642 = SURFACE_CURVE('',#2643,(#2647,#2654),.PCURVE_S1.);
#2643 = LINE('',#2644,#2645);
#2644 = CARTESIAN_POINT('',(245.,180.,-195.));
#2645 = VECTOR('',#2646,1.);
#2646 = DIRECTION('',(0.,0.,1.));
#2647 = PCURVE('',#2422,#2648);
#2648 = DEFINITIONAL_REPRESENTATION('',(#2649),#2653);
#2649 = LINE('',#2650,#2651);
#2650 = CARTESIAN_POINT('',(0.,-375.));
#2651 = VECTOR('',#2652,1.);
#2652 = DIRECTION('',(1.,0.));
#2653 = ( GEOMETRIC_REPRESENTATION_CONTEXT(2) 
PARAMETRIC_REPRESENTATION_CONTEXT() REPRESENTATION_CONTEXT('2D SPACE',''
  ) );
#2654 = PCURVE('',#2465,#2655);
#2655 = DEFINITIONAL_REPRESENTATION('',(#2656),#2660);
#2656 = LINE('',#2657,#2658);
#2657 = CARTESIAN_POINT('',(0.,0.));
#2658 = VECTOR('',#2659,1.);
#2659 = DIRECTION('',(0.,1.));
#2660 = ( GEOMETRIC_REPRESENTATION_CONTEXT(2) 
PARAMETRIC_REPRESENTATION_CONTEXT() REPRESENTATION_CONTEXT('2D SPACE',''
  ) );
#2661 = ORIENTED_EDGE('',*,*,#2582,.F.);
#2662 = ADVANCED_FACE('',(#2663),#2465,.F.);
#2663 = FACE_BOUND('',#2664,.F.);
#2664 = EDGE_LOOP('',(#2665,#2666,#2667,#2668));
#2665 = ORIENTED_EDGE('',*,*,#2641,.F.);
#2666 = ORIENTED_EDGE('',*,*,#2614,.T.);
#2667 = ORIENTED_EDGE('',*,*,#2451,.T.);
#2668 = ORIENTED_EDGE('',*,*,#2481,.T.);
#2669 = ( GEOMETRIC_REPRESENTATION_CONTEXT(3) 
GLOBAL_UNCERTAINTY_ASSIGNED_CONTEXT((#2673)) 
GLOBAL_UNIT_ASSIGNED_CONTEXT((#2670,#2671,#2672)) REPRESENTATION_CONTEXT
('Context #1','3D Context with UNIT and UNCERTAINTY') );
#2670 = ( LENGTH_UNIT() NAMED_UNIT(*) SI_UNIT(.MILLI.,.METRE.) );
#2671 = ( NAMED_UNIT(*) PLANE_ANGLE_UNIT() SI_UNIT($,.RADIAN.) );
#2672 = ( NAMED_UNIT(*) SI_UNIT($,.STERADIAN.) SOLID_ANGLE_UNIT() );
#2673 = UNCERTAINTY_MEASURE_WITH_UNIT(LENGTH_MEASURE(2.E-07),#2670,
  'distance_accuracy_value','confusion accuracy');
#2674 = CONTEXT_DEPENDENT_SHAPE_REPRESENTATION(#2675,#2677);
#2675 = ( REPRESENTATION_RELATIONSHIP('','',#44,#10) 
REPRESENTATION_RELATIONSHIP_WITH_TRANSFORMATION(#2676) 
SHAPE_REPRESENTATION_RELATIONSHIP() );
#2676 = ITEM_DEFINED_TRANSFORMATION('','',#11,#15);
#2677 = PRODUCT_DEFINITION_SHAPE('Placement','Placement of an item',
  #2678);
#2678 = NEXT_ASSEMBLY_USAGE_OCCURRENCE('1','','',#5,#39,$);
#2679 = PRODUCT_RELATED_PRODUCT_CATEGORY('part',$,(#41));
#2680 = SHAPE_DEFINITION_REPRESENTATION(#2681,#2687);
#2681 = PRODUCT_DEFINITION_SHAPE('','',#2682);
#2682 = PRODUCT_DEFINITION('design','',#2683,#2686);
#2683 = PRODUCT_DEFINITION_FORMATION('','',#2684);
#2684 = PRODUCT('Open CASCADE STEP translator 7.8 1.2',
  'Open CASCADE STEP translator 7.8 1.2','',(#2685));
#2685 = PRODUCT_CONTEXT('',#2,'mechanical');
#2686 = PRODUCT_DEFINITION_CONTEXT('part definition',#2,'design');
#2687 = ADVANCED_BREP_SHAPE_REPRESENTATION('',(#11,#2688),#2785);
#2688 = MANIFOLD_SOLID_BREP('',#2689);
#2689 = CLOSED_SHELL('',(#2690,#2777,#2781));
#2690 = ADVANCED_FACE('',(#2691),#2704,.T.);
#2691 = FACE_BOUND('',#2692,.T.);
#2692 = EDGE_LOOP('',(#2693,#2726,#2749,#2776));
#2693 = ORIENTED_EDGE('',*,*,#2694,.F.);
#2694 = EDGE_CURVE('',#2695,#2695,#2697,.T.);
#2695 = VERTEX_POINT('',#2696);
#2696 = CARTESIAN_POINT('',(22.5,-5.510910596163E-15,-200.));
#2697 = SURFACE_CURVE('',#2698,(#2703,#2714),.PCURVE_S1.);
#2698 = CIRCLE('',#2699,22.5);
#2699 = AXIS2_PLACEMENT_3D('',#2700,#2701,#2702);
#2700 = CARTESIAN_POINT('',(0.,0.,-200.));
#2701 = DIRECTION('',(0.,0.,1.));
#2702 = DIRECTION('',(1.,0.,0.));
#2703 = PCURVE('',#2704,#2709);
#2704 = CYLINDRICAL_SURFACE('',#2705,22.5);
#2705 = AXIS2_PLACEMENT_3D('',#2706,#2707,#2708);
#2706 = CARTESIAN_POINT('',(0.,0.,-300.));
#2707 = DIRECTION('',(0.,0.,1.));
#2708 = DIRECTION('',(1.,0.,0.));
#2709 = DEFINITIONAL_REPRESENTATION('',(#2710),#2713);
#2710 = B_SPLINE_CURVE_WITH_KNOTS('',1,(#2711,#2712),.UNSPECIFIED.,.F.,
  .F.,(2,2),(0.,6.28318530718),.PIECEWISE_BEZIER_KNOTS.);
#2711 = CARTESIAN_POINT('',(0.,100.));
#2712 = CARTESIAN_POINT('',(6.28318530718,100.));
#2713 = ( GEOMETRIC_REPRESENTATION_CONTEXT(2) 
PARAMETRIC_REPRESENTATION_CONTEXT() REPRESENTATION_CONTEXT('2D SPACE',''
  ) );
#2714 = PCURVE('',#2715,#2720);
#2715 = PLANE('',#2716);
#2716 = AXIS2_PLACEMENT_3D('',#2717,#2718,#2719);
#2717 = CARTESIAN_POINT('',(0.,0.,-200.));
#2718 = DIRECTION('',(0.,0.,1.));
#2719 = DIRECTION('',(1.,0.,0.));
#2720 = DEFINITIONAL_REPRESENTATION('',(#2721),#2725);
#2721 = CIRCLE('',#2722,22.5);
#2722 = AXIS2_PLACEMENT_2D('',#2723,#2724);
#2723 = CARTESIAN_POINT('',(0.,0.));
#2724 = DIRECTION('',(1.,0.));
#2725 = ( GEOMETRIC_REPRESENTATION_CONTEXT(2) 
PARAMETRIC_REPRESENTATION_CONTEXT() REPRESENTATION_CONTEXT('2D SPACE',''
  ) );
#2726 = ORIENTED_EDGE('',*,*,#2727,.F.);
#2727 = EDGE_CURVE('',#2728,#2695,#2730,.T.);
#2728 = VERTEX_POINT('',#2729);
#2729 = CARTESIAN_POINT('',(22.5,-5.510910596163E-15,-300.));
#2730 = SEAM_CURVE('',#2731,(#2735,#2742),.PCURVE_S1.);
#2731 = LINE('',#2732,#2733);
#2732 = CARTESIAN_POINT('',(22.5,-5.510910596163E-15,-300.));
#2733 = VECTOR('',#2734,1.);
#2734 = DIRECTION('',(0.,0.,1.));
#2735 = PCURVE('',#2704,#2736);
#2736 = DEFINITIONAL_REPRESENTATION('',(#2737),#2741);
#2737 = LINE('',#2738,#2739);
#2738 = CARTESIAN_POINT('',(6.28318530718,-0.));
#2739 = VECTOR('',#2740,1.);
#2740 = DIRECTION('',(0.,1.));
#2741 = ( GEOMETRIC_REPRESENTATION_CONTEXT(2) 
PARAMETRIC_REPRESENTATION_CONTEXT() REPRESENTATION_CONTEXT('2D SPACE',''
  ) );
#2742 = PCURVE('',#2704,#2743);
#2743 = DEFINITIONAL_REPRESENTATION('',(#2744),#2748);
#2744 = LINE('',#2745,#2746);
#2745 = CARTESIAN_POINT('',(0.,-0.));
#2746 = VECTOR('',#2747,1.);
#2747 = DIRECTION('',(0.,1.));
#2748 = ( GEOMETRIC_REPRESENTATION_CONTEXT(2) 
PARAMETRIC_REPRESENTATION_CONTEXT() REPRESENTATION_CONTEXT('2D SPACE',''
  ) );
#2749 = ORIENTED_EDGE('',*,*,#2750,.T.);
#2750 = EDGE_CURVE('',#2728,#2728,#2751,.T.);
#2751 = SURFACE_CURVE('',#2752,(#2757,#2764),.PCURVE_S1.);
#2752 = CIRCLE('',#2753,22.5);
#2753 = AXIS2_PLACEMENT_3D('',#2754,#2755,#2756);
#2754 = CARTESIAN_POINT('',(0.,0.,-300.));
#2755 = DIRECTION('',(0.,0.,1.));
#2756 = DIRECTION('',(1.,0.,0.));
#2757 = PCURVE('',#2704,#2758);
#2758 = DEFINITIONAL_REPRESENTATION('',(#2759),#2763);
#2759 = LINE('',#2760,#2761);
#2760 = CARTESIAN_POINT('',(0.,0.));
#2761 = VECTOR('',#2762,1.);
#2762 = DIRECTION('',(1.,0.));
#2763 = ( GEOMETRIC_REPRESENTATION_CONTEXT(2) 
PARAMETRIC_REPRESENTATION_CONTEXT() REPRESENTATION_CONTEXT('2D SPACE',''
  ) );
#2764 = PCURVE('',#2765,#2770);
#2765 = PLANE('',#2766);
#2766 = AXIS2_PLACEMENT_3D('',#2767,#2768,#2769);
#2767 = CARTESIAN_POINT('',(0.,0.,-300.));
#2768 = DIRECTION('',(0.,0.,1.));
#2769 = DIRECTION('',(1.,0.,0.));
#2770 = DEFINITIONAL_REPRESENTATION('',(#2771),#2775);
#2771 = CIRCLE('',#2772,22.5);
#2772 = AXIS2_PLACEMENT_2D('',#2773,#2774);
#2773 = CARTESIAN_POINT('',(0.,0.));
#2774 = DIRECTION('',(1.,0.));
#2775 = ( GEOMETRIC_REPRESENTATION_CONTEXT(2) 
PARAMETRIC_REPRESENTATION_CONTEXT() REPRESENTATION_CONTEXT('2D SPACE',''
  ) );
#2776 = ORIENTED_EDGE('',*,*,#2727,.T.);
#2777 = ADVANCED_FACE('',(#2778),#2715,.T.);
#2778 = FACE_BOUND('',#2779,.T.);
#2779 = EDGE_LOOP('',(#2780));
#2780 = ORIENTED_EDGE('',*,*,#2694,.T.);
#2781 = ADVANCED_FACE('',(#2782),#2765,.F.);
#2782 = FACE_BOUND('',#2783,.T.);
#2783 = EDGE_LOOP('',(#2784));
#2784 = ORIENTED_EDGE('',*,*,#2750,.F.);
#2785 = ( GEOMETRIC_REPRESENTATION_CONTEXT(3) 
GLOBAL_UNCERTAINTY_ASSIGNED_CONTEXT((#2789)) 
GLOBAL_UNIT_ASSIGNED_CONTEXT((#2786,#2787,#2788)) REPRESENTATION_CONTEXT
('Context #1','3D Context with UNIT and UNCERTAINTY') );
#2786 = ( LENGTH_UNIT() NAMED_UNIT(*) SI_UNIT(.MILLI.,.METRE.) );
#2787 = ( NAMED_UNIT(*) PLANE_ANGLE_UNIT() SI_UNIT($,.RADIAN.) );
#2788 = ( NAMED_UNIT(*) SI_UNIT($,.STERADIAN.) SOLID_ANGLE_UNIT() );
#2789 = UNCERTAINTY_MEASURE_WITH_UNIT(LENGTH_MEASURE(1.E-07),#2786,
  'distance_accuracy_value','confusion accuracy');
#2790 = CONTEXT_DEPENDENT_SHAPE_REPRESENTATION(#2791,#2793);
#2791 = ( REPRESENTATION_RELATIONSHIP('','',#2687,#10) 
REPRESENTATION_RELATIONSHIP_WITH_TRANSFORMATION(#2792) 
SHAPE_REPRESENTATION_RELATIONSHIP() );
#2792 = ITEM_DEFINED_TRANSFORMATION('','',#11,#19);
#2793 = PRODUCT_DEFINITION_SHAPE('Placement','Placement of an item',
  #2794);
#2794 = NEXT_ASSEMBLY_USAGE_OCCURRENCE('2','','',#5,#2682,$);
#2795 = PRODUCT_RELATED_PRODUCT_CATEGORY('part',$,(#2684));
#2796 = SHAPE_DEFINITION_REPRESENTATION(#2797,#2803);
#2797 = PRODUCT_DEFINITION_SHAPE('','',#2798);
#2798 = PRODUCT_DEFINITION('design','',#2799,#2802);
#2799 = PRODUCT_DEFINITION_FORMATION('','',#2800);
#2800 = PRODUCT('Open CASCADE STEP translator 7.8 1.3',
  'Open CASCADE STEP translator 7.8 1.3','',(#2801));
#2801 = PRODUCT_CONTEXT('',#2,'mechanical');
#2802 = PRODUCT_DEFINITION_CONTEXT('part definition',#2,'design');
#2803 = ADVANCED_BREP_SHAPE_REPRESENTATION('',(#11,#2804),#3007);
#2804 = MANIFOLD_SOLID_BREP('',#2805);
#2805 = CLOSED_SHELL('',(#2806,#2895,#2997,#3003));
#2806 = ADVANCED_FACE('',(#2807),#2822,.F.);
#2807 = FACE_BOUND('',#2808,.F.);
#2808 = EDGE_LOOP('',(#2809,#2845,#2869));
#2809 = ORIENTED_EDGE('',*,*,#2810,.T.);
#2810 = EDGE_CURVE('',#2811,#2813,#2815,.T.);
#2811 = VERTEX_POINT('',#2812);
#2812 = CARTESIAN_POINT('',(230.,-11.18033988749,1.7763568394E-15));
#2813 = VERTEX_POINT('',#2814);
#2814 = CARTESIAN_POINT('',(255.,-3.673940397442E-15,0.));
#2815 = SURFACE_CURVE('',#2816,(#2821,#2833),.PCURVE_S1.);
#2816 = CIRCLE('',#2817,15.);
#2817 = AXIS2_PLACEMENT_3D('',#2818,#2819,#2820);
#2818 = CARTESIAN_POINT('',(240.,0.,0.));
#2819 = DIRECTION('',(0.,0.,1.));
#2820 = DIRECTION('',(1.,0.,0.));
#2821 = PCURVE('',#2822,#2827);
#2822 = PLANE('',#2823);
#2823 = AXIS2_PLACEMENT_3D('',#2824,#2825,#2826);
#2824 = CARTESIAN_POINT('',(240.,0.,0.));
#2825 = DIRECTION('',(0.,0.,1.));
#2826 = DIRECTION('',(1.,0.,0.));
#2827 = DEFINITIONAL_REPRESENTATION('',(#2828),#2832);
#2828 = CIRCLE('',#2829,15.);
#2829 = AXIS2_PLACEMENT_2D('',#2830,#2831);
#2830 = CARTESIAN_POINT('',(0.,0.));
#2831 = DIRECTION('',(1.,0.));
#2832 = ( GEOMETRIC_REPRESENTATION_CONTEXT(2) 
PARAMETRIC_REPRESENTATION_CONTEXT() REPRESENTATION_CONTEXT('2D SPACE',''
  ) );
#2833 = PCURVE('',#2834,#2839);
#2834 = CYLINDRICAL_SURFACE('',#2835,15.);
#2835 = AXIS2_PLACEMENT_3D('',#2836,#2837,#2838);
#2836 = CARTESIAN_POINT('',(240.,0.,0.));
#2837 = DIRECTION('',(0.,0.,1.));
#2838 = DIRECTION('',(1.,0.,0.));
#2839 = DEFINITIONAL_REPRESENTATION('',(#2840),#2844);
#2840 = LINE('',#2841,#2842);
#2841 = CARTESIAN_POINT('',(0.,0.));
#2842 = VECTOR('',#2843,1.);
#2843 = DIRECTION('',(1.,0.));
#2844 = ( GEOMETRIC_REPRESENTATION_CONTEXT(2) 
PARAMETRIC_REPRESENTATION_CONTEXT() REPRESENTATION_CONTEXT('2D SPACE',''
  ) );
#2845 = ORIENTED_EDGE('',*,*,#2846,.T.);
#2846 = EDGE_CURVE('',#2813,#2847,#2849,.T.);
#2847 = VERTEX_POINT('',#2848);
#2848 = CARTESIAN_POINT('',(230.,11.180339887499,1.7763568394E-15));
#2849 = SURFACE_CURVE('',#2850,(#2855,#2862),.PCURVE_S1.);
#2850 = CIRCLE('',#2851,15.);
#2851 = AXIS2_PLACEMENT_3D('',#2852,#2853,#2854);
#2852 = CARTESIAN_POINT('',(240.,0.,0.));
#2853 = DIRECTION('',(0.,0.,1.));
#2854 = DIRECTION('',(1.,0.,0.));
#2855 = PCURVE('',#2822,#2856);
#2856 = DEFINITIONAL_REPRESENTATION('',(#2857),#2861);
#2857 = CIRCLE('',#2858,15.);
#2858 = AXIS2_PLACEMENT_2D('',#2859,#2860);
#2859 = CARTESIAN_POINT('',(0.,0.));
#2860 = DIRECTION('',(1.,0.));
#2861 = ( GEOMETRIC_REPRESENTATION_CONTEXT(2) 
PARAMETRIC_REPRESENTATION_CONTEXT() REPRESENTATION_CONTEXT('2D SPACE',''
  ) );
#2862 = PCURVE('',#2834,#2863);
#2863 = DEFINITIONAL_REPRESENTATION('',(#2864),#2868);
#2864 = LINE('',#2865,#2866);
#2865 = CARTESIAN_POINT('',(0.,0.));
#2866 = VECTOR('',#2867,1.);
#2867 = DIRECTION('',(1.,0.));
#2868 = ( GEOMETRIC_REPRESENTATION_CONTEXT(2) 
PARAMETRIC_REPRESENTATION_CONTEXT() REPRESENTATION_CONTEXT('2D SPACE',''
  ) );
#2869 = ORIENTED_EDGE('',*,*,#2870,.F.);
#2870 = EDGE_CURVE('',#2811,#2847,#2871,.T.);
#2871 = SURFACE_CURVE('',#2872,(#2876,#2883),.PCURVE_S1.);
#2872 = LINE('',#2873,#2874);
#2873 = CARTESIAN_POINT('',(230.,-200.,3.552713678801E-15));
#2874 = VECTOR('',#2875,1.);
#2875 = DIRECTION('',(0.,1.,0.));
#2876 = PCURVE('',#2822,#2877);
#2877 = DEFINITIONAL_REPRESENTATION('',(#2878),#2882);
#2878 = LINE('',#2879,#2880);
#2879 = CARTESIAN_POINT('',(-10.,-200.));
#2880 = VECTOR('',#2881,1.);
#2881 = DIRECTION('',(0.,1.));
#2882 = ( GEOMETRIC_REPRESENTATION_CONTEXT(2) 
PARAMETRIC_REPRESENTATION_CONTEXT() REPRESENTATION_CONTEXT('2D SPACE',''
  ) );
#2883 = PCURVE('',#2884,#2889);
#2884 = PLANE('',#2885);
#2885 = AXIS2_PLACEMENT_3D('',#2886,#2887,#2888);
#2886 = CARTESIAN_POINT('',(240.,0.,0.));
#2887 = DIRECTION('',(0.,0.,1.));
#2888 = DIRECTION('',(1.,0.,0.));
#2889 = DEFINITIONAL_REPRESENTATION('',(#2890),#2894);
#2890 = LINE('',#2891,#2892);
#2891 = CARTESIAN_POINT('',(-10.,-200.));
#2892 = VECTOR('',#2893,1.);
#2893 = DIRECTION('',(0.,1.));
#2894 = ( GEOMETRIC_REPRESENTATION_CONTEXT(2) 
PARAMETRIC_REPRESENTATION_CONTEXT() REPRESENTATION_CONTEXT('2D SPACE',''
  ) );
#2895 = ADVANCED_FACE('',(#2896),#2834,.T.);
#2896 = FACE_BOUND('',#2897,.T.);
#2897 = EDGE_LOOP('',(#2898,#2921,#2948,#2949,#2950,#2974,#2996));
#2898 = ORIENTED_EDGE('',*,*,#2899,.T.);
#2899 = EDGE_CURVE('',#2813,#2900,#2902,.T.);
#2900 = VERTEX_POINT('',#2901);
#2901 = CARTESIAN_POINT('',(255.,-3.673940397442E-15,40.));
#2902 = SEAM_CURVE('',#2903,(#2907,#2914),.PCURVE_S1.);
#2903 = LINE('',#2904,#2905);
#2904 = CARTESIAN_POINT('',(255.,-3.673940397442E-15,0.));
#2905 = VECTOR('',#2906,1.);
#2906 = DIRECTION('',(0.,0.,1.));
#2907 = PCURVE('',#2834,#2908);
#2908 = DEFINITIONAL_REPRESENTATION('',(#2909),#2913);
#2909 = LINE('',#2910,#2911);
#2910 = CARTESIAN_POINT('',(6.28318530718,-0.));
#2911 = VECTOR('',#2912,1.);
#2912 = DIRECTION('',(0.,1.));
#2913 = ( GEOMETRIC_REPRESENTATION_CONTEXT(2) 
PARAMETRIC_REPRESENTATION_CONTEXT() REPRESENTATION_CONTEXT('2D SPACE',''
  ) );
#2914 = PCURVE('',#2834,#2915);
#2915 = DEFINITIONAL_REPRESENTATION('',(#2916),#2920);
#2916 = LINE('',#2917,#2918);
#2917 = CARTESIAN_POINT('',(0.,-0.));
#2918 = VECTOR('',#2919,1.);
#2919 = DIRECTION('',(0.,1.));
#2920 = ( GEOMETRIC_REPRESENTATION_CONTEXT(2) 
PARAMETRIC_REPRESENTATION_CONTEXT() REPRESENTATION_CONTEXT('2D SPACE',''
  ) );
#2921 = ORIENTED_EDGE('',*,*,#2922,.F.);
#2922 = EDGE_CURVE('',#2900,#2900,#2923,.T.);
#2923 = SURFACE_CURVE('',#2924,(#2929,#2936),.PCURVE_S1.);
#2924 = CIRCLE('',#2925,15.);
#2925 = AXIS2_PLACEMENT_3D('',#2926,#2927,#2928);
#2926 = CARTESIAN_POINT('',(240.,0.,40.));
#2927 = DIRECTION('',(0.,0.,1.));
#2928 = DIRECTION('',(1.,0.,0.));
#2929 = PCURVE('',#2834,#2930);
#2930 = DEFINITIONAL_REPRESENTATION('',(#2931),#2935);
#2931 = LINE('',#2932,#2933);
#2932 = CARTESIAN_POINT('',(0.,40.));
#2933 = VECTOR('',#2934,1.);
#2934 = DIRECTION('',(1.,0.));
#2935 = ( GEOMETRIC_REPRESENTATION_CONTEXT(2) 
PARAMETRIC_REPRESENTATION_CONTEXT() REPRESENTATION_CONTEXT('2D SPACE',''
  ) );
#2936 = PCURVE('',#2937,#2942);
#2937 = PLANE('',#2938);
#2938 = AXIS2_PLACEMENT_3D('',#2939,#2940,#2941);
#2939 = CARTESIAN_POINT('',(240.,0.,40.));
#2940 = DIRECTION('',(0.,0.,1.));
#2941 = DIRECTION('',(1.,0.,0.));
#2942 = DEFINITIONAL_REPRESENTATION('',(#2943),#2947);
#2943 = CIRCLE('',#2944,15.);
#2944 = AXIS2_PLACEMENT_2D('',#2945,#2946);
#2945 = CARTESIAN_POINT('',(0.,0.));
#2946 = DIRECTION('',(1.,0.));
#2947 = ( GEOMETRIC_REPRESENTATION_CONTEXT(2) 
PARAMETRIC_REPRESENTATION_CONTEXT() REPRESENTATION_CONTEXT('2D SPACE',''
  ) );
#2948 = ORIENTED_EDGE('',*,*,#2899,.F.);
#2949 = ORIENTED_EDGE('',*,*,#2846,.T.);
#2950 = ORIENTED_EDGE('',*,*,#2951,.T.);
#2951 = EDGE_CURVE('',#2847,#2952,#2954,.T.);
#2952 = VERTEX_POINT('',#2953);
#2953 = CARTESIAN_POINT('',(225.,-6.123233995737E-15,0.));
#2954 = SURFACE_CURVE('',#2955,(#2960,#2967),.PCURVE_S1.);
#2955 = CIRCLE('',#2956,15.);
#2956 = AXIS2_PLACEMENT_3D('',#2957,#2958,#2959);
#2957 = CARTESIAN_POINT('',(240.,0.,0.));
#2958 = DIRECTION('',(0.,0.,1.));
#2959 = DIRECTION('',(1.,0.,0.));
#2960 = PCURVE('',#2834,#2961);
#2961 = DEFINITIONAL_REPRESENTATION('',(#2962),#2966);
#2962 = LINE('',#2963,#2964);
#2963 = CARTESIAN_POINT('',(0.,0.));
#2964 = VECTOR('',#2965,1.);
#2965 = DIRECTION('',(1.,0.));
#2966 = ( GEOMETRIC_REPRESENTATION_CONTEXT(2) 
PARAMETRIC_REPRESENTATION_CONTEXT() REPRESENTATION_CONTEXT('2D SPACE',''
  ) );
#2967 = PCURVE('',#2884,#2968);
#2968 = DEFINITIONAL_REPRESENTATION('',(#2969),#2973);
#2969 = CIRCLE('',#2970,15.);
#2970 = AXIS2_PLACEMENT_2D('',#2971,#2972);
#2971 = CARTESIAN_POINT('',(0.,0.));
#2972 = DIRECTION('',(1.,0.));
#2973 = ( GEOMETRIC_REPRESENTATION_CONTEXT(2) 
PARAMETRIC_REPRESENTATION_CONTEXT() REPRESENTATION_CONTEXT('2D SPACE',''
  ) );
#2974 = ORIENTED_EDGE('',*,*,#2975,.T.);
#2975 = EDGE_CURVE('',#2952,#2811,#2976,.T.);
#2976 = SURFACE_CURVE('',#2977,(#2982,#2989),.PCURVE_S1.);
#2977 = CIRCLE('',#2978,15.);
#2978 = AXIS2_PLACEMENT_3D('',#2979,#2980,#2981);
#2979 = CARTESIAN_POINT('',(240.,0.,0.));
#2980 = DIRECTION('',(0.,0.,1.));
#2981 = DIRECTION('',(1.,0.,0.));
#2982 = PCURVE('',#2834,#2983);
#2983 = DEFINITIONAL_REPRESENTATION('',(#2984),#2988);
#2984 = LINE('',#2985,#2986);
#2985 = CARTESIAN_POINT('',(0.,0.));
#2986 = VECTOR('',#2987,1.);
#2987 = DIRECTION('',(1.,0.));
#2988 = ( GEOMETRIC_REPRESENTATION_CONTEXT(2) 
PARAMETRIC_REPRESENTATION_CONTEXT() REPRESENTATION_CONTEXT('2D SPACE',''
  ) );
#2989 = PCURVE('',#2884,#2990);
#2990 = DEFINITIONAL_REPRESENTATION('',(#2991),#2995);
#2991 = CIRCLE('',#2992,15.);
#2992 = AXIS2_PLACEMENT_2D('',#2993,#2994);
#2993 = CARTESIAN_POINT('',(0.,0.));
#2994 = DIRECTION('',(1.,0.));
#2995 = ( GEOMETRIC_REPRESENTATION_CONTEXT(2) 
PARAMETRIC_REPRESENTATION_CONTEXT() REPRESENTATION_CONTEXT('2D SPACE',''
  ) );
#2996 = ORIENTED_EDGE('',*,*,#2810,.T.);
#2997 = ADVANCED_FACE('',(#2998),#2884,.F.);
#2998 = FACE_BOUND('',#2999,.F.);
#2999 = EDGE_LOOP('',(#3000,#3001,#3002));
#3000 = ORIENTED_EDGE('',*,*,#2870,.T.);
#3001 = ORIENTED_EDGE('',*,*,#2951,.T.);
#3002 = ORIENTED_EDGE('',*,*,#2975,.T.);
#3003 = ADVANCED_FACE('',(#3004),#2937,.T.);
#3004 = FACE_BOUND('',#3005,.T.);
#3005 = EDGE_LOOP('',(#3006));
#3006 = ORIENTED_EDGE('',*,*,#2922,.T.);
#3007 = ( GEOMETRIC_REPRESENTATION_CONTEXT(3) 
GLOBAL_UNCERTAINTY_ASSIGNED_CONTEXT((#3011)) 
GLOBAL_UNIT_ASSIGNED_CONTEXT((#3008,#3009,#3010)) REPRESENTATION_CONTEXT
('Context #1','3D Context with UNIT and UNCERTAINTY') );
#3008 = ( LENGTH_UNIT() NAMED_UNIT(*) SI_UNIT(.MILLI.,.METRE.) );
#3009 = ( NAMED_UNIT(*) PLANE_ANGLE_UNIT() SI_UNIT($,.RADIAN.) );
#3010 = ( NAMED_UNIT(*) SI_UNIT($,.STERADIAN.) SOLID_ANGLE_UNIT() );
#3011 = UNCERTAINTY_MEASURE_WITH_UNIT(LENGTH_MEASURE(1.E-07),#3008,
  'distance_accuracy_value','confusion accuracy');
#3012 = CONTEXT_DEPENDENT_SHAPE_REPRESENTATION(#3013,#3015);
#3013 = ( REPRESENTATION_RELATIONSHIP('','',#2803,#10) 
REPRESENTATION_RELATIONSHIP_WITH_TRANSFORMATION(#3014) 
SHAPE_REPRESENTATION_RELATIONSHIP() );
#3014 = ITEM_DEFINED_TRANSFORMATION('','',#11,#23);
#3015 = PRODUCT_DEFINITION_SHAPE('Placement','Placement of an item',
  #3016);
#3016 = NEXT_ASSEMBLY_USAGE_OCCURRENCE('3','','',#5,#2798,$);
#3017 = PRODUCT_RELATED_PRODUCT_CATEGORY('part',$,(#2800));
#3018 = SHAPE_DEFINITION_REPRESENTATION(#3019,#3025);
#3019 = PRODUCT_DEFINITION_SHAPE('','',#3020);
#3020 = PRODUCT_DEFINITION('design','',#3021,#3024);
#3021 = PRODUCT_DEFINITION_FORMATION('','',#3022);
#3022 = PRODUCT('Open CASCADE STEP translator 7.8 1.4',
  'Open CASCADE STEP translator 7.8 1.4','',(#3023));
#3023 = PRODUCT_CONTEXT('',#2,'mechanical');
#3024 = PRODUCT_DEFINITION_CONTEXT('part definition',#2,'design');
#3025 = ADVANCED_BREP_SHAPE_REPRESENTATION('',(#11,#3026),#3427);
#3026 = MANIFOLD_SOLID_BREP('',#3027);
#3027 = CLOSED_SHELL('',(#3028,#3116,#3151,#3155,#3311,#3340,#3418,#3423
    ));
#3028 = ADVANCED_FACE('',(#3029),#3042,.T.);
#3029 = FACE_BOUND('',#3030,.T.);
#3030 = EDGE_LOOP('',(#3031,#3065,#3088,#3115));
#3031 = ORIENTED_EDGE('',*,*,#3032,.F.);
#3032 = EDGE_CURVE('',#3033,#3033,#3035,.T.);
#3033 = VERTEX_POINT('',#3034);
#3034 = CARTESIAN_POINT('',(225.,-6.123233995737E-15,30.));
#3035 = SURFACE_CURVE('',#3036,(#3041,#3053),.PCURVE_S1.);
#3036 = CIRCLE('',#3037,25.);
#3037 = AXIS2_PLACEMENT_3D('',#3038,#3039,#3040);
#3038 = CARTESIAN_POINT('',(200.,0.,30.));
#3039 = DIRECTION('',(0.,0.,1.));
#3040 = DIRECTION('',(1.,0.,0.));
#3041 = PCURVE('',#3042,#3047);
#3042 = CYLINDRICAL_SURFACE('',#3043,25.);
#3043 = AXIS2_PLACEMENT_3D('',#3044,#3045,#3046);
#3044 = CARTESIAN_POINT('',(200.,0.,0.));
#3045 = DIRECTION('',(0.,0.,1.));
#3046 = DIRECTION('',(1.,0.,0.));
#3047 = DEFINITIONAL_REPRESENTATION('',(#3048),#3052);
#3048 = LINE('',#3049,#3050);
#3049 = CARTESIAN_POINT('',(0.,30.));
#3050 = VECTOR('',#3051,1.);
#3051 = DIRECTION('',(1.,0.));
#3052 = ( GEOMETRIC_REPRESENTATION_CONTEXT(2) 
PARAMETRIC_REPRESENTATION_CONTEXT() REPRESENTATION_CONTEXT('2D SPACE',''
  ) );
#3053 = PCURVE('',#3054,#3059);
#3054 = PLANE('',#3055);
#3055 = AXIS2_PLACEMENT_3D('',#3056,#3057,#3058);
#3056 = CARTESIAN_POINT('',(200.,0.,30.));
#3057 = DIRECTION('',(0.,0.,1.));
#3058 = DIRECTION('',(1.,0.,0.));
#3059 = DEFINITIONAL_REPRESENTATION('',(#3060),#3064);
#3060 = CIRCLE('',#3061,25.);
#3061 = AXIS2_PLACEMENT_2D('',#3062,#3063);
#3062 = CARTESIAN_POINT('',(0.,0.));
#3063 = DIRECTION('',(1.,0.));
#3064 = ( GEOMETRIC_REPRESENTATION_CONTEXT(2) 
PARAMETRIC_REPRESENTATION_CONTEXT() REPRESENTATION_CONTEXT('2D SPACE',''
  ) );
#3065 = ORIENTED_EDGE('',*,*,#3066,.F.);
#3066 = EDGE_CURVE('',#3067,#3033,#3069,.T.);
#3067 = VERTEX_POINT('',#3068);
#3068 = CARTESIAN_POINT('',(225.,-6.123233995737E-15,0.));
#3069 = SEAM_CURVE('',#3070,(#3074,#3081),.PCURVE_S1.);
#3070 = LINE('',#3071,#3072);
#3071 = CARTESIAN_POINT('',(225.,-6.123233995737E-15,0.));
#3072 = VECTOR('',#3073,1.);
#3073 = DIRECTION('',(0.,0.,1.));
#3074 = PCURVE('',#3042,#3075);
#3075 = DEFINITIONAL_REPRESENTATION('',(#3076),#3080);
#3076 = LINE('',#3077,#3078);
#3077 = CARTESIAN_POINT('',(6.28318530718,-0.));
#3078 = VECTOR('',#3079,1.);
#3079 = DIRECTION('',(0.,1.));
#3080 = ( GEOMETRIC_REPRESENTATION_CONTEXT(2) 
PARAMETRIC_REPRESENTATION_CONTEXT() REPRESENTATION_CONTEXT('2D SPACE',''
  ) );
#3081 = PCURVE('',#3042,#3082);
#3082 = DEFINITIONAL_REPRESENTATION('',(#3083),#3087);
#3083 = LINE('',#3084,#3085);
#3084 = CARTESIAN_POINT('',(0.,-0.));
#3085 = VECTOR('',#3086,1.);
#3086 = DIRECTION('',(0.,1.));
#3087 = ( GEOMETRIC_REPRESENTATION_CONTEXT(2) 
PARAMETRIC_REPRESENTATION_CONTEXT() REPRESENTATION_CONTEXT('2D SPACE',''
  ) );
#3088 = ORIENTED_EDGE('',*,*,#3089,.T.);
#3089 = EDGE_CURVE('',#3067,#3067,#3090,.T.);
#3090 = SURFACE_CURVE('',#3091,(#3096,#3103),.PCURVE_S1.);
#3091 = CIRCLE('',#3092,25.);
#3092 = AXIS2_PLACEMENT_3D('',#3093,#3094,#3095);
#3093 = CARTESIAN_POINT('',(200.,0.,0.));
#3094 = DIRECTION('',(0.,0.,1.));
#3095 = DIRECTION('',(1.,0.,0.));
#3096 = PCURVE('',#3042,#3097);
#3097 = DEFINITIONAL_REPRESENTATION('',(#3098),#3102);
#3098 = LINE('',#3099,#3100);
#3099 = CARTESIAN_POINT('',(0.,0.));
#3100 = VECTOR('',#3101,1.);
#3101 = DIRECTION('',(1.,0.));
#3102 = ( GEOMETRIC_REPRESENTATION_CONTEXT(2) 
PARAMETRIC_REPRESENTATION_CONTEXT() REPRESENTATION_CONTEXT('2D SPACE',''
  ) );
#3103 = PCURVE('',#3104,#3109);
#3104 = PLANE('',#3105);
#3105 = AXIS2_PLACEMENT_3D('',#3106,#3107,#3108);
#3106 = CARTESIAN_POINT('',(200.,0.,0.));
#3107 = DIRECTION('',(0.,0.,1.));
#3108 = DIRECTION('',(1.,0.,0.));
#3109 = DEFINITIONAL_REPRESENTATION('',(#3110),#3114);
#3110 = CIRCLE('',#3111,25.);
#3111 = AXIS2_PLACEMENT_2D('',#3112,#3113);
#3112 = CARTESIAN_POINT('',(0.,0.));
#3113 = DIRECTION('',(1.,0.));
#3114 = ( GEOMETRIC_REPRESENTATION_CONTEXT(2) 
PARAMETRIC_REPRESENTATION_CONTEXT() REPRESENTATION_CONTEXT('2D SPACE',''
  ) );
#3115 = ORIENTED_EDGE('',*,*,#3066,.T.);
#3116 = ADVANCED_FACE('',(#3117,#3120),#3054,.T.);
#3117 = FACE_BOUND('',#3118,.T.);
#3118 = EDGE_LOOP('',(#3119));
#3119 = ORIENTED_EDGE('',*,*,#3032,.T.);
#3120 = FACE_BOUND('',#3121,.T.);
#3121 = EDGE_LOOP('',(#3122));
#3122 = ORIENTED_EDGE('',*,*,#3123,.F.);
#3123 = EDGE_CURVE('',#3124,#3124,#3126,.T.);
#3124 = VERTEX_POINT('',#3125);
#3125 = CARTESIAN_POINT('',(210.,-2.449293598295E-15,30.));
#3126 = SURFACE_CURVE('',#3127,(#3132,#3139),.PCURVE_S1.);
#3127 = CIRCLE('',#3128,10.);
#3128 = AXIS2_PLACEMENT_3D('',#3129,#3130,#3131);
#3129 = CARTESIAN_POINT('',(200.,0.,30.));
#3130 = DIRECTION('',(0.,0.,1.));
#3131 = DIRECTION('',(1.,0.,0.));
#3132 = PCURVE('',#3054,#3133);
#3133 = DEFINITIONAL_REPRESENTATION('',(#3134),#3138);
#3134 = CIRCLE('',#3135,10.);
#3135 = AXIS2_PLACEMENT_2D('',#3136,#3137);
#3136 = CARTESIAN_POINT('',(0.,0.));
#3137 = DIRECTION('',(1.,0.));
#3138 = ( GEOMETRIC_REPRESENTATION_CONTEXT(2) 
PARAMETRIC_REPRESENTATION_CONTEXT() REPRESENTATION_CONTEXT('2D SPACE',''
  ) );
#3139 = PCURVE('',#3140,#3145);
#3140 = CYLINDRICAL_SURFACE('',#3141,10.);
#3141 = AXIS2_PLACEMENT_3D('',#3142,#3143,#3144);
#3142 = CARTESIAN_POINT('',(200.,0.,30.));
#3143 = DIRECTION('',(0.,0.,1.));
#3144 = DIRECTION('',(1.,0.,0.));
#3145 = DEFINITIONAL_REPRESENTATION('',(#3146),#3150);
#3146 = LINE('',#3147,#3148);
#3147 = CARTESIAN_POINT('',(0.,0.));
#3148 = VECTOR('',#3149,1.);
#3149 = DIRECTION('',(1.,0.));
#3150 = ( GEOMETRIC_REPRESENTATION_CONTEXT(2) 
PARAMETRIC_REPRESENTATION_CONTEXT() REPRESENTATION_CONTEXT('2D SPACE',''
  ) );
#3151 = ADVANCED_FACE('',(#3152),#3104,.F.);
#3152 = FACE_BOUND('',#3153,.T.);
#3153 = EDGE_LOOP('',(#3154));
#3154 = ORIENTED_EDGE('',*,*,#3089,.F.);
#3155 = ADVANCED_FACE('',(#3156),#3140,.T.);
#3156 = FACE_BOUND('',#3157,.T.);
#3157 = EDGE_LOOP('',(#3158,#3181,#3210,#3251,#3287,#3309,#3310));
#3158 = ORIENTED_EDGE('',*,*,#3159,.T.);
#3159 = EDGE_CURVE('',#3124,#3160,#3162,.T.);
#3160 = VERTEX_POINT('',#3161);
#3161 = CARTESIAN_POINT('',(210.,-2.449293598295E-15,130.));
#3162 = SEAM_CURVE('',#3163,(#3167,#3174),.PCURVE_S1.);
#3163 = LINE('',#3164,#3165);
#3164 = CARTESIAN_POINT('',(210.,-2.449293598295E-15,30.));
#3165 = VECTOR('',#3166,1.);
#3166 = DIRECTION('',(0.,0.,1.));
#3167 = PCURVE('',#3140,#3168);
#3168 = DEFINITIONAL_REPRESENTATION('',(#3169),#3173);
#3169 = LINE('',#3170,#3171);
#3170 = CARTESIAN_POINT('',(6.28318530718,-0.));
#3171 = VECTOR('',#3172,1.);
#3172 = DIRECTION('',(0.,1.));
#3173 = ( GEOMETRIC_REPRESENTATION_CONTEXT(2) 
PARAMETRIC_REPRESENTATION_CONTEXT() REPRESENTATION_CONTEXT('2D SPACE',''
  ) );
#3174 = PCURVE('',#3140,#3175);
#3175 = DEFINITIONAL_REPRESENTATION('',(#3176),#3180);
#3176 = LINE('',#3177,#3178);
#3177 = CARTESIAN_POINT('',(0.,-0.));
#3178 = VECTOR('',#3179,1.);
#3179 = DIRECTION('',(0.,1.));
#3180 = ( GEOMETRIC_REPRESENTATION_CONTEXT(2) 
PARAMETRIC_REPRESENTATION_CONTEXT() REPRESENTATION_CONTEXT('2D SPACE',''
  ) );
#3181 = ORIENTED_EDGE('',*,*,#3182,.F.);
#3182 = EDGE_CURVE('',#3183,#3160,#3185,.T.);
#3183 = VERTEX_POINT('',#3184);
#3184 = CARTESIAN_POINT('',(200.,-10.,130.));
#3185 = SURFACE_CURVE('',#3186,(#3191,#3198),.PCURVE_S1.);
#3186 = CIRCLE('',#3187,10.);
#3187 = AXIS2_PLACEMENT_3D('',#3188,#3189,#3190);
#3188 = CARTESIAN_POINT('',(200.,0.,130.));
#3189 = DIRECTION('',(0.,0.,1.));
#3190 = DIRECTION('',(1.,0.,0.));
#3191 = PCURVE('',#3140,#3192);
#3192 = DEFINITIONAL_REPRESENTATION('',(#3193),#3197);
#3193 = LINE('',#3194,#3195);
#3194 = CARTESIAN_POINT('',(0.,100.));
#3195 = VECTOR('',#3196,1.);
#3196 = DIRECTION('',(1.,0.));
#3197 = ( GEOMETRIC_REPRESENTATION_CONTEXT(2) 
PARAMETRIC_REPRESENTATION_CONTEXT() REPRESENTATION_CONTEXT('2D SPACE',''
  ) );
#3198 = PCURVE('',#3199,#3204);
#3199 = PLANE('',#3200);
#3200 = AXIS2_PLACEMENT_3D('',#3201,#3202,#3203);
#3201 = CARTESIAN_POINT('',(200.,0.,130.));
#3202 = DIRECTION('',(0.,0.,1.));
#3203 = DIRECTION('',(1.,0.,0.));
#3204 = DEFINITIONAL_REPRESENTATION('',(#3205),#3209);
#3205 = CIRCLE('',#3206,10.);
#3206 = AXIS2_PLACEMENT_2D('',#3207,#3208);
#3207 = CARTESIAN_POINT('',(0.,0.));
#3208 = DIRECTION('',(1.,0.));
#3209 = ( GEOMETRIC_REPRESENTATION_CONTEXT(2) 
PARAMETRIC_REPRESENTATION_CONTEXT() REPRESENTATION_CONTEXT('2D SPACE',''
  ) );
#3210 = ORIENTED_EDGE('',*,*,#3211,.F.);
#3211 = EDGE_CURVE('',#3212,#3183,#3214,.T.);
#3212 = VERTEX_POINT('',#3213);
#3213 = CARTESIAN_POINT('',(190.,-2.449293598295E-15,120.));
#3214 = SURFACE_CURVE('',#3215,(#3220,#3233),.PCURVE_S1.);
#3215 = ELLIPSE('',#3216,14.142135623731,10.);
#3216 = AXIS2_PLACEMENT_3D('',#3217,#3218,#3219);
#3217 = CARTESIAN_POINT('',(200.,0.,130.));
#3218 = DIRECTION('',(-0.707106781187,0.,0.707106781187));
#3219 = DIRECTION('',(0.707106781187,0.,0.707106781187));
#3220 = PCURVE('',#3140,#3221);
#3221 = DEFINITIONAL_REPRESENTATION('',(#3222),#3232);
#3222 = B_SPLINE_CURVE_WITH_KNOTS('',8,(#3223,#3224,#3225,#3226,#3227,
    #3228,#3229,#3230,#3231),.UNSPECIFIED.,.F.,.F.,(9,9),(3.14159265359,
    4.712389010385),.PIECEWISE_BEZIER_KNOTS.);
#3223 = CARTESIAN_POINT('',(3.14159265359,90.));
#3224 = CARTESIAN_POINT('',(3.337942198189,90.));
#3225 = CARTESIAN_POINT('',(3.53429174279,90.440607776545));
#3226 = CARTESIAN_POINT('',(3.73064128737,91.321819587436));
#3227 = CARTESIAN_POINT('',(3.926990831991,92.607412591693));
#3228 = CARTESIAN_POINT('',(4.123340376565,94.224867542449));
#3229 = CARTESIAN_POINT('',(4.319689921185,96.073008928477));
#3230 = CARTESIAN_POINT('',(4.516039465785,98.036504854006));
#3231 = CARTESIAN_POINT('',(4.712389010385,100.0000003));
#3232 = ( GEOMETRIC_REPRESENTATION_CONTEXT(2) 
PARAMETRIC_REPRESENTATION_CONTEXT() REPRESENTATION_CONTEXT('2D SPACE',''
  ) );
#3233 = PCURVE('',#3234,#3239);
#3234 = CYLINDRICAL_SURFACE('',#3235,10.);
#3235 = AXIS2_PLACEMENT_3D('',#3236,#3237,#3238);
#3236 = CARTESIAN_POINT('',(50.,0.,130.));
#3237 = DIRECTION('',(1.,0.,1.110223024625E-16));
#3238 = DIRECTION('',(1.110223024625E-16,0.,-1.));
#3239 = DEFINITIONAL_REPRESENTATION('',(#3240),#3250);
#3240 = B_SPLINE_CURVE_WITH_KNOTS('',8,(#3241,#3242,#3243,#3244,#3245,
    #3246,#3247,#3248,#3249),.UNSPECIFIED.,.F.,.F.,(9,9),(3.14159265359,
    4.712389010385),.PIECEWISE_BEZIER_KNOTS.);
#3241 = CARTESIAN_POINT('',(6.28318530718,140.));
#3242 = CARTESIAN_POINT('',(6.08683576258,140.));
#3243 = CARTESIAN_POINT('',(5.890486217981,140.44060777674));
#3244 = CARTESIAN_POINT('',(5.694136673381,141.32181958685));
#3245 = CARTESIAN_POINT('',(5.497787128787,142.6074125925));
#3246 = CARTESIAN_POINT('',(5.301437584182,144.22486754169));
#3247 = CARTESIAN_POINT('',(5.105088039584,146.07300892865));
#3248 = CARTESIAN_POINT('',(4.908738494984,148.036504854));
#3249 = CARTESIAN_POINT('',(4.712388950385,150.0000003));
#3250 = ( GEOMETRIC_REPRESENTATION_CONTEXT(2) 
PARAMETRIC_REPRESENTATION_CONTEXT() REPRESENTATION_CONTEXT('2D SPACE',''
  ) );
#3251 = ORIENTED_EDGE('',*,*,#3252,.F.);
#3252 = EDGE_CURVE('',#3253,#3212,#3255,.T.);
#3253 = VERTEX_POINT('',#3254);
#3254 = CARTESIAN_POINT('',(200.,10.,130.));
#3255 = SURFACE_CURVE('',#3256,(#3261,#3274),.PCURVE_S1.);
#3256 = ELLIPSE('',#3257,14.142135623731,10.);
#3257 = AXIS2_PLACEMENT_3D('',#3258,#3259,#3260);
#3258 = CARTESIAN_POINT('',(200.,0.,130.));
#3259 = DIRECTION('',(-0.707106781187,0.,0.707106781187));
#3260 = DIRECTION('',(0.707106781187,0.,0.707106781187));
#3261 = PCURVE('',#3140,#3262);
#3262 = DEFINITIONAL_REPRESENTATION('',(#3263),#3273);
#3263 = B_SPLINE_CURVE_WITH_KNOTS('',8,(#3264,#3265,#3266,#3267,#3268,
    #3269,#3270,#3271,#3272),.UNSPECIFIED.,.F.,.F.,(9,9),(1.570796296795
    ,3.14159265359),.PIECEWISE_BEZIER_KNOTS.);
#3264 = CARTESIAN_POINT('',(1.570796296795,100.0000003));
#3265 = CARTESIAN_POINT('',(1.767145841394,98.036504854006));
#3266 = CARTESIAN_POINT('',(1.963495385994,96.073008928564));
#3267 = CARTESIAN_POINT('',(2.159844930589,94.224867542449));
#3268 = CARTESIAN_POINT('',(2.356194475187,92.607412591751));
#3269 = CARTESIAN_POINT('',(2.552544019787,91.321819587145));
#3270 = CARTESIAN_POINT('',(2.748893564391,90.440607776676));
#3271 = CARTESIAN_POINT('',(2.94524310899,90.));
#3272 = CARTESIAN_POINT('',(3.14159265359,90.));
#3273 = ( GEOMETRIC_REPRESENTATION_CONTEXT(2) 
PARAMETRIC_REPRESENTATION_CONTEXT() REPRESENTATION_CONTEXT('2D SPACE',''
  ) );
#3274 = PCURVE('',#3234,#3275);
#3275 = DEFINITIONAL_REPRESENTATION('',(#3276),#3286);
#3276 = B_SPLINE_CURVE_WITH_KNOTS('',8,(#3277,#3278,#3279,#3280,#3281,
    #3282,#3283,#3284,#3285),.UNSPECIFIED.,.F.,.F.,(9,9),(1.570796296795
    ,3.14159265359),.PIECEWISE_BEZIER_KNOTS.);
#3277 = CARTESIAN_POINT('',(1.570796356795,150.0000003));
#3278 = CARTESIAN_POINT('',(1.374446812196,148.036504854));
#3279 = CARTESIAN_POINT('',(1.178097267595,146.07300892849));
#3280 = CARTESIAN_POINT('',(0.981747722995,144.22486754244));
#3281 = CARTESIAN_POINT('',(0.785398178397,142.60741259169));
#3282 = CARTESIAN_POINT('',(0.589048633796,141.32181958749));
#3283 = CARTESIAN_POINT('',(0.392699089198,140.44060777657));
#3284 = CARTESIAN_POINT('',(0.196349544599,140.));
#3285 = CARTESIAN_POINT('',(1.224646799147E-16,140.));
#3286 = ( GEOMETRIC_REPRESENTATION_CONTEXT(2) 
PARAMETRIC_REPRESENTATION_CONTEXT() REPRESENTATION_CONTEXT('2D SPACE',''
  ) );
#3287 = ORIENTED_EDGE('',*,*,#3288,.F.);
#3288 = EDGE_CURVE('',#3160,#3253,#3289,.T.);
#3289 = SURFACE_CURVE('',#3290,(#3295,#3302),.PCURVE_S1.);
#3290 = CIRCLE('',#3291,10.);
#3291 = AXIS2_PLACEMENT_3D('',#3292,#3293,#3294);
#3292 = CARTESIAN_POINT('',(200.,0.,130.));
#3293 = DIRECTION('',(0.,0.,1.));
#3294 = DIRECTION('',(1.,0.,0.));
#3295 = PCURVE('',#3140,#3296);
#3296 = DEFINITIONAL_REPRESENTATION('',(#3297),#3301);
#3297 = LINE('',#3298,#3299);
#3298 = CARTESIAN_POINT('',(0.,100.));
#3299 = VECTOR('',#3300,1.);
#3300 = DIRECTION('',(1.,0.));
#3301 = ( GEOMETRIC_REPRESENTATION_CONTEXT(2) 
PARAMETRIC_REPRESENTATION_CONTEXT() REPRESENTATION_CONTEXT('2D SPACE',''
  ) );
#3302 = PCURVE('',#3199,#3303);
#3303 = DEFINITIONAL_REPRESENTATION('',(#3304),#3308);
#3304 = CIRCLE('',#3305,10.);
#3305 = AXIS2_PLACEMENT_2D('',#3306,#3307);
#3306 = CARTESIAN_POINT('',(0.,0.));
#3307 = DIRECTION('',(1.,0.));
#3308 = ( GEOMETRIC_REPRESENTATION_CONTEXT(2) 
PARAMETRIC_REPRESENTATION_CONTEXT() REPRESENTATION_CONTEXT('2D SPACE',''
  ) );
#3309 = ORIENTED_EDGE('',*,*,#3159,.F.);
#3310 = ORIENTED_EDGE('',*,*,#3123,.T.);
#3311 = ADVANCED_FACE('',(#3312),#3199,.T.);
#3312 = FACE_BOUND('',#3313,.T.);
#3313 = EDGE_LOOP('',(#3314,#3315,#3316));
#3314 = ORIENTED_EDGE('',*,*,#3182,.T.);
#3315 = ORIENTED_EDGE('',*,*,#3288,.T.);
#3316 = ORIENTED_EDGE('',*,*,#3317,.F.);
#3317 = EDGE_CURVE('',#3183,#3253,#3318,.T.);
#3318 = SURFACE_CURVE('',#3319,(#3323,#3329),.PCURVE_S1.);
#3319 = LINE('',#3320,#3321);
#3320 = CARTESIAN_POINT('',(200.,0.,130.));
#3321 = VECTOR('',#3322,1.);
#3322 = DIRECTION('',(0.,1.,0.));
#3323 = PCURVE('',#3199,#3324);
#3324 = DEFINITIONAL_REPRESENTATION('',(#3325),#3328);
#3325 = B_SPLINE_CURVE_WITH_KNOTS('',1,(#3326,#3327),.UNSPECIFIED.,.F.,
  .F.,(2,2),(-10.,10.),.PIECEWISE_BEZIER_KNOTS.);
#3326 = CARTESIAN_POINT('',(0.,-10.));
#3327 = CARTESIAN_POINT('',(0.,10.));
#3328 = ( GEOMETRIC_REPRESENTATION_CONTEXT(2) 
PARAMETRIC_REPRESENTATION_CONTEXT() REPRESENTATION_CONTEXT('2D SPACE',''
  ) );
#3329 = PCURVE('',#3330,#3335);
#3330 = PLANE('',#3331);
#3331 = AXIS2_PLACEMENT_3D('',#3332,#3333,#3334);
#3332 = CARTESIAN_POINT('',(200.,0.,130.));
#3333 = DIRECTION('',(1.,0.,1.110223024625E-16));
#3334 = DIRECTION('',(1.110223024625E-16,0.,-1.));
#3335 = DEFINITIONAL_REPRESENTATION('',(#3336),#3339);
#3336 = B_SPLINE_CURVE_WITH_KNOTS('',1,(#3337,#3338),.UNSPECIFIED.,.F.,
  .F.,(2,2),(-10.,10.),.PIECEWISE_BEZIER_KNOTS.);
#3337 = CARTESIAN_POINT('',(0.,-10.));
#3338 = CARTESIAN_POINT('',(0.,10.));
#3339 = ( GEOMETRIC_REPRESENTATION_CONTEXT(2) 
PARAMETRIC_REPRESENTATION_CONTEXT() REPRESENTATION_CONTEXT('2D SPACE',''
  ) );
#3340 = ADVANCED_FACE('',(#3341),#3234,.T.);
#3341 = FACE_BOUND('',#3342,.T.);
#3342 = EDGE_LOOP('',(#3343,#3365,#3366,#3389,#3416,#3417));
#3343 = ORIENTED_EDGE('',*,*,#3344,.F.);
#3344 = EDGE_CURVE('',#3253,#3183,#3345,.T.);
#3345 = SURFACE_CURVE('',#3346,(#3351,#3358),.PCURVE_S1.);
#3346 = CIRCLE('',#3347,10.);
#3347 = AXIS2_PLACEMENT_3D('',#3348,#3349,#3350);
#3348 = CARTESIAN_POINT('',(200.,0.,130.));
#3349 = DIRECTION('',(1.,-0.,1.110223024625E-16));
#3350 = DIRECTION('',(1.110223024625E-16,0.,-1.));
#3351 = PCURVE('',#3234,#3352);
#3352 = DEFINITIONAL_REPRESENTATION('',(#3353),#3357);
#3353 = LINE('',#3354,#3355);
#3354 = CARTESIAN_POINT('',(0.,150.));
#3355 = VECTOR('',#3356,1.);
#3356 = DIRECTION('',(1.,0.));
#3357 = ( GEOMETRIC_REPRESENTATION_CONTEXT(2) 
PARAMETRIC_REPRESENTATION_CONTEXT() REPRESENTATION_CONTEXT('2D SPACE',''
  ) );
#3358 = PCURVE('',#3330,#3359);
#3359 = DEFINITIONAL_REPRESENTATION('',(#3360),#3364);
#3360 = CIRCLE('',#3361,10.);
#3361 = AXIS2_PLACEMENT_2D('',#3362,#3363);
#3362 = CARTESIAN_POINT('',(0.,0.));
#3363 = DIRECTION('',(1.,0.));
#3364 = ( GEOMETRIC_REPRESENTATION_CONTEXT(2) 
PARAMETRIC_REPRESENTATION_CONTEXT() REPRESENTATION_CONTEXT('2D SPACE',''
  ) );
#3365 = ORIENTED_EDGE('',*,*,#3252,.T.);
#3366 = ORIENTED_EDGE('',*,*,#3367,.F.);
#3367 = EDGE_CURVE('',#3368,#3212,#3370,.T.);
#3368 = VERTEX_POINT('',#3369);
#3369 = CARTESIAN_POINT('',(50.,-2.449293598295E-15,120.));
#3370 = SEAM_CURVE('',#3371,(#3375,#3382),.PCURVE_S1.);
#3371 = LINE('',#3372,#3373);
#3372 = CARTESIAN_POINT('',(50.,-2.449293598295E-15,120.));
#3373 = VECTOR('',#3374,1.);
#3374 = DIRECTION('',(1.,0.,1.110223024625E-16));
#3375 = PCURVE('',#3234,#3376);
#3376 = DEFINITIONAL_REPRESENTATION('',(#3377),#3381);
#3377 = LINE('',#3378,#3379);
#3378 = CARTESIAN_POINT('',(6.28318530718,-0.));
#3379 = VECTOR('',#3380,1.);
#3380 = DIRECTION('',(0.,1.));
#3381 = ( GEOMETRIC_REPRESENTATION_CONTEXT(2) 
PARAMETRIC_REPRESENTATION_CONTEXT() REPRESENTATION_CONTEXT('2D SPACE',''
  ) );
#3382 = PCURVE('',#3234,#3383);
#3383 = DEFINITIONAL_REPRESENTATION('',(#3384),#3388);
#3384 = LINE('',#3385,#3386);
#3385 = CARTESIAN_POINT('',(0.,-0.));
#3386 = VECTOR('',#3387,1.);
#3387 = DIRECTION('',(0.,1.));
#3388 = ( GEOMETRIC_REPRESENTATION_CONTEXT(2) 
PARAMETRIC_REPRESENTATION_CONTEXT() REPRESENTATION_CONTEXT('2D SPACE',''
  ) );
#3389 = ORIENTED_EDGE('',*,*,#3390,.T.);
#3390 = EDGE_CURVE('',#3368,#3368,#3391,.T.);
#3391 = SURFACE_CURVE('',#3392,(#3397,#3404),.PCURVE_S1.);
#3392 = CIRCLE('',#3393,10.);
#3393 = AXIS2_PLACEMENT_3D('',#3394,#3395,#3396);
#3394 = CARTESIAN_POINT('',(50.,0.,130.));
#3395 = DIRECTION('',(1.,-0.,1.110223024625E-16));
#3396 = DIRECTION('',(1.110223024625E-16,0.,-1.));
#3397 = PCURVE('',#3234,#3398);
#3398 = DEFINITIONAL_REPRESENTATION('',(#3399),#3403);
#3399 = LINE('',#3400,#3401);
#3400 = CARTESIAN_POINT('',(0.,0.));
#3401 = VECTOR('',#3402,1.);
#3402 = DIRECTION('',(1.,0.));
#3403 = ( GEOMETRIC_REPRESENTATION_CONTEXT(2) 
PARAMETRIC_REPRESENTATION_CONTEXT() REPRESENTATION_CONTEXT('2D SPACE',''
  ) );
#3404 = PCURVE('',#3405,#3410);
#3405 = PLANE('',#3406);
#3406 = AXIS2_PLACEMENT_3D('',#3407,#3408,#3409);
#3407 = CARTESIAN_POINT('',(50.,0.,130.));
#3408 = DIRECTION('',(1.,0.,1.110223024625E-16));
#3409 = DIRECTION('',(1.110223024625E-16,0.,-1.));
#3410 = DEFINITIONAL_REPRESENTATION('',(#3411),#3415);
#3411 = CIRCLE('',#3412,10.);
#3412 = AXIS2_PLACEMENT_2D('',#3413,#3414);
#3413 = CARTESIAN_POINT('',(0.,0.));
#3414 = DIRECTION('',(1.,0.));
#3415 = ( GEOMETRIC_REPRESENTATION_CONTEXT(2) 
PARAMETRIC_REPRESENTATION_CONTEXT() REPRESENTATION_CONTEXT('2D SPACE',''
  ) );
#3416 = ORIENTED_EDGE('',*,*,#3367,.T.);
#3417 = ORIENTED_EDGE('',*,*,#3211,.T.);
#3418 = ADVANCED_FACE('',(#3419),#3330,.T.);
#3419 = FACE_BOUND('',#3420,.T.);
#3420 = EDGE_LOOP('',(#3421,#3422));
#3421 = ORIENTED_EDGE('',*,*,#3317,.T.);
#3422 = ORIENTED_EDGE('',*,*,#3344,.T.);
#3423 = ADVANCED_FACE('',(#3424),#3405,.F.);
#3424 = FACE_BOUND('',#3425,.T.);
#3425 = EDGE_LOOP('',(#3426));
#3426 = ORIENTED_EDGE('',*,*,#3390,.F.);
#3427 = ( GEOMETRIC_REPRESENTATION_CONTEXT(3) 
GLOBAL_UNCERTAINTY_ASSIGNED_CONTEXT((#3431)) 
GLOBAL_UNIT_ASSIGNED_CONTEXT((#3428,#3429,#3430)) REPRESENTATION_CONTEXT
('Context #1','3D Context with UNIT and UNCERTAINTY') );
#3428 = ( LENGTH_UNIT() NAMED_UNIT(*) SI_UNIT(.MILLI.,.METRE.) );
#3429 = ( NAMED_UNIT(*) PLANE_ANGLE_UNIT() SI_UNIT($,.RADIAN.) );
#3430 = ( NAMED_UNIT(*) SI_UNIT($,.STERADIAN.) SOLID_ANGLE_UNIT() );
#3431 = UNCERTAINTY_MEASURE_WITH_UNIT(LENGTH_MEASURE(1.E-07),#3428,
  'distance_accuracy_value','confusion accuracy');
#3432 = CONTEXT_DEPENDENT_SHAPE_REPRESENTATION(#3433,#3435);
#3433 = ( REPRESENTATION_RELATIONSHIP('','',#3025,#10) 
REPRESENTATION_RELATIONSHIP_WITH_TRANSFORMATION(#3434) 
SHAPE_REPRESENTATION_RELATIONSHIP() );
#3434 = ITEM_DEFINED_TRANSFORMATION('','',#11,#27);
#3435 = PRODUCT_DEFINITION_SHAPE('Placement','Placement of an item',
  #3436);
#3436 = NEXT_ASSEMBLY_USAGE_OCCURRENCE('4','','',#5,#3020,$);
#3437 = PRODUCT_RELATED_PRODUCT_CATEGORY('part',$,(#3022));
ENDSEC;
END-ISO-10303-21;
