ISO-10303-21;
HEADER;
FILE_DESCRIPTION(('Open CASCADE Model'),'2;1');
FILE_NAME('Open CASCADE Shape Model','2026-03-24T19:25:21',('Author'),(
    'Open CASCADE'),'Open CASCADE STEP processor 7.7','Open CASCADE 7.7'
  ,'Unknown');
FILE_SCHEMA(('AUTOMOTIVE_DESIGN { 1 0 10303 214 1 1 1 1 }'));
ENDSEC;
DATA;
#1 = APPLICATION_PROTOCOL_DEFINITION('international standard',
  'automotive_design',2000,#2);
#2 = APPLICATION_CONTEXT(
  'core data for automotive mechanical design processes');
#3 = SHAPE_DEFINITION_REPRESENTATION(#4,#10);
#4 = PRODUCT_DEFINITION_SHAPE('','',#5);
#5 = PRODUCT_DEFINITION('design','',#6,#9);
#6 = PRODUCT_DEFINITION_FORMATION('','',#7);
#7 = PRODUCT('Open CASCADE STEP translator 7.7 1',
  'Open CASCADE STEP translator 7.7 1','',(#8));
#8 = PRODUCT_CONTEXT('',#2,'mechanical');
#9 = PRODUCT_DEFINITION_CONTEXT('part definition',#2,'design');
#10 = SHAPE_REPRESENTATION('',(#11,#15),#19);
#11 = AXIS2_PLACEMENT_3D('',#12,#13,#14);
#12 = CARTESIAN_POINT('',(0.,0.,0.));
#13 = DIRECTION('',(0.,0.,1.));
#14 = DIRECTION('',(1.,0.,-0.));
#15 = AXIS2_PLACEMENT_3D('',#16,#17,#18);
#16 = CARTESIAN_POINT('',(0.,0.,0.));
#17 = DIRECTION('',(0.,0.,1.));
#18 = DIRECTION('',(1.,0.,-0.));
#19 = ( GEOMETRIC_REPRESENTATION_CONTEXT(3) 
GLOBAL_UNCERTAINTY_ASSIGNED_CONTEXT((#23)) GLOBAL_UNIT_ASSIGNED_CONTEXT(
(#20,#21,#22)) REPRESENTATION_CONTEXT('Context #1',
  '3D Context with UNIT and UNCERTAINTY') );
#20 = ( LENGTH_UNIT() NAMED_UNIT(*) SI_UNIT(.MILLI.,.METRE.) );
#21 = ( NAMED_UNIT(*) PLANE_ANGLE_UNIT() SI_UNIT($,.RADIAN.) );
#22 = ( NAMED_UNIT(*) SI_UNIT($,.STERADIAN.) SOLID_ANGLE_UNIT() );
#23 = UNCERTAINTY_MEASURE_WITH_UNIT(LENGTH_MEASURE(1.E-07),#20,
  'distance_accuracy_value','confusion accuracy');
#24 = PRODUCT_RELATED_PRODUCT_CATEGORY('part',$,(#7));
#25 = SHAPE_DEFINITION_REPRESENTATION(#26,#32);
#26 = PRODUCT_DEFINITION_SHAPE('','',#27);
#27 = PRODUCT_DEFINITION('design','',#28,#31);
#28 = PRODUCT_DEFINITION_FORMATION('','',#29);
#29 = PRODUCT('Open CASCADE STEP translator 7.7 1.1',
  'Open CASCADE STEP translator 7.7 1.1','',(#30));
#30 = PRODUCT_CONTEXT('',#2,'mechanical');
#31 = PRODUCT_DEFINITION_CONTEXT('part definition',#2,'design');
#32 = SHAPE_REPRESENTATION('',(#11,#33,#37,#41,#45),#49);
#33 = AXIS2_PLACEMENT_3D('',#34,#35,#36);
#34 = CARTESIAN_POINT('',(0.,0.,0.));
#35 = DIRECTION('',(0.,0.,1.));
#36 = DIRECTION('',(1.,0.,0.));
#37 = AXIS2_PLACEMENT_3D('',#38,#39,#40);
#38 = CARTESIAN_POINT('',(0.,0.,0.));
#39 = DIRECTION('',(0.,0.,1.));
#40 = DIRECTION('',(1.,0.,-0.));
#41 = AXIS2_PLACEMENT_3D('',#42,#43,#44);
#42 = CARTESIAN_POINT('',(0.,0.,0.));
#43 = DIRECTION('',(0.,0.,1.));
#44 = DIRECTION('',(1.,0.,0.));
#45 = AXIS2_PLACEMENT_3D('',#46,#47,#48);
#46 = CARTESIAN_POINT('',(0.,0.,0.));
#47 = DIRECTION('',(0.,0.,1.));
#48 = DIRECTION('',(1.,0.,-0.));
#49 = ( GEOMETRIC_REPRESENTATION_CONTEXT(3) 
GLOBAL_UNCERTAINTY_ASSIGNED_CONTEXT((#53)) GLOBAL_UNIT_ASSIGNED_CONTEXT(
(#50,#51,#52)) REPRESENTATION_CONTEXT('Context #1',
  '3D Context with UNIT and UNCERTAINTY') );
#50 = ( LENGTH_UNIT() NAMED_UNIT(*) SI_UNIT(.MILLI.,.METRE.) );
#51 = ( NAMED_UNIT(*) PLANE_ANGLE_UNIT() SI_UNIT($,.RADIAN.) );
#52 = ( NAMED_UNIT(*) SI_UNIT($,.STERADIAN.) SOLID_ANGLE_UNIT() );
#53 = UNCERTAINTY_MEASURE_WITH_UNIT(LENGTH_MEASURE(1.E-07),#50,
  'distance_accuracy_value','confusion accuracy');
#54 = CONTEXT_DEPENDENT_SHAPE_REPRESENTATION(#55,#57);
#55 = ( REPRESENTATION_RELATIONSHIP('','',#32,#10) 
REPRESENTATION_RELATIONSHIP_WITH_TRANSFORMATION(#56) 
SHAPE_REPRESENTATION_RELATIONSHIP() );
#56 = ITEM_DEFINED_TRANSFORMATION('','',#11,#15);
#57 = PRODUCT_DEFINITION_SHAPE('Placement','Placement of an item',#58);
#58 = NEXT_ASSEMBLY_USAGE_OCCURRENCE('5','','',#5,#27,$);
#59 = PRODUCT_RELATED_PRODUCT_CATEGORY('part',$,(#29));
#60 = SHAPE_DEFINITION_REPRESENTATION(#61,#67);
#61 = PRODUCT_DEFINITION_SHAPE('','',#62);
#62 = PRODUCT_DEFINITION('design','',#63,#66);
#63 = PRODUCT_DEFINITION_FORMATION('','',#64);
#64 = PRODUCT('Open CASCADE STEP translator 7.7 1.1.1',
  'Open CASCADE STEP translator 7.7 1.1.1','',(#65));
#65 = PRODUCT_CONTEXT('',#2,'mechanical');
#66 = PRODUCT_DEFINITION_CONTEXT('part definition',#2,'design');
#67 = ADVANCED_BREP_SHAPE_REPRESENTATION('',(#11,#68),#166);
#68 = MANIFOLD_SOLID_BREP('',#69);
#69 = CLOSED_SHELL('',(#70,#158,#162));
#70 = ADVANCED_FACE('',(#71),#84,.T.);
#71 = FACE_BOUND('',#72,.T.);
#72 = EDGE_LOOP('',(#73,#107,#130,#157));
#73 = ORIENTED_EDGE('',*,*,#74,.F.);
#74 = EDGE_CURVE('',#75,#75,#77,.T.);
#75 = VERTEX_POINT('',#76);
#76 = CARTESIAN_POINT('',(139.,-9.797174393179E-16,25.));
#77 = SURFACE_CURVE('',#78,(#83,#95),.PCURVE_S1.);
#78 = CIRCLE('',#79,4.);
#79 = AXIS2_PLACEMENT_3D('',#80,#81,#82);
#80 = CARTESIAN_POINT('',(135.,0.,25.));
#81 = DIRECTION('',(0.,0.,1.));
#82 = DIRECTION('',(1.,0.,0.));
#83 = PCURVE('',#84,#89);
#84 = CYLINDRICAL_SURFACE('',#85,4.);
#85 = AXIS2_PLACEMENT_3D('',#86,#87,#88);
#86 = CARTESIAN_POINT('',(135.,0.,-25.));
#87 = DIRECTION('',(0.,0.,1.));
#88 = DIRECTION('',(1.,0.,0.));
#89 = DEFINITIONAL_REPRESENTATION('',(#90),#94);
#90 = LINE('',#91,#92);
#91 = CARTESIAN_POINT('',(0.,50.));
#92 = VECTOR('',#93,1.);
#93 = DIRECTION('',(1.,0.));
#94 = ( GEOMETRIC_REPRESENTATION_CONTEXT(2) 
PARAMETRIC_REPRESENTATION_CONTEXT() REPRESENTATION_CONTEXT('2D SPACE',''
  ) );
#95 = PCURVE('',#96,#101);
#96 = PLANE('',#97);
#97 = AXIS2_PLACEMENT_3D('',#98,#99,#100);
#98 = CARTESIAN_POINT('',(135.,0.,25.));
#99 = DIRECTION('',(0.,0.,1.));
#100 = DIRECTION('',(1.,0.,0.));
#101 = DEFINITIONAL_REPRESENTATION('',(#102),#106);
#102 = CIRCLE('',#103,4.);
#103 = AXIS2_PLACEMENT_2D('',#104,#105);
#104 = CARTESIAN_POINT('',(0.,0.));
#105 = DIRECTION('',(1.,0.));
#106 = ( GEOMETRIC_REPRESENTATION_CONTEXT(2) 
PARAMETRIC_REPRESENTATION_CONTEXT() REPRESENTATION_CONTEXT('2D SPACE',''
  ) );
#107 = ORIENTED_EDGE('',*,*,#108,.F.);
#108 = EDGE_CURVE('',#109,#75,#111,.T.);
#109 = VERTEX_POINT('',#110);
#110 = CARTESIAN_POINT('',(139.,-9.797174393179E-16,-25.));
#111 = SEAM_CURVE('',#112,(#116,#123),.PCURVE_S1.);
#112 = LINE('',#113,#114);
#113 = CARTESIAN_POINT('',(139.,-9.797174393179E-16,-25.));
#114 = VECTOR('',#115,1.);
#115 = DIRECTION('',(0.,0.,1.));
#116 = PCURVE('',#84,#117);
#117 = DEFINITIONAL_REPRESENTATION('',(#118),#122);
#118 = LINE('',#119,#120);
#119 = CARTESIAN_POINT('',(6.28318530718,-0.));
#120 = VECTOR('',#121,1.);
#121 = DIRECTION('',(0.,1.));
#122 = ( GEOMETRIC_REPRESENTATION_CONTEXT(2) 
PARAMETRIC_REPRESENTATION_CONTEXT() REPRESENTATION_CONTEXT('2D SPACE',''
  ) );
#123 = PCURVE('',#84,#124);
#124 = DEFINITIONAL_REPRESENTATION('',(#125),#129);
#125 = LINE('',#126,#127);
#126 = CARTESIAN_POINT('',(0.,-0.));
#127 = VECTOR('',#128,1.);
#128 = DIRECTION('',(0.,1.));
#129 = ( GEOMETRIC_REPRESENTATION_CONTEXT(2) 
PARAMETRIC_REPRESENTATION_CONTEXT() REPRESENTATION_CONTEXT('2D SPACE',''
  ) );
#130 = ORIENTED_EDGE('',*,*,#131,.T.);
#131 = EDGE_CURVE('',#109,#109,#132,.T.);
#132 = SURFACE_CURVE('',#133,(#138,#145),.PCURVE_S1.);
#133 = CIRCLE('',#134,4.);
#134 = AXIS2_PLACEMENT_3D('',#135,#136,#137);
#135 = CARTESIAN_POINT('',(135.,0.,-25.));
#136 = DIRECTION('',(0.,0.,1.));
#137 = DIRECTION('',(1.,0.,0.));
#138 = PCURVE('',#84,#139);
#139 = DEFINITIONAL_REPRESENTATION('',(#140),#144);
#140 = LINE('',#141,#142);
#141 = CARTESIAN_POINT('',(0.,0.));
#142 = VECTOR('',#143,1.);
#143 = DIRECTION('',(1.,0.));
#144 = ( GEOMETRIC_REPRESENTATION_CONTEXT(2) 
PARAMETRIC_REPRESENTATION_CONTEXT() REPRESENTATION_CONTEXT('2D SPACE',''
  ) );
#145 = PCURVE('',#146,#151);
#146 = PLANE('',#147);
#147 = AXIS2_PLACEMENT_3D('',#148,#149,#150);
#148 = CARTESIAN_POINT('',(135.,0.,-25.));
#149 = DIRECTION('',(0.,0.,1.));
#150 = DIRECTION('',(1.,0.,0.));
#151 = DEFINITIONAL_REPRESENTATION('',(#152),#156);
#152 = CIRCLE('',#153,4.);
#153 = AXIS2_PLACEMENT_2D('',#154,#155);
#154 = CARTESIAN_POINT('',(0.,0.));
#155 = DIRECTION('',(1.,0.));
#156 = ( GEOMETRIC_REPRESENTATION_CONTEXT(2) 
PARAMETRIC_REPRESENTATION_CONTEXT() REPRESENTATION_CONTEXT('2D SPACE',''
  ) );
#157 = ORIENTED_EDGE('',*,*,#108,.T.);
#158 = ADVANCED_FACE('',(#159),#96,.T.);
#159 = FACE_BOUND('',#160,.T.);
#160 = EDGE_LOOP('',(#161));
#161 = ORIENTED_EDGE('',*,*,#74,.T.);
#162 = ADVANCED_FACE('',(#163),#146,.F.);
#163 = FACE_BOUND('',#164,.T.);
#164 = EDGE_LOOP('',(#165));
#165 = ORIENTED_EDGE('',*,*,#131,.F.);
#166 = ( GEOMETRIC_REPRESENTATION_CONTEXT(3) 
GLOBAL_UNCERTAINTY_ASSIGNED_CONTEXT((#170)) GLOBAL_UNIT_ASSIGNED_CONTEXT
((#167,#168,#169)) REPRESENTATION_CONTEXT('Context #1',
  '3D Context with UNIT and UNCERTAINTY') );
#167 = ( LENGTH_UNIT() NAMED_UNIT(*) SI_UNIT(.MILLI.,.METRE.) );
#168 = ( NAMED_UNIT(*) PLANE_ANGLE_UNIT() SI_UNIT($,.RADIAN.) );
#169 = ( NAMED_UNIT(*) SI_UNIT($,.STERADIAN.) SOLID_ANGLE_UNIT() );
#170 = UNCERTAINTY_MEASURE_WITH_UNIT(LENGTH_MEASURE(1.E-07),#167,
  'distance_accuracy_value','confusion accuracy');
#171 = CONTEXT_DEPENDENT_SHAPE_REPRESENTATION(#172,#174);
#172 = ( REPRESENTATION_RELATIONSHIP('','',#67,#32) 
REPRESENTATION_RELATIONSHIP_WITH_TRANSFORMATION(#173) 
SHAPE_REPRESENTATION_RELATIONSHIP() );
#173 = ITEM_DEFINED_TRANSFORMATION('','',#11,#33);
#174 = PRODUCT_DEFINITION_SHAPE('Placement','Placement of an item',#175
  );
#175 = NEXT_ASSEMBLY_USAGE_OCCURRENCE('1','','',#27,#62,$);
#176 = PRODUCT_RELATED_PRODUCT_CATEGORY('part',$,(#64));
#177 = SHAPE_DEFINITION_REPRESENTATION(#178,#184);
#178 = PRODUCT_DEFINITION_SHAPE('','',#179);
#179 = PRODUCT_DEFINITION('design','',#180,#183);
#180 = PRODUCT_DEFINITION_FORMATION('','',#181);
#181 = PRODUCT('Open CASCADE STEP translator 7.7 1.1.2',
  'Open CASCADE STEP translator 7.7 1.1.2','',(#182));
#182 = PRODUCT_CONTEXT('',#2,'mechanical');
#183 = PRODUCT_DEFINITION_CONTEXT('part definition',#2,'design');
#184 = ADVANCED_BREP_SHAPE_REPRESENTATION('',(#11,#185),#1869);
#185 = MANIFOLD_SOLID_BREP('',#186);
#186 = CLOSED_SHELL('',(#187,#501,#524,#658,#766,#771,#824,#875,#951,
    #1011,#1071,#1145,#1198,#1251,#1327,#1357,#1411,#1441,#1495,#1571,
    #1598,#1623,#1694,#1725,#1753,#1784,#1812,#1857,#1863));
#187 = ADVANCED_FACE('',(#188),#203,.T.);
#188 = FACE_BOUND('',#189,.T.);
#189 = EDGE_LOOP('',(#190,#226,#323,#355,#384,#411));
#190 = ORIENTED_EDGE('',*,*,#191,.F.);
#191 = EDGE_CURVE('',#192,#194,#196,.T.);
#192 = VERTEX_POINT('',#193);
#193 = CARTESIAN_POINT('',(170.66987298107,0.894505661493,10.));
#194 = VERTEX_POINT('',#195);
#195 = CARTESIAN_POINT('',(170.66987298107,-0.894505661493,10.));
#196 = SURFACE_CURVE('',#197,(#202,#214),.PCURVE_S1.);
#197 = CIRCLE('',#198,5.74);
#198 = AXIS2_PLACEMENT_3D('',#199,#200,#201);
#199 = CARTESIAN_POINT('',(165.,0.,10.));
#200 = DIRECTION('',(0.,0.,1.));
#201 = DIRECTION('',(1.,0.,-0.));
#202 = PCURVE('',#203,#208);
#203 = CONICAL_SURFACE('',#204,6.,2.599414370846E-02);
#204 = AXIS2_PLACEMENT_3D('',#205,#206,#207);
#205 = CARTESIAN_POINT('',(165.,0.,0.));
#206 = DIRECTION('',(-0.,-0.,-1.));
#207 = DIRECTION('',(1.,0.,-0.));
#208 = DEFINITIONAL_REPRESENTATION('',(#209),#213);
#209 = LINE('',#210,#211);
#210 = CARTESIAN_POINT('',(-0.,-10.));
#211 = VECTOR('',#212,1.);
#212 = DIRECTION('',(-1.,-0.));
#213 = ( GEOMETRIC_REPRESENTATION_CONTEXT(2) 
PARAMETRIC_REPRESENTATION_CONTEXT() REPRESENTATION_CONTEXT('2D SPACE',''
  ) );
#214 = PCURVE('',#215,#220);
#215 = PLANE('',#216);
#216 = AXIS2_PLACEMENT_3D('',#217,#218,#219);
#217 = CARTESIAN_POINT('',(165.,0.,10.));
#218 = DIRECTION('',(0.,0.,1.));
#219 = DIRECTION('',(1.,0.,-0.));
#220 = DEFINITIONAL_REPRESENTATION('',(#221),#225);
#221 = CIRCLE('',#222,5.74);
#222 = AXIS2_PLACEMENT_2D('',#223,#224);
#223 = CARTESIAN_POINT('',(0.,0.));
#224 = DIRECTION('',(1.,0.));
#225 = ( GEOMETRIC_REPRESENTATION_CONTEXT(2) 
PARAMETRIC_REPRESENTATION_CONTEXT() REPRESENTATION_CONTEXT('2D SPACE',''
  ) );
#226 = ORIENTED_EDGE('',*,*,#227,.F.);
#227 = EDGE_CURVE('',#228,#192,#230,.T.);
#228 = VERTEX_POINT('',#229);
#229 = CARTESIAN_POINT('',(170.,2.949241427893,7.5));
#230 = SURFACE_CURVE('',#231,(#258,#288),.PCURVE_S1.);
#231 = B_SPLINE_CURVE_WITH_KNOTS('',5,(#232,#233,#234,#235,#236,#237,
    #238,#239,#240,#241,#242,#243,#244,#245,#246,#247,#248,#249,#250,
    #251,#252,#253,#254,#255,#256,#257),.UNSPECIFIED.,.F.,.F.,(6,4,4,4,4
    ,4,6),(0.,1.913081728366E-02,0.249739495257,0.464225684758,
    0.689166771466,0.793520399027,1.),.UNSPECIFIED.);
#232 = CARTESIAN_POINT('',(170.,2.949241427894,7.5));
#233 = CARTESIAN_POINT('',(170.,2.948554645765,7.513420037806));
#234 = CARTESIAN_POINT('',(170.00004502435,2.947791581948,7.526836192775
    ));
#235 = CARTESIAN_POINT('',(170.00013502095,2.946952270692,7.54024778463)
  );
#236 = CARTESIAN_POINT('',(170.00026992351,2.94603674379,7.55365413327)
  );
#237 = CARTESIAN_POINT('',(170.00261614851,2.933090618632,7.728587354856
    ));
#238 = CARTESIAN_POINT('',(170.01129590755,2.91006525269,7.889257680373)
  );
#239 = CARTESIAN_POINT('',(170.02634878723,2.87602456704,8.04788746965)
  );
#240 = CARTESIAN_POINT('',(170.04733538785,2.830951523808,8.203248216193
    ));
#241 = CARTESIAN_POINT('',(170.09781854492,2.722875455638,8.49443361054)
  );
#242 = CARTESIAN_POINT('',(170.12661822844,2.66134459977,8.630870324613)
  );
#243 = CARTESIAN_POINT('',(170.15927344802,2.590470740605,8.762401999326
    ));
#244 = CARTESIAN_POINT('',(170.19491255224,2.510471322586,8.888055057191
    ));
#245 = CARTESIAN_POINT('',(170.27194389679,2.328959128962,9.131748084123
    ));
#246 = CARTESIAN_POINT('',(170.31353970374,2.226571853699,9.249140705389
    ));
#247 = CARTESIAN_POINT('',(170.35611532927,2.115332003363,9.358199832132
    ));
#248 = CARTESIAN_POINT('',(170.39838625967,1.996112748572,9.458338033595
    ));
#249 = CARTESIAN_POINT('',(170.45819557502,1.811501978969,9.591447143278
    ));
#250 = CARTESIAN_POINT('',(170.47684581692,1.75151227371,9.631649833492)
  );
#251 = CARTESIAN_POINT('',(170.4950828976,1.690140140333,9.669846424714)
  );
#252 = CARTESIAN_POINT('',(170.51280657388,1.627492571412,9.706027105006
    ));
#253 = CARTESIAN_POINT('',(170.56380723169,1.437404904585,9.807793623611
    ));
#254 = CARTESIAN_POINT('',(170.5953300466,1.306559250297,9.867502814348)
  );
#255 = CARTESIAN_POINT('',(170.62381388257,1.17195457827,9.919331690802)
  );
#256 = CARTESIAN_POINT('',(170.64876859489,1.034375640855,9.963446130874
    ));
#257 = CARTESIAN_POINT('',(170.66987298107,0.894505661493,10.));
#258 = PCURVE('',#203,#259);
#259 = DEFINITIONAL_REPRESENTATION('',(#260),#287);
#260 = B_SPLINE_CURVE_WITH_KNOTS('',5,(#261,#262,#263,#264,#265,#266,
    #267,#268,#269,#270,#271,#272,#273,#274,#275,#276,#277,#278,#279,
    #280,#281,#282,#283,#284,#285,#286),.UNSPECIFIED.,.F.,.F.,(6,4,4,4,4
    ,4,6),(0.,1.913081728366E-02,0.249739495257,0.464225684758,
    0.689166771466,0.793520399027,1.),.UNSPECIFIED.);
#261 = CARTESIAN_POINT('',(-0.532921563263,-7.5));
#262 = CARTESIAN_POINT('',(-0.532819660833,-7.513420037806));
#263 = CARTESIAN_POINT('',(-0.53270248415,-7.526836192775));
#264 = CARTESIAN_POINT('',(-0.532570038274,-7.54024778463));
#265 = CARTESIAN_POINT('',(-0.532422329146,-7.55365413327));
#266 = CARTESIAN_POINT('',(-0.530294927325,-7.728587354856));
#267 = CARTESIAN_POINT('',(-0.526113591106,-7.889257680373));
#268 = CARTESIAN_POINT('',(-0.519727674086,-8.04788746965));
#269 = CARTESIAN_POINT('',(-0.511165927971,-8.203248216193));
#270 = CARTESIAN_POINT('',(-0.490579886566,-8.49443361054));
#271 = CARTESIAN_POINT('',(-0.478839165659,-8.630870324613));
#272 = CARTESIAN_POINT('',(-0.46533854199,-8.762401999326));
#273 = CARTESIAN_POINT('',(-0.450173186145,-8.888055057191));
#274 = CARTESIAN_POINT('',(-0.41599250641,-9.131748084123));
#275 = CARTESIAN_POINT('',(-0.396822432621,-9.249140705389));
#276 = CARTESIAN_POINT('',(-0.37615039364,-9.358199832132));
#277 = CARTESIAN_POINT('',(-0.35418322953,-9.458338033595));
#278 = CARTESIAN_POINT('',(-0.320449562366,-9.591447143278));
#279 = CARTESIAN_POINT('',(-0.309527000477,-9.631649833492));
#280 = CARTESIAN_POINT('',(-0.298393117536,-9.669846424714));
#281 = CARTESIAN_POINT('',(-0.287068310481,-9.706027105006));
#282 = CARTESIAN_POINT('',(-0.252824158423,-9.807793623611));
#283 = CARTESIAN_POINT('',(-0.229404675072,-9.867502814348));
#284 = CARTESIAN_POINT('',(-0.205460762802,-9.919331690802));
#285 = CARTESIAN_POINT('',(-0.181117832558,-9.963446130874));
#286 = CARTESIAN_POINT('',(-0.156474975119,-10.));
#287 = ( GEOMETRIC_REPRESENTATION_CONTEXT(2) 
PARAMETRIC_REPRESENTATION_CONTEXT() REPRESENTATION_CONTEXT('2D SPACE',''
  ) );
#288 = PCURVE('',#289,#294);
#289 = CYLINDRICAL_SURFACE('',#290,5.);
#290 = AXIS2_PLACEMENT_3D('',#291,#292,#293);
#291 = CARTESIAN_POINT('',(175.,-20.,7.5));
#292 = DIRECTION('',(0.,1.,0.));
#293 = DIRECTION('',(-1.,0.,0.));
#294 = DEFINITIONAL_REPRESENTATION('',(#295),#322);
#295 = B_SPLINE_CURVE_WITH_KNOTS('',5,(#296,#297,#298,#299,#300,#301,
    #302,#303,#304,#305,#306,#307,#308,#309,#310,#311,#312,#313,#314,
    #315,#316,#317,#318,#319,#320,#321),.UNSPECIFIED.,.F.,.F.,(6,4,4,4,4
    ,4,6),(0.,1.913081728366E-02,0.249739495257,0.464225684758,
    0.689166771466,0.793520399027,1.),.UNSPECIFIED.);
#296 = CARTESIAN_POINT('',(0.,22.949241427894));
#297 = CARTESIAN_POINT('',(2.684007561247E-03,22.948554645765));
#298 = CARTESIAN_POINT('',(5.367238550525E-03,22.947791581948));
#299 = CARTESIAN_POINT('',(8.049597212451E-03,22.946952270692));
#300 = CARTESIAN_POINT('',(1.07309876417E-02,22.94603674379));
#301 = CARTESIAN_POINT('',(4.572077860207E-02,22.933090618632));
#302 = CARTESIAN_POINT('',(7.787523411417E-02,22.91006525269));
#303 = CARTESIAN_POINT('',(0.109708976358,22.87602456704));
#304 = CARTESIAN_POINT('',(0.141041417533,22.830951523808));
#305 = CARTESIAN_POINT('',(0.200147249066,22.722875455638));
#306 = CARTESIAN_POINT('',(0.228017399298,22.66134459977));
#307 = CARTESIAN_POINT('',(0.25510105975,22.590470740605));
#308 = CARTESIAN_POINT('',(0.281211407333,22.510471322586));
#309 = CARTESIAN_POINT('',(0.33232700942,22.328959128962));
#310 = CARTESIAN_POINT('',(0.357221027273,22.226571853699));
#311 = CARTESIAN_POINT('',(0.380622780497,22.115332003363));
#312 = CARTESIAN_POINT('',(0.402356088865,21.996112748572));
#313 = CARTESIAN_POINT('',(0.431541831469,21.811501978969));
#314 = CARTESIAN_POINT('',(0.440404792137,21.75151227371));
#315 = CARTESIAN_POINT('',(0.448869562957,21.690140140333));
#316 = CARTESIAN_POINT('',(0.456926950081,21.627492571412));
#317 = CARTESIAN_POINT('',(0.479693145552,21.437404904585));
#318 = CARTESIAN_POINT('',(0.493194013923,21.306559250297));
#319 = CARTESIAN_POINT('',(0.505020712119,21.17195457827));
#320 = CARTESIAN_POINT('',(0.515157021126,21.034375640855));
#321 = CARTESIAN_POINT('',(0.523598775598,20.894505661493));
#322 = ( GEOMETRIC_REPRESENTATION_CONTEXT(2) 
PARAMETRIC_REPRESENTATION_CONTEXT() REPRESENTATION_CONTEXT('2D SPACE',''
  ) );
#323 = ORIENTED_EDGE('',*,*,#324,.T.);
#324 = EDGE_CURVE('',#228,#325,#327,.T.);
#325 = VERTEX_POINT('',#326);
#326 = CARTESIAN_POINT('',(170.,3.316624790355,0.));
#327 = SURFACE_CURVE('',#328,(#333,#343),.PCURVE_S1.);
#328 = HYPERBOLA('',#329,192.30769230769,5.);
#329 = AXIS2_PLACEMENT_3D('',#330,#331,#332);
#330 = CARTESIAN_POINT('',(170.,0.,230.76923076923));
#331 = DIRECTION('',(1.,0.,0.));
#332 = DIRECTION('',(0.,0.,-1.));
#333 = PCURVE('',#203,#334);
#334 = DEFINITIONAL_REPRESENTATION('',(#335),#342);
#335 = B_SPLINE_CURVE_WITH_KNOTS('',5,(#336,#337,#338,#339,#340,#341),
  .UNSPECIFIED.,.F.,.F.,(6,6),(0.546700348395,0.622362503715),
  .PIECEWISE_BEZIER_KNOTS.);
#336 = CARTESIAN_POINT('',(-0.521340621283,-8.999999999998));
#337 = CARTESIAN_POINT('',(-0.53446274326,-7.328613350892));
#338 = CARTESIAN_POINT('',(-0.54746124501,-5.593747902618));
#339 = CARTESIAN_POINT('',(-0.560332971688,-3.794606289202));
#340 = CARTESIAN_POINT('',(-0.573075184237,-1.930330615575));
#341 = CARTESIAN_POINT('',(-0.585685543457,-2.840250933409E-14));
#342 = ( GEOMETRIC_REPRESENTATION_CONTEXT(2) 
PARAMETRIC_REPRESENTATION_CONTEXT() REPRESENTATION_CONTEXT('2D SPACE',''
  ) );
#343 = PCURVE('',#344,#349);
#344 = PLANE('',#345);
#345 = AXIS2_PLACEMENT_3D('',#346,#347,#348);
#346 = CARTESIAN_POINT('',(170.,-20.,-12.5));
#347 = DIRECTION('',(1.,0.,0.));
#348 = DIRECTION('',(0.,0.,1.));
#349 = DEFINITIONAL_REPRESENTATION('',(#350),#354);
#350 = ( BOUNDED_CURVE() B_SPLINE_CURVE(2,(#351,#352,#353),
.UNSPECIFIED.,.F.,.F.) B_SPLINE_CURVE_WITH_KNOTS((3,3),(0.546700348395,
0.622362503715),.PIECEWISE_BEZIER_KNOTS.) CURVE() 
GEOMETRIC_REPRESENTATION_ITEM() RATIONAL_B_SPLINE_CURVE((1.,
1.000715680569,1.)) REPRESENTATION_ITEM('') );
#351 = CARTESIAN_POINT('',(21.499999999998,-22.87171655983));
#352 = CARTESIAN_POINT('',(17.323525630547,-23.08974654939));
#353 = CARTESIAN_POINT('',(12.5,-23.31662479035));
#354 = ( GEOMETRIC_REPRESENTATION_CONTEXT(2) 
PARAMETRIC_REPRESENTATION_CONTEXT() REPRESENTATION_CONTEXT('2D SPACE',''
  ) );
#355 = ORIENTED_EDGE('',*,*,#356,.T.);
#356 = EDGE_CURVE('',#325,#357,#359,.T.);
#357 = VERTEX_POINT('',#358);
#358 = CARTESIAN_POINT('',(170.,-3.316624790355,0.));
#359 = SURFACE_CURVE('',#360,(#365,#372),.PCURVE_S1.);
#360 = CIRCLE('',#361,6.);
#361 = AXIS2_PLACEMENT_3D('',#362,#363,#364);
#362 = CARTESIAN_POINT('',(165.,0.,0.));
#363 = DIRECTION('',(0.,0.,1.));
#364 = DIRECTION('',(1.,0.,-0.));
#365 = PCURVE('',#203,#366);
#366 = DEFINITIONAL_REPRESENTATION('',(#367),#371);
#367 = LINE('',#368,#369);
#368 = CARTESIAN_POINT('',(-0.,-0.));
#369 = VECTOR('',#370,1.);
#370 = DIRECTION('',(-1.,-0.));
#371 = ( GEOMETRIC_REPRESENTATION_CONTEXT(2) 
PARAMETRIC_REPRESENTATION_CONTEXT() REPRESENTATION_CONTEXT('2D SPACE',''
  ) );
#372 = PCURVE('',#373,#378);
#373 = PLANE('',#374);
#374 = AXIS2_PLACEMENT_3D('',#375,#376,#377);
#375 = CARTESIAN_POINT('',(165.,0.,0.));
#376 = DIRECTION('',(0.,0.,1.));
#377 = DIRECTION('',(1.,0.,-0.));
#378 = DEFINITIONAL_REPRESENTATION('',(#379),#383);
#379 = CIRCLE('',#380,6.);
#380 = AXIS2_PLACEMENT_2D('',#381,#382);
#381 = CARTESIAN_POINT('',(0.,0.));
#382 = DIRECTION('',(1.,0.));
#383 = ( GEOMETRIC_REPRESENTATION_CONTEXT(2) 
PARAMETRIC_REPRESENTATION_CONTEXT() REPRESENTATION_CONTEXT('2D SPACE',''
  ) );
#384 = ORIENTED_EDGE('',*,*,#385,.T.);
#385 = EDGE_CURVE('',#357,#386,#388,.T.);
#386 = VERTEX_POINT('',#387);
#387 = CARTESIAN_POINT('',(170.,-2.949241427893,7.5));
#388 = SURFACE_CURVE('',#389,(#394,#404),.PCURVE_S1.);
#389 = HYPERBOLA('',#390,192.30769230769,5.);
#390 = AXIS2_PLACEMENT_3D('',#391,#392,#393);
#391 = CARTESIAN_POINT('',(170.,0.,230.76923076923));
#392 = DIRECTION('',(1.,0.,0.));
#393 = DIRECTION('',(0.,0.,-1.));
#394 = PCURVE('',#203,#395);
#395 = DEFINITIONAL_REPRESENTATION('',(#396),#403);
#396 = B_SPLINE_CURVE_WITH_KNOTS('',5,(#397,#398,#399,#400,#401,#402),
  .UNSPECIFIED.,.F.,.F.,(6,6),(-0.622362503715,-0.546700348395),
  .PIECEWISE_BEZIER_KNOTS.);
#397 = CARTESIAN_POINT('',(-5.697499763722,2.844866341176E-14));
#398 = CARTESIAN_POINT('',(-5.710110122942,-1.930330615575));
#399 = CARTESIAN_POINT('',(-5.722852335491,-3.794606289202));
#400 = CARTESIAN_POINT('',(-5.73572406217,-5.593747902618));
#401 = CARTESIAN_POINT('',(-5.74872256392,-7.328613350892));
#402 = CARTESIAN_POINT('',(-5.761844685897,-8.999999999998));
#403 = ( GEOMETRIC_REPRESENTATION_CONTEXT(2) 
PARAMETRIC_REPRESENTATION_CONTEXT() REPRESENTATION_CONTEXT('2D SPACE',''
  ) );
#404 = PCURVE('',#344,#405);
#405 = DEFINITIONAL_REPRESENTATION('',(#406),#410);
#406 = ( BOUNDED_CURVE() B_SPLINE_CURVE(2,(#407,#408,#409),
.UNSPECIFIED.,.F.,.F.) B_SPLINE_CURVE_WITH_KNOTS((3,3),(-0.622362503715,
-0.546700348395),.PIECEWISE_BEZIER_KNOTS.) CURVE() 
GEOMETRIC_REPRESENTATION_ITEM() RATIONAL_B_SPLINE_CURVE((1.,
1.000715680569,1.)) REPRESENTATION_ITEM('') );
#407 = CARTESIAN_POINT('',(12.5,-16.68337520964));
#408 = CARTESIAN_POINT('',(17.323525630547,-16.9102534506));
#409 = CARTESIAN_POINT('',(21.499999999998,-17.12828344017));
#410 = ( GEOMETRIC_REPRESENTATION_CONTEXT(2) 
PARAMETRIC_REPRESENTATION_CONTEXT() REPRESENTATION_CONTEXT('2D SPACE',''
  ) );
#411 = ORIENTED_EDGE('',*,*,#412,.T.);
#412 = EDGE_CURVE('',#386,#194,#413,.T.);
#413 = SURFACE_CURVE('',#414,(#441,#471),.PCURVE_S1.);
#414 = B_SPLINE_CURVE_WITH_KNOTS('',5,(#415,#416,#417,#418,#419,#420,
    #421,#422,#423,#424,#425,#426,#427,#428,#429,#430,#431,#432,#433,
    #434,#435,#436,#437,#438,#439,#440),.UNSPECIFIED.,.F.,.F.,(6,4,4,4,4
    ,4,6),(0.,1.913081728366E-02,0.249739495257,0.464225684758,
    0.689166771466,0.793520399027,1.),.UNSPECIFIED.);
#415 = CARTESIAN_POINT('',(170.,-2.949241427894,7.5));
#416 = CARTESIAN_POINT('',(170.,-2.948554645765,7.513420037806));
#417 = CARTESIAN_POINT('',(170.00004502435,-2.947791581948,
    7.526836192775));
#418 = CARTESIAN_POINT('',(170.00013502095,-2.946952270692,7.54024778463
    ));
#419 = CARTESIAN_POINT('',(170.00026992351,-2.94603674379,7.55365413327)
  );
#420 = CARTESIAN_POINT('',(170.00261614851,-2.933090618632,
    7.728587354856));
#421 = CARTESIAN_POINT('',(170.01129590755,-2.91006525269,7.889257680373
    ));
#422 = CARTESIAN_POINT('',(170.02634878723,-2.87602456704,8.04788746965)
  );
#423 = CARTESIAN_POINT('',(170.04733538785,-2.830951523808,
    8.203248216193));
#424 = CARTESIAN_POINT('',(170.09781854492,-2.722875455638,8.49443361054
    ));
#425 = CARTESIAN_POINT('',(170.12661822844,-2.66134459977,8.630870324613
    ));
#426 = CARTESIAN_POINT('',(170.15927344802,-2.590470740605,
    8.762401999326));
#427 = CARTESIAN_POINT('',(170.19491255224,-2.510471322586,
    8.888055057191));
#428 = CARTESIAN_POINT('',(170.27194389679,-2.328959128962,
    9.131748084123));
#429 = CARTESIAN_POINT('',(170.31353970374,-2.226571853699,
    9.249140705389));
#430 = CARTESIAN_POINT('',(170.35611532927,-2.115332003363,
    9.358199832132));
#431 = CARTESIAN_POINT('',(170.39838625967,-1.996112748572,
    9.458338033595));
#432 = CARTESIAN_POINT('',(170.45819557502,-1.811501978969,
    9.591447143278));
#433 = CARTESIAN_POINT('',(170.47684581692,-1.75151227371,9.631649833492
    ));
#434 = CARTESIAN_POINT('',(170.4950828976,-1.690140140333,9.669846424714
    ));
#435 = CARTESIAN_POINT('',(170.51280657388,-1.627492571412,
    9.706027105006));
#436 = CARTESIAN_POINT('',(170.56380723169,-1.437404904585,
    9.807793623611));
#437 = CARTESIAN_POINT('',(170.5953300466,-1.306559250297,9.867502814348
    ));
#438 = CARTESIAN_POINT('',(170.62381388257,-1.17195457827,9.919331690802
    ));
#439 = CARTESIAN_POINT('',(170.64876859489,-1.034375640855,
    9.963446130874));
#440 = CARTESIAN_POINT('',(170.66987298107,-0.894505661493,10.));
#441 = PCURVE('',#203,#442);
#442 = DEFINITIONAL_REPRESENTATION('',(#443),#470);
#443 = B_SPLINE_CURVE_WITH_KNOTS('',5,(#444,#445,#446,#447,#448,#449,
    #450,#451,#452,#453,#454,#455,#456,#457,#458,#459,#460,#461,#462,
    #463,#464,#465,#466,#467,#468,#469),.UNSPECIFIED.,.F.,.F.,(6,4,4,4,4
    ,4,6),(0.,1.913081728366E-02,0.249739495257,0.464225684758,
    0.689166771466,0.793520399027,1.),.UNSPECIFIED.);
#444 = CARTESIAN_POINT('',(-5.750263743916,-7.5));
#445 = CARTESIAN_POINT('',(-5.750365646346,-7.513420037806));
#446 = CARTESIAN_POINT('',(-5.750482823029,-7.526836192775));
#447 = CARTESIAN_POINT('',(-5.750615268905,-7.54024778463));
#448 = CARTESIAN_POINT('',(-5.750762978034,-7.55365413327));
#449 = CARTESIAN_POINT('',(-5.752890379855,-7.728587354856));
#450 = CARTESIAN_POINT('',(-5.757071716074,-7.889257680373));
#451 = CARTESIAN_POINT('',(-5.763457633093,-8.04788746965));
#452 = CARTESIAN_POINT('',(-5.772019379209,-8.203248216193));
#453 = CARTESIAN_POINT('',(-5.792605420613,-8.49443361054));
#454 = CARTESIAN_POINT('',(-5.804346141521,-8.630870324613));
#455 = CARTESIAN_POINT('',(-5.817846765189,-8.762401999326));
#456 = CARTESIAN_POINT('',(-5.833012121034,-8.888055057191));
#457 = CARTESIAN_POINT('',(-5.86719280077,-9.131748084123));
#458 = CARTESIAN_POINT('',(-5.886362874559,-9.249140705389));
#459 = CARTESIAN_POINT('',(-5.90703491354,-9.358199832132));
#460 = CARTESIAN_POINT('',(-5.929002077649,-9.458338033595));
#461 = CARTESIAN_POINT('',(-5.962735744814,-9.591447143278));
#462 = CARTESIAN_POINT('',(-5.973658306703,-9.631649833492));
#463 = CARTESIAN_POINT('',(-5.984792189643,-9.669846424714));
#464 = CARTESIAN_POINT('',(-5.996116996699,-9.706027105006));
#465 = CARTESIAN_POINT('',(-6.030361148756,-9.807793623611));
#466 = CARTESIAN_POINT('',(-6.053780632108,-9.867502814348));
#467 = CARTESIAN_POINT('',(-6.077724544378,-9.919331690802));
#468 = CARTESIAN_POINT('',(-6.102067474622,-9.963446130874));
#469 = CARTESIAN_POINT('',(-6.126710332061,-10.));
#470 = ( GEOMETRIC_REPRESENTATION_CONTEXT(2) 
PARAMETRIC_REPRESENTATION_CONTEXT() REPRESENTATION_CONTEXT('2D SPACE',''
  ) );
#471 = PCURVE('',#289,#472);
#472 = DEFINITIONAL_REPRESENTATION('',(#473),#500);
#473 = B_SPLINE_CURVE_WITH_KNOTS('',5,(#474,#475,#476,#477,#478,#479,
    #480,#481,#482,#483,#484,#485,#486,#487,#488,#489,#490,#491,#492,
    #493,#494,#495,#496,#497,#498,#499),.UNSPECIFIED.,.F.,.F.,(6,4,4,4,4
    ,4,6),(0.,1.913081728366E-02,0.249739495257,0.464225684758,
    0.689166771466,0.793520399027,1.),.UNSPECIFIED.);
#474 = CARTESIAN_POINT('',(0.,17.050758572106));
#475 = CARTESIAN_POINT('',(2.684007561247E-03,17.051445354235));
#476 = CARTESIAN_POINT('',(5.367238550525E-03,17.052208418052));
#477 = CARTESIAN_POINT('',(8.049597212451E-03,17.053047729308));
#478 = CARTESIAN_POINT('',(1.07309876417E-02,17.05396325621));
#479 = CARTESIAN_POINT('',(4.572077860207E-02,17.066909381368));
#480 = CARTESIAN_POINT('',(7.787523411416E-02,17.08993474731));
#481 = CARTESIAN_POINT('',(0.109708976358,17.12397543296));
#482 = CARTESIAN_POINT('',(0.141041417533,17.169048476192));
#483 = CARTESIAN_POINT('',(0.200147249066,17.277124544362));
#484 = CARTESIAN_POINT('',(0.228017399298,17.33865540023));
#485 = CARTESIAN_POINT('',(0.25510105975,17.409529259395));
#486 = CARTESIAN_POINT('',(0.281211407333,17.489528677414));
#487 = CARTESIAN_POINT('',(0.33232700942,17.671040871038));
#488 = CARTESIAN_POINT('',(0.357221027273,17.773428146301));
#489 = CARTESIAN_POINT('',(0.380622780497,17.884667996637));
#490 = CARTESIAN_POINT('',(0.402356088865,18.003887251428));
#491 = CARTESIAN_POINT('',(0.431541831469,18.188498021031));
#492 = CARTESIAN_POINT('',(0.440404792137,18.24848772629));
#493 = CARTESIAN_POINT('',(0.448869562957,18.309859859667));
#494 = CARTESIAN_POINT('',(0.456926950081,18.372507428588));
#495 = CARTESIAN_POINT('',(0.479693145552,18.562595095415));
#496 = CARTESIAN_POINT('',(0.493194013923,18.693440749703));
#497 = CARTESIAN_POINT('',(0.505020712119,18.82804542173));
#498 = CARTESIAN_POINT('',(0.515157021126,18.965624359145));
#499 = CARTESIAN_POINT('',(0.523598775598,19.105494338507));
#500 = ( GEOMETRIC_REPRESENTATION_CONTEXT(2) 
PARAMETRIC_REPRESENTATION_CONTEXT() REPRESENTATION_CONTEXT('2D SPACE',''
  ) );
#501 = ADVANCED_FACE('',(#502),#215,.T.);
#502 = FACE_BOUND('',#503,.T.);
#503 = EDGE_LOOP('',(#504,#523));
#504 = ORIENTED_EDGE('',*,*,#505,.T.);
#505 = EDGE_CURVE('',#194,#192,#506,.T.);
#506 = SURFACE_CURVE('',#507,(#511,#517),.PCURVE_S1.);
#507 = LINE('',#508,#509);
#508 = CARTESIAN_POINT('',(170.66987298107,-20.,10.));
#509 = VECTOR('',#510,1.);
#510 = DIRECTION('',(0.,1.,0.));
#511 = PCURVE('',#215,#512);
#512 = DEFINITIONAL_REPRESENTATION('',(#513),#516);
#513 = B_SPLINE_CURVE_WITH_KNOTS('',1,(#514,#515),.UNSPECIFIED.,.F.,.F.,
  (2,2),(13.112,26.888),.PIECEWISE_BEZIER_KNOTS.);
#514 = CARTESIAN_POINT('',(5.669872981078,-6.888));
#515 = CARTESIAN_POINT('',(5.669872981078,6.888));
#516 = ( GEOMETRIC_REPRESENTATION_CONTEXT(2) 
PARAMETRIC_REPRESENTATION_CONTEXT() REPRESENTATION_CONTEXT('2D SPACE',''
  ) );
#517 = PCURVE('',#289,#518);
#518 = DEFINITIONAL_REPRESENTATION('',(#519),#522);
#519 = B_SPLINE_CURVE_WITH_KNOTS('',1,(#520,#521),.UNSPECIFIED.,.F.,.F.,
  (2,2),(13.112,26.888),.PIECEWISE_BEZIER_KNOTS.);
#520 = CARTESIAN_POINT('',(0.523598775598,13.112));
#521 = CARTESIAN_POINT('',(0.523598775598,26.888));
#522 = ( GEOMETRIC_REPRESENTATION_CONTEXT(2) 
PARAMETRIC_REPRESENTATION_CONTEXT() REPRESENTATION_CONTEXT('2D SPACE',''
  ) );
#523 = ORIENTED_EDGE('',*,*,#191,.T.);
#524 = ADVANCED_FACE('',(#525),#289,.T.);
#525 = FACE_BOUND('',#526,.T.);
#526 = EDGE_LOOP('',(#527,#556,#584,#613,#634,#635,#636,#637));
#527 = ORIENTED_EDGE('',*,*,#528,.F.);
#528 = EDGE_CURVE('',#529,#531,#533,.T.);
#529 = VERTEX_POINT('',#530);
#530 = CARTESIAN_POINT('',(175.,-15.,12.5));
#531 = VERTEX_POINT('',#532);
#532 = CARTESIAN_POINT('',(170.,-15.,7.5));
#533 = SURFACE_CURVE('',#534,(#539,#545),.PCURVE_S1.);
#534 = CIRCLE('',#535,5.);
#535 = AXIS2_PLACEMENT_3D('',#536,#537,#538);
#536 = CARTESIAN_POINT('',(175.,-15.,7.5));
#537 = DIRECTION('',(0.,-1.,0.));
#538 = DIRECTION('',(-1.,0.,0.));
#539 = PCURVE('',#289,#540);
#540 = DEFINITIONAL_REPRESENTATION('',(#541),#544);
#541 = B_SPLINE_CURVE_WITH_KNOTS('',1,(#542,#543),.UNSPECIFIED.,.F.,.F.,
  (2,2),(4.712388980385,6.28318530718),.PIECEWISE_BEZIER_KNOTS.);
#542 = CARTESIAN_POINT('',(1.570796326795,5.));
#543 = CARTESIAN_POINT('',(0.,5.));
#544 = ( GEOMETRIC_REPRESENTATION_CONTEXT(2) 
PARAMETRIC_REPRESENTATION_CONTEXT() REPRESENTATION_CONTEXT('2D SPACE',''
  ) );
#545 = PCURVE('',#546,#551);
#546 = SPHERICAL_SURFACE('',#547,5.);
#547 = AXIS2_PLACEMENT_3D('',#548,#549,#550);
#548 = CARTESIAN_POINT('',(175.,-15.,7.5));
#549 = DIRECTION('',(-0.,-0.,-1.));
#550 = DIRECTION('',(-1.,0.,0.));
#551 = DEFINITIONAL_REPRESENTATION('',(#552),#555);
#552 = B_SPLINE_CURVE_WITH_KNOTS('',1,(#553,#554),.UNSPECIFIED.,.F.,.F.,
  (2,2),(4.712388980385,6.28318530718),.PIECEWISE_BEZIER_KNOTS.);
#553 = CARTESIAN_POINT('',(0.,-1.570796326795));
#554 = CARTESIAN_POINT('',(0.,0.));
#555 = ( GEOMETRIC_REPRESENTATION_CONTEXT(2) 
PARAMETRIC_REPRESENTATION_CONTEXT() REPRESENTATION_CONTEXT('2D SPACE',''
  ) );
#556 = ORIENTED_EDGE('',*,*,#557,.T.);
#557 = EDGE_CURVE('',#529,#558,#560,.T.);
#558 = VERTEX_POINT('',#559);
#559 = CARTESIAN_POINT('',(175.,15.,12.5));
#560 = SURFACE_CURVE('',#561,(#565,#572),.PCURVE_S1.);
#561 = LINE('',#562,#563);
#562 = CARTESIAN_POINT('',(175.,-20.,12.5));
#563 = VECTOR('',#564,1.);
#564 = DIRECTION('',(0.,1.,0.));
#565 = PCURVE('',#289,#566);
#566 = DEFINITIONAL_REPRESENTATION('',(#567),#571);
#567 = LINE('',#568,#569);
#568 = CARTESIAN_POINT('',(1.570796326795,0.));
#569 = VECTOR('',#570,1.);
#570 = DIRECTION('',(0.,1.));
#571 = ( GEOMETRIC_REPRESENTATION_CONTEXT(2) 
PARAMETRIC_REPRESENTATION_CONTEXT() REPRESENTATION_CONTEXT('2D SPACE',''
  ) );
#572 = PCURVE('',#573,#578);
#573 = PLANE('',#574);
#574 = AXIS2_PLACEMENT_3D('',#575,#576,#577);
#575 = CARTESIAN_POINT('',(170.,-20.,12.5));
#576 = DIRECTION('',(0.,0.,1.));
#577 = DIRECTION('',(1.,0.,0.));
#578 = DEFINITIONAL_REPRESENTATION('',(#579),#583);
#579 = LINE('',#580,#581);
#580 = CARTESIAN_POINT('',(5.,0.));
#581 = VECTOR('',#582,1.);
#582 = DIRECTION('',(0.,1.));
#583 = ( GEOMETRIC_REPRESENTATION_CONTEXT(2) 
PARAMETRIC_REPRESENTATION_CONTEXT() REPRESENTATION_CONTEXT('2D SPACE',''
  ) );
#584 = ORIENTED_EDGE('',*,*,#585,.F.);
#585 = EDGE_CURVE('',#586,#558,#588,.T.);
#586 = VERTEX_POINT('',#587);
#587 = CARTESIAN_POINT('',(170.,15.,7.5));
#588 = SURFACE_CURVE('',#589,(#594,#601),.PCURVE_S1.);
#589 = CIRCLE('',#590,5.);
#590 = AXIS2_PLACEMENT_3D('',#591,#592,#593);
#591 = CARTESIAN_POINT('',(175.,15.,7.5));
#592 = DIRECTION('',(0.,1.,0.));
#593 = DIRECTION('',(-1.,0.,1.7763568394E-16));
#594 = PCURVE('',#289,#595);
#595 = DEFINITIONAL_REPRESENTATION('',(#596),#600);
#596 = LINE('',#597,#598);
#597 = CARTESIAN_POINT('',(0.,35.));
#598 = VECTOR('',#599,1.);
#599 = DIRECTION('',(1.,0.));
#600 = ( GEOMETRIC_REPRESENTATION_CONTEXT(2) 
PARAMETRIC_REPRESENTATION_CONTEXT() REPRESENTATION_CONTEXT('2D SPACE',''
  ) );
#601 = PCURVE('',#602,#607);
#602 = SPHERICAL_SURFACE('',#603,5.);
#603 = AXIS2_PLACEMENT_3D('',#604,#605,#606);
#604 = CARTESIAN_POINT('',(175.,15.,7.5));
#605 = DIRECTION('',(-0.,-1.,-0.));
#606 = DIRECTION('',(-1.,0.,1.7763568394E-16));
#607 = DEFINITIONAL_REPRESENTATION('',(#608),#612);
#608 = LINE('',#609,#610);
#609 = CARTESIAN_POINT('',(-0.,0.));
#610 = VECTOR('',#611,1.);
#611 = DIRECTION('',(-1.,0.));
#612 = ( GEOMETRIC_REPRESENTATION_CONTEXT(2) 
PARAMETRIC_REPRESENTATION_CONTEXT() REPRESENTATION_CONTEXT('2D SPACE',''
  ) );
#613 = ORIENTED_EDGE('',*,*,#614,.F.);
#614 = EDGE_CURVE('',#228,#586,#615,.T.);
#615 = SURFACE_CURVE('',#616,(#620,#627),.PCURVE_S1.);
#616 = LINE('',#617,#618);
#617 = CARTESIAN_POINT('',(170.,-20.,7.5));
#618 = VECTOR('',#619,1.);
#619 = DIRECTION('',(0.,1.,0.));
#620 = PCURVE('',#289,#621);
#621 = DEFINITIONAL_REPRESENTATION('',(#622),#626);
#622 = LINE('',#623,#624);
#623 = CARTESIAN_POINT('',(0.,0.));
#624 = VECTOR('',#625,1.);
#625 = DIRECTION('',(0.,1.));
#626 = ( GEOMETRIC_REPRESENTATION_CONTEXT(2) 
PARAMETRIC_REPRESENTATION_CONTEXT() REPRESENTATION_CONTEXT('2D SPACE',''
  ) );
#627 = PCURVE('',#344,#628);
#628 = DEFINITIONAL_REPRESENTATION('',(#629),#633);
#629 = LINE('',#630,#631);
#630 = CARTESIAN_POINT('',(20.,0.));
#631 = VECTOR('',#632,1.);
#632 = DIRECTION('',(0.,-1.));
#633 = ( GEOMETRIC_REPRESENTATION_CONTEXT(2) 
PARAMETRIC_REPRESENTATION_CONTEXT() REPRESENTATION_CONTEXT('2D SPACE',''
  ) );
#634 = ORIENTED_EDGE('',*,*,#227,.T.);
#635 = ORIENTED_EDGE('',*,*,#505,.F.);
#636 = ORIENTED_EDGE('',*,*,#412,.F.);
#637 = ORIENTED_EDGE('',*,*,#638,.F.);
#638 = EDGE_CURVE('',#531,#386,#639,.T.);
#639 = SURFACE_CURVE('',#640,(#644,#651),.PCURVE_S1.);
#640 = LINE('',#641,#642);
#641 = CARTESIAN_POINT('',(170.,-20.,7.5));
#642 = VECTOR('',#643,1.);
#643 = DIRECTION('',(0.,1.,0.));
#644 = PCURVE('',#289,#645);
#645 = DEFINITIONAL_REPRESENTATION('',(#646),#650);
#646 = LINE('',#647,#648);
#647 = CARTESIAN_POINT('',(0.,0.));
#648 = VECTOR('',#649,1.);
#649 = DIRECTION('',(0.,1.));
#650 = ( GEOMETRIC_REPRESENTATION_CONTEXT(2) 
PARAMETRIC_REPRESENTATION_CONTEXT() REPRESENTATION_CONTEXT('2D SPACE',''
  ) );
#651 = PCURVE('',#344,#652);
#652 = DEFINITIONAL_REPRESENTATION('',(#653),#657);
#653 = LINE('',#654,#655);
#654 = CARTESIAN_POINT('',(20.,0.));
#655 = VECTOR('',#656,1.);
#656 = DIRECTION('',(0.,-1.));
#657 = ( GEOMETRIC_REPRESENTATION_CONTEXT(2) 
PARAMETRIC_REPRESENTATION_CONTEXT() REPRESENTATION_CONTEXT('2D SPACE',''
  ) );
#658 = ADVANCED_FACE('',(#659),#344,.F.);
#659 = FACE_BOUND('',#660,.F.);
#660 = EDGE_LOOP('',(#661,#689,#717,#743,#744,#745,#764,#765));
#661 = ORIENTED_EDGE('',*,*,#662,.F.);
#662 = EDGE_CURVE('',#663,#531,#665,.T.);
#663 = VERTEX_POINT('',#664);
#664 = CARTESIAN_POINT('',(170.,-15.,-7.5));
#665 = SURFACE_CURVE('',#666,(#670,#677),.PCURVE_S1.);
#666 = LINE('',#667,#668);
#667 = CARTESIAN_POINT('',(170.,-15.,-12.5));
#668 = VECTOR('',#669,1.);
#669 = DIRECTION('',(0.,0.,1.));
#670 = PCURVE('',#344,#671);
#671 = DEFINITIONAL_REPRESENTATION('',(#672),#676);
#672 = LINE('',#673,#674);
#673 = CARTESIAN_POINT('',(0.,-5.));
#674 = VECTOR('',#675,1.);
#675 = DIRECTION('',(1.,0.));
#676 = ( GEOMETRIC_REPRESENTATION_CONTEXT(2) 
PARAMETRIC_REPRESENTATION_CONTEXT() REPRESENTATION_CONTEXT('2D SPACE',''
  ) );
#677 = PCURVE('',#678,#683);
#678 = CYLINDRICAL_SURFACE('',#679,5.);
#679 = AXIS2_PLACEMENT_3D('',#680,#681,#682);
#680 = CARTESIAN_POINT('',(175.,-15.,-12.5));
#681 = DIRECTION('',(0.,0.,1.));
#682 = DIRECTION('',(-1.,-0.,0.));
#683 = DEFINITIONAL_REPRESENTATION('',(#684),#688);
#684 = LINE('',#685,#686);
#685 = CARTESIAN_POINT('',(0.,0.));
#686 = VECTOR('',#687,1.);
#687 = DIRECTION('',(0.,1.));
#688 = ( GEOMETRIC_REPRESENTATION_CONTEXT(2) 
PARAMETRIC_REPRESENTATION_CONTEXT() REPRESENTATION_CONTEXT('2D SPACE',''
  ) );
#689 = ORIENTED_EDGE('',*,*,#690,.T.);
#690 = EDGE_CURVE('',#663,#691,#693,.T.);
#691 = VERTEX_POINT('',#692);
#692 = CARTESIAN_POINT('',(170.,15.,-7.5));
#693 = SURFACE_CURVE('',#694,(#698,#705),.PCURVE_S1.);
#694 = LINE('',#695,#696);
#695 = CARTESIAN_POINT('',(170.,-20.,-7.5));
#696 = VECTOR('',#697,1.);
#697 = DIRECTION('',(0.,1.,0.));
#698 = PCURVE('',#344,#699);
#699 = DEFINITIONAL_REPRESENTATION('',(#700),#704);
#700 = LINE('',#701,#702);
#701 = CARTESIAN_POINT('',(5.,0.));
#702 = VECTOR('',#703,1.);
#703 = DIRECTION('',(0.,-1.));
#704 = ( GEOMETRIC_REPRESENTATION_CONTEXT(2) 
PARAMETRIC_REPRESENTATION_CONTEXT() REPRESENTATION_CONTEXT('2D SPACE',''
  ) );
#705 = PCURVE('',#706,#711);
#706 = CYLINDRICAL_SURFACE('',#707,5.);
#707 = AXIS2_PLACEMENT_3D('',#708,#709,#710);
#708 = CARTESIAN_POINT('',(175.,-20.,-7.5));
#709 = DIRECTION('',(0.,1.,0.));
#710 = DIRECTION('',(-1.,0.,0.));
#711 = DEFINITIONAL_REPRESENTATION('',(#712),#716);
#712 = LINE('',#713,#714);
#713 = CARTESIAN_POINT('',(-0.,0.));
#714 = VECTOR('',#715,1.);
#715 = DIRECTION('',(-0.,1.));
#716 = ( GEOMETRIC_REPRESENTATION_CONTEXT(2) 
PARAMETRIC_REPRESENTATION_CONTEXT() REPRESENTATION_CONTEXT('2D SPACE',''
  ) );
#717 = ORIENTED_EDGE('',*,*,#718,.T.);
#718 = EDGE_CURVE('',#691,#586,#719,.T.);
#719 = SURFACE_CURVE('',#720,(#724,#731),.PCURVE_S1.);
#720 = LINE('',#721,#722);
#721 = CARTESIAN_POINT('',(170.,15.,-12.5));
#722 = VECTOR('',#723,1.);
#723 = DIRECTION('',(0.,0.,1.));
#724 = PCURVE('',#344,#725);
#725 = DEFINITIONAL_REPRESENTATION('',(#726),#730);
#726 = LINE('',#727,#728);
#727 = CARTESIAN_POINT('',(0.,-35.));
#728 = VECTOR('',#729,1.);
#729 = DIRECTION('',(1.,0.));
#730 = ( GEOMETRIC_REPRESENTATION_CONTEXT(2) 
PARAMETRIC_REPRESENTATION_CONTEXT() REPRESENTATION_CONTEXT('2D SPACE',''
  ) );
#731 = PCURVE('',#732,#737);
#732 = CYLINDRICAL_SURFACE('',#733,5.);
#733 = AXIS2_PLACEMENT_3D('',#734,#735,#736);
#734 = CARTESIAN_POINT('',(175.,15.,-12.5));
#735 = DIRECTION('',(0.,0.,1.));
#736 = DIRECTION('',(-1.,-0.,0.));
#737 = DEFINITIONAL_REPRESENTATION('',(#738),#742);
#738 = LINE('',#739,#740);
#739 = CARTESIAN_POINT('',(-0.,0.));
#740 = VECTOR('',#741,1.);
#741 = DIRECTION('',(-0.,1.));
#742 = ( GEOMETRIC_REPRESENTATION_CONTEXT(2) 
PARAMETRIC_REPRESENTATION_CONTEXT() REPRESENTATION_CONTEXT('2D SPACE',''
  ) );
#743 = ORIENTED_EDGE('',*,*,#614,.F.);
#744 = ORIENTED_EDGE('',*,*,#324,.T.);
#745 = ORIENTED_EDGE('',*,*,#746,.T.);
#746 = EDGE_CURVE('',#325,#357,#747,.T.);
#747 = SURFACE_CURVE('',#748,(#752,#758),.PCURVE_S1.);
#748 = LINE('',#749,#750);
#749 = CARTESIAN_POINT('',(170.,-10.,0.));
#750 = VECTOR('',#751,1.);
#751 = DIRECTION('',(0.,-1.,0.));
#752 = PCURVE('',#344,#753);
#753 = DEFINITIONAL_REPRESENTATION('',(#754),#757);
#754 = B_SPLINE_CURVE_WITH_KNOTS('',1,(#755,#756),.UNSPECIFIED.,.F.,.F.,
  (2,2),(-16.,-4.),.PIECEWISE_BEZIER_KNOTS.);
#755 = CARTESIAN_POINT('',(12.5,-26.));
#756 = CARTESIAN_POINT('',(12.5,-14.));
#757 = ( GEOMETRIC_REPRESENTATION_CONTEXT(2) 
PARAMETRIC_REPRESENTATION_CONTEXT() REPRESENTATION_CONTEXT('2D SPACE',''
  ) );
#758 = PCURVE('',#373,#759);
#759 = DEFINITIONAL_REPRESENTATION('',(#760),#763);
#760 = B_SPLINE_CURVE_WITH_KNOTS('',1,(#761,#762),.UNSPECIFIED.,.F.,.F.,
  (2,2),(-16.,-4.),.PIECEWISE_BEZIER_KNOTS.);
#761 = CARTESIAN_POINT('',(5.,6.));
#762 = CARTESIAN_POINT('',(5.,-6.));
#763 = ( GEOMETRIC_REPRESENTATION_CONTEXT(2) 
PARAMETRIC_REPRESENTATION_CONTEXT() REPRESENTATION_CONTEXT('2D SPACE',''
  ) );
#764 = ORIENTED_EDGE('',*,*,#385,.T.);
#765 = ORIENTED_EDGE('',*,*,#638,.F.);
#766 = ADVANCED_FACE('',(#767),#373,.F.);
#767 = FACE_BOUND('',#768,.F.);
#768 = EDGE_LOOP('',(#769,#770));
#769 = ORIENTED_EDGE('',*,*,#746,.F.);
#770 = ORIENTED_EDGE('',*,*,#356,.T.);
#771 = ADVANCED_FACE('',(#772),#546,.T.);
#772 = FACE_BOUND('',#773,.F.);
#773 = EDGE_LOOP('',(#774,#775,#802));
#774 = ORIENTED_EDGE('',*,*,#528,.F.);
#775 = ORIENTED_EDGE('',*,*,#776,.T.);
#776 = EDGE_CURVE('',#529,#777,#779,.T.);
#777 = VERTEX_POINT('',#778);
#778 = CARTESIAN_POINT('',(175.,-20.,7.5));
#779 = SURFACE_CURVE('',#780,(#785,#791),.PCURVE_S1.);
#780 = CIRCLE('',#781,5.);
#781 = AXIS2_PLACEMENT_3D('',#782,#783,#784);
#782 = CARTESIAN_POINT('',(175.,-15.,7.5));
#783 = DIRECTION('',(1.,-6.123233995737E-17,0.));
#784 = DIRECTION('',(-6.123233995737E-17,-1.,0.));
#785 = PCURVE('',#546,#786);
#786 = DEFINITIONAL_REPRESENTATION('',(#787),#790);
#787 = B_SPLINE_CURVE_WITH_KNOTS('',1,(#788,#789),.UNSPECIFIED.,.F.,.F.,
  (2,2),(4.712388980385,6.28318530718),.PIECEWISE_BEZIER_KNOTS.);
#788 = CARTESIAN_POINT('',(-1.570796326795,-1.570796326795));
#789 = CARTESIAN_POINT('',(-1.570796326795,0.));
#790 = ( GEOMETRIC_REPRESENTATION_CONTEXT(2) 
PARAMETRIC_REPRESENTATION_CONTEXT() REPRESENTATION_CONTEXT('2D SPACE',''
  ) );
#791 = PCURVE('',#792,#797);
#792 = CYLINDRICAL_SURFACE('',#793,5.);
#793 = AXIS2_PLACEMENT_3D('',#794,#795,#796);
#794 = CARTESIAN_POINT('',(170.,-15.,7.5));
#795 = DIRECTION('',(1.,0.,0.));
#796 = DIRECTION('',(0.,-1.,0.));
#797 = DEFINITIONAL_REPRESENTATION('',(#798),#801);
#798 = B_SPLINE_CURVE_WITH_KNOTS('',1,(#799,#800),.UNSPECIFIED.,.F.,.F.,
  (2,2),(4.712388980385,6.28318530718),.PIECEWISE_BEZIER_KNOTS.);
#799 = CARTESIAN_POINT('',(-1.570796326795,5.));
#800 = CARTESIAN_POINT('',(0.,5.));
#801 = ( GEOMETRIC_REPRESENTATION_CONTEXT(2) 
PARAMETRIC_REPRESENTATION_CONTEXT() REPRESENTATION_CONTEXT('2D SPACE',''
  ) );
#802 = ORIENTED_EDGE('',*,*,#803,.F.);
#803 = EDGE_CURVE('',#531,#777,#804,.T.);
#804 = SURFACE_CURVE('',#805,(#810,#817),.PCURVE_S1.);
#805 = CIRCLE('',#806,5.);
#806 = AXIS2_PLACEMENT_3D('',#807,#808,#809);
#807 = CARTESIAN_POINT('',(175.,-15.,7.5));
#808 = DIRECTION('',(0.,0.,1.));
#809 = DIRECTION('',(-1.,0.,0.));
#810 = PCURVE('',#546,#811);
#811 = DEFINITIONAL_REPRESENTATION('',(#812),#816);
#812 = LINE('',#813,#814);
#813 = CARTESIAN_POINT('',(-0.,0.));
#814 = VECTOR('',#815,1.);
#815 = DIRECTION('',(-1.,0.));
#816 = ( GEOMETRIC_REPRESENTATION_CONTEXT(2) 
PARAMETRIC_REPRESENTATION_CONTEXT() REPRESENTATION_CONTEXT('2D SPACE',''
  ) );
#817 = PCURVE('',#678,#818);
#818 = DEFINITIONAL_REPRESENTATION('',(#819),#823);
#819 = LINE('',#820,#821);
#820 = CARTESIAN_POINT('',(0.,20.));
#821 = VECTOR('',#822,1.);
#822 = DIRECTION('',(1.,0.));
#823 = ( GEOMETRIC_REPRESENTATION_CONTEXT(2) 
PARAMETRIC_REPRESENTATION_CONTEXT() REPRESENTATION_CONTEXT('2D SPACE',''
  ) );
#824 = ADVANCED_FACE('',(#825),#602,.T.);
#825 = FACE_BOUND('',#826,.F.);
#826 = EDGE_LOOP('',(#827,#849,#874));
#827 = ORIENTED_EDGE('',*,*,#828,.F.);
#828 = EDGE_CURVE('',#829,#586,#831,.T.);
#829 = VERTEX_POINT('',#830);
#830 = CARTESIAN_POINT('',(175.,20.,7.5));
#831 = SURFACE_CURVE('',#832,(#837,#843),.PCURVE_S1.);
#832 = CIRCLE('',#833,5.);
#833 = AXIS2_PLACEMENT_3D('',#834,#835,#836);
#834 = CARTESIAN_POINT('',(175.,15.,7.5));
#835 = DIRECTION('',(1.7763568394E-16,0.,1.));
#836 = DIRECTION('',(-1.,0.,1.7763568394E-16));
#837 = PCURVE('',#602,#838);
#838 = DEFINITIONAL_REPRESENTATION('',(#839),#842);
#839 = B_SPLINE_CURVE_WITH_KNOTS('',1,(#840,#841),.UNSPECIFIED.,.F.,.F.,
  (2,2),(4.712388980385,6.28318530718),.PIECEWISE_BEZIER_KNOTS.);
#840 = CARTESIAN_POINT('',(0.,-1.570796326795));
#841 = CARTESIAN_POINT('',(0.,0.));
#842 = ( GEOMETRIC_REPRESENTATION_CONTEXT(2) 
PARAMETRIC_REPRESENTATION_CONTEXT() REPRESENTATION_CONTEXT('2D SPACE',''
  ) );
#843 = PCURVE('',#732,#844);
#844 = DEFINITIONAL_REPRESENTATION('',(#845),#848);
#845 = B_SPLINE_CURVE_WITH_KNOTS('',1,(#846,#847),.UNSPECIFIED.,.F.,.F.,
  (2,2),(4.712388980385,6.28318530718),.PIECEWISE_BEZIER_KNOTS.);
#846 = CARTESIAN_POINT('',(-1.570796326795,20.));
#847 = CARTESIAN_POINT('',(0.,20.));
#848 = ( GEOMETRIC_REPRESENTATION_CONTEXT(2) 
PARAMETRIC_REPRESENTATION_CONTEXT() REPRESENTATION_CONTEXT('2D SPACE',''
  ) );
#849 = ORIENTED_EDGE('',*,*,#850,.T.);
#850 = EDGE_CURVE('',#829,#558,#851,.T.);
#851 = SURFACE_CURVE('',#852,(#857,#863),.PCURVE_S1.);
#852 = CIRCLE('',#853,5.);
#853 = AXIS2_PLACEMENT_3D('',#854,#855,#856);
#854 = CARTESIAN_POINT('',(175.,15.,7.5));
#855 = DIRECTION('',(1.,0.,1.056412609424E-16));
#856 = DIRECTION('',(-1.056412609424E-16,0.,1.));
#857 = PCURVE('',#602,#858);
#858 = DEFINITIONAL_REPRESENTATION('',(#859),#862);
#859 = B_SPLINE_CURVE_WITH_KNOTS('',1,(#860,#861),.UNSPECIFIED.,.F.,.F.,
  (2,2),(4.712388980385,6.28318530718),.PIECEWISE_BEZIER_KNOTS.);
#860 = CARTESIAN_POINT('',(-1.570796326795,-1.570796326795));
#861 = CARTESIAN_POINT('',(-1.570796326795,0.));
#862 = ( GEOMETRIC_REPRESENTATION_CONTEXT(2) 
PARAMETRIC_REPRESENTATION_CONTEXT() REPRESENTATION_CONTEXT('2D SPACE',''
  ) );
#863 = PCURVE('',#864,#869);
#864 = CYLINDRICAL_SURFACE('',#865,5.);
#865 = AXIS2_PLACEMENT_3D('',#866,#867,#868);
#866 = CARTESIAN_POINT('',(170.,15.,7.5));
#867 = DIRECTION('',(1.,0.,0.));
#868 = DIRECTION('',(-0.,1.,0.));
#869 = DEFINITIONAL_REPRESENTATION('',(#870),#873);
#870 = B_SPLINE_CURVE_WITH_KNOTS('',1,(#871,#872),.UNSPECIFIED.,.F.,.F.,
  (2,2),(4.712388980385,6.28318530718),.PIECEWISE_BEZIER_KNOTS.);
#871 = CARTESIAN_POINT('',(0.,5.));
#872 = CARTESIAN_POINT('',(1.570796326795,5.));
#873 = ( GEOMETRIC_REPRESENTATION_CONTEXT(2) 
PARAMETRIC_REPRESENTATION_CONTEXT() REPRESENTATION_CONTEXT('2D SPACE',''
  ) );
#874 = ORIENTED_EDGE('',*,*,#585,.F.);
#875 = ADVANCED_FACE('',(#876),#573,.T.);
#876 = FACE_BOUND('',#877,.T.);
#877 = EDGE_LOOP('',(#878,#879,#902,#930));
#878 = ORIENTED_EDGE('',*,*,#557,.F.);
#879 = ORIENTED_EDGE('',*,*,#880,.T.);
#880 = EDGE_CURVE('',#529,#881,#883,.T.);
#881 = VERTEX_POINT('',#882);
#882 = CARTESIAN_POINT('',(225.,-15.,12.5));
#883 = SURFACE_CURVE('',#884,(#888,#895),.PCURVE_S1.);
#884 = LINE('',#885,#886);
#885 = CARTESIAN_POINT('',(170.,-15.,12.5));
#886 = VECTOR('',#887,1.);
#887 = DIRECTION('',(1.,0.,0.));
#888 = PCURVE('',#573,#889);
#889 = DEFINITIONAL_REPRESENTATION('',(#890),#894);
#890 = LINE('',#891,#892);
#891 = CARTESIAN_POINT('',(0.,5.));
#892 = VECTOR('',#893,1.);
#893 = DIRECTION('',(1.,0.));
#894 = ( GEOMETRIC_REPRESENTATION_CONTEXT(2) 
PARAMETRIC_REPRESENTATION_CONTEXT() REPRESENTATION_CONTEXT('2D SPACE',''
  ) );
#895 = PCURVE('',#792,#896);
#896 = DEFINITIONAL_REPRESENTATION('',(#897),#901);
#897 = LINE('',#898,#899);
#898 = CARTESIAN_POINT('',(-1.570796326795,0.));
#899 = VECTOR('',#900,1.);
#900 = DIRECTION('',(-0.,1.));
#901 = ( GEOMETRIC_REPRESENTATION_CONTEXT(2) 
PARAMETRIC_REPRESENTATION_CONTEXT() REPRESENTATION_CONTEXT('2D SPACE',''
  ) );
#902 = ORIENTED_EDGE('',*,*,#903,.T.);
#903 = EDGE_CURVE('',#881,#904,#906,.T.);
#904 = VERTEX_POINT('',#905);
#905 = CARTESIAN_POINT('',(225.,15.,12.5));
#906 = SURFACE_CURVE('',#907,(#911,#918),.PCURVE_S1.);
#907 = LINE('',#908,#909);
#908 = CARTESIAN_POINT('',(225.,-20.,12.5));
#909 = VECTOR('',#910,1.);
#910 = DIRECTION('',(0.,1.,0.));
#911 = PCURVE('',#573,#912);
#912 = DEFINITIONAL_REPRESENTATION('',(#913),#917);
#913 = LINE('',#914,#915);
#914 = CARTESIAN_POINT('',(55.,0.));
#915 = VECTOR('',#916,1.);
#916 = DIRECTION('',(0.,1.));
#917 = ( GEOMETRIC_REPRESENTATION_CONTEXT(2) 
PARAMETRIC_REPRESENTATION_CONTEXT() REPRESENTATION_CONTEXT('2D SPACE',''
  ) );
#918 = PCURVE('',#919,#924);
#919 = CYLINDRICAL_SURFACE('',#920,5.);
#920 = AXIS2_PLACEMENT_3D('',#921,#922,#923);
#921 = CARTESIAN_POINT('',(225.,-20.,7.5));
#922 = DIRECTION('',(0.,1.,0.));
#923 = DIRECTION('',(1.,0.,-0.));
#924 = DEFINITIONAL_REPRESENTATION('',(#925),#929);
#925 = LINE('',#926,#927);
#926 = CARTESIAN_POINT('',(-1.570796326795,0.));
#927 = VECTOR('',#928,1.);
#928 = DIRECTION('',(-0.,1.));
#929 = ( GEOMETRIC_REPRESENTATION_CONTEXT(2) 
PARAMETRIC_REPRESENTATION_CONTEXT() REPRESENTATION_CONTEXT('2D SPACE',''
  ) );
#930 = ORIENTED_EDGE('',*,*,#931,.F.);
#931 = EDGE_CURVE('',#558,#904,#932,.T.);
#932 = SURFACE_CURVE('',#933,(#937,#944),.PCURVE_S1.);
#933 = LINE('',#934,#935);
#934 = CARTESIAN_POINT('',(170.,15.,12.5));
#935 = VECTOR('',#936,1.);
#936 = DIRECTION('',(1.,0.,0.));
#937 = PCURVE('',#573,#938);
#938 = DEFINITIONAL_REPRESENTATION('',(#939),#943);
#939 = LINE('',#940,#941);
#940 = CARTESIAN_POINT('',(0.,35.));
#941 = VECTOR('',#942,1.);
#942 = DIRECTION('',(1.,0.));
#943 = ( GEOMETRIC_REPRESENTATION_CONTEXT(2) 
PARAMETRIC_REPRESENTATION_CONTEXT() REPRESENTATION_CONTEXT('2D SPACE',''
  ) );
#944 = PCURVE('',#864,#945);
#945 = DEFINITIONAL_REPRESENTATION('',(#946),#950);
#946 = LINE('',#947,#948);
#947 = CARTESIAN_POINT('',(1.570796326795,0.));
#948 = VECTOR('',#949,1.);
#949 = DIRECTION('',(0.,1.));
#950 = ( GEOMETRIC_REPRESENTATION_CONTEXT(2) 
PARAMETRIC_REPRESENTATION_CONTEXT() REPRESENTATION_CONTEXT('2D SPACE',''
  ) );
#951 = ADVANCED_FACE('',(#952),#678,.T.);
#952 = FACE_BOUND('',#953,.T.);
#953 = EDGE_LOOP('',(#954,#955,#984,#1010));
#954 = ORIENTED_EDGE('',*,*,#662,.F.);
#955 = ORIENTED_EDGE('',*,*,#956,.T.);
#956 = EDGE_CURVE('',#663,#957,#959,.T.);
#957 = VERTEX_POINT('',#958);
#958 = CARTESIAN_POINT('',(175.,-20.,-7.5));
#959 = SURFACE_CURVE('',#960,(#965,#972),.PCURVE_S1.);
#960 = CIRCLE('',#961,5.);
#961 = AXIS2_PLACEMENT_3D('',#962,#963,#964);
#962 = CARTESIAN_POINT('',(175.,-15.,-7.5));
#963 = DIRECTION('',(0.,0.,1.));
#964 = DIRECTION('',(-1.,0.,0.));
#965 = PCURVE('',#678,#966);
#966 = DEFINITIONAL_REPRESENTATION('',(#967),#971);
#967 = LINE('',#968,#969);
#968 = CARTESIAN_POINT('',(0.,5.));
#969 = VECTOR('',#970,1.);
#970 = DIRECTION('',(1.,0.));
#971 = ( GEOMETRIC_REPRESENTATION_CONTEXT(2) 
PARAMETRIC_REPRESENTATION_CONTEXT() REPRESENTATION_CONTEXT('2D SPACE',''
  ) );
#972 = PCURVE('',#973,#978);
#973 = SPHERICAL_SURFACE('',#974,5.);
#974 = AXIS2_PLACEMENT_3D('',#975,#976,#977);
#975 = CARTESIAN_POINT('',(175.,-15.,-7.5));
#976 = DIRECTION('',(0.,0.,1.));
#977 = DIRECTION('',(-1.,0.,0.));
#978 = DEFINITIONAL_REPRESENTATION('',(#979),#983);
#979 = LINE('',#980,#981);
#980 = CARTESIAN_POINT('',(0.,0.));
#981 = VECTOR('',#982,1.);
#982 = DIRECTION('',(1.,0.));
#983 = ( GEOMETRIC_REPRESENTATION_CONTEXT(2) 
PARAMETRIC_REPRESENTATION_CONTEXT() REPRESENTATION_CONTEXT('2D SPACE',''
  ) );
#984 = ORIENTED_EDGE('',*,*,#985,.T.);
#985 = EDGE_CURVE('',#957,#777,#986,.T.);
#986 = SURFACE_CURVE('',#987,(#991,#998),.PCURVE_S1.);
#987 = LINE('',#988,#989);
#988 = CARTESIAN_POINT('',(175.,-20.,-12.5));
#989 = VECTOR('',#990,1.);
#990 = DIRECTION('',(0.,0.,1.));
#991 = PCURVE('',#678,#992);
#992 = DEFINITIONAL_REPRESENTATION('',(#993),#997);
#993 = LINE('',#994,#995);
#994 = CARTESIAN_POINT('',(1.570796326795,0.));
#995 = VECTOR('',#996,1.);
#996 = DIRECTION('',(0.,1.));
#997 = ( GEOMETRIC_REPRESENTATION_CONTEXT(2) 
PARAMETRIC_REPRESENTATION_CONTEXT() REPRESENTATION_CONTEXT('2D SPACE',''
  ) );
#998 = PCURVE('',#999,#1004);
#999 = PLANE('',#1000);
#1000 = AXIS2_PLACEMENT_3D('',#1001,#1002,#1003);
#1001 = CARTESIAN_POINT('',(170.,-20.,-12.5));
#1002 = DIRECTION('',(0.,1.,0.));
#1003 = DIRECTION('',(0.,0.,1.));
#1004 = DEFINITIONAL_REPRESENTATION('',(#1005),#1009);
#1005 = LINE('',#1006,#1007);
#1006 = CARTESIAN_POINT('',(0.,5.));
#1007 = VECTOR('',#1008,1.);
#1008 = DIRECTION('',(1.,0.));
#1009 = ( GEOMETRIC_REPRESENTATION_CONTEXT(2) 
PARAMETRIC_REPRESENTATION_CONTEXT() REPRESENTATION_CONTEXT('2D SPACE',''
  ) );
#1010 = ORIENTED_EDGE('',*,*,#803,.F.);
#1011 = ADVANCED_FACE('',(#1012),#732,.T.);
#1012 = FACE_BOUND('',#1013,.F.);
#1013 = EDGE_LOOP('',(#1014,#1015,#1044,#1070));
#1014 = ORIENTED_EDGE('',*,*,#718,.F.);
#1015 = ORIENTED_EDGE('',*,*,#1016,.T.);
#1016 = EDGE_CURVE('',#691,#1017,#1019,.T.);
#1017 = VERTEX_POINT('',#1018);
#1018 = CARTESIAN_POINT('',(175.,20.,-7.5));
#1019 = SURFACE_CURVE('',#1020,(#1025,#1032),.PCURVE_S1.);
#1020 = CIRCLE('',#1021,5.);
#1021 = AXIS2_PLACEMENT_3D('',#1022,#1023,#1024);
#1022 = CARTESIAN_POINT('',(175.,15.,-7.5));
#1023 = DIRECTION('',(-0.,0.,-1.));
#1024 = DIRECTION('',(-1.,0.,0.));
#1025 = PCURVE('',#732,#1026);
#1026 = DEFINITIONAL_REPRESENTATION('',(#1027),#1031);
#1027 = LINE('',#1028,#1029);
#1028 = CARTESIAN_POINT('',(-0.,5.));
#1029 = VECTOR('',#1030,1.);
#1030 = DIRECTION('',(-1.,0.));
#1031 = ( GEOMETRIC_REPRESENTATION_CONTEXT(2) 
PARAMETRIC_REPRESENTATION_CONTEXT() REPRESENTATION_CONTEXT('2D SPACE',''
  ) );
#1032 = PCURVE('',#1033,#1038);
#1033 = SPHERICAL_SURFACE('',#1034,5.);
#1034 = AXIS2_PLACEMENT_3D('',#1035,#1036,#1037);
#1035 = CARTESIAN_POINT('',(175.,15.,-7.5));
#1036 = DIRECTION('',(0.,0.,1.));
#1037 = DIRECTION('',(-1.,0.,0.));
#1038 = DEFINITIONAL_REPRESENTATION('',(#1039),#1043);
#1039 = LINE('',#1040,#1041);
#1040 = CARTESIAN_POINT('',(-0.,0.));
#1041 = VECTOR('',#1042,1.);
#1042 = DIRECTION('',(-1.,0.));
#1043 = ( GEOMETRIC_REPRESENTATION_CONTEXT(2) 
PARAMETRIC_REPRESENTATION_CONTEXT() REPRESENTATION_CONTEXT('2D SPACE',''
  ) );
#1044 = ORIENTED_EDGE('',*,*,#1045,.T.);
#1045 = EDGE_CURVE('',#1017,#829,#1046,.T.);
#1046 = SURFACE_CURVE('',#1047,(#1051,#1058),.PCURVE_S1.);
#1047 = LINE('',#1048,#1049);
#1048 = CARTESIAN_POINT('',(175.,20.,-12.5));
#1049 = VECTOR('',#1050,1.);
#1050 = DIRECTION('',(0.,0.,1.));
#1051 = PCURVE('',#732,#1052);
#1052 = DEFINITIONAL_REPRESENTATION('',(#1053),#1057);
#1053 = LINE('',#1054,#1055);
#1054 = CARTESIAN_POINT('',(-1.570796326795,0.));
#1055 = VECTOR('',#1056,1.);
#1056 = DIRECTION('',(-0.,1.));
#1057 = ( GEOMETRIC_REPRESENTATION_CONTEXT(2) 
PARAMETRIC_REPRESENTATION_CONTEXT() REPRESENTATION_CONTEXT('2D SPACE',''
  ) );
#1058 = PCURVE('',#1059,#1064);
#1059 = PLANE('',#1060);
#1060 = AXIS2_PLACEMENT_3D('',#1061,#1062,#1063);
#1061 = CARTESIAN_POINT('',(170.,20.,-12.5));
#1062 = DIRECTION('',(0.,1.,0.));
#1063 = DIRECTION('',(0.,0.,1.));
#1064 = DEFINITIONAL_REPRESENTATION('',(#1065),#1069);
#1065 = LINE('',#1066,#1067);
#1066 = CARTESIAN_POINT('',(0.,5.));
#1067 = VECTOR('',#1068,1.);
#1068 = DIRECTION('',(1.,0.));
#1069 = ( GEOMETRIC_REPRESENTATION_CONTEXT(2) 
PARAMETRIC_REPRESENTATION_CONTEXT() REPRESENTATION_CONTEXT('2D SPACE',''
  ) );
#1070 = ORIENTED_EDGE('',*,*,#828,.T.);
#1071 = ADVANCED_FACE('',(#1072),#706,.T.);
#1072 = FACE_BOUND('',#1073,.F.);
#1073 = EDGE_LOOP('',(#1074,#1096,#1124,#1144));
#1074 = ORIENTED_EDGE('',*,*,#1075,.F.);
#1075 = EDGE_CURVE('',#1076,#663,#1078,.T.);
#1076 = VERTEX_POINT('',#1077);
#1077 = CARTESIAN_POINT('',(175.,-15.,-12.5));
#1078 = SURFACE_CURVE('',#1079,(#1084,#1090),.PCURVE_S1.);
#1079 = CIRCLE('',#1080,5.);
#1080 = AXIS2_PLACEMENT_3D('',#1081,#1082,#1083);
#1081 = CARTESIAN_POINT('',(175.,-15.,-7.5));
#1082 = DIRECTION('',(0.,1.,-0.));
#1083 = DIRECTION('',(-1.,0.,0.));
#1084 = PCURVE('',#706,#1085);
#1085 = DEFINITIONAL_REPRESENTATION('',(#1086),#1089);
#1086 = B_SPLINE_CURVE_WITH_KNOTS('',1,(#1087,#1088),.UNSPECIFIED.,.F.,
  .F.,(2,2),(4.712388980385,6.28318530718),.PIECEWISE_BEZIER_KNOTS.);
#1087 = CARTESIAN_POINT('',(-1.570796326795,5.));
#1088 = CARTESIAN_POINT('',(0.,5.));
#1089 = ( GEOMETRIC_REPRESENTATION_CONTEXT(2) 
PARAMETRIC_REPRESENTATION_CONTEXT() REPRESENTATION_CONTEXT('2D SPACE',''
  ) );
#1090 = PCURVE('',#973,#1091);
#1091 = DEFINITIONAL_REPRESENTATION('',(#1092),#1095);
#1092 = B_SPLINE_CURVE_WITH_KNOTS('',1,(#1093,#1094),.UNSPECIFIED.,.F.,
  .F.,(2,2),(4.712388980385,6.28318530718),.PIECEWISE_BEZIER_KNOTS.);
#1093 = CARTESIAN_POINT('',(0.,-1.570796326795));
#1094 = CARTESIAN_POINT('',(0.,0.));
#1095 = ( GEOMETRIC_REPRESENTATION_CONTEXT(2) 
PARAMETRIC_REPRESENTATION_CONTEXT() REPRESENTATION_CONTEXT('2D SPACE',''
  ) );
#1096 = ORIENTED_EDGE('',*,*,#1097,.T.);
#1097 = EDGE_CURVE('',#1076,#1098,#1100,.T.);
#1098 = VERTEX_POINT('',#1099);
#1099 = CARTESIAN_POINT('',(175.,15.,-12.5));
#1100 = SURFACE_CURVE('',#1101,(#1105,#1112),.PCURVE_S1.);
#1101 = LINE('',#1102,#1103);
#1102 = CARTESIAN_POINT('',(175.,-20.,-12.5));
#1103 = VECTOR('',#1104,1.);
#1104 = DIRECTION('',(0.,1.,0.));
#1105 = PCURVE('',#706,#1106);
#1106 = DEFINITIONAL_REPRESENTATION('',(#1107),#1111);
#1107 = LINE('',#1108,#1109);
#1108 = CARTESIAN_POINT('',(-1.570796326795,0.));
#1109 = VECTOR('',#1110,1.);
#1110 = DIRECTION('',(-0.,1.));
#1111 = ( GEOMETRIC_REPRESENTATION_CONTEXT(2) 
PARAMETRIC_REPRESENTATION_CONTEXT() REPRESENTATION_CONTEXT('2D SPACE',''
  ) );
#1112 = PCURVE('',#1113,#1118);
#1113 = PLANE('',#1114);
#1114 = AXIS2_PLACEMENT_3D('',#1115,#1116,#1117);
#1115 = CARTESIAN_POINT('',(170.,-20.,-12.5));
#1116 = DIRECTION('',(0.,0.,1.));
#1117 = DIRECTION('',(1.,0.,0.));
#1118 = DEFINITIONAL_REPRESENTATION('',(#1119),#1123);
#1119 = LINE('',#1120,#1121);
#1120 = CARTESIAN_POINT('',(5.,0.));
#1121 = VECTOR('',#1122,1.);
#1122 = DIRECTION('',(0.,1.));
#1123 = ( GEOMETRIC_REPRESENTATION_CONTEXT(2) 
PARAMETRIC_REPRESENTATION_CONTEXT() REPRESENTATION_CONTEXT('2D SPACE',''
  ) );
#1124 = ORIENTED_EDGE('',*,*,#1125,.T.);
#1125 = EDGE_CURVE('',#1098,#691,#1126,.T.);
#1126 = SURFACE_CURVE('',#1127,(#1132,#1138),.PCURVE_S1.);
#1127 = CIRCLE('',#1128,5.);
#1128 = AXIS2_PLACEMENT_3D('',#1129,#1130,#1131);
#1129 = CARTESIAN_POINT('',(175.,15.,-7.5));
#1130 = DIRECTION('',(0.,1.,-0.));
#1131 = DIRECTION('',(-1.,0.,0.));
#1132 = PCURVE('',#706,#1133);
#1133 = DEFINITIONAL_REPRESENTATION('',(#1134),#1137);
#1134 = B_SPLINE_CURVE_WITH_KNOTS('',1,(#1135,#1136),.UNSPECIFIED.,.F.,
  .F.,(2,2),(4.712388980385,6.28318530718),.PIECEWISE_BEZIER_KNOTS.);
#1135 = CARTESIAN_POINT('',(-1.570796326795,35.));
#1136 = CARTESIAN_POINT('',(0.,35.));
#1137 = ( GEOMETRIC_REPRESENTATION_CONTEXT(2) 
PARAMETRIC_REPRESENTATION_CONTEXT() REPRESENTATION_CONTEXT('2D SPACE',''
  ) );
#1138 = PCURVE('',#1033,#1139);
#1139 = DEFINITIONAL_REPRESENTATION('',(#1140),#1143);
#1140 = B_SPLINE_CURVE_WITH_KNOTS('',1,(#1141,#1142),.UNSPECIFIED.,.F.,
  .F.,(2,2),(4.712388980385,6.28318530718),.PIECEWISE_BEZIER_KNOTS.);
#1141 = CARTESIAN_POINT('',(0.,-1.570796326795));
#1142 = CARTESIAN_POINT('',(0.,0.));
#1143 = ( GEOMETRIC_REPRESENTATION_CONTEXT(2) 
PARAMETRIC_REPRESENTATION_CONTEXT() REPRESENTATION_CONTEXT('2D SPACE',''
  ) );
#1144 = ORIENTED_EDGE('',*,*,#690,.F.);
#1145 = ADVANCED_FACE('',(#1146),#792,.T.);
#1146 = FACE_BOUND('',#1147,.F.);
#1147 = EDGE_LOOP('',(#1148,#1149,#1150,#1177));
#1148 = ORIENTED_EDGE('',*,*,#776,.F.);
#1149 = ORIENTED_EDGE('',*,*,#880,.T.);
#1150 = ORIENTED_EDGE('',*,*,#1151,.T.);
#1151 = EDGE_CURVE('',#881,#1152,#1154,.T.);
#1152 = VERTEX_POINT('',#1153);
#1153 = CARTESIAN_POINT('',(225.,-20.,7.5));
#1154 = SURFACE_CURVE('',#1155,(#1160,#1166),.PCURVE_S1.);
#1155 = CIRCLE('',#1156,5.);
#1156 = AXIS2_PLACEMENT_3D('',#1157,#1158,#1159);
#1157 = CARTESIAN_POINT('',(225.,-15.,7.5));
#1158 = DIRECTION('',(1.,6.123233995737E-17,0.));
#1159 = DIRECTION('',(6.123233995737E-17,-1.,0.));
#1160 = PCURVE('',#792,#1161);
#1161 = DEFINITIONAL_REPRESENTATION('',(#1162),#1165);
#1162 = B_SPLINE_CURVE_WITH_KNOTS('',1,(#1163,#1164),.UNSPECIFIED.,.F.,
  .F.,(2,2),(4.712388980385,6.28318530718),.PIECEWISE_BEZIER_KNOTS.);
#1163 = CARTESIAN_POINT('',(-1.570796326795,55.));
#1164 = CARTESIAN_POINT('',(0.,55.));
#1165 = ( GEOMETRIC_REPRESENTATION_CONTEXT(2) 
PARAMETRIC_REPRESENTATION_CONTEXT() REPRESENTATION_CONTEXT('2D SPACE',''
  ) );
#1166 = PCURVE('',#1167,#1172);
#1167 = SPHERICAL_SURFACE('',#1168,5.);
#1168 = AXIS2_PLACEMENT_3D('',#1169,#1170,#1171);
#1169 = CARTESIAN_POINT('',(225.,-15.,7.5));
#1170 = DIRECTION('',(-0.,-0.,-1.));
#1171 = DIRECTION('',(1.,0.,0.));
#1172 = DEFINITIONAL_REPRESENTATION('',(#1173),#1176);
#1173 = B_SPLINE_CURVE_WITH_KNOTS('',1,(#1174,#1175),.UNSPECIFIED.,.F.,
  .F.,(2,2),(4.712388980385,6.28318530718),.PIECEWISE_BEZIER_KNOTS.);
#1174 = CARTESIAN_POINT('',(1.570796326795,-1.570796326795));
#1175 = CARTESIAN_POINT('',(1.570796326795,0.));
#1176 = ( GEOMETRIC_REPRESENTATION_CONTEXT(2) 
PARAMETRIC_REPRESENTATION_CONTEXT() REPRESENTATION_CONTEXT('2D SPACE',''
  ) );
#1177 = ORIENTED_EDGE('',*,*,#1178,.F.);
#1178 = EDGE_CURVE('',#777,#1152,#1179,.T.);
#1179 = SURFACE_CURVE('',#1180,(#1184,#1191),.PCURVE_S1.);
#1180 = LINE('',#1181,#1182);
#1181 = CARTESIAN_POINT('',(170.,-20.,7.5));
#1182 = VECTOR('',#1183,1.);
#1183 = DIRECTION('',(1.,0.,0.));
#1184 = PCURVE('',#792,#1185);
#1185 = DEFINITIONAL_REPRESENTATION('',(#1186),#1190);
#1186 = LINE('',#1187,#1188);
#1187 = CARTESIAN_POINT('',(-0.,0.));
#1188 = VECTOR('',#1189,1.);
#1189 = DIRECTION('',(-0.,1.));
#1190 = ( GEOMETRIC_REPRESENTATION_CONTEXT(2) 
PARAMETRIC_REPRESENTATION_CONTEXT() REPRESENTATION_CONTEXT('2D SPACE',''
  ) );
#1191 = PCURVE('',#999,#1192);
#1192 = DEFINITIONAL_REPRESENTATION('',(#1193),#1197);
#1193 = LINE('',#1194,#1195);
#1194 = CARTESIAN_POINT('',(20.,0.));
#1195 = VECTOR('',#1196,1.);
#1196 = DIRECTION('',(0.,1.));
#1197 = ( GEOMETRIC_REPRESENTATION_CONTEXT(2) 
PARAMETRIC_REPRESENTATION_CONTEXT() REPRESENTATION_CONTEXT('2D SPACE',''
  ) );
#1198 = ADVANCED_FACE('',(#1199),#864,.T.);
#1199 = FACE_BOUND('',#1200,.T.);
#1200 = EDGE_LOOP('',(#1201,#1202,#1203,#1230));
#1201 = ORIENTED_EDGE('',*,*,#850,.T.);
#1202 = ORIENTED_EDGE('',*,*,#931,.T.);
#1203 = ORIENTED_EDGE('',*,*,#1204,.F.);
#1204 = EDGE_CURVE('',#1205,#904,#1207,.T.);
#1205 = VERTEX_POINT('',#1206);
#1206 = CARTESIAN_POINT('',(225.,20.,7.5));
#1207 = SURFACE_CURVE('',#1208,(#1213,#1219),.PCURVE_S1.);
#1208 = CIRCLE('',#1209,5.);
#1209 = AXIS2_PLACEMENT_3D('',#1210,#1211,#1212);
#1210 = CARTESIAN_POINT('',(225.,15.,7.5));
#1211 = DIRECTION('',(1.,0.,-1.056412609424E-16));
#1212 = DIRECTION('',(1.056412609424E-16,0.,1.));
#1213 = PCURVE('',#864,#1214);
#1214 = DEFINITIONAL_REPRESENTATION('',(#1215),#1218);
#1215 = B_SPLINE_CURVE_WITH_KNOTS('',1,(#1216,#1217),.UNSPECIFIED.,.F.,
  .F.,(2,2),(4.712388980385,6.28318530718),.PIECEWISE_BEZIER_KNOTS.);
#1216 = CARTESIAN_POINT('',(0.,55.));
#1217 = CARTESIAN_POINT('',(1.570796326795,55.));
#1218 = ( GEOMETRIC_REPRESENTATION_CONTEXT(2) 
PARAMETRIC_REPRESENTATION_CONTEXT() REPRESENTATION_CONTEXT('2D SPACE',''
  ) );
#1219 = PCURVE('',#1220,#1225);
#1220 = SPHERICAL_SURFACE('',#1221,5.);
#1221 = AXIS2_PLACEMENT_3D('',#1222,#1223,#1224);
#1222 = CARTESIAN_POINT('',(225.,15.,7.5));
#1223 = DIRECTION('',(-0.,-1.,-0.));
#1224 = DIRECTION('',(1.,-0.,1.7763568394E-16));
#1225 = DEFINITIONAL_REPRESENTATION('',(#1226),#1229);
#1226 = B_SPLINE_CURVE_WITH_KNOTS('',1,(#1227,#1228),.UNSPECIFIED.,.F.,
  .F.,(2,2),(4.712388980385,6.28318530718),.PIECEWISE_BEZIER_KNOTS.);
#1227 = CARTESIAN_POINT('',(1.570796326795,-1.570796326795));
#1228 = CARTESIAN_POINT('',(1.570796326795,0.));
#1229 = ( GEOMETRIC_REPRESENTATION_CONTEXT(2) 
PARAMETRIC_REPRESENTATION_CONTEXT() REPRESENTATION_CONTEXT('2D SPACE',''
  ) );
#1230 = ORIENTED_EDGE('',*,*,#1231,.F.);
#1231 = EDGE_CURVE('',#829,#1205,#1232,.T.);
#1232 = SURFACE_CURVE('',#1233,(#1237,#1244),.PCURVE_S1.);
#1233 = LINE('',#1234,#1235);
#1234 = CARTESIAN_POINT('',(170.,20.,7.5));
#1235 = VECTOR('',#1236,1.);
#1236 = DIRECTION('',(1.,0.,0.));
#1237 = PCURVE('',#864,#1238);
#1238 = DEFINITIONAL_REPRESENTATION('',(#1239),#1243);
#1239 = LINE('',#1240,#1241);
#1240 = CARTESIAN_POINT('',(0.,0.));
#1241 = VECTOR('',#1242,1.);
#1242 = DIRECTION('',(0.,1.));
#1243 = ( GEOMETRIC_REPRESENTATION_CONTEXT(2) 
PARAMETRIC_REPRESENTATION_CONTEXT() REPRESENTATION_CONTEXT('2D SPACE',''
  ) );
#1244 = PCURVE('',#1059,#1245);
#1245 = DEFINITIONAL_REPRESENTATION('',(#1246),#1250);
#1246 = LINE('',#1247,#1248);
#1247 = CARTESIAN_POINT('',(20.,0.));
#1248 = VECTOR('',#1249,1.);
#1249 = DIRECTION('',(0.,1.));
#1250 = ( GEOMETRIC_REPRESENTATION_CONTEXT(2) 
PARAMETRIC_REPRESENTATION_CONTEXT() REPRESENTATION_CONTEXT('2D SPACE',''
  ) );
#1251 = ADVANCED_FACE('',(#1252),#919,.T.);
#1252 = FACE_BOUND('',#1253,.F.);
#1253 = EDGE_LOOP('',(#1254,#1276,#1277,#1301));
#1254 = ORIENTED_EDGE('',*,*,#1255,.F.);
#1255 = EDGE_CURVE('',#881,#1256,#1258,.T.);
#1256 = VERTEX_POINT('',#1257);
#1257 = CARTESIAN_POINT('',(230.,-15.,7.5));
#1258 = SURFACE_CURVE('',#1259,(#1264,#1270),.PCURVE_S1.);
#1259 = CIRCLE('',#1260,5.);
#1260 = AXIS2_PLACEMENT_3D('',#1261,#1262,#1263);
#1261 = CARTESIAN_POINT('',(225.,-15.,7.5));
#1262 = DIRECTION('',(-0.,1.,0.));
#1263 = DIRECTION('',(1.,0.,0.));
#1264 = PCURVE('',#919,#1265);
#1265 = DEFINITIONAL_REPRESENTATION('',(#1266),#1269);
#1266 = B_SPLINE_CURVE_WITH_KNOTS('',1,(#1267,#1268),.UNSPECIFIED.,.F.,
  .F.,(2,2),(4.712388980385,6.28318530718),.PIECEWISE_BEZIER_KNOTS.);
#1267 = CARTESIAN_POINT('',(-1.570796326795,5.));
#1268 = CARTESIAN_POINT('',(0.,5.));
#1269 = ( GEOMETRIC_REPRESENTATION_CONTEXT(2) 
PARAMETRIC_REPRESENTATION_CONTEXT() REPRESENTATION_CONTEXT('2D SPACE',''
  ) );
#1270 = PCURVE('',#1167,#1271);
#1271 = DEFINITIONAL_REPRESENTATION('',(#1272),#1275);
#1272 = B_SPLINE_CURVE_WITH_KNOTS('',1,(#1273,#1274),.UNSPECIFIED.,.F.,
  .F.,(2,2),(4.712388980385,6.28318530718),.PIECEWISE_BEZIER_KNOTS.);
#1273 = CARTESIAN_POINT('',(0.,-1.570796326795));
#1274 = CARTESIAN_POINT('',(0.,0.));
#1275 = ( GEOMETRIC_REPRESENTATION_CONTEXT(2) 
PARAMETRIC_REPRESENTATION_CONTEXT() REPRESENTATION_CONTEXT('2D SPACE',''
  ) );
#1276 = ORIENTED_EDGE('',*,*,#903,.T.);
#1277 = ORIENTED_EDGE('',*,*,#1278,.F.);
#1278 = EDGE_CURVE('',#1279,#904,#1281,.T.);
#1279 = VERTEX_POINT('',#1280);
#1280 = CARTESIAN_POINT('',(230.,15.,7.5));
#1281 = SURFACE_CURVE('',#1282,(#1287,#1294),.PCURVE_S1.);
#1282 = CIRCLE('',#1283,5.);
#1283 = AXIS2_PLACEMENT_3D('',#1284,#1285,#1286);
#1284 = CARTESIAN_POINT('',(225.,15.,7.5));
#1285 = DIRECTION('',(-0.,-1.,0.));
#1286 = DIRECTION('',(1.,-0.,1.7763568394E-16));
#1287 = PCURVE('',#919,#1288);
#1288 = DEFINITIONAL_REPRESENTATION('',(#1289),#1293);
#1289 = LINE('',#1290,#1291);
#1290 = CARTESIAN_POINT('',(-0.,35.));
#1291 = VECTOR('',#1292,1.);
#1292 = DIRECTION('',(-1.,0.));
#1293 = ( GEOMETRIC_REPRESENTATION_CONTEXT(2) 
PARAMETRIC_REPRESENTATION_CONTEXT() REPRESENTATION_CONTEXT('2D SPACE',''
  ) );
#1294 = PCURVE('',#1220,#1295);
#1295 = DEFINITIONAL_REPRESENTATION('',(#1296),#1300);
#1296 = LINE('',#1297,#1298);
#1297 = CARTESIAN_POINT('',(0.,0.));
#1298 = VECTOR('',#1299,1.);
#1299 = DIRECTION('',(1.,0.));
#1300 = ( GEOMETRIC_REPRESENTATION_CONTEXT(2) 
PARAMETRIC_REPRESENTATION_CONTEXT() REPRESENTATION_CONTEXT('2D SPACE',''
  ) );
#1301 = ORIENTED_EDGE('',*,*,#1302,.F.);
#1302 = EDGE_CURVE('',#1256,#1279,#1303,.T.);
#1303 = SURFACE_CURVE('',#1304,(#1308,#1315),.PCURVE_S1.);
#1304 = LINE('',#1305,#1306);
#1305 = CARTESIAN_POINT('',(230.,-20.,7.5));
#1306 = VECTOR('',#1307,1.);
#1307 = DIRECTION('',(0.,1.,0.));
#1308 = PCURVE('',#919,#1309);
#1309 = DEFINITIONAL_REPRESENTATION('',(#1310),#1314);
#1310 = LINE('',#1311,#1312);
#1311 = CARTESIAN_POINT('',(-0.,0.));
#1312 = VECTOR('',#1313,1.);
#1313 = DIRECTION('',(-0.,1.));
#1314 = ( GEOMETRIC_REPRESENTATION_CONTEXT(2) 
PARAMETRIC_REPRESENTATION_CONTEXT() REPRESENTATION_CONTEXT('2D SPACE',''
  ) );
#1315 = PCURVE('',#1316,#1321);
#1316 = PLANE('',#1317);
#1317 = AXIS2_PLACEMENT_3D('',#1318,#1319,#1320);
#1318 = CARTESIAN_POINT('',(230.,-20.,-12.5));
#1319 = DIRECTION('',(1.,0.,0.));
#1320 = DIRECTION('',(0.,0.,1.));
#1321 = DEFINITIONAL_REPRESENTATION('',(#1322),#1326);
#1322 = LINE('',#1323,#1324);
#1323 = CARTESIAN_POINT('',(20.,0.));
#1324 = VECTOR('',#1325,1.);
#1325 = DIRECTION('',(0.,-1.));
#1326 = ( GEOMETRIC_REPRESENTATION_CONTEXT(2) 
PARAMETRIC_REPRESENTATION_CONTEXT() REPRESENTATION_CONTEXT('2D SPACE',''
  ) );
#1327 = ADVANCED_FACE('',(#1328),#973,.T.);
#1328 = FACE_BOUND('',#1329,.T.);
#1329 = EDGE_LOOP('',(#1330,#1331,#1356));
#1330 = ORIENTED_EDGE('',*,*,#1075,.F.);
#1331 = ORIENTED_EDGE('',*,*,#1332,.T.);
#1332 = EDGE_CURVE('',#1076,#957,#1333,.T.);
#1333 = SURFACE_CURVE('',#1334,(#1339,#1345),.PCURVE_S1.);
#1334 = CIRCLE('',#1335,5.);
#1335 = AXIS2_PLACEMENT_3D('',#1336,#1337,#1338);
#1336 = CARTESIAN_POINT('',(175.,-15.,-7.5));
#1337 = DIRECTION('',(-1.,6.123233995737E-17,0.));
#1338 = DIRECTION('',(-6.123233995737E-17,-1.,0.));
#1339 = PCURVE('',#973,#1340);
#1340 = DEFINITIONAL_REPRESENTATION('',(#1341),#1344);
#1341 = B_SPLINE_CURVE_WITH_KNOTS('',1,(#1342,#1343),.UNSPECIFIED.,.F.,
  .F.,(2,2),(4.712388980385,6.28318530718),.PIECEWISE_BEZIER_KNOTS.);
#1342 = CARTESIAN_POINT('',(1.570796326795,-1.570796326795));
#1343 = CARTESIAN_POINT('',(1.570796326795,0.));
#1344 = ( GEOMETRIC_REPRESENTATION_CONTEXT(2) 
PARAMETRIC_REPRESENTATION_CONTEXT() REPRESENTATION_CONTEXT('2D SPACE',''
  ) );
#1345 = PCURVE('',#1346,#1351);
#1346 = CYLINDRICAL_SURFACE('',#1347,5.);
#1347 = AXIS2_PLACEMENT_3D('',#1348,#1349,#1350);
#1348 = CARTESIAN_POINT('',(170.,-15.,-7.5));
#1349 = DIRECTION('',(1.,0.,0.));
#1350 = DIRECTION('',(0.,-1.,0.));
#1351 = DEFINITIONAL_REPRESENTATION('',(#1352),#1355);
#1352 = B_SPLINE_CURVE_WITH_KNOTS('',1,(#1353,#1354),.UNSPECIFIED.,.F.,
  .F.,(2,2),(4.712388980385,6.28318530718),.PIECEWISE_BEZIER_KNOTS.);
#1353 = CARTESIAN_POINT('',(1.570796326795,5.));
#1354 = CARTESIAN_POINT('',(0.,5.));
#1355 = ( GEOMETRIC_REPRESENTATION_CONTEXT(2) 
PARAMETRIC_REPRESENTATION_CONTEXT() REPRESENTATION_CONTEXT('2D SPACE',''
  ) );
#1356 = ORIENTED_EDGE('',*,*,#956,.F.);
#1357 = ADVANCED_FACE('',(#1358),#999,.F.);
#1358 = FACE_BOUND('',#1359,.F.);
#1359 = EDGE_LOOP('',(#1360,#1361,#1362,#1390));
#1360 = ORIENTED_EDGE('',*,*,#985,.T.);
#1361 = ORIENTED_EDGE('',*,*,#1178,.T.);
#1362 = ORIENTED_EDGE('',*,*,#1363,.F.);
#1363 = EDGE_CURVE('',#1364,#1152,#1366,.T.);
#1364 = VERTEX_POINT('',#1365);
#1365 = CARTESIAN_POINT('',(225.,-20.,-7.5));
#1366 = SURFACE_CURVE('',#1367,(#1371,#1378),.PCURVE_S1.);
#1367 = LINE('',#1368,#1369);
#1368 = CARTESIAN_POINT('',(225.,-20.,-12.5));
#1369 = VECTOR('',#1370,1.);
#1370 = DIRECTION('',(0.,0.,1.));
#1371 = PCURVE('',#999,#1372);
#1372 = DEFINITIONAL_REPRESENTATION('',(#1373),#1377);
#1373 = LINE('',#1374,#1375);
#1374 = CARTESIAN_POINT('',(0.,55.));
#1375 = VECTOR('',#1376,1.);
#1376 = DIRECTION('',(1.,0.));
#1377 = ( GEOMETRIC_REPRESENTATION_CONTEXT(2) 
PARAMETRIC_REPRESENTATION_CONTEXT() REPRESENTATION_CONTEXT('2D SPACE',''
  ) );
#1378 = PCURVE('',#1379,#1384);
#1379 = CYLINDRICAL_SURFACE('',#1380,5.);
#1380 = AXIS2_PLACEMENT_3D('',#1381,#1382,#1383);
#1381 = CARTESIAN_POINT('',(225.,-15.,-12.5));
#1382 = DIRECTION('',(0.,0.,1.));
#1383 = DIRECTION('',(1.,0.,-0.));
#1384 = DEFINITIONAL_REPRESENTATION('',(#1385),#1389);
#1385 = LINE('',#1386,#1387);
#1386 = CARTESIAN_POINT('',(-1.570796326795,0.));
#1387 = VECTOR('',#1388,1.);
#1388 = DIRECTION('',(-0.,1.));
#1389 = ( GEOMETRIC_REPRESENTATION_CONTEXT(2) 
PARAMETRIC_REPRESENTATION_CONTEXT() REPRESENTATION_CONTEXT('2D SPACE',''
  ) );
#1390 = ORIENTED_EDGE('',*,*,#1391,.F.);
#1391 = EDGE_CURVE('',#957,#1364,#1392,.T.);
#1392 = SURFACE_CURVE('',#1393,(#1397,#1404),.PCURVE_S1.);
#1393 = LINE('',#1394,#1395);
#1394 = CARTESIAN_POINT('',(170.,-20.,-7.5));
#1395 = VECTOR('',#1396,1.);
#1396 = DIRECTION('',(1.,0.,0.));
#1397 = PCURVE('',#999,#1398);
#1398 = DEFINITIONAL_REPRESENTATION('',(#1399),#1403);
#1399 = LINE('',#1400,#1401);
#1400 = CARTESIAN_POINT('',(5.,0.));
#1401 = VECTOR('',#1402,1.);
#1402 = DIRECTION('',(0.,1.));
#1403 = ( GEOMETRIC_REPRESENTATION_CONTEXT(2) 
PARAMETRIC_REPRESENTATION_CONTEXT() REPRESENTATION_CONTEXT('2D SPACE',''
  ) );
#1404 = PCURVE('',#1346,#1405);
#1405 = DEFINITIONAL_REPRESENTATION('',(#1406),#1410);
#1406 = LINE('',#1407,#1408);
#1407 = CARTESIAN_POINT('',(0.,0.));
#1408 = VECTOR('',#1409,1.);
#1409 = DIRECTION('',(0.,1.));
#1410 = ( GEOMETRIC_REPRESENTATION_CONTEXT(2) 
PARAMETRIC_REPRESENTATION_CONTEXT() REPRESENTATION_CONTEXT('2D SPACE',''
  ) );
#1411 = ADVANCED_FACE('',(#1412),#1033,.T.);
#1412 = FACE_BOUND('',#1413,.F.);
#1413 = EDGE_LOOP('',(#1414,#1415,#1440));
#1414 = ORIENTED_EDGE('',*,*,#1125,.F.);
#1415 = ORIENTED_EDGE('',*,*,#1416,.T.);
#1416 = EDGE_CURVE('',#1098,#1017,#1417,.T.);
#1417 = SURFACE_CURVE('',#1418,(#1423,#1429),.PCURVE_S1.);
#1418 = CIRCLE('',#1419,5.);
#1419 = AXIS2_PLACEMENT_3D('',#1420,#1421,#1422);
#1420 = CARTESIAN_POINT('',(175.,15.,-7.5));
#1421 = DIRECTION('',(1.,6.123233995737E-17,-0.));
#1422 = DIRECTION('',(-6.123233995737E-17,1.,0.));
#1423 = PCURVE('',#1033,#1424);
#1424 = DEFINITIONAL_REPRESENTATION('',(#1425),#1428);
#1425 = B_SPLINE_CURVE_WITH_KNOTS('',1,(#1426,#1427),.UNSPECIFIED.,.F.,
  .F.,(2,2),(4.712388980385,6.28318530718),.PIECEWISE_BEZIER_KNOTS.);
#1426 = CARTESIAN_POINT('',(-1.570796326795,-1.570796326795));
#1427 = CARTESIAN_POINT('',(-1.570796326795,0.));
#1428 = ( GEOMETRIC_REPRESENTATION_CONTEXT(2) 
PARAMETRIC_REPRESENTATION_CONTEXT() REPRESENTATION_CONTEXT('2D SPACE',''
  ) );
#1429 = PCURVE('',#1430,#1435);
#1430 = CYLINDRICAL_SURFACE('',#1431,5.);
#1431 = AXIS2_PLACEMENT_3D('',#1432,#1433,#1434);
#1432 = CARTESIAN_POINT('',(170.,15.,-7.5));
#1433 = DIRECTION('',(1.,0.,0.));
#1434 = DIRECTION('',(-0.,1.,0.));
#1435 = DEFINITIONAL_REPRESENTATION('',(#1436),#1439);
#1436 = B_SPLINE_CURVE_WITH_KNOTS('',1,(#1437,#1438),.UNSPECIFIED.,.F.,
  .F.,(2,2),(4.712388980385,6.28318530718),.PIECEWISE_BEZIER_KNOTS.);
#1437 = CARTESIAN_POINT('',(-1.570796326795,5.));
#1438 = CARTESIAN_POINT('',(0.,5.));
#1439 = ( GEOMETRIC_REPRESENTATION_CONTEXT(2) 
PARAMETRIC_REPRESENTATION_CONTEXT() REPRESENTATION_CONTEXT('2D SPACE',''
  ) );
#1440 = ORIENTED_EDGE('',*,*,#1016,.F.);
#1441 = ADVANCED_FACE('',(#1442),#1059,.T.);
#1442 = FACE_BOUND('',#1443,.T.);
#1443 = EDGE_LOOP('',(#1444,#1445,#1446,#1474));
#1444 = ORIENTED_EDGE('',*,*,#1045,.T.);
#1445 = ORIENTED_EDGE('',*,*,#1231,.T.);
#1446 = ORIENTED_EDGE('',*,*,#1447,.F.);
#1447 = EDGE_CURVE('',#1448,#1205,#1450,.T.);
#1448 = VERTEX_POINT('',#1449);
#1449 = CARTESIAN_POINT('',(225.,20.,-7.5));
#1450 = SURFACE_CURVE('',#1451,(#1455,#1462),.PCURVE_S1.);
#1451 = LINE('',#1452,#1453);
#1452 = CARTESIAN_POINT('',(225.,20.,-12.5));
#1453 = VECTOR('',#1454,1.);
#1454 = DIRECTION('',(0.,0.,1.));
#1455 = PCURVE('',#1059,#1456);
#1456 = DEFINITIONAL_REPRESENTATION('',(#1457),#1461);
#1457 = LINE('',#1458,#1459);
#1458 = CARTESIAN_POINT('',(0.,55.));
#1459 = VECTOR('',#1460,1.);
#1460 = DIRECTION('',(1.,0.));
#1461 = ( GEOMETRIC_REPRESENTATION_CONTEXT(2) 
PARAMETRIC_REPRESENTATION_CONTEXT() REPRESENTATION_CONTEXT('2D SPACE',''
  ) );
#1462 = PCURVE('',#1463,#1468);
#1463 = CYLINDRICAL_SURFACE('',#1464,5.);
#1464 = AXIS2_PLACEMENT_3D('',#1465,#1466,#1467);
#1465 = CARTESIAN_POINT('',(225.,15.,-12.5));
#1466 = DIRECTION('',(0.,0.,1.));
#1467 = DIRECTION('',(1.,0.,-0.));
#1468 = DEFINITIONAL_REPRESENTATION('',(#1469),#1473);
#1469 = LINE('',#1470,#1471);
#1470 = CARTESIAN_POINT('',(1.570796326795,0.));
#1471 = VECTOR('',#1472,1.);
#1472 = DIRECTION('',(0.,1.));
#1473 = ( GEOMETRIC_REPRESENTATION_CONTEXT(2) 
PARAMETRIC_REPRESENTATION_CONTEXT() REPRESENTATION_CONTEXT('2D SPACE',''
  ) );
#1474 = ORIENTED_EDGE('',*,*,#1475,.F.);
#1475 = EDGE_CURVE('',#1017,#1448,#1476,.T.);
#1476 = SURFACE_CURVE('',#1477,(#1481,#1488),.PCURVE_S1.);
#1477 = LINE('',#1478,#1479);
#1478 = CARTESIAN_POINT('',(170.,20.,-7.5));
#1479 = VECTOR('',#1480,1.);
#1480 = DIRECTION('',(1.,0.,0.));
#1481 = PCURVE('',#1059,#1482);
#1482 = DEFINITIONAL_REPRESENTATION('',(#1483),#1487);
#1483 = LINE('',#1484,#1485);
#1484 = CARTESIAN_POINT('',(5.,0.));
#1485 = VECTOR('',#1486,1.);
#1486 = DIRECTION('',(0.,1.));
#1487 = ( GEOMETRIC_REPRESENTATION_CONTEXT(2) 
PARAMETRIC_REPRESENTATION_CONTEXT() REPRESENTATION_CONTEXT('2D SPACE',''
  ) );
#1488 = PCURVE('',#1430,#1489);
#1489 = DEFINITIONAL_REPRESENTATION('',(#1490),#1494);
#1490 = LINE('',#1491,#1492);
#1491 = CARTESIAN_POINT('',(-0.,0.));
#1492 = VECTOR('',#1493,1.);
#1493 = DIRECTION('',(-0.,1.));
#1494 = ( GEOMETRIC_REPRESENTATION_CONTEXT(2) 
PARAMETRIC_REPRESENTATION_CONTEXT() REPRESENTATION_CONTEXT('2D SPACE',''
  ) );
#1495 = ADVANCED_FACE('',(#1496),#1113,.F.);
#1496 = FACE_BOUND('',#1497,.F.);
#1497 = EDGE_LOOP('',(#1498,#1499,#1522,#1550));
#1498 = ORIENTED_EDGE('',*,*,#1097,.F.);
#1499 = ORIENTED_EDGE('',*,*,#1500,.T.);
#1500 = EDGE_CURVE('',#1076,#1501,#1503,.T.);
#1501 = VERTEX_POINT('',#1502);
#1502 = CARTESIAN_POINT('',(225.,-15.,-12.5));
#1503 = SURFACE_CURVE('',#1504,(#1508,#1515),.PCURVE_S1.);
#1504 = LINE('',#1505,#1506);
#1505 = CARTESIAN_POINT('',(170.,-15.,-12.5));
#1506 = VECTOR('',#1507,1.);
#1507 = DIRECTION('',(1.,0.,0.));
#1508 = PCURVE('',#1113,#1509);
#1509 = DEFINITIONAL_REPRESENTATION('',(#1510),#1514);
#1510 = LINE('',#1511,#1512);
#1511 = CARTESIAN_POINT('',(0.,5.));
#1512 = VECTOR('',#1513,1.);
#1513 = DIRECTION('',(1.,0.));
#1514 = ( GEOMETRIC_REPRESENTATION_CONTEXT(2) 
PARAMETRIC_REPRESENTATION_CONTEXT() REPRESENTATION_CONTEXT('2D SPACE',''
  ) );
#1515 = PCURVE('',#1346,#1516);
#1516 = DEFINITIONAL_REPRESENTATION('',(#1517),#1521);
#1517 = LINE('',#1518,#1519);
#1518 = CARTESIAN_POINT('',(1.570796326795,0.));
#1519 = VECTOR('',#1520,1.);
#1520 = DIRECTION('',(0.,1.));
#1521 = ( GEOMETRIC_REPRESENTATION_CONTEXT(2) 
PARAMETRIC_REPRESENTATION_CONTEXT() REPRESENTATION_CONTEXT('2D SPACE',''
  ) );
#1522 = ORIENTED_EDGE('',*,*,#1523,.T.);
#1523 = EDGE_CURVE('',#1501,#1524,#1526,.T.);
#1524 = VERTEX_POINT('',#1525);
#1525 = CARTESIAN_POINT('',(225.,15.,-12.5));
#1526 = SURFACE_CURVE('',#1527,(#1531,#1538),.PCURVE_S1.);
#1527 = LINE('',#1528,#1529);
#1528 = CARTESIAN_POINT('',(225.,-20.,-12.5));
#1529 = VECTOR('',#1530,1.);
#1530 = DIRECTION('',(0.,1.,0.));
#1531 = PCURVE('',#1113,#1532);
#1532 = DEFINITIONAL_REPRESENTATION('',(#1533),#1537);
#1533 = LINE('',#1534,#1535);
#1534 = CARTESIAN_POINT('',(55.,0.));
#1535 = VECTOR('',#1536,1.);
#1536 = DIRECTION('',(0.,1.));
#1537 = ( GEOMETRIC_REPRESENTATION_CONTEXT(2) 
PARAMETRIC_REPRESENTATION_CONTEXT() REPRESENTATION_CONTEXT('2D SPACE',''
  ) );
#1538 = PCURVE('',#1539,#1544);
#1539 = CYLINDRICAL_SURFACE('',#1540,5.);
#1540 = AXIS2_PLACEMENT_3D('',#1541,#1542,#1543);
#1541 = CARTESIAN_POINT('',(225.,-20.,-7.5));
#1542 = DIRECTION('',(0.,1.,0.));
#1543 = DIRECTION('',(1.,0.,-0.));
#1544 = DEFINITIONAL_REPRESENTATION('',(#1545),#1549);
#1545 = LINE('',#1546,#1547);
#1546 = CARTESIAN_POINT('',(1.570796326795,0.));
#1547 = VECTOR('',#1548,1.);
#1548 = DIRECTION('',(0.,1.));
#1549 = ( GEOMETRIC_REPRESENTATION_CONTEXT(2) 
PARAMETRIC_REPRESENTATION_CONTEXT() REPRESENTATION_CONTEXT('2D SPACE',''
  ) );
#1550 = ORIENTED_EDGE('',*,*,#1551,.F.);
#1551 = EDGE_CURVE('',#1098,#1524,#1552,.T.);
#1552 = SURFACE_CURVE('',#1553,(#1557,#1564),.PCURVE_S1.);
#1553 = LINE('',#1554,#1555);
#1554 = CARTESIAN_POINT('',(170.,15.,-12.5));
#1555 = VECTOR('',#1556,1.);
#1556 = DIRECTION('',(1.,0.,0.));
#1557 = PCURVE('',#1113,#1558);
#1558 = DEFINITIONAL_REPRESENTATION('',(#1559),#1563);
#1559 = LINE('',#1560,#1561);
#1560 = CARTESIAN_POINT('',(0.,35.));
#1561 = VECTOR('',#1562,1.);
#1562 = DIRECTION('',(1.,0.));
#1563 = ( GEOMETRIC_REPRESENTATION_CONTEXT(2) 
PARAMETRIC_REPRESENTATION_CONTEXT() REPRESENTATION_CONTEXT('2D SPACE',''
  ) );
#1564 = PCURVE('',#1430,#1565);
#1565 = DEFINITIONAL_REPRESENTATION('',(#1566),#1570);
#1566 = LINE('',#1567,#1568);
#1567 = CARTESIAN_POINT('',(-1.570796326795,0.));
#1568 = VECTOR('',#1569,1.);
#1569 = DIRECTION('',(-0.,1.));
#1570 = ( GEOMETRIC_REPRESENTATION_CONTEXT(2) 
PARAMETRIC_REPRESENTATION_CONTEXT() REPRESENTATION_CONTEXT('2D SPACE',''
  ) );
#1571 = ADVANCED_FACE('',(#1572),#1167,.T.);
#1572 = FACE_BOUND('',#1573,.T.);
#1573 = EDGE_LOOP('',(#1574,#1575,#1576));
#1574 = ORIENTED_EDGE('',*,*,#1255,.F.);
#1575 = ORIENTED_EDGE('',*,*,#1151,.T.);
#1576 = ORIENTED_EDGE('',*,*,#1577,.F.);
#1577 = EDGE_CURVE('',#1256,#1152,#1578,.T.);
#1578 = SURFACE_CURVE('',#1579,(#1584,#1591),.PCURVE_S1.);
#1579 = CIRCLE('',#1580,5.);
#1580 = AXIS2_PLACEMENT_3D('',#1581,#1582,#1583);
#1581 = CARTESIAN_POINT('',(225.,-15.,7.5));
#1582 = DIRECTION('',(0.,0.,-1.));
#1583 = DIRECTION('',(1.,0.,0.));
#1584 = PCURVE('',#1167,#1585);
#1585 = DEFINITIONAL_REPRESENTATION('',(#1586),#1590);
#1586 = LINE('',#1587,#1588);
#1587 = CARTESIAN_POINT('',(0.,0.));
#1588 = VECTOR('',#1589,1.);
#1589 = DIRECTION('',(1.,0.));
#1590 = ( GEOMETRIC_REPRESENTATION_CONTEXT(2) 
PARAMETRIC_REPRESENTATION_CONTEXT() REPRESENTATION_CONTEXT('2D SPACE',''
  ) );
#1591 = PCURVE('',#1379,#1592);
#1592 = DEFINITIONAL_REPRESENTATION('',(#1593),#1597);
#1593 = LINE('',#1594,#1595);
#1594 = CARTESIAN_POINT('',(-0.,20.));
#1595 = VECTOR('',#1596,1.);
#1596 = DIRECTION('',(-1.,0.));
#1597 = ( GEOMETRIC_REPRESENTATION_CONTEXT(2) 
PARAMETRIC_REPRESENTATION_CONTEXT() REPRESENTATION_CONTEXT('2D SPACE',''
  ) );
#1598 = ADVANCED_FACE('',(#1599),#1220,.T.);
#1599 = FACE_BOUND('',#1600,.T.);
#1600 = EDGE_LOOP('',(#1601,#1621,#1622));
#1601 = ORIENTED_EDGE('',*,*,#1602,.F.);
#1602 = EDGE_CURVE('',#1205,#1279,#1603,.T.);
#1603 = SURFACE_CURVE('',#1604,(#1609,#1615),.PCURVE_S1.);
#1604 = CIRCLE('',#1605,5.);
#1605 = AXIS2_PLACEMENT_3D('',#1606,#1607,#1608);
#1606 = CARTESIAN_POINT('',(225.,15.,7.5));
#1607 = DIRECTION('',(1.7763568394E-16,0.,-1.));
#1608 = DIRECTION('',(1.,0.,1.7763568394E-16));
#1609 = PCURVE('',#1220,#1610);
#1610 = DEFINITIONAL_REPRESENTATION('',(#1611),#1614);
#1611 = B_SPLINE_CURVE_WITH_KNOTS('',1,(#1612,#1613),.UNSPECIFIED.,.F.,
  .F.,(2,2),(4.712388980385,6.28318530718),.PIECEWISE_BEZIER_KNOTS.);
#1612 = CARTESIAN_POINT('',(0.,-1.570796326795));
#1613 = CARTESIAN_POINT('',(0.,0.));
#1614 = ( GEOMETRIC_REPRESENTATION_CONTEXT(2) 
PARAMETRIC_REPRESENTATION_CONTEXT() REPRESENTATION_CONTEXT('2D SPACE',''
  ) );
#1615 = PCURVE('',#1463,#1616);
#1616 = DEFINITIONAL_REPRESENTATION('',(#1617),#1620);
#1617 = B_SPLINE_CURVE_WITH_KNOTS('',1,(#1618,#1619),.UNSPECIFIED.,.F.,
  .F.,(2,2),(4.712388980385,6.28318530718),.PIECEWISE_BEZIER_KNOTS.);
#1618 = CARTESIAN_POINT('',(1.570796326795,20.));
#1619 = CARTESIAN_POINT('',(0.,20.));
#1620 = ( GEOMETRIC_REPRESENTATION_CONTEXT(2) 
PARAMETRIC_REPRESENTATION_CONTEXT() REPRESENTATION_CONTEXT('2D SPACE',''
  ) );
#1621 = ORIENTED_EDGE('',*,*,#1204,.T.);
#1622 = ORIENTED_EDGE('',*,*,#1278,.F.);
#1623 = ADVANCED_FACE('',(#1624),#1316,.T.);
#1624 = FACE_BOUND('',#1625,.T.);
#1625 = EDGE_LOOP('',(#1626,#1649,#1672,#1693));
#1626 = ORIENTED_EDGE('',*,*,#1627,.F.);
#1627 = EDGE_CURVE('',#1628,#1256,#1630,.T.);
#1628 = VERTEX_POINT('',#1629);
#1629 = CARTESIAN_POINT('',(230.,-15.,-7.5));
#1630 = SURFACE_CURVE('',#1631,(#1635,#1642),.PCURVE_S1.);
#1631 = LINE('',#1632,#1633);
#1632 = CARTESIAN_POINT('',(230.,-15.,-12.5));
#1633 = VECTOR('',#1634,1.);
#1634 = DIRECTION('',(0.,0.,1.));
#1635 = PCURVE('',#1316,#1636);
#1636 = DEFINITIONAL_REPRESENTATION('',(#1637),#1641);
#1637 = LINE('',#1638,#1639);
#1638 = CARTESIAN_POINT('',(0.,-5.));
#1639 = VECTOR('',#1640,1.);
#1640 = DIRECTION('',(1.,0.));
#1641 = ( GEOMETRIC_REPRESENTATION_CONTEXT(2) 
PARAMETRIC_REPRESENTATION_CONTEXT() REPRESENTATION_CONTEXT('2D SPACE',''
  ) );
#1642 = PCURVE('',#1379,#1643);
#1643 = DEFINITIONAL_REPRESENTATION('',(#1644),#1648);
#1644 = LINE('',#1645,#1646);
#1645 = CARTESIAN_POINT('',(-0.,0.));
#1646 = VECTOR('',#1647,1.);
#1647 = DIRECTION('',(-0.,1.));
#1648 = ( GEOMETRIC_REPRESENTATION_CONTEXT(2) 
PARAMETRIC_REPRESENTATION_CONTEXT() REPRESENTATION_CONTEXT('2D SPACE',''
  ) );
#1649 = ORIENTED_EDGE('',*,*,#1650,.T.);
#1650 = EDGE_CURVE('',#1628,#1651,#1653,.T.);
#1651 = VERTEX_POINT('',#1652);
#1652 = CARTESIAN_POINT('',(230.,15.,-7.5));
#1653 = SURFACE_CURVE('',#1654,(#1658,#1665),.PCURVE_S1.);
#1654 = LINE('',#1655,#1656);
#1655 = CARTESIAN_POINT('',(230.,-20.,-7.5));
#1656 = VECTOR('',#1657,1.);
#1657 = DIRECTION('',(0.,1.,0.));
#1658 = PCURVE('',#1316,#1659);
#1659 = DEFINITIONAL_REPRESENTATION('',(#1660),#1664);
#1660 = LINE('',#1661,#1662);
#1661 = CARTESIAN_POINT('',(5.,0.));
#1662 = VECTOR('',#1663,1.);
#1663 = DIRECTION('',(0.,-1.));
#1664 = ( GEOMETRIC_REPRESENTATION_CONTEXT(2) 
PARAMETRIC_REPRESENTATION_CONTEXT() REPRESENTATION_CONTEXT('2D SPACE',''
  ) );
#1665 = PCURVE('',#1539,#1666);
#1666 = DEFINITIONAL_REPRESENTATION('',(#1667),#1671);
#1667 = LINE('',#1668,#1669);
#1668 = CARTESIAN_POINT('',(0.,0.));
#1669 = VECTOR('',#1670,1.);
#1670 = DIRECTION('',(0.,1.));
#1671 = ( GEOMETRIC_REPRESENTATION_CONTEXT(2) 
PARAMETRIC_REPRESENTATION_CONTEXT() REPRESENTATION_CONTEXT('2D SPACE',''
  ) );
#1672 = ORIENTED_EDGE('',*,*,#1673,.T.);
#1673 = EDGE_CURVE('',#1651,#1279,#1674,.T.);
#1674 = SURFACE_CURVE('',#1675,(#1679,#1686),.PCURVE_S1.);
#1675 = LINE('',#1676,#1677);
#1676 = CARTESIAN_POINT('',(230.,15.,-12.5));
#1677 = VECTOR('',#1678,1.);
#1678 = DIRECTION('',(0.,0.,1.));
#1679 = PCURVE('',#1316,#1680);
#1680 = DEFINITIONAL_REPRESENTATION('',(#1681),#1685);
#1681 = LINE('',#1682,#1683);
#1682 = CARTESIAN_POINT('',(0.,-35.));
#1683 = VECTOR('',#1684,1.);
#1684 = DIRECTION('',(1.,0.));
#1685 = ( GEOMETRIC_REPRESENTATION_CONTEXT(2) 
PARAMETRIC_REPRESENTATION_CONTEXT() REPRESENTATION_CONTEXT('2D SPACE',''
  ) );
#1686 = PCURVE('',#1463,#1687);
#1687 = DEFINITIONAL_REPRESENTATION('',(#1688),#1692);
#1688 = LINE('',#1689,#1690);
#1689 = CARTESIAN_POINT('',(0.,0.));
#1690 = VECTOR('',#1691,1.);
#1691 = DIRECTION('',(0.,1.));
#1692 = ( GEOMETRIC_REPRESENTATION_CONTEXT(2) 
PARAMETRIC_REPRESENTATION_CONTEXT() REPRESENTATION_CONTEXT('2D SPACE',''
  ) );
#1693 = ORIENTED_EDGE('',*,*,#1302,.F.);
#1694 = ADVANCED_FACE('',(#1695),#1346,.T.);
#1695 = FACE_BOUND('',#1696,.T.);
#1696 = EDGE_LOOP('',(#1697,#1698,#1699,#1724));
#1697 = ORIENTED_EDGE('',*,*,#1332,.F.);
#1698 = ORIENTED_EDGE('',*,*,#1500,.T.);
#1699 = ORIENTED_EDGE('',*,*,#1700,.T.);
#1700 = EDGE_CURVE('',#1501,#1364,#1701,.T.);
#1701 = SURFACE_CURVE('',#1702,(#1707,#1713),.PCURVE_S1.);
#1702 = CIRCLE('',#1703,5.);
#1703 = AXIS2_PLACEMENT_3D('',#1704,#1705,#1706);
#1704 = CARTESIAN_POINT('',(225.,-15.,-7.5));
#1705 = DIRECTION('',(-1.,-6.123233995737E-17,0.));
#1706 = DIRECTION('',(6.123233995737E-17,-1.,-0.));
#1707 = PCURVE('',#1346,#1708);
#1708 = DEFINITIONAL_REPRESENTATION('',(#1709),#1712);
#1709 = B_SPLINE_CURVE_WITH_KNOTS('',1,(#1710,#1711),.UNSPECIFIED.,.F.,
  .F.,(2,2),(4.712388980385,6.28318530718),.PIECEWISE_BEZIER_KNOTS.);
#1710 = CARTESIAN_POINT('',(1.570796326795,55.));
#1711 = CARTESIAN_POINT('',(0.,55.));
#1712 = ( GEOMETRIC_REPRESENTATION_CONTEXT(2) 
PARAMETRIC_REPRESENTATION_CONTEXT() REPRESENTATION_CONTEXT('2D SPACE',''
  ) );
#1713 = PCURVE('',#1714,#1719);
#1714 = SPHERICAL_SURFACE('',#1715,5.);
#1715 = AXIS2_PLACEMENT_3D('',#1716,#1717,#1718);
#1716 = CARTESIAN_POINT('',(225.,-15.,-7.5));
#1717 = DIRECTION('',(0.,0.,1.));
#1718 = DIRECTION('',(1.,0.,-0.));
#1719 = DEFINITIONAL_REPRESENTATION('',(#1720),#1723);
#1720 = B_SPLINE_CURVE_WITH_KNOTS('',1,(#1721,#1722),.UNSPECIFIED.,.F.,
  .F.,(2,2),(4.712388980385,6.28318530718),.PIECEWISE_BEZIER_KNOTS.);
#1721 = CARTESIAN_POINT('',(-1.570796326795,-1.570796326795));
#1722 = CARTESIAN_POINT('',(-1.570796326795,0.));
#1723 = ( GEOMETRIC_REPRESENTATION_CONTEXT(2) 
PARAMETRIC_REPRESENTATION_CONTEXT() REPRESENTATION_CONTEXT('2D SPACE',''
  ) );
#1724 = ORIENTED_EDGE('',*,*,#1391,.F.);
#1725 = ADVANCED_FACE('',(#1726),#1379,.T.);
#1726 = FACE_BOUND('',#1727,.F.);
#1727 = EDGE_LOOP('',(#1728,#1729,#1751,#1752));
#1728 = ORIENTED_EDGE('',*,*,#1627,.F.);
#1729 = ORIENTED_EDGE('',*,*,#1730,.T.);
#1730 = EDGE_CURVE('',#1628,#1364,#1731,.T.);
#1731 = SURFACE_CURVE('',#1732,(#1737,#1744),.PCURVE_S1.);
#1732 = CIRCLE('',#1733,5.);
#1733 = AXIS2_PLACEMENT_3D('',#1734,#1735,#1736);
#1734 = CARTESIAN_POINT('',(225.,-15.,-7.5));
#1735 = DIRECTION('',(0.,-0.,-1.));
#1736 = DIRECTION('',(1.,0.,-0.));
#1737 = PCURVE('',#1379,#1738);
#1738 = DEFINITIONAL_REPRESENTATION('',(#1739),#1743);
#1739 = LINE('',#1740,#1741);
#1740 = CARTESIAN_POINT('',(-0.,5.));
#1741 = VECTOR('',#1742,1.);
#1742 = DIRECTION('',(-1.,0.));
#1743 = ( GEOMETRIC_REPRESENTATION_CONTEXT(2) 
PARAMETRIC_REPRESENTATION_CONTEXT() REPRESENTATION_CONTEXT('2D SPACE',''
  ) );
#1744 = PCURVE('',#1714,#1745);
#1745 = DEFINITIONAL_REPRESENTATION('',(#1746),#1750);
#1746 = LINE('',#1747,#1748);
#1747 = CARTESIAN_POINT('',(-0.,0.));
#1748 = VECTOR('',#1749,1.);
#1749 = DIRECTION('',(-1.,0.));
#1750 = ( GEOMETRIC_REPRESENTATION_CONTEXT(2) 
PARAMETRIC_REPRESENTATION_CONTEXT() REPRESENTATION_CONTEXT('2D SPACE',''
  ) );
#1751 = ORIENTED_EDGE('',*,*,#1363,.T.);
#1752 = ORIENTED_EDGE('',*,*,#1577,.F.);
#1753 = ADVANCED_FACE('',(#1754),#1430,.T.);
#1754 = FACE_BOUND('',#1755,.F.);
#1755 = EDGE_LOOP('',(#1756,#1757,#1758,#1783));
#1756 = ORIENTED_EDGE('',*,*,#1416,.F.);
#1757 = ORIENTED_EDGE('',*,*,#1551,.T.);
#1758 = ORIENTED_EDGE('',*,*,#1759,.T.);
#1759 = EDGE_CURVE('',#1524,#1448,#1760,.T.);
#1760 = SURFACE_CURVE('',#1761,(#1766,#1772),.PCURVE_S1.);
#1761 = CIRCLE('',#1762,5.);
#1762 = AXIS2_PLACEMENT_3D('',#1763,#1764,#1765);
#1763 = CARTESIAN_POINT('',(225.,15.,-7.5));
#1764 = DIRECTION('',(1.,-6.123233995737E-17,0.));
#1765 = DIRECTION('',(6.123233995737E-17,1.,0.));
#1766 = PCURVE('',#1430,#1767);
#1767 = DEFINITIONAL_REPRESENTATION('',(#1768),#1771);
#1768 = B_SPLINE_CURVE_WITH_KNOTS('',1,(#1769,#1770),.UNSPECIFIED.,.F.,
  .F.,(2,2),(4.712388980385,6.28318530718),.PIECEWISE_BEZIER_KNOTS.);
#1769 = CARTESIAN_POINT('',(-1.570796326795,55.));
#1770 = CARTESIAN_POINT('',(0.,55.));
#1771 = ( GEOMETRIC_REPRESENTATION_CONTEXT(2) 
PARAMETRIC_REPRESENTATION_CONTEXT() REPRESENTATION_CONTEXT('2D SPACE',''
  ) );
#1772 = PCURVE('',#1773,#1778);
#1773 = SPHERICAL_SURFACE('',#1774,5.);
#1774 = AXIS2_PLACEMENT_3D('',#1775,#1776,#1777);
#1775 = CARTESIAN_POINT('',(225.,15.,-7.5));
#1776 = DIRECTION('',(0.,0.,1.));
#1777 = DIRECTION('',(1.,0.,-0.));
#1778 = DEFINITIONAL_REPRESENTATION('',(#1779),#1782);
#1779 = B_SPLINE_CURVE_WITH_KNOTS('',1,(#1780,#1781),.UNSPECIFIED.,.F.,
  .F.,(2,2),(4.712388980385,6.28318530718),.PIECEWISE_BEZIER_KNOTS.);
#1780 = CARTESIAN_POINT('',(1.570796326795,-1.570796326795));
#1781 = CARTESIAN_POINT('',(1.570796326795,0.));
#1782 = ( GEOMETRIC_REPRESENTATION_CONTEXT(2) 
PARAMETRIC_REPRESENTATION_CONTEXT() REPRESENTATION_CONTEXT('2D SPACE',''
  ) );
#1783 = ORIENTED_EDGE('',*,*,#1475,.F.);
#1784 = ADVANCED_FACE('',(#1785),#1463,.T.);
#1785 = FACE_BOUND('',#1786,.T.);
#1786 = EDGE_LOOP('',(#1787,#1788,#1810,#1811));
#1787 = ORIENTED_EDGE('',*,*,#1673,.F.);
#1788 = ORIENTED_EDGE('',*,*,#1789,.T.);
#1789 = EDGE_CURVE('',#1651,#1448,#1790,.T.);
#1790 = SURFACE_CURVE('',#1791,(#1796,#1803),.PCURVE_S1.);
#1791 = CIRCLE('',#1792,5.);
#1792 = AXIS2_PLACEMENT_3D('',#1793,#1794,#1795);
#1793 = CARTESIAN_POINT('',(225.,15.,-7.5));
#1794 = DIRECTION('',(0.,0.,1.));
#1795 = DIRECTION('',(1.,0.,-0.));
#1796 = PCURVE('',#1463,#1797);
#1797 = DEFINITIONAL_REPRESENTATION('',(#1798),#1802);
#1798 = LINE('',#1799,#1800);
#1799 = CARTESIAN_POINT('',(0.,5.));
#1800 = VECTOR('',#1801,1.);
#1801 = DIRECTION('',(1.,0.));
#1802 = ( GEOMETRIC_REPRESENTATION_CONTEXT(2) 
PARAMETRIC_REPRESENTATION_CONTEXT() REPRESENTATION_CONTEXT('2D SPACE',''
  ) );
#1803 = PCURVE('',#1773,#1804);
#1804 = DEFINITIONAL_REPRESENTATION('',(#1805),#1809);
#1805 = LINE('',#1806,#1807);
#1806 = CARTESIAN_POINT('',(0.,0.));
#1807 = VECTOR('',#1808,1.);
#1808 = DIRECTION('',(1.,0.));
#1809 = ( GEOMETRIC_REPRESENTATION_CONTEXT(2) 
PARAMETRIC_REPRESENTATION_CONTEXT() REPRESENTATION_CONTEXT('2D SPACE',''
  ) );
#1810 = ORIENTED_EDGE('',*,*,#1447,.T.);
#1811 = ORIENTED_EDGE('',*,*,#1602,.T.);
#1812 = ADVANCED_FACE('',(#1813),#1539,.T.);
#1813 = FACE_BOUND('',#1814,.T.);
#1814 = EDGE_LOOP('',(#1815,#1835,#1836,#1856));
#1815 = ORIENTED_EDGE('',*,*,#1816,.F.);
#1816 = EDGE_CURVE('',#1501,#1628,#1817,.T.);
#1817 = SURFACE_CURVE('',#1818,(#1823,#1829),.PCURVE_S1.);
#1818 = CIRCLE('',#1819,5.);
#1819 = AXIS2_PLACEMENT_3D('',#1820,#1821,#1822);
#1820 = CARTESIAN_POINT('',(225.,-15.,-7.5));
#1821 = DIRECTION('',(0.,-1.,0.));
#1822 = DIRECTION('',(1.,0.,0.));
#1823 = PCURVE('',#1539,#1824);
#1824 = DEFINITIONAL_REPRESENTATION('',(#1825),#1828);
#1825 = B_SPLINE_CURVE_WITH_KNOTS('',1,(#1826,#1827),.UNSPECIFIED.,.F.,
  .F.,(2,2),(4.712388980385,6.28318530718),.PIECEWISE_BEZIER_KNOTS.);
#1826 = CARTESIAN_POINT('',(1.570796326795,5.));
#1827 = CARTESIAN_POINT('',(0.,5.));
#1828 = ( GEOMETRIC_REPRESENTATION_CONTEXT(2) 
PARAMETRIC_REPRESENTATION_CONTEXT() REPRESENTATION_CONTEXT('2D SPACE',''
  ) );
#1829 = PCURVE('',#1714,#1830);
#1830 = DEFINITIONAL_REPRESENTATION('',(#1831),#1834);
#1831 = B_SPLINE_CURVE_WITH_KNOTS('',1,(#1832,#1833),.UNSPECIFIED.,.F.,
  .F.,(2,2),(4.712388980385,6.28318530718),.PIECEWISE_BEZIER_KNOTS.);
#1832 = CARTESIAN_POINT('',(0.,-1.570796326795));
#1833 = CARTESIAN_POINT('',(0.,0.));
#1834 = ( GEOMETRIC_REPRESENTATION_CONTEXT(2) 
PARAMETRIC_REPRESENTATION_CONTEXT() REPRESENTATION_CONTEXT('2D SPACE',''
  ) );
#1835 = ORIENTED_EDGE('',*,*,#1523,.T.);
#1836 = ORIENTED_EDGE('',*,*,#1837,.T.);
#1837 = EDGE_CURVE('',#1524,#1651,#1838,.T.);
#1838 = SURFACE_CURVE('',#1839,(#1844,#1850),.PCURVE_S1.);
#1839 = CIRCLE('',#1840,5.);
#1840 = AXIS2_PLACEMENT_3D('',#1841,#1842,#1843);
#1841 = CARTESIAN_POINT('',(225.,15.,-7.5));
#1842 = DIRECTION('',(0.,-1.,0.));
#1843 = DIRECTION('',(1.,0.,0.));
#1844 = PCURVE('',#1539,#1845);
#1845 = DEFINITIONAL_REPRESENTATION('',(#1846),#1849);
#1846 = B_SPLINE_CURVE_WITH_KNOTS('',1,(#1847,#1848),.UNSPECIFIED.,.F.,
  .F.,(2,2),(4.712388980385,6.28318530718),.PIECEWISE_BEZIER_KNOTS.);
#1847 = CARTESIAN_POINT('',(1.570796326795,35.));
#1848 = CARTESIAN_POINT('',(0.,35.));
#1849 = ( GEOMETRIC_REPRESENTATION_CONTEXT(2) 
PARAMETRIC_REPRESENTATION_CONTEXT() REPRESENTATION_CONTEXT('2D SPACE',''
  ) );
#1850 = PCURVE('',#1773,#1851);
#1851 = DEFINITIONAL_REPRESENTATION('',(#1852),#1855);
#1852 = B_SPLINE_CURVE_WITH_KNOTS('',1,(#1853,#1854),.UNSPECIFIED.,.F.,
  .F.,(2,2),(4.712388980385,6.28318530718),.PIECEWISE_BEZIER_KNOTS.);
#1853 = CARTESIAN_POINT('',(0.,-1.570796326795));
#1854 = CARTESIAN_POINT('',(0.,0.));
#1855 = ( GEOMETRIC_REPRESENTATION_CONTEXT(2) 
PARAMETRIC_REPRESENTATION_CONTEXT() REPRESENTATION_CONTEXT('2D SPACE',''
  ) );
#1856 = ORIENTED_EDGE('',*,*,#1650,.F.);
#1857 = ADVANCED_FACE('',(#1858),#1714,.T.);
#1858 = FACE_BOUND('',#1859,.F.);
#1859 = EDGE_LOOP('',(#1860,#1861,#1862));
#1860 = ORIENTED_EDGE('',*,*,#1816,.F.);
#1861 = ORIENTED_EDGE('',*,*,#1700,.T.);
#1862 = ORIENTED_EDGE('',*,*,#1730,.F.);
#1863 = ADVANCED_FACE('',(#1864),#1773,.T.);
#1864 = FACE_BOUND('',#1865,.T.);
#1865 = EDGE_LOOP('',(#1866,#1867,#1868));
#1866 = ORIENTED_EDGE('',*,*,#1837,.F.);
#1867 = ORIENTED_EDGE('',*,*,#1759,.T.);
#1868 = ORIENTED_EDGE('',*,*,#1789,.F.);
#1869 = ( GEOMETRIC_REPRESENTATION_CONTEXT(3) 
GLOBAL_UNCERTAINTY_ASSIGNED_CONTEXT((#1873)) 
GLOBAL_UNIT_ASSIGNED_CONTEXT((#1870,#1871,#1872)) REPRESENTATION_CONTEXT
('Context #1','3D Context with UNIT and UNCERTAINTY') );
#1870 = ( LENGTH_UNIT() NAMED_UNIT(*) SI_UNIT(.MILLI.,.METRE.) );
#1871 = ( NAMED_UNIT(*) PLANE_ANGLE_UNIT() SI_UNIT($,.RADIAN.) );
#1872 = ( NAMED_UNIT(*) SI_UNIT($,.STERADIAN.) SOLID_ANGLE_UNIT() );
#1873 = UNCERTAINTY_MEASURE_WITH_UNIT(LENGTH_MEASURE(1.E-07),#1870,
  'distance_accuracy_value','confusion accuracy');
#1874 = CONTEXT_DEPENDENT_SHAPE_REPRESENTATION(#1875,#1877);
#1875 = ( REPRESENTATION_RELATIONSHIP('','',#184,#32) 
REPRESENTATION_RELATIONSHIP_WITH_TRANSFORMATION(#1876) 
SHAPE_REPRESENTATION_RELATIONSHIP() );
#1876 = ITEM_DEFINED_TRANSFORMATION('','',#11,#37);
#1877 = PRODUCT_DEFINITION_SHAPE('Placement','Placement of an item',
  #1878);
#1878 = NEXT_ASSEMBLY_USAGE_OCCURRENCE('2','','',#27,#179,$);
#1879 = PRODUCT_RELATED_PRODUCT_CATEGORY('part',$,(#181));
#1880 = SHAPE_DEFINITION_REPRESENTATION(#1881,#1887);
#1881 = PRODUCT_DEFINITION_SHAPE('','',#1882);
#1882 = PRODUCT_DEFINITION('design','',#1883,#1886);
#1883 = PRODUCT_DEFINITION_FORMATION('','',#1884);
#1884 = PRODUCT('Open CASCADE STEP translator 7.7 1.1.3',
  'Open CASCADE STEP translator 7.7 1.1.3','',(#1885));
#1885 = PRODUCT_CONTEXT('',#2,'mechanical');
#1886 = PRODUCT_DEFINITION_CONTEXT('part definition',#2,'design');
#1887 = ADVANCED_BREP_SHAPE_REPRESENTATION('',(#11,#1888),#1986);
#1888 = MANIFOLD_SOLID_BREP('',#1889);
#1889 = CLOSED_SHELL('',(#1890,#1978,#1982));
#1890 = ADVANCED_FACE('',(#1891),#1904,.T.);
#1891 = FACE_BOUND('',#1892,.T.);
#1892 = EDGE_LOOP('',(#1893,#1927,#1950,#1977));
#1893 = ORIENTED_EDGE('',*,*,#1894,.F.);
#1894 = EDGE_CURVE('',#1895,#1895,#1897,.T.);
#1895 = VERTEX_POINT('',#1896);
#1896 = CARTESIAN_POINT('',(-56.,-9.797174393179E-16,25.));
#1897 = SURFACE_CURVE('',#1898,(#1903,#1915),.PCURVE_S1.);
#1898 = CIRCLE('',#1899,4.);
#1899 = AXIS2_PLACEMENT_3D('',#1900,#1901,#1902);
#1900 = CARTESIAN_POINT('',(-60.,0.,25.));
#1901 = DIRECTION('',(0.,0.,1.));
#1902 = DIRECTION('',(1.,0.,0.));
#1903 = PCURVE('',#1904,#1909);
#1904 = CYLINDRICAL_SURFACE('',#1905,4.);
#1905 = AXIS2_PLACEMENT_3D('',#1906,#1907,#1908);
#1906 = CARTESIAN_POINT('',(-60.,0.,-25.));
#1907 = DIRECTION('',(0.,0.,1.));
#1908 = DIRECTION('',(1.,0.,0.));
#1909 = DEFINITIONAL_REPRESENTATION('',(#1910),#1914);
#1910 = LINE('',#1911,#1912);
#1911 = CARTESIAN_POINT('',(0.,50.));
#1912 = VECTOR('',#1913,1.);
#1913 = DIRECTION('',(1.,0.));
#1914 = ( GEOMETRIC_REPRESENTATION_CONTEXT(2) 
PARAMETRIC_REPRESENTATION_CONTEXT() REPRESENTATION_CONTEXT('2D SPACE',''
  ) );
#1915 = PCURVE('',#1916,#1921);
#1916 = PLANE('',#1917);
#1917 = AXIS2_PLACEMENT_3D('',#1918,#1919,#1920);
#1918 = CARTESIAN_POINT('',(-60.,0.,25.));
#1919 = DIRECTION('',(0.,0.,1.));
#1920 = DIRECTION('',(1.,0.,0.));
#1921 = DEFINITIONAL_REPRESENTATION('',(#1922),#1926);
#1922 = CIRCLE('',#1923,4.);
#1923 = AXIS2_PLACEMENT_2D('',#1924,#1925);
#1924 = CARTESIAN_POINT('',(0.,0.));
#1925 = DIRECTION('',(1.,0.));
#1926 = ( GEOMETRIC_REPRESENTATION_CONTEXT(2) 
PARAMETRIC_REPRESENTATION_CONTEXT() REPRESENTATION_CONTEXT('2D SPACE',''
  ) );
#1927 = ORIENTED_EDGE('',*,*,#1928,.F.);
#1928 = EDGE_CURVE('',#1929,#1895,#1931,.T.);
#1929 = VERTEX_POINT('',#1930);
#1930 = CARTESIAN_POINT('',(-56.,-9.797174393179E-16,-25.));
#1931 = SEAM_CURVE('',#1932,(#1936,#1943),.PCURVE_S1.);
#1932 = LINE('',#1933,#1934);
#1933 = CARTESIAN_POINT('',(-56.,-9.797174393179E-16,-25.));
#1934 = VECTOR('',#1935,1.);
#1935 = DIRECTION('',(0.,0.,1.));
#1936 = PCURVE('',#1904,#1937);
#1937 = DEFINITIONAL_REPRESENTATION('',(#1938),#1942);
#1938 = LINE('',#1939,#1940);
#1939 = CARTESIAN_POINT('',(6.28318530718,-0.));
#1940 = VECTOR('',#1941,1.);
#1941 = DIRECTION('',(0.,1.));
#1942 = ( GEOMETRIC_REPRESENTATION_CONTEXT(2) 
PARAMETRIC_REPRESENTATION_CONTEXT() REPRESENTATION_CONTEXT('2D SPACE',''
  ) );
#1943 = PCURVE('',#1904,#1944);
#1944 = DEFINITIONAL_REPRESENTATION('',(#1945),#1949);
#1945 = LINE('',#1946,#1947);
#1946 = CARTESIAN_POINT('',(0.,-0.));
#1947 = VECTOR('',#1948,1.);
#1948 = DIRECTION('',(0.,1.));
#1949 = ( GEOMETRIC_REPRESENTATION_CONTEXT(2) 
PARAMETRIC_REPRESENTATION_CONTEXT() REPRESENTATION_CONTEXT('2D SPACE',''
  ) );
#1950 = ORIENTED_EDGE('',*,*,#1951,.T.);
#1951 = EDGE_CURVE('',#1929,#1929,#1952,.T.);
#1952 = SURFACE_CURVE('',#1953,(#1958,#1965),.PCURVE_S1.);
#1953 = CIRCLE('',#1954,4.);
#1954 = AXIS2_PLACEMENT_3D('',#1955,#1956,#1957);
#1955 = CARTESIAN_POINT('',(-60.,0.,-25.));
#1956 = DIRECTION('',(0.,0.,1.));
#1957 = DIRECTION('',(1.,0.,0.));
#1958 = PCURVE('',#1904,#1959);
#1959 = DEFINITIONAL_REPRESENTATION('',(#1960),#1964);
#1960 = LINE('',#1961,#1962);
#1961 = CARTESIAN_POINT('',(0.,0.));
#1962 = VECTOR('',#1963,1.);
#1963 = DIRECTION('',(1.,0.));
#1964 = ( GEOMETRIC_REPRESENTATION_CONTEXT(2) 
PARAMETRIC_REPRESENTATION_CONTEXT() REPRESENTATION_CONTEXT('2D SPACE',''
  ) );
#1965 = PCURVE('',#1966,#1971);
#1966 = PLANE('',#1967);
#1967 = AXIS2_PLACEMENT_3D('',#1968,#1969,#1970);
#1968 = CARTESIAN_POINT('',(-60.,0.,-25.));
#1969 = DIRECTION('',(0.,0.,1.));
#1970 = DIRECTION('',(1.,0.,0.));
#1971 = DEFINITIONAL_REPRESENTATION('',(#1972),#1976);
#1972 = CIRCLE('',#1973,4.);
#1973 = AXIS2_PLACEMENT_2D('',#1974,#1975);
#1974 = CARTESIAN_POINT('',(0.,0.));
#1975 = DIRECTION('',(1.,0.));
#1976 = ( GEOMETRIC_REPRESENTATION_CONTEXT(2) 
PARAMETRIC_REPRESENTATION_CONTEXT() REPRESENTATION_CONTEXT('2D SPACE',''
  ) );
#1977 = ORIENTED_EDGE('',*,*,#1928,.T.);
#1978 = ADVANCED_FACE('',(#1979),#1916,.T.);
#1979 = FACE_BOUND('',#1980,.T.);
#1980 = EDGE_LOOP('',(#1981));
#1981 = ORIENTED_EDGE('',*,*,#1894,.T.);
#1982 = ADVANCED_FACE('',(#1983),#1966,.F.);
#1983 = FACE_BOUND('',#1984,.T.);
#1984 = EDGE_LOOP('',(#1985));
#1985 = ORIENTED_EDGE('',*,*,#1951,.F.);
#1986 = ( GEOMETRIC_REPRESENTATION_CONTEXT(3) 
GLOBAL_UNCERTAINTY_ASSIGNED_CONTEXT((#1990)) 
GLOBAL_UNIT_ASSIGNED_CONTEXT((#1987,#1988,#1989)) REPRESENTATION_CONTEXT
('Context #1','3D Context with UNIT and UNCERTAINTY') );
#1987 = ( LENGTH_UNIT() NAMED_UNIT(*) SI_UNIT(.MILLI.,.METRE.) );
#1988 = ( NAMED_UNIT(*) PLANE_ANGLE_UNIT() SI_UNIT($,.RADIAN.) );
#1989 = ( NAMED_UNIT(*) SI_UNIT($,.STERADIAN.) SOLID_ANGLE_UNIT() );
#1990 = UNCERTAINTY_MEASURE_WITH_UNIT(LENGTH_MEASURE(1.E-07),#1987,
  'distance_accuracy_value','confusion accuracy');
#1991 = CONTEXT_DEPENDENT_SHAPE_REPRESENTATION(#1992,#1994);
#1992 = ( REPRESENTATION_RELATIONSHIP('','',#1887,#32) 
REPRESENTATION_RELATIONSHIP_WITH_TRANSFORMATION(#1993) 
SHAPE_REPRESENTATION_RELATIONSHIP() );
#1993 = ITEM_DEFINED_TRANSFORMATION('','',#11,#41);
#1994 = PRODUCT_DEFINITION_SHAPE('Placement','Placement of an item',
  #1995);
#1995 = NEXT_ASSEMBLY_USAGE_OCCURRENCE('3','','',#27,#1882,$);
#1996 = PRODUCT_RELATED_PRODUCT_CATEGORY('part',$,(#1884));
#1997 = SHAPE_DEFINITION_REPRESENTATION(#1998,#2004);
#1998 = PRODUCT_DEFINITION_SHAPE('','',#1999);
#1999 = PRODUCT_DEFINITION('design','',#2000,#2003);
#2000 = PRODUCT_DEFINITION_FORMATION('','',#2001);
#2001 = PRODUCT('Open CASCADE STEP translator 7.7 1.1.4',
  'Open CASCADE STEP translator 7.7 1.1.4','',(#2002));
#2002 = PRODUCT_CONTEXT('',#2,'mechanical');
#2003 = PRODUCT_DEFINITION_CONTEXT('part definition',#2,'design');
#2004 = ADVANCED_BREP_SHAPE_REPRESENTATION('',(#11,#2005),#4515);
#2005 = MANIFOLD_SOLID_BREP('',#2006);
#2006 = CLOSED_SHELL('',(#2007,#2523,#2656,#2764,#2769,#2773,#2826,#2877
    ,#2953,#3013,#3073,#3147,#3200,#3253,#3329,#3359,#3413,#3443,#3497,
    #3573,#3600,#3625,#3924,#3955,#3983,#4014,#4042,#4087,#4163,#4212,
    #4261,#4288,#4364,#4413,#4462,#4489,#4495,#4501,#4508));
#2007 = ADVANCED_FACE('',(#2008),#2022,.T.);
#2008 = FACE_BOUND('',#2009,.T.);
#2009 = EDGE_LOOP('',(#2010,#2040,#2067,#2068,#2255,#2287,#2316,#2343));
#2010 = ORIENTED_EDGE('',*,*,#2011,.T.);
#2011 = EDGE_CURVE('',#2012,#2014,#2016,.T.);
#2012 = VERTEX_POINT('',#2013);
#2013 = CARTESIAN_POINT('',(-24.20051547863,-1.42046403116E-15,
    7.712133793489));
#2014 = VERTEX_POINT('',#2015);
#2015 = CARTESIAN_POINT('',(-24.26,-1.405894525421E-15,10.));
#2016 = SEAM_CURVE('',#2017,(#2021,#2033),.PCURVE_S1.);
#2017 = LINE('',#2018,#2019);
#2018 = CARTESIAN_POINT('',(-24.,-1.469576158977E-15,0.));
#2019 = VECTOR('',#2020,1.);
#2020 = DIRECTION('',(-2.599121645301E-02,6.366012007024E-18,
    0.99966217127));
#2021 = PCURVE('',#2022,#2027);
#2022 = CONICAL_SURFACE('',#2023,6.,2.599414370846E-02);
#2023 = AXIS2_PLACEMENT_3D('',#2024,#2025,#2026);
#2024 = CARTESIAN_POINT('',(-30.,0.,0.));
#2025 = DIRECTION('',(-0.,-0.,-1.));
#2026 = DIRECTION('',(1.,0.,-0.));
#2027 = DEFINITIONAL_REPRESENTATION('',(#2028),#2032);
#2028 = LINE('',#2029,#2030);
#2029 = CARTESIAN_POINT('',(-6.28318530718,0.));
#2030 = VECTOR('',#2031,1.);
#2031 = DIRECTION('',(-0.,-1.));
#2032 = ( GEOMETRIC_REPRESENTATION_CONTEXT(2) 
PARAMETRIC_REPRESENTATION_CONTEXT() REPRESENTATION_CONTEXT('2D SPACE',''
  ) );
#2033 = PCURVE('',#2022,#2034);
#2034 = DEFINITIONAL_REPRESENTATION('',(#2035),#2039);
#2035 = LINE('',#2036,#2037);
#2036 = CARTESIAN_POINT('',(0.,-0.));
#2037 = VECTOR('',#2038,1.);
#2038 = DIRECTION('',(-0.,-1.));
#2039 = ( GEOMETRIC_REPRESENTATION_CONTEXT(2) 
PARAMETRIC_REPRESENTATION_CONTEXT() REPRESENTATION_CONTEXT('2D SPACE',''
  ) );
#2040 = ORIENTED_EDGE('',*,*,#2041,.F.);
#2041 = EDGE_CURVE('',#2014,#2014,#2042,.T.);
#2042 = SURFACE_CURVE('',#2043,(#2048,#2055),.PCURVE_S1.);
#2043 = CIRCLE('',#2044,5.74);
#2044 = AXIS2_PLACEMENT_3D('',#2045,#2046,#2047);
#2045 = CARTESIAN_POINT('',(-30.,0.,10.));
#2046 = DIRECTION('',(0.,0.,1.));
#2047 = DIRECTION('',(1.,0.,-0.));
#2048 = PCURVE('',#2022,#2049);
#2049 = DEFINITIONAL_REPRESENTATION('',(#2050),#2054);
#2050 = LINE('',#2051,#2052);
#2051 = CARTESIAN_POINT('',(-0.,-10.));
#2052 = VECTOR('',#2053,1.);
#2053 = DIRECTION('',(-1.,-0.));
#2054 = ( GEOMETRIC_REPRESENTATION_CONTEXT(2) 
PARAMETRIC_REPRESENTATION_CONTEXT() REPRESENTATION_CONTEXT('2D SPACE',''
  ) );
#2055 = PCURVE('',#2056,#2061);
#2056 = PLANE('',#2057);
#2057 = AXIS2_PLACEMENT_3D('',#2058,#2059,#2060);
#2058 = CARTESIAN_POINT('',(-30.,0.,10.));
#2059 = DIRECTION('',(0.,0.,1.));
#2060 = DIRECTION('',(1.,0.,-0.));
#2061 = DEFINITIONAL_REPRESENTATION('',(#2062),#2066);
#2062 = CIRCLE('',#2063,5.74);
#2063 = AXIS2_PLACEMENT_2D('',#2064,#2065);
#2064 = CARTESIAN_POINT('',(0.,0.));
#2065 = DIRECTION('',(1.,0.));
#2066 = ( GEOMETRIC_REPRESENTATION_CONTEXT(2) 
PARAMETRIC_REPRESENTATION_CONTEXT() REPRESENTATION_CONTEXT('2D SPACE',''
  ) );
#2067 = ORIENTED_EDGE('',*,*,#2011,.F.);
#2068 = ORIENTED_EDGE('',*,*,#2069,.F.);
#2069 = EDGE_CURVE('',#2070,#2012,#2072,.T.);
#2070 = VERTEX_POINT('',#2071);
#2071 = CARTESIAN_POINT('',(-25.,3.075207310085,5.));
#2072 = SURFACE_CURVE('',#2073,(#2130,#2190),.PCURVE_S1.);
#2073 = B_SPLINE_CURVE_WITH_KNOTS('',7,(#2074,#2075,#2076,#2077,#2078,
    #2079,#2080,#2081,#2082,#2083,#2084,#2085,#2086,#2087,#2088,#2089,
    #2090,#2091,#2092,#2093,#2094,#2095,#2096,#2097,#2098,#2099,#2100,
    #2101,#2102,#2103,#2104,#2105,#2106,#2107,#2108,#2109,#2110,#2111,
    #2112,#2113,#2114,#2115,#2116,#2117,#2118,#2119,#2120,#2121,#2122,
    #2123,#2124,#2125,#2126,#2127,#2128,#2129),.UNSPECIFIED.,.F.,.F.,(8,
    6,6,6,6,6,6,6,6,8),(0.,1.473691179334E-02,0.105431058217,
    0.198173246264,0.28044912079,0.368216780074,0.508859098603,
    0.570316305038,0.670974840954,1.),.UNSPECIFIED.);
#2074 = CARTESIAN_POINT('',(-25.,3.075207310085,5.));
#2075 = CARTESIAN_POINT('',(-25.,3.074727004374,5.009677890398));
#2076 = CARTESIAN_POINT('',(-24.99997814563,3.074211188976,
    5.019354028498));
#2077 = CARTESIAN_POINT('',(-24.99993445115,3.073659872984,
    5.029028227911));
#2078 = CARTESIAN_POINT('',(-24.99986893271,3.073073065068,
    5.038700302262));
#2079 = CARTESIAN_POINT('',(-24.9997816084,3.072450773474,5.0483700652)
  );
#2080 = CARTESIAN_POINT('',(-24.99967249822,3.071793006023,5.05803733039
    ));
#2081 = CARTESIAN_POINT('',(-24.99873619642,3.066833446183,
    5.127179836615));
#2082 = CARTESIAN_POINT('',(-24.99710649601,3.061223879922,
    5.186556046135));
#2083 = CARTESIAN_POINT('',(-24.99465758119,3.054272563578,
    5.245787241072));
#2084 = CARTESIAN_POINT('',(-24.99139731785,3.045980659484,
    5.304829904186));
#2085 = CARTESIAN_POINT('',(-24.98733637942,3.036349000055,5.36364030001
    ));
#2086 = CARTESIAN_POINT('',(-24.98248824692,3.025378087791,5.42217447484
    ));
#2087 = CARTESIAN_POINT('',(-24.97112328265,3.000480120353,
    5.539916613549));
#2088 = CARTESIAN_POINT('',(-24.96457128182,2.986492043541,
    5.599109810885));
#2089 = CARTESIAN_POINT('',(-24.95723069925,2.971104427842,
    5.657920455418));
#2090 = CARTESIAN_POINT('',(-24.94912224517,2.954317912266,
    5.716300633343));
#2091 = CARTESIAN_POINT('',(-24.94026990264,2.936133696686,
    5.774202060431));
#2092 = CARTESIAN_POINT('',(-24.9307009829,2.916554026693,5.831576232087
    ));
#2093 = CARTESIAN_POINT('',(-24.9113486725,2.876978027728,5.938763002893
    ));
#2094 = CARTESIAN_POINT('',(-24.90171134566,2.85727806874,5.988698295587
    ));
#2095 = CARTESIAN_POINT('',(-24.89155563983,2.836485530972,
    6.038146370757));
#2096 = CARTESIAN_POINT('',(-24.88090508468,2.814604078844,
    6.087073255215));
#2097 = CARTESIAN_POINT('',(-24.86978524126,2.791638635672,
    6.135445223616));
#2098 = CARTESIAN_POINT('',(-24.85822364334,2.767595707629,
    6.183228938766));
#2099 = CARTESIAN_POINT('',(-24.83347659496,2.715695521425,
    6.280702277752));
#2100 = CARTESIAN_POINT('',(-24.82023418667,2.68769061629,6.330306541792
    ));
#2101 = CARTESIAN_POINT('',(-24.80655827769,2.658479327328,
    6.379164304775));
#2102 = CARTESIAN_POINT('',(-24.79248695991,2.628074161151,
    6.427236865183));
#2103 = CARTESIAN_POINT('',(-24.7780603681,2.596490140046,6.474487073392
    ));
#2104 = CARTESIAN_POINT('',(-24.76332039461,2.563745146069,
    6.520879505792));
#2105 = CARTESIAN_POINT('',(-24.72425781027,2.475561811063,
    6.639293428324));
#2106 = CARTESIAN_POINT('',(-24.69951078803,2.418334013343,6.70992072249
    ));
#2107 = CARTESIAN_POINT('',(-24.674248738,2.35826555135,6.778120839719)
  );
#2108 = CARTESIAN_POINT('',(-24.64865773787,2.295460828084,
    6.843774116558));
#2109 = CARTESIAN_POINT('',(-24.62292597846,2.230039913981,
    6.906781877276));
#2110 = CARTESIAN_POINT('',(-24.59723919972,2.162138490729,6.96706540335
    ));
#2111 = CARTESIAN_POINT('',(-24.56064939523,2.06121872221,7.049690758757
    ));
#2112 = CARTESIAN_POINT('',(-24.54956515569,2.030084293691,
    7.074285434549));
#2113 = CARTESIAN_POINT('',(-24.53853826534,1.9985167868,7.098344263486)
  );
#2114 = CARTESIAN_POINT('',(-24.52758316939,1.966528698474,
    7.121863329752));
#2115 = CARTESIAN_POINT('',(-24.51671390113,1.934132745299,
    7.144839468548));
#2116 = CARTESIAN_POINT('',(-24.5059440819,1.901341863514,7.167270266092
    ));
#2117 = CARTESIAN_POINT('',(-24.47783194289,1.813836917826,
    7.224996733645));
#2118 = CARTESIAN_POINT('',(-24.46067904895,1.75848025567,7.259372033361
    ));
#2119 = CARTESIAN_POINT('',(-24.44388608121,1.70215676569,7.292272354828
    ));
#2120 = CARTESIAN_POINT('',(-24.4275070532,1.644924298391,7.323695259576
    ));
#2121 = CARTESIAN_POINT('',(-24.411591986,1.58684051855,7.353642547154)
  );
#2122 = CARTESIAN_POINT('',(-24.39618674419,1.527962412127,
    7.382119327676));
#2123 = CARTESIAN_POINT('',(-24.33277963508,1.273475409327,
    7.497433692046));
#2124 = CARTESIAN_POINT('',(-24.29014283921,1.070815437539,
    7.570056941036));
#2125 = CARTESIAN_POINT('',(-24.2548253841,0.862172498672,7.627366037775
    ));
#2126 = CARTESIAN_POINT('',(-24.22779596771,0.64927558055,7.669882234248
    ));
#2127 = CARTESIAN_POINT('',(-24.20961197182,0.433710518001,
    7.698045238251));
#2128 = CARTESIAN_POINT('',(-24.20051547863,0.216886579209,
    7.712133793489));
#2129 = CARTESIAN_POINT('',(-24.20051547863,0.,7.712133793489));
#2130 = PCURVE('',#2022,#2131);
#2131 = DEFINITIONAL_REPRESENTATION('',(#2132),#2189);
#2132 = B_SPLINE_CURVE_WITH_KNOTS('',7,(#2133,#2134,#2135,#2136,#2137,
    #2138,#2139,#2140,#2141,#2142,#2143,#2144,#2145,#2146,#2147,#2148,
    #2149,#2150,#2151,#2152,#2153,#2154,#2155,#2156,#2157,#2158,#2159,
    #2160,#2161,#2162,#2163,#2164,#2165,#2166,#2167,#2168,#2169,#2170,
    #2171,#2172,#2173,#2174,#2175,#2176,#2177,#2178,#2179,#2180,#2181,
    #2182,#2183,#2184,#2185,#2186,#2187,#2188),.UNSPECIFIED.,.F.,.F.,(8,
    6,6,6,6,6,6,6,6,8),(0.,1.473691179334E-02,0.105431058217,
    0.198173246264,0.28044912079,0.368216780074,0.508859098603,
    0.570316305038,0.670974840954,1.),.UNSPECIFIED.);
#2133 = CARTESIAN_POINT('',(-0.551406047756,-5.));
#2134 = CARTESIAN_POINT('',(-0.551336351163,-5.009677890398));
#2135 = CARTESIAN_POINT('',(-0.551259544372,-5.019354028498));
#2136 = CARTESIAN_POINT('',(-0.551175628698,-5.029028227911));
#2137 = CARTESIAN_POINT('',(-0.551084605562,-5.038700302262));
#2138 = CARTESIAN_POINT('',(-0.550986476499,-5.0483700652));
#2139 = CARTESIAN_POINT('',(-0.550881243154,-5.05803733039));
#2140 = CARTESIAN_POINT('',(-0.550077567997,-5.127179836615));
#2141 = CARTESIAN_POINT('',(-0.549117239669,-5.186556046135));
#2142 = CARTESIAN_POINT('',(-0.547888298343,-5.245787241072));
#2143 = CARTESIAN_POINT('',(-0.546391318441,-5.304829904186));
#2144 = CARTESIAN_POINT('',(-0.544627072764,-5.36364030001));
#2145 = CARTESIAN_POINT('',(-0.542596532488,-5.42217447484));
#2146 = CARTESIAN_POINT('',(-0.537953361477,-5.539916613549));
#2147 = CARTESIAN_POINT('',(-0.535328642514,-5.599109810885));
#2148 = CARTESIAN_POINT('',(-0.532428014032,-5.657920455418));
#2149 = CARTESIAN_POINT('',(-0.529253063841,-5.716300633343));
#2150 = CARTESIAN_POINT('',(-0.525805726759,-5.774202060431));
#2151 = CARTESIAN_POINT('',(-0.522088347564,-5.831576232087));
#2152 = CARTESIAN_POINT('',(-0.514568818198,-5.938763002893));
#2153 = CARTESIAN_POINT('',(-0.510823575573,-5.988698295587));
#2154 = CARTESIAN_POINT('',(-0.506869997519,-6.038146370757));
#2155 = CARTESIAN_POINT('',(-0.502710354931,-6.087073255215));
#2156 = CARTESIAN_POINT('',(-0.498347242727,-6.135445223616));
#2157 = CARTESIAN_POINT('',(-0.493783614426,-6.183228938766));
#2158 = CARTESIAN_POINT('',(-0.48394424331,-6.280702277752));
#2159 = CARTESIAN_POINT('',(-0.478641268792,-6.330306541792));
#2160 = CARTESIAN_POINT('',(-0.473117976837,-6.379164304775));
#2161 = CARTESIAN_POINT('',(-0.467378901434,-6.427236865183));
#2162 = CARTESIAN_POINT('',(-0.461429046629,-6.474487073392));
#2163 = CARTESIAN_POINT('',(-0.455273906246,-6.520879505792));
#2164 = CARTESIAN_POINT('',(-0.43873690909,-6.639293428324));
#2165 = CARTESIAN_POINT('',(-0.428042168186,-6.70992072249));
#2166 = CARTESIAN_POINT('',(-0.416860364998,-6.778120839719));
#2167 = CARTESIAN_POINT('',(-0.405218855849,-6.843774116558));
#2168 = CARTESIAN_POINT('',(-0.393146912073,-6.906781877276));
#2169 = CARTESIAN_POINT('',(-0.380675382803,-6.96706540335));
#2170 = CARTESIAN_POINT('',(-0.36222602211,-7.049690758757));
#2171 = CARTESIAN_POINT('',(-0.356545408503,-7.074285434549));
#2172 = CARTESIAN_POINT('',(-0.350797137269,-7.098344263486));
#2173 = CARTESIAN_POINT('',(-0.344983813168,-7.121863329752));
#2174 = CARTESIAN_POINT('',(-0.339108025384,-7.144839468548));
#2175 = CARTESIAN_POINT('',(-0.333172347524,-7.167270266092));
#2176 = CARTESIAN_POINT('',(-0.317363603436,-7.224996733645));
#2177 = CARTESIAN_POINT('',(-0.30739402751,-7.259372033361));
#2178 = CARTESIAN_POINT('',(-0.297281804974,-7.292272354828));
#2179 = CARTESIAN_POINT('',(-0.287037777719,-7.323695259576));
#2180 = CARTESIAN_POINT('',(-0.276672372601,-7.353642547154));
#2181 = CARTESIAN_POINT('',(-0.266195539647,-7.382119327676));
#2182 = CARTESIAN_POINT('',(-0.221037331747,-7.497433692046));
#2183 = CARTESIAN_POINT('',(-0.185385917094,-7.570056941036));
#2184 = CARTESIAN_POINT('',(-0.148965417434,-7.627366037775));
#2185 = CARTESIAN_POINT('',(-0.112029553762,-7.669882234247));
#2186 = CARTESIAN_POINT('',(-7.478431373802E-02,-7.698045238251));
#2187 = CARTESIAN_POINT('',(-3.739756152628E-02,-7.712133793489));
#2188 = CARTESIAN_POINT('',(0.,-7.712133793489));
#2189 = ( GEOMETRIC_REPRESENTATION_CONTEXT(2) 
PARAMETRIC_REPRESENTATION_CONTEXT() REPRESENTATION_CONTEXT('2D SPACE',''
  ) );
#2190 = PCURVE('',#2191,#2196);
#2191 = CYLINDRICAL_SURFACE('',#2192,5.);
#2192 = AXIS2_PLACEMENT_3D('',#2193,#2194,#2195);
#2193 = CARTESIAN_POINT('',(-20.,-15.,5.));
#2194 = DIRECTION('',(0.,1.,0.));
#2195 = DIRECTION('',(-1.,0.,0.));
#2196 = DEFINITIONAL_REPRESENTATION('',(#2197),#2254);
#2197 = B_SPLINE_CURVE_WITH_KNOTS('',7,(#2198,#2199,#2200,#2201,#2202,
    #2203,#2204,#2205,#2206,#2207,#2208,#2209,#2210,#2211,#2212,#2213,
    #2214,#2215,#2216,#2217,#2218,#2219,#2220,#2221,#2222,#2223,#2224,
    #2225,#2226,#2227,#2228,#2229,#2230,#2231,#2232,#2233,#2234,#2235,
    #2236,#2237,#2238,#2239,#2240,#2241,#2242,#2243,#2244,#2245,#2246,
    #2247,#2248,#2249,#2250,#2251,#2252,#2253),.UNSPECIFIED.,.F.,.F.,(8,
    6,6,6,6,6,6,6,6,8),(0.,1.473691179334E-02,0.105431058217,
    0.198173246264,0.28044912079,0.368216780074,0.508859098603,
    0.570316305038,0.670974840954,1.),.UNSPECIFIED.);
#2198 = CARTESIAN_POINT('',(0.,18.075207310085));
#2199 = CARTESIAN_POINT('',(1.935578079527E-03,18.074727004374));
#2200 = CARTESIAN_POINT('',(3.870805697647E-03,18.074211188976));
#2201 = CARTESIAN_POINT('',(5.805657425156E-03,18.073659872984));
#2202 = CARTESIAN_POINT('',(7.740107811302E-03,18.073073065068));
#2203 = CARTESIAN_POINT('',(9.674131383782E-03,18.072450773474));
#2204 = CARTESIAN_POINT('',(1.160770264874E-02,18.071793006023));
#2205 = CARTESIAN_POINT('',(2.543747174029E-02,18.066833446183));
#2206 = CARTESIAN_POINT('',(3.731602035061E-02,18.061223879922));
#2207 = CARTESIAN_POINT('',(4.91705624496E-02,18.054272563578));
#2208 = CARTESIAN_POINT('',(6.099507589567E-02,18.045980659484));
#2209 = CARTESIAN_POINT('',(7.278339587769E-02,18.036349000055));
#2210 = CARTESIAN_POINT('',(8.452921491508E-02,18.025378087791));
#2211 = CARTESIAN_POINT('',(0.10818708772,18.000480120353));
#2212 = CARTESIAN_POINT('',(0.120096859936,17.986492043541));
#2213 = CARTESIAN_POINT('',(0.131948423512,17.971104427842));
#2214 = CARTESIAN_POINT('',(0.143734529407,17.954317912266));
#2215 = CARTESIAN_POINT('',(0.155447643757,17.936133696686));
#2216 = CARTESIAN_POINT('',(0.167079936096,17.916554026693));
#2217 = CARTESIAN_POINT('',(0.188863889597,17.876978027728));
#2218 = CARTESIAN_POINT('',(0.199034508485,17.85727806874));
#2219 = CARTESIAN_POINT('',(0.209129409407,17.836485530972));
#2220 = CARTESIAN_POINT('',(0.219142715207,17.814604078844));
#2221 = CARTESIAN_POINT('',(0.229068396361,17.791638635672));
#2222 = CARTESIAN_POINT('',(0.238900280906,17.767595707629));
#2223 = CARTESIAN_POINT('',(0.25901342906,17.715695521425));
#2224 = CARTESIAN_POINT('',(0.269280948449,17.68769061629));
#2225 = CARTESIAN_POINT('',(0.279426922715,17.658479327328));
#2226 = CARTESIAN_POINT('',(0.289443619258,17.628074161151));
#2227 = CARTESIAN_POINT('',(0.299323303008,17.596490140046));
#2228 = CARTESIAN_POINT('',(0.309058266708,17.563745146069));
#2229 = CARTESIAN_POINT('',(0.333996384155,17.475561811063));
#2230 = CARTESIAN_POINT('',(0.348961313791,17.418334013343));
#2231 = CARTESIAN_POINT('',(0.363503465316,17.35826555135));
#2232 = CARTESIAN_POINT('',(0.377592946575,17.295460828084));
#2233 = CARTESIAN_POINT('',(0.391202292415,17.230039913981));
#2234 = CARTESIAN_POINT('',(0.404306599038,17.162138490729));
#2235 = CARTESIAN_POINT('',(0.42237952149,17.06121872221));
#2236 = CARTESIAN_POINT('',(0.427774807345,17.03008429369));
#2237 = CARTESIAN_POINT('',(0.433067727441,16.9985167868));
#2238 = CARTESIAN_POINT('',(0.438256622872,16.966528698474));
#2239 = CARTESIAN_POINT('',(0.443339964324,16.934132745299));
#2240 = CARTESIAN_POINT('',(0.44831635207,16.901341863514));
#2241 = CARTESIAN_POINT('',(0.461157905583,16.813836917826));
#2242 = CARTESIAN_POINT('',(0.468840991716,16.75848025567));
#2243 = CARTESIAN_POINT('',(0.476228171606,16.70215676569));
#2244 = CARTESIAN_POINT('',(0.483314831321,16.644924298391));
#2245 = CARTESIAN_POINT('',(0.490097235524,16.58684051855));
#2246 = CARTESIAN_POINT('',(0.496572417243,16.527962412127));
#2247 = CARTESIAN_POINT('',(0.522891888451,16.273475409327));
#2248 = CARTESIAN_POINT('',(0.539728056284,16.070815437539));
#2249 = CARTESIAN_POINT('',(0.553188450566,15.862172498672));
#2250 = CARTESIAN_POINT('',(0.563264432182,15.64927558055));
#2251 = CARTESIAN_POINT('',(0.569969055874,15.433710518001));
#2252 = CARTESIAN_POINT('',(0.573323068523,15.216886579209));
#2253 = CARTESIAN_POINT('',(0.573323068523,15.));
#2254 = ( GEOMETRIC_REPRESENTATION_CONTEXT(2) 
PARAMETRIC_REPRESENTATION_CONTEXT() REPRESENTATION_CONTEXT('2D SPACE',''
  ) );
#2255 = ORIENTED_EDGE('',*,*,#2256,.T.);
#2256 = EDGE_CURVE('',#2070,#2257,#2259,.T.);
#2257 = VERTEX_POINT('',#2258);
#2258 = CARTESIAN_POINT('',(-25.,3.316624790355,0.));
#2259 = SURFACE_CURVE('',#2260,(#2265,#2275),.PCURVE_S1.);
#2260 = HYPERBOLA('',#2261,192.30769230769,5.);
#2261 = AXIS2_PLACEMENT_3D('',#2262,#2263,#2264);
#2262 = CARTESIAN_POINT('',(-25.,0.,230.76923076923));
#2263 = DIRECTION('',(1.,0.,0.));
#2264 = DIRECTION('',(0.,0.,-1.));
#2265 = PCURVE('',#2022,#2266);
#2266 = DEFINITIONAL_REPRESENTATION('',(#2267),#2274);
#2267 = B_SPLINE_CURVE_WITH_KNOTS('',5,(#2268,#2269,#2270,#2271,#2272,
    #2273),.UNSPECIFIED.,.F.,.F.,(6,6),(0.573156023425,0.622362503715),
  .PIECEWISE_BEZIER_KNOTS.);
#2268 = CARTESIAN_POINT('',(-0.544129265678,-6.));
#2269 = CARTESIAN_POINT('',(-0.552549265727,-4.854896013033));
#2270 = CARTESIAN_POINT('',(-0.560915645365,-3.68258058983));
#2271 = CARTESIAN_POINT('',(-0.569227616214,-2.482822678519));
#2272 = CARTESIAN_POINT('',(-0.577484463409,-1.255380249032));
#2273 = CARTESIAN_POINT('',(-0.585685543457,-2.840250933409E-14));
#2274 = ( GEOMETRIC_REPRESENTATION_CONTEXT(2) 
PARAMETRIC_REPRESENTATION_CONTEXT() REPRESENTATION_CONTEXT('2D SPACE',''
  ) );
#2275 = PCURVE('',#2276,#2281);
#2276 = PLANE('',#2277);
#2277 = AXIS2_PLACEMENT_3D('',#2278,#2279,#2280);
#2278 = CARTESIAN_POINT('',(-25.,-15.,-10.));
#2279 = DIRECTION('',(1.,0.,0.));
#2280 = DIRECTION('',(0.,0.,1.));
#2281 = DEFINITIONAL_REPRESENTATION('',(#2282),#2286);
#2282 = ( BOUNDED_CURVE() B_SPLINE_CURVE(2,(#2283,#2284,#2285),
.UNSPECIFIED.,.F.,.F.) B_SPLINE_CURVE_WITH_KNOTS((3,3),(0.573156023425,
0.622362503715),.PIECEWISE_BEZIER_KNOTS.) CURVE() 
GEOMETRIC_REPRESENTATION_ITEM() RATIONAL_B_SPLINE_CURVE((1.,
1.00030267498,1.)) REPRESENTATION_ITEM('') );
#2283 = CARTESIAN_POINT('',(16.,-18.02528279669));
#2284 = CARTESIAN_POINT('',(13.137817520829,-18.16903512791));
#2285 = CARTESIAN_POINT('',(10.,-18.31662479035));
#2286 = ( GEOMETRIC_REPRESENTATION_CONTEXT(2) 
PARAMETRIC_REPRESENTATION_CONTEXT() REPRESENTATION_CONTEXT('2D SPACE',''
  ) );
#2287 = ORIENTED_EDGE('',*,*,#2288,.T.);
#2288 = EDGE_CURVE('',#2257,#2289,#2291,.T.);
#2289 = VERTEX_POINT('',#2290);
#2290 = CARTESIAN_POINT('',(-25.,-3.316624790355,0.));
#2291 = SURFACE_CURVE('',#2292,(#2297,#2304),.PCURVE_S1.);
#2292 = CIRCLE('',#2293,6.);
#2293 = AXIS2_PLACEMENT_3D('',#2294,#2295,#2296);
#2294 = CARTESIAN_POINT('',(-30.,0.,0.));
#2295 = DIRECTION('',(0.,0.,1.));
#2296 = DIRECTION('',(1.,0.,-0.));
#2297 = PCURVE('',#2022,#2298);
#2298 = DEFINITIONAL_REPRESENTATION('',(#2299),#2303);
#2299 = LINE('',#2300,#2301);
#2300 = CARTESIAN_POINT('',(-0.,-0.));
#2301 = VECTOR('',#2302,1.);
#2302 = DIRECTION('',(-1.,-0.));
#2303 = ( GEOMETRIC_REPRESENTATION_CONTEXT(2) 
PARAMETRIC_REPRESENTATION_CONTEXT() REPRESENTATION_CONTEXT('2D SPACE',''
  ) );
#2304 = PCURVE('',#2305,#2310);
#2305 = PLANE('',#2306);
#2306 = AXIS2_PLACEMENT_3D('',#2307,#2308,#2309);
#2307 = CARTESIAN_POINT('',(-30.,0.,0.));
#2308 = DIRECTION('',(0.,0.,1.));
#2309 = DIRECTION('',(1.,0.,-0.));
#2310 = DEFINITIONAL_REPRESENTATION('',(#2311),#2315);
#2311 = CIRCLE('',#2312,6.);
#2312 = AXIS2_PLACEMENT_2D('',#2313,#2314);
#2313 = CARTESIAN_POINT('',(0.,0.));
#2314 = DIRECTION('',(1.,0.));
#2315 = ( GEOMETRIC_REPRESENTATION_CONTEXT(2) 
PARAMETRIC_REPRESENTATION_CONTEXT() REPRESENTATION_CONTEXT('2D SPACE',''
  ) );
#2316 = ORIENTED_EDGE('',*,*,#2317,.T.);
#2317 = EDGE_CURVE('',#2289,#2318,#2320,.T.);
#2318 = VERTEX_POINT('',#2319);
#2319 = CARTESIAN_POINT('',(-25.,-3.075207310085,5.));
#2320 = SURFACE_CURVE('',#2321,(#2326,#2336),.PCURVE_S1.);
#2321 = HYPERBOLA('',#2322,192.30769230769,5.);
#2322 = AXIS2_PLACEMENT_3D('',#2323,#2324,#2325);
#2323 = CARTESIAN_POINT('',(-25.,0.,230.76923076923));
#2324 = DIRECTION('',(1.,0.,0.));
#2325 = DIRECTION('',(0.,0.,-1.));
#2326 = PCURVE('',#2022,#2327);
#2327 = DEFINITIONAL_REPRESENTATION('',(#2328),#2335);
#2328 = B_SPLINE_CURVE_WITH_KNOTS('',5,(#2329,#2330,#2331,#2332,#2333,
    #2334),.UNSPECIFIED.,.F.,.F.,(6,6),(-0.622362503715,-0.573156023425)
  ,.PIECEWISE_BEZIER_KNOTS.);
#2329 = CARTESIAN_POINT('',(-5.697499763722,2.844866341176E-14));
#2330 = CARTESIAN_POINT('',(-5.705700843771,-1.255380249032));
#2331 = CARTESIAN_POINT('',(-5.713957690966,-2.482822678519));
#2332 = CARTESIAN_POINT('',(-5.722269661815,-3.68258058983));
#2333 = CARTESIAN_POINT('',(-5.730636041452,-4.854896013033));
#2334 = CARTESIAN_POINT('',(-5.739056041502,-6.));
#2335 = ( GEOMETRIC_REPRESENTATION_CONTEXT(2) 
PARAMETRIC_REPRESENTATION_CONTEXT() REPRESENTATION_CONTEXT('2D SPACE',''
  ) );
#2336 = PCURVE('',#2276,#2337);
#2337 = DEFINITIONAL_REPRESENTATION('',(#2338),#2342);
#2338 = ( BOUNDED_CURVE() B_SPLINE_CURVE(2,(#2339,#2340,#2341),
.UNSPECIFIED.,.F.,.F.) B_SPLINE_CURVE_WITH_KNOTS((3,3),(-0.622362503715,
-0.573156023425),.PIECEWISE_BEZIER_KNOTS.) CURVE() 
GEOMETRIC_REPRESENTATION_ITEM() RATIONAL_B_SPLINE_CURVE((1.,
1.00030267498,1.)) REPRESENTATION_ITEM('') );
#2339 = CARTESIAN_POINT('',(10.,-11.68337520964));
#2340 = CARTESIAN_POINT('',(13.137817520829,-11.83096487208));
#2341 = CARTESIAN_POINT('',(16.,-11.9747172033));
#2342 = ( GEOMETRIC_REPRESENTATION_CONTEXT(2) 
PARAMETRIC_REPRESENTATION_CONTEXT() REPRESENTATION_CONTEXT('2D SPACE',''
  ) );
#2343 = ORIENTED_EDGE('',*,*,#2344,.T.);
#2344 = EDGE_CURVE('',#2318,#2012,#2345,.T.);
#2345 = SURFACE_CURVE('',#2346,(#2403,#2463),.PCURVE_S1.);
#2346 = B_SPLINE_CURVE_WITH_KNOTS('',7,(#2347,#2348,#2349,#2350,#2351,
    #2352,#2353,#2354,#2355,#2356,#2357,#2358,#2359,#2360,#2361,#2362,
    #2363,#2364,#2365,#2366,#2367,#2368,#2369,#2370,#2371,#2372,#2373,
    #2374,#2375,#2376,#2377,#2378,#2379,#2380,#2381,#2382,#2383,#2384,
    #2385,#2386,#2387,#2388,#2389,#2390,#2391,#2392,#2393,#2394,#2395,
    #2396,#2397,#2398,#2399,#2400,#2401,#2402),.UNSPECIFIED.,.F.,.F.,(8,
    6,6,6,6,6,6,6,6,8),(0.,1.473691179334E-02,0.105431058217,
    0.198173246264,0.28044912079,0.368216780074,0.508859098603,
    0.570316305038,0.670974840954,1.),.UNSPECIFIED.);
#2347 = CARTESIAN_POINT('',(-25.,-3.075207310085,5.));
#2348 = CARTESIAN_POINT('',(-25.,-3.074727004374,5.009677890398));
#2349 = CARTESIAN_POINT('',(-24.99997814563,-3.074211188976,
    5.019354028498));
#2350 = CARTESIAN_POINT('',(-24.99993445115,-3.073659872984,
    5.029028227911));
#2351 = CARTESIAN_POINT('',(-24.99986893271,-3.073073065068,
    5.038700302262));
#2352 = CARTESIAN_POINT('',(-24.9997816084,-3.072450773474,5.0483700652)
  );
#2353 = CARTESIAN_POINT('',(-24.99967249822,-3.071793006023,
    5.05803733039));
#2354 = CARTESIAN_POINT('',(-24.99873619642,-3.066833446183,
    5.127179836615));
#2355 = CARTESIAN_POINT('',(-24.99710649601,-3.061223879922,
    5.186556046135));
#2356 = CARTESIAN_POINT('',(-24.99465758119,-3.054272563578,
    5.245787241072));
#2357 = CARTESIAN_POINT('',(-24.99139731785,-3.045980659484,
    5.304829904186));
#2358 = CARTESIAN_POINT('',(-24.98733637942,-3.036349000055,
    5.36364030001));
#2359 = CARTESIAN_POINT('',(-24.98248824692,-3.025378087791,
    5.42217447484));
#2360 = CARTESIAN_POINT('',(-24.97112328265,-3.000480120353,
    5.539916613549));
#2361 = CARTESIAN_POINT('',(-24.96457128182,-2.986492043541,
    5.599109810885));
#2362 = CARTESIAN_POINT('',(-24.95723069925,-2.971104427842,
    5.657920455418));
#2363 = CARTESIAN_POINT('',(-24.94912224517,-2.954317912266,
    5.716300633343));
#2364 = CARTESIAN_POINT('',(-24.94026990264,-2.936133696686,
    5.774202060431));
#2365 = CARTESIAN_POINT('',(-24.9307009829,-2.916554026693,
    5.831576232087));
#2366 = CARTESIAN_POINT('',(-24.9113486725,-2.876978027728,
    5.938763002893));
#2367 = CARTESIAN_POINT('',(-24.90171134566,-2.85727806874,
    5.988698295587));
#2368 = CARTESIAN_POINT('',(-24.89155563983,-2.836485530972,
    6.038146370757));
#2369 = CARTESIAN_POINT('',(-24.88090508468,-2.814604078844,
    6.087073255215));
#2370 = CARTESIAN_POINT('',(-24.86978524126,-2.791638635672,
    6.135445223616));
#2371 = CARTESIAN_POINT('',(-24.85822364334,-2.767595707629,
    6.183228938766));
#2372 = CARTESIAN_POINT('',(-24.83347659496,-2.715695521425,
    6.280702277752));
#2373 = CARTESIAN_POINT('',(-24.82023418667,-2.68769061629,
    6.330306541792));
#2374 = CARTESIAN_POINT('',(-24.80655827769,-2.658479327328,
    6.379164304775));
#2375 = CARTESIAN_POINT('',(-24.79248695991,-2.628074161151,
    6.427236865183));
#2376 = CARTESIAN_POINT('',(-24.7780603681,-2.596490140046,
    6.474487073392));
#2377 = CARTESIAN_POINT('',(-24.76332039461,-2.563745146069,
    6.520879505792));
#2378 = CARTESIAN_POINT('',(-24.72425781027,-2.475561811063,
    6.639293428324));
#2379 = CARTESIAN_POINT('',(-24.69951078803,-2.418334013343,
    6.70992072249));
#2380 = CARTESIAN_POINT('',(-24.674248738,-2.35826555135,6.778120839719)
  );
#2381 = CARTESIAN_POINT('',(-24.64865773787,-2.295460828084,
    6.843774116558));
#2382 = CARTESIAN_POINT('',(-24.62292597846,-2.230039913981,
    6.906781877276));
#2383 = CARTESIAN_POINT('',(-24.59723919972,-2.162138490729,
    6.96706540335));
#2384 = CARTESIAN_POINT('',(-24.56064939523,-2.06121872221,
    7.049690758757));
#2385 = CARTESIAN_POINT('',(-24.54956515569,-2.030084293691,
    7.074285434549));
#2386 = CARTESIAN_POINT('',(-24.53853826534,-1.9985167868,7.098344263486
    ));
#2387 = CARTESIAN_POINT('',(-24.52758316939,-1.966528698474,
    7.121863329752));
#2388 = CARTESIAN_POINT('',(-24.51671390113,-1.934132745299,
    7.144839468548));
#2389 = CARTESIAN_POINT('',(-24.5059440819,-1.901341863514,
    7.167270266092));
#2390 = CARTESIAN_POINT('',(-24.47783194289,-1.813836917826,
    7.224996733645));
#2391 = CARTESIAN_POINT('',(-24.46067904895,-1.75848025567,
    7.259372033361));
#2392 = CARTESIAN_POINT('',(-24.44388608121,-1.70215676569,
    7.292272354828));
#2393 = CARTESIAN_POINT('',(-24.4275070532,-1.644924298391,
    7.323695259576));
#2394 = CARTESIAN_POINT('',(-24.411591986,-1.58684051855,7.353642547154)
  );
#2395 = CARTESIAN_POINT('',(-24.39618674419,-1.527962412127,
    7.382119327676));
#2396 = CARTESIAN_POINT('',(-24.33277963508,-1.273475409327,
    7.497433692046));
#2397 = CARTESIAN_POINT('',(-24.29014283921,-1.070815437539,
    7.570056941036));
#2398 = CARTESIAN_POINT('',(-24.2548253841,-0.862172498671,
    7.627366037775));
#2399 = CARTESIAN_POINT('',(-24.22779596771,-0.649275580551,
    7.669882234247));
#2400 = CARTESIAN_POINT('',(-24.20961197182,-0.433710518001,
    7.698045238252));
#2401 = CARTESIAN_POINT('',(-24.20051547863,-0.216886579209,
    7.712133793489));
#2402 = CARTESIAN_POINT('',(-24.20051547863,0.,7.712133793489));
#2403 = PCURVE('',#2022,#2404);
#2404 = DEFINITIONAL_REPRESENTATION('',(#2405),#2462);
#2405 = B_SPLINE_CURVE_WITH_KNOTS('',7,(#2406,#2407,#2408,#2409,#2410,
    #2411,#2412,#2413,#2414,#2415,#2416,#2417,#2418,#2419,#2420,#2421,
    #2422,#2423,#2424,#2425,#2426,#2427,#2428,#2429,#2430,#2431,#2432,
    #2433,#2434,#2435,#2436,#2437,#2438,#2439,#2440,#2441,#2442,#2443,
    #2444,#2445,#2446,#2447,#2448,#2449,#2450,#2451,#2452,#2453,#2454,
    #2455,#2456,#2457,#2458,#2459,#2460,#2461),.UNSPECIFIED.,.F.,.F.,(8,
    6,6,6,6,6,6,6,6,8),(0.,1.473691179334E-02,0.105431058217,
    0.198173246264,0.28044912079,0.368216780074,0.508859098603,
    0.570316305038,0.670974840954,1.),.UNSPECIFIED.);
#2406 = CARTESIAN_POINT('',(-5.731779259423,-5.));
#2407 = CARTESIAN_POINT('',(-5.731848956017,-5.009677890398));
#2408 = CARTESIAN_POINT('',(-5.731925762807,-5.019354028498));
#2409 = CARTESIAN_POINT('',(-5.732009678482,-5.029028227911));
#2410 = CARTESIAN_POINT('',(-5.732100701618,-5.038700302262));
#2411 = CARTESIAN_POINT('',(-5.73219883068,-5.0483700652));
#2412 = CARTESIAN_POINT('',(-5.732304064025,-5.05803733039));
#2413 = CARTESIAN_POINT('',(-5.733107739182,-5.127179836615));
#2414 = CARTESIAN_POINT('',(-5.73406806751,-5.186556046135));
#2415 = CARTESIAN_POINT('',(-5.735297008837,-5.245787241072));
#2416 = CARTESIAN_POINT('',(-5.736793988738,-5.304829904186));
#2417 = CARTESIAN_POINT('',(-5.738558234416,-5.36364030001));
#2418 = CARTESIAN_POINT('',(-5.740588774692,-5.42217447484));
#2419 = CARTESIAN_POINT('',(-5.745231945702,-5.539916613549));
#2420 = CARTESIAN_POINT('',(-5.747856664666,-5.599109810885));
#2421 = CARTESIAN_POINT('',(-5.750757293148,-5.657920455418));
#2422 = CARTESIAN_POINT('',(-5.753932243339,-5.716300633343));
#2423 = CARTESIAN_POINT('',(-5.75737958042,-5.774202060431));
#2424 = CARTESIAN_POINT('',(-5.761096959616,-5.831576232087));
#2425 = CARTESIAN_POINT('',(-5.768616488982,-5.938763002893));
#2426 = CARTESIAN_POINT('',(-5.772361731606,-5.988698295587));
#2427 = CARTESIAN_POINT('',(-5.77631530966,-6.038146370757));
#2428 = CARTESIAN_POINT('',(-5.780474952248,-6.087073255215));
#2429 = CARTESIAN_POINT('',(-5.784838064453,-6.135445223616));
#2430 = CARTESIAN_POINT('',(-5.789401692753,-6.183228938766));
#2431 = CARTESIAN_POINT('',(-5.799241063869,-6.280702277752));
#2432 = CARTESIAN_POINT('',(-5.804544038387,-6.330306541792));
#2433 = CARTESIAN_POINT('',(-5.810067330343,-6.379164304775));
#2434 = CARTESIAN_POINT('',(-5.815806405746,-6.427236865183));
#2435 = CARTESIAN_POINT('',(-5.821756260551,-6.474487073392));
#2436 = CARTESIAN_POINT('',(-5.827911400933,-6.520879505792));
#2437 = CARTESIAN_POINT('',(-5.844448398089,-6.639293428324));
#2438 = CARTESIAN_POINT('',(-5.855143138993,-6.70992072249));
#2439 = CARTESIAN_POINT('',(-5.866324942181,-6.778120839719));
#2440 = CARTESIAN_POINT('',(-5.87796645133,-6.843774116558));
#2441 = CARTESIAN_POINT('',(-5.890038395106,-6.906781877276));
#2442 = CARTESIAN_POINT('',(-5.902509924376,-6.96706540335));
#2443 = CARTESIAN_POINT('',(-5.920959285069,-7.049690758757));
#2444 = CARTESIAN_POINT('',(-5.926639898676,-7.074285434549));
#2445 = CARTESIAN_POINT('',(-5.93238816991,-7.098344263486));
#2446 = CARTESIAN_POINT('',(-5.938201494011,-7.121863329752));
#2447 = CARTESIAN_POINT('',(-5.944077281796,-7.144839468548));
#2448 = CARTESIAN_POINT('',(-5.950012959655,-7.167270266092));
#2449 = CARTESIAN_POINT('',(-5.965821703743,-7.224996733645));
#2450 = CARTESIAN_POINT('',(-5.97579127967,-7.259372033361));
#2451 = CARTESIAN_POINT('',(-5.985903502206,-7.292272354828));
#2452 = CARTESIAN_POINT('',(-5.99614752946,-7.323695259576));
#2453 = CARTESIAN_POINT('',(-6.006512934578,-7.353642547154));
#2454 = CARTESIAN_POINT('',(-6.016989767532,-7.382119327676));
#2455 = CARTESIAN_POINT('',(-6.062147975432,-7.497433692046));
#2456 = CARTESIAN_POINT('',(-6.097799390085,-7.570056941036));
#2457 = CARTESIAN_POINT('',(-6.134219889746,-7.627366037775));
#2458 = CARTESIAN_POINT('',(-6.171155753417,-7.669882234247));
#2459 = CARTESIAN_POINT('',(-6.208400993442,-7.698045238252));
#2460 = CARTESIAN_POINT('',(-6.245787745653,-7.712133793489));
#2461 = CARTESIAN_POINT('',(-6.28318530718,-7.712133793489));
#2462 = ( GEOMETRIC_REPRESENTATION_CONTEXT(2) 
PARAMETRIC_REPRESENTATION_CONTEXT() REPRESENTATION_CONTEXT('2D SPACE',''
  ) );
#2463 = PCURVE('',#2191,#2464);
#2464 = DEFINITIONAL_REPRESENTATION('',(#2465),#2522);
#2465 = B_SPLINE_CURVE_WITH_KNOTS('',7,(#2466,#2467,#2468,#2469,#2470,
    #2471,#2472,#2473,#2474,#2475,#2476,#2477,#2478,#2479,#2480,#2481,
    #2482,#2483,#2484,#2485,#2486,#2487,#2488,#2489,#2490,#2491,#2492,
    #2493,#2494,#2495,#2496,#2497,#2498,#2499,#2500,#2501,#2502,#2503,
    #2504,#2505,#2506,#2507,#2508,#2509,#2510,#2511,#2512,#2513,#2514,
    #2515,#2516,#2517,#2518,#2519,#2520,#2521),.UNSPECIFIED.,.F.,.F.,(8,
    6,6,6,6,6,6,6,6,8),(0.,1.473691179334E-02,0.105431058217,
    0.198173246264,0.28044912079,0.368216780074,0.508859098603,
    0.570316305038,0.670974840954,1.),.UNSPECIFIED.);
#2466 = CARTESIAN_POINT('',(0.,11.924792689915));
#2467 = CARTESIAN_POINT('',(1.935578079527E-03,11.925272995626));
#2468 = CARTESIAN_POINT('',(3.870805697647E-03,11.925788811024));
#2469 = CARTESIAN_POINT('',(5.805657425156E-03,11.926340127016));
#2470 = CARTESIAN_POINT('',(7.740107811302E-03,11.926926934932));
#2471 = CARTESIAN_POINT('',(9.674131383782E-03,11.927549226526));
#2472 = CARTESIAN_POINT('',(1.160770264874E-02,11.928206993977));
#2473 = CARTESIAN_POINT('',(2.543747174029E-02,11.933166553817));
#2474 = CARTESIAN_POINT('',(3.731602035061E-02,11.938776120078));
#2475 = CARTESIAN_POINT('',(4.91705624496E-02,11.945727436422));
#2476 = CARTESIAN_POINT('',(6.099507589567E-02,11.954019340516));
#2477 = CARTESIAN_POINT('',(7.278339587769E-02,11.963650999945));
#2478 = CARTESIAN_POINT('',(8.452921491508E-02,11.974621912209));
#2479 = CARTESIAN_POINT('',(0.10818708772,11.999519879647));
#2480 = CARTESIAN_POINT('',(0.120096859936,12.013507956459));
#2481 = CARTESIAN_POINT('',(0.131948423512,12.028895572158));
#2482 = CARTESIAN_POINT('',(0.143734529407,12.045682087734));
#2483 = CARTESIAN_POINT('',(0.155447643757,12.063866303314));
#2484 = CARTESIAN_POINT('',(0.167079936096,12.083445973307));
#2485 = CARTESIAN_POINT('',(0.188863889597,12.123021972272));
#2486 = CARTESIAN_POINT('',(0.199034508485,12.14272193126));
#2487 = CARTESIAN_POINT('',(0.209129409407,12.163514469028));
#2488 = CARTESIAN_POINT('',(0.219142715207,12.185395921156));
#2489 = CARTESIAN_POINT('',(0.229068396361,12.208361364328));
#2490 = CARTESIAN_POINT('',(0.238900280906,12.232404292371));
#2491 = CARTESIAN_POINT('',(0.25901342906,12.284304478575));
#2492 = CARTESIAN_POINT('',(0.269280948449,12.31230938371));
#2493 = CARTESIAN_POINT('',(0.279426922715,12.341520672672));
#2494 = CARTESIAN_POINT('',(0.289443619258,12.371925838849));
#2495 = CARTESIAN_POINT('',(0.299323303008,12.403509859954));
#2496 = CARTESIAN_POINT('',(0.309058266708,12.436254853931));
#2497 = CARTESIAN_POINT('',(0.333996384155,12.524438188937));
#2498 = CARTESIAN_POINT('',(0.348961313791,12.581665986657));
#2499 = CARTESIAN_POINT('',(0.363503465316,12.64173444865));
#2500 = CARTESIAN_POINT('',(0.377592946575,12.704539171916));
#2501 = CARTESIAN_POINT('',(0.391202292415,12.769960086019));
#2502 = CARTESIAN_POINT('',(0.404306599038,12.837861509271));
#2503 = CARTESIAN_POINT('',(0.42237952149,12.93878127779));
#2504 = CARTESIAN_POINT('',(0.427774807345,12.969915706309));
#2505 = CARTESIAN_POINT('',(0.433067727441,13.0014832132));
#2506 = CARTESIAN_POINT('',(0.438256622872,13.033471301526));
#2507 = CARTESIAN_POINT('',(0.443339964324,13.065867254701));
#2508 = CARTESIAN_POINT('',(0.44831635207,13.098658136486));
#2509 = CARTESIAN_POINT('',(0.461157905583,13.186163082174));
#2510 = CARTESIAN_POINT('',(0.468840991716,13.24151974433));
#2511 = CARTESIAN_POINT('',(0.476228171606,13.29784323431));
#2512 = CARTESIAN_POINT('',(0.483314831321,13.355075701609));
#2513 = CARTESIAN_POINT('',(0.490097235524,13.41315948145));
#2514 = CARTESIAN_POINT('',(0.496572417243,13.472037587873));
#2515 = CARTESIAN_POINT('',(0.522891888451,13.726524590673));
#2516 = CARTESIAN_POINT('',(0.539728056284,13.929184562461));
#2517 = CARTESIAN_POINT('',(0.553188450566,14.137827501329));
#2518 = CARTESIAN_POINT('',(0.563264432182,14.350724419449));
#2519 = CARTESIAN_POINT('',(0.569969055874,14.566289481999));
#2520 = CARTESIAN_POINT('',(0.573323068523,14.783113420791));
#2521 = CARTESIAN_POINT('',(0.573323068523,15.));
#2522 = ( GEOMETRIC_REPRESENTATION_CONTEXT(2) 
PARAMETRIC_REPRESENTATION_CONTEXT() REPRESENTATION_CONTEXT('2D SPACE',''
  ) );
#2523 = ADVANCED_FACE('',(#2524),#2191,.T.);
#2524 = FACE_BOUND('',#2525,.T.);
#2525 = EDGE_LOOP('',(#2526,#2555,#2583,#2612,#2633,#2634,#2635));
#2526 = ORIENTED_EDGE('',*,*,#2527,.F.);
#2527 = EDGE_CURVE('',#2528,#2530,#2532,.T.);
#2528 = VERTEX_POINT('',#2529);
#2529 = CARTESIAN_POINT('',(-20.,-10.,10.));
#2530 = VERTEX_POINT('',#2531);
#2531 = CARTESIAN_POINT('',(-25.,-10.,5.));
#2532 = SURFACE_CURVE('',#2533,(#2538,#2544),.PCURVE_S1.);
#2533 = CIRCLE('',#2534,5.);
#2534 = AXIS2_PLACEMENT_3D('',#2535,#2536,#2537);
#2535 = CARTESIAN_POINT('',(-20.,-10.,5.));
#2536 = DIRECTION('',(0.,-1.,0.));
#2537 = DIRECTION('',(-1.,0.,0.));
#2538 = PCURVE('',#2191,#2539);
#2539 = DEFINITIONAL_REPRESENTATION('',(#2540),#2543);
#2540 = B_SPLINE_CURVE_WITH_KNOTS('',1,(#2541,#2542),.UNSPECIFIED.,.F.,
  .F.,(2,2),(4.712388980385,6.28318530718),.PIECEWISE_BEZIER_KNOTS.);
#2541 = CARTESIAN_POINT('',(1.570796326795,5.));
#2542 = CARTESIAN_POINT('',(0.,5.));
#2543 = ( GEOMETRIC_REPRESENTATION_CONTEXT(2) 
PARAMETRIC_REPRESENTATION_CONTEXT() REPRESENTATION_CONTEXT('2D SPACE',''
  ) );
#2544 = PCURVE('',#2545,#2550);
#2545 = SPHERICAL_SURFACE('',#2546,5.);
#2546 = AXIS2_PLACEMENT_3D('',#2547,#2548,#2549);
#2547 = CARTESIAN_POINT('',(-20.,-10.,5.));
#2548 = DIRECTION('',(-0.,-0.,-1.));
#2549 = DIRECTION('',(-1.,0.,0.));
#2550 = DEFINITIONAL_REPRESENTATION('',(#2551),#2554);
#2551 = B_SPLINE_CURVE_WITH_KNOTS('',1,(#2552,#2553),.UNSPECIFIED.,.F.,
  .F.,(2,2),(4.712388980385,6.28318530718),.PIECEWISE_BEZIER_KNOTS.);
#2552 = CARTESIAN_POINT('',(0.,-1.570796326795));
#2553 = CARTESIAN_POINT('',(0.,0.));
#2554 = ( GEOMETRIC_REPRESENTATION_CONTEXT(2) 
PARAMETRIC_REPRESENTATION_CONTEXT() REPRESENTATION_CONTEXT('2D SPACE',''
  ) );
#2555 = ORIENTED_EDGE('',*,*,#2556,.T.);
#2556 = EDGE_CURVE('',#2528,#2557,#2559,.T.);
#2557 = VERTEX_POINT('',#2558);
#2558 = CARTESIAN_POINT('',(-20.,10.,10.));
#2559 = SURFACE_CURVE('',#2560,(#2564,#2571),.PCURVE_S1.);
#2560 = LINE('',#2561,#2562);
#2561 = CARTESIAN_POINT('',(-20.,-15.,10.));
#2562 = VECTOR('',#2563,1.);
#2563 = DIRECTION('',(0.,1.,0.));
#2564 = PCURVE('',#2191,#2565);
#2565 = DEFINITIONAL_REPRESENTATION('',(#2566),#2570);
#2566 = LINE('',#2567,#2568);
#2567 = CARTESIAN_POINT('',(1.570796326795,0.));
#2568 = VECTOR('',#2569,1.);
#2569 = DIRECTION('',(0.,1.));
#2570 = ( GEOMETRIC_REPRESENTATION_CONTEXT(2) 
PARAMETRIC_REPRESENTATION_CONTEXT() REPRESENTATION_CONTEXT('2D SPACE',''
  ) );
#2571 = PCURVE('',#2572,#2577);
#2572 = PLANE('',#2573);
#2573 = AXIS2_PLACEMENT_3D('',#2574,#2575,#2576);
#2574 = CARTESIAN_POINT('',(-25.,-15.,10.));
#2575 = DIRECTION('',(0.,0.,1.));
#2576 = DIRECTION('',(1.,0.,0.));
#2577 = DEFINITIONAL_REPRESENTATION('',(#2578),#2582);
#2578 = LINE('',#2579,#2580);
#2579 = CARTESIAN_POINT('',(5.,0.));
#2580 = VECTOR('',#2581,1.);
#2581 = DIRECTION('',(0.,1.));
#2582 = ( GEOMETRIC_REPRESENTATION_CONTEXT(2) 
PARAMETRIC_REPRESENTATION_CONTEXT() REPRESENTATION_CONTEXT('2D SPACE',''
  ) );
#2583 = ORIENTED_EDGE('',*,*,#2584,.F.);
#2584 = EDGE_CURVE('',#2585,#2557,#2587,.T.);
#2585 = VERTEX_POINT('',#2586);
#2586 = CARTESIAN_POINT('',(-25.,10.,5.));
#2587 = SURFACE_CURVE('',#2588,(#2593,#2600),.PCURVE_S1.);
#2588 = CIRCLE('',#2589,5.);
#2589 = AXIS2_PLACEMENT_3D('',#2590,#2591,#2592);
#2590 = CARTESIAN_POINT('',(-20.,10.,5.));
#2591 = DIRECTION('',(0.,1.,0.));
#2592 = DIRECTION('',(-1.,0.,1.7763568394E-16));
#2593 = PCURVE('',#2191,#2594);
#2594 = DEFINITIONAL_REPRESENTATION('',(#2595),#2599);
#2595 = LINE('',#2596,#2597);
#2596 = CARTESIAN_POINT('',(0.,25.));
#2597 = VECTOR('',#2598,1.);
#2598 = DIRECTION('',(1.,0.));
#2599 = ( GEOMETRIC_REPRESENTATION_CONTEXT(2) 
PARAMETRIC_REPRESENTATION_CONTEXT() REPRESENTATION_CONTEXT('2D SPACE',''
  ) );
#2600 = PCURVE('',#2601,#2606);
#2601 = SPHERICAL_SURFACE('',#2602,5.);
#2602 = AXIS2_PLACEMENT_3D('',#2603,#2604,#2605);
#2603 = CARTESIAN_POINT('',(-20.,10.,5.));
#2604 = DIRECTION('',(-0.,-1.,-0.));
#2605 = DIRECTION('',(-1.,0.,1.7763568394E-16));
#2606 = DEFINITIONAL_REPRESENTATION('',(#2607),#2611);
#2607 = LINE('',#2608,#2609);
#2608 = CARTESIAN_POINT('',(-0.,0.));
#2609 = VECTOR('',#2610,1.);
#2610 = DIRECTION('',(-1.,0.));
#2611 = ( GEOMETRIC_REPRESENTATION_CONTEXT(2) 
PARAMETRIC_REPRESENTATION_CONTEXT() REPRESENTATION_CONTEXT('2D SPACE',''
  ) );
#2612 = ORIENTED_EDGE('',*,*,#2613,.F.);
#2613 = EDGE_CURVE('',#2070,#2585,#2614,.T.);
#2614 = SURFACE_CURVE('',#2615,(#2619,#2626),.PCURVE_S1.);
#2615 = LINE('',#2616,#2617);
#2616 = CARTESIAN_POINT('',(-25.,-15.,5.));
#2617 = VECTOR('',#2618,1.);
#2618 = DIRECTION('',(0.,1.,0.));
#2619 = PCURVE('',#2191,#2620);
#2620 = DEFINITIONAL_REPRESENTATION('',(#2621),#2625);
#2621 = LINE('',#2622,#2623);
#2622 = CARTESIAN_POINT('',(0.,0.));
#2623 = VECTOR('',#2624,1.);
#2624 = DIRECTION('',(0.,1.));
#2625 = ( GEOMETRIC_REPRESENTATION_CONTEXT(2) 
PARAMETRIC_REPRESENTATION_CONTEXT() REPRESENTATION_CONTEXT('2D SPACE',''
  ) );
#2626 = PCURVE('',#2276,#2627);
#2627 = DEFINITIONAL_REPRESENTATION('',(#2628),#2632);
#2628 = LINE('',#2629,#2630);
#2629 = CARTESIAN_POINT('',(15.,0.));
#2630 = VECTOR('',#2631,1.);
#2631 = DIRECTION('',(0.,-1.));
#2632 = ( GEOMETRIC_REPRESENTATION_CONTEXT(2) 
PARAMETRIC_REPRESENTATION_CONTEXT() REPRESENTATION_CONTEXT('2D SPACE',''
  ) );
#2633 = ORIENTED_EDGE('',*,*,#2069,.T.);
#2634 = ORIENTED_EDGE('',*,*,#2344,.F.);
#2635 = ORIENTED_EDGE('',*,*,#2636,.F.);
#2636 = EDGE_CURVE('',#2530,#2318,#2637,.T.);
#2637 = SURFACE_CURVE('',#2638,(#2642,#2649),.PCURVE_S1.);
#2638 = LINE('',#2639,#2640);
#2639 = CARTESIAN_POINT('',(-25.,-15.,5.));
#2640 = VECTOR('',#2641,1.);
#2641 = DIRECTION('',(0.,1.,0.));
#2642 = PCURVE('',#2191,#2643);
#2643 = DEFINITIONAL_REPRESENTATION('',(#2644),#2648);
#2644 = LINE('',#2645,#2646);
#2645 = CARTESIAN_POINT('',(0.,0.));
#2646 = VECTOR('',#2647,1.);
#2647 = DIRECTION('',(0.,1.));
#2648 = ( GEOMETRIC_REPRESENTATION_CONTEXT(2) 
PARAMETRIC_REPRESENTATION_CONTEXT() REPRESENTATION_CONTEXT('2D SPACE',''
  ) );
#2649 = PCURVE('',#2276,#2650);
#2650 = DEFINITIONAL_REPRESENTATION('',(#2651),#2655);
#2651 = LINE('',#2652,#2653);
#2652 = CARTESIAN_POINT('',(15.,0.));
#2653 = VECTOR('',#2654,1.);
#2654 = DIRECTION('',(0.,-1.));
#2655 = ( GEOMETRIC_REPRESENTATION_CONTEXT(2) 
PARAMETRIC_REPRESENTATION_CONTEXT() REPRESENTATION_CONTEXT('2D SPACE',''
  ) );
#2656 = ADVANCED_FACE('',(#2657),#2276,.F.);
#2657 = FACE_BOUND('',#2658,.F.);
#2658 = EDGE_LOOP('',(#2659,#2687,#2715,#2741,#2742,#2743,#2762,#2763));
#2659 = ORIENTED_EDGE('',*,*,#2660,.F.);
#2660 = EDGE_CURVE('',#2661,#2530,#2663,.T.);
#2661 = VERTEX_POINT('',#2662);
#2662 = CARTESIAN_POINT('',(-25.,-10.,-5.));
#2663 = SURFACE_CURVE('',#2664,(#2668,#2675),.PCURVE_S1.);
#2664 = LINE('',#2665,#2666);
#2665 = CARTESIAN_POINT('',(-25.,-10.,-10.));
#2666 = VECTOR('',#2667,1.);
#2667 = DIRECTION('',(0.,0.,1.));
#2668 = PCURVE('',#2276,#2669);
#2669 = DEFINITIONAL_REPRESENTATION('',(#2670),#2674);
#2670 = LINE('',#2671,#2672);
#2671 = CARTESIAN_POINT('',(0.,-5.));
#2672 = VECTOR('',#2673,1.);
#2673 = DIRECTION('',(1.,0.));
#2674 = ( GEOMETRIC_REPRESENTATION_CONTEXT(2) 
PARAMETRIC_REPRESENTATION_CONTEXT() REPRESENTATION_CONTEXT('2D SPACE',''
  ) );
#2675 = PCURVE('',#2676,#2681);
#2676 = CYLINDRICAL_SURFACE('',#2677,5.);
#2677 = AXIS2_PLACEMENT_3D('',#2678,#2679,#2680);
#2678 = CARTESIAN_POINT('',(-20.,-10.,-10.));
#2679 = DIRECTION('',(0.,0.,1.));
#2680 = DIRECTION('',(-1.,-0.,0.));
#2681 = DEFINITIONAL_REPRESENTATION('',(#2682),#2686);
#2682 = LINE('',#2683,#2684);
#2683 = CARTESIAN_POINT('',(0.,0.));
#2684 = VECTOR('',#2685,1.);
#2685 = DIRECTION('',(0.,1.));
#2686 = ( GEOMETRIC_REPRESENTATION_CONTEXT(2) 
PARAMETRIC_REPRESENTATION_CONTEXT() REPRESENTATION_CONTEXT('2D SPACE',''
  ) );
#2687 = ORIENTED_EDGE('',*,*,#2688,.T.);
#2688 = EDGE_CURVE('',#2661,#2689,#2691,.T.);
#2689 = VERTEX_POINT('',#2690);
#2690 = CARTESIAN_POINT('',(-25.,10.,-5.));
#2691 = SURFACE_CURVE('',#2692,(#2696,#2703),.PCURVE_S1.);
#2692 = LINE('',#2693,#2694);
#2693 = CARTESIAN_POINT('',(-25.,-15.,-5.));
#2694 = VECTOR('',#2695,1.);
#2695 = DIRECTION('',(0.,1.,0.));
#2696 = PCURVE('',#2276,#2697);
#2697 = DEFINITIONAL_REPRESENTATION('',(#2698),#2702);
#2698 = LINE('',#2699,#2700);
#2699 = CARTESIAN_POINT('',(5.,0.));
#2700 = VECTOR('',#2701,1.);
#2701 = DIRECTION('',(0.,-1.));
#2702 = ( GEOMETRIC_REPRESENTATION_CONTEXT(2) 
PARAMETRIC_REPRESENTATION_CONTEXT() REPRESENTATION_CONTEXT('2D SPACE',''
  ) );
#2703 = PCURVE('',#2704,#2709);
#2704 = CYLINDRICAL_SURFACE('',#2705,5.);
#2705 = AXIS2_PLACEMENT_3D('',#2706,#2707,#2708);
#2706 = CARTESIAN_POINT('',(-20.,-15.,-5.));
#2707 = DIRECTION('',(0.,1.,0.));
#2708 = DIRECTION('',(-1.,0.,0.));
#2709 = DEFINITIONAL_REPRESENTATION('',(#2710),#2714);
#2710 = LINE('',#2711,#2712);
#2711 = CARTESIAN_POINT('',(-0.,0.));
#2712 = VECTOR('',#2713,1.);
#2713 = DIRECTION('',(-0.,1.));
#2714 = ( GEOMETRIC_REPRESENTATION_CONTEXT(2) 
PARAMETRIC_REPRESENTATION_CONTEXT() REPRESENTATION_CONTEXT('2D SPACE',''
  ) );
#2715 = ORIENTED_EDGE('',*,*,#2716,.T.);
#2716 = EDGE_CURVE('',#2689,#2585,#2717,.T.);
#2717 = SURFACE_CURVE('',#2718,(#2722,#2729),.PCURVE_S1.);
#2718 = LINE('',#2719,#2720);
#2719 = CARTESIAN_POINT('',(-25.,10.,-10.));
#2720 = VECTOR('',#2721,1.);
#2721 = DIRECTION('',(0.,0.,1.));
#2722 = PCURVE('',#2276,#2723);
#2723 = DEFINITIONAL_REPRESENTATION('',(#2724),#2728);
#2724 = LINE('',#2725,#2726);
#2725 = CARTESIAN_POINT('',(0.,-25.));
#2726 = VECTOR('',#2727,1.);
#2727 = DIRECTION('',(1.,0.));
#2728 = ( GEOMETRIC_REPRESENTATION_CONTEXT(2) 
PARAMETRIC_REPRESENTATION_CONTEXT() REPRESENTATION_CONTEXT('2D SPACE',''
  ) );
#2729 = PCURVE('',#2730,#2735);
#2730 = CYLINDRICAL_SURFACE('',#2731,5.);
#2731 = AXIS2_PLACEMENT_3D('',#2732,#2733,#2734);
#2732 = CARTESIAN_POINT('',(-20.,10.,-10.));
#2733 = DIRECTION('',(0.,0.,1.));
#2734 = DIRECTION('',(-1.,-0.,0.));
#2735 = DEFINITIONAL_REPRESENTATION('',(#2736),#2740);
#2736 = LINE('',#2737,#2738);
#2737 = CARTESIAN_POINT('',(-0.,0.));
#2738 = VECTOR('',#2739,1.);
#2739 = DIRECTION('',(-0.,1.));
#2740 = ( GEOMETRIC_REPRESENTATION_CONTEXT(2) 
PARAMETRIC_REPRESENTATION_CONTEXT() REPRESENTATION_CONTEXT('2D SPACE',''
  ) );
#2741 = ORIENTED_EDGE('',*,*,#2613,.F.);
#2742 = ORIENTED_EDGE('',*,*,#2256,.T.);
#2743 = ORIENTED_EDGE('',*,*,#2744,.T.);
#2744 = EDGE_CURVE('',#2257,#2289,#2745,.T.);
#2745 = SURFACE_CURVE('',#2746,(#2750,#2756),.PCURVE_S1.);
#2746 = LINE('',#2747,#2748);
#2747 = CARTESIAN_POINT('',(-25.,-7.5,0.));
#2748 = VECTOR('',#2749,1.);
#2749 = DIRECTION('',(0.,-1.,0.));
#2750 = PCURVE('',#2276,#2751);
#2751 = DEFINITIONAL_REPRESENTATION('',(#2752),#2755);
#2752 = B_SPLINE_CURVE_WITH_KNOTS('',1,(#2753,#2754),.UNSPECIFIED.,.F.,
  .F.,(2,2),(-13.5,-1.5),.PIECEWISE_BEZIER_KNOTS.);
#2753 = CARTESIAN_POINT('',(10.,-21.));
#2754 = CARTESIAN_POINT('',(10.,-9.));
#2755 = ( GEOMETRIC_REPRESENTATION_CONTEXT(2) 
PARAMETRIC_REPRESENTATION_CONTEXT() REPRESENTATION_CONTEXT('2D SPACE',''
  ) );
#2756 = PCURVE('',#2305,#2757);
#2757 = DEFINITIONAL_REPRESENTATION('',(#2758),#2761);
#2758 = B_SPLINE_CURVE_WITH_KNOTS('',1,(#2759,#2760),.UNSPECIFIED.,.F.,
  .F.,(2,2),(-13.5,-1.5),.PIECEWISE_BEZIER_KNOTS.);
#2759 = CARTESIAN_POINT('',(5.,6.));
#2760 = CARTESIAN_POINT('',(5.,-6.));
#2761 = ( GEOMETRIC_REPRESENTATION_CONTEXT(2) 
PARAMETRIC_REPRESENTATION_CONTEXT() REPRESENTATION_CONTEXT('2D SPACE',''
  ) );
#2762 = ORIENTED_EDGE('',*,*,#2317,.T.);
#2763 = ORIENTED_EDGE('',*,*,#2636,.F.);
#2764 = ADVANCED_FACE('',(#2765),#2305,.F.);
#2765 = FACE_BOUND('',#2766,.F.);
#2766 = EDGE_LOOP('',(#2767,#2768));
#2767 = ORIENTED_EDGE('',*,*,#2744,.F.);
#2768 = ORIENTED_EDGE('',*,*,#2288,.T.);
#2769 = ADVANCED_FACE('',(#2770),#2056,.T.);
#2770 = FACE_BOUND('',#2771,.T.);
#2771 = EDGE_LOOP('',(#2772));
#2772 = ORIENTED_EDGE('',*,*,#2041,.T.);
#2773 = ADVANCED_FACE('',(#2774),#2545,.T.);
#2774 = FACE_BOUND('',#2775,.F.);
#2775 = EDGE_LOOP('',(#2776,#2777,#2804));
#2776 = ORIENTED_EDGE('',*,*,#2527,.F.);
#2777 = ORIENTED_EDGE('',*,*,#2778,.T.);
#2778 = EDGE_CURVE('',#2528,#2779,#2781,.T.);
#2779 = VERTEX_POINT('',#2780);
#2780 = CARTESIAN_POINT('',(-20.,-15.,5.));
#2781 = SURFACE_CURVE('',#2782,(#2787,#2793),.PCURVE_S1.);
#2782 = CIRCLE('',#2783,5.);
#2783 = AXIS2_PLACEMENT_3D('',#2784,#2785,#2786);
#2784 = CARTESIAN_POINT('',(-20.,-10.,5.));
#2785 = DIRECTION('',(1.,-6.123233995737E-17,0.));
#2786 = DIRECTION('',(-6.123233995737E-17,-1.,0.));
#2787 = PCURVE('',#2545,#2788);
#2788 = DEFINITIONAL_REPRESENTATION('',(#2789),#2792);
#2789 = B_SPLINE_CURVE_WITH_KNOTS('',1,(#2790,#2791),.UNSPECIFIED.,.F.,
  .F.,(2,2),(4.712388980385,6.28318530718),.PIECEWISE_BEZIER_KNOTS.);
#2790 = CARTESIAN_POINT('',(-1.570796326795,-1.570796326795));
#2791 = CARTESIAN_POINT('',(-1.570796326795,0.));
#2792 = ( GEOMETRIC_REPRESENTATION_CONTEXT(2) 
PARAMETRIC_REPRESENTATION_CONTEXT() REPRESENTATION_CONTEXT('2D SPACE',''
  ) );
#2793 = PCURVE('',#2794,#2799);
#2794 = CYLINDRICAL_SURFACE('',#2795,5.);
#2795 = AXIS2_PLACEMENT_3D('',#2796,#2797,#2798);
#2796 = CARTESIAN_POINT('',(-25.,-10.,5.));
#2797 = DIRECTION('',(1.,0.,0.));
#2798 = DIRECTION('',(0.,-1.,0.));
#2799 = DEFINITIONAL_REPRESENTATION('',(#2800),#2803);
#2800 = B_SPLINE_CURVE_WITH_KNOTS('',1,(#2801,#2802),.UNSPECIFIED.,.F.,
  .F.,(2,2),(4.712388980385,6.28318530718),.PIECEWISE_BEZIER_KNOTS.);
#2801 = CARTESIAN_POINT('',(-1.570796326795,5.));
#2802 = CARTESIAN_POINT('',(0.,5.));
#2803 = ( GEOMETRIC_REPRESENTATION_CONTEXT(2) 
PARAMETRIC_REPRESENTATION_CONTEXT() REPRESENTATION_CONTEXT('2D SPACE',''
  ) );
#2804 = ORIENTED_EDGE('',*,*,#2805,.F.);
#2805 = EDGE_CURVE('',#2530,#2779,#2806,.T.);
#2806 = SURFACE_CURVE('',#2807,(#2812,#2819),.PCURVE_S1.);
#2807 = CIRCLE('',#2808,5.);
#2808 = AXIS2_PLACEMENT_3D('',#2809,#2810,#2811);
#2809 = CARTESIAN_POINT('',(-20.,-10.,5.));
#2810 = DIRECTION('',(0.,0.,1.));
#2811 = DIRECTION('',(-1.,0.,0.));
#2812 = PCURVE('',#2545,#2813);
#2813 = DEFINITIONAL_REPRESENTATION('',(#2814),#2818);
#2814 = LINE('',#2815,#2816);
#2815 = CARTESIAN_POINT('',(-0.,0.));
#2816 = VECTOR('',#2817,1.);
#2817 = DIRECTION('',(-1.,0.));
#2818 = ( GEOMETRIC_REPRESENTATION_CONTEXT(2) 
PARAMETRIC_REPRESENTATION_CONTEXT() REPRESENTATION_CONTEXT('2D SPACE',''
  ) );
#2819 = PCURVE('',#2676,#2820);
#2820 = DEFINITIONAL_REPRESENTATION('',(#2821),#2825);
#2821 = LINE('',#2822,#2823);
#2822 = CARTESIAN_POINT('',(0.,15.));
#2823 = VECTOR('',#2824,1.);
#2824 = DIRECTION('',(1.,0.));
#2825 = ( GEOMETRIC_REPRESENTATION_CONTEXT(2) 
PARAMETRIC_REPRESENTATION_CONTEXT() REPRESENTATION_CONTEXT('2D SPACE',''
  ) );
#2826 = ADVANCED_FACE('',(#2827),#2601,.T.);
#2827 = FACE_BOUND('',#2828,.F.);
#2828 = EDGE_LOOP('',(#2829,#2851,#2876));
#2829 = ORIENTED_EDGE('',*,*,#2830,.F.);
#2830 = EDGE_CURVE('',#2831,#2585,#2833,.T.);
#2831 = VERTEX_POINT('',#2832);
#2832 = CARTESIAN_POINT('',(-20.,15.,5.));
#2833 = SURFACE_CURVE('',#2834,(#2839,#2845),.PCURVE_S1.);
#2834 = CIRCLE('',#2835,5.);
#2835 = AXIS2_PLACEMENT_3D('',#2836,#2837,#2838);
#2836 = CARTESIAN_POINT('',(-20.,10.,5.));
#2837 = DIRECTION('',(1.7763568394E-16,0.,1.));
#2838 = DIRECTION('',(-1.,0.,1.7763568394E-16));
#2839 = PCURVE('',#2601,#2840);
#2840 = DEFINITIONAL_REPRESENTATION('',(#2841),#2844);
#2841 = B_SPLINE_CURVE_WITH_KNOTS('',1,(#2842,#2843),.UNSPECIFIED.,.F.,
  .F.,(2,2),(4.712388980385,6.28318530718),.PIECEWISE_BEZIER_KNOTS.);
#2842 = CARTESIAN_POINT('',(0.,-1.570796326795));
#2843 = CARTESIAN_POINT('',(0.,0.));
#2844 = ( GEOMETRIC_REPRESENTATION_CONTEXT(2) 
PARAMETRIC_REPRESENTATION_CONTEXT() REPRESENTATION_CONTEXT('2D SPACE',''
  ) );
#2845 = PCURVE('',#2730,#2846);
#2846 = DEFINITIONAL_REPRESENTATION('',(#2847),#2850);
#2847 = B_SPLINE_CURVE_WITH_KNOTS('',1,(#2848,#2849),.UNSPECIFIED.,.F.,
  .F.,(2,2),(4.712388980385,6.28318530718),.PIECEWISE_BEZIER_KNOTS.);
#2848 = CARTESIAN_POINT('',(-1.570796326795,15.));
#2849 = CARTESIAN_POINT('',(0.,15.));
#2850 = ( GEOMETRIC_REPRESENTATION_CONTEXT(2) 
PARAMETRIC_REPRESENTATION_CONTEXT() REPRESENTATION_CONTEXT('2D SPACE',''
  ) );
#2851 = ORIENTED_EDGE('',*,*,#2852,.T.);
#2852 = EDGE_CURVE('',#2831,#2557,#2853,.T.);
#2853 = SURFACE_CURVE('',#2854,(#2859,#2865),.PCURVE_S1.);
#2854 = CIRCLE('',#2855,5.);
#2855 = AXIS2_PLACEMENT_3D('',#2856,#2857,#2858);
#2856 = CARTESIAN_POINT('',(-20.,10.,5.));
#2857 = DIRECTION('',(1.,0.,1.056412609424E-16));
#2858 = DIRECTION('',(-1.056412609424E-16,0.,1.));
#2859 = PCURVE('',#2601,#2860);
#2860 = DEFINITIONAL_REPRESENTATION('',(#2861),#2864);
#2861 = B_SPLINE_CURVE_WITH_KNOTS('',1,(#2862,#2863),.UNSPECIFIED.,.F.,
  .F.,(2,2),(4.712388980385,6.28318530718),.PIECEWISE_BEZIER_KNOTS.);
#2862 = CARTESIAN_POINT('',(-1.570796326795,-1.570796326795));
#2863 = CARTESIAN_POINT('',(-1.570796326795,0.));
#2864 = ( GEOMETRIC_REPRESENTATION_CONTEXT(2) 
PARAMETRIC_REPRESENTATION_CONTEXT() REPRESENTATION_CONTEXT('2D SPACE',''
  ) );
#2865 = PCURVE('',#2866,#2871);
#2866 = CYLINDRICAL_SURFACE('',#2867,5.);
#2867 = AXIS2_PLACEMENT_3D('',#2868,#2869,#2870);
#2868 = CARTESIAN_POINT('',(-25.,10.,5.));
#2869 = DIRECTION('',(1.,0.,0.));
#2870 = DIRECTION('',(-0.,1.,0.));
#2871 = DEFINITIONAL_REPRESENTATION('',(#2872),#2875);
#2872 = B_SPLINE_CURVE_WITH_KNOTS('',1,(#2873,#2874),.UNSPECIFIED.,.F.,
  .F.,(2,2),(4.712388980385,6.28318530718),.PIECEWISE_BEZIER_KNOTS.);
#2873 = CARTESIAN_POINT('',(0.,5.));
#2874 = CARTESIAN_POINT('',(1.570796326795,5.));
#2875 = ( GEOMETRIC_REPRESENTATION_CONTEXT(2) 
PARAMETRIC_REPRESENTATION_CONTEXT() REPRESENTATION_CONTEXT('2D SPACE',''
  ) );
#2876 = ORIENTED_EDGE('',*,*,#2584,.F.);
#2877 = ADVANCED_FACE('',(#2878),#2572,.T.);
#2878 = FACE_BOUND('',#2879,.T.);
#2879 = EDGE_LOOP('',(#2880,#2881,#2904,#2932));
#2880 = ORIENTED_EDGE('',*,*,#2556,.F.);
#2881 = ORIENTED_EDGE('',*,*,#2882,.T.);
#2882 = EDGE_CURVE('',#2528,#2883,#2885,.T.);
#2883 = VERTEX_POINT('',#2884);
#2884 = CARTESIAN_POINT('',(20.,-10.,10.));
#2885 = SURFACE_CURVE('',#2886,(#2890,#2897),.PCURVE_S1.);
#2886 = LINE('',#2887,#2888);
#2887 = CARTESIAN_POINT('',(-25.,-10.,10.));
#2888 = VECTOR('',#2889,1.);
#2889 = DIRECTION('',(1.,0.,0.));
#2890 = PCURVE('',#2572,#2891);
#2891 = DEFINITIONAL_REPRESENTATION('',(#2892),#2896);
#2892 = LINE('',#2893,#2894);
#2893 = CARTESIAN_POINT('',(0.,5.));
#2894 = VECTOR('',#2895,1.);
#2895 = DIRECTION('',(1.,0.));
#2896 = ( GEOMETRIC_REPRESENTATION_CONTEXT(2) 
PARAMETRIC_REPRESENTATION_CONTEXT() REPRESENTATION_CONTEXT('2D SPACE',''
  ) );
#2897 = PCURVE('',#2794,#2898);
#2898 = DEFINITIONAL_REPRESENTATION('',(#2899),#2903);
#2899 = LINE('',#2900,#2901);
#2900 = CARTESIAN_POINT('',(-1.570796326795,0.));
#2901 = VECTOR('',#2902,1.);
#2902 = DIRECTION('',(-0.,1.));
#2903 = ( GEOMETRIC_REPRESENTATION_CONTEXT(2) 
PARAMETRIC_REPRESENTATION_CONTEXT() REPRESENTATION_CONTEXT('2D SPACE',''
  ) );
#2904 = ORIENTED_EDGE('',*,*,#2905,.T.);
#2905 = EDGE_CURVE('',#2883,#2906,#2908,.T.);
#2906 = VERTEX_POINT('',#2907);
#2907 = CARTESIAN_POINT('',(20.,10.,10.));
#2908 = SURFACE_CURVE('',#2909,(#2913,#2920),.PCURVE_S1.);
#2909 = LINE('',#2910,#2911);
#2910 = CARTESIAN_POINT('',(20.,-15.,10.));
#2911 = VECTOR('',#2912,1.);
#2912 = DIRECTION('',(0.,1.,0.));
#2913 = PCURVE('',#2572,#2914);
#2914 = DEFINITIONAL_REPRESENTATION('',(#2915),#2919);
#2915 = LINE('',#2916,#2917);
#2916 = CARTESIAN_POINT('',(45.,0.));
#2917 = VECTOR('',#2918,1.);
#2918 = DIRECTION('',(0.,1.));
#2919 = ( GEOMETRIC_REPRESENTATION_CONTEXT(2) 
PARAMETRIC_REPRESENTATION_CONTEXT() REPRESENTATION_CONTEXT('2D SPACE',''
  ) );
#2920 = PCURVE('',#2921,#2926);
#2921 = CYLINDRICAL_SURFACE('',#2922,5.);
#2922 = AXIS2_PLACEMENT_3D('',#2923,#2924,#2925);
#2923 = CARTESIAN_POINT('',(20.,-15.,5.));
#2924 = DIRECTION('',(0.,1.,0.));
#2925 = DIRECTION('',(1.,0.,-0.));
#2926 = DEFINITIONAL_REPRESENTATION('',(#2927),#2931);
#2927 = LINE('',#2928,#2929);
#2928 = CARTESIAN_POINT('',(-1.570796326795,0.));
#2929 = VECTOR('',#2930,1.);
#2930 = DIRECTION('',(-0.,1.));
#2931 = ( GEOMETRIC_REPRESENTATION_CONTEXT(2) 
PARAMETRIC_REPRESENTATION_CONTEXT() REPRESENTATION_CONTEXT('2D SPACE',''
  ) );
#2932 = ORIENTED_EDGE('',*,*,#2933,.F.);
#2933 = EDGE_CURVE('',#2557,#2906,#2934,.T.);
#2934 = SURFACE_CURVE('',#2935,(#2939,#2946),.PCURVE_S1.);
#2935 = LINE('',#2936,#2937);
#2936 = CARTESIAN_POINT('',(-25.,10.,10.));
#2937 = VECTOR('',#2938,1.);
#2938 = DIRECTION('',(1.,0.,0.));
#2939 = PCURVE('',#2572,#2940);
#2940 = DEFINITIONAL_REPRESENTATION('',(#2941),#2945);
#2941 = LINE('',#2942,#2943);
#2942 = CARTESIAN_POINT('',(0.,25.));
#2943 = VECTOR('',#2944,1.);
#2944 = DIRECTION('',(1.,0.));
#2945 = ( GEOMETRIC_REPRESENTATION_CONTEXT(2) 
PARAMETRIC_REPRESENTATION_CONTEXT() REPRESENTATION_CONTEXT('2D SPACE',''
  ) );
#2946 = PCURVE('',#2866,#2947);
#2947 = DEFINITIONAL_REPRESENTATION('',(#2948),#2952);
#2948 = LINE('',#2949,#2950);
#2949 = CARTESIAN_POINT('',(1.570796326795,0.));
#2950 = VECTOR('',#2951,1.);
#2951 = DIRECTION('',(0.,1.));
#2952 = ( GEOMETRIC_REPRESENTATION_CONTEXT(2) 
PARAMETRIC_REPRESENTATION_CONTEXT() REPRESENTATION_CONTEXT('2D SPACE',''
  ) );
#2953 = ADVANCED_FACE('',(#2954),#2676,.T.);
#2954 = FACE_BOUND('',#2955,.T.);
#2955 = EDGE_LOOP('',(#2956,#2957,#2986,#3012));
#2956 = ORIENTED_EDGE('',*,*,#2660,.F.);
#2957 = ORIENTED_EDGE('',*,*,#2958,.T.);
#2958 = EDGE_CURVE('',#2661,#2959,#2961,.T.);
#2959 = VERTEX_POINT('',#2960);
#2960 = CARTESIAN_POINT('',(-20.,-15.,-5.));
#2961 = SURFACE_CURVE('',#2962,(#2967,#2974),.PCURVE_S1.);
#2962 = CIRCLE('',#2963,5.);
#2963 = AXIS2_PLACEMENT_3D('',#2964,#2965,#2966);
#2964 = CARTESIAN_POINT('',(-20.,-10.,-5.));
#2965 = DIRECTION('',(0.,0.,1.));
#2966 = DIRECTION('',(-1.,0.,0.));
#2967 = PCURVE('',#2676,#2968);
#2968 = DEFINITIONAL_REPRESENTATION('',(#2969),#2973);
#2969 = LINE('',#2970,#2971);
#2970 = CARTESIAN_POINT('',(0.,5.));
#2971 = VECTOR('',#2972,1.);
#2972 = DIRECTION('',(1.,0.));
#2973 = ( GEOMETRIC_REPRESENTATION_CONTEXT(2) 
PARAMETRIC_REPRESENTATION_CONTEXT() REPRESENTATION_CONTEXT('2D SPACE',''
  ) );
#2974 = PCURVE('',#2975,#2980);
#2975 = SPHERICAL_SURFACE('',#2976,5.);
#2976 = AXIS2_PLACEMENT_3D('',#2977,#2978,#2979);
#2977 = CARTESIAN_POINT('',(-20.,-10.,-5.));
#2978 = DIRECTION('',(0.,0.,1.));
#2979 = DIRECTION('',(-1.,0.,0.));
#2980 = DEFINITIONAL_REPRESENTATION('',(#2981),#2985);
#2981 = LINE('',#2982,#2983);
#2982 = CARTESIAN_POINT('',(0.,0.));
#2983 = VECTOR('',#2984,1.);
#2984 = DIRECTION('',(1.,0.));
#2985 = ( GEOMETRIC_REPRESENTATION_CONTEXT(2) 
PARAMETRIC_REPRESENTATION_CONTEXT() REPRESENTATION_CONTEXT('2D SPACE',''
  ) );
#2986 = ORIENTED_EDGE('',*,*,#2987,.T.);
#2987 = EDGE_CURVE('',#2959,#2779,#2988,.T.);
#2988 = SURFACE_CURVE('',#2989,(#2993,#3000),.PCURVE_S1.);
#2989 = LINE('',#2990,#2991);
#2990 = CARTESIAN_POINT('',(-20.,-15.,-10.));
#2991 = VECTOR('',#2992,1.);
#2992 = DIRECTION('',(0.,0.,1.));
#2993 = PCURVE('',#2676,#2994);
#2994 = DEFINITIONAL_REPRESENTATION('',(#2995),#2999);
#2995 = LINE('',#2996,#2997);
#2996 = CARTESIAN_POINT('',(1.570796326795,0.));
#2997 = VECTOR('',#2998,1.);
#2998 = DIRECTION('',(0.,1.));
#2999 = ( GEOMETRIC_REPRESENTATION_CONTEXT(2) 
PARAMETRIC_REPRESENTATION_CONTEXT() REPRESENTATION_CONTEXT('2D SPACE',''
  ) );
#3000 = PCURVE('',#3001,#3006);
#3001 = PLANE('',#3002);
#3002 = AXIS2_PLACEMENT_3D('',#3003,#3004,#3005);
#3003 = CARTESIAN_POINT('',(-25.,-15.,-10.));
#3004 = DIRECTION('',(0.,1.,0.));
#3005 = DIRECTION('',(0.,0.,1.));
#3006 = DEFINITIONAL_REPRESENTATION('',(#3007),#3011);
#3007 = LINE('',#3008,#3009);
#3008 = CARTESIAN_POINT('',(0.,5.));
#3009 = VECTOR('',#3010,1.);
#3010 = DIRECTION('',(1.,0.));
#3011 = ( GEOMETRIC_REPRESENTATION_CONTEXT(2) 
PARAMETRIC_REPRESENTATION_CONTEXT() REPRESENTATION_CONTEXT('2D SPACE',''
  ) );
#3012 = ORIENTED_EDGE('',*,*,#2805,.F.);
#3013 = ADVANCED_FACE('',(#3014),#2730,.T.);
#3014 = FACE_BOUND('',#3015,.F.);
#3015 = EDGE_LOOP('',(#3016,#3017,#3046,#3072));
#3016 = ORIENTED_EDGE('',*,*,#2716,.F.);
#3017 = ORIENTED_EDGE('',*,*,#3018,.T.);
#3018 = EDGE_CURVE('',#2689,#3019,#3021,.T.);
#3019 = VERTEX_POINT('',#3020);
#3020 = CARTESIAN_POINT('',(-20.,15.,-5.));
#3021 = SURFACE_CURVE('',#3022,(#3027,#3034),.PCURVE_S1.);
#3022 = CIRCLE('',#3023,5.);
#3023 = AXIS2_PLACEMENT_3D('',#3024,#3025,#3026);
#3024 = CARTESIAN_POINT('',(-20.,10.,-5.));
#3025 = DIRECTION('',(-0.,0.,-1.));
#3026 = DIRECTION('',(-1.,0.,0.));
#3027 = PCURVE('',#2730,#3028);
#3028 = DEFINITIONAL_REPRESENTATION('',(#3029),#3033);
#3029 = LINE('',#3030,#3031);
#3030 = CARTESIAN_POINT('',(-0.,5.));
#3031 = VECTOR('',#3032,1.);
#3032 = DIRECTION('',(-1.,0.));
#3033 = ( GEOMETRIC_REPRESENTATION_CONTEXT(2) 
PARAMETRIC_REPRESENTATION_CONTEXT() REPRESENTATION_CONTEXT('2D SPACE',''
  ) );
#3034 = PCURVE('',#3035,#3040);
#3035 = SPHERICAL_SURFACE('',#3036,5.);
#3036 = AXIS2_PLACEMENT_3D('',#3037,#3038,#3039);
#3037 = CARTESIAN_POINT('',(-20.,10.,-5.));
#3038 = DIRECTION('',(0.,0.,1.));
#3039 = DIRECTION('',(-1.,0.,0.));
#3040 = DEFINITIONAL_REPRESENTATION('',(#3041),#3045);
#3041 = LINE('',#3042,#3043);
#3042 = CARTESIAN_POINT('',(-0.,0.));
#3043 = VECTOR('',#3044,1.);
#3044 = DIRECTION('',(-1.,0.));
#3045 = ( GEOMETRIC_REPRESENTATION_CONTEXT(2) 
PARAMETRIC_REPRESENTATION_CONTEXT() REPRESENTATION_CONTEXT('2D SPACE',''
  ) );
#3046 = ORIENTED_EDGE('',*,*,#3047,.T.);
#3047 = EDGE_CURVE('',#3019,#2831,#3048,.T.);
#3048 = SURFACE_CURVE('',#3049,(#3053,#3060),.PCURVE_S1.);
#3049 = LINE('',#3050,#3051);
#3050 = CARTESIAN_POINT('',(-20.,15.,-10.));
#3051 = VECTOR('',#3052,1.);
#3052 = DIRECTION('',(0.,0.,1.));
#3053 = PCURVE('',#2730,#3054);
#3054 = DEFINITIONAL_REPRESENTATION('',(#3055),#3059);
#3055 = LINE('',#3056,#3057);
#3056 = CARTESIAN_POINT('',(-1.570796326795,0.));
#3057 = VECTOR('',#3058,1.);
#3058 = DIRECTION('',(-0.,1.));
#3059 = ( GEOMETRIC_REPRESENTATION_CONTEXT(2) 
PARAMETRIC_REPRESENTATION_CONTEXT() REPRESENTATION_CONTEXT('2D SPACE',''
  ) );
#3060 = PCURVE('',#3061,#3066);
#3061 = PLANE('',#3062);
#3062 = AXIS2_PLACEMENT_3D('',#3063,#3064,#3065);
#3063 = CARTESIAN_POINT('',(-25.,15.,-10.));
#3064 = DIRECTION('',(0.,1.,0.));
#3065 = DIRECTION('',(0.,0.,1.));
#3066 = DEFINITIONAL_REPRESENTATION('',(#3067),#3071);
#3067 = LINE('',#3068,#3069);
#3068 = CARTESIAN_POINT('',(0.,5.));
#3069 = VECTOR('',#3070,1.);
#3070 = DIRECTION('',(1.,0.));
#3071 = ( GEOMETRIC_REPRESENTATION_CONTEXT(2) 
PARAMETRIC_REPRESENTATION_CONTEXT() REPRESENTATION_CONTEXT('2D SPACE',''
  ) );
#3072 = ORIENTED_EDGE('',*,*,#2830,.T.);
#3073 = ADVANCED_FACE('',(#3074),#2704,.T.);
#3074 = FACE_BOUND('',#3075,.F.);
#3075 = EDGE_LOOP('',(#3076,#3098,#3126,#3146));
#3076 = ORIENTED_EDGE('',*,*,#3077,.F.);
#3077 = EDGE_CURVE('',#3078,#2661,#3080,.T.);
#3078 = VERTEX_POINT('',#3079);
#3079 = CARTESIAN_POINT('',(-20.,-10.,-10.));
#3080 = SURFACE_CURVE('',#3081,(#3086,#3092),.PCURVE_S1.);
#3081 = CIRCLE('',#3082,5.);
#3082 = AXIS2_PLACEMENT_3D('',#3083,#3084,#3085);
#3083 = CARTESIAN_POINT('',(-20.,-10.,-5.));
#3084 = DIRECTION('',(0.,1.,-0.));
#3085 = DIRECTION('',(-1.,0.,0.));
#3086 = PCURVE('',#2704,#3087);
#3087 = DEFINITIONAL_REPRESENTATION('',(#3088),#3091);
#3088 = B_SPLINE_CURVE_WITH_KNOTS('',1,(#3089,#3090),.UNSPECIFIED.,.F.,
  .F.,(2,2),(4.712388980385,6.28318530718),.PIECEWISE_BEZIER_KNOTS.);
#3089 = CARTESIAN_POINT('',(-1.570796326795,5.));
#3090 = CARTESIAN_POINT('',(0.,5.));
#3091 = ( GEOMETRIC_REPRESENTATION_CONTEXT(2) 
PARAMETRIC_REPRESENTATION_CONTEXT() REPRESENTATION_CONTEXT('2D SPACE',''
  ) );
#3092 = PCURVE('',#2975,#3093);
#3093 = DEFINITIONAL_REPRESENTATION('',(#3094),#3097);
#3094 = B_SPLINE_CURVE_WITH_KNOTS('',1,(#3095,#3096),.UNSPECIFIED.,.F.,
  .F.,(2,2),(4.712388980385,6.28318530718),.PIECEWISE_BEZIER_KNOTS.);
#3095 = CARTESIAN_POINT('',(0.,-1.570796326795));
#3096 = CARTESIAN_POINT('',(0.,0.));
#3097 = ( GEOMETRIC_REPRESENTATION_CONTEXT(2) 
PARAMETRIC_REPRESENTATION_CONTEXT() REPRESENTATION_CONTEXT('2D SPACE',''
  ) );
#3098 = ORIENTED_EDGE('',*,*,#3099,.T.);
#3099 = EDGE_CURVE('',#3078,#3100,#3102,.T.);
#3100 = VERTEX_POINT('',#3101);
#3101 = CARTESIAN_POINT('',(-20.,10.,-10.));
#3102 = SURFACE_CURVE('',#3103,(#3107,#3114),.PCURVE_S1.);
#3103 = LINE('',#3104,#3105);
#3104 = CARTESIAN_POINT('',(-20.,-15.,-10.));
#3105 = VECTOR('',#3106,1.);
#3106 = DIRECTION('',(0.,1.,0.));
#3107 = PCURVE('',#2704,#3108);
#3108 = DEFINITIONAL_REPRESENTATION('',(#3109),#3113);
#3109 = LINE('',#3110,#3111);
#3110 = CARTESIAN_POINT('',(-1.570796326795,0.));
#3111 = VECTOR('',#3112,1.);
#3112 = DIRECTION('',(-0.,1.));
#3113 = ( GEOMETRIC_REPRESENTATION_CONTEXT(2) 
PARAMETRIC_REPRESENTATION_CONTEXT() REPRESENTATION_CONTEXT('2D SPACE',''
  ) );
#3114 = PCURVE('',#3115,#3120);
#3115 = PLANE('',#3116);
#3116 = AXIS2_PLACEMENT_3D('',#3117,#3118,#3119);
#3117 = CARTESIAN_POINT('',(-25.,-15.,-10.));
#3118 = DIRECTION('',(0.,0.,1.));
#3119 = DIRECTION('',(1.,0.,0.));
#3120 = DEFINITIONAL_REPRESENTATION('',(#3121),#3125);
#3121 = LINE('',#3122,#3123);
#3122 = CARTESIAN_POINT('',(5.,0.));
#3123 = VECTOR('',#3124,1.);
#3124 = DIRECTION('',(0.,1.));
#3125 = ( GEOMETRIC_REPRESENTATION_CONTEXT(2) 
PARAMETRIC_REPRESENTATION_CONTEXT() REPRESENTATION_CONTEXT('2D SPACE',''
  ) );
#3126 = ORIENTED_EDGE('',*,*,#3127,.T.);
#3127 = EDGE_CURVE('',#3100,#2689,#3128,.T.);
#3128 = SURFACE_CURVE('',#3129,(#3134,#3140),.PCURVE_S1.);
#3129 = CIRCLE('',#3130,5.);
#3130 = AXIS2_PLACEMENT_3D('',#3131,#3132,#3133);
#3131 = CARTESIAN_POINT('',(-20.,10.,-5.));
#3132 = DIRECTION('',(0.,1.,-0.));
#3133 = DIRECTION('',(-1.,0.,0.));
#3134 = PCURVE('',#2704,#3135);
#3135 = DEFINITIONAL_REPRESENTATION('',(#3136),#3139);
#3136 = B_SPLINE_CURVE_WITH_KNOTS('',1,(#3137,#3138),.UNSPECIFIED.,.F.,
  .F.,(2,2),(4.712388980385,6.28318530718),.PIECEWISE_BEZIER_KNOTS.);
#3137 = CARTESIAN_POINT('',(-1.570796326795,25.));
#3138 = CARTESIAN_POINT('',(0.,25.));
#3139 = ( GEOMETRIC_REPRESENTATION_CONTEXT(2) 
PARAMETRIC_REPRESENTATION_CONTEXT() REPRESENTATION_CONTEXT('2D SPACE',''
  ) );
#3140 = PCURVE('',#3035,#3141);
#3141 = DEFINITIONAL_REPRESENTATION('',(#3142),#3145);
#3142 = B_SPLINE_CURVE_WITH_KNOTS('',1,(#3143,#3144),.UNSPECIFIED.,.F.,
  .F.,(2,2),(4.712388980385,6.28318530718),.PIECEWISE_BEZIER_KNOTS.);
#3143 = CARTESIAN_POINT('',(0.,-1.570796326795));
#3144 = CARTESIAN_POINT('',(0.,0.));
#3145 = ( GEOMETRIC_REPRESENTATION_CONTEXT(2) 
PARAMETRIC_REPRESENTATION_CONTEXT() REPRESENTATION_CONTEXT('2D SPACE',''
  ) );
#3146 = ORIENTED_EDGE('',*,*,#2688,.F.);
#3147 = ADVANCED_FACE('',(#3148),#2794,.T.);
#3148 = FACE_BOUND('',#3149,.F.);
#3149 = EDGE_LOOP('',(#3150,#3151,#3152,#3179));
#3150 = ORIENTED_EDGE('',*,*,#2778,.F.);
#3151 = ORIENTED_EDGE('',*,*,#2882,.T.);
#3152 = ORIENTED_EDGE('',*,*,#3153,.T.);
#3153 = EDGE_CURVE('',#2883,#3154,#3156,.T.);
#3154 = VERTEX_POINT('',#3155);
#3155 = CARTESIAN_POINT('',(20.,-15.,5.));
#3156 = SURFACE_CURVE('',#3157,(#3162,#3168),.PCURVE_S1.);
#3157 = CIRCLE('',#3158,5.);
#3158 = AXIS2_PLACEMENT_3D('',#3159,#3160,#3161);
#3159 = CARTESIAN_POINT('',(20.,-10.,5.));
#3160 = DIRECTION('',(1.,6.123233995737E-17,0.));
#3161 = DIRECTION('',(6.123233995737E-17,-1.,0.));
#3162 = PCURVE('',#2794,#3163);
#3163 = DEFINITIONAL_REPRESENTATION('',(#3164),#3167);
#3164 = B_SPLINE_CURVE_WITH_KNOTS('',1,(#3165,#3166),.UNSPECIFIED.,.F.,
  .F.,(2,2),(4.712388980385,6.28318530718),.PIECEWISE_BEZIER_KNOTS.);
#3165 = CARTESIAN_POINT('',(-1.570796326795,45.));
#3166 = CARTESIAN_POINT('',(0.,45.));
#3167 = ( GEOMETRIC_REPRESENTATION_CONTEXT(2) 
PARAMETRIC_REPRESENTATION_CONTEXT() REPRESENTATION_CONTEXT('2D SPACE',''
  ) );
#3168 = PCURVE('',#3169,#3174);
#3169 = SPHERICAL_SURFACE('',#3170,5.);
#3170 = AXIS2_PLACEMENT_3D('',#3171,#3172,#3173);
#3171 = CARTESIAN_POINT('',(20.,-10.,5.));
#3172 = DIRECTION('',(-0.,-0.,-1.));
#3173 = DIRECTION('',(1.,0.,0.));
#3174 = DEFINITIONAL_REPRESENTATION('',(#3175),#3178);
#3175 = B_SPLINE_CURVE_WITH_KNOTS('',1,(#3176,#3177),.UNSPECIFIED.,.F.,
  .F.,(2,2),(4.712388980385,6.28318530718),.PIECEWISE_BEZIER_KNOTS.);
#3176 = CARTESIAN_POINT('',(1.570796326795,-1.570796326795));
#3177 = CARTESIAN_POINT('',(1.570796326795,0.));
#3178 = ( GEOMETRIC_REPRESENTATION_CONTEXT(2) 
PARAMETRIC_REPRESENTATION_CONTEXT() REPRESENTATION_CONTEXT('2D SPACE',''
  ) );
#3179 = ORIENTED_EDGE('',*,*,#3180,.F.);
#3180 = EDGE_CURVE('',#2779,#3154,#3181,.T.);
#3181 = SURFACE_CURVE('',#3182,(#3186,#3193),.PCURVE_S1.);
#3182 = LINE('',#3183,#3184);
#3183 = CARTESIAN_POINT('',(-25.,-15.,5.));
#3184 = VECTOR('',#3185,1.);
#3185 = DIRECTION('',(1.,0.,0.));
#3186 = PCURVE('',#2794,#3187);
#3187 = DEFINITIONAL_REPRESENTATION('',(#3188),#3192);
#3188 = LINE('',#3189,#3190);
#3189 = CARTESIAN_POINT('',(-0.,0.));
#3190 = VECTOR('',#3191,1.);
#3191 = DIRECTION('',(-0.,1.));
#3192 = ( GEOMETRIC_REPRESENTATION_CONTEXT(2) 
PARAMETRIC_REPRESENTATION_CONTEXT() REPRESENTATION_CONTEXT('2D SPACE',''
  ) );
#3193 = PCURVE('',#3001,#3194);
#3194 = DEFINITIONAL_REPRESENTATION('',(#3195),#3199);
#3195 = LINE('',#3196,#3197);
#3196 = CARTESIAN_POINT('',(15.,0.));
#3197 = VECTOR('',#3198,1.);
#3198 = DIRECTION('',(0.,1.));
#3199 = ( GEOMETRIC_REPRESENTATION_CONTEXT(2) 
PARAMETRIC_REPRESENTATION_CONTEXT() REPRESENTATION_CONTEXT('2D SPACE',''
  ) );
#3200 = ADVANCED_FACE('',(#3201),#2866,.T.);
#3201 = FACE_BOUND('',#3202,.T.);
#3202 = EDGE_LOOP('',(#3203,#3204,#3205,#3232));
#3203 = ORIENTED_EDGE('',*,*,#2852,.T.);
#3204 = ORIENTED_EDGE('',*,*,#2933,.T.);
#3205 = ORIENTED_EDGE('',*,*,#3206,.F.);
#3206 = EDGE_CURVE('',#3207,#2906,#3209,.T.);
#3207 = VERTEX_POINT('',#3208);
#3208 = CARTESIAN_POINT('',(20.,15.,5.));
#3209 = SURFACE_CURVE('',#3210,(#3215,#3221),.PCURVE_S1.);
#3210 = CIRCLE('',#3211,5.);
#3211 = AXIS2_PLACEMENT_3D('',#3212,#3213,#3214);
#3212 = CARTESIAN_POINT('',(20.,10.,5.));
#3213 = DIRECTION('',(1.,0.,-1.056412609424E-16));
#3214 = DIRECTION('',(1.056412609424E-16,0.,1.));
#3215 = PCURVE('',#2866,#3216);
#3216 = DEFINITIONAL_REPRESENTATION('',(#3217),#3220);
#3217 = B_SPLINE_CURVE_WITH_KNOTS('',1,(#3218,#3219),.UNSPECIFIED.,.F.,
  .F.,(2,2),(4.712388980385,6.28318530718),.PIECEWISE_BEZIER_KNOTS.);
#3218 = CARTESIAN_POINT('',(0.,45.));
#3219 = CARTESIAN_POINT('',(1.570796326795,45.));
#3220 = ( GEOMETRIC_REPRESENTATION_CONTEXT(2) 
PARAMETRIC_REPRESENTATION_CONTEXT() REPRESENTATION_CONTEXT('2D SPACE',''
  ) );
#3221 = PCURVE('',#3222,#3227);
#3222 = SPHERICAL_SURFACE('',#3223,5.);
#3223 = AXIS2_PLACEMENT_3D('',#3224,#3225,#3226);
#3224 = CARTESIAN_POINT('',(20.,10.,5.));
#3225 = DIRECTION('',(-0.,-1.,-0.));
#3226 = DIRECTION('',(1.,-0.,1.7763568394E-16));
#3227 = DEFINITIONAL_REPRESENTATION('',(#3228),#3231);
#3228 = B_SPLINE_CURVE_WITH_KNOTS('',1,(#3229,#3230),.UNSPECIFIED.,.F.,
  .F.,(2,2),(4.712388980385,6.28318530718),.PIECEWISE_BEZIER_KNOTS.);
#3229 = CARTESIAN_POINT('',(1.570796326795,-1.570796326795));
#3230 = CARTESIAN_POINT('',(1.570796326795,0.));
#3231 = ( GEOMETRIC_REPRESENTATION_CONTEXT(2) 
PARAMETRIC_REPRESENTATION_CONTEXT() REPRESENTATION_CONTEXT('2D SPACE',''
  ) );
#3232 = ORIENTED_EDGE('',*,*,#3233,.F.);
#3233 = EDGE_CURVE('',#2831,#3207,#3234,.T.);
#3234 = SURFACE_CURVE('',#3235,(#3239,#3246),.PCURVE_S1.);
#3235 = LINE('',#3236,#3237);
#3236 = CARTESIAN_POINT('',(-25.,15.,5.));
#3237 = VECTOR('',#3238,1.);
#3238 = DIRECTION('',(1.,0.,0.));
#3239 = PCURVE('',#2866,#3240);
#3240 = DEFINITIONAL_REPRESENTATION('',(#3241),#3245);
#3241 = LINE('',#3242,#3243);
#3242 = CARTESIAN_POINT('',(0.,0.));
#3243 = VECTOR('',#3244,1.);
#3244 = DIRECTION('',(0.,1.));
#3245 = ( GEOMETRIC_REPRESENTATION_CONTEXT(2) 
PARAMETRIC_REPRESENTATION_CONTEXT() REPRESENTATION_CONTEXT('2D SPACE',''
  ) );
#3246 = PCURVE('',#3061,#3247);
#3247 = DEFINITIONAL_REPRESENTATION('',(#3248),#3252);
#3248 = LINE('',#3249,#3250);
#3249 = CARTESIAN_POINT('',(15.,0.));
#3250 = VECTOR('',#3251,1.);
#3251 = DIRECTION('',(0.,1.));
#3252 = ( GEOMETRIC_REPRESENTATION_CONTEXT(2) 
PARAMETRIC_REPRESENTATION_CONTEXT() REPRESENTATION_CONTEXT('2D SPACE',''
  ) );
#3253 = ADVANCED_FACE('',(#3254),#2921,.T.);
#3254 = FACE_BOUND('',#3255,.F.);
#3255 = EDGE_LOOP('',(#3256,#3278,#3279,#3303));
#3256 = ORIENTED_EDGE('',*,*,#3257,.F.);
#3257 = EDGE_CURVE('',#2883,#3258,#3260,.T.);
#3258 = VERTEX_POINT('',#3259);
#3259 = CARTESIAN_POINT('',(25.,-10.,5.));
#3260 = SURFACE_CURVE('',#3261,(#3266,#3272),.PCURVE_S1.);
#3261 = CIRCLE('',#3262,5.);
#3262 = AXIS2_PLACEMENT_3D('',#3263,#3264,#3265);
#3263 = CARTESIAN_POINT('',(20.,-10.,5.));
#3264 = DIRECTION('',(-0.,1.,0.));
#3265 = DIRECTION('',(1.,0.,0.));
#3266 = PCURVE('',#2921,#3267);
#3267 = DEFINITIONAL_REPRESENTATION('',(#3268),#3271);
#3268 = B_SPLINE_CURVE_WITH_KNOTS('',1,(#3269,#3270),.UNSPECIFIED.,.F.,
  .F.,(2,2),(4.712388980385,6.28318530718),.PIECEWISE_BEZIER_KNOTS.);
#3269 = CARTESIAN_POINT('',(-1.570796326795,5.));
#3270 = CARTESIAN_POINT('',(0.,5.));
#3271 = ( GEOMETRIC_REPRESENTATION_CONTEXT(2) 
PARAMETRIC_REPRESENTATION_CONTEXT() REPRESENTATION_CONTEXT('2D SPACE',''
  ) );
#3272 = PCURVE('',#3169,#3273);
#3273 = DEFINITIONAL_REPRESENTATION('',(#3274),#3277);
#3274 = B_SPLINE_CURVE_WITH_KNOTS('',1,(#3275,#3276),.UNSPECIFIED.,.F.,
  .F.,(2,2),(4.712388980385,6.28318530718),.PIECEWISE_BEZIER_KNOTS.);
#3275 = CARTESIAN_POINT('',(0.,-1.570796326795));
#3276 = CARTESIAN_POINT('',(0.,0.));
#3277 = ( GEOMETRIC_REPRESENTATION_CONTEXT(2) 
PARAMETRIC_REPRESENTATION_CONTEXT() REPRESENTATION_CONTEXT('2D SPACE',''
  ) );
#3278 = ORIENTED_EDGE('',*,*,#2905,.T.);
#3279 = ORIENTED_EDGE('',*,*,#3280,.F.);
#3280 = EDGE_CURVE('',#3281,#2906,#3283,.T.);
#3281 = VERTEX_POINT('',#3282);
#3282 = CARTESIAN_POINT('',(25.,10.,5.));
#3283 = SURFACE_CURVE('',#3284,(#3289,#3296),.PCURVE_S1.);
#3284 = CIRCLE('',#3285,5.);
#3285 = AXIS2_PLACEMENT_3D('',#3286,#3287,#3288);
#3286 = CARTESIAN_POINT('',(20.,10.,5.));
#3287 = DIRECTION('',(-0.,-1.,0.));
#3288 = DIRECTION('',(1.,-0.,1.7763568394E-16));
#3289 = PCURVE('',#2921,#3290);
#3290 = DEFINITIONAL_REPRESENTATION('',(#3291),#3295);
#3291 = LINE('',#3292,#3293);
#3292 = CARTESIAN_POINT('',(-0.,25.));
#3293 = VECTOR('',#3294,1.);
#3294 = DIRECTION('',(-1.,0.));
#3295 = ( GEOMETRIC_REPRESENTATION_CONTEXT(2) 
PARAMETRIC_REPRESENTATION_CONTEXT() REPRESENTATION_CONTEXT('2D SPACE',''
  ) );
#3296 = PCURVE('',#3222,#3297);
#3297 = DEFINITIONAL_REPRESENTATION('',(#3298),#3302);
#3298 = LINE('',#3299,#3300);
#3299 = CARTESIAN_POINT('',(0.,0.));
#3300 = VECTOR('',#3301,1.);
#3301 = DIRECTION('',(1.,0.));
#3302 = ( GEOMETRIC_REPRESENTATION_CONTEXT(2) 
PARAMETRIC_REPRESENTATION_CONTEXT() REPRESENTATION_CONTEXT('2D SPACE',''
  ) );
#3303 = ORIENTED_EDGE('',*,*,#3304,.F.);
#3304 = EDGE_CURVE('',#3258,#3281,#3305,.T.);
#3305 = SURFACE_CURVE('',#3306,(#3310,#3317),.PCURVE_S1.);
#3306 = LINE('',#3307,#3308);
#3307 = CARTESIAN_POINT('',(25.,-15.,5.));
#3308 = VECTOR('',#3309,1.);
#3309 = DIRECTION('',(0.,1.,0.));
#3310 = PCURVE('',#2921,#3311);
#3311 = DEFINITIONAL_REPRESENTATION('',(#3312),#3316);
#3312 = LINE('',#3313,#3314);
#3313 = CARTESIAN_POINT('',(-0.,0.));
#3314 = VECTOR('',#3315,1.);
#3315 = DIRECTION('',(-0.,1.));
#3316 = ( GEOMETRIC_REPRESENTATION_CONTEXT(2) 
PARAMETRIC_REPRESENTATION_CONTEXT() REPRESENTATION_CONTEXT('2D SPACE',''
  ) );
#3317 = PCURVE('',#3318,#3323);
#3318 = PLANE('',#3319);
#3319 = AXIS2_PLACEMENT_3D('',#3320,#3321,#3322);
#3320 = CARTESIAN_POINT('',(25.,-15.,-10.));
#3321 = DIRECTION('',(1.,0.,0.));
#3322 = DIRECTION('',(0.,0.,1.));
#3323 = DEFINITIONAL_REPRESENTATION('',(#3324),#3328);
#3324 = LINE('',#3325,#3326);
#3325 = CARTESIAN_POINT('',(15.,0.));
#3326 = VECTOR('',#3327,1.);
#3327 = DIRECTION('',(0.,-1.));
#3328 = ( GEOMETRIC_REPRESENTATION_CONTEXT(2) 
PARAMETRIC_REPRESENTATION_CONTEXT() REPRESENTATION_CONTEXT('2D SPACE',''
  ) );
#3329 = ADVANCED_FACE('',(#3330),#2975,.T.);
#3330 = FACE_BOUND('',#3331,.T.);
#3331 = EDGE_LOOP('',(#3332,#3333,#3358));
#3332 = ORIENTED_EDGE('',*,*,#3077,.F.);
#3333 = ORIENTED_EDGE('',*,*,#3334,.T.);
#3334 = EDGE_CURVE('',#3078,#2959,#3335,.T.);
#3335 = SURFACE_CURVE('',#3336,(#3341,#3347),.PCURVE_S1.);
#3336 = CIRCLE('',#3337,5.);
#3337 = AXIS2_PLACEMENT_3D('',#3338,#3339,#3340);
#3338 = CARTESIAN_POINT('',(-20.,-10.,-5.));
#3339 = DIRECTION('',(-1.,6.123233995737E-17,0.));
#3340 = DIRECTION('',(-6.123233995737E-17,-1.,0.));
#3341 = PCURVE('',#2975,#3342);
#3342 = DEFINITIONAL_REPRESENTATION('',(#3343),#3346);
#3343 = B_SPLINE_CURVE_WITH_KNOTS('',1,(#3344,#3345),.UNSPECIFIED.,.F.,
  .F.,(2,2),(4.712388980385,6.28318530718),.PIECEWISE_BEZIER_KNOTS.);
#3344 = CARTESIAN_POINT('',(1.570796326795,-1.570796326795));
#3345 = CARTESIAN_POINT('',(1.570796326795,0.));
#3346 = ( GEOMETRIC_REPRESENTATION_CONTEXT(2) 
PARAMETRIC_REPRESENTATION_CONTEXT() REPRESENTATION_CONTEXT('2D SPACE',''
  ) );
#3347 = PCURVE('',#3348,#3353);
#3348 = CYLINDRICAL_SURFACE('',#3349,5.);
#3349 = AXIS2_PLACEMENT_3D('',#3350,#3351,#3352);
#3350 = CARTESIAN_POINT('',(-25.,-10.,-5.));
#3351 = DIRECTION('',(1.,0.,0.));
#3352 = DIRECTION('',(0.,-1.,0.));
#3353 = DEFINITIONAL_REPRESENTATION('',(#3354),#3357);
#3354 = B_SPLINE_CURVE_WITH_KNOTS('',1,(#3355,#3356),.UNSPECIFIED.,.F.,
  .F.,(2,2),(4.712388980385,6.28318530718),.PIECEWISE_BEZIER_KNOTS.);
#3355 = CARTESIAN_POINT('',(1.570796326795,5.));
#3356 = CARTESIAN_POINT('',(0.,5.));
#3357 = ( GEOMETRIC_REPRESENTATION_CONTEXT(2) 
PARAMETRIC_REPRESENTATION_CONTEXT() REPRESENTATION_CONTEXT('2D SPACE',''
  ) );
#3358 = ORIENTED_EDGE('',*,*,#2958,.F.);
#3359 = ADVANCED_FACE('',(#3360),#3001,.F.);
#3360 = FACE_BOUND('',#3361,.F.);
#3361 = EDGE_LOOP('',(#3362,#3363,#3364,#3392));
#3362 = ORIENTED_EDGE('',*,*,#2987,.T.);
#3363 = ORIENTED_EDGE('',*,*,#3180,.T.);
#3364 = ORIENTED_EDGE('',*,*,#3365,.F.);
#3365 = EDGE_CURVE('',#3366,#3154,#3368,.T.);
#3366 = VERTEX_POINT('',#3367);
#3367 = CARTESIAN_POINT('',(20.,-15.,-5.));
#3368 = SURFACE_CURVE('',#3369,(#3373,#3380),.PCURVE_S1.);
#3369 = LINE('',#3370,#3371);
#3370 = CARTESIAN_POINT('',(20.,-15.,-10.));
#3371 = VECTOR('',#3372,1.);
#3372 = DIRECTION('',(0.,0.,1.));
#3373 = PCURVE('',#3001,#3374);
#3374 = DEFINITIONAL_REPRESENTATION('',(#3375),#3379);
#3375 = LINE('',#3376,#3377);
#3376 = CARTESIAN_POINT('',(0.,45.));
#3377 = VECTOR('',#3378,1.);
#3378 = DIRECTION('',(1.,0.));
#3379 = ( GEOMETRIC_REPRESENTATION_CONTEXT(2) 
PARAMETRIC_REPRESENTATION_CONTEXT() REPRESENTATION_CONTEXT('2D SPACE',''
  ) );
#3380 = PCURVE('',#3381,#3386);
#3381 = CYLINDRICAL_SURFACE('',#3382,5.);
#3382 = AXIS2_PLACEMENT_3D('',#3383,#3384,#3385);
#3383 = CARTESIAN_POINT('',(20.,-10.,-10.));
#3384 = DIRECTION('',(0.,0.,1.));
#3385 = DIRECTION('',(1.,0.,-0.));
#3386 = DEFINITIONAL_REPRESENTATION('',(#3387),#3391);
#3387 = LINE('',#3388,#3389);
#3388 = CARTESIAN_POINT('',(-1.570796326795,0.));
#3389 = VECTOR('',#3390,1.);
#3390 = DIRECTION('',(-0.,1.));
#3391 = ( GEOMETRIC_REPRESENTATION_CONTEXT(2) 
PARAMETRIC_REPRESENTATION_CONTEXT() REPRESENTATION_CONTEXT('2D SPACE',''
  ) );
#3392 = ORIENTED_EDGE('',*,*,#3393,.F.);
#3393 = EDGE_CURVE('',#2959,#3366,#3394,.T.);
#3394 = SURFACE_CURVE('',#3395,(#3399,#3406),.PCURVE_S1.);
#3395 = LINE('',#3396,#3397);
#3396 = CARTESIAN_POINT('',(-25.,-15.,-5.));
#3397 = VECTOR('',#3398,1.);
#3398 = DIRECTION('',(1.,0.,0.));
#3399 = PCURVE('',#3001,#3400);
#3400 = DEFINITIONAL_REPRESENTATION('',(#3401),#3405);
#3401 = LINE('',#3402,#3403);
#3402 = CARTESIAN_POINT('',(5.,0.));
#3403 = VECTOR('',#3404,1.);
#3404 = DIRECTION('',(0.,1.));
#3405 = ( GEOMETRIC_REPRESENTATION_CONTEXT(2) 
PARAMETRIC_REPRESENTATION_CONTEXT() REPRESENTATION_CONTEXT('2D SPACE',''
  ) );
#3406 = PCURVE('',#3348,#3407);
#3407 = DEFINITIONAL_REPRESENTATION('',(#3408),#3412);
#3408 = LINE('',#3409,#3410);
#3409 = CARTESIAN_POINT('',(0.,0.));
#3410 = VECTOR('',#3411,1.);
#3411 = DIRECTION('',(0.,1.));
#3412 = ( GEOMETRIC_REPRESENTATION_CONTEXT(2) 
PARAMETRIC_REPRESENTATION_CONTEXT() REPRESENTATION_CONTEXT('2D SPACE',''
  ) );
#3413 = ADVANCED_FACE('',(#3414),#3035,.T.);
#3414 = FACE_BOUND('',#3415,.F.);
#3415 = EDGE_LOOP('',(#3416,#3417,#3442));
#3416 = ORIENTED_EDGE('',*,*,#3127,.F.);
#3417 = ORIENTED_EDGE('',*,*,#3418,.T.);
#3418 = EDGE_CURVE('',#3100,#3019,#3419,.T.);
#3419 = SURFACE_CURVE('',#3420,(#3425,#3431),.PCURVE_S1.);
#3420 = CIRCLE('',#3421,5.);
#3421 = AXIS2_PLACEMENT_3D('',#3422,#3423,#3424);
#3422 = CARTESIAN_POINT('',(-20.,10.,-5.));
#3423 = DIRECTION('',(1.,6.123233995737E-17,-0.));
#3424 = DIRECTION('',(-6.123233995737E-17,1.,0.));
#3425 = PCURVE('',#3035,#3426);
#3426 = DEFINITIONAL_REPRESENTATION('',(#3427),#3430);
#3427 = B_SPLINE_CURVE_WITH_KNOTS('',1,(#3428,#3429),.UNSPECIFIED.,.F.,
  .F.,(2,2),(4.712388980385,6.28318530718),.PIECEWISE_BEZIER_KNOTS.);
#3428 = CARTESIAN_POINT('',(-1.570796326795,-1.570796326795));
#3429 = CARTESIAN_POINT('',(-1.570796326795,0.));
#3430 = ( GEOMETRIC_REPRESENTATION_CONTEXT(2) 
PARAMETRIC_REPRESENTATION_CONTEXT() REPRESENTATION_CONTEXT('2D SPACE',''
  ) );
#3431 = PCURVE('',#3432,#3437);
#3432 = CYLINDRICAL_SURFACE('',#3433,5.);
#3433 = AXIS2_PLACEMENT_3D('',#3434,#3435,#3436);
#3434 = CARTESIAN_POINT('',(-25.,10.,-5.));
#3435 = DIRECTION('',(1.,0.,0.));
#3436 = DIRECTION('',(-0.,1.,0.));
#3437 = DEFINITIONAL_REPRESENTATION('',(#3438),#3441);
#3438 = B_SPLINE_CURVE_WITH_KNOTS('',1,(#3439,#3440),.UNSPECIFIED.,.F.,
  .F.,(2,2),(4.712388980385,6.28318530718),.PIECEWISE_BEZIER_KNOTS.);
#3439 = CARTESIAN_POINT('',(-1.570796326795,5.));
#3440 = CARTESIAN_POINT('',(0.,5.));
#3441 = ( GEOMETRIC_REPRESENTATION_CONTEXT(2) 
PARAMETRIC_REPRESENTATION_CONTEXT() REPRESENTATION_CONTEXT('2D SPACE',''
  ) );
#3442 = ORIENTED_EDGE('',*,*,#3018,.F.);
#3443 = ADVANCED_FACE('',(#3444),#3061,.T.);
#3444 = FACE_BOUND('',#3445,.T.);
#3445 = EDGE_LOOP('',(#3446,#3447,#3448,#3476));
#3446 = ORIENTED_EDGE('',*,*,#3047,.T.);
#3447 = ORIENTED_EDGE('',*,*,#3233,.T.);
#3448 = ORIENTED_EDGE('',*,*,#3449,.F.);
#3449 = EDGE_CURVE('',#3450,#3207,#3452,.T.);
#3450 = VERTEX_POINT('',#3451);
#3451 = CARTESIAN_POINT('',(20.,15.,-5.));
#3452 = SURFACE_CURVE('',#3453,(#3457,#3464),.PCURVE_S1.);
#3453 = LINE('',#3454,#3455);
#3454 = CARTESIAN_POINT('',(20.,15.,-10.));
#3455 = VECTOR('',#3456,1.);
#3456 = DIRECTION('',(0.,0.,1.));
#3457 = PCURVE('',#3061,#3458);
#3458 = DEFINITIONAL_REPRESENTATION('',(#3459),#3463);
#3459 = LINE('',#3460,#3461);
#3460 = CARTESIAN_POINT('',(0.,45.));
#3461 = VECTOR('',#3462,1.);
#3462 = DIRECTION('',(1.,0.));
#3463 = ( GEOMETRIC_REPRESENTATION_CONTEXT(2) 
PARAMETRIC_REPRESENTATION_CONTEXT() REPRESENTATION_CONTEXT('2D SPACE',''
  ) );
#3464 = PCURVE('',#3465,#3470);
#3465 = CYLINDRICAL_SURFACE('',#3466,5.);
#3466 = AXIS2_PLACEMENT_3D('',#3467,#3468,#3469);
#3467 = CARTESIAN_POINT('',(20.,10.,-10.));
#3468 = DIRECTION('',(0.,0.,1.));
#3469 = DIRECTION('',(1.,0.,-0.));
#3470 = DEFINITIONAL_REPRESENTATION('',(#3471),#3475);
#3471 = LINE('',#3472,#3473);
#3472 = CARTESIAN_POINT('',(1.570796326795,0.));
#3473 = VECTOR('',#3474,1.);
#3474 = DIRECTION('',(0.,1.));
#3475 = ( GEOMETRIC_REPRESENTATION_CONTEXT(2) 
PARAMETRIC_REPRESENTATION_CONTEXT() REPRESENTATION_CONTEXT('2D SPACE',''
  ) );
#3476 = ORIENTED_EDGE('',*,*,#3477,.F.);
#3477 = EDGE_CURVE('',#3019,#3450,#3478,.T.);
#3478 = SURFACE_CURVE('',#3479,(#3483,#3490),.PCURVE_S1.);
#3479 = LINE('',#3480,#3481);
#3480 = CARTESIAN_POINT('',(-25.,15.,-5.));
#3481 = VECTOR('',#3482,1.);
#3482 = DIRECTION('',(1.,0.,0.));
#3483 = PCURVE('',#3061,#3484);
#3484 = DEFINITIONAL_REPRESENTATION('',(#3485),#3489);
#3485 = LINE('',#3486,#3487);
#3486 = CARTESIAN_POINT('',(5.,0.));
#3487 = VECTOR('',#3488,1.);
#3488 = DIRECTION('',(0.,1.));
#3489 = ( GEOMETRIC_REPRESENTATION_CONTEXT(2) 
PARAMETRIC_REPRESENTATION_CONTEXT() REPRESENTATION_CONTEXT('2D SPACE',''
  ) );
#3490 = PCURVE('',#3432,#3491);
#3491 = DEFINITIONAL_REPRESENTATION('',(#3492),#3496);
#3492 = LINE('',#3493,#3494);
#3493 = CARTESIAN_POINT('',(-0.,0.));
#3494 = VECTOR('',#3495,1.);
#3495 = DIRECTION('',(-0.,1.));
#3496 = ( GEOMETRIC_REPRESENTATION_CONTEXT(2) 
PARAMETRIC_REPRESENTATION_CONTEXT() REPRESENTATION_CONTEXT('2D SPACE',''
  ) );
#3497 = ADVANCED_FACE('',(#3498),#3115,.F.);
#3498 = FACE_BOUND('',#3499,.F.);
#3499 = EDGE_LOOP('',(#3500,#3501,#3524,#3552));
#3500 = ORIENTED_EDGE('',*,*,#3099,.F.);
#3501 = ORIENTED_EDGE('',*,*,#3502,.T.);
#3502 = EDGE_CURVE('',#3078,#3503,#3505,.T.);
#3503 = VERTEX_POINT('',#3504);
#3504 = CARTESIAN_POINT('',(20.,-10.,-10.));
#3505 = SURFACE_CURVE('',#3506,(#3510,#3517),.PCURVE_S1.);
#3506 = LINE('',#3507,#3508);
#3507 = CARTESIAN_POINT('',(-25.,-10.,-10.));
#3508 = VECTOR('',#3509,1.);
#3509 = DIRECTION('',(1.,0.,0.));
#3510 = PCURVE('',#3115,#3511);
#3511 = DEFINITIONAL_REPRESENTATION('',(#3512),#3516);
#3512 = LINE('',#3513,#3514);
#3513 = CARTESIAN_POINT('',(0.,5.));
#3514 = VECTOR('',#3515,1.);
#3515 = DIRECTION('',(1.,0.));
#3516 = ( GEOMETRIC_REPRESENTATION_CONTEXT(2) 
PARAMETRIC_REPRESENTATION_CONTEXT() REPRESENTATION_CONTEXT('2D SPACE',''
  ) );
#3517 = PCURVE('',#3348,#3518);
#3518 = DEFINITIONAL_REPRESENTATION('',(#3519),#3523);
#3519 = LINE('',#3520,#3521);
#3520 = CARTESIAN_POINT('',(1.570796326795,0.));
#3521 = VECTOR('',#3522,1.);
#3522 = DIRECTION('',(0.,1.));
#3523 = ( GEOMETRIC_REPRESENTATION_CONTEXT(2) 
PARAMETRIC_REPRESENTATION_CONTEXT() REPRESENTATION_CONTEXT('2D SPACE',''
  ) );
#3524 = ORIENTED_EDGE('',*,*,#3525,.T.);
#3525 = EDGE_CURVE('',#3503,#3526,#3528,.T.);
#3526 = VERTEX_POINT('',#3527);
#3527 = CARTESIAN_POINT('',(20.,10.,-10.));
#3528 = SURFACE_CURVE('',#3529,(#3533,#3540),.PCURVE_S1.);
#3529 = LINE('',#3530,#3531);
#3530 = CARTESIAN_POINT('',(20.,-15.,-10.));
#3531 = VECTOR('',#3532,1.);
#3532 = DIRECTION('',(0.,1.,0.));
#3533 = PCURVE('',#3115,#3534);
#3534 = DEFINITIONAL_REPRESENTATION('',(#3535),#3539);
#3535 = LINE('',#3536,#3537);
#3536 = CARTESIAN_POINT('',(45.,0.));
#3537 = VECTOR('',#3538,1.);
#3538 = DIRECTION('',(0.,1.));
#3539 = ( GEOMETRIC_REPRESENTATION_CONTEXT(2) 
PARAMETRIC_REPRESENTATION_CONTEXT() REPRESENTATION_CONTEXT('2D SPACE',''
  ) );
#3540 = PCURVE('',#3541,#3546);
#3541 = CYLINDRICAL_SURFACE('',#3542,5.);
#3542 = AXIS2_PLACEMENT_3D('',#3543,#3544,#3545);
#3543 = CARTESIAN_POINT('',(20.,-15.,-5.));
#3544 = DIRECTION('',(0.,1.,0.));
#3545 = DIRECTION('',(1.,0.,-0.));
#3546 = DEFINITIONAL_REPRESENTATION('',(#3547),#3551);
#3547 = LINE('',#3548,#3549);
#3548 = CARTESIAN_POINT('',(1.570796326795,0.));
#3549 = VECTOR('',#3550,1.);
#3550 = DIRECTION('',(0.,1.));
#3551 = ( GEOMETRIC_REPRESENTATION_CONTEXT(2) 
PARAMETRIC_REPRESENTATION_CONTEXT() REPRESENTATION_CONTEXT('2D SPACE',''
  ) );
#3552 = ORIENTED_EDGE('',*,*,#3553,.F.);
#3553 = EDGE_CURVE('',#3100,#3526,#3554,.T.);
#3554 = SURFACE_CURVE('',#3555,(#3559,#3566),.PCURVE_S1.);
#3555 = LINE('',#3556,#3557);
#3556 = CARTESIAN_POINT('',(-25.,10.,-10.));
#3557 = VECTOR('',#3558,1.);
#3558 = DIRECTION('',(1.,0.,0.));
#3559 = PCURVE('',#3115,#3560);
#3560 = DEFINITIONAL_REPRESENTATION('',(#3561),#3565);
#3561 = LINE('',#3562,#3563);
#3562 = CARTESIAN_POINT('',(0.,25.));
#3563 = VECTOR('',#3564,1.);
#3564 = DIRECTION('',(1.,0.));
#3565 = ( GEOMETRIC_REPRESENTATION_CONTEXT(2) 
PARAMETRIC_REPRESENTATION_CONTEXT() REPRESENTATION_CONTEXT('2D SPACE',''
  ) );
#3566 = PCURVE('',#3432,#3567);
#3567 = DEFINITIONAL_REPRESENTATION('',(#3568),#3572);
#3568 = LINE('',#3569,#3570);
#3569 = CARTESIAN_POINT('',(-1.570796326795,0.));
#3570 = VECTOR('',#3571,1.);
#3571 = DIRECTION('',(-0.,1.));
#3572 = ( GEOMETRIC_REPRESENTATION_CONTEXT(2) 
PARAMETRIC_REPRESENTATION_CONTEXT() REPRESENTATION_CONTEXT('2D SPACE',''
  ) );
#3573 = ADVANCED_FACE('',(#3574),#3169,.T.);
#3574 = FACE_BOUND('',#3575,.T.);
#3575 = EDGE_LOOP('',(#3576,#3577,#3578));
#3576 = ORIENTED_EDGE('',*,*,#3257,.F.);
#3577 = ORIENTED_EDGE('',*,*,#3153,.T.);
#3578 = ORIENTED_EDGE('',*,*,#3579,.F.);
#3579 = EDGE_CURVE('',#3258,#3154,#3580,.T.);
#3580 = SURFACE_CURVE('',#3581,(#3586,#3593),.PCURVE_S1.);
#3581 = CIRCLE('',#3582,5.);
#3582 = AXIS2_PLACEMENT_3D('',#3583,#3584,#3585);
#3583 = CARTESIAN_POINT('',(20.,-10.,5.));
#3584 = DIRECTION('',(0.,0.,-1.));
#3585 = DIRECTION('',(1.,0.,0.));
#3586 = PCURVE('',#3169,#3587);
#3587 = DEFINITIONAL_REPRESENTATION('',(#3588),#3592);
#3588 = LINE('',#3589,#3590);
#3589 = CARTESIAN_POINT('',(0.,0.));
#3590 = VECTOR('',#3591,1.);
#3591 = DIRECTION('',(1.,0.));
#3592 = ( GEOMETRIC_REPRESENTATION_CONTEXT(2) 
PARAMETRIC_REPRESENTATION_CONTEXT() REPRESENTATION_CONTEXT('2D SPACE',''
  ) );
#3593 = PCURVE('',#3381,#3594);
#3594 = DEFINITIONAL_REPRESENTATION('',(#3595),#3599);
#3595 = LINE('',#3596,#3597);
#3596 = CARTESIAN_POINT('',(-0.,15.));
#3597 = VECTOR('',#3598,1.);
#3598 = DIRECTION('',(-1.,0.));
#3599 = ( GEOMETRIC_REPRESENTATION_CONTEXT(2) 
PARAMETRIC_REPRESENTATION_CONTEXT() REPRESENTATION_CONTEXT('2D SPACE',''
  ) );
#3600 = ADVANCED_FACE('',(#3601),#3222,.T.);
#3601 = FACE_BOUND('',#3602,.T.);
#3602 = EDGE_LOOP('',(#3603,#3623,#3624));
#3603 = ORIENTED_EDGE('',*,*,#3604,.F.);
#3604 = EDGE_CURVE('',#3207,#3281,#3605,.T.);
#3605 = SURFACE_CURVE('',#3606,(#3611,#3617),.PCURVE_S1.);
#3606 = CIRCLE('',#3607,5.);
#3607 = AXIS2_PLACEMENT_3D('',#3608,#3609,#3610);
#3608 = CARTESIAN_POINT('',(20.,10.,5.));
#3609 = DIRECTION('',(1.7763568394E-16,0.,-1.));
#3610 = DIRECTION('',(1.,0.,1.7763568394E-16));
#3611 = PCURVE('',#3222,#3612);
#3612 = DEFINITIONAL_REPRESENTATION('',(#3613),#3616);
#3613 = B_SPLINE_CURVE_WITH_KNOTS('',1,(#3614,#3615),.UNSPECIFIED.,.F.,
  .F.,(2,2),(4.712388980385,6.28318530718),.PIECEWISE_BEZIER_KNOTS.);
#3614 = CARTESIAN_POINT('',(0.,-1.570796326795));
#3615 = CARTESIAN_POINT('',(0.,0.));
#3616 = ( GEOMETRIC_REPRESENTATION_CONTEXT(2) 
PARAMETRIC_REPRESENTATION_CONTEXT() REPRESENTATION_CONTEXT('2D SPACE',''
  ) );
#3617 = PCURVE('',#3465,#3618);
#3618 = DEFINITIONAL_REPRESENTATION('',(#3619),#3622);
#3619 = B_SPLINE_CURVE_WITH_KNOTS('',1,(#3620,#3621),.UNSPECIFIED.,.F.,
  .F.,(2,2),(4.712388980385,6.28318530718),.PIECEWISE_BEZIER_KNOTS.);
#3620 = CARTESIAN_POINT('',(1.570796326795,15.));
#3621 = CARTESIAN_POINT('',(0.,15.));
#3622 = ( GEOMETRIC_REPRESENTATION_CONTEXT(2) 
PARAMETRIC_REPRESENTATION_CONTEXT() REPRESENTATION_CONTEXT('2D SPACE',''
  ) );
#3623 = ORIENTED_EDGE('',*,*,#3206,.T.);
#3624 = ORIENTED_EDGE('',*,*,#3280,.F.);
#3625 = ADVANCED_FACE('',(#3626,#3696,#3810),#3318,.T.);
#3626 = FACE_BOUND('',#3627,.T.);
#3627 = EDGE_LOOP('',(#3628,#3651,#3674,#3695));
#3628 = ORIENTED_EDGE('',*,*,#3629,.F.);
#3629 = EDGE_CURVE('',#3630,#3258,#3632,.T.);
#3630 = VERTEX_POINT('',#3631);
#3631 = CARTESIAN_POINT('',(25.,-10.,-5.));
#3632 = SURFACE_CURVE('',#3633,(#3637,#3644),.PCURVE_S1.);
#3633 = LINE('',#3634,#3635);
#3634 = CARTESIAN_POINT('',(25.,-10.,-10.));
#3635 = VECTOR('',#3636,1.);
#3636 = DIRECTION('',(0.,0.,1.));
#3637 = PCURVE('',#3318,#3638);
#3638 = DEFINITIONAL_REPRESENTATION('',(#3639),#3643);
#3639 = LINE('',#3640,#3641);
#3640 = CARTESIAN_POINT('',(0.,-5.));
#3641 = VECTOR('',#3642,1.);
#3642 = DIRECTION('',(1.,0.));
#3643 = ( GEOMETRIC_REPRESENTATION_CONTEXT(2) 
PARAMETRIC_REPRESENTATION_CONTEXT() REPRESENTATION_CONTEXT('2D SPACE',''
  ) );
#3644 = PCURVE('',#3381,#3645);
#3645 = DEFINITIONAL_REPRESENTATION('',(#3646),#3650);
#3646 = LINE('',#3647,#3648);
#3647 = CARTESIAN_POINT('',(-0.,0.));
#3648 = VECTOR('',#3649,1.);
#3649 = DIRECTION('',(-0.,1.));
#3650 = ( GEOMETRIC_REPRESENTATION_CONTEXT(2) 
PARAMETRIC_REPRESENTATION_CONTEXT() REPRESENTATION_CONTEXT('2D SPACE',''
  ) );
#3651 = ORIENTED_EDGE('',*,*,#3652,.T.);
#3652 = EDGE_CURVE('',#3630,#3653,#3655,.T.);
#3653 = VERTEX_POINT('',#3654);
#3654 = CARTESIAN_POINT('',(25.,10.,-5.));
#3655 = SURFACE_CURVE('',#3656,(#3660,#3667),.PCURVE_S1.);
#3656 = LINE('',#3657,#3658);
#3657 = CARTESIAN_POINT('',(25.,-15.,-5.));
#3658 = VECTOR('',#3659,1.);
#3659 = DIRECTION('',(0.,1.,0.));
#3660 = PCURVE('',#3318,#3661);
#3661 = DEFINITIONAL_REPRESENTATION('',(#3662),#3666);
#3662 = LINE('',#3663,#3664);
#3663 = CARTESIAN_POINT('',(5.,0.));
#3664 = VECTOR('',#3665,1.);
#3665 = DIRECTION('',(0.,-1.));
#3666 = ( GEOMETRIC_REPRESENTATION_CONTEXT(2) 
PARAMETRIC_REPRESENTATION_CONTEXT() REPRESENTATION_CONTEXT('2D SPACE',''
  ) );
#3667 = PCURVE('',#3541,#3668);
#3668 = DEFINITIONAL_REPRESENTATION('',(#3669),#3673);
#3669 = LINE('',#3670,#3671);
#3670 = CARTESIAN_POINT('',(0.,0.));
#3671 = VECTOR('',#3672,1.);
#3672 = DIRECTION('',(0.,1.));
#3673 = ( GEOMETRIC_REPRESENTATION_CONTEXT(2) 
PARAMETRIC_REPRESENTATION_CONTEXT() REPRESENTATION_CONTEXT('2D SPACE',''
  ) );
#3674 = ORIENTED_EDGE('',*,*,#3675,.T.);
#3675 = EDGE_CURVE('',#3653,#3281,#3676,.T.);
#3676 = SURFACE_CURVE('',#3677,(#3681,#3688),.PCURVE_S1.);
#3677 = LINE('',#3678,#3679);
#3678 = CARTESIAN_POINT('',(25.,10.,-10.));
#3679 = VECTOR('',#3680,1.);
#3680 = DIRECTION('',(0.,0.,1.));
#3681 = PCURVE('',#3318,#3682);
#3682 = DEFINITIONAL_REPRESENTATION('',(#3683),#3687);
#3683 = LINE('',#3684,#3685);
#3684 = CARTESIAN_POINT('',(0.,-25.));
#3685 = VECTOR('',#3686,1.);
#3686 = DIRECTION('',(1.,0.));
#3687 = ( GEOMETRIC_REPRESENTATION_CONTEXT(2) 
PARAMETRIC_REPRESENTATION_CONTEXT() REPRESENTATION_CONTEXT('2D SPACE',''
  ) );
#3688 = PCURVE('',#3465,#3689);
#3689 = DEFINITIONAL_REPRESENTATION('',(#3690),#3694);
#3690 = LINE('',#3691,#3692);
#3691 = CARTESIAN_POINT('',(0.,0.));
#3692 = VECTOR('',#3693,1.);
#3693 = DIRECTION('',(0.,1.));
#3694 = ( GEOMETRIC_REPRESENTATION_CONTEXT(2) 
PARAMETRIC_REPRESENTATION_CONTEXT() REPRESENTATION_CONTEXT('2D SPACE',''
  ) );
#3695 = ORIENTED_EDGE('',*,*,#3304,.F.);
#3696 = FACE_BOUND('',#3697,.T.);
#3697 = EDGE_LOOP('',(#3698,#3728,#3756,#3784));
#3698 = ORIENTED_EDGE('',*,*,#3699,.T.);
#3699 = EDGE_CURVE('',#3700,#3702,#3704,.T.);
#3700 = VERTEX_POINT('',#3701);
#3701 = CARTESIAN_POINT('',(25.,5.6,-3.175));
#3702 = VERTEX_POINT('',#3703);
#3703 = CARTESIAN_POINT('',(25.,5.6,3.175));
#3704 = SURFACE_CURVE('',#3705,(#3709,#3716),.PCURVE_S1.);
#3705 = LINE('',#3706,#3707);
#3706 = CARTESIAN_POINT('',(25.,5.6,-3.175));
#3707 = VECTOR('',#3708,1.);
#3708 = DIRECTION('',(0.,0.,1.));
#3709 = PCURVE('',#3318,#3710);
#3710 = DEFINITIONAL_REPRESENTATION('',(#3711),#3715);
#3711 = LINE('',#3712,#3713);
#3712 = CARTESIAN_POINT('',(6.825,-20.6));
#3713 = VECTOR('',#3714,1.);
#3714 = DIRECTION('',(1.,0.));
#3715 = ( GEOMETRIC_REPRESENTATION_CONTEXT(2) 
PARAMETRIC_REPRESENTATION_CONTEXT() REPRESENTATION_CONTEXT('2D SPACE',''
  ) );
#3716 = PCURVE('',#3717,#3722);
#3717 = PLANE('',#3718);
#3718 = AXIS2_PLACEMENT_3D('',#3719,#3720,#3721);
#3719 = CARTESIAN_POINT('',(25.,5.6,-3.175));
#3720 = DIRECTION('',(0.,1.,0.));
#3721 = DIRECTION('',(0.,0.,1.));
#3722 = DEFINITIONAL_REPRESENTATION('',(#3723),#3727);
#3723 = LINE('',#3724,#3725);
#3724 = CARTESIAN_POINT('',(0.,0.));
#3725 = VECTOR('',#3726,1.);
#3726 = DIRECTION('',(1.,0.));
#3727 = ( GEOMETRIC_REPRESENTATION_CONTEXT(2) 
PARAMETRIC_REPRESENTATION_CONTEXT() REPRESENTATION_CONTEXT('2D SPACE',''
  ) );
#3728 = ORIENTED_EDGE('',*,*,#3729,.T.);
#3729 = EDGE_CURVE('',#3702,#3730,#3732,.T.);
#3730 = VERTEX_POINT('',#3731);
#3731 = CARTESIAN_POINT('',(25.,7.1,3.175));
#3732 = SURFACE_CURVE('',#3733,(#3737,#3744),.PCURVE_S1.);
#3733 = LINE('',#3734,#3735);
#3734 = CARTESIAN_POINT('',(25.,5.6,3.175));
#3735 = VECTOR('',#3736,1.);
#3736 = DIRECTION('',(0.,1.,0.));
#3737 = PCURVE('',#3318,#3738);
#3738 = DEFINITIONAL_REPRESENTATION('',(#3739),#3743);
#3739 = LINE('',#3740,#3741);
#3740 = CARTESIAN_POINT('',(13.175,-20.6));
#3741 = VECTOR('',#3742,1.);
#3742 = DIRECTION('',(0.,-1.));
#3743 = ( GEOMETRIC_REPRESENTATION_CONTEXT(2) 
PARAMETRIC_REPRESENTATION_CONTEXT() REPRESENTATION_CONTEXT('2D SPACE',''
  ) );
#3744 = PCURVE('',#3745,#3750);
#3745 = PLANE('',#3746);
#3746 = AXIS2_PLACEMENT_3D('',#3747,#3748,#3749);
#3747 = CARTESIAN_POINT('',(25.,5.6,3.175));
#3748 = DIRECTION('',(0.,0.,1.));
#3749 = DIRECTION('',(1.,0.,0.));
#3750 = DEFINITIONAL_REPRESENTATION('',(#3751),#3755);
#3751 = LINE('',#3752,#3753);
#3752 = CARTESIAN_POINT('',(0.,0.));
#3753 = VECTOR('',#3754,1.);
#3754 = DIRECTION('',(0.,1.));
#3755 = ( GEOMETRIC_REPRESENTATION_CONTEXT(2) 
PARAMETRIC_REPRESENTATION_CONTEXT() REPRESENTATION_CONTEXT('2D SPACE',''
  ) );
#3756 = ORIENTED_EDGE('',*,*,#3757,.F.);
#3757 = EDGE_CURVE('',#3758,#3730,#3760,.T.);
#3758 = VERTEX_POINT('',#3759);
#3759 = CARTESIAN_POINT('',(25.,7.1,-3.175));
#3760 = SURFACE_CURVE('',#3761,(#3765,#3772),.PCURVE_S1.);
#3761 = LINE('',#3762,#3763);
#3762 = CARTESIAN_POINT('',(25.,7.1,-3.175));
#3763 = VECTOR('',#3764,1.);
#3764 = DIRECTION('',(0.,0.,1.));
#3765 = PCURVE('',#3318,#3766);
#3766 = DEFINITIONAL_REPRESENTATION('',(#3767),#3771);
#3767 = LINE('',#3768,#3769);
#3768 = CARTESIAN_POINT('',(6.825,-22.1));
#3769 = VECTOR('',#3770,1.);
#3770 = DIRECTION('',(1.,0.));
#3771 = ( GEOMETRIC_REPRESENTATION_CONTEXT(2) 
PARAMETRIC_REPRESENTATION_CONTEXT() REPRESENTATION_CONTEXT('2D SPACE',''
  ) );
#3772 = PCURVE('',#3773,#3778);
#3773 = PLANE('',#3774);
#3774 = AXIS2_PLACEMENT_3D('',#3775,#3776,#3777);
#3775 = CARTESIAN_POINT('',(25.,7.1,-3.175));
#3776 = DIRECTION('',(0.,1.,0.));
#3777 = DIRECTION('',(0.,0.,1.));
#3778 = DEFINITIONAL_REPRESENTATION('',(#3779),#3783);
#3779 = LINE('',#3780,#3781);
#3780 = CARTESIAN_POINT('',(0.,0.));
#3781 = VECTOR('',#3782,1.);
#3782 = DIRECTION('',(1.,0.));
#3783 = ( GEOMETRIC_REPRESENTATION_CONTEXT(2) 
PARAMETRIC_REPRESENTATION_CONTEXT() REPRESENTATION_CONTEXT('2D SPACE',''
  ) );
#3784 = ORIENTED_EDGE('',*,*,#3785,.F.);
#3785 = EDGE_CURVE('',#3700,#3758,#3786,.T.);
#3786 = SURFACE_CURVE('',#3787,(#3791,#3798),.PCURVE_S1.);
#3787 = LINE('',#3788,#3789);
#3788 = CARTESIAN_POINT('',(25.,5.6,-3.175));
#3789 = VECTOR('',#3790,1.);
#3790 = DIRECTION('',(0.,1.,0.));
#3791 = PCURVE('',#3318,#3792);
#3792 = DEFINITIONAL_REPRESENTATION('',(#3793),#3797);
#3793 = LINE('',#3794,#3795);
#3794 = CARTESIAN_POINT('',(6.825,-20.6));
#3795 = VECTOR('',#3796,1.);
#3796 = DIRECTION('',(0.,-1.));
#3797 = ( GEOMETRIC_REPRESENTATION_CONTEXT(2) 
PARAMETRIC_REPRESENTATION_CONTEXT() REPRESENTATION_CONTEXT('2D SPACE',''
  ) );
#3798 = PCURVE('',#3799,#3804);
#3799 = PLANE('',#3800);
#3800 = AXIS2_PLACEMENT_3D('',#3801,#3802,#3803);
#3801 = CARTESIAN_POINT('',(25.,5.6,-3.175));
#3802 = DIRECTION('',(0.,0.,1.));
#3803 = DIRECTION('',(1.,0.,0.));
#3804 = DEFINITIONAL_REPRESENTATION('',(#3805),#3809);
#3805 = LINE('',#3806,#3807);
#3806 = CARTESIAN_POINT('',(0.,0.));
#3807 = VECTOR('',#3808,1.);
#3808 = DIRECTION('',(0.,1.));
#3809 = ( GEOMETRIC_REPRESENTATION_CONTEXT(2) 
PARAMETRIC_REPRESENTATION_CONTEXT() REPRESENTATION_CONTEXT('2D SPACE',''
  ) );
#3810 = FACE_BOUND('',#3811,.T.);
#3811 = EDGE_LOOP('',(#3812,#3842,#3870,#3898));
#3812 = ORIENTED_EDGE('',*,*,#3813,.T.);
#3813 = EDGE_CURVE('',#3814,#3816,#3818,.T.);
#3814 = VERTEX_POINT('',#3815);
#3815 = CARTESIAN_POINT('',(25.,-7.1,-3.175));
#3816 = VERTEX_POINT('',#3817);
#3817 = CARTESIAN_POINT('',(25.,-7.1,3.175));
#3818 = SURFACE_CURVE('',#3819,(#3823,#3830),.PCURVE_S1.);
#3819 = LINE('',#3820,#3821);
#3820 = CARTESIAN_POINT('',(25.,-7.1,-3.175));
#3821 = VECTOR('',#3822,1.);
#3822 = DIRECTION('',(0.,0.,1.));
#3823 = PCURVE('',#3318,#3824);
#3824 = DEFINITIONAL_REPRESENTATION('',(#3825),#3829);
#3825 = LINE('',#3826,#3827);
#3826 = CARTESIAN_POINT('',(6.825,-7.9));
#3827 = VECTOR('',#3828,1.);
#3828 = DIRECTION('',(1.,0.));
#3829 = ( GEOMETRIC_REPRESENTATION_CONTEXT(2) 
PARAMETRIC_REPRESENTATION_CONTEXT() REPRESENTATION_CONTEXT('2D SPACE',''
  ) );
#3830 = PCURVE('',#3831,#3836);
#3831 = PLANE('',#3832);
#3832 = AXIS2_PLACEMENT_3D('',#3833,#3834,#3835);
#3833 = CARTESIAN_POINT('',(25.,-7.1,-3.175));
#3834 = DIRECTION('',(0.,1.,0.));
#3835 = DIRECTION('',(0.,0.,1.));
#3836 = DEFINITIONAL_REPRESENTATION('',(#3837),#3841);
#3837 = LINE('',#3838,#3839);
#3838 = CARTESIAN_POINT('',(0.,0.));
#3839 = VECTOR('',#3840,1.);
#3840 = DIRECTION('',(1.,0.));
#3841 = ( GEOMETRIC_REPRESENTATION_CONTEXT(2) 
PARAMETRIC_REPRESENTATION_CONTEXT() REPRESENTATION_CONTEXT('2D SPACE',''
  ) );
#3842 = ORIENTED_EDGE('',*,*,#3843,.T.);
#3843 = EDGE_CURVE('',#3816,#3844,#3846,.T.);
#3844 = VERTEX_POINT('',#3845);
#3845 = CARTESIAN_POINT('',(25.,-5.6,3.175));
#3846 = SURFACE_CURVE('',#3847,(#3851,#3858),.PCURVE_S1.);
#3847 = LINE('',#3848,#3849);
#3848 = CARTESIAN_POINT('',(25.,-7.1,3.175));
#3849 = VECTOR('',#3850,1.);
#3850 = DIRECTION('',(0.,1.,0.));
#3851 = PCURVE('',#3318,#3852);
#3852 = DEFINITIONAL_REPRESENTATION('',(#3853),#3857);
#3853 = LINE('',#3854,#3855);
#3854 = CARTESIAN_POINT('',(13.175,-7.9));
#3855 = VECTOR('',#3856,1.);
#3856 = DIRECTION('',(0.,-1.));
#3857 = ( GEOMETRIC_REPRESENTATION_CONTEXT(2) 
PARAMETRIC_REPRESENTATION_CONTEXT() REPRESENTATION_CONTEXT('2D SPACE',''
  ) );
#3858 = PCURVE('',#3859,#3864);
#3859 = PLANE('',#3860);
#3860 = AXIS2_PLACEMENT_3D('',#3861,#3862,#3863);
#3861 = CARTESIAN_POINT('',(25.,-7.1,3.175));
#3862 = DIRECTION('',(0.,0.,1.));
#3863 = DIRECTION('',(1.,0.,0.));
#3864 = DEFINITIONAL_REPRESENTATION('',(#3865),#3869);
#3865 = LINE('',#3866,#3867);
#3866 = CARTESIAN_POINT('',(0.,0.));
#3867 = VECTOR('',#3868,1.);
#3868 = DIRECTION('',(0.,1.));
#3869 = ( GEOMETRIC_REPRESENTATION_CONTEXT(2) 
PARAMETRIC_REPRESENTATION_CONTEXT() REPRESENTATION_CONTEXT('2D SPACE',''
  ) );
#3870 = ORIENTED_EDGE('',*,*,#3871,.F.);
#3871 = EDGE_CURVE('',#3872,#3844,#3874,.T.);
#3872 = VERTEX_POINT('',#3873);
#3873 = CARTESIAN_POINT('',(25.,-5.6,-3.175));
#3874 = SURFACE_CURVE('',#3875,(#3879,#3886),.PCURVE_S1.);
#3875 = LINE('',#3876,#3877);
#3876 = CARTESIAN_POINT('',(25.,-5.6,-3.175));
#3877 = VECTOR('',#3878,1.);
#3878 = DIRECTION('',(0.,0.,1.));
#3879 = PCURVE('',#3318,#3880);
#3880 = DEFINITIONAL_REPRESENTATION('',(#3881),#3885);
#3881 = LINE('',#3882,#3883);
#3882 = CARTESIAN_POINT('',(6.825,-9.4));
#3883 = VECTOR('',#3884,1.);
#3884 = DIRECTION('',(1.,0.));
#3885 = ( GEOMETRIC_REPRESENTATION_CONTEXT(2) 
PARAMETRIC_REPRESENTATION_CONTEXT() REPRESENTATION_CONTEXT('2D SPACE',''
  ) );
#3886 = PCURVE('',#3887,#3892);
#3887 = PLANE('',#3888);
#3888 = AXIS2_PLACEMENT_3D('',#3889,#3890,#3891);
#3889 = CARTESIAN_POINT('',(25.,-5.6,-3.175));
#3890 = DIRECTION('',(0.,1.,0.));
#3891 = DIRECTION('',(0.,0.,1.));
#3892 = DEFINITIONAL_REPRESENTATION('',(#3893),#3897);
#3893 = LINE('',#3894,#3895);
#3894 = CARTESIAN_POINT('',(0.,0.));
#3895 = VECTOR('',#3896,1.);
#3896 = DIRECTION('',(1.,0.));
#3897 = ( GEOMETRIC_REPRESENTATION_CONTEXT(2) 
PARAMETRIC_REPRESENTATION_CONTEXT() REPRESENTATION_CONTEXT('2D SPACE',''
  ) );
#3898 = ORIENTED_EDGE('',*,*,#3899,.F.);
#3899 = EDGE_CURVE('',#3814,#3872,#3900,.T.);
#3900 = SURFACE_CURVE('',#3901,(#3905,#3912),.PCURVE_S1.);
#3901 = LINE('',#3902,#3903);
#3902 = CARTESIAN_POINT('',(25.,-7.1,-3.175));
#3903 = VECTOR('',#3904,1.);
#3904 = DIRECTION('',(0.,1.,0.));
#3905 = PCURVE('',#3318,#3906);
#3906 = DEFINITIONAL_REPRESENTATION('',(#3907),#3911);
#3907 = LINE('',#3908,#3909);
#3908 = CARTESIAN_POINT('',(6.825,-7.9));
#3909 = VECTOR('',#3910,1.);
#3910 = DIRECTION('',(0.,-1.));
#3911 = ( GEOMETRIC_REPRESENTATION_CONTEXT(2) 
PARAMETRIC_REPRESENTATION_CONTEXT() REPRESENTATION_CONTEXT('2D SPACE',''
  ) );
#3912 = PCURVE('',#3913,#3918);
#3913 = PLANE('',#3914);
#3914 = AXIS2_PLACEMENT_3D('',#3915,#3916,#3917);
#3915 = CARTESIAN_POINT('',(25.,-7.1,-3.175));
#3916 = DIRECTION('',(0.,0.,1.));
#3917 = DIRECTION('',(1.,0.,0.));
#3918 = DEFINITIONAL_REPRESENTATION('',(#3919),#3923);
#3919 = LINE('',#3920,#3921);
#3920 = CARTESIAN_POINT('',(0.,0.));
#3921 = VECTOR('',#3922,1.);
#3922 = DIRECTION('',(0.,1.));
#3923 = ( GEOMETRIC_REPRESENTATION_CONTEXT(2) 
PARAMETRIC_REPRESENTATION_CONTEXT() REPRESENTATION_CONTEXT('2D SPACE',''
  ) );
#3924 = ADVANCED_FACE('',(#3925),#3348,.T.);
#3925 = FACE_BOUND('',#3926,.T.);
#3926 = EDGE_LOOP('',(#3927,#3928,#3929,#3954));
#3927 = ORIENTED_EDGE('',*,*,#3334,.F.);
#3928 = ORIENTED_EDGE('',*,*,#3502,.T.);
#3929 = ORIENTED_EDGE('',*,*,#3930,.T.);
#3930 = EDGE_CURVE('',#3503,#3366,#3931,.T.);
#3931 = SURFACE_CURVE('',#3932,(#3937,#3943),.PCURVE_S1.);
#3932 = CIRCLE('',#3933,5.);
#3933 = AXIS2_PLACEMENT_3D('',#3934,#3935,#3936);
#3934 = CARTESIAN_POINT('',(20.,-10.,-5.));
#3935 = DIRECTION('',(-1.,-6.123233995737E-17,0.));
#3936 = DIRECTION('',(6.123233995737E-17,-1.,-0.));
#3937 = PCURVE('',#3348,#3938);
#3938 = DEFINITIONAL_REPRESENTATION('',(#3939),#3942);
#3939 = B_SPLINE_CURVE_WITH_KNOTS('',1,(#3940,#3941),.UNSPECIFIED.,.F.,
  .F.,(2,2),(4.712388980385,6.28318530718),.PIECEWISE_BEZIER_KNOTS.);
#3940 = CARTESIAN_POINT('',(1.570796326795,45.));
#3941 = CARTESIAN_POINT('',(0.,45.));
#3942 = ( GEOMETRIC_REPRESENTATION_CONTEXT(2) 
PARAMETRIC_REPRESENTATION_CONTEXT() REPRESENTATION_CONTEXT('2D SPACE',''
  ) );
#3943 = PCURVE('',#3944,#3949);
#3944 = SPHERICAL_SURFACE('',#3945,5.);
#3945 = AXIS2_PLACEMENT_3D('',#3946,#3947,#3948);
#3946 = CARTESIAN_POINT('',(20.,-10.,-5.));
#3947 = DIRECTION('',(0.,0.,1.));
#3948 = DIRECTION('',(1.,0.,-0.));
#3949 = DEFINITIONAL_REPRESENTATION('',(#3950),#3953);
#3950 = B_SPLINE_CURVE_WITH_KNOTS('',1,(#3951,#3952),.UNSPECIFIED.,.F.,
  .F.,(2,2),(4.712388980385,6.28318530718),.PIECEWISE_BEZIER_KNOTS.);
#3951 = CARTESIAN_POINT('',(-1.570796326795,-1.570796326795));
#3952 = CARTESIAN_POINT('',(-1.570796326795,0.));
#3953 = ( GEOMETRIC_REPRESENTATION_CONTEXT(2) 
PARAMETRIC_REPRESENTATION_CONTEXT() REPRESENTATION_CONTEXT('2D SPACE',''
  ) );
#3954 = ORIENTED_EDGE('',*,*,#3393,.F.);
#3955 = ADVANCED_FACE('',(#3956),#3381,.T.);
#3956 = FACE_BOUND('',#3957,.F.);
#3957 = EDGE_LOOP('',(#3958,#3959,#3981,#3982));
#3958 = ORIENTED_EDGE('',*,*,#3629,.F.);
#3959 = ORIENTED_EDGE('',*,*,#3960,.T.);
#3960 = EDGE_CURVE('',#3630,#3366,#3961,.T.);
#3961 = SURFACE_CURVE('',#3962,(#3967,#3974),.PCURVE_S1.);
#3962 = CIRCLE('',#3963,5.);
#3963 = AXIS2_PLACEMENT_3D('',#3964,#3965,#3966);
#3964 = CARTESIAN_POINT('',(20.,-10.,-5.));
#3965 = DIRECTION('',(0.,-0.,-1.));
#3966 = DIRECTION('',(1.,0.,-0.));
#3967 = PCURVE('',#3381,#3968);
#3968 = DEFINITIONAL_REPRESENTATION('',(#3969),#3973);
#3969 = LINE('',#3970,#3971);
#3970 = CARTESIAN_POINT('',(-0.,5.));
#3971 = VECTOR('',#3972,1.);
#3972 = DIRECTION('',(-1.,0.));
#3973 = ( GEOMETRIC_REPRESENTATION_CONTEXT(2) 
PARAMETRIC_REPRESENTATION_CONTEXT() REPRESENTATION_CONTEXT('2D SPACE',''
  ) );
#3974 = PCURVE('',#3944,#3975);
#3975 = DEFINITIONAL_REPRESENTATION('',(#3976),#3980);
#3976 = LINE('',#3977,#3978);
#3977 = CARTESIAN_POINT('',(-0.,0.));
#3978 = VECTOR('',#3979,1.);
#3979 = DIRECTION('',(-1.,0.));
#3980 = ( GEOMETRIC_REPRESENTATION_CONTEXT(2) 
PARAMETRIC_REPRESENTATION_CONTEXT() REPRESENTATION_CONTEXT('2D SPACE',''
  ) );
#3981 = ORIENTED_EDGE('',*,*,#3365,.T.);
#3982 = ORIENTED_EDGE('',*,*,#3579,.F.);
#3983 = ADVANCED_FACE('',(#3984),#3432,.T.);
#3984 = FACE_BOUND('',#3985,.F.);
#3985 = EDGE_LOOP('',(#3986,#3987,#3988,#4013));
#3986 = ORIENTED_EDGE('',*,*,#3418,.F.);
#3987 = ORIENTED_EDGE('',*,*,#3553,.T.);
#3988 = ORIENTED_EDGE('',*,*,#3989,.T.);
#3989 = EDGE_CURVE('',#3526,#3450,#3990,.T.);
#3990 = SURFACE_CURVE('',#3991,(#3996,#4002),.PCURVE_S1.);
#3991 = CIRCLE('',#3992,5.);
#3992 = AXIS2_PLACEMENT_3D('',#3993,#3994,#3995);
#3993 = CARTESIAN_POINT('',(20.,10.,-5.));
#3994 = DIRECTION('',(1.,-6.123233995737E-17,0.));
#3995 = DIRECTION('',(6.123233995737E-17,1.,0.));
#3996 = PCURVE('',#3432,#3997);
#3997 = DEFINITIONAL_REPRESENTATION('',(#3998),#4001);
#3998 = B_SPLINE_CURVE_WITH_KNOTS('',1,(#3999,#4000),.UNSPECIFIED.,.F.,
  .F.,(2,2),(4.712388980385,6.28318530718),.PIECEWISE_BEZIER_KNOTS.);
#3999 = CARTESIAN_POINT('',(-1.570796326795,45.));
#4000 = CARTESIAN_POINT('',(0.,45.));
#4001 = ( GEOMETRIC_REPRESENTATION_CONTEXT(2) 
PARAMETRIC_REPRESENTATION_CONTEXT() REPRESENTATION_CONTEXT('2D SPACE',''
  ) );
#4002 = PCURVE('',#4003,#4008);
#4003 = SPHERICAL_SURFACE('',#4004,5.);
#4004 = AXIS2_PLACEMENT_3D('',#4005,#4006,#4007);
#4005 = CARTESIAN_POINT('',(20.,10.,-5.));
#4006 = DIRECTION('',(0.,0.,1.));
#4007 = DIRECTION('',(1.,0.,-0.));
#4008 = DEFINITIONAL_REPRESENTATION('',(#4009),#4012);
#4009 = B_SPLINE_CURVE_WITH_KNOTS('',1,(#4010,#4011),.UNSPECIFIED.,.F.,
  .F.,(2,2),(4.712388980385,6.28318530718),.PIECEWISE_BEZIER_KNOTS.);
#4010 = CARTESIAN_POINT('',(1.570796326795,-1.570796326795));
#4011 = CARTESIAN_POINT('',(1.570796326795,0.));
#4012 = ( GEOMETRIC_REPRESENTATION_CONTEXT(2) 
PARAMETRIC_REPRESENTATION_CONTEXT() REPRESENTATION_CONTEXT('2D SPACE',''
  ) );
#4013 = ORIENTED_EDGE('',*,*,#3477,.F.);
#4014 = ADVANCED_FACE('',(#4015),#3465,.T.);
#4015 = FACE_BOUND('',#4016,.T.);
#4016 = EDGE_LOOP('',(#4017,#4018,#4040,#4041));
#4017 = ORIENTED_EDGE('',*,*,#3675,.F.);
#4018 = ORIENTED_EDGE('',*,*,#4019,.T.);
#4019 = EDGE_CURVE('',#3653,#3450,#4020,.T.);
#4020 = SURFACE_CURVE('',#4021,(#4026,#4033),.PCURVE_S1.);
#4021 = CIRCLE('',#4022,5.);
#4022 = AXIS2_PLACEMENT_3D('',#4023,#4024,#4025);
#4023 = CARTESIAN_POINT('',(20.,10.,-5.));
#4024 = DIRECTION('',(0.,0.,1.));
#4025 = DIRECTION('',(1.,0.,-0.));
#4026 = PCURVE('',#3465,#4027);
#4027 = DEFINITIONAL_REPRESENTATION('',(#4028),#4032);
#4028 = LINE('',#4029,#4030);
#4029 = CARTESIAN_POINT('',(0.,5.));
#4030 = VECTOR('',#4031,1.);
#4031 = DIRECTION('',(1.,0.));
#4032 = ( GEOMETRIC_REPRESENTATION_CONTEXT(2) 
PARAMETRIC_REPRESENTATION_CONTEXT() REPRESENTATION_CONTEXT('2D SPACE',''
  ) );
#4033 = PCURVE('',#4003,#4034);
#4034 = DEFINITIONAL_REPRESENTATION('',(#4035),#4039);
#4035 = LINE('',#4036,#4037);
#4036 = CARTESIAN_POINT('',(0.,0.));
#4037 = VECTOR('',#4038,1.);
#4038 = DIRECTION('',(1.,0.));
#4039 = ( GEOMETRIC_REPRESENTATION_CONTEXT(2) 
PARAMETRIC_REPRESENTATION_CONTEXT() REPRESENTATION_CONTEXT('2D SPACE',''
  ) );
#4040 = ORIENTED_EDGE('',*,*,#3449,.T.);
#4041 = ORIENTED_EDGE('',*,*,#3604,.T.);
#4042 = ADVANCED_FACE('',(#4043),#3541,.T.);
#4043 = FACE_BOUND('',#4044,.T.);
#4044 = EDGE_LOOP('',(#4045,#4065,#4066,#4086));
#4045 = ORIENTED_EDGE('',*,*,#4046,.F.);
#4046 = EDGE_CURVE('',#3503,#3630,#4047,.T.);
#4047 = SURFACE_CURVE('',#4048,(#4053,#4059),.PCURVE_S1.);
#4048 = CIRCLE('',#4049,5.);
#4049 = AXIS2_PLACEMENT_3D('',#4050,#4051,#4052);
#4050 = CARTESIAN_POINT('',(20.,-10.,-5.));
#4051 = DIRECTION('',(0.,-1.,0.));
#4052 = DIRECTION('',(1.,0.,0.));
#4053 = PCURVE('',#3541,#4054);
#4054 = DEFINITIONAL_REPRESENTATION('',(#4055),#4058);
#4055 = B_SPLINE_CURVE_WITH_KNOTS('',1,(#4056,#4057),.UNSPECIFIED.,.F.,
  .F.,(2,2),(4.712388980385,6.28318530718),.PIECEWISE_BEZIER_KNOTS.);
#4056 = CARTESIAN_POINT('',(1.570796326795,5.));
#4057 = CARTESIAN_POINT('',(0.,5.));
#4058 = ( GEOMETRIC_REPRESENTATION_CONTEXT(2) 
PARAMETRIC_REPRESENTATION_CONTEXT() REPRESENTATION_CONTEXT('2D SPACE',''
  ) );
#4059 = PCURVE('',#3944,#4060);
#4060 = DEFINITIONAL_REPRESENTATION('',(#4061),#4064);
#4061 = B_SPLINE_CURVE_WITH_KNOTS('',1,(#4062,#4063),.UNSPECIFIED.,.F.,
  .F.,(2,2),(4.712388980385,6.28318530718),.PIECEWISE_BEZIER_KNOTS.);
#4062 = CARTESIAN_POINT('',(0.,-1.570796326795));
#4063 = CARTESIAN_POINT('',(0.,0.));
#4064 = ( GEOMETRIC_REPRESENTATION_CONTEXT(2) 
PARAMETRIC_REPRESENTATION_CONTEXT() REPRESENTATION_CONTEXT('2D SPACE',''
  ) );
#4065 = ORIENTED_EDGE('',*,*,#3525,.T.);
#4066 = ORIENTED_EDGE('',*,*,#4067,.T.);
#4067 = EDGE_CURVE('',#3526,#3653,#4068,.T.);
#4068 = SURFACE_CURVE('',#4069,(#4074,#4080),.PCURVE_S1.);
#4069 = CIRCLE('',#4070,5.);
#4070 = AXIS2_PLACEMENT_3D('',#4071,#4072,#4073);
#4071 = CARTESIAN_POINT('',(20.,10.,-5.));
#4072 = DIRECTION('',(0.,-1.,0.));
#4073 = DIRECTION('',(1.,0.,0.));
#4074 = PCURVE('',#3541,#4075);
#4075 = DEFINITIONAL_REPRESENTATION('',(#4076),#4079);
#4076 = B_SPLINE_CURVE_WITH_KNOTS('',1,(#4077,#4078),.UNSPECIFIED.,.F.,
  .F.,(2,2),(4.712388980385,6.28318530718),.PIECEWISE_BEZIER_KNOTS.);
#4077 = CARTESIAN_POINT('',(1.570796326795,25.));
#4078 = CARTESIAN_POINT('',(0.,25.));
#4079 = ( GEOMETRIC_REPRESENTATION_CONTEXT(2) 
PARAMETRIC_REPRESENTATION_CONTEXT() REPRESENTATION_CONTEXT('2D SPACE',''
  ) );
#4080 = PCURVE('',#4003,#4081);
#4081 = DEFINITIONAL_REPRESENTATION('',(#4082),#4085);
#4082 = B_SPLINE_CURVE_WITH_KNOTS('',1,(#4083,#4084),.UNSPECIFIED.,.F.,
  .F.,(2,2),(4.712388980385,6.28318530718),.PIECEWISE_BEZIER_KNOTS.);
#4083 = CARTESIAN_POINT('',(0.,-1.570796326795));
#4084 = CARTESIAN_POINT('',(0.,0.));
#4085 = ( GEOMETRIC_REPRESENTATION_CONTEXT(2) 
PARAMETRIC_REPRESENTATION_CONTEXT() REPRESENTATION_CONTEXT('2D SPACE',''
  ) );
#4086 = ORIENTED_EDGE('',*,*,#3652,.F.);
#4087 = ADVANCED_FACE('',(#4088),#3717,.F.);
#4088 = FACE_BOUND('',#4089,.F.);
#4089 = EDGE_LOOP('',(#4090,#4113,#4114,#4137));
#4090 = ORIENTED_EDGE('',*,*,#4091,.F.);
#4091 = EDGE_CURVE('',#3700,#4092,#4094,.T.);
#4092 = VERTEX_POINT('',#4093);
#4093 = CARTESIAN_POINT('',(41.,5.6,-3.175));
#4094 = SURFACE_CURVE('',#4095,(#4099,#4106),.PCURVE_S1.);
#4095 = LINE('',#4096,#4097);
#4096 = CARTESIAN_POINT('',(25.,5.6,-3.175));
#4097 = VECTOR('',#4098,1.);
#4098 = DIRECTION('',(1.,0.,0.));
#4099 = PCURVE('',#3717,#4100);
#4100 = DEFINITIONAL_REPRESENTATION('',(#4101),#4105);
#4101 = LINE('',#4102,#4103);
#4102 = CARTESIAN_POINT('',(0.,0.));
#4103 = VECTOR('',#4104,1.);
#4104 = DIRECTION('',(0.,1.));
#4105 = ( GEOMETRIC_REPRESENTATION_CONTEXT(2) 
PARAMETRIC_REPRESENTATION_CONTEXT() REPRESENTATION_CONTEXT('2D SPACE',''
  ) );
#4106 = PCURVE('',#3799,#4107);
#4107 = DEFINITIONAL_REPRESENTATION('',(#4108),#4112);
#4108 = LINE('',#4109,#4110);
#4109 = CARTESIAN_POINT('',(0.,0.));
#4110 = VECTOR('',#4111,1.);
#4111 = DIRECTION('',(1.,0.));
#4112 = ( GEOMETRIC_REPRESENTATION_CONTEXT(2) 
PARAMETRIC_REPRESENTATION_CONTEXT() REPRESENTATION_CONTEXT('2D SPACE',''
  ) );
#4113 = ORIENTED_EDGE('',*,*,#3699,.T.);
#4114 = ORIENTED_EDGE('',*,*,#4115,.T.);
#4115 = EDGE_CURVE('',#3702,#4116,#4118,.T.);
#4116 = VERTEX_POINT('',#4117);
#4117 = CARTESIAN_POINT('',(41.,5.6,3.175));
#4118 = SURFACE_CURVE('',#4119,(#4123,#4130),.PCURVE_S1.);
#4119 = LINE('',#4120,#4121);
#4120 = CARTESIAN_POINT('',(25.,5.6,3.175));
#4121 = VECTOR('',#4122,1.);
#4122 = DIRECTION('',(1.,0.,0.));
#4123 = PCURVE('',#3717,#4124);
#4124 = DEFINITIONAL_REPRESENTATION('',(#4125),#4129);
#4125 = LINE('',#4126,#4127);
#4126 = CARTESIAN_POINT('',(6.35,0.));
#4127 = VECTOR('',#4128,1.);
#4128 = DIRECTION('',(0.,1.));
#4129 = ( GEOMETRIC_REPRESENTATION_CONTEXT(2) 
PARAMETRIC_REPRESENTATION_CONTEXT() REPRESENTATION_CONTEXT('2D SPACE',''
  ) );
#4130 = PCURVE('',#3745,#4131);
#4131 = DEFINITIONAL_REPRESENTATION('',(#4132),#4136);
#4132 = LINE('',#4133,#4134);
#4133 = CARTESIAN_POINT('',(0.,0.));
#4134 = VECTOR('',#4135,1.);
#4135 = DIRECTION('',(1.,0.));
#4136 = ( GEOMETRIC_REPRESENTATION_CONTEXT(2) 
PARAMETRIC_REPRESENTATION_CONTEXT() REPRESENTATION_CONTEXT('2D SPACE',''
  ) );
#4137 = ORIENTED_EDGE('',*,*,#4138,.F.);
#4138 = EDGE_CURVE('',#4092,#4116,#4139,.T.);
#4139 = SURFACE_CURVE('',#4140,(#4144,#4151),.PCURVE_S1.);
#4140 = LINE('',#4141,#4142);
#4141 = CARTESIAN_POINT('',(41.,5.6,-3.175));
#4142 = VECTOR('',#4143,1.);
#4143 = DIRECTION('',(0.,0.,1.));
#4144 = PCURVE('',#3717,#4145);
#4145 = DEFINITIONAL_REPRESENTATION('',(#4146),#4150);
#4146 = LINE('',#4147,#4148);
#4147 = CARTESIAN_POINT('',(0.,16.));
#4148 = VECTOR('',#4149,1.);
#4149 = DIRECTION('',(1.,0.));
#4150 = ( GEOMETRIC_REPRESENTATION_CONTEXT(2) 
PARAMETRIC_REPRESENTATION_CONTEXT() REPRESENTATION_CONTEXT('2D SPACE',''
  ) );
#4151 = PCURVE('',#4152,#4157);
#4152 = PLANE('',#4153);
#4153 = AXIS2_PLACEMENT_3D('',#4154,#4155,#4156);
#4154 = CARTESIAN_POINT('',(41.,5.6,-3.175));
#4155 = DIRECTION('',(1.,0.,0.));
#4156 = DIRECTION('',(0.,0.,1.));
#4157 = DEFINITIONAL_REPRESENTATION('',(#4158),#4162);
#4158 = LINE('',#4159,#4160);
#4159 = CARTESIAN_POINT('',(0.,0.));
#4160 = VECTOR('',#4161,1.);
#4161 = DIRECTION('',(1.,0.));
#4162 = ( GEOMETRIC_REPRESENTATION_CONTEXT(2) 
PARAMETRIC_REPRESENTATION_CONTEXT() REPRESENTATION_CONTEXT('2D SPACE',''
  ) );
#4163 = ADVANCED_FACE('',(#4164),#3799,.F.);
#4164 = FACE_BOUND('',#4165,.F.);
#4165 = EDGE_LOOP('',(#4166,#4167,#4168,#4191));
#4166 = ORIENTED_EDGE('',*,*,#3785,.F.);
#4167 = ORIENTED_EDGE('',*,*,#4091,.T.);
#4168 = ORIENTED_EDGE('',*,*,#4169,.T.);
#4169 = EDGE_CURVE('',#4092,#4170,#4172,.T.);
#4170 = VERTEX_POINT('',#4171);
#4171 = CARTESIAN_POINT('',(41.,7.1,-3.175));
#4172 = SURFACE_CURVE('',#4173,(#4177,#4184),.PCURVE_S1.);
#4173 = LINE('',#4174,#4175);
#4174 = CARTESIAN_POINT('',(41.,5.6,-3.175));
#4175 = VECTOR('',#4176,1.);
#4176 = DIRECTION('',(0.,1.,0.));
#4177 = PCURVE('',#3799,#4178);
#4178 = DEFINITIONAL_REPRESENTATION('',(#4179),#4183);
#4179 = LINE('',#4180,#4181);
#4180 = CARTESIAN_POINT('',(16.,0.));
#4181 = VECTOR('',#4182,1.);
#4182 = DIRECTION('',(0.,1.));
#4183 = ( GEOMETRIC_REPRESENTATION_CONTEXT(2) 
PARAMETRIC_REPRESENTATION_CONTEXT() REPRESENTATION_CONTEXT('2D SPACE',''
  ) );
#4184 = PCURVE('',#4152,#4185);
#4185 = DEFINITIONAL_REPRESENTATION('',(#4186),#4190);
#4186 = LINE('',#4187,#4188);
#4187 = CARTESIAN_POINT('',(0.,0.));
#4188 = VECTOR('',#4189,1.);
#4189 = DIRECTION('',(0.,-1.));
#4190 = ( GEOMETRIC_REPRESENTATION_CONTEXT(2) 
PARAMETRIC_REPRESENTATION_CONTEXT() REPRESENTATION_CONTEXT('2D SPACE',''
  ) );
#4191 = ORIENTED_EDGE('',*,*,#4192,.F.);
#4192 = EDGE_CURVE('',#3758,#4170,#4193,.T.);
#4193 = SURFACE_CURVE('',#4194,(#4198,#4205),.PCURVE_S1.);
#4194 = LINE('',#4195,#4196);
#4195 = CARTESIAN_POINT('',(25.,7.1,-3.175));
#4196 = VECTOR('',#4197,1.);
#4197 = DIRECTION('',(1.,0.,0.));
#4198 = PCURVE('',#3799,#4199);
#4199 = DEFINITIONAL_REPRESENTATION('',(#4200),#4204);
#4200 = LINE('',#4201,#4202);
#4201 = CARTESIAN_POINT('',(0.,1.5));
#4202 = VECTOR('',#4203,1.);
#4203 = DIRECTION('',(1.,0.));
#4204 = ( GEOMETRIC_REPRESENTATION_CONTEXT(2) 
PARAMETRIC_REPRESENTATION_CONTEXT() REPRESENTATION_CONTEXT('2D SPACE',''
  ) );
#4205 = PCURVE('',#3773,#4206);
#4206 = DEFINITIONAL_REPRESENTATION('',(#4207),#4211);
#4207 = LINE('',#4208,#4209);
#4208 = CARTESIAN_POINT('',(0.,0.));
#4209 = VECTOR('',#4210,1.);
#4210 = DIRECTION('',(0.,1.));
#4211 = ( GEOMETRIC_REPRESENTATION_CONTEXT(2) 
PARAMETRIC_REPRESENTATION_CONTEXT() REPRESENTATION_CONTEXT('2D SPACE',''
  ) );
#4212 = ADVANCED_FACE('',(#4213),#3773,.T.);
#4213 = FACE_BOUND('',#4214,.T.);
#4214 = EDGE_LOOP('',(#4215,#4216,#4217,#4240));
#4215 = ORIENTED_EDGE('',*,*,#4192,.F.);
#4216 = ORIENTED_EDGE('',*,*,#3757,.T.);
#4217 = ORIENTED_EDGE('',*,*,#4218,.T.);
#4218 = EDGE_CURVE('',#3730,#4219,#4221,.T.);
#4219 = VERTEX_POINT('',#4220);
#4220 = CARTESIAN_POINT('',(41.,7.1,3.175));
#4221 = SURFACE_CURVE('',#4222,(#4226,#4233),.PCURVE_S1.);
#4222 = LINE('',#4223,#4224);
#4223 = CARTESIAN_POINT('',(25.,7.1,3.175));
#4224 = VECTOR('',#4225,1.);
#4225 = DIRECTION('',(1.,0.,0.));
#4226 = PCURVE('',#3773,#4227);
#4227 = DEFINITIONAL_REPRESENTATION('',(#4228),#4232);
#4228 = LINE('',#4229,#4230);
#4229 = CARTESIAN_POINT('',(6.35,0.));
#4230 = VECTOR('',#4231,1.);
#4231 = DIRECTION('',(0.,1.));
#4232 = ( GEOMETRIC_REPRESENTATION_CONTEXT(2) 
PARAMETRIC_REPRESENTATION_CONTEXT() REPRESENTATION_CONTEXT('2D SPACE',''
  ) );
#4233 = PCURVE('',#3745,#4234);
#4234 = DEFINITIONAL_REPRESENTATION('',(#4235),#4239);
#4235 = LINE('',#4236,#4237);
#4236 = CARTESIAN_POINT('',(0.,1.5));
#4237 = VECTOR('',#4238,1.);
#4238 = DIRECTION('',(1.,0.));
#4239 = ( GEOMETRIC_REPRESENTATION_CONTEXT(2) 
PARAMETRIC_REPRESENTATION_CONTEXT() REPRESENTATION_CONTEXT('2D SPACE',''
  ) );
#4240 = ORIENTED_EDGE('',*,*,#4241,.F.);
#4241 = EDGE_CURVE('',#4170,#4219,#4242,.T.);
#4242 = SURFACE_CURVE('',#4243,(#4247,#4254),.PCURVE_S1.);
#4243 = LINE('',#4244,#4245);
#4244 = CARTESIAN_POINT('',(41.,7.1,-3.175));
#4245 = VECTOR('',#4246,1.);
#4246 = DIRECTION('',(0.,0.,1.));
#4247 = PCURVE('',#3773,#4248);
#4248 = DEFINITIONAL_REPRESENTATION('',(#4249),#4253);
#4249 = LINE('',#4250,#4251);
#4250 = CARTESIAN_POINT('',(0.,16.));
#4251 = VECTOR('',#4252,1.);
#4252 = DIRECTION('',(1.,0.));
#4253 = ( GEOMETRIC_REPRESENTATION_CONTEXT(2) 
PARAMETRIC_REPRESENTATION_CONTEXT() REPRESENTATION_CONTEXT('2D SPACE',''
  ) );
#4254 = PCURVE('',#4152,#4255);
#4255 = DEFINITIONAL_REPRESENTATION('',(#4256),#4260);
#4256 = LINE('',#4257,#4258);
#4257 = CARTESIAN_POINT('',(0.,-1.5));
#4258 = VECTOR('',#4259,1.);
#4259 = DIRECTION('',(1.,0.));
#4260 = ( GEOMETRIC_REPRESENTATION_CONTEXT(2) 
PARAMETRIC_REPRESENTATION_CONTEXT() REPRESENTATION_CONTEXT('2D SPACE',''
  ) );
#4261 = ADVANCED_FACE('',(#4262),#3745,.T.);
#4262 = FACE_BOUND('',#4263,.T.);
#4263 = EDGE_LOOP('',(#4264,#4265,#4266,#4287));
#4264 = ORIENTED_EDGE('',*,*,#3729,.F.);
#4265 = ORIENTED_EDGE('',*,*,#4115,.T.);
#4266 = ORIENTED_EDGE('',*,*,#4267,.T.);
#4267 = EDGE_CURVE('',#4116,#4219,#4268,.T.);
#4268 = SURFACE_CURVE('',#4269,(#4273,#4280),.PCURVE_S1.);
#4269 = LINE('',#4270,#4271);
#4270 = CARTESIAN_POINT('',(41.,5.6,3.175));
#4271 = VECTOR('',#4272,1.);
#4272 = DIRECTION('',(0.,1.,0.));
#4273 = PCURVE('',#3745,#4274);
#4274 = DEFINITIONAL_REPRESENTATION('',(#4275),#4279);
#4275 = LINE('',#4276,#4277);
#4276 = CARTESIAN_POINT('',(16.,0.));
#4277 = VECTOR('',#4278,1.);
#4278 = DIRECTION('',(0.,1.));
#4279 = ( GEOMETRIC_REPRESENTATION_CONTEXT(2) 
PARAMETRIC_REPRESENTATION_CONTEXT() REPRESENTATION_CONTEXT('2D SPACE',''
  ) );
#4280 = PCURVE('',#4152,#4281);
#4281 = DEFINITIONAL_REPRESENTATION('',(#4282),#4286);
#4282 = LINE('',#4283,#4284);
#4283 = CARTESIAN_POINT('',(6.35,0.));
#4284 = VECTOR('',#4285,1.);
#4285 = DIRECTION('',(0.,-1.));
#4286 = ( GEOMETRIC_REPRESENTATION_CONTEXT(2) 
PARAMETRIC_REPRESENTATION_CONTEXT() REPRESENTATION_CONTEXT('2D SPACE',''
  ) );
#4287 = ORIENTED_EDGE('',*,*,#4218,.F.);
#4288 = ADVANCED_FACE('',(#4289),#3831,.F.);
#4289 = FACE_BOUND('',#4290,.F.);
#4290 = EDGE_LOOP('',(#4291,#4314,#4315,#4338));
#4291 = ORIENTED_EDGE('',*,*,#4292,.F.);
#4292 = EDGE_CURVE('',#3814,#4293,#4295,.T.);
#4293 = VERTEX_POINT('',#4294);
#4294 = CARTESIAN_POINT('',(41.,-7.1,-3.175));
#4295 = SURFACE_CURVE('',#4296,(#4300,#4307),.PCURVE_S1.);
#4296 = LINE('',#4297,#4298);
#4297 = CARTESIAN_POINT('',(25.,-7.1,-3.175));
#4298 = VECTOR('',#4299,1.);
#4299 = DIRECTION('',(1.,0.,0.));
#4300 = PCURVE('',#3831,#4301);
#4301 = DEFINITIONAL_REPRESENTATION('',(#4302),#4306);
#4302 = LINE('',#4303,#4304);
#4303 = CARTESIAN_POINT('',(0.,0.));
#4304 = VECTOR('',#4305,1.);
#4305 = DIRECTION('',(0.,1.));
#4306 = ( GEOMETRIC_REPRESENTATION_CONTEXT(2) 
PARAMETRIC_REPRESENTATION_CONTEXT() REPRESENTATION_CONTEXT('2D SPACE',''
  ) );
#4307 = PCURVE('',#3913,#4308);
#4308 = DEFINITIONAL_REPRESENTATION('',(#4309),#4313);
#4309 = LINE('',#4310,#4311);
#4310 = CARTESIAN_POINT('',(0.,0.));
#4311 = VECTOR('',#4312,1.);
#4312 = DIRECTION('',(1.,0.));
#4313 = ( GEOMETRIC_REPRESENTATION_CONTEXT(2) 
PARAMETRIC_REPRESENTATION_CONTEXT() REPRESENTATION_CONTEXT('2D SPACE',''
  ) );
#4314 = ORIENTED_EDGE('',*,*,#3813,.T.);
#4315 = ORIENTED_EDGE('',*,*,#4316,.T.);
#4316 = EDGE_CURVE('',#3816,#4317,#4319,.T.);
#4317 = VERTEX_POINT('',#4318);
#4318 = CARTESIAN_POINT('',(41.,-7.1,3.175));
#4319 = SURFACE_CURVE('',#4320,(#4324,#4331),.PCURVE_S1.);
#4320 = LINE('',#4321,#4322);
#4321 = CARTESIAN_POINT('',(25.,-7.1,3.175));
#4322 = VECTOR('',#4323,1.);
#4323 = DIRECTION('',(1.,0.,0.));
#4324 = PCURVE('',#3831,#4325);
#4325 = DEFINITIONAL_REPRESENTATION('',(#4326),#4330);
#4326 = LINE('',#4327,#4328);
#4327 = CARTESIAN_POINT('',(6.35,0.));
#4328 = VECTOR('',#4329,1.);
#4329 = DIRECTION('',(0.,1.));
#4330 = ( GEOMETRIC_REPRESENTATION_CONTEXT(2) 
PARAMETRIC_REPRESENTATION_CONTEXT() REPRESENTATION_CONTEXT('2D SPACE',''
  ) );
#4331 = PCURVE('',#3859,#4332);
#4332 = DEFINITIONAL_REPRESENTATION('',(#4333),#4337);
#4333 = LINE('',#4334,#4335);
#4334 = CARTESIAN_POINT('',(0.,0.));
#4335 = VECTOR('',#4336,1.);
#4336 = DIRECTION('',(1.,0.));
#4337 = ( GEOMETRIC_REPRESENTATION_CONTEXT(2) 
PARAMETRIC_REPRESENTATION_CONTEXT() REPRESENTATION_CONTEXT('2D SPACE',''
  ) );
#4338 = ORIENTED_EDGE('',*,*,#4339,.F.);
#4339 = EDGE_CURVE('',#4293,#4317,#4340,.T.);
#4340 = SURFACE_CURVE('',#4341,(#4345,#4352),.PCURVE_S1.);
#4341 = LINE('',#4342,#4343);
#4342 = CARTESIAN_POINT('',(41.,-7.1,-3.175));
#4343 = VECTOR('',#4344,1.);
#4344 = DIRECTION('',(0.,0.,1.));
#4345 = PCURVE('',#3831,#4346);
#4346 = DEFINITIONAL_REPRESENTATION('',(#4347),#4351);
#4347 = LINE('',#4348,#4349);
#4348 = CARTESIAN_POINT('',(0.,16.));
#4349 = VECTOR('',#4350,1.);
#4350 = DIRECTION('',(1.,0.));
#4351 = ( GEOMETRIC_REPRESENTATION_CONTEXT(2) 
PARAMETRIC_REPRESENTATION_CONTEXT() REPRESENTATION_CONTEXT('2D SPACE',''
  ) );
#4352 = PCURVE('',#4353,#4358);
#4353 = PLANE('',#4354);
#4354 = AXIS2_PLACEMENT_3D('',#4355,#4356,#4357);
#4355 = CARTESIAN_POINT('',(41.,-7.1,-3.175));
#4356 = DIRECTION('',(1.,0.,0.));
#4357 = DIRECTION('',(0.,0.,1.));
#4358 = DEFINITIONAL_REPRESENTATION('',(#4359),#4363);
#4359 = LINE('',#4360,#4361);
#4360 = CARTESIAN_POINT('',(0.,0.));
#4361 = VECTOR('',#4362,1.);
#4362 = DIRECTION('',(1.,0.));
#4363 = ( GEOMETRIC_REPRESENTATION_CONTEXT(2) 
PARAMETRIC_REPRESENTATION_CONTEXT() REPRESENTATION_CONTEXT('2D SPACE',''
  ) );
#4364 = ADVANCED_FACE('',(#4365),#3859,.T.);
#4365 = FACE_BOUND('',#4366,.T.);
#4366 = EDGE_LOOP('',(#4367,#4368,#4369,#4392));
#4367 = ORIENTED_EDGE('',*,*,#3843,.F.);
#4368 = ORIENTED_EDGE('',*,*,#4316,.T.);
#4369 = ORIENTED_EDGE('',*,*,#4370,.T.);
#4370 = EDGE_CURVE('',#4317,#4371,#4373,.T.);
#4371 = VERTEX_POINT('',#4372);
#4372 = CARTESIAN_POINT('',(41.,-5.6,3.175));
#4373 = SURFACE_CURVE('',#4374,(#4378,#4385),.PCURVE_S1.);
#4374 = LINE('',#4375,#4376);
#4375 = CARTESIAN_POINT('',(41.,-7.1,3.175));
#4376 = VECTOR('',#4377,1.);
#4377 = DIRECTION('',(0.,1.,0.));
#4378 = PCURVE('',#3859,#4379);
#4379 = DEFINITIONAL_REPRESENTATION('',(#4380),#4384);
#4380 = LINE('',#4381,#4382);
#4381 = CARTESIAN_POINT('',(16.,0.));
#4382 = VECTOR('',#4383,1.);
#4383 = DIRECTION('',(0.,1.));
#4384 = ( GEOMETRIC_REPRESENTATION_CONTEXT(2) 
PARAMETRIC_REPRESENTATION_CONTEXT() REPRESENTATION_CONTEXT('2D SPACE',''
  ) );
#4385 = PCURVE('',#4353,#4386);
#4386 = DEFINITIONAL_REPRESENTATION('',(#4387),#4391);
#4387 = LINE('',#4388,#4389);
#4388 = CARTESIAN_POINT('',(6.35,0.));
#4389 = VECTOR('',#4390,1.);
#4390 = DIRECTION('',(0.,-1.));
#4391 = ( GEOMETRIC_REPRESENTATION_CONTEXT(2) 
PARAMETRIC_REPRESENTATION_CONTEXT() REPRESENTATION_CONTEXT('2D SPACE',''
  ) );
#4392 = ORIENTED_EDGE('',*,*,#4393,.F.);
#4393 = EDGE_CURVE('',#3844,#4371,#4394,.T.);
#4394 = SURFACE_CURVE('',#4395,(#4399,#4406),.PCURVE_S1.);
#4395 = LINE('',#4396,#4397);
#4396 = CARTESIAN_POINT('',(25.,-5.6,3.175));
#4397 = VECTOR('',#4398,1.);
#4398 = DIRECTION('',(1.,0.,0.));
#4399 = PCURVE('',#3859,#4400);
#4400 = DEFINITIONAL_REPRESENTATION('',(#4401),#4405);
#4401 = LINE('',#4402,#4403);
#4402 = CARTESIAN_POINT('',(0.,1.5));
#4403 = VECTOR('',#4404,1.);
#4404 = DIRECTION('',(1.,0.));
#4405 = ( GEOMETRIC_REPRESENTATION_CONTEXT(2) 
PARAMETRIC_REPRESENTATION_CONTEXT() REPRESENTATION_CONTEXT('2D SPACE',''
  ) );
#4406 = PCURVE('',#3887,#4407);
#4407 = DEFINITIONAL_REPRESENTATION('',(#4408),#4412);
#4408 = LINE('',#4409,#4410);
#4409 = CARTESIAN_POINT('',(6.35,0.));
#4410 = VECTOR('',#4411,1.);
#4411 = DIRECTION('',(0.,1.));
#4412 = ( GEOMETRIC_REPRESENTATION_CONTEXT(2) 
PARAMETRIC_REPRESENTATION_CONTEXT() REPRESENTATION_CONTEXT('2D SPACE',''
  ) );
#4413 = ADVANCED_FACE('',(#4414),#3913,.F.);
#4414 = FACE_BOUND('',#4415,.F.);
#4415 = EDGE_LOOP('',(#4416,#4417,#4418,#4441));
#4416 = ORIENTED_EDGE('',*,*,#3899,.F.);
#4417 = ORIENTED_EDGE('',*,*,#4292,.T.);
#4418 = ORIENTED_EDGE('',*,*,#4419,.T.);
#4419 = EDGE_CURVE('',#4293,#4420,#4422,.T.);
#4420 = VERTEX_POINT('',#4421);
#4421 = CARTESIAN_POINT('',(41.,-5.6,-3.175));
#4422 = SURFACE_CURVE('',#4423,(#4427,#4434),.PCURVE_S1.);
#4423 = LINE('',#4424,#4425);
#4424 = CARTESIAN_POINT('',(41.,-7.1,-3.175));
#4425 = VECTOR('',#4426,1.);
#4426 = DIRECTION('',(0.,1.,0.));
#4427 = PCURVE('',#3913,#4428);
#4428 = DEFINITIONAL_REPRESENTATION('',(#4429),#4433);
#4429 = LINE('',#4430,#4431);
#4430 = CARTESIAN_POINT('',(16.,0.));
#4431 = VECTOR('',#4432,1.);
#4432 = DIRECTION('',(0.,1.));
#4433 = ( GEOMETRIC_REPRESENTATION_CONTEXT(2) 
PARAMETRIC_REPRESENTATION_CONTEXT() REPRESENTATION_CONTEXT('2D SPACE',''
  ) );
#4434 = PCURVE('',#4353,#4435);
#4435 = DEFINITIONAL_REPRESENTATION('',(#4436),#4440);
#4436 = LINE('',#4437,#4438);
#4437 = CARTESIAN_POINT('',(0.,0.));
#4438 = VECTOR('',#4439,1.);
#4439 = DIRECTION('',(0.,-1.));
#4440 = ( GEOMETRIC_REPRESENTATION_CONTEXT(2) 
PARAMETRIC_REPRESENTATION_CONTEXT() REPRESENTATION_CONTEXT('2D SPACE',''
  ) );
#4441 = ORIENTED_EDGE('',*,*,#4442,.F.);
#4442 = EDGE_CURVE('',#3872,#4420,#4443,.T.);
#4443 = SURFACE_CURVE('',#4444,(#4448,#4455),.PCURVE_S1.);
#4444 = LINE('',#4445,#4446);
#4445 = CARTESIAN_POINT('',(25.,-5.6,-3.175));
#4446 = VECTOR('',#4447,1.);
#4447 = DIRECTION('',(1.,0.,0.));
#4448 = PCURVE('',#3913,#4449);
#4449 = DEFINITIONAL_REPRESENTATION('',(#4450),#4454);
#4450 = LINE('',#4451,#4452);
#4451 = CARTESIAN_POINT('',(0.,1.5));
#4452 = VECTOR('',#4453,1.);
#4453 = DIRECTION('',(1.,0.));
#4454 = ( GEOMETRIC_REPRESENTATION_CONTEXT(2) 
PARAMETRIC_REPRESENTATION_CONTEXT() REPRESENTATION_CONTEXT('2D SPACE',''
  ) );
#4455 = PCURVE('',#3887,#4456);
#4456 = DEFINITIONAL_REPRESENTATION('',(#4457),#4461);
#4457 = LINE('',#4458,#4459);
#4458 = CARTESIAN_POINT('',(0.,0.));
#4459 = VECTOR('',#4460,1.);
#4460 = DIRECTION('',(0.,1.));
#4461 = ( GEOMETRIC_REPRESENTATION_CONTEXT(2) 
PARAMETRIC_REPRESENTATION_CONTEXT() REPRESENTATION_CONTEXT('2D SPACE',''
  ) );
#4462 = ADVANCED_FACE('',(#4463),#3887,.T.);
#4463 = FACE_BOUND('',#4464,.T.);
#4464 = EDGE_LOOP('',(#4465,#4466,#4467,#4468));
#4465 = ORIENTED_EDGE('',*,*,#4442,.F.);
#4466 = ORIENTED_EDGE('',*,*,#3871,.T.);
#4467 = ORIENTED_EDGE('',*,*,#4393,.T.);
#4468 = ORIENTED_EDGE('',*,*,#4469,.F.);
#4469 = EDGE_CURVE('',#4420,#4371,#4470,.T.);
#4470 = SURFACE_CURVE('',#4471,(#4475,#4482),.PCURVE_S1.);
#4471 = LINE('',#4472,#4473);
#4472 = CARTESIAN_POINT('',(41.,-5.6,-3.175));
#4473 = VECTOR('',#4474,1.);
#4474 = DIRECTION('',(0.,0.,1.));
#4475 = PCURVE('',#3887,#4476);
#4476 = DEFINITIONAL_REPRESENTATION('',(#4477),#4481);
#4477 = LINE('',#4478,#4479);
#4478 = CARTESIAN_POINT('',(0.,16.));
#4479 = VECTOR('',#4480,1.);
#4480 = DIRECTION('',(1.,0.));
#4481 = ( GEOMETRIC_REPRESENTATION_CONTEXT(2) 
PARAMETRIC_REPRESENTATION_CONTEXT() REPRESENTATION_CONTEXT('2D SPACE',''
  ) );
#4482 = PCURVE('',#4353,#4483);
#4483 = DEFINITIONAL_REPRESENTATION('',(#4484),#4488);
#4484 = LINE('',#4485,#4486);
#4485 = CARTESIAN_POINT('',(0.,-1.5));
#4486 = VECTOR('',#4487,1.);
#4487 = DIRECTION('',(1.,0.));
#4488 = ( GEOMETRIC_REPRESENTATION_CONTEXT(2) 
PARAMETRIC_REPRESENTATION_CONTEXT() REPRESENTATION_CONTEXT('2D SPACE',''
  ) );
#4489 = ADVANCED_FACE('',(#4490),#3944,.T.);
#4490 = FACE_BOUND('',#4491,.F.);
#4491 = EDGE_LOOP('',(#4492,#4493,#4494));
#4492 = ORIENTED_EDGE('',*,*,#4046,.F.);
#4493 = ORIENTED_EDGE('',*,*,#3930,.T.);
#4494 = ORIENTED_EDGE('',*,*,#3960,.F.);
#4495 = ADVANCED_FACE('',(#4496),#4003,.T.);
#4496 = FACE_BOUND('',#4497,.T.);
#4497 = EDGE_LOOP('',(#4498,#4499,#4500));
#4498 = ORIENTED_EDGE('',*,*,#4067,.F.);
#4499 = ORIENTED_EDGE('',*,*,#3989,.T.);
#4500 = ORIENTED_EDGE('',*,*,#4019,.F.);
#4501 = ADVANCED_FACE('',(#4502),#4152,.T.);
#4502 = FACE_BOUND('',#4503,.T.);
#4503 = EDGE_LOOP('',(#4504,#4505,#4506,#4507));
#4504 = ORIENTED_EDGE('',*,*,#4138,.F.);
#4505 = ORIENTED_EDGE('',*,*,#4169,.T.);
#4506 = ORIENTED_EDGE('',*,*,#4241,.T.);
#4507 = ORIENTED_EDGE('',*,*,#4267,.F.);
#4508 = ADVANCED_FACE('',(#4509),#4353,.T.);
#4509 = FACE_BOUND('',#4510,.T.);
#4510 = EDGE_LOOP('',(#4511,#4512,#4513,#4514));
#4511 = ORIENTED_EDGE('',*,*,#4339,.F.);
#4512 = ORIENTED_EDGE('',*,*,#4419,.T.);
#4513 = ORIENTED_EDGE('',*,*,#4469,.T.);
#4514 = ORIENTED_EDGE('',*,*,#4370,.F.);
#4515 = ( GEOMETRIC_REPRESENTATION_CONTEXT(3) 
GLOBAL_UNCERTAINTY_ASSIGNED_CONTEXT((#4519)) 
GLOBAL_UNIT_ASSIGNED_CONTEXT((#4516,#4517,#4518)) REPRESENTATION_CONTEXT
('Context #1','3D Context with UNIT and UNCERTAINTY') );
#4516 = ( LENGTH_UNIT() NAMED_UNIT(*) SI_UNIT(.MILLI.,.METRE.) );
#4517 = ( NAMED_UNIT(*) PLANE_ANGLE_UNIT() SI_UNIT($,.RADIAN.) );
#4518 = ( NAMED_UNIT(*) SI_UNIT($,.STERADIAN.) SOLID_ANGLE_UNIT() );
#4519 = UNCERTAINTY_MEASURE_WITH_UNIT(LENGTH_MEASURE(1.E-07),#4516,
  'distance_accuracy_value','confusion accuracy');
#4520 = CONTEXT_DEPENDENT_SHAPE_REPRESENTATION(#4521,#4523);
#4521 = ( REPRESENTATION_RELATIONSHIP('','',#2004,#32) 
REPRESENTATION_RELATIONSHIP_WITH_TRANSFORMATION(#4522) 
SHAPE_REPRESENTATION_RELATIONSHIP() );
#4522 = ITEM_DEFINED_TRANSFORMATION('','',#11,#45);
#4523 = PRODUCT_DEFINITION_SHAPE('Placement','Placement of an item',
  #4524);
#4524 = NEXT_ASSEMBLY_USAGE_OCCURRENCE('4','','',#27,#1999,$);
#4525 = PRODUCT_RELATED_PRODUCT_CATEGORY('part',$,(#2001));
ENDSEC;
END-ISO-10303-21;
