ISO-10303-21;
HEADER;
FILE_DESCRIPTION(('Open CASCADE Model'),'2;1');
FILE_NAME('Open CASCADE Shape Model','2026-03-17T20:02:57',('Author'),(
    'Open CASCADE'),'Open CASCADE STEP processor 7.8','Open CASCADE 7.8'
  ,'Unknown');
FILE_SCHEMA(('AUTOMOTIVE_DESIGN { 1 0 10303 214 1 1 1 1 }'));
ENDSEC;
DATA;
#1 = APPLICATION_PROTOCOL_DEFINITION('international standard',
  'automotive_design',2000,#2);
#2 = APPLICATION_CONTEXT(
  'core data for automotive mechanical design processes');
#3 = SHAPE_DEFINITION_REPRESENTATION(#4,#10);
#4 = PRODUCT_DEFINITION_SHAPE('','',#5);
#5 = PRODUCT_DEFINITION('design','',#6,#9);
#6 = PRODUCT_DEFINITION_FORMATION('','',#7);
#7 = PRODUCT('Open CASCADE STEP translator 7.8 1',
  'Open CASCADE STEP translator 7.8 1','',(#8));
#8 = PRODUCT_CONTEXT('',#2,'mechanical');
#9 = PRODUCT_DEFINITION_CONTEXT('part definition',#2,'design');
#10 = ADVANCED_BREP_SHAPE_REPRESENTATION('',(#11,#15),#3619);
#11 = AXIS2_PLACEMENT_3D('',#12,#13,#14);
#12 = CARTESIAN_POINT('',(0.,0.,0.));
#13 = DIRECTION('',(0.,0.,1.));
#14 = DIRECTION('',(1.,0.,-0.));
#15 = MANIFOLD_SOLID_BREP('',#16);
#16 = CLOSED_SHELL('',(#17,#1677,#1932,#2182,#2212,#2247,#2440,#2648,
    #2841,#3034,#3242,#3435,#3562,#3612));
#17 = ADVANCED_FACE('',(#18,#603,#777,#966,#1140,#1314,#1503),#32,.T.);
#18 = FACE_BOUND('',#19,.F.);
#19 = EDGE_LOOP('',(#20,#50,#77,#78,#139,#213,#236,#297,#371,#394,#421,
    #422,#512,#513));
#20 = ORIENTED_EDGE('',*,*,#21,.F.);
#21 = EDGE_CURVE('',#22,#24,#26,.T.);
#22 = VERTEX_POINT('',#23);
#23 = CARTESIAN_POINT('',(30.,0.,0.));
#24 = VERTEX_POINT('',#25);
#25 = CARTESIAN_POINT('',(30.,0.,17.5));
#26 = SEAM_CURVE('',#27,(#31,#43),.PCURVE_S1.);
#27 = LINE('',#28,#29);
#28 = CARTESIAN_POINT('',(30.,0.,0.));
#29 = VECTOR('',#30,1.);
#30 = DIRECTION('',(0.,0.,1.));
#31 = PCURVE('',#32,#37);
#32 = CYLINDRICAL_SURFACE('',#33,30.);
#33 = AXIS2_PLACEMENT_3D('',#34,#35,#36);
#34 = CARTESIAN_POINT('',(0.,0.,0.));
#35 = DIRECTION('',(-0.,-0.,-1.));
#36 = DIRECTION('',(1.,0.,0.));
#37 = DEFINITIONAL_REPRESENTATION('',(#38),#42);
#38 = LINE('',#39,#40);
#39 = CARTESIAN_POINT('',(-6.28318530718,0.));
#40 = VECTOR('',#41,1.);
#41 = DIRECTION('',(-0.,-1.));
#42 = ( GEOMETRIC_REPRESENTATION_CONTEXT(2) 
PARAMETRIC_REPRESENTATION_CONTEXT() REPRESENTATION_CONTEXT('2D SPACE',''
  ) );
#43 = PCURVE('',#32,#44);
#44 = DEFINITIONAL_REPRESENTATION('',(#45),#49);
#45 = LINE('',#46,#47);
#46 = CARTESIAN_POINT('',(-0.,0.));
#47 = VECTOR('',#48,1.);
#48 = DIRECTION('',(-0.,-1.));
#49 = ( GEOMETRIC_REPRESENTATION_CONTEXT(2) 
PARAMETRIC_REPRESENTATION_CONTEXT() REPRESENTATION_CONTEXT('2D SPACE',''
  ) );
#50 = ORIENTED_EDGE('',*,*,#51,.F.);
#51 = EDGE_CURVE('',#22,#22,#52,.T.);
#52 = SURFACE_CURVE('',#53,(#58,#65),.PCURVE_S1.);
#53 = CIRCLE('',#54,30.);
#54 = AXIS2_PLACEMENT_3D('',#55,#56,#57);
#55 = CARTESIAN_POINT('',(0.,0.,0.));
#56 = DIRECTION('',(0.,0.,1.));
#57 = DIRECTION('',(1.,0.,0.));
#58 = PCURVE('',#32,#59);
#59 = DEFINITIONAL_REPRESENTATION('',(#60),#64);
#60 = LINE('',#61,#62);
#61 = CARTESIAN_POINT('',(-0.,0.));
#62 = VECTOR('',#63,1.);
#63 = DIRECTION('',(-1.,0.));
#64 = ( GEOMETRIC_REPRESENTATION_CONTEXT(2) 
PARAMETRIC_REPRESENTATION_CONTEXT() REPRESENTATION_CONTEXT('2D SPACE',''
  ) );
#65 = PCURVE('',#66,#71);
#66 = PLANE('',#67);
#67 = AXIS2_PLACEMENT_3D('',#68,#69,#70);
#68 = CARTESIAN_POINT('',(-2.187904212063E-15,1.692558816937E-15,0.));
#69 = DIRECTION('',(0.,0.,1.));
#70 = DIRECTION('',(1.,0.,-0.));
#71 = DEFINITIONAL_REPRESENTATION('',(#72),#76);
#72 = CIRCLE('',#73,30.);
#73 = AXIS2_PLACEMENT_2D('',#74,#75);
#74 = CARTESIAN_POINT('',(2.187904212063E-15,-1.692558816937E-15));
#75 = DIRECTION('',(1.,0.));
#76 = ( GEOMETRIC_REPRESENTATION_CONTEXT(2) 
PARAMETRIC_REPRESENTATION_CONTEXT() REPRESENTATION_CONTEXT('2D SPACE',''
  ) );
#77 = ORIENTED_EDGE('',*,*,#21,.T.);
#78 = ORIENTED_EDGE('',*,*,#79,.T.);
#79 = EDGE_CURVE('',#24,#80,#82,.T.);
#80 = VERTEX_POINT('',#81);
#81 = CARTESIAN_POINT('',(29.895651857753,2.5,20.));
#82 = SURFACE_CURVE('',#83,(#98,#116),.PCURVE_S1.);
#83 = B_SPLINE_CURVE_WITH_KNOTS('',7,(#84,#85,#86,#87,#88,#89,#90,#91,
    #92,#93,#94,#95,#96,#97),.UNSPECIFIED.,.F.,.F.,(8,6,8),(0.,
    0.448448366907,1.),.UNSPECIFIED.);
#84 = CARTESIAN_POINT('',(30.,8.80601749785E-16,17.5));
#85 = CARTESIAN_POINT('',(30.,0.305113132727,17.5));
#86 = CARTESIAN_POINT('',(29.996379640464,0.603322371911,17.543443558184
    ));
#87 = CARTESIAN_POINT('',(29.989434115836,0.886966849284,17.62679402141)
  );
#88 = CARTESIAN_POINT('',(29.979989782413,1.149435766712,17.744836906202
    ));
#89 = CARTESIAN_POINT('',(29.969225506053,1.385539340737,17.890793564506
    ));
#90 = CARTESIAN_POINT('',(29.958247964258,1.591976412989,18.056442507057
    ));
#91 = CARTESIAN_POINT('',(29.935109096449,1.983973692831,18.448439786898
    ));
#92 = CARTESIAN_POINT('',(29.922895192868,2.159931195359,18.686095824081
    ));
#93 = CARTESIAN_POINT('',(29.912334112066,2.297630672824,18.937552325629
    ));
#94 = CARTESIAN_POINT('',(29.904080810491,2.39920711814,19.197787436452)
  );
#95 = CARTESIAN_POINT('',(29.898465382313,2.466354487275,19.463308698454
    ));
#96 = CARTESIAN_POINT('',(29.895651857753,2.5,19.731485199442));
#97 = CARTESIAN_POINT('',(29.895651857753,2.5,20.));
#98 = PCURVE('',#32,#99);
#99 = DEFINITIONAL_REPRESENTATION('',(#100),#115);
#100 = B_SPLINE_CURVE_WITH_KNOTS('',7,(#101,#102,#103,#104,#105,#106,
    #107,#108,#109,#110,#111,#112,#113,#114),.UNSPECIFIED.,.F.,.F.,(8,6,
    8),(0.,0.448448366907,1.),.UNSPECIFIED.);
#101 = CARTESIAN_POINT('',(0.,-17.5));
#102 = CARTESIAN_POINT('',(-1.017043775755E-02,-17.5));
#103 = CARTESIAN_POINT('',(-2.011074750578E-02,-17.54344355818));
#104 = CARTESIAN_POINT('',(-2.956727179567E-02,-17.62679402141));
#105 = CARTESIAN_POINT('',(-3.8321070037E-02,-17.7448369062));
#106 = CARTESIAN_POINT('',(-4.619899552915E-02,-17.8907935645));
#107 = CARTESIAN_POINT('',(-5.308983463517E-02,-18.05644250705));
#108 = CARTESIAN_POINT('',(-6.61791549047E-02,-18.44843978689));
#109 = CARTESIAN_POINT('',(-7.205820390136E-02,-18.68609582408));
#110 = CARTESIAN_POINT('',(-7.666156884097E-02,-18.93755232562));
#111 = CARTESIAN_POINT('',(-8.005859534033E-02,-19.19778743645));
#112 = CARTESIAN_POINT('',(-8.230465530473E-02,-19.46330869845));
#113 = CARTESIAN_POINT('',(-8.343008661062E-02,-19.73148519944));
#114 = CARTESIAN_POINT('',(-8.343008661062E-02,-20.));
#115 = ( GEOMETRIC_REPRESENTATION_CONTEXT(2) 
PARAMETRIC_REPRESENTATION_CONTEXT() REPRESENTATION_CONTEXT('2D SPACE',''
  ) );
#116 = PCURVE('',#117,#122);
#117 = CYLINDRICAL_SURFACE('',#118,2.5);
#118 = AXIS2_PLACEMENT_3D('',#119,#120,#121);
#119 = CARTESIAN_POINT('',(0.,0.,20.));
#120 = DIRECTION('',(-1.,-0.,-0.));
#121 = DIRECTION('',(0.,1.,0.));
#122 = DEFINITIONAL_REPRESENTATION('',(#123),#138);
#123 = B_SPLINE_CURVE_WITH_KNOTS('',7,(#124,#125,#126,#127,#128,#129,
    #130,#131,#132,#133,#134,#135,#136,#137),.UNSPECIFIED.,.F.,.F.,(8,6,
    8),(0.,0.448448366907,1.),.UNSPECIFIED.);
#124 = CARTESIAN_POINT('',(-4.712388980385,-30.));
#125 = CARTESIAN_POINT('',(-4.834434233475,-30.));
#126 = CARTESIAN_POINT('',(-4.953717800226,-29.99637964046));
#127 = CARTESIAN_POINT('',(-5.070145371963,-29.98943411583));
#128 = CARTESIAN_POINT('',(-5.183434685769,-29.97998978241));
#129 = CARTESIAN_POINT('',(-5.29310307026,-29.96922550605));
#130 = CARTESIAN_POINT('',(-5.398344997473,-29.95824796425));
#131 = CARTESIAN_POINT('',(-5.620092145299,-29.93510909644));
#132 = CARTESIAN_POINT('',(-5.7370799996,-29.92289519286));
#133 = CARTESIAN_POINT('',(-5.850136209532,-29.91233411206));
#134 = CARTESIAN_POINT('',(-5.960275102856,-29.90408081049));
#135 = CARTESIAN_POINT('',(-6.068509182099,-29.89846538231));
#136 = CARTESIAN_POINT('',(-6.175779386956,-29.89565185775));
#137 = CARTESIAN_POINT('',(-6.28318530718,-29.89565185775));
#138 = ( GEOMETRIC_REPRESENTATION_CONTEXT(2) 
PARAMETRIC_REPRESENTATION_CONTEXT() REPRESENTATION_CONTEXT('2D SPACE',''
  ) );
#139 = ORIENTED_EDGE('',*,*,#140,.T.);
#140 = EDGE_CURVE('',#80,#141,#143,.T.);
#141 = VERTEX_POINT('',#142);
#142 = CARTESIAN_POINT('',(30.,0.,22.5));
#143 = SURFACE_CURVE('',#144,(#165,#189),.PCURVE_S1.);
#144 = B_SPLINE_CURVE_WITH_KNOTS('',7,(#145,#146,#147,#148,#149,#150,
    #151,#152,#153,#154,#155,#156,#157,#158,#159,#160,#161,#162,#163,
    #164),.UNSPECIFIED.,.F.,.F.,(8,6,6,8),(0.,0.508548280516,
    0.794963548598,1.),.UNSPECIFIED.);
#145 = CARTESIAN_POINT('',(29.895651857753,2.5,20.));
#146 = CARTESIAN_POINT('',(29.895651857753,2.5,20.248595429749));
#147 = CARTESIAN_POINT('',(29.898063489853,2.471160816875,
    20.496955164338));
#148 = CARTESIAN_POINT('',(29.902879082199,2.413576042577,
    20.743185775515));
#149 = CARTESIAN_POINT('',(29.909977025757,2.326583053741,
    20.985193157633));
#150 = CARTESIAN_POINT('',(29.919111922753,2.208947213562,
    21.220306216816));
#151 = CARTESIAN_POINT('',(29.929820814041,2.059061705245,
    21.444817599599));
#152 = CARTESIAN_POINT('',(29.947814381301,1.771770190965,21.77068585688
    ));
#153 = CARTESIAN_POINT('',(29.954568292287,1.657243720237,
    21.883302893793));
#154 = CARTESIAN_POINT('',(29.961440071225,1.531583912892,
    21.989792885482));
#155 = CARTESIAN_POINT('',(29.968240824007,1.394804140213,
    22.088733474818));
#156 = CARTESIAN_POINT('',(29.97474730932,1.247068041913,22.178603254318
    ));
#157 = CARTESIAN_POINT('',(29.980711801688,1.08871826334,22.25776421341)
  );
#158 = CARTESIAN_POINT('',(29.989580553783,0.799753739544,22.37217336193
    ));
#159 = CARTESIAN_POINT('',(29.992873234537,0.674027809418,22.41351342015
    ));
#160 = CARTESIAN_POINT('',(29.99564616047,0.543960895607,22.447559021556
    ));
#161 = CARTESIAN_POINT('',(29.997800997886,0.410489441064,22.47361250065
    ));
#162 = CARTESIAN_POINT('',(29.999265419922,0.274628295601,
    22.491184822509));
#163 = CARTESIAN_POINT('',(30.,0.137439416278,22.5));
#164 = CARTESIAN_POINT('',(30.,1.492925149359E-15,22.5));
#165 = PCURVE('',#32,#166);
#166 = DEFINITIONAL_REPRESENTATION('',(#167),#188);
#167 = B_SPLINE_CURVE_WITH_KNOTS('',7,(#168,#169,#170,#171,#172,#173,
    #174,#175,#176,#177,#178,#179,#180,#181,#182,#183,#184,#185,#186,
    #187),.UNSPECIFIED.,.F.,.F.,(8,6,6,8),(0.,0.508548280516,
    0.794963548598,1.),.UNSPECIFIED.);
#168 = CARTESIAN_POINT('',(-8.343008661062E-02,-20.));
#169 = CARTESIAN_POINT('',(-8.343008661062E-02,-20.24859542974));
#170 = CARTESIAN_POINT('',(-8.2465425357E-02,-20.49695516433));
#171 = CARTESIAN_POINT('',(-8.053923192188E-02,-20.74318577551));
#172 = CARTESIAN_POINT('',(-7.762983788386E-02,-20.98519315763));
#173 = CARTESIAN_POINT('',(-7.369690054964E-02,-21.22030621681));
#174 = CARTESIAN_POINT('',(-6.868817394465E-02,-21.44481759959));
#175 = CARTESIAN_POINT('',(-5.909302571234E-02,-21.77068585688));
#176 = CARTESIAN_POINT('',(-5.526886989591E-02,-21.88330289379));
#177 = CARTESIAN_POINT('',(-5.107401430623E-02,-21.98979288548));
#178 = CARTESIAN_POINT('',(-4.650916878169E-02,-22.08873347481));
#179 = CARTESIAN_POINT('',(-4.158000620651E-02,-22.17860325431));
#180 = CARTESIAN_POINT('',(-3.629806568996E-02,-22.25776421341));
#181 = CARTESIAN_POINT('',(-2.666137937748E-02,-22.37217336193));
#182 = CARTESIAN_POINT('',(-2.246912036663E-02,-22.41351342015));
#183 = CARTESIAN_POINT('',(-1.813265584281E-02,-22.44755902155));
#184 = CARTESIAN_POINT('',(-1.368313813541E-02,-22.47361250065));
#185 = CARTESIAN_POINT('',(-9.154276624917E-03,-22.4911848225));
#186 = CARTESIAN_POINT('',(-4.581313875919E-03,-22.5));
#187 = CARTESIAN_POINT('',(0.,-22.5));
#188 = ( GEOMETRIC_REPRESENTATION_CONTEXT(2) 
PARAMETRIC_REPRESENTATION_CONTEXT() REPRESENTATION_CONTEXT('2D SPACE',''
  ) );
#189 = PCURVE('',#117,#190);
#190 = DEFINITIONAL_REPRESENTATION('',(#191),#212);
#191 = B_SPLINE_CURVE_WITH_KNOTS('',7,(#192,#193,#194,#195,#196,#197,
    #198,#199,#200,#201,#202,#203,#204,#205,#206,#207,#208,#209,#210,
    #211),.UNSPECIFIED.,.F.,.F.,(8,6,6,8),(0.,0.508548280516,
    0.794963548598,1.),.UNSPECIFIED.);
#192 = CARTESIAN_POINT('',(0.,-29.89565185775));
#193 = CARTESIAN_POINT('',(-9.943817189975E-02,-29.89565185775));
#194 = CARTESIAN_POINT('',(-0.19878187083,-29.89806348985));
#195 = CARTESIAN_POINT('',(-0.298880970835,-29.90287908219));
#196 = CARTESIAN_POINT('',(-0.400486348239,-29.90997702575));
#197 = CARTESIAN_POINT('',(-0.504391055058,-29.91911192275));
#198 = CARTESIAN_POINT('',(-0.611403005503,-29.92982081404));
#199 = CARTESIAN_POINT('',(-0.785173675194,-29.9478143813));
#200 = CARTESIAN_POINT('',(-0.849258965573,-29.95456829228));
#201 = CARTESIAN_POINT('',(-0.91485135677,-29.96144007122));
#202 = CARTESIAN_POINT('',(-0.982007485819,-29.968240824));
#203 = CARTESIAN_POINT('',(-1.050806250868,-29.97474730932));
#204 = CARTESIAN_POINT('',(-1.121354728411,-29.98071180168));
#205 = CARTESIAN_POINT('',(-1.245670422853,-29.98958055378));
#206 = CARTESIAN_POINT('',(-1.298516536342,-29.99287323453));
#207 = CARTESIAN_POINT('',(-1.352130908884,-29.99564616047));
#208 = CARTESIAN_POINT('',(-1.406329143307,-29.99780099788));
#209 = CARTESIAN_POINT('',(-1.460945014835,-29.99926541992));
#210 = CARTESIAN_POINT('',(-1.515820560284,-30.));
#211 = CARTESIAN_POINT('',(-1.570796326795,-30.));
#212 = ( GEOMETRIC_REPRESENTATION_CONTEXT(2) 
PARAMETRIC_REPRESENTATION_CONTEXT() REPRESENTATION_CONTEXT('2D SPACE',''
  ) );
#213 = ORIENTED_EDGE('',*,*,#214,.T.);
#214 = EDGE_CURVE('',#141,#215,#217,.T.);
#215 = VERTEX_POINT('',#216);
#216 = CARTESIAN_POINT('',(30.,0.,32.5));
#217 = SEAM_CURVE('',#218,(#222,#229),.PCURVE_S1.);
#218 = LINE('',#219,#220);
#219 = CARTESIAN_POINT('',(30.,0.,0.));
#220 = VECTOR('',#221,1.);
#221 = DIRECTION('',(0.,0.,1.));
#222 = PCURVE('',#32,#223);
#223 = DEFINITIONAL_REPRESENTATION('',(#224),#228);
#224 = LINE('',#225,#226);
#225 = CARTESIAN_POINT('',(-6.28318530718,0.));
#226 = VECTOR('',#227,1.);
#227 = DIRECTION('',(-0.,-1.));
#228 = ( GEOMETRIC_REPRESENTATION_CONTEXT(2) 
PARAMETRIC_REPRESENTATION_CONTEXT() REPRESENTATION_CONTEXT('2D SPACE',''
  ) );
#229 = PCURVE('',#32,#230);
#230 = DEFINITIONAL_REPRESENTATION('',(#231),#235);
#231 = LINE('',#232,#233);
#232 = CARTESIAN_POINT('',(-0.,0.));
#233 = VECTOR('',#234,1.);
#234 = DIRECTION('',(-0.,-1.));
#235 = ( GEOMETRIC_REPRESENTATION_CONTEXT(2) 
PARAMETRIC_REPRESENTATION_CONTEXT() REPRESENTATION_CONTEXT('2D SPACE',''
  ) );
#236 = ORIENTED_EDGE('',*,*,#237,.T.);
#237 = EDGE_CURVE('',#215,#238,#240,.T.);
#238 = VERTEX_POINT('',#239);
#239 = CARTESIAN_POINT('',(29.895651857753,2.5,35.));
#240 = SURFACE_CURVE('',#241,(#256,#274),.PCURVE_S1.);
#241 = B_SPLINE_CURVE_WITH_KNOTS('',7,(#242,#243,#244,#245,#246,#247,
    #248,#249,#250,#251,#252,#253,#254,#255),.UNSPECIFIED.,.F.,.F.,(8,6,
    8),(0.,0.448448366914,1.),.UNSPECIFIED.);
#242 = CARTESIAN_POINT('',(30.,8.80601749785E-16,32.5));
#243 = CARTESIAN_POINT('',(30.,0.305113132733,32.5));
#244 = CARTESIAN_POINT('',(29.996379640464,0.603322371905,
    32.543443558185));
#245 = CARTESIAN_POINT('',(29.989434115837,0.88696684928,32.626794021406
    ));
#246 = CARTESIAN_POINT('',(29.979989782412,1.149435766716,
    32.744836906202));
#247 = CARTESIAN_POINT('',(29.969225506052,1.385539340741,
    32.890793564512));
#248 = CARTESIAN_POINT('',(29.958247964259,1.591976412985,
    33.056442507052));
#249 = CARTESIAN_POINT('',(29.935109096449,1.98397369283,33.448439786898
    ));
#250 = CARTESIAN_POINT('',(29.922895192868,2.159931195359,
    33.686095824081));
#251 = CARTESIAN_POINT('',(29.912334112066,2.297630672824,
    33.937552325629));
#252 = CARTESIAN_POINT('',(29.904080810491,2.39920711814,34.197787436453
    ));
#253 = CARTESIAN_POINT('',(29.898465382313,2.466354487275,
    34.463308698454));
#254 = CARTESIAN_POINT('',(29.895651857753,2.5,34.731485199442));
#255 = CARTESIAN_POINT('',(29.895651857753,2.5,35.));
#256 = PCURVE('',#32,#257);
#257 = DEFINITIONAL_REPRESENTATION('',(#258),#273);
#258 = B_SPLINE_CURVE_WITH_KNOTS('',7,(#259,#260,#261,#262,#263,#264,
    #265,#266,#267,#268,#269,#270,#271,#272),.UNSPECIFIED.,.F.,.F.,(8,6,
    8),(0.,0.448448366914,1.),.UNSPECIFIED.);
#259 = CARTESIAN_POINT('',(0.,-32.5));
#260 = CARTESIAN_POINT('',(-1.017043775776E-02,-32.5));
#261 = CARTESIAN_POINT('',(-2.011074750556E-02,-32.54344355818));
#262 = CARTESIAN_POINT('',(-2.956727179554E-02,-32.6267940214));
#263 = CARTESIAN_POINT('',(-3.832107003715E-02,-32.7448369062));
#264 = CARTESIAN_POINT('',(-4.61989955293E-02,-32.89079356451));
#265 = CARTESIAN_POINT('',(-5.308983463503E-02,-33.05644250705));
#266 = CARTESIAN_POINT('',(-6.617915490469E-02,-33.44843978689));
#267 = CARTESIAN_POINT('',(-7.205820390136E-02,-33.68609582408));
#268 = CARTESIAN_POINT('',(-7.666156884097E-02,-33.93755232562));
#269 = CARTESIAN_POINT('',(-8.005859534033E-02,-34.19778743645));
#270 = CARTESIAN_POINT('',(-8.230465530473E-02,-34.46330869845));
#271 = CARTESIAN_POINT('',(-8.343008661062E-02,-34.73148519944));
#272 = CARTESIAN_POINT('',(-8.343008661062E-02,-35.));
#273 = ( GEOMETRIC_REPRESENTATION_CONTEXT(2) 
PARAMETRIC_REPRESENTATION_CONTEXT() REPRESENTATION_CONTEXT('2D SPACE',''
  ) );
#274 = PCURVE('',#275,#280);
#275 = CYLINDRICAL_SURFACE('',#276,2.5);
#276 = AXIS2_PLACEMENT_3D('',#277,#278,#279);
#277 = CARTESIAN_POINT('',(0.,0.,35.));
#278 = DIRECTION('',(-1.,-0.,-0.));
#279 = DIRECTION('',(0.,1.,0.));
#280 = DEFINITIONAL_REPRESENTATION('',(#281),#296);
#281 = B_SPLINE_CURVE_WITH_KNOTS('',7,(#282,#283,#284,#285,#286,#287,
    #288,#289,#290,#291,#292,#293,#294,#295),.UNSPECIFIED.,.F.,.F.,(8,6,
    8),(0.,0.448448366914,1.),.UNSPECIFIED.);
#282 = CARTESIAN_POINT('',(-4.712388980385,-30.));
#283 = CARTESIAN_POINT('',(-4.834434233478,-30.));
#284 = CARTESIAN_POINT('',(-4.953717800223,-29.99637964046));
#285 = CARTESIAN_POINT('',(-5.070145371962,-29.98943411583));
#286 = CARTESIAN_POINT('',(-5.18343468577,-29.97998978241));
#287 = CARTESIAN_POINT('',(-5.293103070263,-29.96922550605));
#288 = CARTESIAN_POINT('',(-5.398344997471,-29.95824796425));
#289 = CARTESIAN_POINT('',(-5.620092145299,-29.93510909644));
#290 = CARTESIAN_POINT('',(-5.7370799996,-29.92289519286));
#291 = CARTESIAN_POINT('',(-5.850136209532,-29.91233411206));
#292 = CARTESIAN_POINT('',(-5.960275102856,-29.90408081049));
#293 = CARTESIAN_POINT('',(-6.068509182099,-29.89846538231));
#294 = CARTESIAN_POINT('',(-6.175779386957,-29.89565185775));
#295 = CARTESIAN_POINT('',(-6.28318530718,-29.89565185775));
#296 = ( GEOMETRIC_REPRESENTATION_CONTEXT(2) 
PARAMETRIC_REPRESENTATION_CONTEXT() REPRESENTATION_CONTEXT('2D SPACE',''
  ) );
#297 = ORIENTED_EDGE('',*,*,#298,.T.);
#298 = EDGE_CURVE('',#238,#299,#301,.T.);
#299 = VERTEX_POINT('',#300);
#300 = CARTESIAN_POINT('',(30.,0.,37.5));
#301 = SURFACE_CURVE('',#302,(#323,#347),.PCURVE_S1.);
#302 = B_SPLINE_CURVE_WITH_KNOTS('',7,(#303,#304,#305,#306,#307,#308,
    #309,#310,#311,#312,#313,#314,#315,#316,#317,#318,#319,#320,#321,
    #322),.UNSPECIFIED.,.F.,.F.,(8,6,6,8),(0.,0.508548280472,
    0.794963548529,1.),.UNSPECIFIED.);
#303 = CARTESIAN_POINT('',(29.895651857753,2.5,35.));
#304 = CARTESIAN_POINT('',(29.895651857753,2.5,35.248595429749));
#305 = CARTESIAN_POINT('',(29.898063489853,2.471160816875,
    35.496955164338));
#306 = CARTESIAN_POINT('',(29.902879082199,2.413576042577,
    35.743185775515));
#307 = CARTESIAN_POINT('',(29.909977025757,2.326583053742,
    35.985193157633));
#308 = CARTESIAN_POINT('',(29.919111922753,2.208947213562,
    36.220306216816));
#309 = CARTESIAN_POINT('',(29.929820814041,2.059061705245,
    36.444817599599));
#310 = CARTESIAN_POINT('',(29.947814381301,1.771770190965,36.77068585688
    ));
#311 = CARTESIAN_POINT('',(29.954568292287,1.657243720237,
    36.883302893793));
#312 = CARTESIAN_POINT('',(29.961440071225,1.531583912892,
    36.989792885482));
#313 = CARTESIAN_POINT('',(29.968240824007,1.394804140213,
    37.088733474818));
#314 = CARTESIAN_POINT('',(29.97474730932,1.247068041913,37.178603254318
    ));
#315 = CARTESIAN_POINT('',(29.980711801688,1.08871826334,37.25776421341)
  );
#316 = CARTESIAN_POINT('',(29.989580553785,0.799753739493,37.37217336195
    ));
#317 = CARTESIAN_POINT('',(29.992873234537,0.674027809404,
    37.413513420149));
#318 = CARTESIAN_POINT('',(29.995646160469,0.543960895644,
    37.447559021542));
#319 = CARTESIAN_POINT('',(29.997800997886,0.410489441111,
    37.473612500646));
#320 = CARTESIAN_POINT('',(29.999265419922,0.274628295601,
    37.491184822516));
#321 = CARTESIAN_POINT('',(30.,0.137439416217,37.5));
#322 = CARTESIAN_POINT('',(30.,1.492925149359E-15,37.5));
#323 = PCURVE('',#32,#324);
#324 = DEFINITIONAL_REPRESENTATION('',(#325),#346);
#325 = B_SPLINE_CURVE_WITH_KNOTS('',7,(#326,#327,#328,#329,#330,#331,
    #332,#333,#334,#335,#336,#337,#338,#339,#340,#341,#342,#343,#344,
    #345),.UNSPECIFIED.,.F.,.F.,(8,6,6,8),(0.,0.508548280472,
    0.794963548529,1.),.UNSPECIFIED.);
#326 = CARTESIAN_POINT('',(-8.343008661062E-02,-35.));
#327 = CARTESIAN_POINT('',(-8.343008661062E-02,-35.24859542974));
#328 = CARTESIAN_POINT('',(-8.2465425357E-02,-35.49695516433));
#329 = CARTESIAN_POINT('',(-8.053923192187E-02,-35.74318577551));
#330 = CARTESIAN_POINT('',(-7.762983788386E-02,-35.98519315763));
#331 = CARTESIAN_POINT('',(-7.369690054964E-02,-36.22030621681));
#332 = CARTESIAN_POINT('',(-6.868817394465E-02,-36.44481759959));
#333 = CARTESIAN_POINT('',(-5.909302571234E-02,-36.77068585688));
#334 = CARTESIAN_POINT('',(-5.526886989591E-02,-36.88330289379));
#335 = CARTESIAN_POINT('',(-5.107401430623E-02,-36.98979288548));
#336 = CARTESIAN_POINT('',(-4.650916878168E-02,-37.08873347481));
#337 = CARTESIAN_POINT('',(-4.158000620651E-02,-37.17860325431));
#338 = CARTESIAN_POINT('',(-3.629806568996E-02,-37.25776421341));
#339 = CARTESIAN_POINT('',(-2.666137937578E-02,-37.37217336195));
#340 = CARTESIAN_POINT('',(-2.246912036616E-02,-37.41351342014));
#341 = CARTESIAN_POINT('',(-1.813265584406E-02,-37.44755902154));
#342 = CARTESIAN_POINT('',(-1.3683138137E-02,-37.47361250064));
#343 = CARTESIAN_POINT('',(-9.154276624914E-03,-37.49118482251));
#344 = CARTESIAN_POINT('',(-4.581313873885E-03,-37.5));
#345 = CARTESIAN_POINT('',(0.,-37.5));
#346 = ( GEOMETRIC_REPRESENTATION_CONTEXT(2) 
PARAMETRIC_REPRESENTATION_CONTEXT() REPRESENTATION_CONTEXT('2D SPACE',''
  ) );
#347 = PCURVE('',#275,#348);
#348 = DEFINITIONAL_REPRESENTATION('',(#349),#370);
#349 = B_SPLINE_CURVE_WITH_KNOTS('',7,(#350,#351,#352,#353,#354,#355,
    #356,#357,#358,#359,#360,#361,#362,#363,#364,#365,#366,#367,#368,
    #369),.UNSPECIFIED.,.F.,.F.,(8,6,6,8),(0.,0.508548280472,
    0.794963548529,1.),.UNSPECIFIED.);
#350 = CARTESIAN_POINT('',(0.,-29.89565185775));
#351 = CARTESIAN_POINT('',(-9.943817189976E-02,-29.89565185775));
#352 = CARTESIAN_POINT('',(-0.19878187083,-29.89806348985));
#353 = CARTESIAN_POINT('',(-0.298880970835,-29.90287908219));
#354 = CARTESIAN_POINT('',(-0.400486348239,-29.90997702575));
#355 = CARTESIAN_POINT('',(-0.504391055058,-29.91911192275));
#356 = CARTESIAN_POINT('',(-0.611403005503,-29.92982081404));
#357 = CARTESIAN_POINT('',(-0.785173675194,-29.9478143813));
#358 = CARTESIAN_POINT('',(-0.849258965573,-29.95456829228));
#359 = CARTESIAN_POINT('',(-0.91485135677,-29.96144007122));
#360 = CARTESIAN_POINT('',(-0.982007485819,-29.968240824));
#361 = CARTESIAN_POINT('',(-1.050806250868,-29.97474730932));
#362 = CARTESIAN_POINT('',(-1.121354728411,-29.98071180168));
#363 = CARTESIAN_POINT('',(-1.245670422875,-29.98958055378));
#364 = CARTESIAN_POINT('',(-1.298516536347,-29.99287323453));
#365 = CARTESIAN_POINT('',(-1.352130908869,-29.99564616046));
#366 = CARTESIAN_POINT('',(-1.406329143288,-29.99780099788));
#367 = CARTESIAN_POINT('',(-1.460945014836,-29.99926541992));
#368 = CARTESIAN_POINT('',(-1.515820560308,-30.));
#369 = CARTESIAN_POINT('',(-1.570796326795,-30.));
#370 = ( GEOMETRIC_REPRESENTATION_CONTEXT(2) 
PARAMETRIC_REPRESENTATION_CONTEXT() REPRESENTATION_CONTEXT('2D SPACE',''
  ) );
#371 = ORIENTED_EDGE('',*,*,#372,.T.);
#372 = EDGE_CURVE('',#299,#373,#375,.T.);
#373 = VERTEX_POINT('',#374);
#374 = CARTESIAN_POINT('',(30.,0.,50.));
#375 = SEAM_CURVE('',#376,(#380,#387),.PCURVE_S1.);
#376 = LINE('',#377,#378);
#377 = CARTESIAN_POINT('',(30.,0.,0.));
#378 = VECTOR('',#379,1.);
#379 = DIRECTION('',(0.,0.,1.));
#380 = PCURVE('',#32,#381);
#381 = DEFINITIONAL_REPRESENTATION('',(#382),#386);
#382 = LINE('',#383,#384);
#383 = CARTESIAN_POINT('',(-6.28318530718,0.));
#384 = VECTOR('',#385,1.);
#385 = DIRECTION('',(-0.,-1.));
#386 = ( GEOMETRIC_REPRESENTATION_CONTEXT(2) 
PARAMETRIC_REPRESENTATION_CONTEXT() REPRESENTATION_CONTEXT('2D SPACE',''
  ) );
#387 = PCURVE('',#32,#388);
#388 = DEFINITIONAL_REPRESENTATION('',(#389),#393);
#389 = LINE('',#390,#391);
#390 = CARTESIAN_POINT('',(-0.,0.));
#391 = VECTOR('',#392,1.);
#392 = DIRECTION('',(-0.,-1.));
#393 = ( GEOMETRIC_REPRESENTATION_CONTEXT(2) 
PARAMETRIC_REPRESENTATION_CONTEXT() REPRESENTATION_CONTEXT('2D SPACE',''
  ) );
#394 = ORIENTED_EDGE('',*,*,#395,.T.);
#395 = EDGE_CURVE('',#373,#373,#396,.T.);
#396 = SURFACE_CURVE('',#397,(#402,#409),.PCURVE_S1.);
#397 = CIRCLE('',#398,30.);
#398 = AXIS2_PLACEMENT_3D('',#399,#400,#401);
#399 = CARTESIAN_POINT('',(0.,0.,50.));
#400 = DIRECTION('',(0.,0.,1.));
#401 = DIRECTION('',(1.,0.,0.));
#402 = PCURVE('',#32,#403);
#403 = DEFINITIONAL_REPRESENTATION('',(#404),#408);
#404 = LINE('',#405,#406);
#405 = CARTESIAN_POINT('',(-0.,-50.));
#406 = VECTOR('',#407,1.);
#407 = DIRECTION('',(-1.,0.));
#408 = ( GEOMETRIC_REPRESENTATION_CONTEXT(2) 
PARAMETRIC_REPRESENTATION_CONTEXT() REPRESENTATION_CONTEXT('2D SPACE',''
  ) );
#409 = PCURVE('',#410,#415);
#410 = PLANE('',#411);
#411 = AXIS2_PLACEMENT_3D('',#412,#413,#414);
#412 = CARTESIAN_POINT('',(-2.187904212063E-15,1.692558816937E-15,50.));
#413 = DIRECTION('',(0.,0.,1.));
#414 = DIRECTION('',(1.,0.,-0.));
#415 = DEFINITIONAL_REPRESENTATION('',(#416),#420);
#416 = CIRCLE('',#417,30.);
#417 = AXIS2_PLACEMENT_2D('',#418,#419);
#418 = CARTESIAN_POINT('',(2.187904212063E-15,-1.692558816937E-15));
#419 = DIRECTION('',(1.,0.));
#420 = ( GEOMETRIC_REPRESENTATION_CONTEXT(2) 
PARAMETRIC_REPRESENTATION_CONTEXT() REPRESENTATION_CONTEXT('2D SPACE',''
  ) );
#421 = ORIENTED_EDGE('',*,*,#372,.F.);
#422 = ORIENTED_EDGE('',*,*,#423,.T.);
#423 = EDGE_CURVE('',#299,#215,#424,.T.);
#424 = SURFACE_CURVE('',#425,(#452,#482),.PCURVE_S1.);
#425 = B_SPLINE_CURVE_WITH_KNOTS('',7,(#426,#427,#428,#429,#430,#431,
    #432,#433,#434,#435,#436,#437,#438,#439,#440,#441,#442,#443,#444,
    #445,#446,#447,#448,#449,#450,#451),.UNSPECIFIED.,.F.,.F.,(8,6,6,6,8
    ),(0.,0.244302129777,0.500057018738,0.755810822429,1.),
  .UNSPECIFIED.);
#426 = CARTESIAN_POINT('',(30.,-2.22044604925E-15,37.5));
#427 = CARTESIAN_POINT('',(30.,-0.333537735593,37.5));
#428 = CARTESIAN_POINT('',(29.995673682681,-0.657642110527,
    37.448085126495));
#429 = CARTESIAN_POINT('',(29.987461774082,-0.962960331961,
    37.349537028635));
#430 = CARTESIAN_POINT('',(29.976509050448,-1.241822699727,
    37.211375155919));
#431 = CARTESIAN_POINT('',(29.964350694755,-1.488498510917,
    37.042270685636));
#432 = CARTESIAN_POINT('',(29.952326366651,-1.699730273321,
    36.852399103707));
#433 = CARTESIAN_POINT('',(29.929821256086,-2.059054647403,
    36.44482560515));
#434 = CARTESIAN_POINT('',(29.919112013785,-2.208947363034,
    36.220310249392));
#435 = CARTESIAN_POINT('',(29.909976665434,-2.326587301774,
    35.98518758485));
#436 = CARTESIAN_POINT('',(29.902878865413,-2.413578629718,
    35.743175946154));
#437 = CARTESIAN_POINT('',(29.898063513435,-2.471160542276,
    35.496949456269));
#438 = CARTESIAN_POINT('',(29.895651857753,-2.5,35.248596484645));
#439 = CARTESIAN_POINT('',(29.895651857753,-2.5,34.751404570251));
#440 = CARTESIAN_POINT('',(29.898063489853,-2.471160816875,
    34.503044835662));
#441 = CARTESIAN_POINT('',(29.902879082199,-2.413576042577,
    34.256814224485));
#442 = CARTESIAN_POINT('',(29.909977025757,-2.326583053741,
    34.014806842367));
#443 = CARTESIAN_POINT('',(29.919111922753,-2.208947213562,
    33.779693783184));
#444 = CARTESIAN_POINT('',(29.929820814041,-2.059061705245,
    33.555182400401));
#445 = CARTESIAN_POINT('',(29.952321751917,-1.699803953747,
    33.147684470331));
#446 = CARTESIAN_POINT('',(29.964347419858,-1.488566949078,
    32.957765142709));
#447 = CARTESIAN_POINT('',(29.976510964848,-1.241815322128,
    32.788588467812));
#448 = CARTESIAN_POINT('',(29.987467712898,-0.962848011837,
    32.650391863856));
#449 = CARTESIAN_POINT('',(29.99567785,-0.657457027647,32.551864835467)
  );
#450 = CARTESIAN_POINT('',(30.,-0.333376979533,32.5));
#451 = CARTESIAN_POINT('',(30.,-2.6645352591E-15,32.5));
#452 = PCURVE('',#32,#453);
#453 = DEFINITIONAL_REPRESENTATION('',(#454),#481);
#454 = B_SPLINE_CURVE_WITH_KNOTS('',7,(#455,#456,#457,#458,#459,#460,
    #461,#462,#463,#464,#465,#466,#467,#468,#469,#470,#471,#472,#473,
    #474,#475,#476,#477,#478,#479,#480),.UNSPECIFIED.,.F.,.F.,(8,6,6,6,8
    ),(0.,0.244302129777,0.500057018738,0.755810822429,1.),
  .UNSPECIFIED.);
#455 = CARTESIAN_POINT('',(-6.28318530718,-37.5));
#456 = CARTESIAN_POINT('',(-6.27206738266,-37.5));
#457 = CARTESIAN_POINT('',(-6.26126390104,-37.44808512649));
#458 = CARTESIAN_POINT('',(-6.251084396235,-37.34953702863));
#459 = CARTESIAN_POINT('',(-6.241782779217,-37.21137515591));
#460 = CARTESIAN_POINT('',(-6.233550658791,-37.04227068563));
#461 = CARTESIAN_POINT('',(-6.226498317337,-36.8523991037));
#462 = CARTESIAN_POINT('',(-6.214497368957,-36.44482560515));
#463 = CARTESIAN_POINT('',(-6.20948840185,-36.22031024939));
#464 = CARTESIAN_POINT('',(-6.205555327241,-35.98518758485));
#465 = CARTESIAN_POINT('',(-6.202645988684,-35.74317594615));
#466 = CARTESIAN_POINT('',(-6.200719891021,-35.49694945626));
#467 = CARTESIAN_POINT('',(-6.199755220569,-35.24859648464));
#468 = CARTESIAN_POINT('',(-6.199755220569,-34.75140457025));
#469 = CARTESIAN_POINT('',(-6.200719881823,-34.50304483566));
#470 = CARTESIAN_POINT('',(-6.202646075258,-34.25681422448));
#471 = CARTESIAN_POINT('',(-6.205555469296,-34.01480684236));
#472 = CARTESIAN_POINT('',(-6.20948840663,-33.77969378318));
#473 = CARTESIAN_POINT('',(-6.214497133235,-33.5551824004));
#474 = CARTESIAN_POINT('',(-6.22649585651,-33.14768447033));
#475 = CARTESIAN_POINT('',(-6.233548375084,-32.9577651427));
#476 = CARTESIAN_POINT('',(-6.241783028537,-32.78858846781));
#477 = CARTESIAN_POINT('',(-6.251088143768,-32.65039186385));
#478 = CARTESIAN_POINT('',(-6.261270070419,-32.55186483546));
#479 = CARTESIAN_POINT('',(-6.272072741195,-32.5));
#480 = CARTESIAN_POINT('',(-6.28318530718,-32.5));
#481 = ( GEOMETRIC_REPRESENTATION_CONTEXT(2) 
PARAMETRIC_REPRESENTATION_CONTEXT() REPRESENTATION_CONTEXT('2D SPACE',''
  ) );
#482 = PCURVE('',#275,#483);
#483 = DEFINITIONAL_REPRESENTATION('',(#484),#511);
#484 = B_SPLINE_CURVE_WITH_KNOTS('',7,(#485,#486,#487,#488,#489,#490,
    #491,#492,#493,#494,#495,#496,#497,#498,#499,#500,#501,#502,#503,
    #504,#505,#506,#507,#508,#509,#510),.UNSPECIFIED.,.F.,.F.,(8,6,6,6,8
    ),(0.,0.244302129777,0.500057018738,0.755810822429,1.),
  .UNSPECIFIED.);
#485 = CARTESIAN_POINT('',(-1.570796326795,-30.));
#486 = CARTESIAN_POINT('',(-1.704211421032,-30.));
#487 = CARTESIAN_POINT('',(-1.833853080364,-29.99567368268));
#488 = CARTESIAN_POINT('',(-1.95985938028,-29.98746177408));
#489 = CARTESIAN_POINT('',(-2.082053561495,-29.97650905044));
#490 = CARTESIAN_POINT('',(-2.19999903316,-29.96435069475));
#491 = CARTESIAN_POINT('',(-2.312845033077,-29.95232636665));
#492 = CARTESIAN_POINT('',(-2.530185379092,-29.92982125608));
#493 = CARTESIAN_POINT('',(-2.637200424744,-29.91911201378));
#494 = CARTESIAN_POINT('',(-2.741108859534,-29.90997666543));
#495 = CARTESIAN_POINT('',(-2.842715626311,-29.90287886541));
#496 = CARTESIAN_POINT('',(-2.942813053566,-29.89806351343));
#497 = CARTESIAN_POINT('',(-3.042154059732,-29.89565185775));
#498 = CARTESIAN_POINT('',(-3.24103082549,-29.89565185775));
#499 = CARTESIAN_POINT('',(-3.34037452442,-29.89806348985));
#500 = CARTESIAN_POINT('',(-3.440473624424,-29.90287908219));
#501 = CARTESIAN_POINT('',(-3.542079001828,-29.90997702575));
#502 = CARTESIAN_POINT('',(-3.645983708648,-29.91911192275));
#503 = CARTESIAN_POINT('',(-3.752995659093,-29.92982081404));
#504 = CARTESIAN_POINT('',(-3.970295707882,-29.95232175191));
#505 = CARTESIAN_POINT('',(-4.083157434848,-29.96434741985));
#506 = CARTESIAN_POINT('',(-4.201142081406,-29.97651096484));
#507 = CARTESIAN_POINT('',(-4.32337639066,-29.98746771289));
#508 = CARTESIAN_POINT('',(-4.449406273805,-29.99567785));
#509 = CARTESIAN_POINT('',(-4.579038188571,-30.));
#510 = CARTESIAN_POINT('',(-4.712388980385,-30.));
#511 = ( GEOMETRIC_REPRESENTATION_CONTEXT(2) 
PARAMETRIC_REPRESENTATION_CONTEXT() REPRESENTATION_CONTEXT('2D SPACE',''
  ) );
#512 = ORIENTED_EDGE('',*,*,#214,.F.);
#513 = ORIENTED_EDGE('',*,*,#514,.T.);
#514 = EDGE_CURVE('',#141,#24,#515,.T.);
#515 = SURFACE_CURVE('',#516,(#543,#573),.PCURVE_S1.);
#516 = B_SPLINE_CURVE_WITH_KNOTS('',7,(#517,#518,#519,#520,#521,#522,
    #523,#524,#525,#526,#527,#528,#529,#530,#531,#532,#533,#534,#535,
    #536,#537,#538,#539,#540,#541,#542),.UNSPECIFIED.,.F.,.F.,(8,6,6,6,8
    ),(0.,0.244302129096,0.500057017317,0.755810820268,1.),
  .UNSPECIFIED.);
#517 = CARTESIAN_POINT('',(30.,-2.22044604925E-15,22.5));
#518 = CARTESIAN_POINT('',(30.,-0.33353773562,22.5));
#519 = CARTESIAN_POINT('',(29.99567368268,-0.6576421105,22.448085126488)
  );
#520 = CARTESIAN_POINT('',(29.987461774084,-0.962960331942,
    22.349537028652));
#521 = CARTESIAN_POINT('',(29.976509050447,-1.241822699748,
    22.21137515592));
#522 = CARTESIAN_POINT('',(29.964350694753,-1.488498510934,
    22.042270685607));
#523 = CARTESIAN_POINT('',(29.952326366652,-1.699730273303,
    21.852399103727));
#524 = CARTESIAN_POINT('',(29.929821256086,-2.059054647403,
    21.44482560515));
#525 = CARTESIAN_POINT('',(29.919112013785,-2.208947363034,
    21.220310249392));
#526 = CARTESIAN_POINT('',(29.909976665434,-2.326587301774,
    20.98518758485));
#527 = CARTESIAN_POINT('',(29.902878865413,-2.413578629718,
    20.743175946154));
#528 = CARTESIAN_POINT('',(29.898063513435,-2.471160542276,
    20.496949456269));
#529 = CARTESIAN_POINT('',(29.895651857753,-2.5,20.248596484645));
#530 = CARTESIAN_POINT('',(29.895651857753,-2.5,19.751404570251));
#531 = CARTESIAN_POINT('',(29.898063489853,-2.471160816875,
    19.503044835663));
#532 = CARTESIAN_POINT('',(29.902879082199,-2.413576042577,
    19.256814224485));
#533 = CARTESIAN_POINT('',(29.909977025757,-2.326583053742,
    19.014806842367));
#534 = CARTESIAN_POINT('',(29.919111922753,-2.208947213562,
    18.779693783184));
#535 = CARTESIAN_POINT('',(29.929820814041,-2.059061705245,
    18.555182400401));
#536 = CARTESIAN_POINT('',(29.952321752046,-1.699803951686,
    18.147684467995));
#537 = CARTESIAN_POINT('',(29.964347419479,-1.488566953553,
    17.957765149313));
#538 = CARTESIAN_POINT('',(29.976510965293,-1.241815321647,
    17.788588460095));
#539 = CARTESIAN_POINT('',(29.987467712667,-0.962848003588,
    17.650391868023));
#540 = CARTESIAN_POINT('',(29.99567785004,-0.657457037683,
    17.551864834617));
#541 = CARTESIAN_POINT('',(30.,-0.333376975346,17.5));
#542 = CARTESIAN_POINT('',(30.,-2.6645352591E-15,17.5));
#543 = PCURVE('',#32,#544);
#544 = DEFINITIONAL_REPRESENTATION('',(#545),#572);
#545 = B_SPLINE_CURVE_WITH_KNOTS('',7,(#546,#547,#548,#549,#550,#551,
    #552,#553,#554,#555,#556,#557,#558,#559,#560,#561,#562,#563,#564,
    #565,#566,#567,#568,#569,#570,#571),.UNSPECIFIED.,.F.,.F.,(8,6,6,6,8
    ),(0.,0.244302129096,0.500057017317,0.755810820268,1.),
  .UNSPECIFIED.);
#546 = CARTESIAN_POINT('',(-6.28318530718,-22.5));
#547 = CARTESIAN_POINT('',(-6.272067382659,-22.5));
#548 = CARTESIAN_POINT('',(-6.261263901041,-22.44808512648));
#549 = CARTESIAN_POINT('',(-6.251084396236,-22.34953702865));
#550 = CARTESIAN_POINT('',(-6.241782779217,-22.21137515592));
#551 = CARTESIAN_POINT('',(-6.23355065879,-22.0422706856));
#552 = CARTESIAN_POINT('',(-6.226498317338,-21.85239910372));
#553 = CARTESIAN_POINT('',(-6.214497368957,-21.44482560515));
#554 = CARTESIAN_POINT('',(-6.20948840185,-21.22031024939));
#555 = CARTESIAN_POINT('',(-6.205555327241,-20.98518758485));
#556 = CARTESIAN_POINT('',(-6.202645988684,-20.74317594615));
#557 = CARTESIAN_POINT('',(-6.200719891021,-20.49694945626));
#558 = CARTESIAN_POINT('',(-6.199755220569,-20.24859648464));
#559 = CARTESIAN_POINT('',(-6.199755220569,-19.75140457025));
#560 = CARTESIAN_POINT('',(-6.200719881823,-19.50304483566));
#561 = CARTESIAN_POINT('',(-6.202646075258,-19.25681422448));
#562 = CARTESIAN_POINT('',(-6.205555469296,-19.01480684236));
#563 = CARTESIAN_POINT('',(-6.20948840663,-18.77969378318));
#564 = CARTESIAN_POINT('',(-6.214497133235,-18.5551824004));
#565 = CARTESIAN_POINT('',(-6.226495856579,-18.14768446799));
#566 = CARTESIAN_POINT('',(-6.233548374934,-17.95776514931));
#567 = CARTESIAN_POINT('',(-6.241783028554,-17.78858846009));
#568 = CARTESIAN_POINT('',(-6.251088144043,-17.65039186802));
#569 = CARTESIAN_POINT('',(-6.261270070085,-17.55186483461));
#570 = CARTESIAN_POINT('',(-6.272072741335,-17.5));
#571 = CARTESIAN_POINT('',(-6.28318530718,-17.5));
#572 = ( GEOMETRIC_REPRESENTATION_CONTEXT(2) 
PARAMETRIC_REPRESENTATION_CONTEXT() REPRESENTATION_CONTEXT('2D SPACE',''
  ) );
#573 = PCURVE('',#117,#574);
#574 = DEFINITIONAL_REPRESENTATION('',(#575),#602);
#575 = B_SPLINE_CURVE_WITH_KNOTS('',7,(#576,#577,#578,#579,#580,#581,
    #582,#583,#584,#585,#586,#587,#588,#589,#590,#591,#592,#593,#594,
    #595,#596,#597,#598,#599,#600,#601),.UNSPECIFIED.,.F.,.F.,(8,6,6,6,8
    ),(0.,0.244302129096,0.500057017317,0.755810820268,1.),
  .UNSPECIFIED.);
#576 = CARTESIAN_POINT('',(-1.570796326795,-30.));
#577 = CARTESIAN_POINT('',(-1.704211421043,-30.));
#578 = CARTESIAN_POINT('',(-1.833853080354,-29.99567368268));
#579 = CARTESIAN_POINT('',(-1.959859380273,-29.98746177408));
#580 = CARTESIAN_POINT('',(-2.082053561499,-29.97650905044));
#581 = CARTESIAN_POINT('',(-2.199999033173,-29.96435069475));
#582 = CARTESIAN_POINT('',(-2.312845033066,-29.95232636665));
#583 = CARTESIAN_POINT('',(-2.530185379092,-29.92982125608));
#584 = CARTESIAN_POINT('',(-2.637200424744,-29.91911201378));
#585 = CARTESIAN_POINT('',(-2.741108859534,-29.90997666543));
#586 = CARTESIAN_POINT('',(-2.842715626311,-29.90287886541));
#587 = CARTESIAN_POINT('',(-2.942813053566,-29.89806351343));
#588 = CARTESIAN_POINT('',(-3.042154059732,-29.89565185775));
#589 = CARTESIAN_POINT('',(-3.24103082549,-29.89565185775));
#590 = CARTESIAN_POINT('',(-3.34037452442,-29.89806348985));
#591 = CARTESIAN_POINT('',(-3.440473624425,-29.90287908219));
#592 = CARTESIAN_POINT('',(-3.542079001828,-29.90997702575));
#593 = CARTESIAN_POINT('',(-3.645983708648,-29.91911192275));
#594 = CARTESIAN_POINT('',(-3.752995659093,-29.92982081404));
#595 = CARTESIAN_POINT('',(-3.970295709128,-29.95232175204));
#596 = CARTESIAN_POINT('',(-4.08315743193,-29.96434741947));
#597 = CARTESIAN_POINT('',(-4.201142082898,-29.97651096529));
#598 = CARTESIAN_POINT('',(-4.323376393218,-29.98746771266));
#599 = CARTESIAN_POINT('',(-4.449406269973,-29.99567785004));
#600 = CARTESIAN_POINT('',(-4.579038190246,-30.));
#601 = CARTESIAN_POINT('',(-4.712388980385,-30.));
#602 = ( GEOMETRIC_REPRESENTATION_CONTEXT(2) 
PARAMETRIC_REPRESENTATION_CONTEXT() REPRESENTATION_CONTEXT('2D SPACE',''
  ) );
#603 = FACE_BOUND('',#604,.F.);
#604 = EDGE_LOOP('',(#605));
#605 = ORIENTED_EDGE('',*,*,#606,.F.);
#606 = EDGE_CURVE('',#607,#607,#609,.T.);
#607 = VERTEX_POINT('',#608);
#608 = CARTESIAN_POINT('',(2.5,29.895651857753,35.));
#609 = SURFACE_CURVE('',#610,(#662,#717),.PCURVE_S1.);
#610 = B_SPLINE_CURVE_WITH_KNOTS('',8,(#611,#612,#613,#614,#615,#616,
    #617,#618,#619,#620,#621,#622,#623,#624,#625,#626,#627,#628,#629,
    #630,#631,#632,#633,#634,#635,#636,#637,#638,#639,#640,#641,#642,
    #643,#644,#645,#646,#647,#648,#649,#650,#651,#652,#653,#654,#655,
    #656,#657,#658,#659,#660,#661),.UNSPECIFIED.,.T.,.F.,(9,7,7,7,7,7,7,
    9),(0.,0.154935675956,0.286384773349,0.411425949854,0.56911581694,
    0.707481643386,0.827684327793,1.),.UNSPECIFIED.);
#611 = CARTESIAN_POINT('',(2.5,29.895651857753,35.));
#612 = CARTESIAN_POINT('',(2.5,29.895651857753,35.260485731137));
#613 = CARTESIAN_POINT('',(2.468981254215,29.898245597642,
    35.520573424806));
#614 = CARTESIAN_POINT('',(2.407111825073,29.903420060424,
    35.778357612869));
#615 = CARTESIAN_POINT('',(2.313665829329,29.911051940816,36.03172423086
    ));
#616 = CARTESIAN_POINT('',(2.187318777397,29.920896711596,
    36.277854784381));
#617 = CARTESIAN_POINT('',(2.026341639095,29.932506061777,
    36.512913385541));
#618 = CARTESIAN_POINT('',(1.828886912718,29.945128287033,
    36.731603732714));
#619 = CARTESIAN_POINT('',(1.393906063501,29.968266555841,
    37.091451186306));
#620 = CARTESIAN_POINT('',(1.159333271723,29.979219468518,37.24567267947
    ));
#621 = CARTESIAN_POINT('',(0.893266344557,29.989390657556,
    37.375381436603));
#622 = CARTESIAN_POINT('',(0.6021451773,29.997430142457,37.470395858973)
  );
#623 = CARTESIAN_POINT('',(0.294884728607,30.002077551533,
    37.523924315376));
#624 = CARTESIAN_POINT('',(-1.832949699672E-02,30.002754273587,
    37.532697221496));
#625 = CARTESIAN_POINT('',(-0.327045352081,29.999665241092,
    37.497118704268));
#626 = CARTESIAN_POINT('',(-0.902038963701,29.987746423273,
    37.349485437314));
#627 = CARTESIAN_POINT('',(-1.160943982104,29.979384298432,
    37.243480508578));
#628 = CARTESIAN_POINT('',(-1.395904442728,29.969321982182,
    37.109954580685));
#629 = CARTESIAN_POINT('',(-1.605622696787,29.958449378839,
    36.954509063096));
#630 = CARTESIAN_POINT('',(-1.789623637279,29.947544013401,
    36.782072628934));
#631 = CARTESIAN_POINT('',(-1.948021280352,29.937216779187,
    36.597035921755));
#632 = CARTESIAN_POINT('',(-2.081402918983,29.927909824263,
    36.40331616462));
#633 = CARTESIAN_POINT('',(-2.328685748793,29.90980351538,
    35.953510367028));
#634 = CARTESIAN_POINT('',(-2.429878919185,29.901663607925,
    35.691668500156));
#635 = CARTESIAN_POINT('',(-2.496159812461,29.896029194116,
    35.423241761553));
#636 = CARTESIAN_POINT('',(-2.528780024891,29.893183437895,
    35.15132975043));
#637 = CARTESIAN_POINT('',(-2.528352065766,29.893236099452,
    34.878471810707));
#638 = CARTESIAN_POINT('',(-2.494806833062,29.89616691647,
    34.607041870369));
#639 = CARTESIAN_POINT('',(-2.427357443634,29.901815857255,
    34.339625340688));
#640 = CARTESIAN_POINT('',(-2.234136813231,29.916831998678,
    33.851605735836));
#641 = CARTESIAN_POINT('',(-2.116062083108,29.925694381446,
    33.628112708356));
#642 = CARTESIAN_POINT('',(-1.968968690398,29.936162936728,
    33.41239687715));
#643 = CARTESIAN_POINT('',(-1.791658225536,29.947819945852,
    33.208361119064));
#644 = CARTESIAN_POINT('',(-1.583236529588,29.960037094309,
    33.020809259077));
#645 = CARTESIAN_POINT('',(-1.343304713985,29.971920761158,
    32.855573789226));
#646 = CARTESIAN_POINT('',(-1.07234287272,29.982328473245,
    32.719769759866));
#647 = CARTESIAN_POINT('',(-0.512096592592,29.996760394331,
    32.537734708711));
#648 = CARTESIAN_POINT('',(-0.233885690349,30.001340424877,
    32.483385530901));
#649 = CARTESIAN_POINT('',(5.43351113473E-02,30.00297656857,
    32.465304118728));
#650 = CARTESIAN_POINT('',(0.343569229091,30.001193867586,
    32.485987838691));
#651 = CARTESIAN_POINT('',(0.624516371353,29.996116935078,
    32.544541502256));
#652 = CARTESIAN_POINT('',(0.888499711933,29.988536412773,
    32.636766983311));
#653 = CARTESIAN_POINT('',(1.128472084273,29.979513018685,
    32.755215287077));
#654 = CARTESIAN_POINT('',(1.642180529897,29.956551887896,
    33.081224579982));
#655 = CARTESIAN_POINT('',(1.896073177508,29.941704532202,
    33.311898330261));
#656 = CARTESIAN_POINT('',(2.102326138088,29.927453829139,
    33.568016558861));
#657 = CARTESIAN_POINT('',(2.263523512303,29.915137137814,
    33.840863070665));
#658 = CARTESIAN_POINT('',(2.382271320194,29.905496204371,
    34.124281339678));
#659 = CARTESIAN_POINT('',(2.460687624539,29.89893944965,34.413940828674
    ));
#660 = CARTESIAN_POINT('',(2.5,29.895651857753,34.70675092168));
#661 = CARTESIAN_POINT('',(2.5,29.895651857753,35.));
#662 = PCURVE('',#32,#663);
#663 = DEFINITIONAL_REPRESENTATION('',(#664),#716);
#664 = B_SPLINE_CURVE_WITH_KNOTS('',8,(#665,#666,#667,#668,#669,#670,
    #671,#672,#673,#674,#675,#676,#677,#678,#679,#680,#681,#682,#683,
    #684,#685,#686,#687,#688,#689,#690,#691,#692,#693,#694,#695,#696,
    #697,#698,#699,#700,#701,#702,#703,#704,#705,#706,#707,#708,#709,
    #710,#711,#712,#713,#714,#715),.UNSPECIFIED.,.F.,.F.,(9,7,7,7,7,7,7,
    9),(0.,0.154935675956,0.286384773349,0.411425949854,0.56911581694,
    0.707481643386,0.827684327793,1.),.UNSPECIFIED.);
#665 = CARTESIAN_POINT('',(-1.487366240184,-35.));
#666 = CARTESIAN_POINT('',(-1.487366240184,-35.26048573113));
#667 = CARTESIAN_POINT('',(-1.488403806802,-35.5205734248));
#668 = CARTESIAN_POINT('',(-1.490473321685,-35.77835761286));
#669 = CARTESIAN_POINT('',(-1.493598551812,-36.03172423086));
#670 = CARTESIAN_POINT('',(-1.49782282249,-36.27785478438));
#671 = CARTESIAN_POINT('',(-1.503202446864,-36.51291338554));
#672 = CARTESIAN_POINT('',(-1.509797327974,-36.73160373271));
#673 = CARTESIAN_POINT('',(-1.524317188651,-37.0914511863));
#674 = CARTESIAN_POINT('',(-1.532144635357,-37.24567267947));
#675 = CARTESIAN_POINT('',(-1.541019477057,-37.3753814366));
#676 = CARTESIAN_POINT('',(-1.550726053131,-37.47039585897));
#677 = CARTESIAN_POINT('',(-1.560967544337,-37.52392431537));
#678 = CARTESIAN_POINT('',(-1.571406761029,-37.53269722149));
#679 = CARTESIAN_POINT('',(-1.581697212243,-37.49711870426));
#680 = CARTESIAN_POINT('',(-1.600867783196,-37.34948543731));
#681 = CARTESIAN_POINT('',(-1.609501872359,-37.24348050857));
#682 = CARTESIAN_POINT('',(-1.617340405992,-37.10995458068));
#683 = CARTESIAN_POINT('',(-1.624339949471,-36.95450906309));
#684 = CARTESIAN_POINT('',(-1.630483853319,-36.78207262893));
#685 = CARTESIAN_POINT('',(-1.63577488535,-36.59703592175));
#686 = CARTESIAN_POINT('',(-1.640231725451,-36.40331616462));
#687 = CARTESIAN_POINT('',(-1.648496552957,-35.95351036702));
#688 = CARTESIAN_POINT('',(-1.651880467774,-35.69166850015));
#689 = CARTESIAN_POINT('',(-1.654097792066,-35.42324176155));
#690 = CARTESIAN_POINT('',(-1.65518927901,-35.15132975043));
#691 = CARTESIAN_POINT('',(-1.655174905242,-34.8784718107));
#692 = CARTESIAN_POINT('',(-1.654052465339,-34.60704187036));
#693 = CARTESIAN_POINT('',(-1.651796320564,-34.33962534068));
#694 = CARTESIAN_POINT('',(-1.645336212505,-33.85160573583));
#695 = CARTESIAN_POINT('',(-1.641389328532,-33.62811270835));
#696 = CARTESIAN_POINT('',(-1.63647388595,-33.41239687715));
#697 = CARTESIAN_POINT('',(-1.630550948131,-33.20836111906));
#698 = CARTESIAN_POINT('',(-1.62359205777,-33.02080925907));
#699 = CARTESIAN_POINT('',(-1.615585248756,-32.85557378922));
#700 = CARTESIAN_POINT('',(-1.606547251301,-32.71976975986));
#701 = CARTESIAN_POINT('',(-1.58786618023,-32.53773470871));
#702 = CARTESIAN_POINT('',(-1.578591628654,-32.4833855309));
#703 = CARTESIAN_POINT('',(-1.568985044741,-32.46530411873));
#704 = CARTESIAN_POINT('',(-1.559345094679,-32.48598783868));
#705 = CARTESIAN_POINT('',(-1.549979784366,-32.54454150225));
#706 = CARTESIAN_POINT('',(-1.54117729461,-32.63676698331));
#707 = CARTESIAN_POINT('',(-1.533172764491,-32.75521528707));
#708 = CARTESIAN_POINT('',(-1.516032053349,-33.08122457998));
#709 = CARTESIAN_POINT('',(-1.507555308103,-33.31189833026));
#710 = CARTESIAN_POINT('',(-1.500664282185,-33.56801655886));
#711 = CARTESIAN_POINT('',(-1.495275489466,-33.84086307066));
#712 = CARTESIAN_POINT('',(-1.491304228616,-34.12428133967));
#713 = CARTESIAN_POINT('',(-1.488681226198,-34.41394082867));
#714 = CARTESIAN_POINT('',(-1.487366240184,-34.70675092168));
#715 = CARTESIAN_POINT('',(-1.487366240184,-35.));
#716 = ( GEOMETRIC_REPRESENTATION_CONTEXT(2) 
PARAMETRIC_REPRESENTATION_CONTEXT() REPRESENTATION_CONTEXT('2D SPACE',''
  ) );
#717 = PCURVE('',#718,#723);
#718 = CYLINDRICAL_SURFACE('',#719,2.5);
#719 = AXIS2_PLACEMENT_3D('',#720,#721,#722);
#720 = CARTESIAN_POINT('',(0.,0.,35.));
#721 = DIRECTION('',(0.,-1.,0.));
#722 = DIRECTION('',(1.,0.,0.));
#723 = DEFINITIONAL_REPRESENTATION('',(#724),#776);
#724 = B_SPLINE_CURVE_WITH_KNOTS('',8,(#725,#726,#727,#728,#729,#730,
    #731,#732,#733,#734,#735,#736,#737,#738,#739,#740,#741,#742,#743,
    #744,#745,#746,#747,#748,#749,#750,#751,#752,#753,#754,#755,#756,
    #757,#758,#759,#760,#761,#762,#763,#764,#765,#766,#767,#768,#769,
    #770,#771,#772,#773,#774,#775),.UNSPECIFIED.,.F.,.F.,(9,7,7,7,7,7,7,
    9),(0.,0.154935675956,0.286384773349,0.411425949854,0.56911581694,
    0.707481643386,0.827684327793,1.),.UNSPECIFIED.);
#725 = CARTESIAN_POINT('',(0.,-29.89565185775));
#726 = CARTESIAN_POINT('',(0.104194292455,-29.89565185775));
#727 = CARTESIAN_POINT('',(0.2082289042,-29.89824559764));
#728 = CARTESIAN_POINT('',(0.313067983674,-29.90342006042));
#729 = CARTESIAN_POINT('',(0.419561446251,-29.91105194081));
#730 = CARTESIAN_POINT('',(0.528541388743,-29.92089671159));
#731 = CARTESIAN_POINT('',(0.640862842794,-29.93250606177));
#732 = CARTESIAN_POINT('',(0.757479612678,-29.94512828703));
#733 = CARTESIAN_POINT('',(0.983293174376,-29.96826655584));
#734 = CARTESIAN_POINT('',(1.094911759202,-29.97921946851));
#735 = CARTESIAN_POINT('',(1.211682019246,-29.98939065755));
#736 = CARTESIAN_POINT('',(1.331824616695,-29.99743014245));
#737 = CARTESIAN_POINT('',(1.454060747543,-30.00207755153));
#738 = CARTESIAN_POINT('',(1.577282442346,-30.00275427358));
#739 = CARTESIAN_POINT('',(1.700428719942,-29.99966524109));
#740 = CARTESIAN_POINT('',(1.937886332131,-29.98774642327));
#741 = CARTESIAN_POINT('',(2.048740121801,-29.97938429843));
#742 = CARTESIAN_POINT('',(2.155416097759,-29.96932198218));
#743 = CARTESIAN_POINT('',(2.258385791103,-29.95844937883));
#744 = CARTESIAN_POINT('',(2.358001875332,-29.9475440134));
#745 = CARTESIAN_POINT('',(2.454527556574,-29.93721677918));
#746 = CARTESIAN_POINT('',(2.54813309871,-29.92790982426));
#747 = CARTESIAN_POINT('',(2.753451993492,-29.90980351538));
#748 = CARTESIAN_POINT('',(2.864733772457,-29.90166360792));
#749 = CARTESIAN_POINT('',(2.973883071074,-29.89602919411));
#750 = CARTESIAN_POINT('',(3.081805615679,-29.89318343789));
#751 = CARTESIAN_POINT('',(3.189351418547,-29.89323609945));
#752 = CARTESIAN_POINT('',(3.297369152776,-29.89616691647));
#753 = CARTESIAN_POINT('',(3.406756154805,-29.90181585725));
#754 = CARTESIAN_POINT('',(3.616707519357,-29.91683199867));
#755 = CARTESIAN_POINT('',(3.717212694612,-29.92569438144));
#756 = CARTESIAN_POINT('',(3.820541641445,-29.93616293672));
#757 = CARTESIAN_POINT('',(3.927141746899,-29.94781994585));
#758 = CARTESIAN_POINT('',(4.037521030978,-29.9600370943));
#759 = CARTESIAN_POINT('',(4.15227086467,-29.97192076115));
#760 = CARTESIAN_POINT('',(4.27213820242,-29.98232847324));
#761 = CARTESIAN_POINT('',(4.50776932235,-29.99676039433));
#762 = CARTESIAN_POINT('',(4.62032518269,-30.00134042487));
#763 = CARTESIAN_POINT('',(4.734207468738,-30.00297656857));
#764 = CARTESIAN_POINT('',(4.848157341677,-30.00119386758));
#765 = CARTESIAN_POINT('',(4.96099103687,-29.99611693507));
#766 = CARTESIAN_POINT('',(5.071436089874,-29.98853641277));
#767 = CARTESIAN_POINT('',(5.177869536334,-29.97951301868));
#768 = CARTESIAN_POINT('',(5.421238696637,-29.95655188789));
#769 = CARTESIAN_POINT('',(5.556427133436,-29.9417045322));
#770 = CARTESIAN_POINT('',(5.685465781124,-29.92745382913));
#771 = CARTESIAN_POINT('',(5.809718314025,-29.91513713781));
#772 = CARTESIAN_POINT('',(5.930440922569,-29.90549620437));
#773 = CARTESIAN_POINT('',(6.048761107554,-29.89893944965));
#774 = CARTESIAN_POINT('',(6.165885675851,-29.89565185775));
#775 = CARTESIAN_POINT('',(6.28318530718,-29.89565185775));
#776 = ( GEOMETRIC_REPRESENTATION_CONTEXT(2) 
PARAMETRIC_REPRESENTATION_CONTEXT() REPRESENTATION_CONTEXT('2D SPACE',''
  ) );
#777 = FACE_BOUND('',#778,.F.);
#778 = EDGE_LOOP('',(#779));
#779 = ORIENTED_EDGE('',*,*,#780,.F.);
#780 = EDGE_CURVE('',#781,#781,#783,.T.);
#781 = VERTEX_POINT('',#782);
#782 = CARTESIAN_POINT('',(-29.89565185775,2.5,35.));
#783 = SURFACE_CURVE('',#784,(#841,#901),.PCURVE_S1.);
#784 = B_SPLINE_CURVE_WITH_KNOTS('',7,(#785,#786,#787,#788,#789,#790,
    #791,#792,#793,#794,#795,#796,#797,#798,#799,#800,#801,#802,#803,
    #804,#805,#806,#807,#808,#809,#810,#811,#812,#813,#814,#815,#816,
    #817,#818,#819,#820,#821,#822,#823,#824,#825,#826,#827,#828,#829,
    #830,#831,#832,#833,#834,#835,#836,#837,#838,#839,#840),
  .UNSPECIFIED.,.T.,.F.,(8,6,6,6,6,6,6,6,6,8),(0.,0.127058059935,
    0.215907940569,0.300636654592,0.431401870679,0.568161310095,
    0.698968444249,0.801171372549,0.893655549409,1.),.UNSPECIFIED.);
#785 = CARTESIAN_POINT('',(-29.89565185775,2.5,35.));
#786 = CARTESIAN_POINT('',(-29.89565185775,2.5,35.248595429749));
#787 = CARTESIAN_POINT('',(-29.89806348985,2.471160816875,
    35.496955164338));
#788 = CARTESIAN_POINT('',(-29.90287908219,2.413576042577,
    35.743185775514));
#789 = CARTESIAN_POINT('',(-29.90997702575,2.326583053741,
    35.985193157634));
#790 = CARTESIAN_POINT('',(-29.91911192275,2.208947213562,
    36.220306216816));
#791 = CARTESIAN_POINT('',(-29.92982081404,2.059061705245,
    36.444817599599));
#792 = CARTESIAN_POINT('',(-29.94938080463,1.746760134613,
    36.799054197304));
#793 = CARTESIAN_POINT('',(-29.95787590051,1.600808734336,
    36.937951698792));
#794 = CARTESIAN_POINT('',(-29.96650906579,1.437310103077,
    37.066960232928));
#795 = CARTESIAN_POINT('',(-29.97487816931,1.256594773803,
    37.183009608525));
#796 = CARTESIAN_POINT('',(-29.98250489272,1.059458080268,
    37.282957407661));
#797 = CARTESIAN_POINT('',(-29.98888303797,0.847205825037,
    37.363564194425));
#798 = CARTESIAN_POINT('',(-29.99801406524,0.406702209082,
    37.476666299586));
#799 = CARTESIAN_POINT('',(-30.00088859326,0.181237031448,
    37.510811209279));
#800 = CARTESIAN_POINT('',(-30.00176432724,-4.973780245592E-02,
    37.520748829143));
#801 = CARTESIAN_POINT('',(-30.00043836967,-0.280710934255,
    37.505318247275));
#802 = CARTESIAN_POINT('',(-29.99704159396,-0.506095333172,
    37.465312980123));
#803 = CARTESIAN_POINT('',(-29.99200621411,-0.720720097158,
    37.403464994587));
#804 = CARTESIAN_POINT('',(-29.97642633843,-1.228348600909,
    37.202480651888));
#805 = CARTESIAN_POINT('',(-29.96436117894,-1.501050387592,
    37.039420095742));
#806 = CARTESIAN_POINT('',(-29.95126560442,-1.736545159447,
    36.846607286133));
#807 = CARTESIAN_POINT('',(-29.93851402107,-1.935260708691,
    36.632444814463));
#808 = CARTESIAN_POINT('',(-29.92701195006,-2.098409499146,
    36.403515077033));
#809 = CARTESIAN_POINT('',(-29.91733817584,-2.227623564064,
    36.164844853719));
#810 = CARTESIAN_POINT('',(-29.9019449028,-2.425696946371,
    35.664568596659));
#811 = CARTESIAN_POINT('',(-29.89639467493,-2.491937910862,
    35.401356104178));
#812 = CARTESIAN_POINT('',(-29.89354386928,-2.524704168375,
    35.134226946992));
#813 = CARTESIAN_POINT('',(-29.89354207599,-2.524720337215,
    34.865836220031));
#814 = CARTESIAN_POINT('',(-29.89639367025,-2.491954132663,
    34.598623545722));
#815 = CARTESIAN_POINT('',(-29.9019474245,-2.425664498259,
    34.335349448766));
#816 = CARTESIAN_POINT('',(-29.91733817584,-2.227623564064,
    33.835155146281));
#817 = CARTESIAN_POINT('',(-29.92701195006,-2.098409499147,
    33.596484922967));
#818 = CARTESIAN_POINT('',(-29.93851402107,-1.935260708691,
    33.367555185535));
#819 = CARTESIAN_POINT('',(-29.95126560442,-1.736545159448,
    33.153392713868));
#820 = CARTESIAN_POINT('',(-29.96436117894,-1.501050387592,
    32.960579904258));
#821 = CARTESIAN_POINT('',(-29.97642633843,-1.228348600909,
    32.797519348112));
#822 = CARTESIAN_POINT('',(-29.9932672047,-0.679634097319,
    32.580267907307));
#823 = CARTESIAN_POINT('',(-29.999061262,-0.4173332346,32.510045766076)
  );
#824 = CARTESIAN_POINT('',(-30.00231211993,-0.140801730738,
    32.472914258013));
#825 = CARTESIAN_POINT('',(-30.00231380453,0.140723153954,
    32.472898681752));
#826 = CARTESIAN_POINT('',(-29.99906256466,0.417323705995,
    32.510026874201));
#827 = CARTESIAN_POINT('',(-29.99326554705,0.679688107616,
    32.580289291496));
#828 = CARTESIAN_POINT('',(-29.97919764072,1.13805314125,32.761768846565
    ));
#829 = CARTESIAN_POINT('',(-29.97119521936,1.338623361313,
    32.868706766574));
#830 = CARTESIAN_POINT('',(-29.96242610949,1.521073244644,
    32.992471264503));
#831 = CARTESIAN_POINT('',(-29.95340729849,1.685045396359,
    33.129716316036));
#832 = CARTESIAN_POINT('',(-29.94456986082,1.830571983428,
    33.277518868195));
#833 = CARTESIAN_POINT('',(-29.93624108103,1.957951113869,
    33.433298860918));
#834 = CARTESIAN_POINT('',(-29.91993994554,2.193899646799,
    33.780486583959));
#835 = CARTESIAN_POINT('',(-29.91216908301,2.297347975937,
    33.974555974607));
#836 = CARTESIAN_POINT('',(-29.90568529029,2.378991256849,
    34.174467130031));
#837 = CARTESIAN_POINT('',(-29.90069977495,2.439633432725,
    34.378327038092));
#838 = CARTESIAN_POINT('',(-29.89733561527,2.47986607421,34.58467593594)
  );
#839 = CARTESIAN_POINT('',(-29.89565185775,2.5,34.792290991169));
#840 = CARTESIAN_POINT('',(-29.89565185775,2.5,35.));
#841 = PCURVE('',#32,#842);
#842 = DEFINITIONAL_REPRESENTATION('',(#843),#900);
#843 = B_SPLINE_CURVE_WITH_KNOTS('',7,(#844,#845,#846,#847,#848,#849,
    #850,#851,#852,#853,#854,#855,#856,#857,#858,#859,#860,#861,#862,
    #863,#864,#865,#866,#867,#868,#869,#870,#871,#872,#873,#874,#875,
    #876,#877,#878,#879,#880,#881,#882,#883,#884,#885,#886,#887,#888,
    #889,#890,#891,#892,#893,#894,#895,#896,#897,#898,#899),
  .UNSPECIFIED.,.T.,.F.,(8,6,6,6,6,6,6,6,6,8),(0.,0.127058059935,
    0.215907940569,0.300636654592,0.431401870679,0.568161310095,
    0.698968444249,0.801171372549,0.893655549409,1.),.UNSPECIFIED.);
#844 = CARTESIAN_POINT('',(-3.058162566979,-35.));
#845 = CARTESIAN_POINT('',(-3.058162566979,-35.24859542974));
#846 = CARTESIAN_POINT('',(-3.059127228233,-35.49695516433));
#847 = CARTESIAN_POINT('',(-3.061053421668,-35.74318577551));
#848 = CARTESIAN_POINT('',(-3.063962815706,-35.98519315763));
#849 = CARTESIAN_POINT('',(-3.06789575304,-36.22030621681));
#850 = CARTESIAN_POINT('',(-3.072904479645,-36.44481759959));
#851 = CARTESIAN_POINT('',(-3.083334929952,-36.7990541973));
#852 = CARTESIAN_POINT('',(-3.088208161664,-36.93795169879));
#853 = CARTESIAN_POINT('',(-3.093665580875,-37.06696023292));
#854 = CARTESIAN_POINT('',(-3.099695620928,-37.18300960852));
#855 = CARTESIAN_POINT('',(-3.106271400961,-37.28295740766));
#856 = CARTESIAN_POINT('',(-3.113349361109,-37.36356419442));
#857 = CARTESIAN_POINT('',(-3.128035969194,-37.47666629958));
#858 = CARTESIAN_POINT('',(-3.135551852453,-37.51081120927));
#859 = CARTESIAN_POINT('',(-3.143250545374,-37.52074882914));
#860 = CARTESIAN_POINT('',(-3.150949180134,-37.50531824727));
#861 = CARTESIAN_POINT('',(-3.15846239034,-37.46531298012));
#862 = CARTESIAN_POINT('',(-3.165618337728,-37.40346499458));
#863 = CARTESIAN_POINT('',(-3.18254725547,-37.20248065188));
#864 = CARTESIAN_POINT('',(-3.191645372425,-37.03942009574));
#865 = CARTESIAN_POINT('',(-3.199506675865,-36.84660728613));
#866 = CARTESIAN_POINT('',(-3.206143905575,-36.63244481446));
#867 = CARTESIAN_POINT('',(-3.211595602565,-36.40351507703));
#868 = CARTESIAN_POINT('',(-3.215914776355,-36.16484485371));
#869 = CARTESIAN_POINT('',(-3.222537130555,-35.66456859665));
#870 = CARTESIAN_POINT('',(-3.224752860004,-35.40135610417));
#871 = CARTESIAN_POINT('',(-3.225849208961,-35.13422694699));
#872 = CARTESIAN_POINT('',(-3.225849750997,-34.86583622003));
#873 = CARTESIAN_POINT('',(-3.224753401675,-34.59862354572));
#874 = CARTESIAN_POINT('',(-3.22253604569,-34.33534944876));
#875 = CARTESIAN_POINT('',(-3.215914776355,-33.83515514628));
#876 = CARTESIAN_POINT('',(-3.211595602565,-33.59648492296));
#877 = CARTESIAN_POINT('',(-3.206143905575,-33.36755518553));
#878 = CARTESIAN_POINT('',(-3.199506675865,-33.15339271386));
#879 = CARTESIAN_POINT('',(-3.191645372425,-32.96057990425));
#880 = CARTESIAN_POINT('',(-3.18254725547,-32.79751934811));
#881 = CARTESIAN_POINT('',(-3.164248159523,-32.5802679073));
#882 = CARTESIAN_POINT('',(-3.155502987751,-32.51004576607));
#883 = CARTESIAN_POINT('',(-3.146285439061,-32.47291425801));
#884 = CARTESIAN_POINT('',(-3.136902486738,-32.47289868175));
#885 = CARTESIAN_POINT('',(-3.127682638354,-32.5100268742));
#886 = CARTESIAN_POINT('',(-3.118935346465,-32.58028929149));
#887 = CARTESIAN_POINT('',(-3.103649317621,-32.76176884656));
#888 = CARTESIAN_POINT('',(-3.096958608417,-32.86870676657));
#889 = CARTESIAN_POINT('',(-3.090870211009,-32.9924712645));
#890 = CARTESIAN_POINT('',(-3.08539639692,-33.12971631603));
#891 = CARTESIAN_POINT('',(-3.080536658207,-33.27751886819));
#892 = CARTESIAN_POINT('',(-3.076281650606,-33.43329886091));
#893 = CARTESIAN_POINT('',(-3.068397951727,-33.78048658395));
#894 = CARTESIAN_POINT('',(-3.064940020478,-33.9745559746));
#895 = CARTESIAN_POINT('',(-3.062210033179,-34.17446713003));
#896 = CARTESIAN_POINT('',(-3.060181807656,-34.37832703809));
#897 = CARTESIAN_POINT('',(-3.058836041077,-34.58467593594));
#898 = CARTESIAN_POINT('',(-3.058162566979,-34.79229099116));
#899 = CARTESIAN_POINT('',(-3.058162566979,-35.));
#900 = ( GEOMETRIC_REPRESENTATION_CONTEXT(2) 
PARAMETRIC_REPRESENTATION_CONTEXT() REPRESENTATION_CONTEXT('2D SPACE',''
  ) );
#901 = PCURVE('',#902,#907);
#902 = CYLINDRICAL_SURFACE('',#903,2.5);
#903 = AXIS2_PLACEMENT_3D('',#904,#905,#906);
#904 = CARTESIAN_POINT('',(0.,0.,35.));
#905 = DIRECTION('',(1.,0.,0.));
#906 = DIRECTION('',(0.,1.,0.));
#907 = DEFINITIONAL_REPRESENTATION('',(#908),#965);
#908 = B_SPLINE_CURVE_WITH_KNOTS('',7,(#909,#910,#911,#912,#913,#914,
    #915,#916,#917,#918,#919,#920,#921,#922,#923,#924,#925,#926,#927,
    #928,#929,#930,#931,#932,#933,#934,#935,#936,#937,#938,#939,#940,
    #941,#942,#943,#944,#945,#946,#947,#948,#949,#950,#951,#952,#953,
    #954,#955,#956,#957,#958,#959,#960,#961,#962,#963,#964),
  .UNSPECIFIED.,.F.,.F.,(8,6,6,6,6,6,6,6,6,8),(0.,0.127058059935,
    0.215907940569,0.300636654592,0.431401870679,0.568161310095,
    0.698968444249,0.801171372549,0.893655549409,1.),.UNSPECIFIED.);
#909 = CARTESIAN_POINT('',(0.,-29.89565185775));
#910 = CARTESIAN_POINT('',(9.943817189976E-02,-29.89565185775));
#911 = CARTESIAN_POINT('',(0.19878187083,-29.89806348985));
#912 = CARTESIAN_POINT('',(0.298880970834,-29.90287908219));
#913 = CARTESIAN_POINT('',(0.400486348239,-29.90997702575));
#914 = CARTESIAN_POINT('',(0.504391055058,-29.91911192275));
#915 = CARTESIAN_POINT('',(0.611403005503,-29.92982081404));
#916 = CARTESIAN_POINT('',(0.800301216473,-29.94938080463));
#917 = CARTESIAN_POINT('',(0.880584737139,-29.95787590051));
#918 = CARTESIAN_POINT('',(0.963308616807,-29.96650906579));
#919 = CARTESIAN_POINT('',(1.048461387113,-29.97487816931));
#920 = CARTESIAN_POINT('',(1.136098682352,-29.98250489272));
#921 = CARTESIAN_POINT('',(1.226351001179,-29.98888303797));
#922 = CARTESIAN_POINT('',(1.408267695019,-29.99801406524));
#923 = CARTESIAN_POINT('',(1.499016722265,-30.00088859326));
#924 = CARTESIAN_POINT('',(1.590637357117,-30.00176432724));
#925 = CARTESIAN_POINT('',(1.682244460753,-30.00043836967));
#926 = CARTESIAN_POINT('',(1.772993098122,-29.99704159396));
#927 = CARTESIAN_POINT('',(1.861921094513,-29.99200621411));
#928 = CARTESIAN_POINT('',(2.080308421556,-29.97642633843));
#929 = CARTESIAN_POINT('',(2.20574053942,-29.96436117894));
#930 = CARTESIAN_POINT('',(2.325511772247,-29.95126560442));
#931 = CARTESIAN_POINT('',(2.440540799041,-29.93851402107));
#932 = CARTESIAN_POINT('',(2.551610410279,-29.92701195006));
#933 = CARTESIAN_POINT('',(2.659400564509,-29.91733817584));
#934 = CARTESIAN_POINT('',(2.874624874718,-29.9019449028));
#935 = CARTESIAN_POINT('',(2.9822703418,-29.89639467493));
#936 = CARTESIAN_POINT('',(3.088618567255,-29.89354386928));
#937 = CARTESIAN_POINT('',(3.19454272477,-29.89354207599));
#938 = CARTESIAN_POINT('',(3.300920196887,-29.89639367025));
#939 = CARTESIAN_POINT('',(3.408595690214,-29.9019474245));
#940 = CARTESIAN_POINT('',(3.62378474267,-29.91733817584));
#941 = CARTESIAN_POINT('',(3.731574896901,-29.92701195006));
#942 = CARTESIAN_POINT('',(3.842644508138,-29.93851402107));
#943 = CARTESIAN_POINT('',(3.957673534933,-29.95126560442));
#944 = CARTESIAN_POINT('',(4.07744476776,-29.96436117894));
#945 = CARTESIAN_POINT('',(4.202876885623,-29.97642633843));
#946 = CARTESIAN_POINT('',(4.438939858572,-29.9932672047));
#947 = CARTESIAN_POINT('',(4.546832523419,-29.999061262));
#948 = CARTESIAN_POINT('',(4.656957956059,-30.00231211993));
#949 = CARTESIAN_POINT('',(4.767789762449,-30.00231380453));
#950 = CARTESIAN_POINT('',(4.877939100074,-29.99906256466));
#951 = CARTESIAN_POINT('',(4.985861338017,-29.99326554705));
#952 = CARTESIAN_POINT('',(5.18305498212,-29.97919764072));
#953 = CARTESIAN_POINT('',(5.273396317582,-29.97119521936));
#954 = CARTESIAN_POINT('',(5.360816147723,-29.96242610949));
#955 = CARTESIAN_POINT('',(5.445609846297,-29.95340729849));
#956 = CARTESIAN_POINT('',(5.528003615022,-29.94456986082));
#957 = CARTESIAN_POINT('',(5.608180182167,-29.93624108103));
#958 = CARTESIAN_POINT('',(5.776090170064,-29.91993994554));
#959 = CARTESIAN_POINT('',(5.863553766536,-29.91216908301));
#960 = CARTESIAN_POINT('',(5.949227922021,-29.90568529029));
#961 = CARTESIAN_POINT('',(6.03358076555,-29.90069977495));
#962 = CARTESIAN_POINT('',(6.117055083413,-29.89733561527));
#963 = CARTESIAN_POINT('',(6.200101703647,-29.89565185775));
#964 = CARTESIAN_POINT('',(6.28318530718,-29.89565185775));
#965 = ( GEOMETRIC_REPRESENTATION_CONTEXT(2) 
PARAMETRIC_REPRESENTATION_CONTEXT() REPRESENTATION_CONTEXT('2D SPACE',''
  ) );
#966 = FACE_BOUND('',#967,.F.);
#967 = EDGE_LOOP('',(#968));
#968 = ORIENTED_EDGE('',*,*,#969,.T.);
#969 = EDGE_CURVE('',#970,#970,#972,.T.);
#970 = VERTEX_POINT('',#971);
#971 = CARTESIAN_POINT('',(2.5,-29.89565185775,35.));
#972 = SURFACE_CURVE('',#973,(#1025,#1080),.PCURVE_S1.);
#973 = B_SPLINE_CURVE_WITH_KNOTS('',8,(#974,#975,#976,#977,#978,#979,
    #980,#981,#982,#983,#984,#985,#986,#987,#988,#989,#990,#991,#992,
    #993,#994,#995,#996,#997,#998,#999,#1000,#1001,#1002,#1003,#1004,
    #1005,#1006,#1007,#1008,#1009,#1010,#1011,#1012,#1013,#1014,#1015,
    #1016,#1017,#1018,#1019,#1020,#1021,#1022,#1023,#1024),
  .UNSPECIFIED.,.T.,.F.,(9,7,7,7,7,7,7,9),(0.,0.154935675397,
    0.286384772374,0.41142594849,0.569115818008,0.707481644111,
    0.827684328219,1.),.UNSPECIFIED.);
#974 = CARTESIAN_POINT('',(2.5,-29.89565185775,35.));
#975 = CARTESIAN_POINT('',(2.5,-29.89565185775,35.260485731137));
#976 = CARTESIAN_POINT('',(2.468981254215,-29.89824559764,
    35.520573424806));
#977 = CARTESIAN_POINT('',(2.407111825073,-29.90342006042,
    35.778357612869));
#978 = CARTESIAN_POINT('',(2.313665829329,-29.91105194081,36.03172423086
    ));
#979 = CARTESIAN_POINT('',(2.187318777396,-29.92089671159,
    36.277854784382));
#980 = CARTESIAN_POINT('',(2.026341639095,-29.93250606177,
    36.512913385541));
#981 = CARTESIAN_POINT('',(1.828886912718,-29.94512828703,
    36.731603732714));
#982 = CARTESIAN_POINT('',(1.393906063414,-29.96826655584,
    37.091451186378));
#983 = CARTESIAN_POINT('',(1.159333271768,-29.97921946851,
    37.245672679398));
#984 = CARTESIAN_POINT('',(0.893266344666,-29.98939065755,
    37.375381436571));
#985 = CARTESIAN_POINT('',(0.602145177303,-29.99743014246,
    37.470395859022));
#986 = CARTESIAN_POINT('',(0.29488472849,-30.00207755153,37.523924315394
    ));
#987 = CARTESIAN_POINT('',(-1.832949705298E-02,-30.00275427358,
    37.532697221449));
#988 = CARTESIAN_POINT('',(-0.327045351972,-29.99966524109,
    37.497118704296));
#989 = CARTESIAN_POINT('',(-0.902038963821,-29.98774642327,
    37.349485437283));
#990 = CARTESIAN_POINT('',(-1.160943982148,-29.97938429842,
    37.243480508533));
#991 = CARTESIAN_POINT('',(-1.395904442668,-29.96932198218,
    37.109954580694));
#992 = CARTESIAN_POINT('',(-1.605622696695,-29.95844937884,
    36.954509063169));
#993 = CARTESIAN_POINT('',(-1.789623637241,-29.9475440134,
    36.782072629006));
#994 = CARTESIAN_POINT('',(-1.948021280393,-29.93721677918,
    36.597035921738));
#995 = CARTESIAN_POINT('',(-2.081402919046,-29.92790982425,
    36.403316164507));
#996 = CARTESIAN_POINT('',(-2.32868575127,-29.90980351519,
    35.953510362523));
#997 = CARTESIAN_POINT('',(-2.429878914916,-29.90166360823,
    35.69166851414));
#998 = CARTESIAN_POINT('',(-2.496159813439,-29.89602919405,
    35.423241746062));
#999 = CARTESIAN_POINT('',(-2.528780027894,-29.89318343766,
    35.151329750526));
#1000 = CARTESIAN_POINT('',(-2.528352064626,-29.89323609952,
    34.878471826192));
#1001 = CARTESIAN_POINT('',(-2.494806830732,-29.89616691665,
    34.607041856172));
#1002 = CARTESIAN_POINT('',(-2.427357445476,-29.90181585711,
    34.33962534534));
#1003 = CARTESIAN_POINT('',(-2.234136813231,-29.91683199867,
    33.851605735837));
#1004 = CARTESIAN_POINT('',(-2.116062083108,-29.92569438144,
    33.628112708356));
#1005 = CARTESIAN_POINT('',(-1.968968690398,-29.93616293672,
    33.41239687715));
#1006 = CARTESIAN_POINT('',(-1.791658225536,-29.94781994585,
    33.208361119064));
#1007 = CARTESIAN_POINT('',(-1.583236529588,-29.9600370943,
    33.020809259077));
#1008 = CARTESIAN_POINT('',(-1.343304713984,-29.97192076115,
    32.855573789226));
#1009 = CARTESIAN_POINT('',(-1.07234287272,-29.98232847324,
    32.719769759866));
#1010 = CARTESIAN_POINT('',(-0.512096592591,-29.99676039433,
    32.537734708711));
#1011 = CARTESIAN_POINT('',(-0.23388569035,-30.00134042487,
    32.483385530901));
#1012 = CARTESIAN_POINT('',(5.433511134755E-02,-30.00297656857,
    32.465304118727));
#1013 = CARTESIAN_POINT('',(0.343569229092,-30.00119386758,
    32.485987838691));
#1014 = CARTESIAN_POINT('',(0.624516371352,-29.99611693507,
    32.544541502256));
#1015 = CARTESIAN_POINT('',(0.888499711933,-29.98853641277,
    32.636766983311));
#1016 = CARTESIAN_POINT('',(1.128472084273,-29.97951301868,
    32.755215287077));
#1017 = CARTESIAN_POINT('',(1.642180529897,-29.95655188789,
    33.081224579982));
#1018 = CARTESIAN_POINT('',(1.896073177508,-29.9417045322,33.31189833026
    ));
#1019 = CARTESIAN_POINT('',(2.102326138089,-29.92745382913,
    33.568016558862));
#1020 = CARTESIAN_POINT('',(2.263523512302,-29.91513713781,
    33.840863070664));
#1021 = CARTESIAN_POINT('',(2.382271320194,-29.90549620437,
    34.124281339679));
#1022 = CARTESIAN_POINT('',(2.460687624538,-29.89893944965,
    34.413940828673));
#1023 = CARTESIAN_POINT('',(2.5,-29.89565185775,34.70675092168));
#1024 = CARTESIAN_POINT('',(2.5,-29.89565185775,35.));
#1025 = PCURVE('',#32,#1026);
#1026 = DEFINITIONAL_REPRESENTATION('',(#1027),#1079);
#1027 = B_SPLINE_CURVE_WITH_KNOTS('',8,(#1028,#1029,#1030,#1031,#1032,
    #1033,#1034,#1035,#1036,#1037,#1038,#1039,#1040,#1041,#1042,#1043,
    #1044,#1045,#1046,#1047,#1048,#1049,#1050,#1051,#1052,#1053,#1054,
    #1055,#1056,#1057,#1058,#1059,#1060,#1061,#1062,#1063,#1064,#1065,
    #1066,#1067,#1068,#1069,#1070,#1071,#1072,#1073,#1074,#1075,#1076,
    #1077,#1078),.UNSPECIFIED.,.F.,.F.,(9,7,7,7,7,7,7,9),(0.,
    0.154935675397,0.286384772374,0.41142594849,0.569115818008,
    0.707481644111,0.827684328219,1.),.UNSPECIFIED.);
#1028 = CARTESIAN_POINT('',(-4.795819066995,-35.));
#1029 = CARTESIAN_POINT('',(-4.795819066995,-35.26048573113));
#1030 = CARTESIAN_POINT('',(-4.794781500378,-35.5205734248));
#1031 = CARTESIAN_POINT('',(-4.792711985495,-35.77835761286));
#1032 = CARTESIAN_POINT('',(-4.789586755367,-36.03172423086));
#1033 = CARTESIAN_POINT('',(-4.78536248469,-36.27785478438));
#1034 = CARTESIAN_POINT('',(-4.779982860315,-36.51291338554));
#1035 = CARTESIAN_POINT('',(-4.773387979206,-36.73160373271));
#1036 = CARTESIAN_POINT('',(-4.758868118526,-37.09145118637));
#1037 = CARTESIAN_POINT('',(-4.751040671824,-37.24567267939));
#1038 = CARTESIAN_POINT('',(-4.742165830126,-37.37538143657));
#1039 = CARTESIAN_POINT('',(-4.732459254049,-37.47039585902));
#1040 = CARTESIAN_POINT('',(-4.722217762838,-37.52392431539));
#1041 = CARTESIAN_POINT('',(-4.711778546149,-37.53269722144));
#1042 = CARTESIAN_POINT('',(-4.701488094941,-37.49711870429));
#1043 = CARTESIAN_POINT('',(-4.682317523979,-37.34948543728));
#1044 = CARTESIAN_POINT('',(-4.673683434819,-37.24348050853));
#1045 = CARTESIAN_POINT('',(-4.665844901189,-37.10995458069));
#1046 = CARTESIAN_POINT('',(-4.658845357712,-36.95450906316));
#1047 = CARTESIAN_POINT('',(-4.652701453862,-36.782072629));
#1048 = CARTESIAN_POINT('',(-4.647410421829,-36.59703592173));
#1049 = CARTESIAN_POINT('',(-4.642953581726,-36.4033161645));
#1050 = CARTESIAN_POINT('',(-4.634688754139,-35.95351036252));
#1051 = CARTESIAN_POINT('',(-4.631304839548,-35.69166851414));
#1052 = CARTESIAN_POINT('',(-4.629087515081,-35.42324174606));
#1053 = CARTESIAN_POINT('',(-4.62799602807,-35.15132975052));
#1054 = CARTESIAN_POINT('',(-4.628010401976,-34.87847182619));
#1055 = CARTESIAN_POINT('',(-4.629132841919,-34.60704185617));
#1056 = CARTESIAN_POINT('',(-4.631388986554,-34.33962534534));
#1057 = CARTESIAN_POINT('',(-4.637849094675,-33.85160573583));
#1058 = CARTESIAN_POINT('',(-4.641795978647,-33.62811270835));
#1059 = CARTESIAN_POINT('',(-4.64671142123,-33.41239687715));
#1060 = CARTESIAN_POINT('',(-4.652634359049,-33.20836111906));
#1061 = CARTESIAN_POINT('',(-4.659593249409,-33.02080925907));
#1062 = CARTESIAN_POINT('',(-4.667600058424,-32.85557378922));
#1063 = CARTESIAN_POINT('',(-4.676638055878,-32.71976975986));
#1064 = CARTESIAN_POINT('',(-4.69531912695,-32.53773470871));
#1065 = CARTESIAN_POINT('',(-4.704593678526,-32.4833855309));
#1066 = CARTESIAN_POINT('',(-4.714200262438,-32.46530411872));
#1067 = CARTESIAN_POINT('',(-4.723840212501,-32.48598783869));
#1068 = CARTESIAN_POINT('',(-4.733205522814,-32.54454150225));
#1069 = CARTESIAN_POINT('',(-4.742008012569,-32.63676698331));
#1070 = CARTESIAN_POINT('',(-4.750012542688,-32.75521528707));
#1071 = CARTESIAN_POINT('',(-4.767153253831,-33.08122457998));
#1072 = CARTESIAN_POINT('',(-4.775629999077,-33.31189833026));
#1073 = CARTESIAN_POINT('',(-4.782521024995,-33.56801655886));
#1074 = CARTESIAN_POINT('',(-4.787909817713,-33.84086307066));
#1075 = CARTESIAN_POINT('',(-4.791881078564,-34.12428133967));
#1076 = CARTESIAN_POINT('',(-4.794504080982,-34.41394082867));
#1077 = CARTESIAN_POINT('',(-4.795819066995,-34.70675092168));
#1078 = CARTESIAN_POINT('',(-4.795819066995,-35.));
#1079 = ( GEOMETRIC_REPRESENTATION_CONTEXT(2) 
PARAMETRIC_REPRESENTATION_CONTEXT() REPRESENTATION_CONTEXT('2D SPACE',''
  ) );
#1080 = PCURVE('',#1081,#1086);
#1081 = CYLINDRICAL_SURFACE('',#1082,2.5);
#1082 = AXIS2_PLACEMENT_3D('',#1083,#1084,#1085);
#1083 = CARTESIAN_POINT('',(0.,0.,35.));
#1084 = DIRECTION('',(-0.,1.,-0.));
#1085 = DIRECTION('',(1.,0.,0.));
#1086 = DEFINITIONAL_REPRESENTATION('',(#1087),#1139);
#1087 = B_SPLINE_CURVE_WITH_KNOTS('',8,(#1088,#1089,#1090,#1091,#1092,
    #1093,#1094,#1095,#1096,#1097,#1098,#1099,#1100,#1101,#1102,#1103,
    #1104,#1105,#1106,#1107,#1108,#1109,#1110,#1111,#1112,#1113,#1114,
    #1115,#1116,#1117,#1118,#1119,#1120,#1121,#1122,#1123,#1124,#1125,
    #1126,#1127,#1128,#1129,#1130,#1131,#1132,#1133,#1134,#1135,#1136,
    #1137,#1138),.UNSPECIFIED.,.F.,.F.,(9,7,7,7,7,7,7,9),(0.,
    0.154935675397,0.286384772374,0.41142594849,0.569115818008,
    0.707481644111,0.827684328219,1.),.UNSPECIFIED.);
#1088 = CARTESIAN_POINT('',(0.,-29.89565185775));
#1089 = CARTESIAN_POINT('',(-0.104194292455,-29.89565185775));
#1090 = CARTESIAN_POINT('',(-0.2082289042,-29.89824559764));
#1091 = CARTESIAN_POINT('',(-0.313067983674,-29.90342006042));
#1092 = CARTESIAN_POINT('',(-0.419561446251,-29.91105194081));
#1093 = CARTESIAN_POINT('',(-0.528541388743,-29.92089671159));
#1094 = CARTESIAN_POINT('',(-0.640862842794,-29.93250606177));
#1095 = CARTESIAN_POINT('',(-0.757479612678,-29.94512828703));
#1096 = CARTESIAN_POINT('',(-0.983293174421,-29.96826655584));
#1097 = CARTESIAN_POINT('',(-1.094911759169,-29.97921946851));
#1098 = CARTESIAN_POINT('',(-1.211682019207,-29.98939065755));
#1099 = CARTESIAN_POINT('',(-1.331824616698,-29.99743014246));
#1100 = CARTESIAN_POINT('',(-1.454060747583,-30.00207755153));
#1101 = CARTESIAN_POINT('',(-1.577282442373,-30.00275427358));
#1102 = CARTESIAN_POINT('',(-1.700428719897,-29.99966524109));
#1103 = CARTESIAN_POINT('',(-1.93788633218,-29.98774642327));
#1104 = CARTESIAN_POINT('',(-2.048740121823,-29.97938429842));
#1105 = CARTESIAN_POINT('',(-2.155416097738,-29.96932198218));
#1106 = CARTESIAN_POINT('',(-2.258385791059,-29.95844937884));
#1107 = CARTESIAN_POINT('',(-2.358001875301,-29.9475440134));
#1108 = CARTESIAN_POINT('',(-2.454527556588,-29.93721677918));
#1109 = CARTESIAN_POINT('',(-2.548133098762,-29.92790982425));
#1110 = CARTESIAN_POINT('',(-2.753451995549,-29.90980351519));
#1111 = CARTESIAN_POINT('',(-2.864733766267,-29.90166360823));
#1112 = CARTESIAN_POINT('',(-2.973883077772,-29.89602919405));
#1113 = CARTESIAN_POINT('',(-3.08180561572,-29.89318343766));
#1114 = CARTESIAN_POINT('',(-3.189351411847,-29.89323609952));
#1115 = CARTESIAN_POINT('',(-3.297369158878,-29.89616691665));
#1116 = CARTESIAN_POINT('',(-3.406756152804,-29.90181585711));
#1117 = CARTESIAN_POINT('',(-3.616707519357,-29.91683199867));
#1118 = CARTESIAN_POINT('',(-3.717212694612,-29.92569438144));
#1119 = CARTESIAN_POINT('',(-3.820541641445,-29.93616293672));
#1120 = CARTESIAN_POINT('',(-3.927141746899,-29.94781994585));
#1121 = CARTESIAN_POINT('',(-4.037521030978,-29.9600370943));
#1122 = CARTESIAN_POINT('',(-4.15227086467,-29.97192076115));
#1123 = CARTESIAN_POINT('',(-4.27213820242,-29.98232847324));
#1124 = CARTESIAN_POINT('',(-4.50776932235,-29.99676039433));
#1125 = CARTESIAN_POINT('',(-4.62032518269,-30.00134042487));
#1126 = CARTESIAN_POINT('',(-4.734207468738,-30.00297656857));
#1127 = CARTESIAN_POINT('',(-4.848157341677,-30.00119386758));
#1128 = CARTESIAN_POINT('',(-4.96099103687,-29.99611693507));
#1129 = CARTESIAN_POINT('',(-5.071436089874,-29.98853641277));
#1130 = CARTESIAN_POINT('',(-5.177869536334,-29.97951301868));
#1131 = CARTESIAN_POINT('',(-5.421238696637,-29.95655188789));
#1132 = CARTESIAN_POINT('',(-5.556427133435,-29.9417045322));
#1133 = CARTESIAN_POINT('',(-5.685465781125,-29.92745382913));
#1134 = CARTESIAN_POINT('',(-5.809718314023,-29.91513713781));
#1135 = CARTESIAN_POINT('',(-5.93044092257,-29.90549620437));
#1136 = CARTESIAN_POINT('',(-6.048761107553,-29.89893944965));
#1137 = CARTESIAN_POINT('',(-6.165885675852,-29.89565185775));
#1138 = CARTESIAN_POINT('',(-6.28318530718,-29.89565185775));
#1139 = ( GEOMETRIC_REPRESENTATION_CONTEXT(2) 
PARAMETRIC_REPRESENTATION_CONTEXT() REPRESENTATION_CONTEXT('2D SPACE',''
  ) );
#1140 = FACE_BOUND('',#1141,.F.);
#1141 = EDGE_LOOP('',(#1142));
#1142 = ORIENTED_EDGE('',*,*,#1143,.F.);
#1143 = EDGE_CURVE('',#1144,#1144,#1146,.T.);
#1144 = VERTEX_POINT('',#1145);
#1145 = CARTESIAN_POINT('',(2.5,29.895651857753,20.));
#1146 = SURFACE_CURVE('',#1147,(#1199,#1254),.PCURVE_S1.);
#1147 = B_SPLINE_CURVE_WITH_KNOTS('',8,(#1148,#1149,#1150,#1151,#1152,
    #1153,#1154,#1155,#1156,#1157,#1158,#1159,#1160,#1161,#1162,#1163,
    #1164,#1165,#1166,#1167,#1168,#1169,#1170,#1171,#1172,#1173,#1174,
    #1175,#1176,#1177,#1178,#1179,#1180,#1181,#1182,#1183,#1184,#1185,
    #1186,#1187,#1188,#1189,#1190,#1191,#1192,#1193,#1194,#1195,#1196,
    #1197,#1198),.UNSPECIFIED.,.T.,.F.,(9,7,7,7,7,7,7,9),(0.,
    0.154935675512,0.28638477253,0.411425948677,0.569115818145,
    0.707481644204,0.827684328274,1.),.UNSPECIFIED.);
#1148 = CARTESIAN_POINT('',(2.5,29.895651857753,20.));
#1149 = CARTESIAN_POINT('',(2.5,29.895651857753,20.260485731137));
#1150 = CARTESIAN_POINT('',(2.468981254215,29.898245597642,
    20.520573424805));
#1151 = CARTESIAN_POINT('',(2.407111825073,29.903420060424,
    20.778357612869));
#1152 = CARTESIAN_POINT('',(2.313665829329,29.911051940816,
    21.03172423086));
#1153 = CARTESIAN_POINT('',(2.187318777397,29.920896711596,
    21.277854784381));
#1154 = CARTESIAN_POINT('',(2.026341639094,29.932506061777,
    21.512913385541));
#1155 = CARTESIAN_POINT('',(1.828886912718,29.945128287033,
    21.731603732714));
#1156 = CARTESIAN_POINT('',(1.393906063501,29.968266555841,
    22.091451186306));
#1157 = CARTESIAN_POINT('',(1.159333271724,29.979219468518,
    22.245672679469));
#1158 = CARTESIAN_POINT('',(0.893266344555,29.989390657556,
    22.375381436606));
#1159 = CARTESIAN_POINT('',(0.602145177303,29.997430142457,
    22.47039585897));
#1160 = CARTESIAN_POINT('',(0.294884728605,30.002077551533,
    22.523924315378));
#1161 = CARTESIAN_POINT('',(-1.832949699614E-02,30.002754273587,
    22.532697221495));
#1162 = CARTESIAN_POINT('',(-0.327045352081,29.999665241092,
    22.497118704268));
#1163 = CARTESIAN_POINT('',(-0.902038963701,29.987746423273,
    22.349485437314));
#1164 = CARTESIAN_POINT('',(-1.160943982104,29.979384298432,
    22.243480508578));
#1165 = CARTESIAN_POINT('',(-1.395904442728,29.969321982182,
    22.109954580685));
#1166 = CARTESIAN_POINT('',(-1.605622696787,29.958449378839,
    21.954509063096));
#1167 = CARTESIAN_POINT('',(-1.789623637279,29.947544013401,
    21.782072628934));
#1168 = CARTESIAN_POINT('',(-1.948021280353,29.937216779187,
    21.597035921755));
#1169 = CARTESIAN_POINT('',(-2.081402918983,29.927909824263,
    21.40331616462));
#1170 = CARTESIAN_POINT('',(-2.32868575127,29.909803515199,
    20.953510362523));
#1171 = CARTESIAN_POINT('',(-2.429878914916,29.901663608236,
    20.69166851414));
#1172 = CARTESIAN_POINT('',(-2.496159813439,29.896029194053,
    20.423241746061));
#1173 = CARTESIAN_POINT('',(-2.528780027894,29.893183437667,
    20.151329750526));
#1174 = CARTESIAN_POINT('',(-2.528352064626,29.893236099527,
    19.878471826192));
#1175 = CARTESIAN_POINT('',(-2.494806830732,29.896166916657,
    19.607041856172));
#1176 = CARTESIAN_POINT('',(-2.427357445476,29.901815857112,
    19.33962534534));
#1177 = CARTESIAN_POINT('',(-2.234136813231,29.916831998678,
    18.851605735836));
#1178 = CARTESIAN_POINT('',(-2.116062083108,29.925694381446,
    18.628112708356));
#1179 = CARTESIAN_POINT('',(-1.968968690398,29.936162936728,
    18.41239687715));
#1180 = CARTESIAN_POINT('',(-1.791658225536,29.947819945852,
    18.208361119063));
#1181 = CARTESIAN_POINT('',(-1.583236529588,29.960037094309,
    18.020809259077));
#1182 = CARTESIAN_POINT('',(-1.343304713985,29.971920761158,
    17.855573789226));
#1183 = CARTESIAN_POINT('',(-1.072342872719,29.982328473245,
    17.719769759866));
#1184 = CARTESIAN_POINT('',(-0.512096592591,29.996760394331,
    17.537734708711));
#1185 = CARTESIAN_POINT('',(-0.23388569035,30.001340424877,
    17.483385530901));
#1186 = CARTESIAN_POINT('',(5.43351113473E-02,30.00297656857,
    17.465304118727));
#1187 = CARTESIAN_POINT('',(0.343569229093,30.001193867586,
    17.485987838692));
#1188 = CARTESIAN_POINT('',(0.624516371352,29.996116935078,
    17.544541502256));
#1189 = CARTESIAN_POINT('',(0.888499711934,29.988536412773,
    17.636766983311));
#1190 = CARTESIAN_POINT('',(1.128472084273,29.979513018685,
    17.755215287077));
#1191 = CARTESIAN_POINT('',(1.642180529897,29.956551887896,
    18.081224579982));
#1192 = CARTESIAN_POINT('',(1.896073177509,29.941704532202,
    18.311898330261));
#1193 = CARTESIAN_POINT('',(2.102326138086,29.927453829139,
    18.568016558861));
#1194 = CARTESIAN_POINT('',(2.263523512306,29.915137137814,
    18.840863070665));
#1195 = CARTESIAN_POINT('',(2.382271320192,29.905496204371,
    19.124281339678));
#1196 = CARTESIAN_POINT('',(2.460687624539,29.89893944965,
    19.413940828673));
#1197 = CARTESIAN_POINT('',(2.5,29.895651857753,19.70675092168));
#1198 = CARTESIAN_POINT('',(2.5,29.895651857753,20.));
#1199 = PCURVE('',#32,#1200);
#1200 = DEFINITIONAL_REPRESENTATION('',(#1201),#1253);
#1201 = B_SPLINE_CURVE_WITH_KNOTS('',8,(#1202,#1203,#1204,#1205,#1206,
    #1207,#1208,#1209,#1210,#1211,#1212,#1213,#1214,#1215,#1216,#1217,
    #1218,#1219,#1220,#1221,#1222,#1223,#1224,#1225,#1226,#1227,#1228,
    #1229,#1230,#1231,#1232,#1233,#1234,#1235,#1236,#1237,#1238,#1239,
    #1240,#1241,#1242,#1243,#1244,#1245,#1246,#1247,#1248,#1249,#1250,
    #1251,#1252),.UNSPECIFIED.,.F.,.F.,(9,7,7,7,7,7,7,9),(0.,
    0.154935675512,0.28638477253,0.411425948677,0.569115818145,
    0.707481644204,0.827684328274,1.),.UNSPECIFIED.);
#1202 = CARTESIAN_POINT('',(-1.487366240184,-20.));
#1203 = CARTESIAN_POINT('',(-1.487366240184,-20.26048573113));
#1204 = CARTESIAN_POINT('',(-1.488403806802,-20.5205734248));
#1205 = CARTESIAN_POINT('',(-1.490473321685,-20.77835761286));
#1206 = CARTESIAN_POINT('',(-1.493598551812,-21.03172423086));
#1207 = CARTESIAN_POINT('',(-1.49782282249,-21.27785478438));
#1208 = CARTESIAN_POINT('',(-1.503202446864,-21.51291338554));
#1209 = CARTESIAN_POINT('',(-1.509797327974,-21.73160373271));
#1210 = CARTESIAN_POINT('',(-1.524317188651,-22.0914511863));
#1211 = CARTESIAN_POINT('',(-1.532144635357,-22.24567267946));
#1212 = CARTESIAN_POINT('',(-1.541019477057,-22.3753814366));
#1213 = CARTESIAN_POINT('',(-1.550726053131,-22.47039585897));
#1214 = CARTESIAN_POINT('',(-1.560967544337,-22.52392431537));
#1215 = CARTESIAN_POINT('',(-1.571406761029,-22.53269722149));
#1216 = CARTESIAN_POINT('',(-1.581697212243,-22.49711870426));
#1217 = CARTESIAN_POINT('',(-1.600867783196,-22.34948543731));
#1218 = CARTESIAN_POINT('',(-1.609501872359,-22.24348050857));
#1219 = CARTESIAN_POINT('',(-1.617340405992,-22.10995458068));
#1220 = CARTESIAN_POINT('',(-1.624339949471,-21.95450906309));
#1221 = CARTESIAN_POINT('',(-1.630483853319,-21.78207262893));
#1222 = CARTESIAN_POINT('',(-1.63577488535,-21.59703592175));
#1223 = CARTESIAN_POINT('',(-1.640231725451,-21.40331616462));
#1224 = CARTESIAN_POINT('',(-1.64849655304,-20.95351036252));
#1225 = CARTESIAN_POINT('',(-1.651880467631,-20.69166851414));
#1226 = CARTESIAN_POINT('',(-1.654097792099,-20.42324174606));
#1227 = CARTESIAN_POINT('',(-1.65518927911,-20.15132975052));
#1228 = CARTESIAN_POINT('',(-1.655174905204,-19.87847182619));
#1229 = CARTESIAN_POINT('',(-1.654052465261,-19.60704185617));
#1230 = CARTESIAN_POINT('',(-1.651796320625,-19.33962534534));
#1231 = CARTESIAN_POINT('',(-1.645336212505,-18.85160573583));
#1232 = CARTESIAN_POINT('',(-1.641389328532,-18.62811270835));
#1233 = CARTESIAN_POINT('',(-1.63647388595,-18.41239687715));
#1234 = CARTESIAN_POINT('',(-1.630550948131,-18.20836111906));
#1235 = CARTESIAN_POINT('',(-1.62359205777,-18.02080925907));
#1236 = CARTESIAN_POINT('',(-1.615585248756,-17.85557378922));
#1237 = CARTESIAN_POINT('',(-1.606547251301,-17.71976975986));
#1238 = CARTESIAN_POINT('',(-1.58786618023,-17.53773470871));
#1239 = CARTESIAN_POINT('',(-1.578591628654,-17.4833855309));
#1240 = CARTESIAN_POINT('',(-1.568985044741,-17.46530411872));
#1241 = CARTESIAN_POINT('',(-1.559345094679,-17.48598783869));
#1242 = CARTESIAN_POINT('',(-1.549979784366,-17.54454150225));
#1243 = CARTESIAN_POINT('',(-1.54117729461,-17.63676698331));
#1244 = CARTESIAN_POINT('',(-1.533172764491,-17.75521528707));
#1245 = CARTESIAN_POINT('',(-1.516032053349,-18.08122457998));
#1246 = CARTESIAN_POINT('',(-1.507555308103,-18.31189833026));
#1247 = CARTESIAN_POINT('',(-1.500664282185,-18.56801655886));
#1248 = CARTESIAN_POINT('',(-1.495275489466,-18.84086307066));
#1249 = CARTESIAN_POINT('',(-1.491304228616,-19.12428133967));
#1250 = CARTESIAN_POINT('',(-1.488681226198,-19.41394082867));
#1251 = CARTESIAN_POINT('',(-1.487366240184,-19.70675092168));
#1252 = CARTESIAN_POINT('',(-1.487366240184,-20.));
#1253 = ( GEOMETRIC_REPRESENTATION_CONTEXT(2) 
PARAMETRIC_REPRESENTATION_CONTEXT() REPRESENTATION_CONTEXT('2D SPACE',''
  ) );
#1254 = PCURVE('',#1255,#1260);
#1255 = CYLINDRICAL_SURFACE('',#1256,2.5);
#1256 = AXIS2_PLACEMENT_3D('',#1257,#1258,#1259);
#1257 = CARTESIAN_POINT('',(0.,0.,20.));
#1258 = DIRECTION('',(0.,-1.,0.));
#1259 = DIRECTION('',(1.,0.,0.));
#1260 = DEFINITIONAL_REPRESENTATION('',(#1261),#1313);
#1261 = B_SPLINE_CURVE_WITH_KNOTS('',8,(#1262,#1263,#1264,#1265,#1266,
    #1267,#1268,#1269,#1270,#1271,#1272,#1273,#1274,#1275,#1276,#1277,
    #1278,#1279,#1280,#1281,#1282,#1283,#1284,#1285,#1286,#1287,#1288,
    #1289,#1290,#1291,#1292,#1293,#1294,#1295,#1296,#1297,#1298,#1299,
    #1300,#1301,#1302,#1303,#1304,#1305,#1306,#1307,#1308,#1309,#1310,
    #1311,#1312),.UNSPECIFIED.,.F.,.F.,(9,7,7,7,7,7,7,9),(0.,
    0.154935675512,0.28638477253,0.411425948677,0.569115818145,
    0.707481644204,0.827684328274,1.),.UNSPECIFIED.);
#1262 = CARTESIAN_POINT('',(0.,-29.89565185775));
#1263 = CARTESIAN_POINT('',(0.104194292455,-29.89565185775));
#1264 = CARTESIAN_POINT('',(0.2082289042,-29.89824559764));
#1265 = CARTESIAN_POINT('',(0.313067983674,-29.90342006042));
#1266 = CARTESIAN_POINT('',(0.419561446251,-29.91105194081));
#1267 = CARTESIAN_POINT('',(0.528541388743,-29.92089671159));
#1268 = CARTESIAN_POINT('',(0.640862842794,-29.93250606177));
#1269 = CARTESIAN_POINT('',(0.757479612678,-29.94512828703));
#1270 = CARTESIAN_POINT('',(0.983293174376,-29.96826655584));
#1271 = CARTESIAN_POINT('',(1.094911759201,-29.97921946851));
#1272 = CARTESIAN_POINT('',(1.211682019248,-29.98939065755));
#1273 = CARTESIAN_POINT('',(1.331824616693,-29.99743014245));
#1274 = CARTESIAN_POINT('',(1.454060747543,-30.00207755153));
#1275 = CARTESIAN_POINT('',(1.577282442346,-30.00275427358));
#1276 = CARTESIAN_POINT('',(1.700428719942,-29.99966524109));
#1277 = CARTESIAN_POINT('',(1.937886332131,-29.98774642327));
#1278 = CARTESIAN_POINT('',(2.048740121801,-29.97938429843));
#1279 = CARTESIAN_POINT('',(2.155416097759,-29.96932198218));
#1280 = CARTESIAN_POINT('',(2.258385791103,-29.95844937883));
#1281 = CARTESIAN_POINT('',(2.358001875332,-29.9475440134));
#1282 = CARTESIAN_POINT('',(2.454527556574,-29.93721677918));
#1283 = CARTESIAN_POINT('',(2.54813309871,-29.92790982426));
#1284 = CARTESIAN_POINT('',(2.753451995549,-29.90980351519));
#1285 = CARTESIAN_POINT('',(2.864733766267,-29.90166360823));
#1286 = CARTESIAN_POINT('',(2.973883077772,-29.89602919405));
#1287 = CARTESIAN_POINT('',(3.08180561572,-29.89318343766));
#1288 = CARTESIAN_POINT('',(3.189351411847,-29.89323609952));
#1289 = CARTESIAN_POINT('',(3.297369158878,-29.89616691665));
#1290 = CARTESIAN_POINT('',(3.406756152804,-29.90181585711));
#1291 = CARTESIAN_POINT('',(3.616707519357,-29.91683199867));
#1292 = CARTESIAN_POINT('',(3.717212694612,-29.92569438144));
#1293 = CARTESIAN_POINT('',(3.820541641445,-29.93616293672));
#1294 = CARTESIAN_POINT('',(3.927141746899,-29.94781994585));
#1295 = CARTESIAN_POINT('',(4.037521030978,-29.9600370943));
#1296 = CARTESIAN_POINT('',(4.15227086467,-29.97192076115));
#1297 = CARTESIAN_POINT('',(4.27213820242,-29.98232847324));
#1298 = CARTESIAN_POINT('',(4.50776932235,-29.99676039433));
#1299 = CARTESIAN_POINT('',(4.62032518269,-30.00134042487));
#1300 = CARTESIAN_POINT('',(4.734207468737,-30.00297656857));
#1301 = CARTESIAN_POINT('',(4.848157341679,-30.00119386758));
#1302 = CARTESIAN_POINT('',(4.960991036868,-29.99611693507));
#1303 = CARTESIAN_POINT('',(5.071436089875,-29.98853641277));
#1304 = CARTESIAN_POINT('',(5.177869536334,-29.97951301868));
#1305 = CARTESIAN_POINT('',(5.421238696637,-29.95655188789));
#1306 = CARTESIAN_POINT('',(5.556427133435,-29.9417045322));
#1307 = CARTESIAN_POINT('',(5.685465781126,-29.92745382913));
#1308 = CARTESIAN_POINT('',(5.809718314022,-29.91513713781));
#1309 = CARTESIAN_POINT('',(5.930440922571,-29.90549620437));
#1310 = CARTESIAN_POINT('',(6.048761107553,-29.89893944965));
#1311 = CARTESIAN_POINT('',(6.165885675852,-29.89565185775));
#1312 = CARTESIAN_POINT('',(6.28318530718,-29.89565185775));
#1313 = ( GEOMETRIC_REPRESENTATION_CONTEXT(2) 
PARAMETRIC_REPRESENTATION_CONTEXT() REPRESENTATION_CONTEXT('2D SPACE',''
  ) );
#1314 = FACE_BOUND('',#1315,.F.);
#1315 = EDGE_LOOP('',(#1316));
#1316 = ORIENTED_EDGE('',*,*,#1317,.F.);
#1317 = EDGE_CURVE('',#1318,#1318,#1320,.T.);
#1318 = VERTEX_POINT('',#1319);
#1319 = CARTESIAN_POINT('',(-29.89565185775,2.5,20.));
#1320 = SURFACE_CURVE('',#1321,(#1378,#1438),.PCURVE_S1.);
#1321 = B_SPLINE_CURVE_WITH_KNOTS('',7,(#1322,#1323,#1324,#1325,#1326,
    #1327,#1328,#1329,#1330,#1331,#1332,#1333,#1334,#1335,#1336,#1337,
    #1338,#1339,#1340,#1341,#1342,#1343,#1344,#1345,#1346,#1347,#1348,
    #1349,#1350,#1351,#1352,#1353,#1354,#1355,#1356,#1357,#1358,#1359,
    #1360,#1361,#1362,#1363,#1364,#1365,#1366,#1367,#1368,#1369,#1370,
    #1371,#1372,#1373,#1374,#1375,#1376,#1377),.UNSPECIFIED.,.T.,.F.,(8,
    6,6,6,6,6,6,6,6,8),(0.,0.127058060619,0.21590794173,0.300636656209,
    0.431401872999,0.568161313152,0.698968448009,0.801171376856,
    0.89365555256,1.),.UNSPECIFIED.);
#1322 = CARTESIAN_POINT('',(-29.89565185775,2.5,20.));
#1323 = CARTESIAN_POINT('',(-29.89565185775,2.5,20.248595429749));
#1324 = CARTESIAN_POINT('',(-29.89806348985,2.471160816875,
    20.496955164338));
#1325 = CARTESIAN_POINT('',(-29.90287908219,2.413576042577,
    20.743185775514));
#1326 = CARTESIAN_POINT('',(-29.90997702575,2.326583053741,
    20.985193157633));
#1327 = CARTESIAN_POINT('',(-29.91911192275,2.208947213562,
    21.220306216816));
#1328 = CARTESIAN_POINT('',(-29.92982081404,2.059061705245,
    21.444817599599));
#1329 = CARTESIAN_POINT('',(-29.94938080463,1.746760134613,
    21.799054197304));
#1330 = CARTESIAN_POINT('',(-29.95787590051,1.600808734336,
    21.937951698791));
#1331 = CARTESIAN_POINT('',(-29.96650906579,1.437310103077,
    22.066960232928));
#1332 = CARTESIAN_POINT('',(-29.97487816931,1.256594773803,
    22.183009608525));
#1333 = CARTESIAN_POINT('',(-29.98250489272,1.059458080268,
    22.282957407661));
#1334 = CARTESIAN_POINT('',(-29.98888303797,0.847205825037,
    22.363564194425));
#1335 = CARTESIAN_POINT('',(-29.99801406524,0.406702209082,
    22.476666299586));
#1336 = CARTESIAN_POINT('',(-30.00088859326,0.181237031448,
    22.510811209279));
#1337 = CARTESIAN_POINT('',(-30.00176432724,-4.973780245596E-02,
    22.520748829143));
#1338 = CARTESIAN_POINT('',(-30.00043836967,-0.280710934255,
    22.505318247275));
#1339 = CARTESIAN_POINT('',(-29.99704159396,-0.506095333172,
    22.465312980123));
#1340 = CARTESIAN_POINT('',(-29.99200621411,-0.720720097158,
    22.403464994587));
#1341 = CARTESIAN_POINT('',(-29.97642633843,-1.228348600909,
    22.202480651888));
#1342 = CARTESIAN_POINT('',(-29.96436117894,-1.501050387592,
    22.039420095742));
#1343 = CARTESIAN_POINT('',(-29.95126560442,-1.736545159448,
    21.846607286133));
#1344 = CARTESIAN_POINT('',(-29.93851402107,-1.935260708691,
    21.632444814464));
#1345 = CARTESIAN_POINT('',(-29.92701195006,-2.098409499146,
    21.403515077034));
#1346 = CARTESIAN_POINT('',(-29.91733817584,-2.227623564064,
    21.164844853719));
#1347 = CARTESIAN_POINT('',(-29.9019449028,-2.425696946371,
    20.664568596658));
#1348 = CARTESIAN_POINT('',(-29.89639467493,-2.491937910862,
    20.401356104177));
#1349 = CARTESIAN_POINT('',(-29.89354386928,-2.524704168375,
    20.134226946992));
#1350 = CARTESIAN_POINT('',(-29.89354207599,-2.524720337215,
    19.865836220031));
#1351 = CARTESIAN_POINT('',(-29.89639367025,-2.491954132663,
    19.598623545723));
#1352 = CARTESIAN_POINT('',(-29.9019474245,-2.42566449826,
    19.335349448768));
#1353 = CARTESIAN_POINT('',(-29.91733817584,-2.227623564064,
    18.835155146281));
#1354 = CARTESIAN_POINT('',(-29.92701195006,-2.098409499147,
    18.596484922967));
#1355 = CARTESIAN_POINT('',(-29.93851402107,-1.935260708691,
    18.367555185536));
#1356 = CARTESIAN_POINT('',(-29.95126560442,-1.736545159447,
    18.153392713868));
#1357 = CARTESIAN_POINT('',(-29.96436117894,-1.501050387592,
    17.960579904258));
#1358 = CARTESIAN_POINT('',(-29.97642633843,-1.228348600909,
    17.797519348112));
#1359 = CARTESIAN_POINT('',(-29.9932672047,-0.679634097326,
    17.58026790731));
#1360 = CARTESIAN_POINT('',(-29.999061262,-0.417333234593,
    17.510045766071));
#1361 = CARTESIAN_POINT('',(-30.00231211993,-0.140801730733,
    17.472914258015));
#1362 = CARTESIAN_POINT('',(-30.00231380453,0.140723153949,
    17.472898681754));
#1363 = CARTESIAN_POINT('',(-29.99906256466,0.417323705988,
    17.510026874196));
#1364 = CARTESIAN_POINT('',(-29.99326554705,0.679688107622,
    17.580289291499));
#1365 = CARTESIAN_POINT('',(-29.97919764084,1.13805313736,
    17.761768845025));
#1366 = CARTESIAN_POINT('',(-29.97119521906,1.338623369054,
    17.868706771184));
#1367 = CARTESIAN_POINT('',(-29.96242610968,1.521073241258,
    17.992471260935));
#1368 = CARTESIAN_POINT('',(-29.95340729867,1.685045391491,
    18.129716313362));
#1369 = CARTESIAN_POINT('',(-29.94456986051,1.830571989367,
    18.277518873885));
#1370 = CARTESIAN_POINT('',(-29.93624108116,1.957951111987,
    18.433298858149));
#1371 = CARTESIAN_POINT('',(-29.91993994554,2.193899646799,
    18.780486583959));
#1372 = CARTESIAN_POINT('',(-29.91216908301,2.297347975937,
    18.974555974607));
#1373 = CARTESIAN_POINT('',(-29.90568529029,2.378991256849,
    19.174467130031));
#1374 = CARTESIAN_POINT('',(-29.90069977495,2.439633432725,
    19.378327038092));
#1375 = CARTESIAN_POINT('',(-29.89733561527,2.47986607421,19.58467593594
    ));
#1376 = CARTESIAN_POINT('',(-29.89565185775,2.5,19.792290991169));
#1377 = CARTESIAN_POINT('',(-29.89565185775,2.5,20.));
#1378 = PCURVE('',#32,#1379);
#1379 = DEFINITIONAL_REPRESENTATION('',(#1380),#1437);
#1380 = B_SPLINE_CURVE_WITH_KNOTS('',7,(#1381,#1382,#1383,#1384,#1385,
    #1386,#1387,#1388,#1389,#1390,#1391,#1392,#1393,#1394,#1395,#1396,
    #1397,#1398,#1399,#1400,#1401,#1402,#1403,#1404,#1405,#1406,#1407,
    #1408,#1409,#1410,#1411,#1412,#1413,#1414,#1415,#1416,#1417,#1418,
    #1419,#1420,#1421,#1422,#1423,#1424,#1425,#1426,#1427,#1428,#1429,
    #1430,#1431,#1432,#1433,#1434,#1435,#1436),.UNSPECIFIED.,.T.,.F.,(8,
    6,6,6,6,6,6,6,6,8),(0.,0.127058060619,0.21590794173,0.300636656209,
    0.431401872999,0.568161313152,0.698968448009,0.801171376856,
    0.89365555256,1.),.UNSPECIFIED.);
#1381 = CARTESIAN_POINT('',(-3.058162566979,-20.));
#1382 = CARTESIAN_POINT('',(-3.058162566979,-20.24859542974));
#1383 = CARTESIAN_POINT('',(-3.059127228233,-20.49695516433));
#1384 = CARTESIAN_POINT('',(-3.061053421668,-20.74318577551));
#1385 = CARTESIAN_POINT('',(-3.063962815706,-20.98519315763));
#1386 = CARTESIAN_POINT('',(-3.06789575304,-21.22030621681));
#1387 = CARTESIAN_POINT('',(-3.072904479645,-21.44481759959));
#1388 = CARTESIAN_POINT('',(-3.083334929952,-21.7990541973));
#1389 = CARTESIAN_POINT('',(-3.088208161664,-21.93795169879));
#1390 = CARTESIAN_POINT('',(-3.093665580875,-22.06696023292));
#1391 = CARTESIAN_POINT('',(-3.099695620928,-22.18300960852));
#1392 = CARTESIAN_POINT('',(-3.106271400961,-22.28295740766));
#1393 = CARTESIAN_POINT('',(-3.113349361109,-22.36356419442));
#1394 = CARTESIAN_POINT('',(-3.128035969194,-22.47666629958));
#1395 = CARTESIAN_POINT('',(-3.135551852453,-22.51081120927));
#1396 = CARTESIAN_POINT('',(-3.143250545374,-22.52074882914));
#1397 = CARTESIAN_POINT('',(-3.150949180134,-22.50531824727));
#1398 = CARTESIAN_POINT('',(-3.15846239034,-22.46531298012));
#1399 = CARTESIAN_POINT('',(-3.165618337728,-22.40346499458));
#1400 = CARTESIAN_POINT('',(-3.18254725547,-22.20248065188));
#1401 = CARTESIAN_POINT('',(-3.191645372425,-22.03942009574));
#1402 = CARTESIAN_POINT('',(-3.199506675865,-21.84660728613));
#1403 = CARTESIAN_POINT('',(-3.206143905575,-21.63244481446));
#1404 = CARTESIAN_POINT('',(-3.211595602565,-21.40351507703));
#1405 = CARTESIAN_POINT('',(-3.215914776355,-21.16484485371));
#1406 = CARTESIAN_POINT('',(-3.222537130555,-20.66456859665));
#1407 = CARTESIAN_POINT('',(-3.224752860004,-20.40135610417));
#1408 = CARTESIAN_POINT('',(-3.225849208961,-20.13422694699));
#1409 = CARTESIAN_POINT('',(-3.225849750997,-19.86583622003));
#1410 = CARTESIAN_POINT('',(-3.224753401675,-19.59862354572));
#1411 = CARTESIAN_POINT('',(-3.22253604569,-19.33534944876));
#1412 = CARTESIAN_POINT('',(-3.215914776355,-18.83515514628));
#1413 = CARTESIAN_POINT('',(-3.211595602565,-18.59648492296));
#1414 = CARTESIAN_POINT('',(-3.206143905575,-18.36755518553));
#1415 = CARTESIAN_POINT('',(-3.199506675865,-18.15339271386));
#1416 = CARTESIAN_POINT('',(-3.191645372425,-17.96057990425));
#1417 = CARTESIAN_POINT('',(-3.18254725547,-17.79751934811));
#1418 = CARTESIAN_POINT('',(-3.164248159524,-17.58026790731));
#1419 = CARTESIAN_POINT('',(-3.15550298775,-17.51004576607));
#1420 = CARTESIAN_POINT('',(-3.146285439061,-17.47291425801));
#1421 = CARTESIAN_POINT('',(-3.136902486739,-17.47289868175));
#1422 = CARTESIAN_POINT('',(-3.127682638354,-17.51002687419));
#1423 = CARTESIAN_POINT('',(-3.118935346465,-17.58028929149));
#1424 = CARTESIAN_POINT('',(-3.103649317751,-17.76176884502));
#1425 = CARTESIAN_POINT('',(-3.096958608159,-17.86870677118));
#1426 = CARTESIAN_POINT('',(-3.090870211122,-17.99247126093));
#1427 = CARTESIAN_POINT('',(-3.085396397083,-18.12971631336));
#1428 = CARTESIAN_POINT('',(-3.080536658008,-18.27751887388));
#1429 = CARTESIAN_POINT('',(-3.076281650669,-18.43329885814));
#1430 = CARTESIAN_POINT('',(-3.068397951727,-18.78048658395));
#1431 = CARTESIAN_POINT('',(-3.064940020478,-18.9745559746));
#1432 = CARTESIAN_POINT('',(-3.062210033179,-19.17446713003));
#1433 = CARTESIAN_POINT('',(-3.060181807656,-19.37832703809));
#1434 = CARTESIAN_POINT('',(-3.058836041077,-19.58467593594));
#1435 = CARTESIAN_POINT('',(-3.058162566979,-19.79229099116));
#1436 = CARTESIAN_POINT('',(-3.058162566979,-20.));
#1437 = ( GEOMETRIC_REPRESENTATION_CONTEXT(2) 
PARAMETRIC_REPRESENTATION_CONTEXT() REPRESENTATION_CONTEXT('2D SPACE',''
  ) );
#1438 = PCURVE('',#1439,#1444);
#1439 = CYLINDRICAL_SURFACE('',#1440,2.5);
#1440 = AXIS2_PLACEMENT_3D('',#1441,#1442,#1443);
#1441 = CARTESIAN_POINT('',(0.,0.,20.));
#1442 = DIRECTION('',(1.,0.,0.));
#1443 = DIRECTION('',(0.,1.,0.));
#1444 = DEFINITIONAL_REPRESENTATION('',(#1445),#1502);
#1445 = B_SPLINE_CURVE_WITH_KNOTS('',7,(#1446,#1447,#1448,#1449,#1450,
    #1451,#1452,#1453,#1454,#1455,#1456,#1457,#1458,#1459,#1460,#1461,
    #1462,#1463,#1464,#1465,#1466,#1467,#1468,#1469,#1470,#1471,#1472,
    #1473,#1474,#1475,#1476,#1477,#1478,#1479,#1480,#1481,#1482,#1483,
    #1484,#1485,#1486,#1487,#1488,#1489,#1490,#1491,#1492,#1493,#1494,
    #1495,#1496,#1497,#1498,#1499,#1500,#1501),.UNSPECIFIED.,.F.,.F.,(8,
    6,6,6,6,6,6,6,6,8),(0.,0.127058060619,0.21590794173,0.300636656209,
    0.431401872999,0.568161313152,0.698968448009,0.801171376856,
    0.89365555256,1.),.UNSPECIFIED.);
#1446 = CARTESIAN_POINT('',(0.,-29.89565185775));
#1447 = CARTESIAN_POINT('',(9.943817189979E-02,-29.89565185775));
#1448 = CARTESIAN_POINT('',(0.19878187083,-29.89806348985));
#1449 = CARTESIAN_POINT('',(0.298880970834,-29.90287908219));
#1450 = CARTESIAN_POINT('',(0.400486348239,-29.90997702575));
#1451 = CARTESIAN_POINT('',(0.504391055058,-29.91911192275));
#1452 = CARTESIAN_POINT('',(0.611403005503,-29.92982081404));
#1453 = CARTESIAN_POINT('',(0.800301216473,-29.94938080463));
#1454 = CARTESIAN_POINT('',(0.880584737139,-29.95787590051));
#1455 = CARTESIAN_POINT('',(0.963308616807,-29.96650906579));
#1456 = CARTESIAN_POINT('',(1.048461387113,-29.97487816931));
#1457 = CARTESIAN_POINT('',(1.136098682352,-29.98250489272));
#1458 = CARTESIAN_POINT('',(1.226351001179,-29.98888303797));
#1459 = CARTESIAN_POINT('',(1.408267695019,-29.99801406524));
#1460 = CARTESIAN_POINT('',(1.499016722265,-30.00088859326));
#1461 = CARTESIAN_POINT('',(1.590637357117,-30.00176432724));
#1462 = CARTESIAN_POINT('',(1.682244460753,-30.00043836967));
#1463 = CARTESIAN_POINT('',(1.772993098122,-29.99704159396));
#1464 = CARTESIAN_POINT('',(1.861921094513,-29.99200621411));
#1465 = CARTESIAN_POINT('',(2.080308421556,-29.97642633843));
#1466 = CARTESIAN_POINT('',(2.20574053942,-29.96436117894));
#1467 = CARTESIAN_POINT('',(2.325511772247,-29.95126560442));
#1468 = CARTESIAN_POINT('',(2.440540799041,-29.93851402107));
#1469 = CARTESIAN_POINT('',(2.551610410279,-29.92701195006));
#1470 = CARTESIAN_POINT('',(2.659400564509,-29.91733817584));
#1471 = CARTESIAN_POINT('',(2.874624874719,-29.9019449028));
#1472 = CARTESIAN_POINT('',(2.982270341801,-29.89639467493));
#1473 = CARTESIAN_POINT('',(3.088618567255,-29.89354386928));
#1474 = CARTESIAN_POINT('',(3.19454272477,-29.89354207599));
#1475 = CARTESIAN_POINT('',(3.300920196887,-29.89639367025));
#1476 = CARTESIAN_POINT('',(3.408595690214,-29.9019474245));
#1477 = CARTESIAN_POINT('',(3.62378474267,-29.91733817584));
#1478 = CARTESIAN_POINT('',(3.731574896901,-29.92701195006));
#1479 = CARTESIAN_POINT('',(3.842644508138,-29.93851402107));
#1480 = CARTESIAN_POINT('',(3.957673534933,-29.95126560442));
#1481 = CARTESIAN_POINT('',(4.07744476776,-29.96436117894));
#1482 = CARTESIAN_POINT('',(4.202876885623,-29.97642633843));
#1483 = CARTESIAN_POINT('',(4.438939858569,-29.9932672047));
#1484 = CARTESIAN_POINT('',(4.546832523423,-29.999061262));
#1485 = CARTESIAN_POINT('',(4.65695795606,-30.00231211993));
#1486 = CARTESIAN_POINT('',(4.767789762448,-30.00231380453));
#1487 = CARTESIAN_POINT('',(4.877939100071,-29.99906256466));
#1488 = CARTESIAN_POINT('',(4.98586133802,-29.99326554705));
#1489 = CARTESIAN_POINT('',(5.183054980447,-29.97919764084));
#1490 = CARTESIAN_POINT('',(5.273396321288,-29.97119521906));
#1491 = CARTESIAN_POINT('',(5.360816145706,-29.96242610968));
#1492 = CARTESIAN_POINT('',(5.445609844031,-29.95340729867));
#1493 = CARTESIAN_POINT('',(5.528003618425,-29.94456986051));
#1494 = CARTESIAN_POINT('',(5.608180180828,-29.93624108116));
#1495 = CARTESIAN_POINT('',(5.776090170064,-29.91993994554));
#1496 = CARTESIAN_POINT('',(5.863553766536,-29.91216908301));
#1497 = CARTESIAN_POINT('',(5.949227922021,-29.90568529029));
#1498 = CARTESIAN_POINT('',(6.03358076555,-29.90069977495));
#1499 = CARTESIAN_POINT('',(6.117055083413,-29.89733561527));
#1500 = CARTESIAN_POINT('',(6.200101703647,-29.89565185775));
#1501 = CARTESIAN_POINT('',(6.28318530718,-29.89565185775));
#1502 = ( GEOMETRIC_REPRESENTATION_CONTEXT(2) 
PARAMETRIC_REPRESENTATION_CONTEXT() REPRESENTATION_CONTEXT('2D SPACE',''
  ) );
#1503 = FACE_BOUND('',#1504,.F.);
#1504 = EDGE_LOOP('',(#1505));
#1505 = ORIENTED_EDGE('',*,*,#1506,.T.);
#1506 = EDGE_CURVE('',#1507,#1507,#1509,.T.);
#1507 = VERTEX_POINT('',#1508);
#1508 = CARTESIAN_POINT('',(2.5,-29.89565185775,20.));
#1509 = SURFACE_CURVE('',#1510,(#1562,#1617),.PCURVE_S1.);
#1510 = B_SPLINE_CURVE_WITH_KNOTS('',8,(#1511,#1512,#1513,#1514,#1515,
    #1516,#1517,#1518,#1519,#1520,#1521,#1522,#1523,#1524,#1525,#1526,
    #1527,#1528,#1529,#1530,#1531,#1532,#1533,#1534,#1535,#1536,#1537,
    #1538,#1539,#1540,#1541,#1542,#1543,#1544,#1545,#1546,#1547,#1548,
    #1549,#1550,#1551,#1552,#1553,#1554,#1555,#1556,#1557,#1558,#1559,
    #1560,#1561),.UNSPECIFIED.,.T.,.F.,(9,7,7,7,7,7,7,9),(0.,
    0.154935675916,0.286384773276,0.411425949771,0.569115816879,
    0.707481643344,0.827684327768,1.),.UNSPECIFIED.);
#1511 = CARTESIAN_POINT('',(2.5,-29.89565185775,20.));
#1512 = CARTESIAN_POINT('',(2.5,-29.89565185775,20.260485731138));
#1513 = CARTESIAN_POINT('',(2.468981254215,-29.89824559764,
    20.520573424805));
#1514 = CARTESIAN_POINT('',(2.407111825072,-29.90342006042,
    20.77835761287));
#1515 = CARTESIAN_POINT('',(2.313665829329,-29.91105194081,
    21.03172423086));
#1516 = CARTESIAN_POINT('',(2.187318777397,-29.92089671159,
    21.277854784381));
#1517 = CARTESIAN_POINT('',(2.026341639094,-29.93250606177,
    21.512913385542));
#1518 = CARTESIAN_POINT('',(1.828886912718,-29.94512828703,
    21.731603732714));
#1519 = CARTESIAN_POINT('',(1.393906063501,-29.96826655584,
    22.091451186306));
#1520 = CARTESIAN_POINT('',(1.159333271723,-29.97921946851,
    22.24567267947));
#1521 = CARTESIAN_POINT('',(0.893266344556,-29.98939065755,
    22.375381436604));
#1522 = CARTESIAN_POINT('',(0.602145177301,-29.99743014245,
    22.470395858972));
#1523 = CARTESIAN_POINT('',(0.294884728607,-30.00207755153,
    22.523924315376));
#1524 = CARTESIAN_POINT('',(-1.83294969967E-02,-30.00275427358,
    22.532697221496));
#1525 = CARTESIAN_POINT('',(-0.327045352081,-29.99966524109,
    22.497118704268));
#1526 = CARTESIAN_POINT('',(-0.902038963748,-29.98774642327,
    22.349485437301));
#1527 = CARTESIAN_POINT('',(-1.160943982121,-29.97938429843,
    22.24348050856));
#1528 = CARTESIAN_POINT('',(-1.395904442705,-29.96932198218,
    22.109954580688));
#1529 = CARTESIAN_POINT('',(-1.605622696751,-29.95844937884,
    21.954509063125));
#1530 = CARTESIAN_POINT('',(-1.789623637264,-29.9475440134,
    21.782072628962));
#1531 = CARTESIAN_POINT('',(-1.948021280368,-29.93721677918,
    21.597035921749));
#1532 = CARTESIAN_POINT('',(-2.081402919008,-29.92790982426,
    21.403316164576));
#1533 = CARTESIAN_POINT('',(-2.328685748793,-29.90980351538,
    20.953510367028));
#1534 = CARTESIAN_POINT('',(-2.429878919184,-29.90166360792,
    20.691668500156));
#1535 = CARTESIAN_POINT('',(-2.496159812461,-29.89602919411,
    20.423241761554));
#1536 = CARTESIAN_POINT('',(-2.528780024891,-29.89318343789,
    20.151329750429));
#1537 = CARTESIAN_POINT('',(-2.528352065766,-29.89323609945,
    19.878471810707));
#1538 = CARTESIAN_POINT('',(-2.494806833062,-29.89616691647,
    19.60704187037));
#1539 = CARTESIAN_POINT('',(-2.427357443634,-29.90181585725,
    19.339625340688));
#1540 = CARTESIAN_POINT('',(-2.234136813231,-29.91683199867,
    18.851605735836));
#1541 = CARTESIAN_POINT('',(-2.116062083108,-29.92569438144,
    18.628112708356));
#1542 = CARTESIAN_POINT('',(-1.968968690398,-29.93616293672,
    18.41239687715));
#1543 = CARTESIAN_POINT('',(-1.791658225536,-29.94781994585,
    18.208361119064));
#1544 = CARTESIAN_POINT('',(-1.583236529588,-29.9600370943,
    18.020809259076));
#1545 = CARTESIAN_POINT('',(-1.343304713985,-29.97192076115,
    17.855573789226));
#1546 = CARTESIAN_POINT('',(-1.07234287272,-29.98232847324,
    17.719769759866));
#1547 = CARTESIAN_POINT('',(-0.512096592591,-29.99676039433,
    17.537734708711));
#1548 = CARTESIAN_POINT('',(-0.233885690353,-30.00134042487,
    17.483385530902));
#1549 = CARTESIAN_POINT('',(5.433511135324E-02,-30.00297656857,
    17.465304118726));
#1550 = CARTESIAN_POINT('',(0.343569229086,-30.00119386758,
    17.485987838692));
#1551 = CARTESIAN_POINT('',(0.624516371356,-29.99611693507,
    17.544541502255));
#1552 = CARTESIAN_POINT('',(0.888499711932,-29.98853641277,
    17.636766983311));
#1553 = CARTESIAN_POINT('',(1.128472084273,-29.97951301868,
    17.755215287077));
#1554 = CARTESIAN_POINT('',(1.642180529897,-29.95655188789,
    18.081224579982));
#1555 = CARTESIAN_POINT('',(1.896073177509,-29.9417045322,
    18.311898330261));
#1556 = CARTESIAN_POINT('',(2.102326138086,-29.92745382914,
    18.568016558859));
#1557 = CARTESIAN_POINT('',(2.263523512305,-29.91513713781,
    18.840863070668));
#1558 = CARTESIAN_POINT('',(2.382271320192,-29.90549620437,
    19.124281339675));
#1559 = CARTESIAN_POINT('',(2.460687624539,-29.89893944965,
    19.413940828675));
#1560 = CARTESIAN_POINT('',(2.5,-29.89565185775,19.70675092168));
#1561 = CARTESIAN_POINT('',(2.5,-29.89565185775,20.));
#1562 = PCURVE('',#32,#1563);
#1563 = DEFINITIONAL_REPRESENTATION('',(#1564),#1616);
#1564 = B_SPLINE_CURVE_WITH_KNOTS('',8,(#1565,#1566,#1567,#1568,#1569,
    #1570,#1571,#1572,#1573,#1574,#1575,#1576,#1577,#1578,#1579,#1580,
    #1581,#1582,#1583,#1584,#1585,#1586,#1587,#1588,#1589,#1590,#1591,
    #1592,#1593,#1594,#1595,#1596,#1597,#1598,#1599,#1600,#1601,#1602,
    #1603,#1604,#1605,#1606,#1607,#1608,#1609,#1610,#1611,#1612,#1613,
    #1614,#1615),.UNSPECIFIED.,.F.,.F.,(9,7,7,7,7,7,7,9),(0.,
    0.154935675916,0.286384773276,0.411425949771,0.569115816879,
    0.707481643344,0.827684327768,1.),.UNSPECIFIED.);
#1565 = CARTESIAN_POINT('',(-4.795819066995,-20.));
#1566 = CARTESIAN_POINT('',(-4.795819066995,-20.26048573113));
#1567 = CARTESIAN_POINT('',(-4.794781500378,-20.5205734248));
#1568 = CARTESIAN_POINT('',(-4.792711985495,-20.77835761287));
#1569 = CARTESIAN_POINT('',(-4.789586755367,-21.03172423086));
#1570 = CARTESIAN_POINT('',(-4.78536248469,-21.27785478438));
#1571 = CARTESIAN_POINT('',(-4.779982860315,-21.51291338554));
#1572 = CARTESIAN_POINT('',(-4.773387979206,-21.73160373271));
#1573 = CARTESIAN_POINT('',(-4.758868118529,-22.0914511863));
#1574 = CARTESIAN_POINT('',(-4.751040671822,-22.24567267947));
#1575 = CARTESIAN_POINT('',(-4.742165830123,-22.3753814366));
#1576 = CARTESIAN_POINT('',(-4.732459254049,-22.47039585897));
#1577 = CARTESIAN_POINT('',(-4.722217762842,-22.52392431537));
#1578 = CARTESIAN_POINT('',(-4.711778546151,-22.53269722149));
#1579 = CARTESIAN_POINT('',(-4.701488094937,-22.49711870426));
#1580 = CARTESIAN_POINT('',(-4.682317523982,-22.3494854373));
#1581 = CARTESIAN_POINT('',(-4.67368343482,-22.24348050856));
#1582 = CARTESIAN_POINT('',(-4.665844901188,-22.10995458068));
#1583 = CARTESIAN_POINT('',(-4.65884535771,-21.95450906312));
#1584 = CARTESIAN_POINT('',(-4.652701453862,-21.78207262896));
#1585 = CARTESIAN_POINT('',(-4.64741042183,-21.59703592174));
#1586 = CARTESIAN_POINT('',(-4.642953581728,-21.40331616457));
#1587 = CARTESIAN_POINT('',(-4.634688754222,-20.95351036702));
#1588 = CARTESIAN_POINT('',(-4.631304839406,-20.69166850015));
#1589 = CARTESIAN_POINT('',(-4.629087515113,-20.42324176155));
#1590 = CARTESIAN_POINT('',(-4.62799602817,-20.15132975042));
#1591 = CARTESIAN_POINT('',(-4.628010401938,-19.8784718107));
#1592 = CARTESIAN_POINT('',(-4.629132841841,-19.60704187037));
#1593 = CARTESIAN_POINT('',(-4.631388986616,-19.33962534068));
#1594 = CARTESIAN_POINT('',(-4.637849094675,-18.85160573583));
#1595 = CARTESIAN_POINT('',(-4.641795978647,-18.62811270835));
#1596 = CARTESIAN_POINT('',(-4.64671142123,-18.41239687715));
#1597 = CARTESIAN_POINT('',(-4.652634359049,-18.20836111906));
#1598 = CARTESIAN_POINT('',(-4.659593249409,-18.02080925907));
#1599 = CARTESIAN_POINT('',(-4.667600058424,-17.85557378922));
#1600 = CARTESIAN_POINT('',(-4.676638055878,-17.71976975986));
#1601 = CARTESIAN_POINT('',(-4.69531912695,-17.53773470871));
#1602 = CARTESIAN_POINT('',(-4.704593678526,-17.4833855309));
#1603 = CARTESIAN_POINT('',(-4.714200262438,-17.46530411872));
#1604 = CARTESIAN_POINT('',(-4.723840212501,-17.48598783869));
#1605 = CARTESIAN_POINT('',(-4.733205522814,-17.54454150225));
#1606 = CARTESIAN_POINT('',(-4.742008012569,-17.63676698331));
#1607 = CARTESIAN_POINT('',(-4.750012542688,-17.75521528707));
#1608 = CARTESIAN_POINT('',(-4.767153253831,-18.08122457998));
#1609 = CARTESIAN_POINT('',(-4.775629999077,-18.31189833026));
#1610 = CARTESIAN_POINT('',(-4.782521024995,-18.56801655885));
#1611 = CARTESIAN_POINT('',(-4.787909817713,-18.84086307067));
#1612 = CARTESIAN_POINT('',(-4.791881078564,-19.12428133967));
#1613 = CARTESIAN_POINT('',(-4.794504080982,-19.41394082867));
#1614 = CARTESIAN_POINT('',(-4.795819066995,-19.70675092168));
#1615 = CARTESIAN_POINT('',(-4.795819066995,-20.));
#1616 = ( GEOMETRIC_REPRESENTATION_CONTEXT(2) 
PARAMETRIC_REPRESENTATION_CONTEXT() REPRESENTATION_CONTEXT('2D SPACE',''
  ) );
#1617 = PCURVE('',#1618,#1623);
#1618 = CYLINDRICAL_SURFACE('',#1619,2.5);
#1619 = AXIS2_PLACEMENT_3D('',#1620,#1621,#1622);
#1620 = CARTESIAN_POINT('',(0.,0.,20.));
#1621 = DIRECTION('',(-0.,1.,-0.));
#1622 = DIRECTION('',(1.,0.,0.));
#1623 = DEFINITIONAL_REPRESENTATION('',(#1624),#1676);
#1624 = B_SPLINE_CURVE_WITH_KNOTS('',8,(#1625,#1626,#1627,#1628,#1629,
    #1630,#1631,#1632,#1633,#1634,#1635,#1636,#1637,#1638,#1639,#1640,
    #1641,#1642,#1643,#1644,#1645,#1646,#1647,#1648,#1649,#1650,#1651,
    #1652,#1653,#1654,#1655,#1656,#1657,#1658,#1659,#1660,#1661,#1662,
    #1663,#1664,#1665,#1666,#1667,#1668,#1669,#1670,#1671,#1672,#1673,
    #1674,#1675),.UNSPECIFIED.,.F.,.F.,(9,7,7,7,7,7,7,9),(0.,
    0.154935675916,0.286384773276,0.411425949771,0.569115816879,
    0.707481643344,0.827684327768,1.),.UNSPECIFIED.);
#1625 = CARTESIAN_POINT('',(0.,-29.89565185775));
#1626 = CARTESIAN_POINT('',(-0.104194292455,-29.89565185775));
#1627 = CARTESIAN_POINT('',(-0.2082289042,-29.89824559764));
#1628 = CARTESIAN_POINT('',(-0.313067983674,-29.90342006042));
#1629 = CARTESIAN_POINT('',(-0.419561446251,-29.91105194081));
#1630 = CARTESIAN_POINT('',(-0.528541388743,-29.92089671159));
#1631 = CARTESIAN_POINT('',(-0.640862842794,-29.93250606177));
#1632 = CARTESIAN_POINT('',(-0.757479612678,-29.94512828703));
#1633 = CARTESIAN_POINT('',(-0.983293174376,-29.96826655584));
#1634 = CARTESIAN_POINT('',(-1.094911759202,-29.97921946851));
#1635 = CARTESIAN_POINT('',(-1.211682019247,-29.98939065755));
#1636 = CARTESIAN_POINT('',(-1.331824616695,-29.99743014245));
#1637 = CARTESIAN_POINT('',(-1.454060747542,-30.00207755153));
#1638 = CARTESIAN_POINT('',(-1.577282442346,-30.00275427358));
#1639 = CARTESIAN_POINT('',(-1.700428719942,-29.99966524109));
#1640 = CARTESIAN_POINT('',(-1.93788633215,-29.98774642327));
#1641 = CARTESIAN_POINT('',(-2.048740121809,-29.97938429843));
#1642 = CARTESIAN_POINT('',(-2.155416097751,-29.96932198218));
#1643 = CARTESIAN_POINT('',(-2.258385791086,-29.95844937884));
#1644 = CARTESIAN_POINT('',(-2.358001875319,-29.9475440134));
#1645 = CARTESIAN_POINT('',(-2.454527556579,-29.93721677918));
#1646 = CARTESIAN_POINT('',(-2.54813309873,-29.92790982426));
#1647 = CARTESIAN_POINT('',(-2.753451993492,-29.90980351538));
#1648 = CARTESIAN_POINT('',(-2.864733772457,-29.90166360792));
#1649 = CARTESIAN_POINT('',(-2.973883071074,-29.89602919411));
#1650 = CARTESIAN_POINT('',(-3.081805615679,-29.89318343789));
#1651 = CARTESIAN_POINT('',(-3.189351418547,-29.89323609945));
#1652 = CARTESIAN_POINT('',(-3.297369152776,-29.89616691647));
#1653 = CARTESIAN_POINT('',(-3.406756154805,-29.90181585725));
#1654 = CARTESIAN_POINT('',(-3.616707519357,-29.91683199867));
#1655 = CARTESIAN_POINT('',(-3.717212694612,-29.92569438144));
#1656 = CARTESIAN_POINT('',(-3.820541641445,-29.93616293672));
#1657 = CARTESIAN_POINT('',(-3.927141746899,-29.94781994585));
#1658 = CARTESIAN_POINT('',(-4.037521030978,-29.9600370943));
#1659 = CARTESIAN_POINT('',(-4.15227086467,-29.97192076115));
#1660 = CARTESIAN_POINT('',(-4.27213820242,-29.98232847324));
#1661 = CARTESIAN_POINT('',(-4.507769322351,-29.99676039433));
#1662 = CARTESIAN_POINT('',(-4.620325182688,-30.00134042487));
#1663 = CARTESIAN_POINT('',(-4.73420746874,-30.00297656857));
#1664 = CARTESIAN_POINT('',(-4.848157341675,-30.00119386758));
#1665 = CARTESIAN_POINT('',(-4.960991036871,-29.99611693507));
#1666 = CARTESIAN_POINT('',(-5.071436089874,-29.98853641277));
#1667 = CARTESIAN_POINT('',(-5.177869536334,-29.97951301868));
#1668 = CARTESIAN_POINT('',(-5.421238696637,-29.95655188789));
#1669 = CARTESIAN_POINT('',(-5.556427133435,-29.9417045322));
#1670 = CARTESIAN_POINT('',(-5.685465781126,-29.92745382914));
#1671 = CARTESIAN_POINT('',(-5.809718314022,-29.91513713781));
#1672 = CARTESIAN_POINT('',(-5.930440922571,-29.90549620437));
#1673 = CARTESIAN_POINT('',(-6.048761107553,-29.89893944965));
#1674 = CARTESIAN_POINT('',(-6.165885675851,-29.89565185775));
#1675 = CARTESIAN_POINT('',(-6.28318530718,-29.89565185775));
#1676 = ( GEOMETRIC_REPRESENTATION_CONTEXT(2) 
PARAMETRIC_REPRESENTATION_CONTEXT() REPRESENTATION_CONTEXT('2D SPACE',''
  ) );
#1677 = ADVANCED_FACE('',(#1678),#117,.F.);
#1678 = FACE_BOUND('',#1679,.T.);
#1679 = EDGE_LOOP('',(#1680,#1761,#1782,#1783,#1784,#1785,#1786,#1842));
#1680 = ORIENTED_EDGE('',*,*,#1681,.F.);
#1681 = EDGE_CURVE('',#1682,#1684,#1686,.T.);
#1682 = VERTEX_POINT('',#1683);
#1683 = CARTESIAN_POINT('',(27.888169534769,2.5,20.));
#1684 = VERTEX_POINT('',#1685);
#1685 = CARTESIAN_POINT('',(28.,0.,22.5));
#1686 = SURFACE_CURVE('',#1687,(#1708,#1732),.PCURVE_S1.);
#1687 = B_SPLINE_CURVE_WITH_KNOTS('',7,(#1688,#1689,#1690,#1691,#1692,
    #1693,#1694,#1695,#1696,#1697,#1698,#1699,#1700,#1701,#1702,#1703,
    #1704,#1705,#1706,#1707),.UNSPECIFIED.,.F.,.F.,(8,6,6,8),(0.,
    0.508527134098,0.79496467655,1.),.UNSPECIFIED.);
#1688 = CARTESIAN_POINT('',(27.888169534769,2.5,20.));
#1689 = CARTESIAN_POINT('',(27.888169534769,2.5,20.248612546962));
#1690 = CARTESIAN_POINT('',(27.890755120542,2.471156844238,
    20.496989005324));
#1691 = CARTESIAN_POINT('',(27.895918049757,2.413564302126,
    20.74323119358));
#1692 = CARTESIAN_POINT('',(27.903527452835,2.326562722599,
    20.98524100132));
#1693 = CARTESIAN_POINT('',(27.913319311245,2.208922522441,
    21.220345732639));
#1694 = CARTESIAN_POINT('',(27.924796622674,2.059042295639,
    21.444839615476));
#1695 = CARTESIAN_POINT('',(27.94407983448,1.771768769515,
    21.770687469199));
#1696 = CARTESIAN_POINT('',(27.951317954242,1.657242911581,
    21.883303336256));
#1697 = CARTESIAN_POINT('',(27.958682011721,1.531585258141,
    21.989791279409));
#1698 = CARTESIAN_POINT('',(27.965969650595,1.394808178506,
    22.088730339954));
#1699 = CARTESIAN_POINT('',(27.972941757994,1.24707389779,
    22.178599937366));
#1700 = CARTESIAN_POINT('',(27.979332992315,1.088723370266,
    22.257762191435));
#1701 = CARTESIAN_POINT('',(27.988835846998,0.799760122088,
    22.372170834902));
#1702 = CARTESIAN_POINT('',(27.992363827132,0.674037774164,
    22.413510368263));
#1703 = CARTESIAN_POINT('',(27.995334931055,0.543972131673,
    22.447556501089));
#1704 = CARTESIAN_POINT('',(27.997643787522,0.410500027419,
    22.473610942966));
#1705 = CARTESIAN_POINT('',(27.999212895787,0.274636621909,
    22.491184217601));
#1706 = CARTESIAN_POINT('',(28.,0.137444132061,22.5));
#1707 = CARTESIAN_POINT('',(28.,1.492925149359E-15,22.5));
#1708 = PCURVE('',#117,#1709);
#1709 = DEFINITIONAL_REPRESENTATION('',(#1710),#1731);
#1710 = B_SPLINE_CURVE_WITH_KNOTS('',7,(#1711,#1712,#1713,#1714,#1715,
    #1716,#1717,#1718,#1719,#1720,#1721,#1722,#1723,#1724,#1725,#1726,
    #1727,#1728,#1729,#1730),.UNSPECIFIED.,.F.,.F.,(8,6,6,8),(0.,
    0.508527134098,0.79496467655,1.),.UNSPECIFIED.);
#1711 = CARTESIAN_POINT('',(0.,-27.88816953476));
#1712 = CARTESIAN_POINT('',(-9.944501878479E-02,-27.88816953476));
#1713 = CARTESIAN_POINT('',(-0.198795407622,-27.89075512054));
#1714 = CARTESIAN_POINT('',(-0.298899468302,-27.89591804975));
#1715 = CARTESIAN_POINT('',(-0.400506790834,-27.90352745283));
#1716 = CARTESIAN_POINT('',(-0.504409443255,-27.91331931124));
#1717 = CARTESIAN_POINT('',(-0.611414745566,-27.92479662267));
#1718 = CARTESIAN_POINT('',(-0.78517453497,-27.94407983448));
#1719 = CARTESIAN_POINT('',(-0.849259312595,-27.95131795424));
#1720 = CARTESIAN_POINT('',(-0.914850534716,-27.95868201172));
#1721 = CARTESIAN_POINT('',(-0.98200546691,-27.96596965059));
#1722 = CARTESIAN_POINT('',(-1.050803584186,-27.97294175799));
#1723 = CARTESIAN_POINT('',(-1.121352531356,-27.97933299231));
#1724 = CARTESIAN_POINT('',(-1.245667677013,-27.98883584699));
#1725 = CARTESIAN_POINT('',(-1.298512380852,-27.99236382713));
#1726 = CARTESIAN_POINT('',(-1.352126322985,-27.99533493105));
#1727 = CARTESIAN_POINT('',(-1.406324880546,-27.99764378752));
#1728 = CARTESIAN_POINT('',(-1.460941684419,-27.99921289578));
#1729 = CARTESIAN_POINT('',(-1.51581867397,-28.));
#1730 = CARTESIAN_POINT('',(-1.570796326795,-28.));
#1731 = ( GEOMETRIC_REPRESENTATION_CONTEXT(2) 
PARAMETRIC_REPRESENTATION_CONTEXT() REPRESENTATION_CONTEXT('2D SPACE',''
  ) );
#1732 = PCURVE('',#1733,#1738);
#1733 = CYLINDRICAL_SURFACE('',#1734,28.);
#1734 = AXIS2_PLACEMENT_3D('',#1735,#1736,#1737);
#1735 = CARTESIAN_POINT('',(0.,0.,0.));
#1736 = DIRECTION('',(-0.,-0.,-1.));
#1737 = DIRECTION('',(1.,0.,0.));
#1738 = DEFINITIONAL_REPRESENTATION('',(#1739),#1760);
#1739 = B_SPLINE_CURVE_WITH_KNOTS('',7,(#1740,#1741,#1742,#1743,#1744,
    #1745,#1746,#1747,#1748,#1749,#1750,#1751,#1752,#1753,#1754,#1755,
    #1756,#1757,#1758,#1759),.UNSPECIFIED.,.F.,.F.,(8,6,6,8),(0.,
    0.508527134098,0.79496467655,1.),.UNSPECIFIED.);
#1740 = CARTESIAN_POINT('',(-8.94047719276E-02,-20.));
#1741 = CARTESIAN_POINT('',(-8.94047719276E-02,-20.24861254696));
#1742 = CARTESIAN_POINT('',(-8.837052875994E-02,-20.49698900532));
#1743 = CARTESIAN_POINT('',(-8.63054028739E-02,-20.74323119358));
#1744 = CARTESIAN_POINT('',(-8.318635207544E-02,-20.98524100132));
#1745 = CARTESIAN_POINT('',(-7.897046415966E-02,-21.22034573263));
#1746 = CARTESIAN_POINT('',(-7.36021645322E-02,-21.44483961547));
#1747 = CARTESIAN_POINT('',(-6.331930771999E-02,-21.77068746919));
#1748 = CARTESIAN_POINT('',(-5.922096945044E-02,-21.88330333625));
#1749 = CARTESIAN_POINT('',(-5.472557388886E-02,-21.9897912794));
#1750 = CARTESIAN_POINT('',(-4.983388755267E-02,-22.08873033995));
#1751 = CARTESIAN_POINT('',(-4.455197244367E-02,-22.17859993736));
#1752 = CARTESIAN_POINT('',(-3.889214999481E-02,-22.25776219143));
#1753 = CARTESIAN_POINT('',(-2.856645493959E-02,-22.3721708349));
#1754 = CARTESIAN_POINT('',(-2.407465558686E-02,-22.41351036826));
#1755 = CARTESIAN_POINT('',(-1.942834613529E-02,-22.44755650108));
#1756 = CARTESIAN_POINT('',(-1.466090810126E-02,-22.47361094296));
#1757 = CARTESIAN_POINT('',(-9.808450911351E-03,-22.4911842176));
#1758 = CARTESIAN_POINT('',(-4.90871900219E-03,-22.5));
#1759 = CARTESIAN_POINT('',(0.,-22.5));
#1760 = ( GEOMETRIC_REPRESENTATION_CONTEXT(2) 
PARAMETRIC_REPRESENTATION_CONTEXT() REPRESENTATION_CONTEXT('2D SPACE',''
  ) );
#1761 = ORIENTED_EDGE('',*,*,#1762,.T.);
#1762 = EDGE_CURVE('',#1682,#80,#1763,.T.);
#1763 = SEAM_CURVE('',#1764,(#1768,#1775),.PCURVE_S1.);
#1764 = LINE('',#1765,#1766);
#1765 = CARTESIAN_POINT('',(0.,2.5,20.));
#1766 = VECTOR('',#1767,1.);
#1767 = DIRECTION('',(1.,0.,0.));
#1768 = PCURVE('',#117,#1769);
#1769 = DEFINITIONAL_REPRESENTATION('',(#1770),#1774);
#1770 = LINE('',#1771,#1772);
#1771 = CARTESIAN_POINT('',(-6.28318530718,0.));
#1772 = VECTOR('',#1773,1.);
#1773 = DIRECTION('',(-0.,-1.));
#1774 = ( GEOMETRIC_REPRESENTATION_CONTEXT(2) 
PARAMETRIC_REPRESENTATION_CONTEXT() REPRESENTATION_CONTEXT('2D SPACE',''
  ) );
#1775 = PCURVE('',#117,#1776);
#1776 = DEFINITIONAL_REPRESENTATION('',(#1777),#1781);
#1777 = LINE('',#1778,#1779);
#1778 = CARTESIAN_POINT('',(-0.,0.));
#1779 = VECTOR('',#1780,1.);
#1780 = DIRECTION('',(-0.,-1.));
#1781 = ( GEOMETRIC_REPRESENTATION_CONTEXT(2) 
PARAMETRIC_REPRESENTATION_CONTEXT() REPRESENTATION_CONTEXT('2D SPACE',''
  ) );
#1782 = ORIENTED_EDGE('',*,*,#140,.T.);
#1783 = ORIENTED_EDGE('',*,*,#514,.T.);
#1784 = ORIENTED_EDGE('',*,*,#79,.T.);
#1785 = ORIENTED_EDGE('',*,*,#1762,.F.);
#1786 = ORIENTED_EDGE('',*,*,#1787,.F.);
#1787 = EDGE_CURVE('',#1788,#1682,#1790,.T.);
#1788 = VERTEX_POINT('',#1789);
#1789 = CARTESIAN_POINT('',(28.,0.,17.5));
#1790 = SURFACE_CURVE('',#1791,(#1806,#1824),.PCURVE_S1.);
#1791 = B_SPLINE_CURVE_WITH_KNOTS('',7,(#1792,#1793,#1794,#1795,#1796,
    #1797,#1798,#1799,#1800,#1801,#1802,#1803,#1804,#1805),
  .UNSPECIFIED.,.F.,.F.,(8,6,8),(0.,0.448462715752,1.),.UNSPECIFIED.);
#1792 = CARTESIAN_POINT('',(28.,8.80601749785E-16,17.5));
#1793 = CARTESIAN_POINT('',(28.,0.305145555417,17.5));
#1794 = CARTESIAN_POINT('',(27.996120216817,0.603366634983,
    17.543452788251));
#1795 = CARTESIAN_POINT('',(27.988677920805,0.887008438565,
    17.626810810896));
#1796 = CARTESIAN_POINT('',(27.978558517327,1.149467621313,
    17.744855782031));
#1797 = CARTESIAN_POINT('',(27.967024213825,1.385559721719,
    17.890809532499));
#1798 = CARTESIAN_POINT('',(27.955260747907,1.591985912599,
    18.056452006667));
#1799 = CARTESIAN_POINT('',(27.930464844302,1.983949467635,
    18.448415561702));
#1800 = CARTESIAN_POINT('',(27.917375023208,2.159899873473,
    18.686050680716));
#1801 = CARTESIAN_POINT('',(27.906054640026,2.297604473513,
    18.937496204573));
#1802 = CARTESIAN_POINT('',(27.897206601892,2.399191797974,
    19.197733152089));
#1803 = CARTESIAN_POINT('',(27.891186057266,2.466349238768,
    19.463267714347));
#1804 = CARTESIAN_POINT('',(27.888169534769,2.5,19.731464266919));
#1805 = CARTESIAN_POINT('',(27.888169534769,2.5,20.));
#1806 = PCURVE('',#117,#1807);
#1807 = DEFINITIONAL_REPRESENTATION('',(#1808),#1823);
#1808 = B_SPLINE_CURVE_WITH_KNOTS('',7,(#1809,#1810,#1811,#1812,#1813,
    #1814,#1815,#1816,#1817,#1818,#1819,#1820,#1821,#1822),
  .UNSPECIFIED.,.F.,.F.,(8,6,8),(0.,0.448462715752,1.),.UNSPECIFIED.);
#1809 = CARTESIAN_POINT('',(-4.712388980385,-28.));
#1810 = CARTESIAN_POINT('',(-4.834447202551,-28.));
#1811 = CARTESIAN_POINT('',(-4.953735505789,-27.99612021681));
#1812 = CARTESIAN_POINT('',(-5.070162952084,-27.9886779208));
#1813 = CARTESIAN_POINT('',(-5.18344929229,-27.97855851732));
#1814 = CARTESIAN_POINT('',(-5.293113352047,-27.96702421382));
#1815 = CARTESIAN_POINT('',(-5.398350371264,-27.9552607479));
#1816 = CARTESIAN_POINT('',(-5.620078441459,-27.9304648443));
#1817 = CARTESIAN_POINT('',(-5.737058371387,-27.9173750232));
#1818 = CARTESIAN_POINT('',(-5.85011192469,-27.90605464002));
#1819 = CARTESIAN_POINT('',(-5.960252919294,-27.89720660189));
#1820 = CARTESIAN_POINT('',(-6.068492787527,-27.89118605726));
#1821 = CARTESIAN_POINT('',(-6.175771013947,-27.88816953476));
#1822 = CARTESIAN_POINT('',(-6.28318530718,-27.88816953476));
#1823 = ( GEOMETRIC_REPRESENTATION_CONTEXT(2) 
PARAMETRIC_REPRESENTATION_CONTEXT() REPRESENTATION_CONTEXT('2D SPACE',''
  ) );
#1824 = PCURVE('',#1733,#1825);
#1825 = DEFINITIONAL_REPRESENTATION('',(#1826),#1841);
#1826 = B_SPLINE_CURVE_WITH_KNOTS('',7,(#1827,#1828,#1829,#1830,#1831,
    #1832,#1833,#1834,#1835,#1836,#1837,#1838,#1839,#1840),
  .UNSPECIFIED.,.F.,.F.,(8,6,8),(0.,0.448462715752,1.),.UNSPECIFIED.);
#1827 = CARTESIAN_POINT('',(0.,-17.5));
#1828 = CARTESIAN_POINT('',(-1.08980555506E-02,-17.5));
#1829 = CARTESIAN_POINT('',(-2.154881056428E-02,-17.54345278825));
#1830 = CARTESIAN_POINT('',(-3.168097695041E-02,-17.62681081089));
#1831 = CARTESIAN_POINT('',(-4.106046562218E-02,-17.74485578203));
#1832 = CARTESIAN_POINT('',(-4.950192926167E-02,-17.89080953249));
#1833 = CARTESIAN_POINT('',(-5.688610792338E-02,-18.05645200666));
#1834 = CARTESIAN_POINT('',(-7.091278919114E-02,-18.4484155617));
#1835 = CARTESIAN_POINT('',(-7.721371108711E-02,-18.68605068071));
#1836 = CARTESIAN_POINT('',(-8.214820208015E-02,-18.93749620457));
#1837 = CARTESIAN_POINT('',(-8.579004003322E-02,-19.19773315208));
#1838 = CARTESIAN_POINT('',(-8.819814021992E-02,-19.46326771434));
#1839 = CARTESIAN_POINT('',(-8.94047719276E-02,-19.73146426691));
#1840 = CARTESIAN_POINT('',(-8.94047719276E-02,-20.));
#1841 = ( GEOMETRIC_REPRESENTATION_CONTEXT(2) 
PARAMETRIC_REPRESENTATION_CONTEXT() REPRESENTATION_CONTEXT('2D SPACE',''
  ) );
#1842 = ORIENTED_EDGE('',*,*,#1843,.F.);
#1843 = EDGE_CURVE('',#1684,#1788,#1844,.T.);
#1844 = SURFACE_CURVE('',#1845,(#1872,#1902),.PCURVE_S1.);
#1845 = B_SPLINE_CURVE_WITH_KNOTS('',7,(#1846,#1847,#1848,#1849,#1850,
    #1851,#1852,#1853,#1854,#1855,#1856,#1857,#1858,#1859,#1860,#1861,
    #1862,#1863,#1864,#1865,#1866,#1867,#1868,#1869,#1870,#1871),
  .UNSPECIFIED.,.F.,.F.,(8,6,6,6,8),(0.,0.244310892574,0.500057094212,
    0.755802240936,1.),.UNSPECIFIED.);
#1846 = CARTESIAN_POINT('',(28.,-1.7763568394E-15,22.5));
#1847 = CARTESIAN_POINT('',(28.,-0.333575213212,22.5));
#1848 = CARTESIAN_POINT('',(27.995363613781,-0.657691247832,
    22.448073464993));
#1849 = CARTESIAN_POINT('',(27.986564425073,-0.963003355662,
    22.349517059985));
#1850 = CARTESIAN_POINT('',(27.974828894854,-1.241852416896,
    22.211354667963));
#1851 = CARTESIAN_POINT('',(27.961800593236,-1.488514977185,
    22.042255577842));
#1852 = CARTESIAN_POINT('',(27.948914990554,-1.699736560942,
    21.852391971801));
#1853 = CARTESIAN_POINT('',(27.924797096842,-2.059035231679,
    21.444847627966));
#1854 = CARTESIAN_POINT('',(27.913319408938,-2.208922672151,
    21.220349767917));
#1855 = CARTESIAN_POINT('',(27.903527066638,-2.326566969718,
    20.985235429794));
#1856 = CARTESIAN_POINT('',(27.895917817178,-2.413566892013,
    20.743221362509));
#1857 = CARTESIAN_POINT('',(27.890755145195,-2.471156576388,
    20.496983282135));
#1858 = CARTESIAN_POINT('',(27.888169534769,-2.5,20.248613572454));
#1859 = CARTESIAN_POINT('',(27.888169534769,-2.5,19.751387453038));
#1860 = CARTESIAN_POINT('',(27.890755120542,-2.471156844238,
    19.503010994676));
#1861 = CARTESIAN_POINT('',(27.895918049757,-2.413564302126,
    19.25676880642));
#1862 = CARTESIAN_POINT('',(27.903527452835,-2.326562722599,
    19.01475899868));
#1863 = CARTESIAN_POINT('',(27.913319311245,-2.208922522441,
    18.779654267361));
#1864 = CARTESIAN_POINT('',(27.924796622674,-2.059042295639,
    18.555160384524));
#1865 = CARTESIAN_POINT('',(27.948910035432,-1.699810380344,
    18.147691759875));
#1866 = CARTESIAN_POINT('',(27.961797077755,-1.488583536988,
    17.95778031146));
#1867 = CARTESIAN_POINT('',(27.974830952777,-1.241845002236,
    17.788608868354));
#1868 = CARTESIAN_POINT('',(27.986570799759,-0.962890803579,
    17.650411700869));
#1869 = CARTESIAN_POINT('',(27.995368088042,-0.657505823115,
    17.551876393564));
#1870 = CARTESIAN_POINT('',(28.,-0.333414141135,17.5));
#1871 = CARTESIAN_POINT('',(28.,-2.6645352591E-15,17.5));
#1872 = PCURVE('',#117,#1873);
#1873 = DEFINITIONAL_REPRESENTATION('',(#1874),#1901);
#1874 = B_SPLINE_CURVE_WITH_KNOTS('',7,(#1875,#1876,#1877,#1878,#1879,
    #1880,#1881,#1882,#1883,#1884,#1885,#1886,#1887,#1888,#1889,#1890,
    #1891,#1892,#1893,#1894,#1895,#1896,#1897,#1898,#1899,#1900),
  .UNSPECIFIED.,.F.,.F.,(8,6,6,6,8),(0.,0.244310892574,0.500057094212,
    0.755802240936,1.),.UNSPECIFIED.);
#1875 = CARTESIAN_POINT('',(-1.570796326795,-28.));
#1876 = CARTESIAN_POINT('',(-1.70422641208,-28.));
#1877 = CARTESIAN_POINT('',(-1.833872736057,-27.99536361378));
#1878 = CARTESIAN_POINT('',(-1.95987789249,-27.98656442507));
#1879 = CARTESIAN_POINT('',(-2.082067774633,-27.97482889485));
#1880 = CARTESIAN_POINT('',(-2.200007923355,-27.96180059323));
#1881 = CARTESIAN_POINT('',(-2.312848836197,-27.94891499055));
#1882 = CARTESIAN_POINT('',(-2.530173635329,-27.92479709684));
#1883 = CARTESIAN_POINT('',(-2.637182035793,-27.91331940893));
#1884 = CARTESIAN_POINT('',(-2.741088416191,-27.90352706663));
#1885 = CARTESIAN_POINT('',(-2.842697130115,-27.89591781717));
#1886 = CARTESIAN_POINT('',(-2.942799522826,-27.89075514519));
#1887 = CARTESIAN_POINT('',(-3.042147224608,-27.88816953476));
#1888 = CARTESIAN_POINT('',(-3.241037672375,-27.88816953476));
#1889 = CARTESIAN_POINT('',(-3.340388061212,-27.89075512054));
#1890 = CARTESIAN_POINT('',(-3.440492121891,-27.89591804975));
#1891 = CARTESIAN_POINT('',(-3.542099444424,-27.90352745283));
#1892 = CARTESIAN_POINT('',(-3.646002096845,-27.91331931124));
#1893 = CARTESIAN_POINT('',(-3.753007399156,-27.92479662267));
#1894 = CARTESIAN_POINT('',(-3.970291820701,-27.94891003543));
#1895 = CARTESIAN_POINT('',(-4.083148494538,-27.96179707775));
#1896 = CARTESIAN_POINT('',(-4.201127898362,-27.97483095277));
#1897 = CARTESIAN_POINT('',(-4.323357982067,-27.98657079975));
#1898 = CARTESIAN_POINT('',(-4.449386755142,-27.99536808804));
#1899 = CARTESIAN_POINT('',(-4.579023323931,-28.));
#1900 = CARTESIAN_POINT('',(-4.712388980385,-28.));
#1901 = ( GEOMETRIC_REPRESENTATION_CONTEXT(2) 
PARAMETRIC_REPRESENTATION_CONTEXT() REPRESENTATION_CONTEXT('2D SPACE',''
  ) );
#1902 = PCURVE('',#1733,#1903);
#1903 = DEFINITIONAL_REPRESENTATION('',(#1904),#1931);
#1904 = B_SPLINE_CURVE_WITH_KNOTS('',7,(#1905,#1906,#1907,#1908,#1909,
    #1910,#1911,#1912,#1913,#1914,#1915,#1916,#1917,#1918,#1919,#1920,
    #1921,#1922,#1923,#1924,#1925,#1926,#1927,#1928,#1929,#1930),
  .UNSPECIFIED.,.F.,.F.,(8,6,6,6,8),(0.,0.244310892574,0.500057094212,
    0.755802240936,1.),.UNSPECIFIED.);
#1905 = CARTESIAN_POINT('',(-6.28318530718,-22.5));
#1906 = CARTESIAN_POINT('',(-6.271271906708,-22.5));
#1907 = CARTESIAN_POINT('',(-6.25969633104,-22.44807346499));
#1908 = CARTESIAN_POINT('',(-6.248789582421,-22.34951705998));
#1909 = CARTESIAN_POINT('',(-6.238823055443,-22.21135466796));
#1910 = CARTESIAN_POINT('',(-6.230001876861,-22.04225557784));
#1911 = CARTESIAN_POINT('',(-6.222444367528,-21.8523919718));
#1912 = CARTESIAN_POINT('',(-6.209583395499,-21.44484762796));
#1913 = CARTESIAN_POINT('',(-6.204214837923,-21.22034976791));
#1914 = CARTESIAN_POINT('',(-6.199998802863,-20.98523542979));
#1915 = CARTESIAN_POINT('',(-6.196879811397,-20.7432213625));
#1916 = CARTESIAN_POINT('',(-6.19481478804,-20.49698328213));
#1917 = CARTESIAN_POINT('',(-6.193780535252,-20.24861357245));
#1918 = CARTESIAN_POINT('',(-6.193780535252,-19.75138745303));
#1919 = CARTESIAN_POINT('',(-6.19481477842,-19.50301099467));
#1920 = CARTESIAN_POINT('',(-6.196879904306,-19.25676880642));
#1921 = CARTESIAN_POINT('',(-6.199998955104,-19.01475899868));
#1922 = CARTESIAN_POINT('',(-6.20421484302,-18.77965426736));
#1923 = CARTESIAN_POINT('',(-6.209583142647,-18.55516038452));
#1924 = CARTESIAN_POINT('',(-6.222441725188,-18.14769175987));
#1925 = CARTESIAN_POINT('',(-6.229999425296,-17.95778031146));
#1926 = CARTESIAN_POINT('',(-6.238823324444,-17.78860886835));
#1927 = CARTESIAN_POINT('',(-6.248793606486,-17.65041170086));
#1928 = CARTESIAN_POINT('',(-6.259702953289,-17.55187639356));
#1929 = CARTESIAN_POINT('',(-6.271277659282,-17.5));
#1930 = CARTESIAN_POINT('',(-6.28318530718,-17.5));
#1931 = ( GEOMETRIC_REPRESENTATION_CONTEXT(2) 
PARAMETRIC_REPRESENTATION_CONTEXT() REPRESENTATION_CONTEXT('2D SPACE',''
  ) );
#1932 = ADVANCED_FACE('',(#1933),#275,.F.);
#1933 = FACE_BOUND('',#1934,.T.);
#1934 = EDGE_LOOP('',(#1935,#2011,#2032,#2033,#2034,#2035,#2036,#2092));
#1935 = ORIENTED_EDGE('',*,*,#1936,.F.);
#1936 = EDGE_CURVE('',#1937,#1939,#1941,.T.);
#1937 = VERTEX_POINT('',#1938);
#1938 = CARTESIAN_POINT('',(27.888169534769,2.5,35.));
#1939 = VERTEX_POINT('',#1940);
#1940 = CARTESIAN_POINT('',(28.,0.,37.5));
#1941 = SURFACE_CURVE('',#1942,(#1963,#1987),.PCURVE_S1.);
#1942 = B_SPLINE_CURVE_WITH_KNOTS('',7,(#1943,#1944,#1945,#1946,#1947,
    #1948,#1949,#1950,#1951,#1952,#1953,#1954,#1955,#1956,#1957,#1958,
    #1959,#1960,#1961,#1962),.UNSPECIFIED.,.F.,.F.,(8,6,6,8),(0.,
    0.508527134101,0.794964676555,1.),.UNSPECIFIED.);
#1943 = CARTESIAN_POINT('',(27.888169534769,2.5,35.));
#1944 = CARTESIAN_POINT('',(27.888169534769,2.5,35.248612546962));
#1945 = CARTESIAN_POINT('',(27.890755120542,2.471156844238,
    35.496989005323));
#1946 = CARTESIAN_POINT('',(27.895918049757,2.413564302126,
    35.74323119358));
#1947 = CARTESIAN_POINT('',(27.903527452835,2.326562722599,
    35.98524100132));
#1948 = CARTESIAN_POINT('',(27.913319311245,2.208922522441,
    36.220345732639));
#1949 = CARTESIAN_POINT('',(27.924796622674,2.059042295639,
    36.444839615476));
#1950 = CARTESIAN_POINT('',(27.94407983448,1.771768769515,
    36.770687469199));
#1951 = CARTESIAN_POINT('',(27.951317954242,1.657242911581,
    36.883303336256));
#1952 = CARTESIAN_POINT('',(27.958682011721,1.531585258141,
    36.989791279409));
#1953 = CARTESIAN_POINT('',(27.965969650595,1.394808178506,
    37.088730339954));
#1954 = CARTESIAN_POINT('',(27.972941757994,1.24707389779,
    37.178599937366));
#1955 = CARTESIAN_POINT('',(27.979332992315,1.088723370266,
    37.257762191435));
#1956 = CARTESIAN_POINT('',(27.988835846998,0.799760122092,37.3721708349
    ));
#1957 = CARTESIAN_POINT('',(27.992363827132,0.67403777415,37.41351036827
    ));
#1958 = CARTESIAN_POINT('',(27.995334931055,0.543972131668,
    37.447556501087));
#1959 = CARTESIAN_POINT('',(27.997643787521,0.410500027436,
    37.473610942961));
#1960 = CARTESIAN_POINT('',(27.999212895787,0.274636621922,
    37.491184217604));
#1961 = CARTESIAN_POINT('',(28.,0.137444132037,37.5));
#1962 = CARTESIAN_POINT('',(28.,1.492925149359E-15,37.5));
#1963 = PCURVE('',#275,#1964);
#1964 = DEFINITIONAL_REPRESENTATION('',(#1965),#1986);
#1965 = B_SPLINE_CURVE_WITH_KNOTS('',7,(#1966,#1967,#1968,#1969,#1970,
    #1971,#1972,#1973,#1974,#1975,#1976,#1977,#1978,#1979,#1980,#1981,
    #1982,#1983,#1984,#1985),.UNSPECIFIED.,.F.,.F.,(8,6,6,8),(0.,
    0.508527134101,0.794964676555,1.),.UNSPECIFIED.);
#1966 = CARTESIAN_POINT('',(0.,-27.88816953476));
#1967 = CARTESIAN_POINT('',(-9.944501878481E-02,-27.88816953476));
#1968 = CARTESIAN_POINT('',(-0.198795407622,-27.89075512054));
#1969 = CARTESIAN_POINT('',(-0.298899468302,-27.89591804975));
#1970 = CARTESIAN_POINT('',(-0.400506790834,-27.90352745283));
#1971 = CARTESIAN_POINT('',(-0.504409443256,-27.91331931124));
#1972 = CARTESIAN_POINT('',(-0.611414745566,-27.92479662267));
#1973 = CARTESIAN_POINT('',(-0.78517453497,-27.94407983448));
#1974 = CARTESIAN_POINT('',(-0.849259312595,-27.95131795424));
#1975 = CARTESIAN_POINT('',(-0.914850534716,-27.95868201172));
#1976 = CARTESIAN_POINT('',(-0.98200546691,-27.96596965059));
#1977 = CARTESIAN_POINT('',(-1.050803584186,-27.97294175799));
#1978 = CARTESIAN_POINT('',(-1.121352531356,-27.97933299231));
#1979 = CARTESIAN_POINT('',(-1.245667677011,-27.98883584699));
#1980 = CARTESIAN_POINT('',(-1.298512380858,-27.99236382713));
#1981 = CARTESIAN_POINT('',(-1.352126322987,-27.99533493105));
#1982 = CARTESIAN_POINT('',(-1.406324880539,-27.99764378752));
#1983 = CARTESIAN_POINT('',(-1.460941684414,-27.99921289578));
#1984 = CARTESIAN_POINT('',(-1.51581867398,-28.));
#1985 = CARTESIAN_POINT('',(-1.570796326795,-28.));
#1986 = ( GEOMETRIC_REPRESENTATION_CONTEXT(2) 
PARAMETRIC_REPRESENTATION_CONTEXT() REPRESENTATION_CONTEXT('2D SPACE',''
  ) );
#1987 = PCURVE('',#1733,#1988);
#1988 = DEFINITIONAL_REPRESENTATION('',(#1989),#2010);
#1989 = B_SPLINE_CURVE_WITH_KNOTS('',7,(#1990,#1991,#1992,#1993,#1994,
    #1995,#1996,#1997,#1998,#1999,#2000,#2001,#2002,#2003,#2004,#2005,
    #2006,#2007,#2008,#2009),.UNSPECIFIED.,.F.,.F.,(8,6,6,8),(0.,
    0.508527134101,0.794964676555,1.),.UNSPECIFIED.);
#1990 = CARTESIAN_POINT('',(-8.94047719276E-02,-35.));
#1991 = CARTESIAN_POINT('',(-8.94047719276E-02,-35.24861254696));
#1992 = CARTESIAN_POINT('',(-8.837052875994E-02,-35.49698900532));
#1993 = CARTESIAN_POINT('',(-8.63054028739E-02,-35.74323119358));
#1994 = CARTESIAN_POINT('',(-8.318635207543E-02,-35.98524100132));
#1995 = CARTESIAN_POINT('',(-7.897046415966E-02,-36.22034573263));
#1996 = CARTESIAN_POINT('',(-7.36021645322E-02,-36.44483961547));
#1997 = CARTESIAN_POINT('',(-6.331930771999E-02,-36.77068746919));
#1998 = CARTESIAN_POINT('',(-5.922096945044E-02,-36.88330333625));
#1999 = CARTESIAN_POINT('',(-5.472557388886E-02,-36.9897912794));
#2000 = CARTESIAN_POINT('',(-4.983388755267E-02,-37.08873033995));
#2001 = CARTESIAN_POINT('',(-4.455197244367E-02,-37.17859993736));
#2002 = CARTESIAN_POINT('',(-3.889214999481E-02,-37.25776219143));
#2003 = CARTESIAN_POINT('',(-2.856645493973E-02,-37.3721708349));
#2004 = CARTESIAN_POINT('',(-2.407465558636E-02,-37.41351036827));
#2005 = CARTESIAN_POINT('',(-1.94283461351E-02,-37.44755650108));
#2006 = CARTESIAN_POINT('',(-1.466090810187E-02,-37.47361094296));
#2007 = CARTESIAN_POINT('',(-9.808450911834E-03,-37.4911842176));
#2008 = CARTESIAN_POINT('',(-4.908719001317E-03,-37.5));
#2009 = CARTESIAN_POINT('',(0.,-37.5));
#2010 = ( GEOMETRIC_REPRESENTATION_CONTEXT(2) 
PARAMETRIC_REPRESENTATION_CONTEXT() REPRESENTATION_CONTEXT('2D SPACE',''
  ) );
#2011 = ORIENTED_EDGE('',*,*,#2012,.T.);
#2012 = EDGE_CURVE('',#1937,#238,#2013,.T.);
#2013 = SEAM_CURVE('',#2014,(#2018,#2025),.PCURVE_S1.);
#2014 = LINE('',#2015,#2016);
#2015 = CARTESIAN_POINT('',(0.,2.5,35.));
#2016 = VECTOR('',#2017,1.);
#2017 = DIRECTION('',(1.,0.,0.));
#2018 = PCURVE('',#275,#2019);
#2019 = DEFINITIONAL_REPRESENTATION('',(#2020),#2024);
#2020 = LINE('',#2021,#2022);
#2021 = CARTESIAN_POINT('',(-6.28318530718,0.));
#2022 = VECTOR('',#2023,1.);
#2023 = DIRECTION('',(-0.,-1.));
#2024 = ( GEOMETRIC_REPRESENTATION_CONTEXT(2) 
PARAMETRIC_REPRESENTATION_CONTEXT() REPRESENTATION_CONTEXT('2D SPACE',''
  ) );
#2025 = PCURVE('',#275,#2026);
#2026 = DEFINITIONAL_REPRESENTATION('',(#2027),#2031);
#2027 = LINE('',#2028,#2029);
#2028 = CARTESIAN_POINT('',(-0.,0.));
#2029 = VECTOR('',#2030,1.);
#2030 = DIRECTION('',(-0.,-1.));
#2031 = ( GEOMETRIC_REPRESENTATION_CONTEXT(2) 
PARAMETRIC_REPRESENTATION_CONTEXT() REPRESENTATION_CONTEXT('2D SPACE',''
  ) );
#2032 = ORIENTED_EDGE('',*,*,#298,.T.);
#2033 = ORIENTED_EDGE('',*,*,#423,.T.);
#2034 = ORIENTED_EDGE('',*,*,#237,.T.);
#2035 = ORIENTED_EDGE('',*,*,#2012,.F.);
#2036 = ORIENTED_EDGE('',*,*,#2037,.F.);
#2037 = EDGE_CURVE('',#2038,#1937,#2040,.T.);
#2038 = VERTEX_POINT('',#2039);
#2039 = CARTESIAN_POINT('',(28.,0.,32.5));
#2040 = SURFACE_CURVE('',#2041,(#2056,#2074),.PCURVE_S1.);
#2041 = B_SPLINE_CURVE_WITH_KNOTS('',7,(#2042,#2043,#2044,#2045,#2046,
    #2047,#2048,#2049,#2050,#2051,#2052,#2053,#2054,#2055),
  .UNSPECIFIED.,.F.,.F.,(8,6,8),(0.,0.448462715806,1.),.UNSPECIFIED.);
#2042 = CARTESIAN_POINT('',(28.,8.80601749785E-16,32.5));
#2043 = CARTESIAN_POINT('',(28.,0.305145555474,32.5));
#2044 = CARTESIAN_POINT('',(27.996120216816,0.603366634924,
    32.543452788266));
#2045 = CARTESIAN_POINT('',(27.988677920809,0.887008438528,
    32.62681081086));
#2046 = CARTESIAN_POINT('',(27.978558517325,1.149467621357,
    32.744855782033));
#2047 = CARTESIAN_POINT('',(27.967024213822,1.385559721756,
    32.890809532553));
#2048 = CARTESIAN_POINT('',(27.95526074791,1.591985912561,
    33.056452006628));
#2049 = CARTESIAN_POINT('',(27.930464844302,1.983949467635,
    33.448415561702));
#2050 = CARTESIAN_POINT('',(27.917375023208,2.159899873473,
    33.686050680716));
#2051 = CARTESIAN_POINT('',(27.906054640026,2.297604473512,
    33.937496204573));
#2052 = CARTESIAN_POINT('',(27.897206601892,2.399191797974,
    34.197733152089));
#2053 = CARTESIAN_POINT('',(27.891186057266,2.466349238768,
    34.463267714347));
#2054 = CARTESIAN_POINT('',(27.888169534769,2.5,34.73146426692));
#2055 = CARTESIAN_POINT('',(27.888169534769,2.5,35.));
#2056 = PCURVE('',#275,#2057);
#2057 = DEFINITIONAL_REPRESENTATION('',(#2058),#2073);
#2058 = B_SPLINE_CURVE_WITH_KNOTS('',7,(#2059,#2060,#2061,#2062,#2063,
    #2064,#2065,#2066,#2067,#2068,#2069,#2070,#2071,#2072),
  .UNSPECIFIED.,.F.,.F.,(8,6,8),(0.,0.448462715806,1.),.UNSPECIFIED.);
#2059 = CARTESIAN_POINT('',(-4.712388980385,-28.));
#2060 = CARTESIAN_POINT('',(-4.834447202574,-28.));
#2061 = CARTESIAN_POINT('',(-4.953735505766,-27.99612021681));
#2062 = CARTESIAN_POINT('',(-5.07016295207,-27.9886779208));
#2063 = CARTESIAN_POINT('',(-5.183449292301,-27.97855851732));
#2064 = CARTESIAN_POINT('',(-5.293113352073,-27.96702421382));
#2065 = CARTESIAN_POINT('',(-5.398350371242,-27.95526074791));
#2066 = CARTESIAN_POINT('',(-5.620078441459,-27.9304648443));
#2067 = CARTESIAN_POINT('',(-5.737058371387,-27.9173750232));
#2068 = CARTESIAN_POINT('',(-5.85011192469,-27.90605464002));
#2069 = CARTESIAN_POINT('',(-5.960252919294,-27.89720660189));
#2070 = CARTESIAN_POINT('',(-6.068492787527,-27.89118605726));
#2071 = CARTESIAN_POINT('',(-6.175771013947,-27.88816953476));
#2072 = CARTESIAN_POINT('',(-6.28318530718,-27.88816953476));
#2073 = ( GEOMETRIC_REPRESENTATION_CONTEXT(2) 
PARAMETRIC_REPRESENTATION_CONTEXT() REPRESENTATION_CONTEXT('2D SPACE',''
  ) );
#2074 = PCURVE('',#1733,#2075);
#2075 = DEFINITIONAL_REPRESENTATION('',(#2076),#2091);
#2076 = B_SPLINE_CURVE_WITH_KNOTS('',7,(#2077,#2078,#2079,#2080,#2081,
    #2082,#2083,#2084,#2085,#2086,#2087,#2088,#2089,#2090),
  .UNSPECIFIED.,.F.,.F.,(8,6,8),(0.,0.448462715806,1.),.UNSPECIFIED.);
#2077 = CARTESIAN_POINT('',(0.,-32.5));
#2078 = CARTESIAN_POINT('',(-1.089805555263E-02,-32.5));
#2079 = CARTESIAN_POINT('',(-2.154881056219E-02,-32.54345278826));
#2080 = CARTESIAN_POINT('',(-3.168097694908E-02,-32.62681081086));
#2081 = CARTESIAN_POINT('',(-4.106046562376E-02,-32.74485578203));
#2082 = CARTESIAN_POINT('',(-4.950192926298E-02,-32.89080953255));
#2083 = CARTESIAN_POINT('',(-5.688610792199E-02,-33.05645200662));
#2084 = CARTESIAN_POINT('',(-7.091278919114E-02,-33.4484155617));
#2085 = CARTESIAN_POINT('',(-7.72137110871E-02,-33.68605068071));
#2086 = CARTESIAN_POINT('',(-8.214820208016E-02,-33.93749620457));
#2087 = CARTESIAN_POINT('',(-8.579004003321E-02,-34.19773315208));
#2088 = CARTESIAN_POINT('',(-8.819814021993E-02,-34.46326771434));
#2089 = CARTESIAN_POINT('',(-8.94047719276E-02,-34.73146426692));
#2090 = CARTESIAN_POINT('',(-8.94047719276E-02,-35.));
#2091 = ( GEOMETRIC_REPRESENTATION_CONTEXT(2) 
PARAMETRIC_REPRESENTATION_CONTEXT() REPRESENTATION_CONTEXT('2D SPACE',''
  ) );
#2092 = ORIENTED_EDGE('',*,*,#2093,.F.);
#2093 = EDGE_CURVE('',#1939,#2038,#2094,.T.);
#2094 = SURFACE_CURVE('',#2095,(#2122,#2152),.PCURVE_S1.);
#2095 = B_SPLINE_CURVE_WITH_KNOTS('',7,(#2096,#2097,#2098,#2099,#2100,
    #2101,#2102,#2103,#2104,#2105,#2106,#2107,#2108,#2109,#2110,#2111,
    #2112,#2113,#2114,#2115,#2116,#2117,#2118,#2119,#2120,#2121),
  .UNSPECIFIED.,.F.,.F.,(8,6,6,6,8),(0.,0.244310892558,0.500057094193,
    0.755802240916,1.),.UNSPECIFIED.);
#2096 = CARTESIAN_POINT('',(28.,-1.7763568394E-15,37.5));
#2097 = CARTESIAN_POINT('',(28.,-0.333575213195,37.5));
#2098 = CARTESIAN_POINT('',(27.995363613782,-0.657691247849,
    37.448073464998));
#2099 = CARTESIAN_POINT('',(27.986564425072,-0.963003355673,
    37.349517059974));
#2100 = CARTESIAN_POINT('',(27.974828894854,-1.241852416883,
    37.211354667963));
#2101 = CARTESIAN_POINT('',(27.961800593237,-1.488514977174,
    37.042255577859));
#2102 = CARTESIAN_POINT('',(27.948914990553,-1.699736560953,
    36.852391971788));
#2103 = CARTESIAN_POINT('',(27.924797096842,-2.059035231679,
    36.444847627966));
#2104 = CARTESIAN_POINT('',(27.913319408938,-2.208922672151,
    36.220349767916));
#2105 = CARTESIAN_POINT('',(27.903527066638,-2.326566969717,
    35.985235429795));
#2106 = CARTESIAN_POINT('',(27.895917817178,-2.413566892013,
    35.743221362508));
#2107 = CARTESIAN_POINT('',(27.890755145195,-2.471156576388,
    35.496983282135));
#2108 = CARTESIAN_POINT('',(27.888169534769,-2.5,35.248613572454));
#2109 = CARTESIAN_POINT('',(27.888169534769,-2.5,34.751387453038));
#2110 = CARTESIAN_POINT('',(27.890755120542,-2.471156844238,
    34.503010994676));
#2111 = CARTESIAN_POINT('',(27.895918049757,-2.413564302126,
    34.25676880642));
#2112 = CARTESIAN_POINT('',(27.903527452835,-2.326562722599,
    34.01475899868));
#2113 = CARTESIAN_POINT('',(27.913319311245,-2.208922522441,
    33.779654267361));
#2114 = CARTESIAN_POINT('',(27.924796622674,-2.059042295639,
    33.555160384524));
#2115 = CARTESIAN_POINT('',(27.948910035433,-1.699810380329,
    33.147691759858));
#2116 = CARTESIAN_POINT('',(27.961797077753,-1.488583537007,
    32.957780311489));
#2117 = CARTESIAN_POINT('',(27.974830952776,-1.241845002256,
    32.788608868351));
#2118 = CARTESIAN_POINT('',(27.986570799761,-0.962890803553,
    32.650411700848));
#2119 = CARTESIAN_POINT('',(27.995368088041,-0.657505823086,
    32.551876393575));
#2120 = CARTESIAN_POINT('',(28.,-0.333414141169,32.5));
#2121 = CARTESIAN_POINT('',(28.,-2.6645352591E-15,32.5));
#2122 = PCURVE('',#275,#2123);
#2123 = DEFINITIONAL_REPRESENTATION('',(#2124),#2151);
#2124 = B_SPLINE_CURVE_WITH_KNOTS('',7,(#2125,#2126,#2127,#2128,#2129,
    #2130,#2131,#2132,#2133,#2134,#2135,#2136,#2137,#2138,#2139,#2140,
    #2141,#2142,#2143,#2144,#2145,#2146,#2147,#2148,#2149,#2150),
  .UNSPECIFIED.,.F.,.F.,(8,6,6,6,8),(0.,0.244310892558,0.500057094193,
    0.755802240916,1.),.UNSPECIFIED.);
#2125 = CARTESIAN_POINT('',(-1.570796326795,-28.));
#2126 = CARTESIAN_POINT('',(-1.704226412073,-28.));
#2127 = CARTESIAN_POINT('',(-1.833872736064,-27.99536361378));
#2128 = CARTESIAN_POINT('',(-1.959877892494,-27.98656442507));
#2129 = CARTESIAN_POINT('',(-2.08206777463,-27.97482889485));
#2130 = CARTESIAN_POINT('',(-2.200007923347,-27.96180059323));
#2131 = CARTESIAN_POINT('',(-2.312848836204,-27.94891499055));
#2132 = CARTESIAN_POINT('',(-2.530173635329,-27.92479709684));
#2133 = CARTESIAN_POINT('',(-2.637182035793,-27.91331940893));
#2134 = CARTESIAN_POINT('',(-2.741088416191,-27.90352706663));
#2135 = CARTESIAN_POINT('',(-2.842697130116,-27.89591781717));
#2136 = CARTESIAN_POINT('',(-2.942799522825,-27.89075514519));
#2137 = CARTESIAN_POINT('',(-3.042147224608,-27.88816953476));
#2138 = CARTESIAN_POINT('',(-3.241037672375,-27.88816953476));
#2139 = CARTESIAN_POINT('',(-3.340388061212,-27.89075512054));
#2140 = CARTESIAN_POINT('',(-3.440492121891,-27.89591804975));
#2141 = CARTESIAN_POINT('',(-3.542099444424,-27.90352745283));
#2142 = CARTESIAN_POINT('',(-3.646002096845,-27.91331931124));
#2143 = CARTESIAN_POINT('',(-3.753007399156,-27.92479662267));
#2144 = CARTESIAN_POINT('',(-3.97029182071,-27.94891003543));
#2145 = CARTESIAN_POINT('',(-4.083148494524,-27.96179707775));
#2146 = CARTESIAN_POINT('',(-4.201127898359,-27.97483095277));
#2147 = CARTESIAN_POINT('',(-4.323357982076,-27.98657079976));
#2148 = CARTESIAN_POINT('',(-4.449386755153,-27.99536808804));
#2149 = CARTESIAN_POINT('',(-4.579023323917,-28.));
#2150 = CARTESIAN_POINT('',(-4.712388980385,-28.));
#2151 = ( GEOMETRIC_REPRESENTATION_CONTEXT(2) 
PARAMETRIC_REPRESENTATION_CONTEXT() REPRESENTATION_CONTEXT('2D SPACE',''
  ) );
#2152 = PCURVE('',#1733,#2153);
#2153 = DEFINITIONAL_REPRESENTATION('',(#2154),#2181);
#2154 = B_SPLINE_CURVE_WITH_KNOTS('',7,(#2155,#2156,#2157,#2158,#2159,
    #2160,#2161,#2162,#2163,#2164,#2165,#2166,#2167,#2168,#2169,#2170,
    #2171,#2172,#2173,#2174,#2175,#2176,#2177,#2178,#2179,#2180),
  .UNSPECIFIED.,.F.,.F.,(8,6,6,6,8),(0.,0.244310892558,0.500057094193,
    0.755802240916,1.),.UNSPECIFIED.);
#2155 = CARTESIAN_POINT('',(-6.28318530718,-37.5));
#2156 = CARTESIAN_POINT('',(-6.271271906708,-37.5));
#2157 = CARTESIAN_POINT('',(-6.259696331039,-37.44807346499));
#2158 = CARTESIAN_POINT('',(-6.248789582421,-37.34951705997));
#2159 = CARTESIAN_POINT('',(-6.238823055443,-37.21135466796));
#2160 = CARTESIAN_POINT('',(-6.230001876862,-37.04225557785));
#2161 = CARTESIAN_POINT('',(-6.222444367528,-36.85239197178));
#2162 = CARTESIAN_POINT('',(-6.209583395499,-36.44484762796));
#2163 = CARTESIAN_POINT('',(-6.204214837923,-36.22034976791));
#2164 = CARTESIAN_POINT('',(-6.199998802863,-35.98523542979));
#2165 = CARTESIAN_POINT('',(-6.196879811397,-35.7432213625));
#2166 = CARTESIAN_POINT('',(-6.19481478804,-35.49698328213));
#2167 = CARTESIAN_POINT('',(-6.193780535252,-35.24861357245));
#2168 = CARTESIAN_POINT('',(-6.193780535252,-34.75138745303));
#2169 = CARTESIAN_POINT('',(-6.19481477842,-34.50301099467));
#2170 = CARTESIAN_POINT('',(-6.196879904306,-34.25676880642));
#2171 = CARTESIAN_POINT('',(-6.199998955104,-34.01475899868));
#2172 = CARTESIAN_POINT('',(-6.20421484302,-33.77965426736));
#2173 = CARTESIAN_POINT('',(-6.209583142647,-33.55516038452));
#2174 = CARTESIAN_POINT('',(-6.222441725188,-33.14769175985));
#2175 = CARTESIAN_POINT('',(-6.229999425296,-32.95778031148));
#2176 = CARTESIAN_POINT('',(-6.238823324444,-32.78860886835));
#2177 = CARTESIAN_POINT('',(-6.248793606487,-32.65041170084));
#2178 = CARTESIAN_POINT('',(-6.25970295329,-32.55187639357));
#2179 = CARTESIAN_POINT('',(-6.271277659281,-32.5));
#2180 = CARTESIAN_POINT('',(-6.28318530718,-32.5));
#2181 = ( GEOMETRIC_REPRESENTATION_CONTEXT(2) 
PARAMETRIC_REPRESENTATION_CONTEXT() REPRESENTATION_CONTEXT('2D SPACE',''
  ) );
#2182 = ADVANCED_FACE('',(#2183,#2186),#410,.T.);
#2183 = FACE_BOUND('',#2184,.T.);
#2184 = EDGE_LOOP('',(#2185));
#2185 = ORIENTED_EDGE('',*,*,#395,.T.);
#2186 = FACE_BOUND('',#2187,.T.);
#2187 = EDGE_LOOP('',(#2188));
#2188 = ORIENTED_EDGE('',*,*,#2189,.F.);
#2189 = EDGE_CURVE('',#2190,#2190,#2192,.T.);
#2190 = VERTEX_POINT('',#2191);
#2191 = CARTESIAN_POINT('',(28.,0.,50.));
#2192 = SURFACE_CURVE('',#2193,(#2198,#2205),.PCURVE_S1.);
#2193 = CIRCLE('',#2194,28.);
#2194 = AXIS2_PLACEMENT_3D('',#2195,#2196,#2197);
#2195 = CARTESIAN_POINT('',(0.,0.,50.));
#2196 = DIRECTION('',(0.,0.,1.));
#2197 = DIRECTION('',(1.,0.,0.));
#2198 = PCURVE('',#410,#2199);
#2199 = DEFINITIONAL_REPRESENTATION('',(#2200),#2204);
#2200 = CIRCLE('',#2201,28.);
#2201 = AXIS2_PLACEMENT_2D('',#2202,#2203);
#2202 = CARTESIAN_POINT('',(2.187904212063E-15,-1.692558816937E-15));
#2203 = DIRECTION('',(1.,0.));
#2204 = ( GEOMETRIC_REPRESENTATION_CONTEXT(2) 
PARAMETRIC_REPRESENTATION_CONTEXT() REPRESENTATION_CONTEXT('2D SPACE',''
  ) );
#2205 = PCURVE('',#1733,#2206);
#2206 = DEFINITIONAL_REPRESENTATION('',(#2207),#2211);
#2207 = LINE('',#2208,#2209);
#2208 = CARTESIAN_POINT('',(-0.,-50.));
#2209 = VECTOR('',#2210,1.);
#2210 = DIRECTION('',(-1.,0.));
#2211 = ( GEOMETRIC_REPRESENTATION_CONTEXT(2) 
PARAMETRIC_REPRESENTATION_CONTEXT() REPRESENTATION_CONTEXT('2D SPACE',''
  ) );
#2212 = ADVANCED_FACE('',(#2213,#2216),#66,.F.);
#2213 = FACE_BOUND('',#2214,.F.);
#2214 = EDGE_LOOP('',(#2215));
#2215 = ORIENTED_EDGE('',*,*,#51,.T.);
#2216 = FACE_BOUND('',#2217,.F.);
#2217 = EDGE_LOOP('',(#2218));
#2218 = ORIENTED_EDGE('',*,*,#2219,.F.);
#2219 = EDGE_CURVE('',#2220,#2220,#2222,.T.);
#2220 = VERTEX_POINT('',#2221);
#2221 = CARTESIAN_POINT('',(-10.,2.449293598295E-15,0.));
#2222 = SURFACE_CURVE('',#2223,(#2228,#2235),.PCURVE_S1.);
#2223 = CIRCLE('',#2224,10.);
#2224 = AXIS2_PLACEMENT_3D('',#2225,#2226,#2227);
#2225 = CARTESIAN_POINT('',(0.,0.,0.));
#2226 = DIRECTION('',(0.,0.,1.));
#2227 = DIRECTION('',(-1.,0.,0.));
#2228 = PCURVE('',#66,#2229);
#2229 = DEFINITIONAL_REPRESENTATION('',(#2230),#2234);
#2230 = CIRCLE('',#2231,10.);
#2231 = AXIS2_PLACEMENT_2D('',#2232,#2233);
#2232 = CARTESIAN_POINT('',(2.187904212063E-15,-1.692558816937E-15));
#2233 = DIRECTION('',(-1.,0.));
#2234 = ( GEOMETRIC_REPRESENTATION_CONTEXT(2) 
PARAMETRIC_REPRESENTATION_CONTEXT() REPRESENTATION_CONTEXT('2D SPACE',''
  ) );
#2235 = PCURVE('',#2236,#2241);
#2236 = CYLINDRICAL_SURFACE('',#2237,10.);
#2237 = AXIS2_PLACEMENT_3D('',#2238,#2239,#2240);
#2238 = CARTESIAN_POINT('',(0.,0.,0.));
#2239 = DIRECTION('',(0.,0.,1.));
#2240 = DIRECTION('',(-1.,0.,0.));
#2241 = DEFINITIONAL_REPRESENTATION('',(#2242),#2246);
#2242 = LINE('',#2243,#2244);
#2243 = CARTESIAN_POINT('',(0.,0.));
#2244 = VECTOR('',#2245,1.);
#2245 = DIRECTION('',(1.,0.));
#2246 = ( GEOMETRIC_REPRESENTATION_CONTEXT(2) 
PARAMETRIC_REPRESENTATION_CONTEXT() REPRESENTATION_CONTEXT('2D SPACE',''
  ) );
#2247 = ADVANCED_FACE('',(#2248),#718,.F.);
#2248 = FACE_BOUND('',#2249,.F.);
#2249 = EDGE_LOOP('',(#2250,#2417,#2438,#2439));
#2250 = ORIENTED_EDGE('',*,*,#2251,.F.);
#2251 = EDGE_CURVE('',#2252,#2252,#2254,.T.);
#2252 = VERTEX_POINT('',#2253);
#2253 = CARTESIAN_POINT('',(2.5,27.888169534769,35.));
#2254 = SURFACE_CURVE('',#2255,(#2307,#2362),.PCURVE_S1.);
#2255 = B_SPLINE_CURVE_WITH_KNOTS('',8,(#2256,#2257,#2258,#2259,#2260,
    #2261,#2262,#2263,#2264,#2265,#2266,#2267,#2268,#2269,#2270,#2271,
    #2272,#2273,#2274,#2275,#2276,#2277,#2278,#2279,#2280,#2281,#2282,
    #2283,#2284,#2285,#2286,#2287,#2288,#2289,#2290,#2291,#2292,#2293,
    #2294,#2295,#2296,#2297,#2298,#2299,#2300,#2301,#2302,#2303,#2304,
    #2305,#2306),.UNSPECIFIED.,.T.,.F.,(9,7,7,7,7,7,7,9),(0.,
    0.15494308972,0.286396505795,0.411439535748,0.569108262405,
    0.707475853438,0.827679874627,1.),.UNSPECIFIED.);
#2256 = CARTESIAN_POINT('',(2.5,27.888169534769,35.));
#2257 = CARTESIAN_POINT('',(2.5,27.888169534769,35.260509521077));
#2258 = CARTESIAN_POINT('',(2.468975581848,27.890950490362,
    35.520619691636));
#2259 = CARTESIAN_POINT('',(2.407095407779,27.896498386257,
    35.778419819786));
#2260 = CARTESIAN_POINT('',(2.313636872603,27.904680493553,
    36.031791972431));
#2261 = CARTESIAN_POINT('',(2.187280560184,27.915233684295,
    36.277916234578));
#2262 = CARTESIAN_POINT('',(2.02630272775,27.927676468119,
    36.512958251519));
#2263 = CARTESIAN_POINT('',(1.828859939919,27.941202860855,
    36.731626046554));
#2264 = CARTESIAN_POINT('',(1.393931941077,27.965996041554,
    37.091429778514));
#2265 = CARTESIAN_POINT('',(1.159372645509,27.977732728899,
    37.245650440924));
#2266 = CARTESIAN_POINT('',(0.893310637903,27.98863163225,
    37.375364925135));
#2267 = CARTESIAN_POINT('',(0.602189259801,27.997245817367,
    37.47038603838));
#2268 = CARTESIAN_POINT('',(0.294925115099,28.002225555542,
    37.523921318499));
#2269 = CARTESIAN_POINT('',(-1.829744196708E-02,28.002951264049,
    37.532700070222));
#2270 = CARTESIAN_POINT('',(-0.327027214887,27.999641830902,
    37.497123361108));
#2271 = CARTESIAN_POINT('',(-0.902051162049,27.986870589256,
    37.34948230531));
#2272 = CARTESIAN_POINT('',(-1.160956270534,27.977910398513,
    37.243473915082));
#2273 = CARTESIAN_POINT('',(-1.395909675576,27.96712840606,
    37.10994872962));
#2274 = CARTESIAN_POINT('',(-1.605618894735,27.955477741944,
    36.954508779747));
#2275 = CARTESIAN_POINT('',(-1.789613093717,27.943791158536,
    36.782080676867));
#2276 = CARTESIAN_POINT('',(-1.948009046739,27.932723118356,
    36.597050931881));
#2277 = CARTESIAN_POINT('',(-2.081394819542,27.922747563488,
    36.40333089745));
#2278 = CARTESIAN_POINT('',(-2.32867542759,27.903340422175,
    35.953529141226));
#2279 = CARTESIAN_POINT('',(-2.429869963176,27.894615020882,
    35.691696432667));
#2280 = CARTESIAN_POINT('',(-2.496157084798,27.888574386522,
    35.423267698015));
#2281 = CARTESIAN_POINT('',(-2.528782364256,27.885523120345,
    35.151345204554));
#2282 = CARTESIAN_POINT('',(-2.528355021541,27.885579554662,
    34.878473821382));
#2283 = CARTESIAN_POINT('',(-2.494806408769,27.888721842352,
    34.607033936164));
#2284 = CARTESIAN_POINT('',(-2.427353806442,27.894777611508,
    34.339616154191));
#2285 = CARTESIAN_POINT('',(-2.234126745228,27.910874063573,
    33.851580306965));
#2286 = CARTESIAN_POINT('',(-2.116042823043,27.920374110008,
    33.628080728835));
#2287 = CARTESIAN_POINT('',(-1.968945500707,27.931594702347,
    33.412369938713));
#2288 = CARTESIAN_POINT('',(-1.791637399417,27.944087762613,
    33.208344190095));
#2289 = CARTESIAN_POINT('',(-1.583222975229,27.957179836511,
    33.020802083292));
#2290 = CARTESIAN_POINT('',(-1.343300074805,27.969913619031,
    32.855572727343));
#2291 = CARTESIAN_POINT('',(-1.072344273173,27.98106551484,
    32.719770214901));
#2292 = CARTESIAN_POINT('',(-0.512095801015,27.996529107074,
    32.537734451512));
#2293 = CARTESIAN_POINT('',(-0.233877389553,28.001436443226,
    32.483383054212));
#2294 = CARTESIAN_POINT('',(5.435353568014E-02,28.003189284553,
    32.465302018994));
#2295 = CARTESIAN_POINT('',(0.34359738248,28.00127897519,32.485989284075
    ));
#2296 = CARTESIAN_POINT('',(0.624551688378,27.995839092873,
    32.54454896866));
#2297 = CARTESIAN_POINT('',(0.888536090249,27.987716313824,
    32.636781587697));
#2298 = CARTESIAN_POINT('',(1.128498523236,27.978047522665,
    32.755232065753));
#2299 = CARTESIAN_POINT('',(1.642147082984,27.953445542645,
    33.081203353925));
#2300 = CARTESIAN_POINT('',(1.896021094702,27.937535923291,
    33.311849906717));
#2301 = CARTESIAN_POINT('',(2.102272416598,27.922263317833,
    33.56794418495));
#2302 = CARTESIAN_POINT('',(2.263482238663,27.909060686344,
    33.840779161532));
#2303 = CARTESIAN_POINT('',(2.382248620241,27.898724548142,
    34.124203427934));
#2304 = CARTESIAN_POINT('',(2.460680725066,27.891694396207,34.4138850673
    ));
#2305 = CARTESIAN_POINT('',(2.5,27.888169534769,34.706725185276));
#2306 = CARTESIAN_POINT('',(2.5,27.888169534769,35.));
#2307 = PCURVE('',#718,#2308);
#2308 = DEFINITIONAL_REPRESENTATION('',(#2309),#2361);
#2309 = B_SPLINE_CURVE_WITH_KNOTS('',8,(#2310,#2311,#2312,#2313,#2314,
    #2315,#2316,#2317,#2318,#2319,#2320,#2321,#2322,#2323,#2324,#2325,
    #2326,#2327,#2328,#2329,#2330,#2331,#2332,#2333,#2334,#2335,#2336,
    #2337,#2338,#2339,#2340,#2341,#2342,#2343,#2344,#2345,#2346,#2347,
    #2348,#2349,#2350,#2351,#2352,#2353,#2354,#2355,#2356,#2357,#2358,
    #2359,#2360),.UNSPECIFIED.,.F.,.F.,(9,7,7,7,7,7,7,9),(0.,
    0.15494308972,0.286396505795,0.411439535748,0.569108262405,
    0.707475853438,0.827679874627,1.),.UNSPECIFIED.);
#2310 = CARTESIAN_POINT('',(0.,-27.88816953476));
#2311 = CARTESIAN_POINT('',(0.104203808431,-27.88816953476));
#2312 = CARTESIAN_POINT('',(0.208247412687,-27.89095049036));
#2313 = CARTESIAN_POINT('',(0.313093334393,-27.89649838625));
#2314 = CARTESIAN_POINT('',(0.419590357263,-27.90468049355));
#2315 = CARTESIAN_POINT('',(0.528569787594,-27.91523368429));
#2316 = CARTESIAN_POINT('',(0.640886275486,-27.92767646811));
#2317 = CARTESIAN_POINT('',(0.757493615188,-27.94120286085));
#2318 = CARTESIAN_POINT('',(0.983279740434,-27.96599604155));
#2319 = CARTESIAN_POINT('',(1.094893954748,-27.97773272889));
#2320 = CARTESIAN_POINT('',(1.211663492534,-27.98863163225));
#2321 = CARTESIAN_POINT('',(1.331806871004,-27.99724581736));
#2322 = CARTESIAN_POINT('',(1.45404489805,-28.00222555554));
#2323 = CARTESIAN_POINT('',(1.577269738248,-28.00295126404));
#2324 = CARTESIAN_POINT('',(1.700421229746,-27.9996418309));
#2325 = CARTESIAN_POINT('',(1.937891369735,-27.98687058925));
#2326 = CARTESIAN_POINT('',(2.048745540185,-27.97791039851));
#2327 = CARTESIAN_POINT('',(2.155419010101,-27.96712840606));
#2328 = CARTESIAN_POINT('',(2.258384719594,-27.95547774194));
#2329 = CARTESIAN_POINT('',(2.357996765129,-27.94379115853));
#2330 = CARTESIAN_POINT('',(2.454519939138,-27.93272311835));
#2331 = CARTESIAN_POINT('',(2.548126373745,-27.92274756348));
#2332 = CARTESIAN_POINT('',(2.753443423799,-27.90334042217));
#2333 = CARTESIAN_POINT('',(2.864722255539,-27.89461502088));
#2334 = CARTESIAN_POINT('',(2.973872940842,-27.88857438652));
#2335 = CARTESIAN_POINT('',(3.08179961864,-27.88552312034));
#2336 = CARTESIAN_POINT('',(3.18935046046,-27.88557955466));
#2337 = CARTESIAN_POINT('',(3.297372166352,-27.88872184235));
#2338 = CARTESIAN_POINT('',(3.406760106936,-27.8947776115));
#2339 = CARTESIAN_POINT('',(3.616718459135,-27.91087406357));
#2340 = CARTESIAN_POINT('',(3.717227423427,-27.92037411));
#2341 = CARTESIAN_POINT('',(3.820555558398,-27.93159470234));
#2342 = CARTESIAN_POINT('',(3.927152218357,-27.94408776261));
#2343 = CARTESIAN_POINT('',(4.037527036468,-27.95717983651));
#2344 = CARTESIAN_POINT('',(4.152272759461,-27.96991361903));
#2345 = CARTESIAN_POINT('',(4.272137613411,-27.98106551484));
#2346 = CARTESIAN_POINT('',(4.507769655275,-27.99652910707));
#2347 = CARTESIAN_POINT('',(4.62032864835,-28.00143644322));
#2348 = CARTESIAN_POINT('',(4.734214747498,-28.00318928455));
#2349 = CARTESIAN_POINT('',(4.848168398956,-28.00127897519));
#2350 = CARTESIAN_POINT('',(4.961005145033,-27.99583909287));
#2351 = CARTESIAN_POINT('',(5.071451504722,-27.98771631382));
#2352 = CARTESIAN_POINT('',(5.177882061782,-27.97804752266));
#2353 = CARTESIAN_POINT('',(5.421222851176,-27.95344554264));
#2354 = CARTESIAN_POINT('',(5.556399164137,-27.93753592329));
#2355 = CARTESIAN_POINT('',(5.685430640705,-27.92226331783));
#2356 = CARTESIAN_POINT('',(5.809681878745,-27.90906068634));
#2357 = CARTESIAN_POINT('',(5.930409104426,-27.89872454814));
#2358 = CARTESIAN_POINT('',(6.048738804226,-27.8916943962));
#2359 = CARTESIAN_POINT('',(6.16587538129,-27.88816953476));
#2360 = CARTESIAN_POINT('',(6.28318530718,-27.88816953476));
#2361 = ( GEOMETRIC_REPRESENTATION_CONTEXT(2) 
PARAMETRIC_REPRESENTATION_CONTEXT() REPRESENTATION_CONTEXT('2D SPACE',''
  ) );
#2362 = PCURVE('',#1733,#2363);
#2363 = DEFINITIONAL_REPRESENTATION('',(#2364),#2416);
#2364 = B_SPLINE_CURVE_WITH_KNOTS('',8,(#2365,#2366,#2367,#2368,#2369,
    #2370,#2371,#2372,#2373,#2374,#2375,#2376,#2377,#2378,#2379,#2380,
    #2381,#2382,#2383,#2384,#2385,#2386,#2387,#2388,#2389,#2390,#2391,
    #2392,#2393,#2394,#2395,#2396,#2397,#2398,#2399,#2400,#2401,#2402,
    #2403,#2404,#2405,#2406,#2407,#2408,#2409,#2410,#2411,#2412,#2413,
    #2414,#2415),.UNSPECIFIED.,.F.,.F.,(9,7,7,7,7,7,7,9),(0.,
    0.15494308972,0.286396505795,0.411439535748,0.569108262405,
    0.707475853438,0.827679874627,1.),.UNSPECIFIED.);
#2365 = CARTESIAN_POINT('',(-1.481391554867,-35.));
#2366 = CARTESIAN_POINT('',(-1.481391554867,-35.26050952107));
#2367 = CARTESIAN_POINT('',(-1.482504012269,-35.52061969163));
#2368 = CARTESIAN_POINT('',(-1.48472288327,-35.77841981978));
#2369 = CARTESIAN_POINT('',(-1.488073445905,-36.03179197243));
#2370 = CARTESIAN_POINT('',(-1.492601805239,-36.27791623457));
#2371 = CARTESIAN_POINT('',(-1.49836789602,-36.51295825151));
#2372 = CARTESIAN_POINT('',(-1.505435488307,-36.73162604655));
#2373 = CARTESIAN_POINT('',(-1.520993848894,-37.09142977851));
#2374 = CARTESIAN_POINT('',(-1.529381243471,-37.24565044092));
#2375 = CARTESIAN_POINT('',(-1.538890770288,-37.37536492513));
#2376 = CARTESIAN_POINT('',(-1.549291082793,-37.47038603837));
#2377 = CARTESIAN_POINT('',(-1.560264158656,-37.5239213185));
#2378 = CARTESIAN_POINT('',(-1.571449131749,-37.53270007022));
#2379 = CARTESIAN_POINT('',(-1.582475099645,-37.4971233611));
#2380 = CARTESIAN_POINT('',(-1.603016733712,-37.34948230531));
#2381 = CARTESIAN_POINT('',(-1.612268169053,-37.24347391508));
#2382 = CARTESIAN_POINT('',(-1.620667380387,-37.10994872962));
#2383 = CARTESIAN_POINT('',(-1.628167986984,-36.95450877974));
#2384 = CARTESIAN_POINT('',(-1.634752174675,-36.78208067686));
#2385 = CARTESIAN_POINT('',(-1.640422844234,-36.59705093188));
#2386 = CARTESIAN_POINT('',(-1.645199894821,-36.40333089745));
#2387 = CARTESIAN_POINT('',(-1.654058501861,-35.95352914122));
#2388 = CARTESIAN_POINT('',(-1.657685896208,-35.69169643266));
#2389 = CARTESIAN_POINT('',(-1.660063093926,-35.42326769801));
#2390 = CARTESIAN_POINT('',(-1.661233387784,-35.15134520455));
#2391 = CARTESIAN_POINT('',(-1.661217992041,-34.87847382138));
#2392 = CARTESIAN_POINT('',(-1.660014575845,-34.60703393616));
#2393 = CARTESIAN_POINT('',(-1.65759591395,-34.33961615419));
#2394 = CARTESIAN_POINT('',(-1.650671044453,-33.85158030696));
#2395 = CARTESIAN_POINT('',(-1.646440149295,-33.62808072883));
#2396 = CARTESIAN_POINT('',(-1.641171500466,-33.41236993871));
#2397 = CARTESIAN_POINT('',(-1.634823578471,-33.20834419009));
#2398 = CARTESIAN_POINT('',(-1.62736605774,-33.02080208329));
#2399 = CARTESIAN_POINT('',(-1.618786210918,-32.85557272734));
#2400 = CARTESIAN_POINT('',(-1.609101916117,-32.7197702149));
#2401 = CARTESIAN_POINT('',(-1.589085421858,-32.53773445151));
#2402 = CARTESIAN_POINT('',(-1.579147998644,-32.48338305421));
#2403 = CARTESIAN_POINT('',(-1.568854991892,-32.46530201899));
#2404 = CARTESIAN_POINT('',(-1.558526314532,-32.48598928407));
#2405 = CARTESIAN_POINT('',(-1.548491733461,-32.54454896866));
#2406 = CARTESIAN_POINT('',(-1.539059973283,-32.63678158769));
#2407 = CARTESIAN_POINT('',(-1.530483180676,-32.75523206575));
#2408 = CARTESIAN_POINT('',(-1.512117559359,-33.08120335392));
#2409 = CARTESIAN_POINT('',(-1.503033829894,-33.31184990671));
#2410 = CARTESIAN_POINT('',(-1.495648115013,-33.56794418495));
#2411 = CARTESIAN_POINT('',(-1.489871487544,-33.84077916153));
#2412 = CARTESIAN_POINT('',(-1.485613826898,-34.12420342793));
#2413 = CARTESIAN_POINT('',(-1.482801445248,-34.4138850673));
#2414 = CARTESIAN_POINT('',(-1.481391554867,-34.70672518527));
#2415 = CARTESIAN_POINT('',(-1.481391554867,-35.));
#2416 = ( GEOMETRIC_REPRESENTATION_CONTEXT(2) 
PARAMETRIC_REPRESENTATION_CONTEXT() REPRESENTATION_CONTEXT('2D SPACE',''
  ) );
#2417 = ORIENTED_EDGE('',*,*,#2418,.T.);
#2418 = EDGE_CURVE('',#2252,#607,#2419,.T.);
#2419 = SEAM_CURVE('',#2420,(#2424,#2431),.PCURVE_S1.);
#2420 = LINE('',#2421,#2422);
#2421 = CARTESIAN_POINT('',(2.5,0.,35.));
#2422 = VECTOR('',#2423,1.);
#2423 = DIRECTION('',(-0.,1.,-0.));
#2424 = PCURVE('',#718,#2425);
#2425 = DEFINITIONAL_REPRESENTATION('',(#2426),#2430);
#2426 = LINE('',#2427,#2428);
#2427 = CARTESIAN_POINT('',(6.28318530718,0.));
#2428 = VECTOR('',#2429,1.);
#2429 = DIRECTION('',(0.,-1.));
#2430 = ( GEOMETRIC_REPRESENTATION_CONTEXT(2) 
PARAMETRIC_REPRESENTATION_CONTEXT() REPRESENTATION_CONTEXT('2D SPACE',''
  ) );
#2431 = PCURVE('',#718,#2432);
#2432 = DEFINITIONAL_REPRESENTATION('',(#2433),#2437);
#2433 = LINE('',#2434,#2435);
#2434 = CARTESIAN_POINT('',(0.,0.));
#2435 = VECTOR('',#2436,1.);
#2436 = DIRECTION('',(0.,-1.));
#2437 = ( GEOMETRIC_REPRESENTATION_CONTEXT(2) 
PARAMETRIC_REPRESENTATION_CONTEXT() REPRESENTATION_CONTEXT('2D SPACE',''
  ) );
#2438 = ORIENTED_EDGE('',*,*,#606,.T.);
#2439 = ORIENTED_EDGE('',*,*,#2418,.F.);
#2440 = ADVANCED_FACE('',(#2441),#902,.F.);
#2441 = FACE_BOUND('',#2442,.F.);
#2442 = EDGE_LOOP('',(#2443,#2625,#2646,#2647));
#2443 = ORIENTED_EDGE('',*,*,#2444,.F.);
#2444 = EDGE_CURVE('',#2445,#2445,#2447,.T.);
#2445 = VERTEX_POINT('',#2446);
#2446 = CARTESIAN_POINT('',(-27.88816953476,2.5,35.));
#2447 = SURFACE_CURVE('',#2448,(#2505,#2565),.PCURVE_S1.);
#2448 = B_SPLINE_CURVE_WITH_KNOTS('',7,(#2449,#2450,#2451,#2452,#2453,
    #2454,#2455,#2456,#2457,#2458,#2459,#2460,#2461,#2462,#2463,#2464,
    #2465,#2466,#2467,#2468,#2469,#2470,#2471,#2472,#2473,#2474,#2475,
    #2476,#2477,#2478,#2479,#2480,#2481,#2482,#2483,#2484,#2485,#2486,
    #2487,#2488,#2489,#2490,#2491,#2492,#2493,#2494,#2495,#2496,#2497,
    #2498,#2499,#2500,#2501,#2502,#2503,#2504),.UNSPECIFIED.,.T.,.F.,(8,
    6,6,6,6,6,6,6,6,8),(0.,0.126691830545,0.22571258697,0.331621586022,
    0.430577926456,0.567523020828,0.698527346924,0.800879273,
    0.893505870904,1.),.UNSPECIFIED.);
#2449 = CARTESIAN_POINT('',(-27.88816953476,2.5,35.));
#2450 = CARTESIAN_POINT('',(-27.88816953476,2.5,35.248612546962));
#2451 = CARTESIAN_POINT('',(-27.89075512054,2.471156844238,
    35.496989005324));
#2452 = CARTESIAN_POINT('',(-27.89591804975,2.413564302125,
    35.743231193579));
#2453 = CARTESIAN_POINT('',(-27.90352745283,2.326562722599,
    35.98524100132));
#2454 = CARTESIAN_POINT('',(-27.91331931124,2.208922522441,
    36.220345732639));
#2455 = CARTESIAN_POINT('',(-27.92479662267,2.059042295639,
    36.444839615476));
#2456 = CARTESIAN_POINT('',(-27.94677283478,1.731649535205,
    36.816193807947));
#2457 = CARTESIAN_POINT('',(-27.95704338792,1.565749899066,
    36.971084090193));
#2458 = CARTESIAN_POINT('',(-27.96746748381,1.377498834615,
    37.113232432573));
#2459 = CARTESIAN_POINT('',(-27.97739375865,1.167713389695,
    37.237987611537));
#2460 = CARTESIAN_POINT('',(-27.98605701615,0.938029292918,
    37.340798905589));
#2461 = CARTESIAN_POINT('',(-27.99269219293,0.69092138088,
    37.417204309613));
#2462 = CARTESIAN_POINT('',(-28.00098813899,0.150561153689,
    37.511512266325));
#2463 = CARTESIAN_POINT('',(-28.00215736236,-0.137346707635,
    37.523691244029));
#2464 = CARTESIAN_POINT('',(-27.99971579865,-0.425118523856,
    37.4966957915));
#2465 = CARTESIAN_POINT('',(-27.99374537812,-0.703445085456,
    37.43155282265));
#2466 = CARTESIAN_POINT('',(-27.98512415223,-0.9637111441,
    37.332692820119));
#2467 = CARTESIAN_POINT('',(-27.97507544727,-1.199064738423,
    37.207796553758));
#2468 = CARTESIAN_POINT('',(-27.95503829362,-1.59781933655,
    36.936803208708));
#2469 = CARTESIAN_POINT('',(-27.94487748295,-1.769142064186,
    36.789772384495));
#2470 = CARTESIAN_POINT('',(-27.93483653262,-1.91947059881,
    36.630446532261));
#2471 = CARTESIAN_POINT('',(-27.92537941524,-2.049440906043,
    36.461776529063));
#2472 = CARTESIAN_POINT('',(-27.91684018675,-2.159805523378,
    36.286059840398));
#2473 = CARTESIAN_POINT('',(-27.90944537864,-2.251277145118,
    36.105102727556));
#2474 = CARTESIAN_POINT('',(-27.89491600065,-2.425692538006,
    35.664579730917));
#2475 = CARTESIAN_POINT('',(-27.8889660858,-2.49193632905,
    35.401368453793));
#2476 = CARTESIAN_POINT('',(-27.88590957509,-2.524706031272,
    35.134232036163));
#2477 = CARTESIAN_POINT('',(-27.88590765891,-2.524722141658,
    34.865830934049));
#2478 = CARTESIAN_POINT('',(-27.88896501172,-2.491952509911,
    34.598611274346));
#2479 = CARTESIAN_POINT('',(-27.89491869583,-2.425660184213,
    34.335338552728));
#2480 = CARTESIAN_POINT('',(-27.91141666416,-2.227613190708,
    33.835128946172));
#2481 = CARTESIAN_POINT('',(-27.92178643415,-2.098389353075,
    33.596452832264));
#2482 = CARTESIAN_POINT('',(-27.93411461512,-1.935236878364,
    33.367529264153));
#2483 = CARTESIAN_POINT('',(-27.94778042122,-1.736524673385,
    33.153377348715));
#2484 = CARTESIAN_POINT('',(-27.96181336287,-1.501038129516,
    32.96057371151));
#2485 = CARTESIAN_POINT('',(-27.97474139563,-1.228344856293,
    32.797517865513));
#2486 = CARTESIAN_POINT('',(-27.9927858268,-0.67964895201,
    32.580273788695));
#2487 = CARTESIAN_POINT('',(-27.99899416131,-0.417347544436,
    32.510047276879));
#2488 = CARTESIAN_POINT('',(-28.00247740967,-0.140807272316,
    32.472912163128));
#2489 = CARTESIAN_POINT('',(-28.00247921089,0.140728749598,
    32.472896615605));
#2490 = CARTESIAN_POINT('',(-27.99899555678,0.417337936849,
    32.510028396942));
#2491 = CARTESIAN_POINT('',(-27.99278405559,0.67970281103,32.58029511299
    ));
#2492 = CARTESIAN_POINT('',(-27.97771058251,1.13805768296,
    32.761770644756));
#2493 = CARTESIAN_POINT('',(-27.96913564924,1.338626528626,
    32.868709170433));
#2494 = CARTESIAN_POINT('',(-27.95973894945,1.521072200553,
    32.992471706429));
#2495 = CARTESIAN_POINT('',(-27.9500742162,1.685040269313,
    33.129712870185));
#2496 = CARTESIAN_POINT('',(-27.94060320561,1.83056515035,
    33.277511718687));
#2497 = CARTESIAN_POINT('',(-27.93167663214,1.957946069188,
    33.433291437896));
#2498 = CARTESIAN_POINT('',(-27.91420539218,2.193888755887,
    33.780470558468));
#2499 = CARTESIAN_POINT('',(-27.90587636282,2.297334484395,
    33.974528892073));
#2500 = CARTESIAN_POINT('',(-27.89892606248,2.378980425923,
    34.174435764573));
#2501 = CARTESIAN_POINT('',(-27.89358136999,2.439627287001,
    34.378298130965));
#2502 = CARTESIAN_POINT('',(-27.88997467809,2.479864021644,
    34.584654769928));
#2503 = CARTESIAN_POINT('',(-27.88816953476,2.5,34.792280423592));
#2504 = CARTESIAN_POINT('',(-27.88816953476,2.5,35.));
#2505 = PCURVE('',#902,#2506);
#2506 = DEFINITIONAL_REPRESENTATION('',(#2507),#2564);
#2507 = B_SPLINE_CURVE_WITH_KNOTS('',7,(#2508,#2509,#2510,#2511,#2512,
    #2513,#2514,#2515,#2516,#2517,#2518,#2519,#2520,#2521,#2522,#2523,
    #2524,#2525,#2526,#2527,#2528,#2529,#2530,#2531,#2532,#2533,#2534,
    #2535,#2536,#2537,#2538,#2539,#2540,#2541,#2542,#2543,#2544,#2545,
    #2546,#2547,#2548,#2549,#2550,#2551,#2552,#2553,#2554,#2555,#2556,
    #2557,#2558,#2559,#2560,#2561,#2562,#2563),.UNSPECIFIED.,.F.,.F.,(8,
    6,6,6,6,6,6,6,6,8),(0.,0.126691830545,0.22571258697,0.331621586022,
    0.430577926456,0.567523020828,0.698527346924,0.800879273,
    0.893505870904,1.),.UNSPECIFIED.);
#2508 = CARTESIAN_POINT('',(0.,-27.88816953476));
#2509 = CARTESIAN_POINT('',(9.944501878485E-02,-27.88816953476));
#2510 = CARTESIAN_POINT('',(0.198795407622,-27.89075512054));
#2511 = CARTESIAN_POINT('',(0.298899468301,-27.89591804975));
#2512 = CARTESIAN_POINT('',(0.400506790835,-27.90352745283));
#2513 = CARTESIAN_POINT('',(0.504409443255,-27.91331931124));
#2514 = CARTESIAN_POINT('',(0.611414745566,-27.92479662267));
#2515 = CARTESIAN_POINT('',(0.809440988614,-27.94677283478));
#2516 = CARTESIAN_POINT('',(0.899800013235,-27.95704338792));
#2517 = CARTESIAN_POINT('',(0.99331715484,-27.96746748381));
#2518 = CARTESIAN_POINT('',(1.089844061209,-27.97739375865));
#2519 = CARTESIAN_POINT('',(1.189364135299,-27.98605701615));
#2520 = CARTESIAN_POINT('',(1.291990597327,-27.99269219293));
#2521 = CARTESIAN_POINT('',(1.511401869901,-28.00098813899));
#2522 = CARTESIAN_POINT('',(1.625687402686,-28.00215736236));
#2523 = CARTESIAN_POINT('',(1.739608657065,-27.99971579865));
#2524 = CARTESIAN_POINT('',(1.852110401279,-27.99374537812));
#2525 = CARTESIAN_POINT('',(1.96205811868,-27.98512415223));
#2526 = CARTESIAN_POINT('',(2.068001894137,-27.97507544727));
#2527 = CARTESIAN_POINT('',(2.260851108847,-27.95503829362));
#2528 = CARTESIAN_POINT('',(2.350588339674,-27.94487748295));
#2529 = CARTESIAN_POINT('',(2.437461174508,-27.93483653262));
#2530 = CARTESIAN_POINT('',(2.52191188078,-27.92537941524));
#2531 = CARTESIAN_POINT('',(2.604332640225,-27.91684018675));
#2532 = CARTESIAN_POINT('',(2.685102279736,-27.90944537864));
#2533 = CARTESIAN_POINT('',(2.874620084639,-27.89491600065));
#2534 = CARTESIAN_POINT('',(2.982265515823,-27.8889660858));
#2535 = CARTESIAN_POINT('',(3.088616665116,-27.88590957509));
#2536 = CARTESIAN_POINT('',(3.194544702092,-27.88590765891));
#2537 = CARTESIAN_POINT('',(3.300924999877,-27.88896501172));
#2538 = CARTESIAN_POINT('',(3.408600377809,-27.89491869583));
#2539 = CARTESIAN_POINT('',(3.623796014243,-27.91141666416));
#2540 = CARTESIAN_POINT('',(3.731589798128,-27.92178643415));
#2541 = CARTESIAN_POINT('',(3.842658269384,-27.93411461512));
#2542 = CARTESIAN_POINT('',(3.957683557776,-27.94778042122));
#2543 = CARTESIAN_POINT('',(4.07745023803,-27.96181336287));
#2544 = CARTESIAN_POINT('',(4.202878496598,-27.97474139563));
#2545 = CARTESIAN_POINT('',(4.438933467921,-27.9927858268));
#2546 = CARTESIAN_POINT('',(4.5468269792,-27.99899416131));
#2547 = CARTESIAN_POINT('',(4.656955865567,-28.00247740967));
#2548 = CARTESIAN_POINT('',(4.767791873006,-28.00247921089));
#2549 = CARTESIAN_POINT('',(4.877944616843,-27.99899555678));
#2550 = CARTESIAN_POINT('',(4.985867663587,-27.99278405559));
#2551 = CARTESIAN_POINT('',(5.183056936014,-27.97771058251));
#2552 = CARTESIAN_POINT('',(5.273397851273,-27.96913564924));
#2553 = CARTESIAN_POINT('',(5.360815903834,-27.95973894945));
#2554 = CARTESIAN_POINT('',(5.445607449281,-27.9500742162));
#2555 = CARTESIAN_POINT('',(5.527999712208,-27.94060320561));
#2556 = CARTESIAN_POINT('',(5.60817659218,-27.93167663214));
#2557 = CARTESIAN_POINT('',(5.776082419675,-27.91420539218));
#2558 = CARTESIAN_POINT('',(5.863541773014,-27.90587636282));
#2559 = CARTESIAN_POINT('',(5.949214804559,-27.89892606248));
#2560 = CARTESIAN_POINT('',(6.033569059616,-27.89358136999));
#2561 = CARTESIAN_POINT('',(6.117046616891,-27.88997467809));
#2562 = CARTESIAN_POINT('',(6.200097476616,-27.88816953476));
#2563 = CARTESIAN_POINT('',(6.28318530718,-27.88816953476));
#2564 = ( GEOMETRIC_REPRESENTATION_CONTEXT(2) 
PARAMETRIC_REPRESENTATION_CONTEXT() REPRESENTATION_CONTEXT('2D SPACE',''
  ) );
#2565 = PCURVE('',#1733,#2566);
#2566 = DEFINITIONAL_REPRESENTATION('',(#2567),#2624);
#2567 = B_SPLINE_CURVE_WITH_KNOTS('',7,(#2568,#2569,#2570,#2571,#2572,
    #2573,#2574,#2575,#2576,#2577,#2578,#2579,#2580,#2581,#2582,#2583,
    #2584,#2585,#2586,#2587,#2588,#2589,#2590,#2591,#2592,#2593,#2594,
    #2595,#2596,#2597,#2598,#2599,#2600,#2601,#2602,#2603,#2604,#2605,
    #2606,#2607,#2608,#2609,#2610,#2611,#2612,#2613,#2614,#2615,#2616,
    #2617,#2618,#2619,#2620,#2621,#2622,#2623),.UNSPECIFIED.,.F.,.F.,(8,
    6,6,6,6,6,6,6,6,8),(0.,0.126691830545,0.22571258697,0.331621586022,
    0.430577926456,0.567523020828,0.698527346924,0.800879273,
    0.893505870904,1.),.UNSPECIFIED.);
#2568 = CARTESIAN_POINT('',(-3.052187881662,-35.));
#2569 = CARTESIAN_POINT('',(-3.052187881662,-35.24861254696));
#2570 = CARTESIAN_POINT('',(-3.05322212483,-35.49698900532));
#2571 = CARTESIAN_POINT('',(-3.055287250716,-35.74323119358));
#2572 = CARTESIAN_POINT('',(-3.058406301514,-35.98524100132));
#2573 = CARTESIAN_POINT('',(-3.06262218943,-36.22034573263));
#2574 = CARTESIAN_POINT('',(-3.067990489058,-36.44483961547));
#2575 = CARTESIAN_POINT('',(-3.079709400028,-36.81619380794));
#2576 = CARTESIAN_POINT('',(-3.085645645915,-36.97108409019));
#2577 = CARTESIAN_POINT('',(-3.09237897309,-37.11323243257));
#2578 = CARTESIAN_POINT('',(-3.099879185404,-37.23798761153));
#2579 = CARTESIAN_POINT('',(-3.108087312102,-37.34079890558));
#2580 = CARTESIAN_POINT('',(-3.116915188132,-37.41720430961));
#2581 = CARTESIAN_POINT('',(-3.136216041907,-37.51151226632));
#2582 = CARTESIAN_POINT('',(-3.146497898021,-37.52369124402));
#2583 = CARTESIAN_POINT('',(-3.156774517346,-37.4966957915));
#2584 = CARTESIAN_POINT('',(-3.166715665637,-37.43155282265));
#2585 = CARTESIAN_POINT('',(-3.176015294892,-37.33269282011));
#2586 = CARTESIAN_POINT('',(-3.184428195883,-37.20779655375));
#2587 = CARTESIAN_POINT('',(-3.198687399725,-36.9368032087));
#2588 = CARTESIAN_POINT('',(-3.204816570195,-36.78977238449));
#2589 = CARTESIAN_POINT('',(-3.210197211911,-36.63044653226));
#2590 = CARTESIAN_POINT('',(-3.214851180437,-36.46177652906));
#2591 = CARTESIAN_POINT('',(-3.218804515428,-36.28605984039));
#2592 = CARTESIAN_POINT('',(-3.222082007108,-36.10510272755));
#2593 = CARTESIAN_POINT('',(-3.228332704223,-35.66457973091));
#2594 = CARTESIAN_POINT('',(-3.230708028682,-35.40136845379));
#2595 = CARTESIAN_POINT('',(-3.231883472614,-35.13423203616));
#2596 = CARTESIAN_POINT('',(-3.231884051757,-34.86583093404));
#2597 = CARTESIAN_POINT('',(-3.230708607729,-34.59861127434));
#2598 = CARTESIAN_POINT('',(-3.228331544728,-34.33533855272));
#2599 = CARTESIAN_POINT('',(-3.221233938546,-33.83512894617));
#2600 = CARTESIAN_POINT('',(-3.216603984821,-33.59645283226));
#2601 = CARTESIAN_POINT('',(-3.210760615769,-33.36752926415));
#2602 = CARTESIAN_POINT('',(-3.203647291324,-33.15337734871));
#2603 = CARTESIAN_POINT('',(-3.19522293789,-32.96057371151));
#2604 = CARTESIAN_POINT('',(-3.185473980918,-32.79751786551));
#2605 = CARTESIAN_POINT('',(-3.165867104883,-32.58027378869));
#2606 = CARTESIAN_POINT('',(-3.156496971339,-32.51004727687));
#2607 = CARTESIAN_POINT('',(-3.146620739922,-32.47291216312));
#2608 = CARTESIAN_POINT('',(-3.136567370896,-32.4728966156));
#2609 = CARTESIAN_POINT('',(-3.126688680571,-32.51002839694));
#2610 = CARTESIAN_POINT('',(-3.117316277721,-32.58029511299));
#2611 = CARTESIAN_POINT('',(-3.100937611352,-32.76177064475));
#2612 = CARTESIAN_POINT('',(-3.093768244249,-32.86870917043));
#2613 = CARTESIAN_POINT('',(-3.087244042508,-32.99247170642));
#2614 = CARTESIAN_POINT('',(-3.081378104705,-33.12971287018));
#2615 = CARTESIAN_POINT('',(-3.07616989546,-33.27751171868));
#2616 = CARTESIAN_POINT('',(-3.071609457087,-33.43329143789));
#2617 = CARTESIAN_POINT('',(-3.063159861967,-33.78047055846));
#2618 = CARTESIAN_POINT('',(-3.059453491485,-33.97452889207));
#2619 = CARTESIAN_POINT('',(-3.056527048125,-34.17443576457));
#2620 = CARTESIAN_POINT('',(-3.05435269405,-34.37829813096));
#2621 = CARTESIAN_POINT('',(-3.052909908352,-34.58465476992));
#2622 = CARTESIAN_POINT('',(-3.052187881662,-34.79228042359));
#2623 = CARTESIAN_POINT('',(-3.052187881662,-35.));
#2624 = ( GEOMETRIC_REPRESENTATION_CONTEXT(2) 
PARAMETRIC_REPRESENTATION_CONTEXT() REPRESENTATION_CONTEXT('2D SPACE',''
  ) );
#2625 = ORIENTED_EDGE('',*,*,#2626,.T.);
#2626 = EDGE_CURVE('',#2445,#781,#2627,.T.);
#2627 = SEAM_CURVE('',#2628,(#2632,#2639),.PCURVE_S1.);
#2628 = LINE('',#2629,#2630);
#2629 = CARTESIAN_POINT('',(0.,2.5,35.));
#2630 = VECTOR('',#2631,1.);
#2631 = DIRECTION('',(-1.,-0.,-0.));
#2632 = PCURVE('',#902,#2633);
#2633 = DEFINITIONAL_REPRESENTATION('',(#2634),#2638);
#2634 = LINE('',#2635,#2636);
#2635 = CARTESIAN_POINT('',(6.28318530718,0.));
#2636 = VECTOR('',#2637,1.);
#2637 = DIRECTION('',(0.,-1.));
#2638 = ( GEOMETRIC_REPRESENTATION_CONTEXT(2) 
PARAMETRIC_REPRESENTATION_CONTEXT() REPRESENTATION_CONTEXT('2D SPACE',''
  ) );
#2639 = PCURVE('',#902,#2640);
#2640 = DEFINITIONAL_REPRESENTATION('',(#2641),#2645);
#2641 = LINE('',#2642,#2643);
#2642 = CARTESIAN_POINT('',(0.,0.));
#2643 = VECTOR('',#2644,1.);
#2644 = DIRECTION('',(0.,-1.));
#2645 = ( GEOMETRIC_REPRESENTATION_CONTEXT(2) 
PARAMETRIC_REPRESENTATION_CONTEXT() REPRESENTATION_CONTEXT('2D SPACE',''
  ) );
#2646 = ORIENTED_EDGE('',*,*,#780,.T.);
#2647 = ORIENTED_EDGE('',*,*,#2626,.F.);
#2648 = ADVANCED_FACE('',(#2649),#1081,.F.);
#2649 = FACE_BOUND('',#2650,.T.);
#2650 = EDGE_LOOP('',(#2651,#2818,#2839,#2840));
#2651 = ORIENTED_EDGE('',*,*,#2652,.F.);
#2652 = EDGE_CURVE('',#2653,#2653,#2655,.T.);
#2653 = VERTEX_POINT('',#2654);
#2654 = CARTESIAN_POINT('',(2.5,-27.88816953476,35.));
#2655 = SURFACE_CURVE('',#2656,(#2708,#2763),.PCURVE_S1.);
#2656 = B_SPLINE_CURVE_WITH_KNOTS('',8,(#2657,#2658,#2659,#2660,#2661,
    #2662,#2663,#2664,#2665,#2666,#2667,#2668,#2669,#2670,#2671,#2672,
    #2673,#2674,#2675,#2676,#2677,#2678,#2679,#2680,#2681,#2682,#2683,
    #2684,#2685,#2686,#2687,#2688,#2689,#2690,#2691,#2692,#2693,#2694,
    #2695,#2696,#2697,#2698,#2699,#2700,#2701,#2702,#2703,#2704,#2705,
    #2706,#2707),.UNSPECIFIED.,.T.,.F.,(9,7,7,7,7,7,7,9),(0.,
    0.154943088575,0.286396506428,0.411439535769,0.569108264486,
    0.70747585485,0.827679875459,1.),.UNSPECIFIED.);
#2657 = CARTESIAN_POINT('',(2.5,-27.88816953476,35.));
#2658 = CARTESIAN_POINT('',(2.5,-27.88816953476,35.260509521077));
#2659 = CARTESIAN_POINT('',(2.468975581848,-27.89095049036,
    35.520619691636));
#2660 = CARTESIAN_POINT('',(2.407095407779,-27.89649838625,
    35.778419819786));
#2661 = CARTESIAN_POINT('',(2.313636872603,-27.90468049355,
    36.031791972431));
#2662 = CARTESIAN_POINT('',(2.187280560184,-27.91523368429,
    36.277916234578));
#2663 = CARTESIAN_POINT('',(2.02630272775,-27.92767646811,36.51295825152
    ));
#2664 = CARTESIAN_POINT('',(1.828859939919,-27.94120286085,
    36.731626046554));
#2665 = CARTESIAN_POINT('',(1.393931936901,-27.96599604179,
    37.091429781969));
#2666 = CARTESIAN_POINT('',(1.159372657707,-27.97773272805,
    37.245650429043));
#2667 = CARTESIAN_POINT('',(0.89331062651,-27.98863163366,
    37.375364944661));
#2668 = CARTESIAN_POINT('',(0.602189254208,-27.99724581594,
    37.470386019145));
#2669 = CARTESIAN_POINT('',(0.2949251357,-28.0022255565,37.523921331028)
  );
#2670 = CARTESIAN_POINT('',(-1.829745898785E-02,-28.0029512636,
    37.532700064682));
#2671 = CARTESIAN_POINT('',(-0.327027209457,-27.99964183102,
    37.497123362502));
#2672 = CARTESIAN_POINT('',(-0.902051162049,-27.98687058925,
    37.34948230531));
#2673 = CARTESIAN_POINT('',(-1.160956270534,-27.97791039851,
    37.243473915082));
#2674 = CARTESIAN_POINT('',(-1.395909675576,-27.96712840606,
    37.10994872962));
#2675 = CARTESIAN_POINT('',(-1.605618894735,-27.95547774194,
    36.954508779747));
#2676 = CARTESIAN_POINT('',(-1.789613093717,-27.94379115853,
    36.782080676867));
#2677 = CARTESIAN_POINT('',(-1.948009046739,-27.93272311835,
    36.597050931881));
#2678 = CARTESIAN_POINT('',(-2.081394819542,-27.92274756348,
    36.40333089745));
#2679 = CARTESIAN_POINT('',(-2.328675430069,-27.90334042198,
    35.953529136718));
#2680 = CARTESIAN_POINT('',(-2.429869958905,-27.89461502121,
    35.69169644666));
#2681 = CARTESIAN_POINT('',(-2.496157085776,-27.88857438645,
    35.423267682512));
#2682 = CARTESIAN_POINT('',(-2.528782367262,-27.8855231201,
    35.15134520465));
#2683 = CARTESIAN_POINT('',(-2.528355020401,-27.88557955474,
    34.878473836877));
#2684 = CARTESIAN_POINT('',(-2.494806406437,-27.88872184255,
    34.607033921955));
#2685 = CARTESIAN_POINT('',(-2.427353808285,-27.89477761135,
    34.339616158846));
#2686 = CARTESIAN_POINT('',(-2.234126745228,-27.91087406357,
    33.851580306964));
#2687 = CARTESIAN_POINT('',(-2.116042823043,-27.92037411,33.628080728835
    ));
#2688 = CARTESIAN_POINT('',(-1.968945500707,-27.93159470234,
    33.412369938713));
#2689 = CARTESIAN_POINT('',(-1.791637399416,-27.94408776261,
    33.208344190095));
#2690 = CARTESIAN_POINT('',(-1.583222975228,-27.95717983651,
    33.020802083292));
#2691 = CARTESIAN_POINT('',(-1.343300074806,-27.96991361903,
    32.855572727343));
#2692 = CARTESIAN_POINT('',(-1.072344273172,-27.98106551484,
    32.719770214901));
#2693 = CARTESIAN_POINT('',(-0.512095801014,-27.99652910707,
    32.537734451512));
#2694 = CARTESIAN_POINT('',(-0.233877389556,-28.00143644322,
    32.483383054212));
#2695 = CARTESIAN_POINT('',(5.43535356847E-02,-28.00318928455,
    32.465302018994));
#2696 = CARTESIAN_POINT('',(0.343597382475,-28.00127897519,
    32.485989284075));
#2697 = CARTESIAN_POINT('',(0.624551688382,-27.99583909287,
    32.544548968661));
#2698 = CARTESIAN_POINT('',(0.888536090247,-27.98771631382,
    32.636781587696));
#2699 = CARTESIAN_POINT('',(1.128498523236,-27.97804752266,
    32.755232065754));
#2700 = CARTESIAN_POINT('',(1.642147082984,-27.95344554264,
    33.081203353925));
#2701 = CARTESIAN_POINT('',(1.896021094702,-27.93753592329,
    33.311849906716));
#2702 = CARTESIAN_POINT('',(2.102272416598,-27.92226331783,
    33.567944184951));
#2703 = CARTESIAN_POINT('',(2.263482238663,-27.90906068634,
    33.84077916153));
#2704 = CARTESIAN_POINT('',(2.382248620241,-27.89872454814,
    34.124203427936));
#2705 = CARTESIAN_POINT('',(2.460680725066,-27.8916943962,
    34.413885067299));
#2706 = CARTESIAN_POINT('',(2.5,-27.88816953476,34.706725185276));
#2707 = CARTESIAN_POINT('',(2.5,-27.88816953476,35.));
#2708 = PCURVE('',#1081,#2709);
#2709 = DEFINITIONAL_REPRESENTATION('',(#2710),#2762);
#2710 = B_SPLINE_CURVE_WITH_KNOTS('',8,(#2711,#2712,#2713,#2714,#2715,
    #2716,#2717,#2718,#2719,#2720,#2721,#2722,#2723,#2724,#2725,#2726,
    #2727,#2728,#2729,#2730,#2731,#2732,#2733,#2734,#2735,#2736,#2737,
    #2738,#2739,#2740,#2741,#2742,#2743,#2744,#2745,#2746,#2747,#2748,
    #2749,#2750,#2751,#2752,#2753,#2754,#2755,#2756,#2757,#2758,#2759,
    #2760,#2761),.UNSPECIFIED.,.F.,.F.,(9,7,7,7,7,7,7,9),(0.,
    0.154943088575,0.286396506428,0.411439535769,0.569108264486,
    0.70747585485,0.827679875459,1.),.UNSPECIFIED.);
#2711 = CARTESIAN_POINT('',(0.,-27.88816953476));
#2712 = CARTESIAN_POINT('',(-0.104203808431,-27.88816953476));
#2713 = CARTESIAN_POINT('',(-0.208247412687,-27.89095049036));
#2714 = CARTESIAN_POINT('',(-0.313093334393,-27.89649838625));
#2715 = CARTESIAN_POINT('',(-0.419590357263,-27.90468049355));
#2716 = CARTESIAN_POINT('',(-0.528569787594,-27.91523368429));
#2717 = CARTESIAN_POINT('',(-0.640886275486,-27.92767646811));
#2718 = CARTESIAN_POINT('',(-0.757493615188,-27.94120286085));
#2719 = CARTESIAN_POINT('',(-0.983279742602,-27.96599604179));
#2720 = CARTESIAN_POINT('',(-1.094893948353,-27.97773272805));
#2721 = CARTESIAN_POINT('',(-1.211663499241,-27.98863163366));
#2722 = CARTESIAN_POINT('',(-1.331806871585,-27.99724581594));
#2723 = CARTESIAN_POINT('',(-1.454044890432,-28.0022255565));
#2724 = CARTESIAN_POINT('',(-1.577269745052,-28.0029512636));
#2725 = CARTESIAN_POINT('',(-1.700421227504,-27.99964183102));
#2726 = CARTESIAN_POINT('',(-1.937891369735,-27.98687058925));
#2727 = CARTESIAN_POINT('',(-2.048745540185,-27.97791039851));
#2728 = CARTESIAN_POINT('',(-2.155419010101,-27.96712840606));
#2729 = CARTESIAN_POINT('',(-2.258384719594,-27.95547774194));
#2730 = CARTESIAN_POINT('',(-2.357996765129,-27.94379115853));
#2731 = CARTESIAN_POINT('',(-2.454519939138,-27.93272311835));
#2732 = CARTESIAN_POINT('',(-2.548126373745,-27.92274756348));
#2733 = CARTESIAN_POINT('',(-2.753443425857,-27.90334042198));
#2734 = CARTESIAN_POINT('',(-2.864722249345,-27.89461502121));
#2735 = CARTESIAN_POINT('',(-2.973872947545,-27.88857438645));
#2736 = CARTESIAN_POINT('',(-3.08179961868,-27.8855231201));
#2737 = CARTESIAN_POINT('',(-3.189350453756,-27.88557955474));
#2738 = CARTESIAN_POINT('',(-3.297372172459,-27.88872184255));
#2739 = CARTESIAN_POINT('',(-3.406760104934,-27.89477761135));
#2740 = CARTESIAN_POINT('',(-3.616718459136,-27.91087406357));
#2741 = CARTESIAN_POINT('',(-3.717227423427,-27.92037411));
#2742 = CARTESIAN_POINT('',(-3.820555558398,-27.93159470234));
#2743 = CARTESIAN_POINT('',(-3.927152218357,-27.94408776261));
#2744 = CARTESIAN_POINT('',(-4.037527036468,-27.95717983651));
#2745 = CARTESIAN_POINT('',(-4.152272759461,-27.96991361903));
#2746 = CARTESIAN_POINT('',(-4.272137613411,-27.98106551484));
#2747 = CARTESIAN_POINT('',(-4.507769655276,-27.99652910707));
#2748 = CARTESIAN_POINT('',(-4.620328648349,-28.00143644322));
#2749 = CARTESIAN_POINT('',(-4.7342147475,-28.00318928455));
#2750 = CARTESIAN_POINT('',(-4.848168398955,-28.00127897519));
#2751 = CARTESIAN_POINT('',(-4.961005145034,-27.99583909287));
#2752 = CARTESIAN_POINT('',(-5.071451504721,-27.98771631382));
#2753 = CARTESIAN_POINT('',(-5.177882061782,-27.97804752266));
#2754 = CARTESIAN_POINT('',(-5.421222851176,-27.95344554264));
#2755 = CARTESIAN_POINT('',(-5.556399164136,-27.93753592329));
#2756 = CARTESIAN_POINT('',(-5.685430640708,-27.92226331783));
#2757 = CARTESIAN_POINT('',(-5.809681878741,-27.90906068634));
#2758 = CARTESIAN_POINT('',(-5.930409104429,-27.89872454814));
#2759 = CARTESIAN_POINT('',(-6.048738804226,-27.8916943962));
#2760 = CARTESIAN_POINT('',(-6.16587538129,-27.88816953476));
#2761 = CARTESIAN_POINT('',(-6.28318530718,-27.88816953476));
#2762 = ( GEOMETRIC_REPRESENTATION_CONTEXT(2) 
PARAMETRIC_REPRESENTATION_CONTEXT() REPRESENTATION_CONTEXT('2D SPACE',''
  ) );
#2763 = PCURVE('',#1733,#2764);
#2764 = DEFINITIONAL_REPRESENTATION('',(#2765),#2817);
#2765 = B_SPLINE_CURVE_WITH_KNOTS('',8,(#2766,#2767,#2768,#2769,#2770,
    #2771,#2772,#2773,#2774,#2775,#2776,#2777,#2778,#2779,#2780,#2781,
    #2782,#2783,#2784,#2785,#2786,#2787,#2788,#2789,#2790,#2791,#2792,
    #2793,#2794,#2795,#2796,#2797,#2798,#2799,#2800,#2801,#2802,#2803,
    #2804,#2805,#2806,#2807,#2808,#2809,#2810,#2811,#2812,#2813,#2814,
    #2815,#2816),.UNSPECIFIED.,.T.,.F.,(9,7,7,7,7,7,7,9),(0.,
    0.154943088575,0.286396506428,0.411439535769,0.569108264486,
    0.70747585485,0.827679875459,1.),.UNSPECIFIED.);
#2766 = CARTESIAN_POINT('',(-4.801793752312,-35.));
#2767 = CARTESIAN_POINT('',(-4.801793752312,-35.26050952107));
#2768 = CARTESIAN_POINT('',(-4.80068129491,-35.52061969163));
#2769 = CARTESIAN_POINT('',(-4.79846242391,-35.77841981978));
#2770 = CARTESIAN_POINT('',(-4.795111861274,-36.03179197243));
#2771 = CARTESIAN_POINT('',(-4.790583501941,-36.27791623457));
#2772 = CARTESIAN_POINT('',(-4.78481741116,-36.51295825151));
#2773 = CARTESIAN_POINT('',(-4.777749818873,-36.73162604655));
#2774 = CARTESIAN_POINT('',(-4.762191458136,-37.09142978196));
#2775 = CARTESIAN_POINT('',(-4.753804064145,-37.24565042904));
#2776 = CARTESIAN_POINT('',(-4.744294536484,-37.37536494466));
#2777 = CARTESIAN_POINT('',(-4.733894224188,-37.47038601914));
#2778 = CARTESIAN_POINT('',(-4.72292114926,-37.52392133102));
#2779 = CARTESIAN_POINT('',(-4.711736174823,-37.53270006468));
#2780 = CARTESIAN_POINT('',(-4.700710207728,-37.4971233625));
#2781 = CARTESIAN_POINT('',(-4.680168573468,-37.34948230531));
#2782 = CARTESIAN_POINT('',(-4.670917138126,-37.24347391508));
#2783 = CARTESIAN_POINT('',(-4.662517926792,-37.10994872962));
#2784 = CARTESIAN_POINT('',(-4.655017320196,-36.95450877974));
#2785 = CARTESIAN_POINT('',(-4.648433132504,-36.78208067686));
#2786 = CARTESIAN_POINT('',(-4.642762462945,-36.59705093188));
#2787 = CARTESIAN_POINT('',(-4.637985412359,-36.40333089745));
#2788 = CARTESIAN_POINT('',(-4.62912680523,-35.95352913671));
#2789 = CARTESIAN_POINT('',(-4.625499411125,-35.69169644666));
#2790 = CARTESIAN_POINT('',(-4.623122213218,-35.42326768251));
#2791 = CARTESIAN_POINT('',(-4.621951919288,-35.15134520465));
#2792 = CARTESIAN_POINT('',(-4.621967315179,-34.87847383687));
#2793 = CARTESIAN_POINT('',(-4.623170731418,-34.60703392195));
#2794 = CARTESIAN_POINT('',(-4.625589393164,-34.33961615884));
#2795 = CARTESIAN_POINT('',(-4.632514262727,-33.85158030696));
#2796 = CARTESIAN_POINT('',(-4.636745157884,-33.62808072883));
#2797 = CARTESIAN_POINT('',(-4.642013806714,-33.41236993871));
#2798 = CARTESIAN_POINT('',(-4.648361728709,-33.20834419009));
#2799 = CARTESIAN_POINT('',(-4.65581924944,-33.02080208329));
#2800 = CARTESIAN_POINT('',(-4.664399096262,-32.85557272734));
#2801 = CARTESIAN_POINT('',(-4.674083391063,-32.7197702149));
#2802 = CARTESIAN_POINT('',(-4.694099885321,-32.53773445151));
#2803 = CARTESIAN_POINT('',(-4.704037308536,-32.48338305421));
#2804 = CARTESIAN_POINT('',(-4.714330315288,-32.46530201899));
#2805 = CARTESIAN_POINT('',(-4.724658992648,-32.48598928407));
#2806 = CARTESIAN_POINT('',(-4.734693573719,-32.54454896866));
#2807 = CARTESIAN_POINT('',(-4.744125333897,-32.63678158769));
#2808 = CARTESIAN_POINT('',(-4.752702126503,-32.75523206575));
#2809 = CARTESIAN_POINT('',(-4.77106774782,-33.08120335392));
#2810 = CARTESIAN_POINT('',(-4.780151477285,-33.31184990671));
#2811 = CARTESIAN_POINT('',(-4.787537192167,-33.56794418495));
#2812 = CARTESIAN_POINT('',(-4.793313819636,-33.84077916153));
#2813 = CARTESIAN_POINT('',(-4.797571480282,-34.12420342793));
#2814 = CARTESIAN_POINT('',(-4.800383861932,-34.41388506729));
#2815 = CARTESIAN_POINT('',(-4.801793752312,-34.70672518527));
#2816 = CARTESIAN_POINT('',(-4.801793752312,-35.));
#2817 = ( GEOMETRIC_REPRESENTATION_CONTEXT(2) 
PARAMETRIC_REPRESENTATION_CONTEXT() REPRESENTATION_CONTEXT('2D SPACE',''
  ) );
#2818 = ORIENTED_EDGE('',*,*,#2819,.T.);
#2819 = EDGE_CURVE('',#2653,#970,#2820,.T.);
#2820 = SEAM_CURVE('',#2821,(#2825,#2832),.PCURVE_S1.);
#2821 = LINE('',#2822,#2823);
#2822 = CARTESIAN_POINT('',(2.5,0.,35.));
#2823 = VECTOR('',#2824,1.);
#2824 = DIRECTION('',(0.,-1.,0.));
#2825 = PCURVE('',#1081,#2826);
#2826 = DEFINITIONAL_REPRESENTATION('',(#2827),#2831);
#2827 = LINE('',#2828,#2829);
#2828 = CARTESIAN_POINT('',(-6.28318530718,0.));
#2829 = VECTOR('',#2830,1.);
#2830 = DIRECTION('',(-0.,-1.));
#2831 = ( GEOMETRIC_REPRESENTATION_CONTEXT(2) 
PARAMETRIC_REPRESENTATION_CONTEXT() REPRESENTATION_CONTEXT('2D SPACE',''
  ) );
#2832 = PCURVE('',#1081,#2833);
#2833 = DEFINITIONAL_REPRESENTATION('',(#2834),#2838);
#2834 = LINE('',#2835,#2836);
#2835 = CARTESIAN_POINT('',(-0.,0.));
#2836 = VECTOR('',#2837,1.);
#2837 = DIRECTION('',(-0.,-1.));
#2838 = ( GEOMETRIC_REPRESENTATION_CONTEXT(2) 
PARAMETRIC_REPRESENTATION_CONTEXT() REPRESENTATION_CONTEXT('2D SPACE',''
  ) );
#2839 = ORIENTED_EDGE('',*,*,#969,.T.);
#2840 = ORIENTED_EDGE('',*,*,#2819,.F.);
#2841 = ADVANCED_FACE('',(#2842),#1255,.F.);
#2842 = FACE_BOUND('',#2843,.F.);
#2843 = EDGE_LOOP('',(#2844,#3011,#3032,#3033));
#2844 = ORIENTED_EDGE('',*,*,#2845,.F.);
#2845 = EDGE_CURVE('',#2846,#2846,#2848,.T.);
#2846 = VERTEX_POINT('',#2847);
#2847 = CARTESIAN_POINT('',(2.5,27.888169534769,20.));
#2848 = SURFACE_CURVE('',#2849,(#2901,#2956),.PCURVE_S1.);
#2849 = B_SPLINE_CURVE_WITH_KNOTS('',8,(#2850,#2851,#2852,#2853,#2854,
    #2855,#2856,#2857,#2858,#2859,#2860,#2861,#2862,#2863,#2864,#2865,
    #2866,#2867,#2868,#2869,#2870,#2871,#2872,#2873,#2874,#2875,#2876,
    #2877,#2878,#2879,#2880,#2881,#2882,#2883,#2884,#2885,#2886,#2887,
    #2888,#2889,#2890,#2891,#2892,#2893,#2894,#2895,#2896,#2897,#2898,
    #2899,#2900),.UNSPECIFIED.,.T.,.F.,(9,7,7,7,7,7,7,9),(0.,
    0.154943091084,0.286396508486,0.411439537431,0.569108265703,
    0.707475855677,0.827679875945,1.),.UNSPECIFIED.);
#2850 = CARTESIAN_POINT('',(2.5,27.888169534769,20.));
#2851 = CARTESIAN_POINT('',(2.5,27.888169534769,20.260509526089));
#2852 = CARTESIAN_POINT('',(2.468975585382,27.890950490137,
    20.520619677095));
#2853 = CARTESIAN_POINT('',(2.407095399946,27.896498386747,
    20.778419834816));
#2854 = CARTESIAN_POINT('',(2.313636875832,27.904680493366,
    21.031791973223));
#2855 = CARTESIAN_POINT('',(2.187280567851,27.915233683814,
    21.27791621949));
#2856 = CARTESIAN_POINT('',(2.026302717129,27.927676468752,
    21.512958264304));
#2857 = CARTESIAN_POINT('',(1.828859944536,27.941202860592,
    21.731626042735));
#2858 = CARTESIAN_POINT('',(1.393931936901,27.965996041792,
    22.091429781969));
#2859 = CARTESIAN_POINT('',(1.159372657706,27.977732728058,
    22.245650429043));
#2860 = CARTESIAN_POINT('',(0.89331062651,27.988631633661,
    22.375364944661));
#2861 = CARTESIAN_POINT('',(0.602189254209,27.997245815947,
    22.470386019145));
#2862 = CARTESIAN_POINT('',(0.294925135699,28.002225556502,
    22.523921331028));
#2863 = CARTESIAN_POINT('',(-1.829745898807E-02,28.002951263599,
    22.532700064681));
#2864 = CARTESIAN_POINT('',(-0.327027209457,27.999641831023,
    22.497123362502));
#2865 = CARTESIAN_POINT('',(-0.902051162122,27.986870589255,
    22.349482305292));
#2866 = CARTESIAN_POINT('',(-1.160956270561,27.977910398511,
    22.243473915054));
#2867 = CARTESIAN_POINT('',(-1.395909675539,27.967128406061,
    22.109948729625));
#2868 = CARTESIAN_POINT('',(-1.605618894679,27.955477741947,
    21.954508779791));
#2869 = CARTESIAN_POINT('',(-1.789613093694,27.943791158538,
    21.78208067691));
#2870 = CARTESIAN_POINT('',(-1.948009046763,27.932723118355,
    21.597050931871));
#2871 = CARTESIAN_POINT('',(-2.081394819579,27.922747563485,
    21.403330897381));
#2872 = CARTESIAN_POINT('',(-2.328675430068,27.903340421981,
    20.953529136718));
#2873 = CARTESIAN_POINT('',(-2.429869958906,27.894615021215,
    20.69169644666));
#2874 = CARTESIAN_POINT('',(-2.496157085776,27.888574386453,
    20.423267682512));
#2875 = CARTESIAN_POINT('',(-2.528782367262,27.885523120101,
    20.15134520465));
#2876 = CARTESIAN_POINT('',(-2.528355020401,27.885579554743,
    19.878473836877));
#2877 = CARTESIAN_POINT('',(-2.494806406437,27.888721842553,
    19.607033921956));
#2878 = CARTESIAN_POINT('',(-2.427353808285,27.894777611355,
    19.339616158846));
#2879 = CARTESIAN_POINT('',(-2.234126745228,27.910874063573,
    18.851580306965));
#2880 = CARTESIAN_POINT('',(-2.116042823043,27.920374110008,
    18.628080728835));
#2881 = CARTESIAN_POINT('',(-1.968945500707,27.931594702347,
    18.412369938713));
#2882 = CARTESIAN_POINT('',(-1.791637399417,27.944087762613,
    18.208344190095));
#2883 = CARTESIAN_POINT('',(-1.583222975228,27.957179836511,
    18.020802083292));
#2884 = CARTESIAN_POINT('',(-1.343300074806,27.969913619031,
    17.855572727343));
#2885 = CARTESIAN_POINT('',(-1.072344273172,27.98106551484,
    17.719770214901));
#2886 = CARTESIAN_POINT('',(-0.512095801013,27.996529107074,
    17.537734451512));
#2887 = CARTESIAN_POINT('',(-0.233877389556,28.001436443226,
    17.483383054213));
#2888 = CARTESIAN_POINT('',(5.435353568541E-02,28.003189284553,
    17.465302018993));
#2889 = CARTESIAN_POINT('',(0.343597382475,28.00127897519,
    17.485989284076));
#2890 = CARTESIAN_POINT('',(0.624551688382,27.995839092873,
    17.54454896866));
#2891 = CARTESIAN_POINT('',(0.888536090247,27.987716313824,
    17.636781587696));
#2892 = CARTESIAN_POINT('',(1.128498523236,27.978047522665,
    17.755232065754));
#2893 = CARTESIAN_POINT('',(1.642147082984,27.953445542645,
    18.081203353925));
#2894 = CARTESIAN_POINT('',(1.896021094701,27.937535923291,
    18.311849906716));
#2895 = CARTESIAN_POINT('',(2.102272416599,27.922263317833,
    18.56794418495));
#2896 = CARTESIAN_POINT('',(2.263482238662,27.909060686344,
    18.840779161531));
#2897 = CARTESIAN_POINT('',(2.382248620241,27.898724548142,
    19.124203427935));
#2898 = CARTESIAN_POINT('',(2.460680725066,27.891694396207,
    19.413885067299));
#2899 = CARTESIAN_POINT('',(2.5,27.888169534769,19.706725185276));
#2900 = CARTESIAN_POINT('',(2.5,27.888169534769,20.));
#2901 = PCURVE('',#1255,#2902);
#2902 = DEFINITIONAL_REPRESENTATION('',(#2903),#2955);
#2903 = B_SPLINE_CURVE_WITH_KNOTS('',8,(#2904,#2905,#2906,#2907,#2908,
    #2909,#2910,#2911,#2912,#2913,#2914,#2915,#2916,#2917,#2918,#2919,
    #2920,#2921,#2922,#2923,#2924,#2925,#2926,#2927,#2928,#2929,#2930,
    #2931,#2932,#2933,#2934,#2935,#2936,#2937,#2938,#2939,#2940,#2941,
    #2942,#2943,#2944,#2945,#2946,#2947,#2948,#2949,#2950,#2951,#2952,
    #2953,#2954),.UNSPECIFIED.,.F.,.F.,(9,7,7,7,7,7,7,9),(0.,
    0.154943091084,0.286396508486,0.411439537431,0.569108265703,
    0.707475855677,0.827679875945,1.),.UNSPECIFIED.);
#2904 = CARTESIAN_POINT('',(0.,-27.88816953476));
#2905 = CARTESIAN_POINT('',(0.104203810436,-27.88816953476));
#2906 = CARTESIAN_POINT('',(0.208247406309,-27.89095049013));
#2907 = CARTESIAN_POINT('',(0.3130933417,-27.89649838674));
#2908 = CARTESIAN_POINT('',(0.419590356977,-27.90468049336));
#2909 = CARTESIAN_POINT('',(0.528569780298,-27.91523368381));
#2910 = CARTESIAN_POINT('',(0.640886282486,-27.92767646875));
#2911 = CARTESIAN_POINT('',(0.757493612791,-27.94120286059));
#2912 = CARTESIAN_POINT('',(0.983279742602,-27.96599604179));
#2913 = CARTESIAN_POINT('',(1.094893948353,-27.97773272805));
#2914 = CARTESIAN_POINT('',(1.211663499241,-27.98863163366));
#2915 = CARTESIAN_POINT('',(1.331806871585,-27.99724581594));
#2916 = CARTESIAN_POINT('',(1.454044890432,-28.0022255565));
#2917 = CARTESIAN_POINT('',(1.577269745052,-28.00295126359));
#2918 = CARTESIAN_POINT('',(1.700421227504,-27.99964183102));
#2919 = CARTESIAN_POINT('',(1.937891369766,-27.98687058925));
#2920 = CARTESIAN_POINT('',(2.048745540199,-27.97791039851));
#2921 = CARTESIAN_POINT('',(2.155419010088,-27.96712840606));
#2922 = CARTESIAN_POINT('',(2.258384719567,-27.95547774194));
#2923 = CARTESIAN_POINT('',(2.357996765111,-27.94379115853));
#2924 = CARTESIAN_POINT('',(2.454519939146,-27.93272311835));
#2925 = CARTESIAN_POINT('',(2.548126373776,-27.92274756348));
#2926 = CARTESIAN_POINT('',(2.753443425857,-27.90334042198));
#2927 = CARTESIAN_POINT('',(2.864722249345,-27.89461502121));
#2928 = CARTESIAN_POINT('',(2.973872947545,-27.88857438645));
#2929 = CARTESIAN_POINT('',(3.08179961868,-27.8855231201));
#2930 = CARTESIAN_POINT('',(3.189350453756,-27.88557955474));
#2931 = CARTESIAN_POINT('',(3.297372172459,-27.88872184255));
#2932 = CARTESIAN_POINT('',(3.406760104934,-27.89477761135));
#2933 = CARTESIAN_POINT('',(3.616718459135,-27.91087406357));
#2934 = CARTESIAN_POINT('',(3.717227423427,-27.92037411));
#2935 = CARTESIAN_POINT('',(3.820555558398,-27.93159470234));
#2936 = CARTESIAN_POINT('',(3.927152218357,-27.94408776261));
#2937 = CARTESIAN_POINT('',(4.037527036468,-27.95717983651));
#2938 = CARTESIAN_POINT('',(4.152272759461,-27.96991361903));
#2939 = CARTESIAN_POINT('',(4.272137613411,-27.98106551484));
#2940 = CARTESIAN_POINT('',(4.507769655276,-27.99652910707));
#2941 = CARTESIAN_POINT('',(4.620328648348,-28.00143644322));
#2942 = CARTESIAN_POINT('',(4.734214747502,-28.00318928455));
#2943 = CARTESIAN_POINT('',(4.848168398951,-28.00127897519));
#2944 = CARTESIAN_POINT('',(4.961005145036,-27.99583909287));
#2945 = CARTESIAN_POINT('',(5.07145150472,-27.98771631382));
#2946 = CARTESIAN_POINT('',(5.177882061782,-27.97804752266));
#2947 = CARTESIAN_POINT('',(5.421222851176,-27.95344554264));
#2948 = CARTESIAN_POINT('',(5.556399164137,-27.93753592329));
#2949 = CARTESIAN_POINT('',(5.685430640704,-27.92226331783));
#2950 = CARTESIAN_POINT('',(5.809681878746,-27.90906068634));
#2951 = CARTESIAN_POINT('',(5.930409104425,-27.89872454814));
#2952 = CARTESIAN_POINT('',(6.048738804226,-27.8916943962));
#2953 = CARTESIAN_POINT('',(6.16587538129,-27.88816953476));
#2954 = CARTESIAN_POINT('',(6.28318530718,-27.88816953476));
#2955 = ( GEOMETRIC_REPRESENTATION_CONTEXT(2) 
PARAMETRIC_REPRESENTATION_CONTEXT() REPRESENTATION_CONTEXT('2D SPACE',''
  ) );
#2956 = PCURVE('',#1733,#2957);
#2957 = DEFINITIONAL_REPRESENTATION('',(#2958),#3010);
#2958 = B_SPLINE_CURVE_WITH_KNOTS('',8,(#2959,#2960,#2961,#2962,#2963,
    #2964,#2965,#2966,#2967,#2968,#2969,#2970,#2971,#2972,#2973,#2974,
    #2975,#2976,#2977,#2978,#2979,#2980,#2981,#2982,#2983,#2984,#2985,
    #2986,#2987,#2988,#2989,#2990,#2991,#2992,#2993,#2994,#2995,#2996,
    #2997,#2998,#2999,#3000,#3001,#3002,#3003,#3004,#3005,#3006,#3007,
    #3008,#3009),.UNSPECIFIED.,.F.,.F.,(9,7,7,7,7,7,7,9),(0.,
    0.154943091084,0.286396508486,0.411439537431,0.569108265703,
    0.707475855677,0.827679875945,1.),.UNSPECIFIED.);
#2959 = CARTESIAN_POINT('',(-1.481391554867,-20.));
#2960 = CARTESIAN_POINT('',(-1.481391554867,-20.26050952608));
#2961 = CARTESIAN_POINT('',(-1.482504012143,-20.52061967709));
#2962 = CARTESIAN_POINT('',(-1.48472288355,-20.77841983481));
#2963 = CARTESIAN_POINT('',(-1.48807344579,-21.03179197322));
#2964 = CARTESIAN_POINT('',(-1.492601804964,-21.27791621948));
#2965 = CARTESIAN_POINT('',(-1.4983678964,-21.5129582643));
#2966 = CARTESIAN_POINT('',(-1.505435488142,-21.73162604273));
#2967 = CARTESIAN_POINT('',(-1.520993849044,-22.09142978196));
#2968 = CARTESIAN_POINT('',(-1.529381243034,-22.24565042904));
#2969 = CARTESIAN_POINT('',(-1.538890770696,-22.37536494466));
#2970 = CARTESIAN_POINT('',(-1.549291082992,-22.47038601914));
#2971 = CARTESIAN_POINT('',(-1.56026415792,-22.52392133102));
#2972 = CARTESIAN_POINT('',(-1.571449132357,-22.53270006468));
#2973 = CARTESIAN_POINT('',(-1.582475099451,-22.4971233625));
#2974 = CARTESIAN_POINT('',(-1.603016733715,-22.34948230529));
#2975 = CARTESIAN_POINT('',(-1.612268169054,-22.24347391505));
#2976 = CARTESIAN_POINT('',(-1.620667380386,-22.10994872962));
#2977 = CARTESIAN_POINT('',(-1.628167986982,-21.95450877979));
#2978 = CARTESIAN_POINT('',(-1.634752174674,-21.78208067691));
#2979 = CARTESIAN_POINT('',(-1.640422844235,-21.59705093187));
#2980 = CARTESIAN_POINT('',(-1.645199894822,-21.40333089738));
#2981 = CARTESIAN_POINT('',(-1.65405850195,-20.95352913671));
#2982 = CARTESIAN_POINT('',(-1.657685896055,-20.69169644666));
#2983 = CARTESIAN_POINT('',(-1.660063093961,-20.42326768251));
#2984 = CARTESIAN_POINT('',(-1.661233387891,-20.15134520465));
#2985 = CARTESIAN_POINT('',(-1.661217992,-19.87847383687));
#2986 = CARTESIAN_POINT('',(-1.660014575762,-19.60703392195));
#2987 = CARTESIAN_POINT('',(-1.657595914016,-19.33961615884));
#2988 = CARTESIAN_POINT('',(-1.650671044453,-18.85158030696));
#2989 = CARTESIAN_POINT('',(-1.646440149295,-18.62808072883));
#2990 = CARTESIAN_POINT('',(-1.641171500466,-18.41236993871));
#2991 = CARTESIAN_POINT('',(-1.634823578471,-18.20834419009));
#2992 = CARTESIAN_POINT('',(-1.62736605774,-18.02080208329));
#2993 = CARTESIAN_POINT('',(-1.618786210918,-17.85557272734));
#2994 = CARTESIAN_POINT('',(-1.609101916117,-17.7197702149));
#2995 = CARTESIAN_POINT('',(-1.589085421858,-17.53773445151));
#2996 = CARTESIAN_POINT('',(-1.579147998644,-17.48338305421));
#2997 = CARTESIAN_POINT('',(-1.568854991892,-17.46530201899));
#2998 = CARTESIAN_POINT('',(-1.558526314532,-17.48598928407));
#2999 = CARTESIAN_POINT('',(-1.548491733461,-17.54454896865));
#3000 = CARTESIAN_POINT('',(-1.539059973283,-17.63678158769));
#3001 = CARTESIAN_POINT('',(-1.530483180676,-17.75523206575));
#3002 = CARTESIAN_POINT('',(-1.512117559359,-18.08120335392));
#3003 = CARTESIAN_POINT('',(-1.503033829894,-18.31184990671));
#3004 = CARTESIAN_POINT('',(-1.495648115013,-18.56794418495));
#3005 = CARTESIAN_POINT('',(-1.489871487544,-18.84077916153));
#3006 = CARTESIAN_POINT('',(-1.485613826898,-19.12420342793));
#3007 = CARTESIAN_POINT('',(-1.482801445248,-19.41388506729));
#3008 = CARTESIAN_POINT('',(-1.481391554867,-19.70672518527));
#3009 = CARTESIAN_POINT('',(-1.481391554867,-20.));
#3010 = ( GEOMETRIC_REPRESENTATION_CONTEXT(2) 
PARAMETRIC_REPRESENTATION_CONTEXT() REPRESENTATION_CONTEXT('2D SPACE',''
  ) );
#3011 = ORIENTED_EDGE('',*,*,#3012,.T.);
#3012 = EDGE_CURVE('',#2846,#1144,#3013,.T.);
#3013 = SEAM_CURVE('',#3014,(#3018,#3025),.PCURVE_S1.);
#3014 = LINE('',#3015,#3016);
#3015 = CARTESIAN_POINT('',(2.5,0.,20.));
#3016 = VECTOR('',#3017,1.);
#3017 = DIRECTION('',(-0.,1.,-0.));
#3018 = PCURVE('',#1255,#3019);
#3019 = DEFINITIONAL_REPRESENTATION('',(#3020),#3024);
#3020 = LINE('',#3021,#3022);
#3021 = CARTESIAN_POINT('',(6.28318530718,0.));
#3022 = VECTOR('',#3023,1.);
#3023 = DIRECTION('',(0.,-1.));
#3024 = ( GEOMETRIC_REPRESENTATION_CONTEXT(2) 
PARAMETRIC_REPRESENTATION_CONTEXT() REPRESENTATION_CONTEXT('2D SPACE',''
  ) );
#3025 = PCURVE('',#1255,#3026);
#3026 = DEFINITIONAL_REPRESENTATION('',(#3027),#3031);
#3027 = LINE('',#3028,#3029);
#3028 = CARTESIAN_POINT('',(0.,0.));
#3029 = VECTOR('',#3030,1.);
#3030 = DIRECTION('',(0.,-1.));
#3031 = ( GEOMETRIC_REPRESENTATION_CONTEXT(2) 
PARAMETRIC_REPRESENTATION_CONTEXT() REPRESENTATION_CONTEXT('2D SPACE',''
  ) );
#3032 = ORIENTED_EDGE('',*,*,#1143,.T.);
#3033 = ORIENTED_EDGE('',*,*,#3012,.F.);
#3034 = ADVANCED_FACE('',(#3035),#1439,.F.);
#3035 = FACE_BOUND('',#3036,.F.);
#3036 = EDGE_LOOP('',(#3037,#3219,#3240,#3241));
#3037 = ORIENTED_EDGE('',*,*,#3038,.F.);
#3038 = EDGE_CURVE('',#3039,#3039,#3041,.T.);
#3039 = VERTEX_POINT('',#3040);
#3040 = CARTESIAN_POINT('',(-27.88816953476,2.5,20.));
#3041 = SURFACE_CURVE('',#3042,(#3099,#3159),.PCURVE_S1.);
#3042 = B_SPLINE_CURVE_WITH_KNOTS('',7,(#3043,#3044,#3045,#3046,#3047,
    #3048,#3049,#3050,#3051,#3052,#3053,#3054,#3055,#3056,#3057,#3058,
    #3059,#3060,#3061,#3062,#3063,#3064,#3065,#3066,#3067,#3068,#3069,
    #3070,#3071,#3072,#3073,#3074,#3075,#3076,#3077,#3078,#3079,#3080,
    #3081,#3082,#3083,#3084,#3085,#3086,#3087,#3088,#3089,#3090,#3091,
    #3092,#3093,#3094,#3095,#3096,#3097,#3098),.UNSPECIFIED.,.T.,.F.,(8,
    6,6,6,6,6,6,6,6,8),(0.,0.126691830066,0.225712586109,0.331621584723,
    0.430577924776,0.567523018621,0.698527344213,0.800879269617,
    0.893505868255,1.),.UNSPECIFIED.);
#3043 = CARTESIAN_POINT('',(-27.88816953476,2.5,20.));
#3044 = CARTESIAN_POINT('',(-27.88816953476,2.5,20.248612546962));
#3045 = CARTESIAN_POINT('',(-27.89075512054,2.471156844238,
    20.496989005324));
#3046 = CARTESIAN_POINT('',(-27.89591804975,2.413564302126,
    20.743231193579));
#3047 = CARTESIAN_POINT('',(-27.90352745283,2.326562722599,
    20.985241001321));
#3048 = CARTESIAN_POINT('',(-27.91331931124,2.208922522441,
    21.220345732638));
#3049 = CARTESIAN_POINT('',(-27.92479662267,2.059042295639,
    21.444839615476));
#3050 = CARTESIAN_POINT('',(-27.94677283478,1.731649535217,
    21.816193807932));
#3051 = CARTESIAN_POINT('',(-27.95704338792,1.565749899069,
    21.971084090196));
#3052 = CARTESIAN_POINT('',(-27.96746748381,1.377498834603,
    22.113232432584));
#3053 = CARTESIAN_POINT('',(-27.97739375865,1.167713389681,
    22.237987611541));
#3054 = CARTESIAN_POINT('',(-27.98605701615,0.93802929292,
    22.340798905584));
#3055 = CARTESIAN_POINT('',(-27.99269219293,0.690921380898,
    22.41720430961));
#3056 = CARTESIAN_POINT('',(-28.00098813899,0.150561153747,
    22.511512266315));
#3057 = CARTESIAN_POINT('',(-28.00215736236,-0.137346707706,
    22.523691244056));
#3058 = CARTESIAN_POINT('',(-27.99971579864,-0.425118523904,
    22.496695791467));
#3059 = CARTESIAN_POINT('',(-27.99374537812,-0.703445085398,
    22.431552822643));
#3060 = CARTESIAN_POINT('',(-27.98512415223,-0.963711144042,
    22.332692820177));
#3061 = CARTESIAN_POINT('',(-27.97507544727,-1.199064738484,
    22.207796553717));
#3062 = CARTESIAN_POINT('',(-27.95503829362,-1.597819336549,
    21.936803208708));
#3063 = CARTESIAN_POINT('',(-27.94487748295,-1.769142064186,
    21.789772384495));
#3064 = CARTESIAN_POINT('',(-27.93483653262,-1.91947059881,
    21.630446532261));
#3065 = CARTESIAN_POINT('',(-27.92537941524,-2.049440906043,
    21.461776529063));
#3066 = CARTESIAN_POINT('',(-27.91684018675,-2.159805523378,
    21.286059840398));
#3067 = CARTESIAN_POINT('',(-27.90944537864,-2.251277145118,
    21.105102727556));
#3068 = CARTESIAN_POINT('',(-27.89491600065,-2.425692538006,
    20.664579730917));
#3069 = CARTESIAN_POINT('',(-27.8889660858,-2.49193632905,
    20.401368453793));
#3070 = CARTESIAN_POINT('',(-27.88590957509,-2.524706031272,
    20.134232036163));
#3071 = CARTESIAN_POINT('',(-27.88590765891,-2.524722141658,
    19.865830934049));
#3072 = CARTESIAN_POINT('',(-27.88896501172,-2.491952509911,
    19.598611274346));
#3073 = CARTESIAN_POINT('',(-27.89491869583,-2.425660184212,
    19.335338552728));
#3074 = CARTESIAN_POINT('',(-27.91141666416,-2.227613190708,
    18.835128946172));
#3075 = CARTESIAN_POINT('',(-27.92178643415,-2.098389353075,
    18.596452832264));
#3076 = CARTESIAN_POINT('',(-27.93411461512,-1.935236878364,
    18.367529264154));
#3077 = CARTESIAN_POINT('',(-27.94778042122,-1.736524673386,
    18.153377348715));
#3078 = CARTESIAN_POINT('',(-27.96181336287,-1.501038129516,
    17.96057371151));
#3079 = CARTESIAN_POINT('',(-27.97474139563,-1.228344856293,
    17.797517865514));
#3080 = CARTESIAN_POINT('',(-27.99278582678,-0.679648952665,
    17.580273788954));
#3081 = CARTESIAN_POINT('',(-27.99899416137,-0.41734754288,
    17.510047276078));
#3082 = CARTESIAN_POINT('',(-28.00247740956,-0.140807273281,
    17.472912164409));
#3083 = CARTESIAN_POINT('',(-28.002479211,0.140728748535,17.472896614275
    ));
#3084 = CARTESIAN_POINT('',(-27.9989955567,0.417337938632,
    17.510028397837));
#3085 = CARTESIAN_POINT('',(-27.99278405562,0.679702810258,
    17.580295112684));
#3086 = CARTESIAN_POINT('',(-27.97771058239,1.138057686813,
    17.761770646281));
#3087 = CARTESIAN_POINT('',(-27.96913564956,1.338626520895,
    17.868709165821));
#3088 = CARTESIAN_POINT('',(-27.95973894925,1.521072203958,
    17.992471710004));
#3089 = CARTESIAN_POINT('',(-27.950074216,1.685040274192,18.129712872877
    ));
#3090 = CARTESIAN_POINT('',(-27.94060320594,1.830565144413,
    18.277511713008));
#3091 = CARTESIAN_POINT('',(-27.931676632,1.957946071049,18.433291440635
    ));
#3092 = CARTESIAN_POINT('',(-27.91420539218,2.193888755887,
    18.780470558468));
#3093 = CARTESIAN_POINT('',(-27.90587636282,2.297334484395,
    18.974528892073));
#3094 = CARTESIAN_POINT('',(-27.89892606248,2.378980425923,
    19.174435764573));
#3095 = CARTESIAN_POINT('',(-27.89358136999,2.439627287001,
    19.378298130965));
#3096 = CARTESIAN_POINT('',(-27.88997467809,2.479864021644,
    19.584654769928));
#3097 = CARTESIAN_POINT('',(-27.88816953476,2.5,19.792280423592));
#3098 = CARTESIAN_POINT('',(-27.88816953476,2.5,20.));
#3099 = PCURVE('',#1439,#3100);
#3100 = DEFINITIONAL_REPRESENTATION('',(#3101),#3158);
#3101 = B_SPLINE_CURVE_WITH_KNOTS('',7,(#3102,#3103,#3104,#3105,#3106,
    #3107,#3108,#3109,#3110,#3111,#3112,#3113,#3114,#3115,#3116,#3117,
    #3118,#3119,#3120,#3121,#3122,#3123,#3124,#3125,#3126,#3127,#3128,
    #3129,#3130,#3131,#3132,#3133,#3134,#3135,#3136,#3137,#3138,#3139,
    #3140,#3141,#3142,#3143,#3144,#3145,#3146,#3147,#3148,#3149,#3150,
    #3151,#3152,#3153,#3154,#3155,#3156,#3157),.UNSPECIFIED.,.F.,.F.,(8,
    6,6,6,6,6,6,6,6,8),(0.,0.126691830066,0.225712586109,0.331621584723,
    0.430577924776,0.567523018621,0.698527344213,0.800879269617,
    0.893505868255,1.),.UNSPECIFIED.);
#3102 = CARTESIAN_POINT('',(0.,-27.88816953476));
#3103 = CARTESIAN_POINT('',(9.944501878478E-02,-27.88816953476));
#3104 = CARTESIAN_POINT('',(0.198795407622,-27.89075512054));
#3105 = CARTESIAN_POINT('',(0.298899468301,-27.89591804975));
#3106 = CARTESIAN_POINT('',(0.400506790835,-27.90352745283));
#3107 = CARTESIAN_POINT('',(0.504409443255,-27.91331931124));
#3108 = CARTESIAN_POINT('',(0.611414745566,-27.92479662267));
#3109 = CARTESIAN_POINT('',(0.809440988607,-27.94677283478));
#3110 = CARTESIAN_POINT('',(0.899800013235,-27.95704338792));
#3111 = CARTESIAN_POINT('',(0.993317154847,-27.96746748381));
#3112 = CARTESIAN_POINT('',(1.089844061214,-27.97739375865));
#3113 = CARTESIAN_POINT('',(1.189364135298,-27.98605701615));
#3114 = CARTESIAN_POINT('',(1.29199059732,-27.99269219293));
#3115 = CARTESIAN_POINT('',(1.511401869878,-28.00098813899));
#3116 = CARTESIAN_POINT('',(1.625687402716,-28.00215736236));
#3117 = CARTESIAN_POINT('',(1.73960865708,-27.99971579864));
#3118 = CARTESIAN_POINT('',(1.852110401263,-27.99374537812));
#3119 = CARTESIAN_POINT('',(1.962058118648,-27.98512415223));
#3120 = CARTESIAN_POINT('',(2.068001894167,-27.97507544727));
#3121 = CARTESIAN_POINT('',(2.260851108847,-27.95503829362));
#3122 = CARTESIAN_POINT('',(2.350588339674,-27.94487748295));
#3123 = CARTESIAN_POINT('',(2.437461174508,-27.93483653262));
#3124 = CARTESIAN_POINT('',(2.52191188078,-27.92537941524));
#3125 = CARTESIAN_POINT('',(2.604332640225,-27.91684018675));
#3126 = CARTESIAN_POINT('',(2.685102279736,-27.90944537864));
#3127 = CARTESIAN_POINT('',(2.874620084639,-27.89491600065));
#3128 = CARTESIAN_POINT('',(2.982265515823,-27.8889660858));
#3129 = CARTESIAN_POINT('',(3.088616665116,-27.88590957509));
#3130 = CARTESIAN_POINT('',(3.194544702092,-27.88590765891));
#3131 = CARTESIAN_POINT('',(3.300924999877,-27.88896501172));
#3132 = CARTESIAN_POINT('',(3.408600377809,-27.89491869583));
#3133 = CARTESIAN_POINT('',(3.623796014243,-27.91141666416));
#3134 = CARTESIAN_POINT('',(3.731589798128,-27.92178643415));
#3135 = CARTESIAN_POINT('',(3.842658269383,-27.93411461512));
#3136 = CARTESIAN_POINT('',(3.957683557776,-27.94778042122));
#3137 = CARTESIAN_POINT('',(4.07745023803,-27.96181336287));
#3138 = CARTESIAN_POINT('',(4.202878496598,-27.97474139563));
#3139 = CARTESIAN_POINT('',(4.43893346764,-27.99278582678));
#3140 = CARTESIAN_POINT('',(4.546826979859,-27.99899416137));
#3141 = CARTESIAN_POINT('',(4.656955865165,-28.00247740956));
#3142 = CARTESIAN_POINT('',(4.767791872551,-28.002479211));
#3143 = CARTESIAN_POINT('',(4.877944617603,-27.9989955567));
#3144 = CARTESIAN_POINT('',(4.985867663255,-27.99278405562));
#3145 = CARTESIAN_POINT('',(5.183056937671,-27.97771058239));
#3146 = CARTESIAN_POINT('',(5.27339784757,-27.96913564956));
#3147 = CARTESIAN_POINT('',(5.360815905857,-27.95973894925));
#3148 = CARTESIAN_POINT('',(5.445607451554,-27.950074216));
#3149 = CARTESIAN_POINT('',(5.527999708809,-27.94060320594));
#3150 = CARTESIAN_POINT('',(5.608176593504,-27.931676632));
#3151 = CARTESIAN_POINT('',(5.776082419675,-27.91420539218));
#3152 = CARTESIAN_POINT('',(5.863541773014,-27.90587636282));
#3153 = CARTESIAN_POINT('',(5.949214804559,-27.89892606248));
#3154 = CARTESIAN_POINT('',(6.033569059616,-27.89358136999));
#3155 = CARTESIAN_POINT('',(6.117046616891,-27.88997467809));
#3156 = CARTESIAN_POINT('',(6.200097476616,-27.88816953476));
#3157 = CARTESIAN_POINT('',(6.28318530718,-27.88816953476));
#3158 = ( GEOMETRIC_REPRESENTATION_CONTEXT(2) 
PARAMETRIC_REPRESENTATION_CONTEXT() REPRESENTATION_CONTEXT('2D SPACE',''
  ) );
#3159 = PCURVE('',#1733,#3160);
#3160 = DEFINITIONAL_REPRESENTATION('',(#3161),#3218);
#3161 = B_SPLINE_CURVE_WITH_KNOTS('',7,(#3162,#3163,#3164,#3165,#3166,
    #3167,#3168,#3169,#3170,#3171,#3172,#3173,#3174,#3175,#3176,#3177,
    #3178,#3179,#3180,#3181,#3182,#3183,#3184,#3185,#3186,#3187,#3188,
    #3189,#3190,#3191,#3192,#3193,#3194,#3195,#3196,#3197,#3198,#3199,
    #3200,#3201,#3202,#3203,#3204,#3205,#3206,#3207,#3208,#3209,#3210,
    #3211,#3212,#3213,#3214,#3215,#3216,#3217),.UNSPECIFIED.,.F.,.F.,(8,
    6,6,6,6,6,6,6,6,8),(0.,0.126691830066,0.225712586109,0.331621584723,
    0.430577924776,0.567523018621,0.698527344213,0.800879269617,
    0.893505868255,1.),.UNSPECIFIED.);
#3162 = CARTESIAN_POINT('',(-3.052187881662,-20.));
#3163 = CARTESIAN_POINT('',(-3.052187881662,-20.24861254696));
#3164 = CARTESIAN_POINT('',(-3.05322212483,-20.49698900532));
#3165 = CARTESIAN_POINT('',(-3.055287250716,-20.74323119357));
#3166 = CARTESIAN_POINT('',(-3.058406301514,-20.98524100132));
#3167 = CARTESIAN_POINT('',(-3.06262218943,-21.22034573263));
#3168 = CARTESIAN_POINT('',(-3.067990489058,-21.44483961547));
#3169 = CARTESIAN_POINT('',(-3.079709400028,-21.81619380793));
#3170 = CARTESIAN_POINT('',(-3.085645645915,-21.97108409019));
#3171 = CARTESIAN_POINT('',(-3.092378973091,-22.11323243258));
#3172 = CARTESIAN_POINT('',(-3.099879185404,-22.23798761154));
#3173 = CARTESIAN_POINT('',(-3.108087312102,-22.34079890558));
#3174 = CARTESIAN_POINT('',(-3.116915188131,-22.41720430961));
#3175 = CARTESIAN_POINT('',(-3.136216041905,-22.51151226631));
#3176 = CARTESIAN_POINT('',(-3.146497898023,-22.52369124405));
#3177 = CARTESIAN_POINT('',(-3.156774517348,-22.49669579146));
#3178 = CARTESIAN_POINT('',(-3.166715665635,-22.43155282264));
#3179 = CARTESIAN_POINT('',(-3.17601529489,-22.33269282017));
#3180 = CARTESIAN_POINT('',(-3.184428195885,-22.20779655371));
#3181 = CARTESIAN_POINT('',(-3.198687399725,-21.9368032087));
#3182 = CARTESIAN_POINT('',(-3.204816570195,-21.78977238449));
#3183 = CARTESIAN_POINT('',(-3.210197211911,-21.63044653226));
#3184 = CARTESIAN_POINT('',(-3.214851180437,-21.46177652906));
#3185 = CARTESIAN_POINT('',(-3.218804515428,-21.28605984039));
#3186 = CARTESIAN_POINT('',(-3.222082007108,-21.10510272755));
#3187 = CARTESIAN_POINT('',(-3.228332704223,-20.66457973091));
#3188 = CARTESIAN_POINT('',(-3.230708028682,-20.40136845379));
#3189 = CARTESIAN_POINT('',(-3.231883472614,-20.13423203616));
#3190 = CARTESIAN_POINT('',(-3.231884051757,-19.86583093404));
#3191 = CARTESIAN_POINT('',(-3.230708607729,-19.59861127434));
#3192 = CARTESIAN_POINT('',(-3.228331544728,-19.33533855272));
#3193 = CARTESIAN_POINT('',(-3.221233938546,-18.83512894617));
#3194 = CARTESIAN_POINT('',(-3.216603984821,-18.59645283226));
#3195 = CARTESIAN_POINT('',(-3.210760615769,-18.36752926415));
#3196 = CARTESIAN_POINT('',(-3.203647291324,-18.15337734871));
#3197 = CARTESIAN_POINT('',(-3.19522293789,-17.96057371151));
#3198 = CARTESIAN_POINT('',(-3.185473980918,-17.79751786551));
#3199 = CARTESIAN_POINT('',(-3.165867104906,-17.58027378895));
#3200 = CARTESIAN_POINT('',(-3.156496971284,-17.51004727607));
#3201 = CARTESIAN_POINT('',(-3.146620739956,-17.4729121644));
#3202 = CARTESIAN_POINT('',(-3.136567370934,-17.47289661427));
#3203 = CARTESIAN_POINT('',(-3.126688680507,-17.51002839783));
#3204 = CARTESIAN_POINT('',(-3.117316277748,-17.58029511268));
#3205 = CARTESIAN_POINT('',(-3.100937611215,-17.76177064628));
#3206 = CARTESIAN_POINT('',(-3.093768244526,-17.86870916582));
#3207 = CARTESIAN_POINT('',(-3.087244042386,-17.99247171));
#3208 = CARTESIAN_POINT('',(-3.081378104531,-18.12971287287));
#3209 = CARTESIAN_POINT('',(-3.076169895673,-18.277511713));
#3210 = CARTESIAN_POINT('',(-3.071609457021,-18.43329144063));
#3211 = CARTESIAN_POINT('',(-3.063159861967,-18.78047055846));
#3212 = CARTESIAN_POINT('',(-3.059453491485,-18.97452889207));
#3213 = CARTESIAN_POINT('',(-3.056527048125,-19.17443576457));
#3214 = CARTESIAN_POINT('',(-3.05435269405,-19.37829813096));
#3215 = CARTESIAN_POINT('',(-3.052909908352,-19.58465476992));
#3216 = CARTESIAN_POINT('',(-3.052187881662,-19.79228042359));
#3217 = CARTESIAN_POINT('',(-3.052187881662,-20.));
#3218 = ( GEOMETRIC_REPRESENTATION_CONTEXT(2) 
PARAMETRIC_REPRESENTATION_CONTEXT() REPRESENTATION_CONTEXT('2D SPACE',''
  ) );
#3219 = ORIENTED_EDGE('',*,*,#3220,.T.);
#3220 = EDGE_CURVE('',#3039,#1318,#3221,.T.);
#3221 = SEAM_CURVE('',#3222,(#3226,#3233),.PCURVE_S1.);
#3222 = LINE('',#3223,#3224);
#3223 = CARTESIAN_POINT('',(0.,2.5,20.));
#3224 = VECTOR('',#3225,1.);
#3225 = DIRECTION('',(-1.,-0.,-0.));
#3226 = PCURVE('',#1439,#3227);
#3227 = DEFINITIONAL_REPRESENTATION('',(#3228),#3232);
#3228 = LINE('',#3229,#3230);
#3229 = CARTESIAN_POINT('',(6.28318530718,0.));
#3230 = VECTOR('',#3231,1.);
#3231 = DIRECTION('',(0.,-1.));
#3232 = ( GEOMETRIC_REPRESENTATION_CONTEXT(2) 
PARAMETRIC_REPRESENTATION_CONTEXT() REPRESENTATION_CONTEXT('2D SPACE',''
  ) );
#3233 = PCURVE('',#1439,#3234);
#3234 = DEFINITIONAL_REPRESENTATION('',(#3235),#3239);
#3235 = LINE('',#3236,#3237);
#3236 = CARTESIAN_POINT('',(0.,0.));
#3237 = VECTOR('',#3238,1.);
#3238 = DIRECTION('',(0.,-1.));
#3239 = ( GEOMETRIC_REPRESENTATION_CONTEXT(2) 
PARAMETRIC_REPRESENTATION_CONTEXT() REPRESENTATION_CONTEXT('2D SPACE',''
  ) );
#3240 = ORIENTED_EDGE('',*,*,#1317,.T.);
#3241 = ORIENTED_EDGE('',*,*,#3220,.F.);
#3242 = ADVANCED_FACE('',(#3243),#1618,.F.);
#3243 = FACE_BOUND('',#3244,.T.);
#3244 = EDGE_LOOP('',(#3245,#3412,#3433,#3434));
#3245 = ORIENTED_EDGE('',*,*,#3246,.F.);
#3246 = EDGE_CURVE('',#3247,#3247,#3249,.T.);
#3247 = VERTEX_POINT('',#3248);
#3248 = CARTESIAN_POINT('',(2.5,-27.88816953476,20.));
#3249 = SURFACE_CURVE('',#3250,(#3302,#3357),.PCURVE_S1.);
#3250 = B_SPLINE_CURVE_WITH_KNOTS('',8,(#3251,#3252,#3253,#3254,#3255,
    #3256,#3257,#3258,#3259,#3260,#3261,#3262,#3263,#3264,#3265,#3266,
    #3267,#3268,#3269,#3270,#3271,#3272,#3273,#3274,#3275,#3276,#3277,
    #3278,#3279,#3280,#3281,#3282,#3283,#3284,#3285,#3286,#3287,#3288,
    #3289,#3290,#3291,#3292,#3293,#3294,#3295,#3296,#3297,#3298,#3299,
    #3300,#3301),.UNSPECIFIED.,.T.,.F.,(9,7,7,7,7,7,7,9),(0.,
    0.154943089277,0.286396504976,0.411439534571,0.56910826361,
    0.707475854256,0.827679875109,1.),.UNSPECIFIED.);
#3251 = CARTESIAN_POINT('',(2.5,-27.88816953476,20.));
#3252 = CARTESIAN_POINT('',(2.5,-27.88816953476,20.260509521077));
#3253 = CARTESIAN_POINT('',(2.468975581848,-27.89095049036,
    20.520619691636));
#3254 = CARTESIAN_POINT('',(2.407095407779,-27.89649838625,
    20.778419819786));
#3255 = CARTESIAN_POINT('',(2.313636872602,-27.90468049355,
    21.031791972431));
#3256 = CARTESIAN_POINT('',(2.187280560184,-27.91523368429,
    21.277916234579));
#3257 = CARTESIAN_POINT('',(2.02630272775,-27.92767646811,
    21.512958251519));
#3258 = CARTESIAN_POINT('',(1.828859939919,-27.94120286085,
    21.731626046554));
#3259 = CARTESIAN_POINT('',(1.393931941077,-27.96599604155,
    22.091429778514));
#3260 = CARTESIAN_POINT('',(1.159372645509,-27.97773272889,
    22.245650440924));
#3261 = CARTESIAN_POINT('',(0.893310637903,-27.98863163225,
    22.375364925136));
#3262 = CARTESIAN_POINT('',(0.602189259801,-27.99724581736,
    22.470386038378));
#3263 = CARTESIAN_POINT('',(0.294925115099,-28.00222555554,22.5239213185
    ));
#3264 = CARTESIAN_POINT('',(-1.829744196772E-02,-28.00295126404,
    22.532700070222));
#3265 = CARTESIAN_POINT('',(-0.327027214887,-27.9996418309,
    22.497123361108));
#3266 = CARTESIAN_POINT('',(-0.902051162049,-27.98687058925,
    22.34948230531));
#3267 = CARTESIAN_POINT('',(-1.160956270533,-27.97791039851,
    22.243473915082));
#3268 = CARTESIAN_POINT('',(-1.395909675576,-27.96712840606,
    22.10994872962));
#3269 = CARTESIAN_POINT('',(-1.605618894735,-27.95547774194,
    21.954508779747));
#3270 = CARTESIAN_POINT('',(-1.789613093717,-27.94379115853,
    21.782080676867));
#3271 = CARTESIAN_POINT('',(-1.948009046739,-27.93272311835,
    21.597050931881));
#3272 = CARTESIAN_POINT('',(-2.081394819542,-27.92274756348,
    21.40333089745));
#3273 = CARTESIAN_POINT('',(-2.328675430068,-27.90334042198,
    20.953529136718));
#3274 = CARTESIAN_POINT('',(-2.429869958905,-27.89461502121,
    20.69169644666));
#3275 = CARTESIAN_POINT('',(-2.496157085776,-27.88857438645,
    20.423267682512));
#3276 = CARTESIAN_POINT('',(-2.528782367262,-27.8855231201,
    20.151345204651));
#3277 = CARTESIAN_POINT('',(-2.528355020401,-27.88557955474,
    19.878473836877));
#3278 = CARTESIAN_POINT('',(-2.494806406437,-27.88872184255,
    19.607033921956));
#3279 = CARTESIAN_POINT('',(-2.427353808285,-27.89477761135,
    19.339616158846));
#3280 = CARTESIAN_POINT('',(-2.234126745228,-27.91087406357,
    18.851580306965));
#3281 = CARTESIAN_POINT('',(-2.116042823043,-27.92037411,18.628080728835
    ));
#3282 = CARTESIAN_POINT('',(-1.968945500707,-27.93159470234,
    18.412369938713));
#3283 = CARTESIAN_POINT('',(-1.791637399417,-27.94408776261,
    18.208344190095));
#3284 = CARTESIAN_POINT('',(-1.583222975228,-27.95717983651,
    18.020802083292));
#3285 = CARTESIAN_POINT('',(-1.343300074806,-27.96991361903,
    17.855572727343));
#3286 = CARTESIAN_POINT('',(-1.072344273172,-27.98106551484,
    17.719770214901));
#3287 = CARTESIAN_POINT('',(-0.512095801014,-27.99652910707,
    17.537734451512));
#3288 = CARTESIAN_POINT('',(-0.233877389553,-28.00143644322,
    17.483383054212));
#3289 = CARTESIAN_POINT('',(5.435353567947E-02,-28.00318928455,
    17.465302018994));
#3290 = CARTESIAN_POINT('',(0.343597382481,-28.00127897519,
    17.485989284074));
#3291 = CARTESIAN_POINT('',(0.624551688378,-27.99583909287,
    17.544548968661));
#3292 = CARTESIAN_POINT('',(0.888536090248,-27.98771631382,
    17.636781587696));
#3293 = CARTESIAN_POINT('',(1.128498523236,-27.97804752266,
    17.755232065754));
#3294 = CARTESIAN_POINT('',(1.642147082984,-27.95344554264,
    18.081203353925));
#3295 = CARTESIAN_POINT('',(1.896021094703,-27.93753592329,
    18.311849906717));
#3296 = CARTESIAN_POINT('',(2.102272416597,-27.92226331783,
    18.567944184949));
#3297 = CARTESIAN_POINT('',(2.263482238665,-27.90906068634,
    18.840779161532));
#3298 = CARTESIAN_POINT('',(2.382248620239,-27.89872454814,
    19.124203427934));
#3299 = CARTESIAN_POINT('',(2.460680725066,-27.8916943962,19.4138850673)
  );
#3300 = CARTESIAN_POINT('',(2.5,-27.88816953476,19.706725185276));
#3301 = CARTESIAN_POINT('',(2.5,-27.88816953476,20.));
#3302 = PCURVE('',#1618,#3303);
#3303 = DEFINITIONAL_REPRESENTATION('',(#3304),#3356);
#3304 = B_SPLINE_CURVE_WITH_KNOTS('',8,(#3305,#3306,#3307,#3308,#3309,
    #3310,#3311,#3312,#3313,#3314,#3315,#3316,#3317,#3318,#3319,#3320,
    #3321,#3322,#3323,#3324,#3325,#3326,#3327,#3328,#3329,#3330,#3331,
    #3332,#3333,#3334,#3335,#3336,#3337,#3338,#3339,#3340,#3341,#3342,
    #3343,#3344,#3345,#3346,#3347,#3348,#3349,#3350,#3351,#3352,#3353,
    #3354,#3355),.UNSPECIFIED.,.F.,.F.,(9,7,7,7,7,7,7,9),(0.,
    0.154943089277,0.286396504976,0.411439534571,0.56910826361,
    0.707475854256,0.827679875109,1.),.UNSPECIFIED.);
#3305 = CARTESIAN_POINT('',(0.,-27.88816953476));
#3306 = CARTESIAN_POINT('',(-0.104203808431,-27.88816953476));
#3307 = CARTESIAN_POINT('',(-0.208247412687,-27.89095049036));
#3308 = CARTESIAN_POINT('',(-0.313093334393,-27.89649838625));
#3309 = CARTESIAN_POINT('',(-0.419590357264,-27.90468049355));
#3310 = CARTESIAN_POINT('',(-0.528569787595,-27.91523368429));
#3311 = CARTESIAN_POINT('',(-0.640886275485,-27.92767646811));
#3312 = CARTESIAN_POINT('',(-0.757493615188,-27.94120286085));
#3313 = CARTESIAN_POINT('',(-0.983279740434,-27.96599604155));
#3314 = CARTESIAN_POINT('',(-1.094893954748,-27.97773272889));
#3315 = CARTESIAN_POINT('',(-1.211663492535,-27.98863163225));
#3316 = CARTESIAN_POINT('',(-1.331806871004,-27.99724581736));
#3317 = CARTESIAN_POINT('',(-1.45404489805,-28.00222555554));
#3318 = CARTESIAN_POINT('',(-1.577269738249,-28.00295126404));
#3319 = CARTESIAN_POINT('',(-1.700421229746,-27.9996418309));
#3320 = CARTESIAN_POINT('',(-1.937891369736,-27.98687058925));
#3321 = CARTESIAN_POINT('',(-2.048745540185,-27.97791039851));
#3322 = CARTESIAN_POINT('',(-2.155419010101,-27.96712840606));
#3323 = CARTESIAN_POINT('',(-2.258384719594,-27.95547774194));
#3324 = CARTESIAN_POINT('',(-2.357996765129,-27.94379115853));
#3325 = CARTESIAN_POINT('',(-2.454519939138,-27.93272311835));
#3326 = CARTESIAN_POINT('',(-2.548126373745,-27.92274756348));
#3327 = CARTESIAN_POINT('',(-2.753443425857,-27.90334042198));
#3328 = CARTESIAN_POINT('',(-2.864722249345,-27.89461502121));
#3329 = CARTESIAN_POINT('',(-2.973872947545,-27.88857438645));
#3330 = CARTESIAN_POINT('',(-3.08179961868,-27.8855231201));
#3331 = CARTESIAN_POINT('',(-3.189350453756,-27.88557955474));
#3332 = CARTESIAN_POINT('',(-3.297372172459,-27.88872184255));
#3333 = CARTESIAN_POINT('',(-3.406760104934,-27.89477761135));
#3334 = CARTESIAN_POINT('',(-3.616718459135,-27.91087406357));
#3335 = CARTESIAN_POINT('',(-3.717227423428,-27.92037411));
#3336 = CARTESIAN_POINT('',(-3.820555558398,-27.93159470234));
#3337 = CARTESIAN_POINT('',(-3.927152218357,-27.94408776261));
#3338 = CARTESIAN_POINT('',(-4.037527036468,-27.95717983651));
#3339 = CARTESIAN_POINT('',(-4.152272759461,-27.96991361903));
#3340 = CARTESIAN_POINT('',(-4.272137613411,-27.98106551484));
#3341 = CARTESIAN_POINT('',(-4.507769655276,-27.99652910707));
#3342 = CARTESIAN_POINT('',(-4.620328648349,-28.00143644322));
#3343 = CARTESIAN_POINT('',(-4.7342147475,-28.00318928455));
#3344 = CARTESIAN_POINT('',(-4.848168398954,-28.00127897519));
#3345 = CARTESIAN_POINT('',(-4.961005145035,-27.99583909287));
#3346 = CARTESIAN_POINT('',(-5.07145150472,-27.98771631382));
#3347 = CARTESIAN_POINT('',(-5.177882061782,-27.97804752266));
#3348 = CARTESIAN_POINT('',(-5.421222851176,-27.95344554264));
#3349 = CARTESIAN_POINT('',(-5.556399164137,-27.93753592329));
#3350 = CARTESIAN_POINT('',(-5.685430640704,-27.92226331783));
#3351 = CARTESIAN_POINT('',(-5.809681878747,-27.90906068634));
#3352 = CARTESIAN_POINT('',(-5.930409104425,-27.89872454814));
#3353 = CARTESIAN_POINT('',(-6.048738804227,-27.8916943962));
#3354 = CARTESIAN_POINT('',(-6.16587538129,-27.88816953476));
#3355 = CARTESIAN_POINT('',(-6.28318530718,-27.88816953476));
#3356 = ( GEOMETRIC_REPRESENTATION_CONTEXT(2) 
PARAMETRIC_REPRESENTATION_CONTEXT() REPRESENTATION_CONTEXT('2D SPACE',''
  ) );
#3357 = PCURVE('',#1733,#3358);
#3358 = DEFINITIONAL_REPRESENTATION('',(#3359),#3411);
#3359 = B_SPLINE_CURVE_WITH_KNOTS('',8,(#3360,#3361,#3362,#3363,#3364,
    #3365,#3366,#3367,#3368,#3369,#3370,#3371,#3372,#3373,#3374,#3375,
    #3376,#3377,#3378,#3379,#3380,#3381,#3382,#3383,#3384,#3385,#3386,
    #3387,#3388,#3389,#3390,#3391,#3392,#3393,#3394,#3395,#3396,#3397,
    #3398,#3399,#3400,#3401,#3402,#3403,#3404,#3405,#3406,#3407,#3408,
    #3409,#3410),.UNSPECIFIED.,.T.,.F.,(9,7,7,7,7,7,7,9),(0.,
    0.154943089277,0.286396504976,0.411439534571,0.56910826361,
    0.707475854256,0.827679875109,1.),.UNSPECIFIED.);
#3360 = CARTESIAN_POINT('',(-4.801793752312,-20.));
#3361 = CARTESIAN_POINT('',(-4.801793752312,-20.26050952107));
#3362 = CARTESIAN_POINT('',(-4.80068129491,-20.52061969163));
#3363 = CARTESIAN_POINT('',(-4.79846242391,-20.77841981978));
#3364 = CARTESIAN_POINT('',(-4.795111861274,-21.03179197243));
#3365 = CARTESIAN_POINT('',(-4.790583501941,-21.27791623457));
#3366 = CARTESIAN_POINT('',(-4.78481741116,-21.51295825151));
#3367 = CARTESIAN_POINT('',(-4.777749818873,-21.73162604655));
#3368 = CARTESIAN_POINT('',(-4.762191458285,-22.09142977851));
#3369 = CARTESIAN_POINT('',(-4.753804063709,-22.24565044092));
#3370 = CARTESIAN_POINT('',(-4.744294536891,-22.37536492513));
#3371 = CARTESIAN_POINT('',(-4.733894224386,-22.47038603837));
#3372 = CARTESIAN_POINT('',(-4.722921148524,-22.5239213185));
#3373 = CARTESIAN_POINT('',(-4.711736175431,-22.53270007022));
#3374 = CARTESIAN_POINT('',(-4.700710207534,-22.4971233611));
#3375 = CARTESIAN_POINT('',(-4.680168573468,-22.34948230531));
#3376 = CARTESIAN_POINT('',(-4.670917138126,-22.24347391508));
#3377 = CARTESIAN_POINT('',(-4.662517926792,-22.10994872962));
#3378 = CARTESIAN_POINT('',(-4.655017320196,-21.95450877974));
#3379 = CARTESIAN_POINT('',(-4.648433132504,-21.78208067686));
#3380 = CARTESIAN_POINT('',(-4.642762462945,-21.59705093188));
#3381 = CARTESIAN_POINT('',(-4.637985412359,-21.40333089745));
#3382 = CARTESIAN_POINT('',(-4.62912680523,-20.95352913671));
#3383 = CARTESIAN_POINT('',(-4.625499411125,-20.69169644666));
#3384 = CARTESIAN_POINT('',(-4.623122213218,-20.42326768251));
#3385 = CARTESIAN_POINT('',(-4.621951919288,-20.15134520465));
#3386 = CARTESIAN_POINT('',(-4.621967315179,-19.87847383687));
#3387 = CARTESIAN_POINT('',(-4.623170731418,-19.60703392195));
#3388 = CARTESIAN_POINT('',(-4.625589393164,-19.33961615884));
#3389 = CARTESIAN_POINT('',(-4.632514262727,-18.85158030696));
#3390 = CARTESIAN_POINT('',(-4.636745157884,-18.62808072883));
#3391 = CARTESIAN_POINT('',(-4.642013806714,-18.41236993871));
#3392 = CARTESIAN_POINT('',(-4.648361728709,-18.20834419009));
#3393 = CARTESIAN_POINT('',(-4.65581924944,-18.02080208329));
#3394 = CARTESIAN_POINT('',(-4.664399096262,-17.85557272734));
#3395 = CARTESIAN_POINT('',(-4.674083391063,-17.7197702149));
#3396 = CARTESIAN_POINT('',(-4.694099885321,-17.53773445151));
#3397 = CARTESIAN_POINT('',(-4.704037308536,-17.48338305421));
#3398 = CARTESIAN_POINT('',(-4.714330315288,-17.46530201899));
#3399 = CARTESIAN_POINT('',(-4.724658992648,-17.48598928407));
#3400 = CARTESIAN_POINT('',(-4.734693573719,-17.54454896866));
#3401 = CARTESIAN_POINT('',(-4.744125333897,-17.63678158769));
#3402 = CARTESIAN_POINT('',(-4.752702126503,-17.75523206575));
#3403 = CARTESIAN_POINT('',(-4.77106774782,-18.08120335392));
#3404 = CARTESIAN_POINT('',(-4.780151477285,-18.31184990671));
#3405 = CARTESIAN_POINT('',(-4.787537192167,-18.56794418494));
#3406 = CARTESIAN_POINT('',(-4.793313819636,-18.84077916153));
#3407 = CARTESIAN_POINT('',(-4.797571480281,-19.12420342793));
#3408 = CARTESIAN_POINT('',(-4.800383861932,-19.4138850673));
#3409 = CARTESIAN_POINT('',(-4.801793752312,-19.70672518527));
#3410 = CARTESIAN_POINT('',(-4.801793752312,-20.));
#3411 = ( GEOMETRIC_REPRESENTATION_CONTEXT(2) 
PARAMETRIC_REPRESENTATION_CONTEXT() REPRESENTATION_CONTEXT('2D SPACE',''
  ) );
#3412 = ORIENTED_EDGE('',*,*,#3413,.T.);
#3413 = EDGE_CURVE('',#3247,#1507,#3414,.T.);
#3414 = SEAM_CURVE('',#3415,(#3419,#3426),.PCURVE_S1.);
#3415 = LINE('',#3416,#3417);
#3416 = CARTESIAN_POINT('',(2.5,0.,20.));
#3417 = VECTOR('',#3418,1.);
#3418 = DIRECTION('',(0.,-1.,0.));
#3419 = PCURVE('',#1618,#3420);
#3420 = DEFINITIONAL_REPRESENTATION('',(#3421),#3425);
#3421 = LINE('',#3422,#3423);
#3422 = CARTESIAN_POINT('',(-6.28318530718,0.));
#3423 = VECTOR('',#3424,1.);
#3424 = DIRECTION('',(-0.,-1.));
#3425 = ( GEOMETRIC_REPRESENTATION_CONTEXT(2) 
PARAMETRIC_REPRESENTATION_CONTEXT() REPRESENTATION_CONTEXT('2D SPACE',''
  ) );
#3426 = PCURVE('',#1618,#3427);
#3427 = DEFINITIONAL_REPRESENTATION('',(#3428),#3432);
#3428 = LINE('',#3429,#3430);
#3429 = CARTESIAN_POINT('',(-0.,0.));
#3430 = VECTOR('',#3431,1.);
#3431 = DIRECTION('',(-0.,-1.));
#3432 = ( GEOMETRIC_REPRESENTATION_CONTEXT(2) 
PARAMETRIC_REPRESENTATION_CONTEXT() REPRESENTATION_CONTEXT('2D SPACE',''
  ) );
#3433 = ORIENTED_EDGE('',*,*,#1506,.T.);
#3434 = ORIENTED_EDGE('',*,*,#3413,.F.);
#3435 = ADVANCED_FACE('',(#3436,#3544,#3547,#3550,#3553,#3556,#3559),
  #1733,.F.);
#3436 = FACE_BOUND('',#3437,.T.);
#3437 = EDGE_LOOP('',(#3438,#3461,#3492,#3493,#3494,#3495,#3516,#3517,
    #3518,#3539,#3540,#3541,#3542,#3543));
#3438 = ORIENTED_EDGE('',*,*,#3439,.F.);
#3439 = EDGE_CURVE('',#3440,#1788,#3442,.T.);
#3440 = VERTEX_POINT('',#3441);
#3441 = CARTESIAN_POINT('',(28.,-3.429011037613E-15,2.));
#3442 = SEAM_CURVE('',#3443,(#3447,#3454),.PCURVE_S1.);
#3443 = LINE('',#3444,#3445);
#3444 = CARTESIAN_POINT('',(28.,0.,0.));
#3445 = VECTOR('',#3446,1.);
#3446 = DIRECTION('',(0.,0.,1.));
#3447 = PCURVE('',#1733,#3448);
#3448 = DEFINITIONAL_REPRESENTATION('',(#3449),#3453);
#3449 = LINE('',#3450,#3451);
#3450 = CARTESIAN_POINT('',(-6.28318530718,0.));
#3451 = VECTOR('',#3452,1.);
#3452 = DIRECTION('',(-0.,-1.));
#3453 = ( GEOMETRIC_REPRESENTATION_CONTEXT(2) 
PARAMETRIC_REPRESENTATION_CONTEXT() REPRESENTATION_CONTEXT('2D SPACE',''
  ) );
#3454 = PCURVE('',#1733,#3455);
#3455 = DEFINITIONAL_REPRESENTATION('',(#3456),#3460);
#3456 = LINE('',#3457,#3458);
#3457 = CARTESIAN_POINT('',(-0.,0.));
#3458 = VECTOR('',#3459,1.);
#3459 = DIRECTION('',(-0.,-1.));
#3460 = ( GEOMETRIC_REPRESENTATION_CONTEXT(2) 
PARAMETRIC_REPRESENTATION_CONTEXT() REPRESENTATION_CONTEXT('2D SPACE',''
  ) );
#3461 = ORIENTED_EDGE('',*,*,#3462,.T.);
#3462 = EDGE_CURVE('',#3440,#3440,#3463,.T.);
#3463 = SURFACE_CURVE('',#3464,(#3469,#3476),.PCURVE_S1.);
#3464 = CIRCLE('',#3465,28.);
#3465 = AXIS2_PLACEMENT_3D('',#3466,#3467,#3468);
#3466 = CARTESIAN_POINT('',(0.,0.,2.));
#3467 = DIRECTION('',(0.,0.,-1.));
#3468 = DIRECTION('',(1.,0.,0.));
#3469 = PCURVE('',#1733,#3470);
#3470 = DEFINITIONAL_REPRESENTATION('',(#3471),#3475);
#3471 = LINE('',#3472,#3473);
#3472 = CARTESIAN_POINT('',(-6.28318530718,-2.));
#3473 = VECTOR('',#3474,1.);
#3474 = DIRECTION('',(1.,-0.));
#3475 = ( GEOMETRIC_REPRESENTATION_CONTEXT(2) 
PARAMETRIC_REPRESENTATION_CONTEXT() REPRESENTATION_CONTEXT('2D SPACE',''
  ) );
#3476 = PCURVE('',#3477,#3482);
#3477 = PLANE('',#3478);
#3478 = AXIS2_PLACEMENT_3D('',#3479,#3480,#3481);
#3479 = CARTESIAN_POINT('',(-2.187904212063E-15,1.692558816937E-15,2.));
#3480 = DIRECTION('',(0.,0.,1.));
#3481 = DIRECTION('',(1.,0.,-0.));
#3482 = DEFINITIONAL_REPRESENTATION('',(#3483),#3491);
#3483 = ( BOUNDED_CURVE() B_SPLINE_CURVE(2,(#3484,#3485,#3486,#3487,
#3488,#3489,#3490),.UNSPECIFIED.,.T.,.F.) B_SPLINE_CURVE_WITH_KNOTS((1,2
    ,2,2,2,1),(-2.094395102393,0.,2.094395102393,4.188790204786,
6.28318530718,8.377580409573),.UNSPECIFIED.) CURVE() 
GEOMETRIC_REPRESENTATION_ITEM() RATIONAL_B_SPLINE_CURVE((1.,0.5,1.,0.5,
1.,0.5,1.)) REPRESENTATION_ITEM('') );
#3484 = CARTESIAN_POINT('',(28.,-1.692558816937E-15));
#3485 = CARTESIAN_POINT('',(28.,-48.49742261192));
#3486 = CARTESIAN_POINT('',(-14.,-24.24871130596));
#3487 = CARTESIAN_POINT('',(-56.,-8.550580892162E-15));
#3488 = CARTESIAN_POINT('',(-14.,24.248711305964));
#3489 = CARTESIAN_POINT('',(28.,48.497422611929));
#3490 = CARTESIAN_POINT('',(28.,-1.692558816937E-15));
#3491 = ( GEOMETRIC_REPRESENTATION_CONTEXT(2) 
PARAMETRIC_REPRESENTATION_CONTEXT() REPRESENTATION_CONTEXT('2D SPACE',''
  ) );
#3492 = ORIENTED_EDGE('',*,*,#3439,.T.);
#3493 = ORIENTED_EDGE('',*,*,#1787,.T.);
#3494 = ORIENTED_EDGE('',*,*,#1681,.T.);
#3495 = ORIENTED_EDGE('',*,*,#3496,.T.);
#3496 = EDGE_CURVE('',#1684,#2038,#3497,.T.);
#3497 = SEAM_CURVE('',#3498,(#3502,#3509),.PCURVE_S1.);
#3498 = LINE('',#3499,#3500);
#3499 = CARTESIAN_POINT('',(28.,0.,0.));
#3500 = VECTOR('',#3501,1.);
#3501 = DIRECTION('',(0.,0.,1.));
#3502 = PCURVE('',#1733,#3503);
#3503 = DEFINITIONAL_REPRESENTATION('',(#3504),#3508);
#3504 = LINE('',#3505,#3506);
#3505 = CARTESIAN_POINT('',(-6.28318530718,0.));
#3506 = VECTOR('',#3507,1.);
#3507 = DIRECTION('',(-0.,-1.));
#3508 = ( GEOMETRIC_REPRESENTATION_CONTEXT(2) 
PARAMETRIC_REPRESENTATION_CONTEXT() REPRESENTATION_CONTEXT('2D SPACE',''
  ) );
#3509 = PCURVE('',#1733,#3510);
#3510 = DEFINITIONAL_REPRESENTATION('',(#3511),#3515);
#3511 = LINE('',#3512,#3513);
#3512 = CARTESIAN_POINT('',(-0.,0.));
#3513 = VECTOR('',#3514,1.);
#3514 = DIRECTION('',(-0.,-1.));
#3515 = ( GEOMETRIC_REPRESENTATION_CONTEXT(2) 
PARAMETRIC_REPRESENTATION_CONTEXT() REPRESENTATION_CONTEXT('2D SPACE',''
  ) );
#3516 = ORIENTED_EDGE('',*,*,#2037,.T.);
#3517 = ORIENTED_EDGE('',*,*,#1936,.T.);
#3518 = ORIENTED_EDGE('',*,*,#3519,.T.);
#3519 = EDGE_CURVE('',#1939,#2190,#3520,.T.);
#3520 = SEAM_CURVE('',#3521,(#3525,#3532),.PCURVE_S1.);
#3521 = LINE('',#3522,#3523);
#3522 = CARTESIAN_POINT('',(28.,0.,0.));
#3523 = VECTOR('',#3524,1.);
#3524 = DIRECTION('',(0.,0.,1.));
#3525 = PCURVE('',#1733,#3526);
#3526 = DEFINITIONAL_REPRESENTATION('',(#3527),#3531);
#3527 = LINE('',#3528,#3529);
#3528 = CARTESIAN_POINT('',(-6.28318530718,0.));
#3529 = VECTOR('',#3530,1.);
#3530 = DIRECTION('',(-0.,-1.));
#3531 = ( GEOMETRIC_REPRESENTATION_CONTEXT(2) 
PARAMETRIC_REPRESENTATION_CONTEXT() REPRESENTATION_CONTEXT('2D SPACE',''
  ) );
#3532 = PCURVE('',#1733,#3533);
#3533 = DEFINITIONAL_REPRESENTATION('',(#3534),#3538);
#3534 = LINE('',#3535,#3536);
#3535 = CARTESIAN_POINT('',(-0.,0.));
#3536 = VECTOR('',#3537,1.);
#3537 = DIRECTION('',(-0.,-1.));
#3538 = ( GEOMETRIC_REPRESENTATION_CONTEXT(2) 
PARAMETRIC_REPRESENTATION_CONTEXT() REPRESENTATION_CONTEXT('2D SPACE',''
  ) );
#3539 = ORIENTED_EDGE('',*,*,#2189,.T.);
#3540 = ORIENTED_EDGE('',*,*,#3519,.F.);
#3541 = ORIENTED_EDGE('',*,*,#2093,.T.);
#3542 = ORIENTED_EDGE('',*,*,#3496,.F.);
#3543 = ORIENTED_EDGE('',*,*,#1843,.T.);
#3544 = FACE_BOUND('',#3545,.T.);
#3545 = EDGE_LOOP('',(#3546));
#3546 = ORIENTED_EDGE('',*,*,#2251,.F.);
#3547 = FACE_BOUND('',#3548,.T.);
#3548 = EDGE_LOOP('',(#3549));
#3549 = ORIENTED_EDGE('',*,*,#2444,.F.);
#3550 = FACE_BOUND('',#3551,.T.);
#3551 = EDGE_LOOP('',(#3552));
#3552 = ORIENTED_EDGE('',*,*,#2652,.T.);
#3553 = FACE_BOUND('',#3554,.T.);
#3554 = EDGE_LOOP('',(#3555));
#3555 = ORIENTED_EDGE('',*,*,#2845,.F.);
#3556 = FACE_BOUND('',#3557,.T.);
#3557 = EDGE_LOOP('',(#3558));
#3558 = ORIENTED_EDGE('',*,*,#3038,.F.);
#3559 = FACE_BOUND('',#3560,.T.);
#3560 = EDGE_LOOP('',(#3561));
#3561 = ORIENTED_EDGE('',*,*,#3246,.T.);
#3562 = ADVANCED_FACE('',(#3563),#2236,.F.);
#3563 = FACE_BOUND('',#3564,.F.);
#3564 = EDGE_LOOP('',(#3565,#3589,#3610,#3611));
#3565 = ORIENTED_EDGE('',*,*,#3566,.F.);
#3566 = EDGE_CURVE('',#3567,#3567,#3569,.T.);
#3567 = VERTEX_POINT('',#3568);
#3568 = CARTESIAN_POINT('',(-10.,2.449293598295E-15,2.));
#3569 = SURFACE_CURVE('',#3570,(#3575,#3582),.PCURVE_S1.);
#3570 = CIRCLE('',#3571,10.);
#3571 = AXIS2_PLACEMENT_3D('',#3572,#3573,#3574);
#3572 = CARTESIAN_POINT('',(0.,0.,2.));
#3573 = DIRECTION('',(0.,0.,1.));
#3574 = DIRECTION('',(-1.,0.,0.));
#3575 = PCURVE('',#2236,#3576);
#3576 = DEFINITIONAL_REPRESENTATION('',(#3577),#3581);
#3577 = LINE('',#3578,#3579);
#3578 = CARTESIAN_POINT('',(0.,2.));
#3579 = VECTOR('',#3580,1.);
#3580 = DIRECTION('',(1.,0.));
#3581 = ( GEOMETRIC_REPRESENTATION_CONTEXT(2) 
PARAMETRIC_REPRESENTATION_CONTEXT() REPRESENTATION_CONTEXT('2D SPACE',''
  ) );
#3582 = PCURVE('',#3477,#3583);
#3583 = DEFINITIONAL_REPRESENTATION('',(#3584),#3588);
#3584 = CIRCLE('',#3585,10.);
#3585 = AXIS2_PLACEMENT_2D('',#3586,#3587);
#3586 = CARTESIAN_POINT('',(2.187904212063E-15,-1.692558816937E-15));
#3587 = DIRECTION('',(-1.,0.));
#3588 = ( GEOMETRIC_REPRESENTATION_CONTEXT(2) 
PARAMETRIC_REPRESENTATION_CONTEXT() REPRESENTATION_CONTEXT('2D SPACE',''
  ) );
#3589 = ORIENTED_EDGE('',*,*,#3590,.F.);
#3590 = EDGE_CURVE('',#2220,#3567,#3591,.T.);
#3591 = SEAM_CURVE('',#3592,(#3596,#3603),.PCURVE_S1.);
#3592 = LINE('',#3593,#3594);
#3593 = CARTESIAN_POINT('',(-10.,2.449293598295E-15,0.));
#3594 = VECTOR('',#3595,1.);
#3595 = DIRECTION('',(0.,0.,1.));
#3596 = PCURVE('',#2236,#3597);
#3597 = DEFINITIONAL_REPRESENTATION('',(#3598),#3602);
#3598 = LINE('',#3599,#3600);
#3599 = CARTESIAN_POINT('',(6.28318530718,-0.));
#3600 = VECTOR('',#3601,1.);
#3601 = DIRECTION('',(0.,1.));
#3602 = ( GEOMETRIC_REPRESENTATION_CONTEXT(2) 
PARAMETRIC_REPRESENTATION_CONTEXT() REPRESENTATION_CONTEXT('2D SPACE',''
  ) );
#3603 = PCURVE('',#2236,#3604);
#3604 = DEFINITIONAL_REPRESENTATION('',(#3605),#3609);
#3605 = LINE('',#3606,#3607);
#3606 = CARTESIAN_POINT('',(0.,-0.));
#3607 = VECTOR('',#3608,1.);
#3608 = DIRECTION('',(0.,1.));
#3609 = ( GEOMETRIC_REPRESENTATION_CONTEXT(2) 
PARAMETRIC_REPRESENTATION_CONTEXT() REPRESENTATION_CONTEXT('2D SPACE',''
  ) );
#3610 = ORIENTED_EDGE('',*,*,#2219,.T.);
#3611 = ORIENTED_EDGE('',*,*,#3590,.T.);
#3612 = ADVANCED_FACE('',(#3613,#3616),#3477,.T.);
#3613 = FACE_BOUND('',#3614,.T.);
#3614 = EDGE_LOOP('',(#3615));
#3615 = ORIENTED_EDGE('',*,*,#3462,.F.);
#3616 = FACE_BOUND('',#3617,.T.);
#3617 = EDGE_LOOP('',(#3618));
#3618 = ORIENTED_EDGE('',*,*,#3566,.F.);
#3619 = ( GEOMETRIC_REPRESENTATION_CONTEXT(3) 
GLOBAL_UNCERTAINTY_ASSIGNED_CONTEXT((#3623)) 
GLOBAL_UNIT_ASSIGNED_CONTEXT((#3620,#3621,#3622)) REPRESENTATION_CONTEXT
('Context #1','3D Context with UNIT and UNCERTAINTY') );
#3620 = ( LENGTH_UNIT() NAMED_UNIT(*) SI_UNIT(.MILLI.,.METRE.) );
#3621 = ( NAMED_UNIT(*) PLANE_ANGLE_UNIT() SI_UNIT($,.RADIAN.) );
#3622 = ( NAMED_UNIT(*) SI_UNIT($,.STERADIAN.) SOLID_ANGLE_UNIT() );
#3623 = UNCERTAINTY_MEASURE_WITH_UNIT(LENGTH_MEASURE(2.E-06),#3620,
  'distance_accuracy_value','confusion accuracy');
#3624 = PRODUCT_RELATED_PRODUCT_CATEGORY('part',$,(#7));
ENDSEC;
END-ISO-10303-21;
