ISO-10303-21;
HEADER;
FILE_DESCRIPTION(('Open CASCADE Model'),'2;1');
FILE_NAME('Open CASCADE Shape Model','2026-03-19T00:00:18',('Author'),(
    'Open CASCADE'),'Open CASCADE STEP processor 7.8','Open CASCADE 7.8'
  ,'Unknown');
FILE_SCHEMA(('AUTOMOTIVE_DESIGN { 1 0 10303 214 1 1 1 1 }'));
ENDSEC;
DATA;
#1 = APPLICATION_PROTOCOL_DEFINITION('international standard',
  'automotive_design',2000,#2);
#2 = APPLICATION_CONTEXT(
  'core data for automotive mechanical design processes');
#3 = SHAPE_DEFINITION_REPRESENTATION(#4,#10);
#4 = PRODUCT_DEFINITION_SHAPE('','',#5);
#5 = PRODUCT_DEFINITION('design','',#6,#9);
#6 = PRODUCT_DEFINITION_FORMATION('','',#7);
#7 = PRODUCT('Open CASCADE STEP translator 7.8 1',
  'Open CASCADE STEP translator 7.8 1','',(#8));
#8 = PRODUCT_CONTEXT('',#2,'mechanical');
#9 = PRODUCT_DEFINITION_CONTEXT('part definition',#2,'design');
#10 = SHAPE_REPRESENTATION('',(#11,#15,#19,#23),#27);
#11 = AXIS2_PLACEMENT_3D('',#12,#13,#14);
#12 = CARTESIAN_POINT('',(0.,0.,0.));
#13 = DIRECTION('',(0.,0.,1.));
#14 = DIRECTION('',(1.,0.,-0.));
#15 = AXIS2_PLACEMENT_3D('',#16,#17,#18);
#16 = CARTESIAN_POINT('',(0.,0.,0.));
#17 = DIRECTION('',(0.,0.,1.));
#18 = DIRECTION('',(1.,0.,-0.));
#19 = AXIS2_PLACEMENT_3D('',#20,#21,#22);
#20 = CARTESIAN_POINT('',(0.,0.,0.));
#21 = DIRECTION('',(0.,0.,1.));
#22 = DIRECTION('',(1.,0.,-0.));
#23 = AXIS2_PLACEMENT_3D('',#24,#25,#26);
#24 = CARTESIAN_POINT('',(0.,0.,0.));
#25 = DIRECTION('',(0.,0.,1.));
#26 = DIRECTION('',(1.,0.,-0.));
#27 = ( GEOMETRIC_REPRESENTATION_CONTEXT(3) 
GLOBAL_UNCERTAINTY_ASSIGNED_CONTEXT((#31)) GLOBAL_UNIT_ASSIGNED_CONTEXT(
(#28,#29,#30)) REPRESENTATION_CONTEXT('Context #1',
  '3D Context with UNIT and UNCERTAINTY') );
#28 = ( LENGTH_UNIT() NAMED_UNIT(*) SI_UNIT(.MILLI.,.METRE.) );
#29 = ( NAMED_UNIT(*) PLANE_ANGLE_UNIT() SI_UNIT($,.RADIAN.) );
#30 = ( NAMED_UNIT(*) SI_UNIT($,.STERADIAN.) SOLID_ANGLE_UNIT() );
#31 = UNCERTAINTY_MEASURE_WITH_UNIT(LENGTH_MEASURE(1.E-07),#28,
  'distance_accuracy_value','confusion accuracy');
#32 = PRODUCT_RELATED_PRODUCT_CATEGORY('part',$,(#7));
#33 = SHAPE_DEFINITION_REPRESENTATION(#34,#40);
#34 = PRODUCT_DEFINITION_SHAPE('','',#35);
#35 = PRODUCT_DEFINITION('design','',#36,#39);
#36 = PRODUCT_DEFINITION_FORMATION('','',#37);
#37 = PRODUCT('Open CASCADE STEP translator 7.8 1.1',
  'Open CASCADE STEP translator 7.8 1.1','',(#38));
#38 = PRODUCT_CONTEXT('',#2,'mechanical');
#39 = PRODUCT_DEFINITION_CONTEXT('part definition',#2,'design');
#40 = ADVANCED_BREP_SHAPE_REPRESENTATION('',(#11,#41),#3001);
#41 = MANIFOLD_SOLID_BREP('',#42);
#42 = CLOSED_SHELL('',(#43,#161,#244,#404,#556,#630,#858,#883,#936,#1015
    ,#1094,#1142,#1313,#1338,#1414,#1445,#1528,#1607,#1685,#1835,#1890,
    #1922,#1949,#2025,#2052,#2079,#2150,#2181,#2257,#2331,#2469,#2534,
    #2540,#2572,#2597,#2627,#2674,#2701,#2751,#2803,#2829,#2854,#2861,
    #2887,#2915,#2921,#2948,#2975,#2982,#2989,#2995));
#43 = ADVANCED_FACE('',(#44),#58,.F.);
#44 = FACE_BOUND('',#45,.F.);
#45 = EDGE_LOOP('',(#46,#81,#109,#137));
#46 = ORIENTED_EDGE('',*,*,#47,.F.);
#47 = EDGE_CURVE('',#48,#50,#52,.T.);
#48 = VERTEX_POINT('',#49);
#49 = CARTESIAN_POINT('',(-250.,-290.,550.));
#50 = VERTEX_POINT('',#51);
#51 = CARTESIAN_POINT('',(-250.,-290.,700.));
#52 = SURFACE_CURVE('',#53,(#57,#69),.PCURVE_S1.);
#53 = LINE('',#54,#55);
#54 = CARTESIAN_POINT('',(-250.,-290.,530.));
#55 = VECTOR('',#56,1.);
#56 = DIRECTION('',(0.,0.,1.));
#57 = PCURVE('',#58,#63);
#58 = PLANE('',#59);
#59 = AXIS2_PLACEMENT_3D('',#60,#61,#62);
#60 = CARTESIAN_POINT('',(-250.,-310.,530.));
#61 = DIRECTION('',(1.,0.,0.));
#62 = DIRECTION('',(0.,0.,1.));
#63 = DEFINITIONAL_REPRESENTATION('',(#64),#68);
#64 = LINE('',#65,#66);
#65 = CARTESIAN_POINT('',(0.,-20.));
#66 = VECTOR('',#67,1.);
#67 = DIRECTION('',(1.,0.));
#68 = ( GEOMETRIC_REPRESENTATION_CONTEXT(2) 
PARAMETRIC_REPRESENTATION_CONTEXT() REPRESENTATION_CONTEXT('2D SPACE',''
  ) );
#69 = PCURVE('',#70,#75);
#70 = CYLINDRICAL_SURFACE('',#71,20.);
#71 = AXIS2_PLACEMENT_3D('',#72,#73,#74);
#72 = CARTESIAN_POINT('',(-230.,-290.,530.));
#73 = DIRECTION('',(0.,0.,1.));
#74 = DIRECTION('',(-1.,-0.,0.));
#75 = DEFINITIONAL_REPRESENTATION('',(#76),#80);
#76 = LINE('',#77,#78);
#77 = CARTESIAN_POINT('',(0.,0.));
#78 = VECTOR('',#79,1.);
#79 = DIRECTION('',(0.,1.));
#80 = ( GEOMETRIC_REPRESENTATION_CONTEXT(2) 
PARAMETRIC_REPRESENTATION_CONTEXT() REPRESENTATION_CONTEXT('2D SPACE',''
  ) );
#81 = ORIENTED_EDGE('',*,*,#82,.T.);
#82 = EDGE_CURVE('',#48,#83,#85,.T.);
#83 = VERTEX_POINT('',#84);
#84 = CARTESIAN_POINT('',(-250.,-270.,550.));
#85 = SURFACE_CURVE('',#86,(#90,#97),.PCURVE_S1.);
#86 = LINE('',#87,#88);
#87 = CARTESIAN_POINT('',(-250.,-310.,550.));
#88 = VECTOR('',#89,1.);
#89 = DIRECTION('',(0.,1.,0.));
#90 = PCURVE('',#58,#91);
#91 = DEFINITIONAL_REPRESENTATION('',(#92),#96);
#92 = LINE('',#93,#94);
#93 = CARTESIAN_POINT('',(20.,0.));
#94 = VECTOR('',#95,1.);
#95 = DIRECTION('',(0.,-1.));
#96 = ( GEOMETRIC_REPRESENTATION_CONTEXT(2) 
PARAMETRIC_REPRESENTATION_CONTEXT() REPRESENTATION_CONTEXT('2D SPACE',''
  ) );
#97 = PCURVE('',#98,#103);
#98 = CYLINDRICAL_SURFACE('',#99,20.);
#99 = AXIS2_PLACEMENT_3D('',#100,#101,#102);
#100 = CARTESIAN_POINT('',(-230.,-310.,550.));
#101 = DIRECTION('',(0.,1.,0.));
#102 = DIRECTION('',(-1.,0.,0.));
#103 = DEFINITIONAL_REPRESENTATION('',(#104),#108);
#104 = LINE('',#105,#106);
#105 = CARTESIAN_POINT('',(-0.,0.));
#106 = VECTOR('',#107,1.);
#107 = DIRECTION('',(-0.,1.));
#108 = ( GEOMETRIC_REPRESENTATION_CONTEXT(2) 
PARAMETRIC_REPRESENTATION_CONTEXT() REPRESENTATION_CONTEXT('2D SPACE',''
  ) );
#109 = ORIENTED_EDGE('',*,*,#110,.T.);
#110 = EDGE_CURVE('',#83,#111,#113,.T.);
#111 = VERTEX_POINT('',#112);
#112 = CARTESIAN_POINT('',(-250.,-270.,700.));
#113 = SURFACE_CURVE('',#114,(#118,#125),.PCURVE_S1.);
#114 = LINE('',#115,#116);
#115 = CARTESIAN_POINT('',(-250.,-270.,530.));
#116 = VECTOR('',#117,1.);
#117 = DIRECTION('',(0.,0.,1.));
#118 = PCURVE('',#58,#119);
#119 = DEFINITIONAL_REPRESENTATION('',(#120),#124);
#120 = LINE('',#121,#122);
#121 = CARTESIAN_POINT('',(0.,-40.));
#122 = VECTOR('',#123,1.);
#123 = DIRECTION('',(1.,0.));
#124 = ( GEOMETRIC_REPRESENTATION_CONTEXT(2) 
PARAMETRIC_REPRESENTATION_CONTEXT() REPRESENTATION_CONTEXT('2D SPACE',''
  ) );
#125 = PCURVE('',#126,#131);
#126 = CYLINDRICAL_SURFACE('',#127,20.);
#127 = AXIS2_PLACEMENT_3D('',#128,#129,#130);
#128 = CARTESIAN_POINT('',(-230.,-270.,530.));
#129 = DIRECTION('',(0.,0.,1.));
#130 = DIRECTION('',(-1.,-0.,0.));
#131 = DEFINITIONAL_REPRESENTATION('',(#132),#136);
#132 = LINE('',#133,#134);
#133 = CARTESIAN_POINT('',(-0.,0.));
#134 = VECTOR('',#135,1.);
#135 = DIRECTION('',(-0.,1.));
#136 = ( GEOMETRIC_REPRESENTATION_CONTEXT(2) 
PARAMETRIC_REPRESENTATION_CONTEXT() REPRESENTATION_CONTEXT('2D SPACE',''
  ) );
#137 = ORIENTED_EDGE('',*,*,#138,.T.);
#138 = EDGE_CURVE('',#111,#50,#139,.T.);
#139 = SURFACE_CURVE('',#140,(#144,#150),.PCURVE_S1.);
#140 = LINE('',#141,#142);
#141 = CARTESIAN_POINT('',(-250.,-280.,700.));
#142 = VECTOR('',#143,1.);
#143 = DIRECTION('',(0.,-1.,0.));
#144 = PCURVE('',#58,#145);
#145 = DEFINITIONAL_REPRESENTATION('',(#146),#149);
#146 = B_SPLINE_CURVE_WITH_KNOTS('',1,(#147,#148),.UNSPECIFIED.,.F.,.F.,
  (2,2),(-10.,10.),.PIECEWISE_BEZIER_KNOTS.);
#147 = CARTESIAN_POINT('',(170.,-40.));
#148 = CARTESIAN_POINT('',(170.,-20.));
#149 = ( GEOMETRIC_REPRESENTATION_CONTEXT(2) 
PARAMETRIC_REPRESENTATION_CONTEXT() REPRESENTATION_CONTEXT('2D SPACE',''
  ) );
#150 = PCURVE('',#151,#156);
#151 = PLANE('',#152);
#152 = AXIS2_PLACEMENT_3D('',#153,#154,#155);
#153 = CARTESIAN_POINT('',(75.,-250.,700.));
#154 = DIRECTION('',(0.,0.,1.));
#155 = DIRECTION('',(-1.,1.224646799147E-16,0.));
#156 = DEFINITIONAL_REPRESENTATION('',(#157),#160);
#157 = B_SPLINE_CURVE_WITH_KNOTS('',1,(#158,#159),.UNSPECIFIED.,.F.,.F.,
  (2,2),(-10.,10.),.PIECEWISE_BEZIER_KNOTS.);
#158 = CARTESIAN_POINT('',(325.,20.));
#159 = CARTESIAN_POINT('',(325.,40.));
#160 = ( GEOMETRIC_REPRESENTATION_CONTEXT(2) 
PARAMETRIC_REPRESENTATION_CONTEXT() REPRESENTATION_CONTEXT('2D SPACE',''
  ) );
#161 = ADVANCED_FACE('',(#162),#70,.T.);
#162 = FACE_BOUND('',#163,.T.);
#163 = EDGE_LOOP('',(#164,#165,#194,#222));
#164 = ORIENTED_EDGE('',*,*,#47,.F.);
#165 = ORIENTED_EDGE('',*,*,#166,.T.);
#166 = EDGE_CURVE('',#48,#167,#169,.T.);
#167 = VERTEX_POINT('',#168);
#168 = CARTESIAN_POINT('',(-230.,-310.,550.));
#169 = SURFACE_CURVE('',#170,(#175,#182),.PCURVE_S1.);
#170 = CIRCLE('',#171,20.);
#171 = AXIS2_PLACEMENT_3D('',#172,#173,#174);
#172 = CARTESIAN_POINT('',(-230.,-290.,550.));
#173 = DIRECTION('',(0.,0.,1.));
#174 = DIRECTION('',(-1.,0.,0.));
#175 = PCURVE('',#70,#176);
#176 = DEFINITIONAL_REPRESENTATION('',(#177),#181);
#177 = LINE('',#178,#179);
#178 = CARTESIAN_POINT('',(0.,20.));
#179 = VECTOR('',#180,1.);
#180 = DIRECTION('',(1.,0.));
#181 = ( GEOMETRIC_REPRESENTATION_CONTEXT(2) 
PARAMETRIC_REPRESENTATION_CONTEXT() REPRESENTATION_CONTEXT('2D SPACE',''
  ) );
#182 = PCURVE('',#183,#188);
#183 = SPHERICAL_SURFACE('',#184,20.);
#184 = AXIS2_PLACEMENT_3D('',#185,#186,#187);
#185 = CARTESIAN_POINT('',(-230.,-290.,550.));
#186 = DIRECTION('',(0.,0.,1.));
#187 = DIRECTION('',(-1.,0.,0.));
#188 = DEFINITIONAL_REPRESENTATION('',(#189),#193);
#189 = LINE('',#190,#191);
#190 = CARTESIAN_POINT('',(0.,0.));
#191 = VECTOR('',#192,1.);
#192 = DIRECTION('',(1.,0.));
#193 = ( GEOMETRIC_REPRESENTATION_CONTEXT(2) 
PARAMETRIC_REPRESENTATION_CONTEXT() REPRESENTATION_CONTEXT('2D SPACE',''
  ) );
#194 = ORIENTED_EDGE('',*,*,#195,.T.);
#195 = EDGE_CURVE('',#167,#196,#198,.T.);
#196 = VERTEX_POINT('',#197);
#197 = CARTESIAN_POINT('',(-230.,-310.,700.));
#198 = SURFACE_CURVE('',#199,(#203,#210),.PCURVE_S1.);
#199 = LINE('',#200,#201);
#200 = CARTESIAN_POINT('',(-230.,-310.,530.));
#201 = VECTOR('',#202,1.);
#202 = DIRECTION('',(0.,0.,1.));
#203 = PCURVE('',#70,#204);
#204 = DEFINITIONAL_REPRESENTATION('',(#205),#209);
#205 = LINE('',#206,#207);
#206 = CARTESIAN_POINT('',(1.570796326795,0.));
#207 = VECTOR('',#208,1.);
#208 = DIRECTION('',(0.,1.));
#209 = ( GEOMETRIC_REPRESENTATION_CONTEXT(2) 
PARAMETRIC_REPRESENTATION_CONTEXT() REPRESENTATION_CONTEXT('2D SPACE',''
  ) );
#210 = PCURVE('',#211,#216);
#211 = PLANE('',#212);
#212 = AXIS2_PLACEMENT_3D('',#213,#214,#215);
#213 = CARTESIAN_POINT('',(-250.,-310.,530.));
#214 = DIRECTION('',(0.,1.,0.));
#215 = DIRECTION('',(0.,0.,1.));
#216 = DEFINITIONAL_REPRESENTATION('',(#217),#221);
#217 = LINE('',#218,#219);
#218 = CARTESIAN_POINT('',(0.,20.));
#219 = VECTOR('',#220,1.);
#220 = DIRECTION('',(1.,0.));
#221 = ( GEOMETRIC_REPRESENTATION_CONTEXT(2) 
PARAMETRIC_REPRESENTATION_CONTEXT() REPRESENTATION_CONTEXT('2D SPACE',''
  ) );
#222 = ORIENTED_EDGE('',*,*,#223,.F.);
#223 = EDGE_CURVE('',#50,#196,#224,.T.);
#224 = SURFACE_CURVE('',#225,(#230,#237),.PCURVE_S1.);
#225 = CIRCLE('',#226,20.);
#226 = AXIS2_PLACEMENT_3D('',#227,#228,#229);
#227 = CARTESIAN_POINT('',(-230.,-290.,700.));
#228 = DIRECTION('',(0.,0.,1.));
#229 = DIRECTION('',(-1.,-0.,0.));
#230 = PCURVE('',#70,#231);
#231 = DEFINITIONAL_REPRESENTATION('',(#232),#236);
#232 = LINE('',#233,#234);
#233 = CARTESIAN_POINT('',(0.,170.));
#234 = VECTOR('',#235,1.);
#235 = DIRECTION('',(1.,0.));
#236 = ( GEOMETRIC_REPRESENTATION_CONTEXT(2) 
PARAMETRIC_REPRESENTATION_CONTEXT() REPRESENTATION_CONTEXT('2D SPACE',''
  ) );
#237 = PCURVE('',#151,#238);
#238 = DEFINITIONAL_REPRESENTATION('',(#239),#243);
#239 = CIRCLE('',#240,20.);
#240 = AXIS2_PLACEMENT_2D('',#241,#242);
#241 = CARTESIAN_POINT('',(305.,40.));
#242 = DIRECTION('',(1.,1.224646799147E-16));
#243 = ( GEOMETRIC_REPRESENTATION_CONTEXT(2) 
PARAMETRIC_REPRESENTATION_CONTEXT() REPRESENTATION_CONTEXT('2D SPACE',''
  ) );
#244 = ADVANCED_FACE('',(#245),#151,.F.);
#245 = FACE_BOUND('',#246,.F.);
#246 = EDGE_LOOP('',(#247,#277,#296,#297,#298,#322,#350,#378));
#247 = ORIENTED_EDGE('',*,*,#248,.F.);
#248 = EDGE_CURVE('',#249,#251,#253,.T.);
#249 = VERTEX_POINT('',#250);
#250 = CARTESIAN_POINT('',(65.,-310.,700.));
#251 = VERTEX_POINT('',#252);
#252 = CARTESIAN_POINT('',(65.,-320.,700.));
#253 = SURFACE_CURVE('',#254,(#258,#265),.PCURVE_S1.);
#254 = LINE('',#255,#256);
#255 = CARTESIAN_POINT('',(65.,-250.,700.));
#256 = VECTOR('',#257,1.);
#257 = DIRECTION('',(-1.224646799147E-16,-1.,0.));
#258 = PCURVE('',#151,#259);
#259 = DEFINITIONAL_REPRESENTATION('',(#260),#264);
#260 = LINE('',#261,#262);
#261 = CARTESIAN_POINT('',(10.,0.));
#262 = VECTOR('',#263,1.);
#263 = DIRECTION('',(0.,1.));
#264 = ( GEOMETRIC_REPRESENTATION_CONTEXT(2) 
PARAMETRIC_REPRESENTATION_CONTEXT() REPRESENTATION_CONTEXT('2D SPACE',''
  ) );
#265 = PCURVE('',#266,#271);
#266 = CYLINDRICAL_SURFACE('',#267,10.);
#267 = AXIS2_PLACEMENT_3D('',#268,#269,#270);
#268 = CARTESIAN_POINT('',(65.,-250.,710.));
#269 = DIRECTION('',(-1.224646799147E-16,-1.,0.));
#270 = DIRECTION('',(1.,-1.224646799147E-16,-0.));
#271 = DEFINITIONAL_REPRESENTATION('',(#272),#276);
#272 = LINE('',#273,#274);
#273 = CARTESIAN_POINT('',(-1.570796326795,0.));
#274 = VECTOR('',#275,1.);
#275 = DIRECTION('',(-0.,1.));
#276 = ( GEOMETRIC_REPRESENTATION_CONTEXT(2) 
PARAMETRIC_REPRESENTATION_CONTEXT() REPRESENTATION_CONTEXT('2D SPACE',''
  ) );
#277 = ORIENTED_EDGE('',*,*,#278,.F.);
#278 = EDGE_CURVE('',#196,#249,#279,.T.);
#279 = SURFACE_CURVE('',#280,(#284,#290),.PCURVE_S1.);
#280 = LINE('',#281,#282);
#281 = CARTESIAN_POINT('',(-87.5,-310.,700.));
#282 = VECTOR('',#283,1.);
#283 = DIRECTION('',(1.,0.,0.));
#284 = PCURVE('',#151,#285);
#285 = DEFINITIONAL_REPRESENTATION('',(#286),#289);
#286 = B_SPLINE_CURVE_WITH_KNOTS('',1,(#287,#288),.UNSPECIFIED.,.F.,.F.,
  (2,2),(-142.5,152.5),.PIECEWISE_BEZIER_KNOTS.);
#287 = CARTESIAN_POINT('',(305.,60.));
#288 = CARTESIAN_POINT('',(10.,60.));
#289 = ( GEOMETRIC_REPRESENTATION_CONTEXT(2) 
PARAMETRIC_REPRESENTATION_CONTEXT() REPRESENTATION_CONTEXT('2D SPACE',''
  ) );
#290 = PCURVE('',#211,#291);
#291 = DEFINITIONAL_REPRESENTATION('',(#292),#295);
#292 = B_SPLINE_CURVE_WITH_KNOTS('',1,(#293,#294),.UNSPECIFIED.,.F.,.F.,
  (2,2),(-142.5,152.5),.PIECEWISE_BEZIER_KNOTS.);
#293 = CARTESIAN_POINT('',(170.,20.));
#294 = CARTESIAN_POINT('',(170.,315.));
#295 = ( GEOMETRIC_REPRESENTATION_CONTEXT(2) 
PARAMETRIC_REPRESENTATION_CONTEXT() REPRESENTATION_CONTEXT('2D SPACE',''
  ) );
#296 = ORIENTED_EDGE('',*,*,#223,.F.);
#297 = ORIENTED_EDGE('',*,*,#138,.F.);
#298 = ORIENTED_EDGE('',*,*,#299,.F.);
#299 = EDGE_CURVE('',#300,#111,#302,.T.);
#300 = VERTEX_POINT('',#301);
#301 = CARTESIAN_POINT('',(-247.3205080756,-260.,700.));
#302 = SURFACE_CURVE('',#303,(#308,#315),.PCURVE_S1.);
#303 = CIRCLE('',#304,20.);
#304 = AXIS2_PLACEMENT_3D('',#305,#306,#307);
#305 = CARTESIAN_POINT('',(-230.,-270.,700.));
#306 = DIRECTION('',(0.,0.,1.));
#307 = DIRECTION('',(-1.,-0.,0.));
#308 = PCURVE('',#151,#309);
#309 = DEFINITIONAL_REPRESENTATION('',(#310),#314);
#310 = CIRCLE('',#311,20.);
#311 = AXIS2_PLACEMENT_2D('',#312,#313);
#312 = CARTESIAN_POINT('',(305.,20.));
#313 = DIRECTION('',(1.,1.224646799147E-16));
#314 = ( GEOMETRIC_REPRESENTATION_CONTEXT(2) 
PARAMETRIC_REPRESENTATION_CONTEXT() REPRESENTATION_CONTEXT('2D SPACE',''
  ) );
#315 = PCURVE('',#126,#316);
#316 = DEFINITIONAL_REPRESENTATION('',(#317),#321);
#317 = LINE('',#318,#319);
#318 = CARTESIAN_POINT('',(-6.28318530718,170.));
#319 = VECTOR('',#320,1.);
#320 = DIRECTION('',(1.,-0.));
#321 = ( GEOMETRIC_REPRESENTATION_CONTEXT(2) 
PARAMETRIC_REPRESENTATION_CONTEXT() REPRESENTATION_CONTEXT('2D SPACE',''
  ) );
#322 = ORIENTED_EDGE('',*,*,#323,.T.);
#323 = EDGE_CURVE('',#300,#324,#326,.T.);
#324 = VERTEX_POINT('',#325);
#325 = CARTESIAN_POINT('',(-265.,-260.,700.));
#326 = SURFACE_CURVE('',#327,(#331,#338),.PCURVE_S1.);
#327 = LINE('',#328,#329);
#328 = CARTESIAN_POINT('',(75.,-260.,700.));
#329 = VECTOR('',#330,1.);
#330 = DIRECTION('',(-1.,1.224646799147E-16,0.));
#331 = PCURVE('',#151,#332);
#332 = DEFINITIONAL_REPRESENTATION('',(#333),#337);
#333 = LINE('',#334,#335);
#334 = CARTESIAN_POINT('',(0.,10.));
#335 = VECTOR('',#336,1.);
#336 = DIRECTION('',(1.,0.));
#337 = ( GEOMETRIC_REPRESENTATION_CONTEXT(2) 
PARAMETRIC_REPRESENTATION_CONTEXT() REPRESENTATION_CONTEXT('2D SPACE',''
  ) );
#338 = PCURVE('',#339,#344);
#339 = CYLINDRICAL_SURFACE('',#340,10.);
#340 = AXIS2_PLACEMENT_3D('',#341,#342,#343);
#341 = CARTESIAN_POINT('',(75.,-260.,710.));
#342 = DIRECTION('',(-1.,1.224646799147E-16,0.));
#343 = DIRECTION('',(1.224646799147E-16,1.,-0.));
#344 = DEFINITIONAL_REPRESENTATION('',(#345),#349);
#345 = LINE('',#346,#347);
#346 = CARTESIAN_POINT('',(1.570796326795,0.));
#347 = VECTOR('',#348,1.);
#348 = DIRECTION('',(0.,1.));
#349 = ( GEOMETRIC_REPRESENTATION_CONTEXT(2) 
PARAMETRIC_REPRESENTATION_CONTEXT() REPRESENTATION_CONTEXT('2D SPACE',''
  ) );
#350 = ORIENTED_EDGE('',*,*,#351,.T.);
#351 = EDGE_CURVE('',#324,#352,#354,.T.);
#352 = VERTEX_POINT('',#353);
#353 = CARTESIAN_POINT('',(-265.,-320.,700.));
#354 = SURFACE_CURVE('',#355,(#359,#366),.PCURVE_S1.);
#355 = LINE('',#356,#357);
#356 = CARTESIAN_POINT('',(-265.,-250.,700.));
#357 = VECTOR('',#358,1.);
#358 = DIRECTION('',(-1.224646799147E-16,-1.,0.));
#359 = PCURVE('',#151,#360);
#360 = DEFINITIONAL_REPRESENTATION('',(#361),#365);
#361 = LINE('',#362,#363);
#362 = CARTESIAN_POINT('',(340.,-2.84217094304E-14));
#363 = VECTOR('',#364,1.);
#364 = DIRECTION('',(0.,1.));
#365 = ( GEOMETRIC_REPRESENTATION_CONTEXT(2) 
PARAMETRIC_REPRESENTATION_CONTEXT() REPRESENTATION_CONTEXT('2D SPACE',''
  ) );
#366 = PCURVE('',#367,#372);
#367 = CYLINDRICAL_SURFACE('',#368,10.);
#368 = AXIS2_PLACEMENT_3D('',#369,#370,#371);
#369 = CARTESIAN_POINT('',(-265.,-250.,710.));
#370 = DIRECTION('',(-1.224646799147E-16,-1.,0.));
#371 = DIRECTION('',(-1.,1.224646799147E-16,0.));
#372 = DEFINITIONAL_REPRESENTATION('',(#373),#377);
#373 = LINE('',#374,#375);
#374 = CARTESIAN_POINT('',(1.570796326795,0.));
#375 = VECTOR('',#376,1.);
#376 = DIRECTION('',(0.,1.));
#377 = ( GEOMETRIC_REPRESENTATION_CONTEXT(2) 
PARAMETRIC_REPRESENTATION_CONTEXT() REPRESENTATION_CONTEXT('2D SPACE',''
  ) );
#378 = ORIENTED_EDGE('',*,*,#379,.F.);
#379 = EDGE_CURVE('',#251,#352,#380,.T.);
#380 = SURFACE_CURVE('',#381,(#385,#392),.PCURVE_S1.);
#381 = LINE('',#382,#383);
#382 = CARTESIAN_POINT('',(75.,-320.,700.));
#383 = VECTOR('',#384,1.);
#384 = DIRECTION('',(-1.,1.224646799147E-16,0.));
#385 = PCURVE('',#151,#386);
#386 = DEFINITIONAL_REPRESENTATION('',(#387),#391);
#387 = LINE('',#388,#389);
#388 = CARTESIAN_POINT('',(-1.42108547152E-14,70.));
#389 = VECTOR('',#390,1.);
#390 = DIRECTION('',(1.,0.));
#391 = ( GEOMETRIC_REPRESENTATION_CONTEXT(2) 
PARAMETRIC_REPRESENTATION_CONTEXT() REPRESENTATION_CONTEXT('2D SPACE',''
  ) );
#392 = PCURVE('',#393,#398);
#393 = CYLINDRICAL_SURFACE('',#394,10.);
#394 = AXIS2_PLACEMENT_3D('',#395,#396,#397);
#395 = CARTESIAN_POINT('',(75.,-320.,710.));
#396 = DIRECTION('',(-1.,1.224646799147E-16,0.));
#397 = DIRECTION('',(-1.224646799147E-16,-1.,0.));
#398 = DEFINITIONAL_REPRESENTATION('',(#399),#403);
#399 = LINE('',#400,#401);
#400 = CARTESIAN_POINT('',(-1.570796326795,0.));
#401 = VECTOR('',#402,1.);
#402 = DIRECTION('',(-0.,1.));
#403 = ( GEOMETRIC_REPRESENTATION_CONTEXT(2) 
PARAMETRIC_REPRESENTATION_CONTEXT() REPRESENTATION_CONTEXT('2D SPACE',''
  ) );
#404 = ADVANCED_FACE('',(#405),#126,.T.);
#405 = FACE_BOUND('',#406,.F.);
#406 = EDGE_LOOP('',(#407,#408,#437,#465,#555));
#407 = ORIENTED_EDGE('',*,*,#110,.F.);
#408 = ORIENTED_EDGE('',*,*,#409,.T.);
#409 = EDGE_CURVE('',#83,#410,#412,.T.);
#410 = VERTEX_POINT('',#411);
#411 = CARTESIAN_POINT('',(-230.,-250.,550.));
#412 = SURFACE_CURVE('',#413,(#418,#425),.PCURVE_S1.);
#413 = CIRCLE('',#414,20.);
#414 = AXIS2_PLACEMENT_3D('',#415,#416,#417);
#415 = CARTESIAN_POINT('',(-230.,-270.,550.));
#416 = DIRECTION('',(-0.,0.,-1.));
#417 = DIRECTION('',(-1.,0.,0.));
#418 = PCURVE('',#126,#419);
#419 = DEFINITIONAL_REPRESENTATION('',(#420),#424);
#420 = LINE('',#421,#422);
#421 = CARTESIAN_POINT('',(-0.,20.));
#422 = VECTOR('',#423,1.);
#423 = DIRECTION('',(-1.,0.));
#424 = ( GEOMETRIC_REPRESENTATION_CONTEXT(2) 
PARAMETRIC_REPRESENTATION_CONTEXT() REPRESENTATION_CONTEXT('2D SPACE',''
  ) );
#425 = PCURVE('',#426,#431);
#426 = SPHERICAL_SURFACE('',#427,20.);
#427 = AXIS2_PLACEMENT_3D('',#428,#429,#430);
#428 = CARTESIAN_POINT('',(-230.,-270.,550.));
#429 = DIRECTION('',(0.,0.,1.));
#430 = DIRECTION('',(-1.,0.,0.));
#431 = DEFINITIONAL_REPRESENTATION('',(#432),#436);
#432 = LINE('',#433,#434);
#433 = CARTESIAN_POINT('',(-0.,0.));
#434 = VECTOR('',#435,1.);
#435 = DIRECTION('',(-1.,0.));
#436 = ( GEOMETRIC_REPRESENTATION_CONTEXT(2) 
PARAMETRIC_REPRESENTATION_CONTEXT() REPRESENTATION_CONTEXT('2D SPACE',''
  ) );
#437 = ORIENTED_EDGE('',*,*,#438,.T.);
#438 = EDGE_CURVE('',#410,#439,#441,.T.);
#439 = VERTEX_POINT('',#440);
#440 = CARTESIAN_POINT('',(-230.,-250.,710.));
#441 = SURFACE_CURVE('',#442,(#446,#453),.PCURVE_S1.);
#442 = LINE('',#443,#444);
#443 = CARTESIAN_POINT('',(-230.,-250.,530.));
#444 = VECTOR('',#445,1.);
#445 = DIRECTION('',(0.,0.,1.));
#446 = PCURVE('',#126,#447);
#447 = DEFINITIONAL_REPRESENTATION('',(#448),#452);
#448 = LINE('',#449,#450);
#449 = CARTESIAN_POINT('',(-1.570796326795,0.));
#450 = VECTOR('',#451,1.);
#451 = DIRECTION('',(-0.,1.));
#452 = ( GEOMETRIC_REPRESENTATION_CONTEXT(2) 
PARAMETRIC_REPRESENTATION_CONTEXT() REPRESENTATION_CONTEXT('2D SPACE',''
  ) );
#453 = PCURVE('',#454,#459);
#454 = PLANE('',#455);
#455 = AXIS2_PLACEMENT_3D('',#456,#457,#458);
#456 = CARTESIAN_POINT('',(-250.,-250.,530.));
#457 = DIRECTION('',(0.,1.,0.));
#458 = DIRECTION('',(0.,0.,1.));
#459 = DEFINITIONAL_REPRESENTATION('',(#460),#464);
#460 = LINE('',#461,#462);
#461 = CARTESIAN_POINT('',(0.,20.));
#462 = VECTOR('',#463,1.);
#463 = DIRECTION('',(1.,0.));
#464 = ( GEOMETRIC_REPRESENTATION_CONTEXT(2) 
PARAMETRIC_REPRESENTATION_CONTEXT() REPRESENTATION_CONTEXT('2D SPACE',''
  ) );
#465 = ORIENTED_EDGE('',*,*,#466,.F.);
#466 = EDGE_CURVE('',#300,#439,#467,.T.);
#467 = SURFACE_CURVE('',#468,(#495,#525),.PCURVE_S1.);
#468 = B_SPLINE_CURVE_WITH_KNOTS('',7,(#469,#470,#471,#472,#473,#474,
    #475,#476,#477,#478,#479,#480,#481,#482,#483,#484,#485,#486,#487,
    #488,#489,#490,#491,#492,#493,#494),.UNSPECIFIED.,.F.,.F.,(8,6,6,6,8
    ),(0.,0.152700838506,0.297875770406,0.632117895301,1.),
  .UNSPECIFIED.);
#469 = CARTESIAN_POINT('',(-247.3205080756,-260.,700.));
#470 = CARTESIAN_POINT('',(-247.0174825006,-259.4751443079,700.));
#471 = CARTESIAN_POINT('',(-246.7004592133,-258.968895747,
    700.03213832104));
#472 = CARTESIAN_POINT('',(-246.3714371586,-258.4823938337,
    700.09231472667));
#473 = CARTESIAN_POINT('',(-246.0324256158,-258.0163035398,
    700.17687347238));
#474 = CARTESIAN_POINT('',(-245.6853767049,-257.5709380961,
    700.28252467893));
#475 = CARTESIAN_POINT('',(-245.3321468992,-257.1463472744,
    700.40629177094));
#476 = CARTESIAN_POINT('',(-244.6344555347,-256.3583051018,
    700.67781801153));
#477 = CARTESIAN_POINT('',(-244.2896843546,-255.9920414493,
    700.82437998437));
#478 = CARTESIAN_POINT('',(-243.9411351948,-255.6430099267,
    700.98316685909));
#479 = CARTESIAN_POINT('',(-243.5895675787,-255.3105181886,
    701.15252725965));
#480 = CARTESIAN_POINT('',(-243.2355303463,-254.9938007344,
    701.3311219631));
#481 = CARTESIAN_POINT('',(-242.8793607366,-254.6920594071,
    701.51789224833));
#482 = CARTESIAN_POINT('',(-241.696564171,-253.7424253416,
    702.15902467028));
#483 = CARTESIAN_POINT('',(-240.8594397438,-253.1539828463,
    702.64613094437));
#484 = CARTESIAN_POINT('',(-240.0159621739,-252.6337484745,
    703.1614037874));
#485 = CARTESIAN_POINT('',(-239.1697276693,-252.1758455668,
    703.69704004668));
#486 = CARTESIAN_POINT('',(-238.3219376228,-251.7747959045,
    704.24823311974));
#487 = CARTESIAN_POINT('',(-237.471811649,-251.4260186694,
    704.81256666195));
#488 = CARTESIAN_POINT('',(-235.6758957821,-250.7963940183,
    706.02437324319));
#489 = CARTESIAN_POINT('',(-234.7316837585,-250.5268260954,
    706.67274646683));
#490 = CARTESIAN_POINT('',(-233.7861124188,-250.3144903208,
    707.33016704537));
#491 = CARTESIAN_POINT('',(-232.8401278071,-250.1569085611,
    707.99356558951));
#492 = CARTESIAN_POINT('',(-231.8939666317,-250.0523579882,
    708.66076483223));
#493 = CARTESIAN_POINT('',(-230.9473993993,-249.9999999894,
    709.33008703531));
#494 = CARTESIAN_POINT('',(-230.,-250.,710.));
#495 = PCURVE('',#126,#496);
#496 = DEFINITIONAL_REPRESENTATION('',(#497),#524);
#497 = B_SPLINE_CURVE_WITH_KNOTS('',7,(#498,#499,#500,#501,#502,#503,
    #504,#505,#506,#507,#508,#509,#510,#511,#512,#513,#514,#515,#516,
    #517,#518,#519,#520,#521,#522,#523),.UNSPECIFIED.,.F.,.F.,(8,6,6,6,8
    ),(0.,0.152700838506,0.297875770406,0.632117895301,1.),
  .UNSPECIFIED.);
#498 = CARTESIAN_POINT('',(-0.523598775598,170.));
#499 = CARTESIAN_POINT('',(-0.553901333107,170.));
#500 = CARTESIAN_POINT('',(-0.583748112804,170.03213832104));
#501 = CARTESIAN_POINT('',(-0.613085292913,170.09231472667));
#502 = CARTESIAN_POINT('',(-0.641873026274,170.17687347238));
#503 = CARTESIAN_POINT('',(-0.670080539478,170.28252467893));
#504 = CARTESIAN_POINT('',(-0.697683079152,170.40629177094));
#505 = CARTESIAN_POINT('',(-0.750308731305,170.67781801153));
#506 = CARTESIAN_POINT('',(-0.775447376833,170.82437998437));
#507 = CARTESIAN_POINT('',(-0.800093698987,170.98316685909));
#508 = CARTESIAN_POINT('',(-0.824271051534,171.15252725965));
#509 = CARTESIAN_POINT('',(-0.848008515586,171.3311219631));
#510 = CARTESIAN_POINT('',(-0.871340528158,171.51789224833));
#511 = CARTESIAN_POINT('',(-0.947182676301,172.15902467028));
#512 = CARTESIAN_POINT('',(-0.998241113789,172.64613094437));
#513 = CARTESIAN_POINT('',(-1.047653662643,173.1614037874));
#514 = CARTESIAN_POINT('',(-1.095630552397,173.69704004668));
#515 = CARTESIAN_POINT('',(-1.142418911288,174.24823311974));
#516 = CARTESIAN_POINT('',(-1.188301039159,174.81256666195));
#517 = CARTESIAN_POINT('',(-1.283455400625,176.02437324319));
#518 = CARTESIAN_POINT('',(-1.332466623575,176.67274646683));
#519 = CARTESIAN_POINT('',(-1.380797567552,177.33016704537));
#520 = CARTESIAN_POINT('',(-1.428616389112,177.99356558951));
#521 = CARTESIAN_POINT('',(-1.476097953084,178.66076483223));
#522 = CARTESIAN_POINT('',(-1.523426368703,179.33008703531));
#523 = CARTESIAN_POINT('',(-1.570796326795,180.));
#524 = ( GEOMETRIC_REPRESENTATION_CONTEXT(2) 
PARAMETRIC_REPRESENTATION_CONTEXT() REPRESENTATION_CONTEXT('2D SPACE',''
  ) );
#525 = PCURVE('',#339,#526);
#526 = DEFINITIONAL_REPRESENTATION('',(#527),#554);
#527 = B_SPLINE_CURVE_WITH_KNOTS('',7,(#528,#529,#530,#531,#532,#533,
    #534,#535,#536,#537,#538,#539,#540,#541,#542,#543,#544,#545,#546,
    #547,#548,#549,#550,#551,#552,#553),.UNSPECIFIED.,.F.,.F.,(8,6,6,6,8
    ),(0.,0.152700838506,0.297875770406,0.632117895301,1.),
  .UNSPECIFIED.);
#528 = CARTESIAN_POINT('',(1.570796326795,322.32050807568));
#529 = CARTESIAN_POINT('',(1.51831075759,322.0174825006));
#530 = CARTESIAN_POINT('',(1.467685851267,321.70045921331));
#531 = CARTESIAN_POINT('',(1.418799694137,321.37143715866));
#532 = CARTESIAN_POINT('',(1.371557237122,321.03242561581));
#533 = CARTESIAN_POINT('',(1.325881116139,320.6853767049));
#534 = CARTESIAN_POINT('',(1.281706192043,320.33214689921));
#535 = CARTESIAN_POINT('',(1.198355309319,319.63445553476));
#536 = CARTESIAN_POINT('',(1.158952399112,319.28968435463));
#537 = CARTESIAN_POINT('',(1.12067103238,318.94113519489));
#538 = CARTESIAN_POINT('',(1.083419454435,318.58956757873));
#539 = CARTESIAN_POINT('',(1.047108573698,318.23553034637));
#540 = CARTESIAN_POINT('',(1.011649612012,317.87936073663));
#541 = CARTESIAN_POINT('',(0.897069699253,316.696564171));
#542 = CARTESIAN_POINT('',(0.82104368957,315.85943974385));
#543 = CARTESIAN_POINT('',(0.748262486387,315.01596217394));
#544 = CARTESIAN_POINT('',(0.678202923855,314.16972766939));
#545 = CARTESIAN_POINT('',(0.610351971574,313.32193762287));
#546 = CARTESIAN_POINT('',(0.544194121825,312.47181164902));
#547 = CARTESIAN_POINT('',(0.407632692731,310.6758957821));
#548 = CARTESIAN_POINT('',(0.337669200502,309.7316837585));
#549 = CARTESIAN_POINT('',(0.268943959931,308.78611241881));
#550 = CARTESIAN_POINT('',(0.201134033388,307.84012780716));
#551 = CARTESIAN_POINT('',(0.133923821465,306.89396663173));
#552 = CARTESIAN_POINT('',(6.699120922367E-02,305.94739939934));
#553 = CARTESIAN_POINT('',(0.,305.));
#554 = ( GEOMETRIC_REPRESENTATION_CONTEXT(2) 
PARAMETRIC_REPRESENTATION_CONTEXT() REPRESENTATION_CONTEXT('2D SPACE',''
  ) );
#555 = ORIENTED_EDGE('',*,*,#299,.T.);
#556 = ADVANCED_FACE('',(#557),#98,.T.);
#557 = FACE_BOUND('',#558,.F.);
#558 = EDGE_LOOP('',(#559,#581,#609,#629));
#559 = ORIENTED_EDGE('',*,*,#560,.F.);
#560 = EDGE_CURVE('',#561,#48,#563,.T.);
#561 = VERTEX_POINT('',#562);
#562 = CARTESIAN_POINT('',(-230.,-290.,530.));
#563 = SURFACE_CURVE('',#564,(#569,#575),.PCURVE_S1.);
#564 = CIRCLE('',#565,20.);
#565 = AXIS2_PLACEMENT_3D('',#566,#567,#568);
#566 = CARTESIAN_POINT('',(-230.,-290.,550.));
#567 = DIRECTION('',(0.,1.,-0.));
#568 = DIRECTION('',(-1.,0.,0.));
#569 = PCURVE('',#98,#570);
#570 = DEFINITIONAL_REPRESENTATION('',(#571),#574);
#571 = B_SPLINE_CURVE_WITH_KNOTS('',1,(#572,#573),.UNSPECIFIED.,.F.,.F.,
  (2,2),(4.712388980385,6.28318530718),.PIECEWISE_BEZIER_KNOTS.);
#572 = CARTESIAN_POINT('',(-1.570796326795,20.));
#573 = CARTESIAN_POINT('',(0.,20.));
#574 = ( GEOMETRIC_REPRESENTATION_CONTEXT(2) 
PARAMETRIC_REPRESENTATION_CONTEXT() REPRESENTATION_CONTEXT('2D SPACE',''
  ) );
#575 = PCURVE('',#183,#576);
#576 = DEFINITIONAL_REPRESENTATION('',(#577),#580);
#577 = B_SPLINE_CURVE_WITH_KNOTS('',1,(#578,#579),.UNSPECIFIED.,.F.,.F.,
  (2,2),(4.712388980385,6.28318530718),.PIECEWISE_BEZIER_KNOTS.);
#578 = CARTESIAN_POINT('',(0.,-1.570796326795));
#579 = CARTESIAN_POINT('',(0.,0.));
#580 = ( GEOMETRIC_REPRESENTATION_CONTEXT(2) 
PARAMETRIC_REPRESENTATION_CONTEXT() REPRESENTATION_CONTEXT('2D SPACE',''
  ) );
#581 = ORIENTED_EDGE('',*,*,#582,.T.);
#582 = EDGE_CURVE('',#561,#583,#585,.T.);
#583 = VERTEX_POINT('',#584);
#584 = CARTESIAN_POINT('',(-230.,-270.,530.));
#585 = SURFACE_CURVE('',#586,(#590,#597),.PCURVE_S1.);
#586 = LINE('',#587,#588);
#587 = CARTESIAN_POINT('',(-230.,-310.,530.));
#588 = VECTOR('',#589,1.);
#589 = DIRECTION('',(0.,1.,0.));
#590 = PCURVE('',#98,#591);
#591 = DEFINITIONAL_REPRESENTATION('',(#592),#596);
#592 = LINE('',#593,#594);
#593 = CARTESIAN_POINT('',(-1.570796326795,0.));
#594 = VECTOR('',#595,1.);
#595 = DIRECTION('',(-0.,1.));
#596 = ( GEOMETRIC_REPRESENTATION_CONTEXT(2) 
PARAMETRIC_REPRESENTATION_CONTEXT() REPRESENTATION_CONTEXT('2D SPACE',''
  ) );
#597 = PCURVE('',#598,#603);
#598 = PLANE('',#599);
#599 = AXIS2_PLACEMENT_3D('',#600,#601,#602);
#600 = CARTESIAN_POINT('',(-250.,-310.,530.));
#601 = DIRECTION('',(0.,0.,1.));
#602 = DIRECTION('',(1.,0.,0.));
#603 = DEFINITIONAL_REPRESENTATION('',(#604),#608);
#604 = LINE('',#605,#606);
#605 = CARTESIAN_POINT('',(20.,0.));
#606 = VECTOR('',#607,1.);
#607 = DIRECTION('',(0.,1.));
#608 = ( GEOMETRIC_REPRESENTATION_CONTEXT(2) 
PARAMETRIC_REPRESENTATION_CONTEXT() REPRESENTATION_CONTEXT('2D SPACE',''
  ) );
#609 = ORIENTED_EDGE('',*,*,#610,.T.);
#610 = EDGE_CURVE('',#583,#83,#611,.T.);
#611 = SURFACE_CURVE('',#612,(#617,#623),.PCURVE_S1.);
#612 = CIRCLE('',#613,20.);
#613 = AXIS2_PLACEMENT_3D('',#614,#615,#616);
#614 = CARTESIAN_POINT('',(-230.,-270.,550.));
#615 = DIRECTION('',(0.,1.,-0.));
#616 = DIRECTION('',(-1.,0.,0.));
#617 = PCURVE('',#98,#618);
#618 = DEFINITIONAL_REPRESENTATION('',(#619),#622);
#619 = B_SPLINE_CURVE_WITH_KNOTS('',1,(#620,#621),.UNSPECIFIED.,.F.,.F.,
  (2,2),(4.712388980385,6.28318530718),.PIECEWISE_BEZIER_KNOTS.);
#620 = CARTESIAN_POINT('',(-1.570796326795,40.));
#621 = CARTESIAN_POINT('',(0.,40.));
#622 = ( GEOMETRIC_REPRESENTATION_CONTEXT(2) 
PARAMETRIC_REPRESENTATION_CONTEXT() REPRESENTATION_CONTEXT('2D SPACE',''
  ) );
#623 = PCURVE('',#426,#624);
#624 = DEFINITIONAL_REPRESENTATION('',(#625),#628);
#625 = B_SPLINE_CURVE_WITH_KNOTS('',1,(#626,#627),.UNSPECIFIED.,.F.,.F.,
  (2,2),(4.712388980385,6.28318530718),.PIECEWISE_BEZIER_KNOTS.);
#626 = CARTESIAN_POINT('',(0.,-1.570796326795));
#627 = CARTESIAN_POINT('',(0.,0.));
#628 = ( GEOMETRIC_REPRESENTATION_CONTEXT(2) 
PARAMETRIC_REPRESENTATION_CONTEXT() REPRESENTATION_CONTEXT('2D SPACE',''
  ) );
#629 = ORIENTED_EDGE('',*,*,#82,.F.);
#630 = ADVANCED_FACE('',(#631),#211,.F.);
#631 = FACE_BOUND('',#632,.F.);
#632 = EDGE_LOOP('',(#633,#661,#662,#663,#691,#717,#750,#776,#804,#832)
  );
#633 = ORIENTED_EDGE('',*,*,#634,.F.);
#634 = EDGE_CURVE('',#167,#635,#637,.T.);
#635 = VERTEX_POINT('',#636);
#636 = CARTESIAN_POINT('',(230.,-310.,550.));
#637 = SURFACE_CURVE('',#638,(#642,#649),.PCURVE_S1.);
#638 = LINE('',#639,#640);
#639 = CARTESIAN_POINT('',(-250.,-310.,550.));
#640 = VECTOR('',#641,1.);
#641 = DIRECTION('',(1.,0.,0.));
#642 = PCURVE('',#211,#643);
#643 = DEFINITIONAL_REPRESENTATION('',(#644),#648);
#644 = LINE('',#645,#646);
#645 = CARTESIAN_POINT('',(20.,0.));
#646 = VECTOR('',#647,1.);
#647 = DIRECTION('',(0.,1.));
#648 = ( GEOMETRIC_REPRESENTATION_CONTEXT(2) 
PARAMETRIC_REPRESENTATION_CONTEXT() REPRESENTATION_CONTEXT('2D SPACE',''
  ) );
#649 = PCURVE('',#650,#655);
#650 = CYLINDRICAL_SURFACE('',#651,20.);
#651 = AXIS2_PLACEMENT_3D('',#652,#653,#654);
#652 = CARTESIAN_POINT('',(-250.,-290.,550.));
#653 = DIRECTION('',(1.,0.,0.));
#654 = DIRECTION('',(0.,-1.,0.));
#655 = DEFINITIONAL_REPRESENTATION('',(#656),#660);
#656 = LINE('',#657,#658);
#657 = CARTESIAN_POINT('',(0.,0.));
#658 = VECTOR('',#659,1.);
#659 = DIRECTION('',(0.,1.));
#660 = ( GEOMETRIC_REPRESENTATION_CONTEXT(2) 
PARAMETRIC_REPRESENTATION_CONTEXT() REPRESENTATION_CONTEXT('2D SPACE',''
  ) );
#661 = ORIENTED_EDGE('',*,*,#195,.T.);
#662 = ORIENTED_EDGE('',*,*,#278,.T.);
#663 = ORIENTED_EDGE('',*,*,#664,.T.);
#664 = EDGE_CURVE('',#249,#665,#667,.T.);
#665 = VERTEX_POINT('',#666);
#666 = CARTESIAN_POINT('',(75.,-310.,710.));
#667 = SURFACE_CURVE('',#668,(#673,#684),.PCURVE_S1.);
#668 = CIRCLE('',#669,10.);
#669 = AXIS2_PLACEMENT_3D('',#670,#671,#672);
#670 = CARTESIAN_POINT('',(65.,-310.,710.));
#671 = DIRECTION('',(-1.224646799147E-16,-1.,0.));
#672 = DIRECTION('',(1.,-1.224646799147E-16,-0.));
#673 = PCURVE('',#211,#674);
#674 = DEFINITIONAL_REPRESENTATION('',(#675),#683);
#675 = ( BOUNDED_CURVE() B_SPLINE_CURVE(2,(#676,#677,#678,#679,#680,#681
,#682),.UNSPECIFIED.,.T.,.F.) B_SPLINE_CURVE_WITH_KNOTS((1,2,2,2,2,1),(
    -2.094395102393,0.,2.094395102393,4.188790204786,6.28318530718,
8.377580409573),.UNSPECIFIED.) CURVE() GEOMETRIC_REPRESENTATION_ITEM() 
RATIONAL_B_SPLINE_CURVE((1.,0.5,1.,0.5,1.,0.5,1.)) REPRESENTATION_ITEM(
  '') );
#676 = CARTESIAN_POINT('',(180.,325.));
#677 = CARTESIAN_POINT('',(197.32050807568,325.));
#678 = CARTESIAN_POINT('',(188.66025403784,310.));
#679 = CARTESIAN_POINT('',(180.,295.));
#680 = CARTESIAN_POINT('',(171.33974596215,310.));
#681 = CARTESIAN_POINT('',(162.67949192431,325.));
#682 = CARTESIAN_POINT('',(180.,325.));
#683 = ( GEOMETRIC_REPRESENTATION_CONTEXT(2) 
PARAMETRIC_REPRESENTATION_CONTEXT() REPRESENTATION_CONTEXT('2D SPACE',''
  ) );
#684 = PCURVE('',#266,#685);
#685 = DEFINITIONAL_REPRESENTATION('',(#686),#690);
#686 = LINE('',#687,#688);
#687 = CARTESIAN_POINT('',(-6.28318530718,60.));
#688 = VECTOR('',#689,1.);
#689 = DIRECTION('',(1.,-0.));
#690 = ( GEOMETRIC_REPRESENTATION_CONTEXT(2) 
PARAMETRIC_REPRESENTATION_CONTEXT() REPRESENTATION_CONTEXT('2D SPACE',''
  ) );
#691 = ORIENTED_EDGE('',*,*,#692,.T.);
#692 = EDGE_CURVE('',#665,#693,#695,.T.);
#693 = VERTEX_POINT('',#694);
#694 = CARTESIAN_POINT('',(75.,-310.,750.));
#695 = SURFACE_CURVE('',#696,(#700,#706),.PCURVE_S1.);
#696 = LINE('',#697,#698);
#697 = CARTESIAN_POINT('',(75.,-310.,615.));
#698 = VECTOR('',#699,1.);
#699 = DIRECTION('',(0.,-0.,1.));
#700 = PCURVE('',#211,#701);
#701 = DEFINITIONAL_REPRESENTATION('',(#702),#705);
#702 = B_SPLINE_CURVE_WITH_KNOTS('',1,(#703,#704),.UNSPECIFIED.,.F.,.F.,
  (2,2),(95.,135.),.PIECEWISE_BEZIER_KNOTS.);
#703 = CARTESIAN_POINT('',(180.,325.));
#704 = CARTESIAN_POINT('',(220.,325.));
#705 = ( GEOMETRIC_REPRESENTATION_CONTEXT(2) 
PARAMETRIC_REPRESENTATION_CONTEXT() REPRESENTATION_CONTEXT('2D SPACE',''
  ) );
#706 = PCURVE('',#707,#712);
#707 = PLANE('',#708);
#708 = AXIS2_PLACEMENT_3D('',#709,#710,#711);
#709 = CARTESIAN_POINT('',(75.,-250.,700.));
#710 = DIRECTION('',(-1.,1.224646799147E-16,0.));
#711 = DIRECTION('',(0.,0.,1.));
#712 = DEFINITIONAL_REPRESENTATION('',(#713),#716);
#713 = B_SPLINE_CURVE_WITH_KNOTS('',1,(#714,#715),.UNSPECIFIED.,.F.,.F.,
  (2,2),(95.,135.),.PIECEWISE_BEZIER_KNOTS.);
#714 = CARTESIAN_POINT('',(10.,-60.));
#715 = CARTESIAN_POINT('',(50.,-60.));
#716 = ( GEOMETRIC_REPRESENTATION_CONTEXT(2) 
PARAMETRIC_REPRESENTATION_CONTEXT() REPRESENTATION_CONTEXT('2D SPACE',''
  ) );
#717 = ORIENTED_EDGE('',*,*,#718,.T.);
#718 = EDGE_CURVE('',#693,#719,#721,.T.);
#719 = VERTEX_POINT('',#720);
#720 = CARTESIAN_POINT('',(65.,-310.,760.));
#721 = SURFACE_CURVE('',#722,(#727,#738),.PCURVE_S1.);
#722 = CIRCLE('',#723,10.);
#723 = AXIS2_PLACEMENT_3D('',#724,#725,#726);
#724 = CARTESIAN_POINT('',(65.,-310.,750.));
#725 = DIRECTION('',(-1.224646799147E-16,-1.,0.));
#726 = DIRECTION('',(1.,-1.224646799147E-16,-0.));
#727 = PCURVE('',#211,#728);
#728 = DEFINITIONAL_REPRESENTATION('',(#729),#737);
#729 = ( BOUNDED_CURVE() B_SPLINE_CURVE(2,(#730,#731,#732,#733,#734,#735
,#736),.UNSPECIFIED.,.T.,.F.) B_SPLINE_CURVE_WITH_KNOTS((1,2,2,2,2,1),(
    -2.094395102393,0.,2.094395102393,4.188790204786,6.28318530718,
8.377580409573),.UNSPECIFIED.) CURVE() GEOMETRIC_REPRESENTATION_ITEM() 
RATIONAL_B_SPLINE_CURVE((1.,0.5,1.,0.5,1.,0.5,1.)) REPRESENTATION_ITEM(
  '') );
#730 = CARTESIAN_POINT('',(220.,325.));
#731 = CARTESIAN_POINT('',(237.32050807568,325.));
#732 = CARTESIAN_POINT('',(228.66025403784,310.));
#733 = CARTESIAN_POINT('',(220.,295.));
#734 = CARTESIAN_POINT('',(211.33974596215,310.));
#735 = CARTESIAN_POINT('',(202.67949192431,325.));
#736 = CARTESIAN_POINT('',(220.,325.));
#737 = ( GEOMETRIC_REPRESENTATION_CONTEXT(2) 
PARAMETRIC_REPRESENTATION_CONTEXT() REPRESENTATION_CONTEXT('2D SPACE',''
  ) );
#738 = PCURVE('',#739,#744);
#739 = CYLINDRICAL_SURFACE('',#740,10.);
#740 = AXIS2_PLACEMENT_3D('',#741,#742,#743);
#741 = CARTESIAN_POINT('',(65.,-250.,750.));
#742 = DIRECTION('',(-1.224646799147E-16,-1.,0.));
#743 = DIRECTION('',(1.,-1.224646799147E-16,-0.));
#744 = DEFINITIONAL_REPRESENTATION('',(#745),#749);
#745 = LINE('',#746,#747);
#746 = CARTESIAN_POINT('',(0.,60.));
#747 = VECTOR('',#748,1.);
#748 = DIRECTION('',(1.,0.));
#749 = ( GEOMETRIC_REPRESENTATION_CONTEXT(2) 
PARAMETRIC_REPRESENTATION_CONTEXT() REPRESENTATION_CONTEXT('2D SPACE',''
  ) );
#750 = ORIENTED_EDGE('',*,*,#751,.F.);
#751 = EDGE_CURVE('',#752,#719,#754,.T.);
#752 = VERTEX_POINT('',#753);
#753 = CARTESIAN_POINT('',(-230.,-310.,760.));
#754 = SURFACE_CURVE('',#755,(#759,#765),.PCURVE_S1.);
#755 = LINE('',#756,#757);
#756 = CARTESIAN_POINT('',(-87.5,-310.,760.));
#757 = VECTOR('',#758,1.);
#758 = DIRECTION('',(1.,0.,0.));
#759 = PCURVE('',#211,#760);
#760 = DEFINITIONAL_REPRESENTATION('',(#761),#764);
#761 = B_SPLINE_CURVE_WITH_KNOTS('',1,(#762,#763),.UNSPECIFIED.,.F.,.F.,
  (2,2),(-142.5,152.5),.PIECEWISE_BEZIER_KNOTS.);
#762 = CARTESIAN_POINT('',(230.,20.));
#763 = CARTESIAN_POINT('',(230.,315.));
#764 = ( GEOMETRIC_REPRESENTATION_CONTEXT(2) 
PARAMETRIC_REPRESENTATION_CONTEXT() REPRESENTATION_CONTEXT('2D SPACE',''
  ) );
#765 = PCURVE('',#766,#771);
#766 = PLANE('',#767);
#767 = AXIS2_PLACEMENT_3D('',#768,#769,#770);
#768 = CARTESIAN_POINT('',(75.,-250.,760.));
#769 = DIRECTION('',(0.,0.,1.));
#770 = DIRECTION('',(-1.,1.224646799147E-16,0.));
#771 = DEFINITIONAL_REPRESENTATION('',(#772),#775);
#772 = B_SPLINE_CURVE_WITH_KNOTS('',1,(#773,#774),.UNSPECIFIED.,.F.,.F.,
  (2,2),(-142.5,152.5),.PIECEWISE_BEZIER_KNOTS.);
#773 = CARTESIAN_POINT('',(305.,60.));
#774 = CARTESIAN_POINT('',(10.,60.));
#775 = ( GEOMETRIC_REPRESENTATION_CONTEXT(2) 
PARAMETRIC_REPRESENTATION_CONTEXT() REPRESENTATION_CONTEXT('2D SPACE',''
  ) );
#776 = ORIENTED_EDGE('',*,*,#777,.T.);
#777 = EDGE_CURVE('',#752,#778,#780,.T.);
#778 = VERTEX_POINT('',#779);
#779 = CARTESIAN_POINT('',(-230.,-310.,1.21E+03));
#780 = SURFACE_CURVE('',#781,(#785,#792),.PCURVE_S1.);
#781 = LINE('',#782,#783);
#782 = CARTESIAN_POINT('',(-230.,-310.,530.));
#783 = VECTOR('',#784,1.);
#784 = DIRECTION('',(0.,0.,1.));
#785 = PCURVE('',#211,#786);
#786 = DEFINITIONAL_REPRESENTATION('',(#787),#791);
#787 = LINE('',#788,#789);
#788 = CARTESIAN_POINT('',(0.,20.));
#789 = VECTOR('',#790,1.);
#790 = DIRECTION('',(1.,0.));
#791 = ( GEOMETRIC_REPRESENTATION_CONTEXT(2) 
PARAMETRIC_REPRESENTATION_CONTEXT() REPRESENTATION_CONTEXT('2D SPACE',''
  ) );
#792 = PCURVE('',#793,#798);
#793 = CYLINDRICAL_SURFACE('',#794,20.);
#794 = AXIS2_PLACEMENT_3D('',#795,#796,#797);
#795 = CARTESIAN_POINT('',(-230.,-290.,530.));
#796 = DIRECTION('',(0.,0.,1.));
#797 = DIRECTION('',(-1.,-0.,0.));
#798 = DEFINITIONAL_REPRESENTATION('',(#799),#803);
#799 = LINE('',#800,#801);
#800 = CARTESIAN_POINT('',(1.570796326795,0.));
#801 = VECTOR('',#802,1.);
#802 = DIRECTION('',(0.,1.));
#803 = ( GEOMETRIC_REPRESENTATION_CONTEXT(2) 
PARAMETRIC_REPRESENTATION_CONTEXT() REPRESENTATION_CONTEXT('2D SPACE',''
  ) );
#804 = ORIENTED_EDGE('',*,*,#805,.T.);
#805 = EDGE_CURVE('',#778,#806,#808,.T.);
#806 = VERTEX_POINT('',#807);
#807 = CARTESIAN_POINT('',(230.,-310.,1.21E+03));
#808 = SURFACE_CURVE('',#809,(#813,#820),.PCURVE_S1.);
#809 = LINE('',#810,#811);
#810 = CARTESIAN_POINT('',(-250.,-310.,1.21E+03));
#811 = VECTOR('',#812,1.);
#812 = DIRECTION('',(1.,0.,0.));
#813 = PCURVE('',#211,#814);
#814 = DEFINITIONAL_REPRESENTATION('',(#815),#819);
#815 = LINE('',#816,#817);
#816 = CARTESIAN_POINT('',(680.,0.));
#817 = VECTOR('',#818,1.);
#818 = DIRECTION('',(0.,1.));
#819 = ( GEOMETRIC_REPRESENTATION_CONTEXT(2) 
PARAMETRIC_REPRESENTATION_CONTEXT() REPRESENTATION_CONTEXT('2D SPACE',''
  ) );
#820 = PCURVE('',#821,#826);
#821 = CYLINDRICAL_SURFACE('',#822,20.);
#822 = AXIS2_PLACEMENT_3D('',#823,#824,#825);
#823 = CARTESIAN_POINT('',(-250.,-290.,1.21E+03));
#824 = DIRECTION('',(1.,0.,0.));
#825 = DIRECTION('',(0.,-1.,0.));
#826 = DEFINITIONAL_REPRESENTATION('',(#827),#831);
#827 = LINE('',#828,#829);
#828 = CARTESIAN_POINT('',(-0.,0.));
#829 = VECTOR('',#830,1.);
#830 = DIRECTION('',(-0.,1.));
#831 = ( GEOMETRIC_REPRESENTATION_CONTEXT(2) 
PARAMETRIC_REPRESENTATION_CONTEXT() REPRESENTATION_CONTEXT('2D SPACE',''
  ) );
#832 = ORIENTED_EDGE('',*,*,#833,.F.);
#833 = EDGE_CURVE('',#635,#806,#834,.T.);
#834 = SURFACE_CURVE('',#835,(#839,#846),.PCURVE_S1.);
#835 = LINE('',#836,#837);
#836 = CARTESIAN_POINT('',(230.,-310.,530.));
#837 = VECTOR('',#838,1.);
#838 = DIRECTION('',(0.,0.,1.));
#839 = PCURVE('',#211,#840);
#840 = DEFINITIONAL_REPRESENTATION('',(#841),#845);
#841 = LINE('',#842,#843);
#842 = CARTESIAN_POINT('',(0.,480.));
#843 = VECTOR('',#844,1.);
#844 = DIRECTION('',(1.,0.));
#845 = ( GEOMETRIC_REPRESENTATION_CONTEXT(2) 
PARAMETRIC_REPRESENTATION_CONTEXT() REPRESENTATION_CONTEXT('2D SPACE',''
  ) );
#846 = PCURVE('',#847,#852);
#847 = CYLINDRICAL_SURFACE('',#848,20.);
#848 = AXIS2_PLACEMENT_3D('',#849,#850,#851);
#849 = CARTESIAN_POINT('',(230.,-290.,530.));
#850 = DIRECTION('',(0.,0.,1.));
#851 = DIRECTION('',(1.,0.,-0.));
#852 = DEFINITIONAL_REPRESENTATION('',(#853),#857);
#853 = LINE('',#854,#855);
#854 = CARTESIAN_POINT('',(-1.570796326795,0.));
#855 = VECTOR('',#856,1.);
#856 = DIRECTION('',(-0.,1.));
#857 = ( GEOMETRIC_REPRESENTATION_CONTEXT(2) 
PARAMETRIC_REPRESENTATION_CONTEXT() REPRESENTATION_CONTEXT('2D SPACE',''
  ) );
#858 = ADVANCED_FACE('',(#859),#183,.T.);
#859 = FACE_BOUND('',#860,.T.);
#860 = EDGE_LOOP('',(#861,#862,#882));
#861 = ORIENTED_EDGE('',*,*,#560,.F.);
#862 = ORIENTED_EDGE('',*,*,#863,.T.);
#863 = EDGE_CURVE('',#561,#167,#864,.T.);
#864 = SURFACE_CURVE('',#865,(#870,#876),.PCURVE_S1.);
#865 = CIRCLE('',#866,20.);
#866 = AXIS2_PLACEMENT_3D('',#867,#868,#869);
#867 = CARTESIAN_POINT('',(-230.,-290.,550.));
#868 = DIRECTION('',(-1.,6.123233995737E-17,0.));
#869 = DIRECTION('',(-6.123233995737E-17,-1.,0.));
#870 = PCURVE('',#183,#871);
#871 = DEFINITIONAL_REPRESENTATION('',(#872),#875);
#872 = B_SPLINE_CURVE_WITH_KNOTS('',1,(#873,#874),.UNSPECIFIED.,.F.,.F.,
  (2,2),(4.712388980385,6.28318530718),.PIECEWISE_BEZIER_KNOTS.);
#873 = CARTESIAN_POINT('',(1.570796326795,-1.570796326795));
#874 = CARTESIAN_POINT('',(1.570796326795,0.));
#875 = ( GEOMETRIC_REPRESENTATION_CONTEXT(2) 
PARAMETRIC_REPRESENTATION_CONTEXT() REPRESENTATION_CONTEXT('2D SPACE',''
  ) );
#876 = PCURVE('',#650,#877);
#877 = DEFINITIONAL_REPRESENTATION('',(#878),#881);
#878 = B_SPLINE_CURVE_WITH_KNOTS('',1,(#879,#880),.UNSPECIFIED.,.F.,.F.,
  (2,2),(4.712388980385,6.28318530718),.PIECEWISE_BEZIER_KNOTS.);
#879 = CARTESIAN_POINT('',(1.570796326795,20.));
#880 = CARTESIAN_POINT('',(0.,20.));
#881 = ( GEOMETRIC_REPRESENTATION_CONTEXT(2) 
PARAMETRIC_REPRESENTATION_CONTEXT() REPRESENTATION_CONTEXT('2D SPACE',''
  ) );
#882 = ORIENTED_EDGE('',*,*,#166,.F.);
#883 = ADVANCED_FACE('',(#884),#266,.T.);
#884 = FACE_BOUND('',#885,.F.);
#885 = EDGE_LOOP('',(#886,#887,#888,#915));
#886 = ORIENTED_EDGE('',*,*,#664,.F.);
#887 = ORIENTED_EDGE('',*,*,#248,.T.);
#888 = ORIENTED_EDGE('',*,*,#889,.T.);
#889 = EDGE_CURVE('',#251,#890,#892,.T.);
#890 = VERTEX_POINT('',#891);
#891 = CARTESIAN_POINT('',(75.,-320.,710.));
#892 = SURFACE_CURVE('',#893,(#898,#904),.PCURVE_S1.);
#893 = CIRCLE('',#894,10.);
#894 = AXIS2_PLACEMENT_3D('',#895,#896,#897);
#895 = CARTESIAN_POINT('',(65.,-320.,710.));
#896 = DIRECTION('',(0.,-1.,0.));
#897 = DIRECTION('',(1.,0.,0.));
#898 = PCURVE('',#266,#899);
#899 = DEFINITIONAL_REPRESENTATION('',(#900),#903);
#900 = B_SPLINE_CURVE_WITH_KNOTS('',1,(#901,#902),.UNSPECIFIED.,.F.,.F.,
  (2,2),(4.712388980385,6.28318530718),.PIECEWISE_BEZIER_KNOTS.);
#901 = CARTESIAN_POINT('',(-1.570796326795,70.));
#902 = CARTESIAN_POINT('',(0.,70.));
#903 = ( GEOMETRIC_REPRESENTATION_CONTEXT(2) 
PARAMETRIC_REPRESENTATION_CONTEXT() REPRESENTATION_CONTEXT('2D SPACE',''
  ) );
#904 = PCURVE('',#905,#910);
#905 = SPHERICAL_SURFACE('',#906,10.);
#906 = AXIS2_PLACEMENT_3D('',#907,#908,#909);
#907 = CARTESIAN_POINT('',(65.,-320.,710.));
#908 = DIRECTION('',(0.,0.,1.));
#909 = DIRECTION('',(1.,0.,-0.));
#910 = DEFINITIONAL_REPRESENTATION('',(#911),#914);
#911 = B_SPLINE_CURVE_WITH_KNOTS('',1,(#912,#913),.UNSPECIFIED.,.F.,.F.,
  (2,2),(4.712388980385,6.28318530718),.PIECEWISE_BEZIER_KNOTS.);
#912 = CARTESIAN_POINT('',(0.,-1.570796326795));
#913 = CARTESIAN_POINT('',(0.,0.));
#914 = ( GEOMETRIC_REPRESENTATION_CONTEXT(2) 
PARAMETRIC_REPRESENTATION_CONTEXT() REPRESENTATION_CONTEXT('2D SPACE',''
  ) );
#915 = ORIENTED_EDGE('',*,*,#916,.F.);
#916 = EDGE_CURVE('',#665,#890,#917,.T.);
#917 = SURFACE_CURVE('',#918,(#922,#929),.PCURVE_S1.);
#918 = LINE('',#919,#920);
#919 = CARTESIAN_POINT('',(75.,-250.,710.));
#920 = VECTOR('',#921,1.);
#921 = DIRECTION('',(-1.224646799147E-16,-1.,0.));
#922 = PCURVE('',#266,#923);
#923 = DEFINITIONAL_REPRESENTATION('',(#924),#928);
#924 = LINE('',#925,#926);
#925 = CARTESIAN_POINT('',(-0.,0.));
#926 = VECTOR('',#927,1.);
#927 = DIRECTION('',(-0.,1.));
#928 = ( GEOMETRIC_REPRESENTATION_CONTEXT(2) 
PARAMETRIC_REPRESENTATION_CONTEXT() REPRESENTATION_CONTEXT('2D SPACE',''
  ) );
#929 = PCURVE('',#707,#930);
#930 = DEFINITIONAL_REPRESENTATION('',(#931),#935);
#931 = LINE('',#932,#933);
#932 = CARTESIAN_POINT('',(10.,0.));
#933 = VECTOR('',#934,1.);
#934 = DIRECTION('',(0.,-1.));
#935 = ( GEOMETRIC_REPRESENTATION_CONTEXT(2) 
PARAMETRIC_REPRESENTATION_CONTEXT() REPRESENTATION_CONTEXT('2D SPACE',''
  ) );
#936 = ADVANCED_FACE('',(#937),#393,.T.);
#937 = FACE_BOUND('',#938,.F.);
#938 = EDGE_LOOP('',(#939,#961,#962,#989));
#939 = ORIENTED_EDGE('',*,*,#940,.F.);
#940 = EDGE_CURVE('',#251,#941,#943,.T.);
#941 = VERTEX_POINT('',#942);
#942 = CARTESIAN_POINT('',(65.,-330.,710.));
#943 = SURFACE_CURVE('',#944,(#949,#955),.PCURVE_S1.);
#944 = CIRCLE('',#945,10.);
#945 = AXIS2_PLACEMENT_3D('',#946,#947,#948);
#946 = CARTESIAN_POINT('',(65.,-320.,710.));
#947 = DIRECTION('',(-1.,-6.123233995737E-17,0.));
#948 = DIRECTION('',(6.123233995737E-17,-1.,-0.));
#949 = PCURVE('',#393,#950);
#950 = DEFINITIONAL_REPRESENTATION('',(#951),#954);
#951 = B_SPLINE_CURVE_WITH_KNOTS('',1,(#952,#953),.UNSPECIFIED.,.F.,.F.,
  (2,2),(4.712388980385,6.28318530718),.PIECEWISE_BEZIER_KNOTS.);
#952 = CARTESIAN_POINT('',(-1.570796326795,10.));
#953 = CARTESIAN_POINT('',(0.,10.));
#954 = ( GEOMETRIC_REPRESENTATION_CONTEXT(2) 
PARAMETRIC_REPRESENTATION_CONTEXT() REPRESENTATION_CONTEXT('2D SPACE',''
  ) );
#955 = PCURVE('',#905,#956);
#956 = DEFINITIONAL_REPRESENTATION('',(#957),#960);
#957 = B_SPLINE_CURVE_WITH_KNOTS('',1,(#958,#959),.UNSPECIFIED.,.F.,.F.,
  (2,2),(4.712388980385,6.28318530718),.PIECEWISE_BEZIER_KNOTS.);
#958 = CARTESIAN_POINT('',(-1.570796326795,-1.570796326795));
#959 = CARTESIAN_POINT('',(-1.570796326795,0.));
#960 = ( GEOMETRIC_REPRESENTATION_CONTEXT(2) 
PARAMETRIC_REPRESENTATION_CONTEXT() REPRESENTATION_CONTEXT('2D SPACE',''
  ) );
#961 = ORIENTED_EDGE('',*,*,#379,.T.);
#962 = ORIENTED_EDGE('',*,*,#963,.T.);
#963 = EDGE_CURVE('',#352,#964,#966,.T.);
#964 = VERTEX_POINT('',#965);
#965 = CARTESIAN_POINT('',(-265.,-330.,710.));
#966 = SURFACE_CURVE('',#967,(#972,#978),.PCURVE_S1.);
#967 = CIRCLE('',#968,10.);
#968 = AXIS2_PLACEMENT_3D('',#969,#970,#971);
#969 = CARTESIAN_POINT('',(-265.,-320.,710.));
#970 = DIRECTION('',(-1.,6.123233995737E-17,0.));
#971 = DIRECTION('',(-6.123233995737E-17,-1.,0.));
#972 = PCURVE('',#393,#973);
#973 = DEFINITIONAL_REPRESENTATION('',(#974),#977);
#974 = B_SPLINE_CURVE_WITH_KNOTS('',1,(#975,#976),.UNSPECIFIED.,.F.,.F.,
  (2,2),(4.712388980385,6.28318530718),.PIECEWISE_BEZIER_KNOTS.);
#975 = CARTESIAN_POINT('',(-1.570796326795,340.));
#976 = CARTESIAN_POINT('',(0.,340.));
#977 = ( GEOMETRIC_REPRESENTATION_CONTEXT(2) 
PARAMETRIC_REPRESENTATION_CONTEXT() REPRESENTATION_CONTEXT('2D SPACE',''
  ) );
#978 = PCURVE('',#979,#984);
#979 = SPHERICAL_SURFACE('',#980,10.);
#980 = AXIS2_PLACEMENT_3D('',#981,#982,#983);
#981 = CARTESIAN_POINT('',(-265.,-320.,710.));
#982 = DIRECTION('',(0.,0.,1.));
#983 = DIRECTION('',(-1.,0.,0.));
#984 = DEFINITIONAL_REPRESENTATION('',(#985),#988);
#985 = B_SPLINE_CURVE_WITH_KNOTS('',1,(#986,#987),.UNSPECIFIED.,.F.,.F.,
  (2,2),(4.712388980385,6.28318530718),.PIECEWISE_BEZIER_KNOTS.);
#986 = CARTESIAN_POINT('',(1.570796326795,-1.570796326795));
#987 = CARTESIAN_POINT('',(1.570796326795,0.));
#988 = ( GEOMETRIC_REPRESENTATION_CONTEXT(2) 
PARAMETRIC_REPRESENTATION_CONTEXT() REPRESENTATION_CONTEXT('2D SPACE',''
  ) );
#989 = ORIENTED_EDGE('',*,*,#990,.F.);
#990 = EDGE_CURVE('',#941,#964,#991,.T.);
#991 = SURFACE_CURVE('',#992,(#996,#1003),.PCURVE_S1.);
#992 = LINE('',#993,#994);
#993 = CARTESIAN_POINT('',(75.,-330.,710.));
#994 = VECTOR('',#995,1.);
#995 = DIRECTION('',(-1.,1.224646799147E-16,0.));
#996 = PCURVE('',#393,#997);
#997 = DEFINITIONAL_REPRESENTATION('',(#998),#1002);
#998 = LINE('',#999,#1000);
#999 = CARTESIAN_POINT('',(-0.,0.));
#1000 = VECTOR('',#1001,1.);
#1001 = DIRECTION('',(-0.,1.));
#1002 = ( GEOMETRIC_REPRESENTATION_CONTEXT(2) 
PARAMETRIC_REPRESENTATION_CONTEXT() REPRESENTATION_CONTEXT('2D SPACE',''
  ) );
#1003 = PCURVE('',#1004,#1009);
#1004 = PLANE('',#1005);
#1005 = AXIS2_PLACEMENT_3D('',#1006,#1007,#1008);
#1006 = CARTESIAN_POINT('',(75.,-330.,700.));
#1007 = DIRECTION('',(-1.224646799147E-16,-1.,0.));
#1008 = DIRECTION('',(0.,0.,1.));
#1009 = DEFINITIONAL_REPRESENTATION('',(#1010),#1014);
#1010 = LINE('',#1011,#1012);
#1011 = CARTESIAN_POINT('',(10.,0.));
#1012 = VECTOR('',#1013,1.);
#1013 = DIRECTION('',(0.,1.));
#1014 = ( GEOMETRIC_REPRESENTATION_CONTEXT(2) 
PARAMETRIC_REPRESENTATION_CONTEXT() REPRESENTATION_CONTEXT('2D SPACE',''
  ) );
#1015 = ADVANCED_FACE('',(#1016),#367,.T.);
#1016 = FACE_BOUND('',#1017,.T.);
#1017 = EDGE_LOOP('',(#1018,#1045,#1046,#1068));
#1018 = ORIENTED_EDGE('',*,*,#1019,.F.);
#1019 = EDGE_CURVE('',#324,#1020,#1022,.T.);
#1020 = VERTEX_POINT('',#1021);
#1021 = CARTESIAN_POINT('',(-275.,-260.,710.));
#1022 = SURFACE_CURVE('',#1023,(#1028,#1034),.PCURVE_S1.);
#1023 = CIRCLE('',#1024,10.);
#1024 = AXIS2_PLACEMENT_3D('',#1025,#1026,#1027);
#1025 = CARTESIAN_POINT('',(-265.,-260.,710.));
#1026 = DIRECTION('',(0.,1.,-0.));
#1027 = DIRECTION('',(-1.,0.,0.));
#1028 = PCURVE('',#367,#1029);
#1029 = DEFINITIONAL_REPRESENTATION('',(#1030),#1033);
#1030 = B_SPLINE_CURVE_WITH_KNOTS('',1,(#1031,#1032),.UNSPECIFIED.,.F.,
  .F.,(2,2),(4.712388980385,6.28318530718),.PIECEWISE_BEZIER_KNOTS.);
#1031 = CARTESIAN_POINT('',(1.570796326795,10.));
#1032 = CARTESIAN_POINT('',(0.,10.));
#1033 = ( GEOMETRIC_REPRESENTATION_CONTEXT(2) 
PARAMETRIC_REPRESENTATION_CONTEXT() REPRESENTATION_CONTEXT('2D SPACE',''
  ) );
#1034 = PCURVE('',#1035,#1040);
#1035 = SPHERICAL_SURFACE('',#1036,10.);
#1036 = AXIS2_PLACEMENT_3D('',#1037,#1038,#1039);
#1037 = CARTESIAN_POINT('',(-265.,-260.,710.));
#1038 = DIRECTION('',(0.,0.,1.));
#1039 = DIRECTION('',(-1.,0.,0.));
#1040 = DEFINITIONAL_REPRESENTATION('',(#1041),#1044);
#1041 = B_SPLINE_CURVE_WITH_KNOTS('',1,(#1042,#1043),.UNSPECIFIED.,.F.,
  .F.,(2,2),(4.712388980385,6.28318530718),.PIECEWISE_BEZIER_KNOTS.);
#1042 = CARTESIAN_POINT('',(0.,-1.570796326795));
#1043 = CARTESIAN_POINT('',(0.,0.));
#1044 = ( GEOMETRIC_REPRESENTATION_CONTEXT(2) 
PARAMETRIC_REPRESENTATION_CONTEXT() REPRESENTATION_CONTEXT('2D SPACE',''
  ) );
#1045 = ORIENTED_EDGE('',*,*,#351,.T.);
#1046 = ORIENTED_EDGE('',*,*,#1047,.T.);
#1047 = EDGE_CURVE('',#352,#1048,#1050,.T.);
#1048 = VERTEX_POINT('',#1049);
#1049 = CARTESIAN_POINT('',(-275.,-320.,710.));
#1050 = SURFACE_CURVE('',#1051,(#1056,#1062),.PCURVE_S1.);
#1051 = CIRCLE('',#1052,10.);
#1052 = AXIS2_PLACEMENT_3D('',#1053,#1054,#1055);
#1053 = CARTESIAN_POINT('',(-265.,-320.,710.));
#1054 = DIRECTION('',(0.,1.,-0.));
#1055 = DIRECTION('',(-1.,0.,0.));
#1056 = PCURVE('',#367,#1057);
#1057 = DEFINITIONAL_REPRESENTATION('',(#1058),#1061);
#1058 = B_SPLINE_CURVE_WITH_KNOTS('',1,(#1059,#1060),.UNSPECIFIED.,.F.,
  .F.,(2,2),(4.712388980385,6.28318530718),.PIECEWISE_BEZIER_KNOTS.);
#1059 = CARTESIAN_POINT('',(1.570796326795,70.));
#1060 = CARTESIAN_POINT('',(0.,70.));
#1061 = ( GEOMETRIC_REPRESENTATION_CONTEXT(2) 
PARAMETRIC_REPRESENTATION_CONTEXT() REPRESENTATION_CONTEXT('2D SPACE',''
  ) );
#1062 = PCURVE('',#979,#1063);
#1063 = DEFINITIONAL_REPRESENTATION('',(#1064),#1067);
#1064 = B_SPLINE_CURVE_WITH_KNOTS('',1,(#1065,#1066),.UNSPECIFIED.,.F.,
  .F.,(2,2),(4.712388980385,6.28318530718),.PIECEWISE_BEZIER_KNOTS.);
#1065 = CARTESIAN_POINT('',(0.,-1.570796326795));
#1066 = CARTESIAN_POINT('',(0.,0.));
#1067 = ( GEOMETRIC_REPRESENTATION_CONTEXT(2) 
PARAMETRIC_REPRESENTATION_CONTEXT() REPRESENTATION_CONTEXT('2D SPACE',''
  ) );
#1068 = ORIENTED_EDGE('',*,*,#1069,.F.);
#1069 = EDGE_CURVE('',#1020,#1048,#1070,.T.);
#1070 = SURFACE_CURVE('',#1071,(#1075,#1082),.PCURVE_S1.);
#1071 = LINE('',#1072,#1073);
#1072 = CARTESIAN_POINT('',(-275.,-250.,710.));
#1073 = VECTOR('',#1074,1.);
#1074 = DIRECTION('',(-1.224646799147E-16,-1.,0.));
#1075 = PCURVE('',#367,#1076);
#1076 = DEFINITIONAL_REPRESENTATION('',(#1077),#1081);
#1077 = LINE('',#1078,#1079);
#1078 = CARTESIAN_POINT('',(0.,0.));
#1079 = VECTOR('',#1080,1.);
#1080 = DIRECTION('',(0.,1.));
#1081 = ( GEOMETRIC_REPRESENTATION_CONTEXT(2) 
PARAMETRIC_REPRESENTATION_CONTEXT() REPRESENTATION_CONTEXT('2D SPACE',''
  ) );
#1082 = PCURVE('',#1083,#1088);
#1083 = PLANE('',#1084);
#1084 = AXIS2_PLACEMENT_3D('',#1085,#1086,#1087);
#1085 = CARTESIAN_POINT('',(-275.,-250.,700.));
#1086 = DIRECTION('',(-1.,1.224646799147E-16,0.));
#1087 = DIRECTION('',(0.,0.,1.));
#1088 = DEFINITIONAL_REPRESENTATION('',(#1089),#1093);
#1089 = LINE('',#1090,#1091);
#1090 = CARTESIAN_POINT('',(10.,0.));
#1091 = VECTOR('',#1092,1.);
#1092 = DIRECTION('',(0.,-1.));
#1093 = ( GEOMETRIC_REPRESENTATION_CONTEXT(2) 
PARAMETRIC_REPRESENTATION_CONTEXT() REPRESENTATION_CONTEXT('2D SPACE',''
  ) );
#1094 = ADVANCED_FACE('',(#1095),#339,.T.);
#1095 = FACE_BOUND('',#1096,.T.);
#1096 = EDGE_LOOP('',(#1097,#1098,#1099,#1121));
#1097 = ORIENTED_EDGE('',*,*,#466,.F.);
#1098 = ORIENTED_EDGE('',*,*,#323,.T.);
#1099 = ORIENTED_EDGE('',*,*,#1100,.T.);
#1100 = EDGE_CURVE('',#324,#1101,#1103,.T.);
#1101 = VERTEX_POINT('',#1102);
#1102 = CARTESIAN_POINT('',(-265.,-250.,710.));
#1103 = SURFACE_CURVE('',#1104,(#1109,#1115),.PCURVE_S1.);
#1104 = CIRCLE('',#1105,10.);
#1105 = AXIS2_PLACEMENT_3D('',#1106,#1107,#1108);
#1106 = CARTESIAN_POINT('',(-265.,-260.,710.));
#1107 = DIRECTION('',(1.,6.123233995737E-17,-0.));
#1108 = DIRECTION('',(-6.123233995737E-17,1.,0.));
#1109 = PCURVE('',#339,#1110);
#1110 = DEFINITIONAL_REPRESENTATION('',(#1111),#1114);
#1111 = B_SPLINE_CURVE_WITH_KNOTS('',1,(#1112,#1113),.UNSPECIFIED.,.F.,
  .F.,(2,2),(4.712388980385,6.28318530718),.PIECEWISE_BEZIER_KNOTS.);
#1112 = CARTESIAN_POINT('',(1.570796326795,340.));
#1113 = CARTESIAN_POINT('',(0.,340.));
#1114 = ( GEOMETRIC_REPRESENTATION_CONTEXT(2) 
PARAMETRIC_REPRESENTATION_CONTEXT() REPRESENTATION_CONTEXT('2D SPACE',''
  ) );
#1115 = PCURVE('',#1035,#1116);
#1116 = DEFINITIONAL_REPRESENTATION('',(#1117),#1120);
#1117 = B_SPLINE_CURVE_WITH_KNOTS('',1,(#1118,#1119),.UNSPECIFIED.,.F.,
  .F.,(2,2),(4.712388980385,6.28318530718),.PIECEWISE_BEZIER_KNOTS.);
#1118 = CARTESIAN_POINT('',(-1.570796326795,-1.570796326795));
#1119 = CARTESIAN_POINT('',(-1.570796326795,0.));
#1120 = ( GEOMETRIC_REPRESENTATION_CONTEXT(2) 
PARAMETRIC_REPRESENTATION_CONTEXT() REPRESENTATION_CONTEXT('2D SPACE',''
  ) );
#1121 = ORIENTED_EDGE('',*,*,#1122,.F.);
#1122 = EDGE_CURVE('',#439,#1101,#1123,.T.);
#1123 = SURFACE_CURVE('',#1124,(#1128,#1135),.PCURVE_S1.);
#1124 = LINE('',#1125,#1126);
#1125 = CARTESIAN_POINT('',(75.,-250.,710.));
#1126 = VECTOR('',#1127,1.);
#1127 = DIRECTION('',(-1.,1.224646799147E-16,0.));
#1128 = PCURVE('',#339,#1129);
#1129 = DEFINITIONAL_REPRESENTATION('',(#1130),#1134);
#1130 = LINE('',#1131,#1132);
#1131 = CARTESIAN_POINT('',(0.,0.));
#1132 = VECTOR('',#1133,1.);
#1133 = DIRECTION('',(0.,1.));
#1134 = ( GEOMETRIC_REPRESENTATION_CONTEXT(2) 
PARAMETRIC_REPRESENTATION_CONTEXT() REPRESENTATION_CONTEXT('2D SPACE',''
  ) );
#1135 = PCURVE('',#454,#1136);
#1136 = DEFINITIONAL_REPRESENTATION('',(#1137),#1141);
#1137 = LINE('',#1138,#1139);
#1138 = CARTESIAN_POINT('',(180.,325.));
#1139 = VECTOR('',#1140,1.);
#1140 = DIRECTION('',(0.,-1.));
#1141 = ( GEOMETRIC_REPRESENTATION_CONTEXT(2) 
PARAMETRIC_REPRESENTATION_CONTEXT() REPRESENTATION_CONTEXT('2D SPACE',''
  ) );
#1142 = ADVANCED_FACE('',(#1143),#454,.T.);
#1143 = FACE_BOUND('',#1144,.T.);
#1144 = EDGE_LOOP('',(#1145,#1173,#1174,#1175,#1203,#1231,#1259,#1287));
#1145 = ORIENTED_EDGE('',*,*,#1146,.F.);
#1146 = EDGE_CURVE('',#410,#1147,#1149,.T.);
#1147 = VERTEX_POINT('',#1148);
#1148 = CARTESIAN_POINT('',(230.,-250.,550.));
#1149 = SURFACE_CURVE('',#1150,(#1154,#1161),.PCURVE_S1.);
#1150 = LINE('',#1151,#1152);
#1151 = CARTESIAN_POINT('',(-250.,-250.,550.));
#1152 = VECTOR('',#1153,1.);
#1153 = DIRECTION('',(1.,0.,0.));
#1154 = PCURVE('',#454,#1155);
#1155 = DEFINITIONAL_REPRESENTATION('',(#1156),#1160);
#1156 = LINE('',#1157,#1158);
#1157 = CARTESIAN_POINT('',(20.,0.));
#1158 = VECTOR('',#1159,1.);
#1159 = DIRECTION('',(0.,1.));
#1160 = ( GEOMETRIC_REPRESENTATION_CONTEXT(2) 
PARAMETRIC_REPRESENTATION_CONTEXT() REPRESENTATION_CONTEXT('2D SPACE',''
  ) );
#1161 = PCURVE('',#1162,#1167);
#1162 = CYLINDRICAL_SURFACE('',#1163,20.);
#1163 = AXIS2_PLACEMENT_3D('',#1164,#1165,#1166);
#1164 = CARTESIAN_POINT('',(-250.,-270.,550.));
#1165 = DIRECTION('',(1.,0.,0.));
#1166 = DIRECTION('',(-0.,1.,0.));
#1167 = DEFINITIONAL_REPRESENTATION('',(#1168),#1172);
#1168 = LINE('',#1169,#1170);
#1169 = CARTESIAN_POINT('',(-0.,0.));
#1170 = VECTOR('',#1171,1.);
#1171 = DIRECTION('',(-0.,1.));
#1172 = ( GEOMETRIC_REPRESENTATION_CONTEXT(2) 
PARAMETRIC_REPRESENTATION_CONTEXT() REPRESENTATION_CONTEXT('2D SPACE',''
  ) );
#1173 = ORIENTED_EDGE('',*,*,#438,.T.);
#1174 = ORIENTED_EDGE('',*,*,#1122,.T.);
#1175 = ORIENTED_EDGE('',*,*,#1176,.T.);
#1176 = EDGE_CURVE('',#1101,#1177,#1179,.T.);
#1177 = VERTEX_POINT('',#1178);
#1178 = CARTESIAN_POINT('',(-265.,-250.,750.));
#1179 = SURFACE_CURVE('',#1180,(#1184,#1191),.PCURVE_S1.);
#1180 = LINE('',#1181,#1182);
#1181 = CARTESIAN_POINT('',(-265.,-250.,700.));
#1182 = VECTOR('',#1183,1.);
#1183 = DIRECTION('',(0.,0.,1.));
#1184 = PCURVE('',#454,#1185);
#1185 = DEFINITIONAL_REPRESENTATION('',(#1186),#1190);
#1186 = LINE('',#1187,#1188);
#1187 = CARTESIAN_POINT('',(170.,-15.));
#1188 = VECTOR('',#1189,1.);
#1189 = DIRECTION('',(1.,0.));
#1190 = ( GEOMETRIC_REPRESENTATION_CONTEXT(2) 
PARAMETRIC_REPRESENTATION_CONTEXT() REPRESENTATION_CONTEXT('2D SPACE',''
  ) );
#1191 = PCURVE('',#1192,#1197);
#1192 = CYLINDRICAL_SURFACE('',#1193,10.);
#1193 = AXIS2_PLACEMENT_3D('',#1194,#1195,#1196);
#1194 = CARTESIAN_POINT('',(-265.,-260.,700.));
#1195 = DIRECTION('',(0.,0.,1.));
#1196 = DIRECTION('',(-1.,1.224646799147E-16,0.));
#1197 = DEFINITIONAL_REPRESENTATION('',(#1198),#1202);
#1198 = LINE('',#1199,#1200);
#1199 = CARTESIAN_POINT('',(-1.570796326795,0.));
#1200 = VECTOR('',#1201,1.);
#1201 = DIRECTION('',(-0.,1.));
#1202 = ( GEOMETRIC_REPRESENTATION_CONTEXT(2) 
PARAMETRIC_REPRESENTATION_CONTEXT() REPRESENTATION_CONTEXT('2D SPACE',''
  ) );
#1203 = ORIENTED_EDGE('',*,*,#1204,.F.);
#1204 = EDGE_CURVE('',#1205,#1177,#1207,.T.);
#1205 = VERTEX_POINT('',#1206);
#1206 = CARTESIAN_POINT('',(-230.,-250.,750.));
#1207 = SURFACE_CURVE('',#1208,(#1212,#1219),.PCURVE_S1.);
#1208 = LINE('',#1209,#1210);
#1209 = CARTESIAN_POINT('',(75.,-250.,750.));
#1210 = VECTOR('',#1211,1.);
#1211 = DIRECTION('',(-1.,1.224646799147E-16,0.));
#1212 = PCURVE('',#454,#1213);
#1213 = DEFINITIONAL_REPRESENTATION('',(#1214),#1218);
#1214 = LINE('',#1215,#1216);
#1215 = CARTESIAN_POINT('',(220.,325.));
#1216 = VECTOR('',#1217,1.);
#1217 = DIRECTION('',(0.,-1.));
#1218 = ( GEOMETRIC_REPRESENTATION_CONTEXT(2) 
PARAMETRIC_REPRESENTATION_CONTEXT() REPRESENTATION_CONTEXT('2D SPACE',''
  ) );
#1219 = PCURVE('',#1220,#1225);
#1220 = CYLINDRICAL_SURFACE('',#1221,10.);
#1221 = AXIS2_PLACEMENT_3D('',#1222,#1223,#1224);
#1222 = CARTESIAN_POINT('',(75.,-260.,750.));
#1223 = DIRECTION('',(-1.,1.224646799147E-16,0.));
#1224 = DIRECTION('',(1.224646799147E-16,1.,-0.));
#1225 = DEFINITIONAL_REPRESENTATION('',(#1226),#1230);
#1226 = LINE('',#1227,#1228);
#1227 = CARTESIAN_POINT('',(-0.,0.));
#1228 = VECTOR('',#1229,1.);
#1229 = DIRECTION('',(-0.,1.));
#1230 = ( GEOMETRIC_REPRESENTATION_CONTEXT(2) 
PARAMETRIC_REPRESENTATION_CONTEXT() REPRESENTATION_CONTEXT('2D SPACE',''
  ) );
#1231 = ORIENTED_EDGE('',*,*,#1232,.T.);
#1232 = EDGE_CURVE('',#1205,#1233,#1235,.T.);
#1233 = VERTEX_POINT('',#1234);
#1234 = CARTESIAN_POINT('',(-230.,-250.,1.21E+03));
#1235 = SURFACE_CURVE('',#1236,(#1240,#1247),.PCURVE_S1.);
#1236 = LINE('',#1237,#1238);
#1237 = CARTESIAN_POINT('',(-230.,-250.,530.));
#1238 = VECTOR('',#1239,1.);
#1239 = DIRECTION('',(0.,0.,1.));
#1240 = PCURVE('',#454,#1241);
#1241 = DEFINITIONAL_REPRESENTATION('',(#1242),#1246);
#1242 = LINE('',#1243,#1244);
#1243 = CARTESIAN_POINT('',(0.,20.));
#1244 = VECTOR('',#1245,1.);
#1245 = DIRECTION('',(1.,0.));
#1246 = ( GEOMETRIC_REPRESENTATION_CONTEXT(2) 
PARAMETRIC_REPRESENTATION_CONTEXT() REPRESENTATION_CONTEXT('2D SPACE',''
  ) );
#1247 = PCURVE('',#1248,#1253);
#1248 = CYLINDRICAL_SURFACE('',#1249,20.);
#1249 = AXIS2_PLACEMENT_3D('',#1250,#1251,#1252);
#1250 = CARTESIAN_POINT('',(-230.,-270.,530.));
#1251 = DIRECTION('',(0.,0.,1.));
#1252 = DIRECTION('',(-1.,-0.,0.));
#1253 = DEFINITIONAL_REPRESENTATION('',(#1254),#1258);
#1254 = LINE('',#1255,#1256);
#1255 = CARTESIAN_POINT('',(-1.570796326795,0.));
#1256 = VECTOR('',#1257,1.);
#1257 = DIRECTION('',(-0.,1.));
#1258 = ( GEOMETRIC_REPRESENTATION_CONTEXT(2) 
PARAMETRIC_REPRESENTATION_CONTEXT() REPRESENTATION_CONTEXT('2D SPACE',''
  ) );
#1259 = ORIENTED_EDGE('',*,*,#1260,.T.);
#1260 = EDGE_CURVE('',#1233,#1261,#1263,.T.);
#1261 = VERTEX_POINT('',#1262);
#1262 = CARTESIAN_POINT('',(230.,-250.,1.21E+03));
#1263 = SURFACE_CURVE('',#1264,(#1268,#1275),.PCURVE_S1.);
#1264 = LINE('',#1265,#1266);
#1265 = CARTESIAN_POINT('',(-250.,-250.,1.21E+03));
#1266 = VECTOR('',#1267,1.);
#1267 = DIRECTION('',(1.,0.,0.));
#1268 = PCURVE('',#454,#1269);
#1269 = DEFINITIONAL_REPRESENTATION('',(#1270),#1274);
#1270 = LINE('',#1271,#1272);
#1271 = CARTESIAN_POINT('',(680.,0.));
#1272 = VECTOR('',#1273,1.);
#1273 = DIRECTION('',(0.,1.));
#1274 = ( GEOMETRIC_REPRESENTATION_CONTEXT(2) 
PARAMETRIC_REPRESENTATION_CONTEXT() REPRESENTATION_CONTEXT('2D SPACE',''
  ) );
#1275 = PCURVE('',#1276,#1281);
#1276 = CYLINDRICAL_SURFACE('',#1277,20.);
#1277 = AXIS2_PLACEMENT_3D('',#1278,#1279,#1280);
#1278 = CARTESIAN_POINT('',(-250.,-270.,1.21E+03));
#1279 = DIRECTION('',(1.,0.,0.));
#1280 = DIRECTION('',(-0.,1.,0.));
#1281 = DEFINITIONAL_REPRESENTATION('',(#1282),#1286);
#1282 = LINE('',#1283,#1284);
#1283 = CARTESIAN_POINT('',(0.,0.));
#1284 = VECTOR('',#1285,1.);
#1285 = DIRECTION('',(0.,1.));
#1286 = ( GEOMETRIC_REPRESENTATION_CONTEXT(2) 
PARAMETRIC_REPRESENTATION_CONTEXT() REPRESENTATION_CONTEXT('2D SPACE',''
  ) );
#1287 = ORIENTED_EDGE('',*,*,#1288,.F.);
#1288 = EDGE_CURVE('',#1147,#1261,#1289,.T.);
#1289 = SURFACE_CURVE('',#1290,(#1294,#1301),.PCURVE_S1.);
#1290 = LINE('',#1291,#1292);
#1291 = CARTESIAN_POINT('',(230.,-250.,530.));
#1292 = VECTOR('',#1293,1.);
#1293 = DIRECTION('',(0.,0.,1.));
#1294 = PCURVE('',#454,#1295);
#1295 = DEFINITIONAL_REPRESENTATION('',(#1296),#1300);
#1296 = LINE('',#1297,#1298);
#1297 = CARTESIAN_POINT('',(0.,480.));
#1298 = VECTOR('',#1299,1.);
#1299 = DIRECTION('',(1.,0.));
#1300 = ( GEOMETRIC_REPRESENTATION_CONTEXT(2) 
PARAMETRIC_REPRESENTATION_CONTEXT() REPRESENTATION_CONTEXT('2D SPACE',''
  ) );
#1301 = PCURVE('',#1302,#1307);
#1302 = CYLINDRICAL_SURFACE('',#1303,20.);
#1303 = AXIS2_PLACEMENT_3D('',#1304,#1305,#1306);
#1304 = CARTESIAN_POINT('',(230.,-270.,530.));
#1305 = DIRECTION('',(0.,0.,1.));
#1306 = DIRECTION('',(1.,0.,-0.));
#1307 = DEFINITIONAL_REPRESENTATION('',(#1308),#1312);
#1308 = LINE('',#1309,#1310);
#1309 = CARTESIAN_POINT('',(1.570796326795,0.));
#1310 = VECTOR('',#1311,1.);
#1311 = DIRECTION('',(0.,1.));
#1312 = ( GEOMETRIC_REPRESENTATION_CONTEXT(2) 
PARAMETRIC_REPRESENTATION_CONTEXT() REPRESENTATION_CONTEXT('2D SPACE',''
  ) );
#1313 = ADVANCED_FACE('',(#1314),#426,.T.);
#1314 = FACE_BOUND('',#1315,.F.);
#1315 = EDGE_LOOP('',(#1316,#1317,#1337));
#1316 = ORIENTED_EDGE('',*,*,#610,.F.);
#1317 = ORIENTED_EDGE('',*,*,#1318,.T.);
#1318 = EDGE_CURVE('',#583,#410,#1319,.T.);
#1319 = SURFACE_CURVE('',#1320,(#1325,#1331),.PCURVE_S1.);
#1320 = CIRCLE('',#1321,20.);
#1321 = AXIS2_PLACEMENT_3D('',#1322,#1323,#1324);
#1322 = CARTESIAN_POINT('',(-230.,-270.,550.));
#1323 = DIRECTION('',(1.,6.123233995737E-17,-0.));
#1324 = DIRECTION('',(-6.123233995737E-17,1.,0.));
#1325 = PCURVE('',#426,#1326);
#1326 = DEFINITIONAL_REPRESENTATION('',(#1327),#1330);
#1327 = B_SPLINE_CURVE_WITH_KNOTS('',1,(#1328,#1329),.UNSPECIFIED.,.F.,
  .F.,(2,2),(4.712388980385,6.28318530718),.PIECEWISE_BEZIER_KNOTS.);
#1328 = CARTESIAN_POINT('',(-1.570796326795,-1.570796326795));
#1329 = CARTESIAN_POINT('',(-1.570796326795,0.));
#1330 = ( GEOMETRIC_REPRESENTATION_CONTEXT(2) 
PARAMETRIC_REPRESENTATION_CONTEXT() REPRESENTATION_CONTEXT('2D SPACE',''
  ) );
#1331 = PCURVE('',#1162,#1332);
#1332 = DEFINITIONAL_REPRESENTATION('',(#1333),#1336);
#1333 = B_SPLINE_CURVE_WITH_KNOTS('',1,(#1334,#1335),.UNSPECIFIED.,.F.,
  .F.,(2,2),(4.712388980385,6.28318530718),.PIECEWISE_BEZIER_KNOTS.);
#1334 = CARTESIAN_POINT('',(-1.570796326795,20.));
#1335 = CARTESIAN_POINT('',(0.,20.));
#1336 = ( GEOMETRIC_REPRESENTATION_CONTEXT(2) 
PARAMETRIC_REPRESENTATION_CONTEXT() REPRESENTATION_CONTEXT('2D SPACE',''
  ) );
#1337 = ORIENTED_EDGE('',*,*,#409,.F.);
#1338 = ADVANCED_FACE('',(#1339),#598,.F.);
#1339 = FACE_BOUND('',#1340,.F.);
#1340 = EDGE_LOOP('',(#1341,#1342,#1365,#1393));
#1341 = ORIENTED_EDGE('',*,*,#582,.F.);
#1342 = ORIENTED_EDGE('',*,*,#1343,.T.);
#1343 = EDGE_CURVE('',#561,#1344,#1346,.T.);
#1344 = VERTEX_POINT('',#1345);
#1345 = CARTESIAN_POINT('',(230.,-290.,530.));
#1346 = SURFACE_CURVE('',#1347,(#1351,#1358),.PCURVE_S1.);
#1347 = LINE('',#1348,#1349);
#1348 = CARTESIAN_POINT('',(-250.,-290.,530.));
#1349 = VECTOR('',#1350,1.);
#1350 = DIRECTION('',(1.,0.,0.));
#1351 = PCURVE('',#598,#1352);
#1352 = DEFINITIONAL_REPRESENTATION('',(#1353),#1357);
#1353 = LINE('',#1354,#1355);
#1354 = CARTESIAN_POINT('',(0.,20.));
#1355 = VECTOR('',#1356,1.);
#1356 = DIRECTION('',(1.,0.));
#1357 = ( GEOMETRIC_REPRESENTATION_CONTEXT(2) 
PARAMETRIC_REPRESENTATION_CONTEXT() REPRESENTATION_CONTEXT('2D SPACE',''
  ) );
#1358 = PCURVE('',#650,#1359);
#1359 = DEFINITIONAL_REPRESENTATION('',(#1360),#1364);
#1360 = LINE('',#1361,#1362);
#1361 = CARTESIAN_POINT('',(1.570796326795,0.));
#1362 = VECTOR('',#1363,1.);
#1363 = DIRECTION('',(0.,1.));
#1364 = ( GEOMETRIC_REPRESENTATION_CONTEXT(2) 
PARAMETRIC_REPRESENTATION_CONTEXT() REPRESENTATION_CONTEXT('2D SPACE',''
  ) );
#1365 = ORIENTED_EDGE('',*,*,#1366,.T.);
#1366 = EDGE_CURVE('',#1344,#1367,#1369,.T.);
#1367 = VERTEX_POINT('',#1368);
#1368 = CARTESIAN_POINT('',(230.,-270.,530.));
#1369 = SURFACE_CURVE('',#1370,(#1374,#1381),.PCURVE_S1.);
#1370 = LINE('',#1371,#1372);
#1371 = CARTESIAN_POINT('',(230.,-310.,530.));
#1372 = VECTOR('',#1373,1.);
#1373 = DIRECTION('',(0.,1.,0.));
#1374 = PCURVE('',#598,#1375);
#1375 = DEFINITIONAL_REPRESENTATION('',(#1376),#1380);
#1376 = LINE('',#1377,#1378);
#1377 = CARTESIAN_POINT('',(480.,0.));
#1378 = VECTOR('',#1379,1.);
#1379 = DIRECTION('',(0.,1.));
#1380 = ( GEOMETRIC_REPRESENTATION_CONTEXT(2) 
PARAMETRIC_REPRESENTATION_CONTEXT() REPRESENTATION_CONTEXT('2D SPACE',''
  ) );
#1381 = PCURVE('',#1382,#1387);
#1382 = CYLINDRICAL_SURFACE('',#1383,20.);
#1383 = AXIS2_PLACEMENT_3D('',#1384,#1385,#1386);
#1384 = CARTESIAN_POINT('',(230.,-310.,550.));
#1385 = DIRECTION('',(0.,1.,0.));
#1386 = DIRECTION('',(1.,0.,-0.));
#1387 = DEFINITIONAL_REPRESENTATION('',(#1388),#1392);
#1388 = LINE('',#1389,#1390);
#1389 = CARTESIAN_POINT('',(1.570796326795,0.));
#1390 = VECTOR('',#1391,1.);
#1391 = DIRECTION('',(0.,1.));
#1392 = ( GEOMETRIC_REPRESENTATION_CONTEXT(2) 
PARAMETRIC_REPRESENTATION_CONTEXT() REPRESENTATION_CONTEXT('2D SPACE',''
  ) );
#1393 = ORIENTED_EDGE('',*,*,#1394,.F.);
#1394 = EDGE_CURVE('',#583,#1367,#1395,.T.);
#1395 = SURFACE_CURVE('',#1396,(#1400,#1407),.PCURVE_S1.);
#1396 = LINE('',#1397,#1398);
#1397 = CARTESIAN_POINT('',(-250.,-270.,530.));
#1398 = VECTOR('',#1399,1.);
#1399 = DIRECTION('',(1.,0.,0.));
#1400 = PCURVE('',#598,#1401);
#1401 = DEFINITIONAL_REPRESENTATION('',(#1402),#1406);
#1402 = LINE('',#1403,#1404);
#1403 = CARTESIAN_POINT('',(0.,40.));
#1404 = VECTOR('',#1405,1.);
#1405 = DIRECTION('',(1.,0.));
#1406 = ( GEOMETRIC_REPRESENTATION_CONTEXT(2) 
PARAMETRIC_REPRESENTATION_CONTEXT() REPRESENTATION_CONTEXT('2D SPACE',''
  ) );
#1407 = PCURVE('',#1162,#1408);
#1408 = DEFINITIONAL_REPRESENTATION('',(#1409),#1413);
#1409 = LINE('',#1410,#1411);
#1410 = CARTESIAN_POINT('',(-1.570796326795,0.));
#1411 = VECTOR('',#1412,1.);
#1412 = DIRECTION('',(-0.,1.));
#1413 = ( GEOMETRIC_REPRESENTATION_CONTEXT(2) 
PARAMETRIC_REPRESENTATION_CONTEXT() REPRESENTATION_CONTEXT('2D SPACE',''
  ) );
#1414 = ADVANCED_FACE('',(#1415),#650,.T.);
#1415 = FACE_BOUND('',#1416,.T.);
#1416 = EDGE_LOOP('',(#1417,#1418,#1419,#1444));
#1417 = ORIENTED_EDGE('',*,*,#863,.F.);
#1418 = ORIENTED_EDGE('',*,*,#1343,.T.);
#1419 = ORIENTED_EDGE('',*,*,#1420,.T.);
#1420 = EDGE_CURVE('',#1344,#635,#1421,.T.);
#1421 = SURFACE_CURVE('',#1422,(#1427,#1433),.PCURVE_S1.);
#1422 = CIRCLE('',#1423,20.);
#1423 = AXIS2_PLACEMENT_3D('',#1424,#1425,#1426);
#1424 = CARTESIAN_POINT('',(230.,-290.,550.));
#1425 = DIRECTION('',(-1.,-6.123233995737E-17,0.));
#1426 = DIRECTION('',(6.123233995737E-17,-1.,-0.));
#1427 = PCURVE('',#650,#1428);
#1428 = DEFINITIONAL_REPRESENTATION('',(#1429),#1432);
#1429 = B_SPLINE_CURVE_WITH_KNOTS('',1,(#1430,#1431),.UNSPECIFIED.,.F.,
  .F.,(2,2),(4.712388980385,6.28318530718),.PIECEWISE_BEZIER_KNOTS.);
#1430 = CARTESIAN_POINT('',(1.570796326795,480.));
#1431 = CARTESIAN_POINT('',(0.,480.));
#1432 = ( GEOMETRIC_REPRESENTATION_CONTEXT(2) 
PARAMETRIC_REPRESENTATION_CONTEXT() REPRESENTATION_CONTEXT('2D SPACE',''
  ) );
#1433 = PCURVE('',#1434,#1439);
#1434 = SPHERICAL_SURFACE('',#1435,20.);
#1435 = AXIS2_PLACEMENT_3D('',#1436,#1437,#1438);
#1436 = CARTESIAN_POINT('',(230.,-290.,550.));
#1437 = DIRECTION('',(0.,0.,1.));
#1438 = DIRECTION('',(1.,0.,-0.));
#1439 = DEFINITIONAL_REPRESENTATION('',(#1440),#1443);
#1440 = B_SPLINE_CURVE_WITH_KNOTS('',1,(#1441,#1442),.UNSPECIFIED.,.F.,
  .F.,(2,2),(4.712388980385,6.28318530718),.PIECEWISE_BEZIER_KNOTS.);
#1441 = CARTESIAN_POINT('',(-1.570796326795,-1.570796326795));
#1442 = CARTESIAN_POINT('',(-1.570796326795,0.));
#1443 = ( GEOMETRIC_REPRESENTATION_CONTEXT(2) 
PARAMETRIC_REPRESENTATION_CONTEXT() REPRESENTATION_CONTEXT('2D SPACE',''
  ) );
#1444 = ORIENTED_EDGE('',*,*,#634,.F.);
#1445 = ADVANCED_FACE('',(#1446),#847,.T.);
#1446 = FACE_BOUND('',#1447,.F.);
#1447 = EDGE_LOOP('',(#1448,#1478,#1500,#1501));
#1448 = ORIENTED_EDGE('',*,*,#1449,.F.);
#1449 = EDGE_CURVE('',#1450,#1452,#1454,.T.);
#1450 = VERTEX_POINT('',#1451);
#1451 = CARTESIAN_POINT('',(250.,-290.,550.));
#1452 = VERTEX_POINT('',#1453);
#1453 = CARTESIAN_POINT('',(250.,-290.,1.21E+03));
#1454 = SURFACE_CURVE('',#1455,(#1459,#1466),.PCURVE_S1.);
#1455 = LINE('',#1456,#1457);
#1456 = CARTESIAN_POINT('',(250.,-290.,530.));
#1457 = VECTOR('',#1458,1.);
#1458 = DIRECTION('',(0.,0.,1.));
#1459 = PCURVE('',#847,#1460);
#1460 = DEFINITIONAL_REPRESENTATION('',(#1461),#1465);
#1461 = LINE('',#1462,#1463);
#1462 = CARTESIAN_POINT('',(-0.,0.));
#1463 = VECTOR('',#1464,1.);
#1464 = DIRECTION('',(-0.,1.));
#1465 = ( GEOMETRIC_REPRESENTATION_CONTEXT(2) 
PARAMETRIC_REPRESENTATION_CONTEXT() REPRESENTATION_CONTEXT('2D SPACE',''
  ) );
#1466 = PCURVE('',#1467,#1472);
#1467 = PLANE('',#1468);
#1468 = AXIS2_PLACEMENT_3D('',#1469,#1470,#1471);
#1469 = CARTESIAN_POINT('',(250.,-310.,530.));
#1470 = DIRECTION('',(1.,0.,0.));
#1471 = DIRECTION('',(0.,0.,1.));
#1472 = DEFINITIONAL_REPRESENTATION('',(#1473),#1477);
#1473 = LINE('',#1474,#1475);
#1474 = CARTESIAN_POINT('',(0.,-20.));
#1475 = VECTOR('',#1476,1.);
#1476 = DIRECTION('',(1.,0.));
#1477 = ( GEOMETRIC_REPRESENTATION_CONTEXT(2) 
PARAMETRIC_REPRESENTATION_CONTEXT() REPRESENTATION_CONTEXT('2D SPACE',''
  ) );
#1478 = ORIENTED_EDGE('',*,*,#1479,.T.);
#1479 = EDGE_CURVE('',#1450,#635,#1480,.T.);
#1480 = SURFACE_CURVE('',#1481,(#1486,#1493),.PCURVE_S1.);
#1481 = CIRCLE('',#1482,20.);
#1482 = AXIS2_PLACEMENT_3D('',#1483,#1484,#1485);
#1483 = CARTESIAN_POINT('',(230.,-290.,550.));
#1484 = DIRECTION('',(0.,-0.,-1.));
#1485 = DIRECTION('',(1.,0.,-0.));
#1486 = PCURVE('',#847,#1487);
#1487 = DEFINITIONAL_REPRESENTATION('',(#1488),#1492);
#1488 = LINE('',#1489,#1490);
#1489 = CARTESIAN_POINT('',(-0.,20.));
#1490 = VECTOR('',#1491,1.);
#1491 = DIRECTION('',(-1.,0.));
#1492 = ( GEOMETRIC_REPRESENTATION_CONTEXT(2) 
PARAMETRIC_REPRESENTATION_CONTEXT() REPRESENTATION_CONTEXT('2D SPACE',''
  ) );
#1493 = PCURVE('',#1434,#1494);
#1494 = DEFINITIONAL_REPRESENTATION('',(#1495),#1499);
#1495 = LINE('',#1496,#1497);
#1496 = CARTESIAN_POINT('',(-0.,0.));
#1497 = VECTOR('',#1498,1.);
#1498 = DIRECTION('',(-1.,0.));
#1499 = ( GEOMETRIC_REPRESENTATION_CONTEXT(2) 
PARAMETRIC_REPRESENTATION_CONTEXT() REPRESENTATION_CONTEXT('2D SPACE',''
  ) );
#1500 = ORIENTED_EDGE('',*,*,#833,.T.);
#1501 = ORIENTED_EDGE('',*,*,#1502,.F.);
#1502 = EDGE_CURVE('',#1452,#806,#1503,.T.);
#1503 = SURFACE_CURVE('',#1504,(#1509,#1516),.PCURVE_S1.);
#1504 = CIRCLE('',#1505,20.);
#1505 = AXIS2_PLACEMENT_3D('',#1506,#1507,#1508);
#1506 = CARTESIAN_POINT('',(230.,-290.,1.21E+03));
#1507 = DIRECTION('',(0.,0.,-1.));
#1508 = DIRECTION('',(1.,0.,0.));
#1509 = PCURVE('',#847,#1510);
#1510 = DEFINITIONAL_REPRESENTATION('',(#1511),#1515);
#1511 = LINE('',#1512,#1513);
#1512 = CARTESIAN_POINT('',(-0.,680.));
#1513 = VECTOR('',#1514,1.);
#1514 = DIRECTION('',(-1.,0.));
#1515 = ( GEOMETRIC_REPRESENTATION_CONTEXT(2) 
PARAMETRIC_REPRESENTATION_CONTEXT() REPRESENTATION_CONTEXT('2D SPACE',''
  ) );
#1516 = PCURVE('',#1517,#1522);
#1517 = SPHERICAL_SURFACE('',#1518,20.);
#1518 = AXIS2_PLACEMENT_3D('',#1519,#1520,#1521);
#1519 = CARTESIAN_POINT('',(230.,-290.,1.21E+03));
#1520 = DIRECTION('',(-0.,-0.,-1.));
#1521 = DIRECTION('',(1.,0.,0.));
#1522 = DEFINITIONAL_REPRESENTATION('',(#1523),#1527);
#1523 = LINE('',#1524,#1525);
#1524 = CARTESIAN_POINT('',(0.,0.));
#1525 = VECTOR('',#1526,1.);
#1526 = DIRECTION('',(1.,0.));
#1527 = ( GEOMETRIC_REPRESENTATION_CONTEXT(2) 
PARAMETRIC_REPRESENTATION_CONTEXT() REPRESENTATION_CONTEXT('2D SPACE',''
  ) );
#1528 = ADVANCED_FACE('',(#1529),#821,.T.);
#1529 = FACE_BOUND('',#1530,.F.);
#1530 = EDGE_LOOP('',(#1531,#1558,#1586,#1606));
#1531 = ORIENTED_EDGE('',*,*,#1532,.F.);
#1532 = EDGE_CURVE('',#1533,#778,#1535,.T.);
#1533 = VERTEX_POINT('',#1534);
#1534 = CARTESIAN_POINT('',(-230.,-290.,1.23E+03));
#1535 = SURFACE_CURVE('',#1536,(#1541,#1547),.PCURVE_S1.);
#1536 = CIRCLE('',#1537,20.);
#1537 = AXIS2_PLACEMENT_3D('',#1538,#1539,#1540);
#1538 = CARTESIAN_POINT('',(-230.,-290.,1.21E+03));
#1539 = DIRECTION('',(1.,-6.123233995737E-17,0.));
#1540 = DIRECTION('',(-6.123233995737E-17,-1.,0.));
#1541 = PCURVE('',#821,#1542);
#1542 = DEFINITIONAL_REPRESENTATION('',(#1543),#1546);
#1543 = B_SPLINE_CURVE_WITH_KNOTS('',1,(#1544,#1545),.UNSPECIFIED.,.F.,
  .F.,(2,2),(4.712388980385,6.28318530718),.PIECEWISE_BEZIER_KNOTS.);
#1544 = CARTESIAN_POINT('',(-1.570796326795,20.));
#1545 = CARTESIAN_POINT('',(0.,20.));
#1546 = ( GEOMETRIC_REPRESENTATION_CONTEXT(2) 
PARAMETRIC_REPRESENTATION_CONTEXT() REPRESENTATION_CONTEXT('2D SPACE',''
  ) );
#1547 = PCURVE('',#1548,#1553);
#1548 = SPHERICAL_SURFACE('',#1549,20.);
#1549 = AXIS2_PLACEMENT_3D('',#1550,#1551,#1552);
#1550 = CARTESIAN_POINT('',(-230.,-290.,1.21E+03));
#1551 = DIRECTION('',(-0.,-0.,-1.));
#1552 = DIRECTION('',(-1.,0.,0.));
#1553 = DEFINITIONAL_REPRESENTATION('',(#1554),#1557);
#1554 = B_SPLINE_CURVE_WITH_KNOTS('',1,(#1555,#1556),.UNSPECIFIED.,.F.,
  .F.,(2,2),(4.712388980385,6.28318530718),.PIECEWISE_BEZIER_KNOTS.);
#1555 = CARTESIAN_POINT('',(-1.570796326795,-1.570796326795));
#1556 = CARTESIAN_POINT('',(-1.570796326795,0.));
#1557 = ( GEOMETRIC_REPRESENTATION_CONTEXT(2) 
PARAMETRIC_REPRESENTATION_CONTEXT() REPRESENTATION_CONTEXT('2D SPACE',''
  ) );
#1558 = ORIENTED_EDGE('',*,*,#1559,.T.);
#1559 = EDGE_CURVE('',#1533,#1560,#1562,.T.);
#1560 = VERTEX_POINT('',#1561);
#1561 = CARTESIAN_POINT('',(230.,-290.,1.23E+03));
#1562 = SURFACE_CURVE('',#1563,(#1567,#1574),.PCURVE_S1.);
#1563 = LINE('',#1564,#1565);
#1564 = CARTESIAN_POINT('',(-250.,-290.,1.23E+03));
#1565 = VECTOR('',#1566,1.);
#1566 = DIRECTION('',(1.,0.,0.));
#1567 = PCURVE('',#821,#1568);
#1568 = DEFINITIONAL_REPRESENTATION('',(#1569),#1573);
#1569 = LINE('',#1570,#1571);
#1570 = CARTESIAN_POINT('',(-1.570796326795,0.));
#1571 = VECTOR('',#1572,1.);
#1572 = DIRECTION('',(-0.,1.));
#1573 = ( GEOMETRIC_REPRESENTATION_CONTEXT(2) 
PARAMETRIC_REPRESENTATION_CONTEXT() REPRESENTATION_CONTEXT('2D SPACE',''
  ) );
#1574 = PCURVE('',#1575,#1580);
#1575 = PLANE('',#1576);
#1576 = AXIS2_PLACEMENT_3D('',#1577,#1578,#1579);
#1577 = CARTESIAN_POINT('',(-250.,-310.,1.23E+03));
#1578 = DIRECTION('',(0.,0.,1.));
#1579 = DIRECTION('',(1.,0.,0.));
#1580 = DEFINITIONAL_REPRESENTATION('',(#1581),#1585);
#1581 = LINE('',#1582,#1583);
#1582 = CARTESIAN_POINT('',(0.,20.));
#1583 = VECTOR('',#1584,1.);
#1584 = DIRECTION('',(1.,0.));
#1585 = ( GEOMETRIC_REPRESENTATION_CONTEXT(2) 
PARAMETRIC_REPRESENTATION_CONTEXT() REPRESENTATION_CONTEXT('2D SPACE',''
  ) );
#1586 = ORIENTED_EDGE('',*,*,#1587,.T.);
#1587 = EDGE_CURVE('',#1560,#806,#1588,.T.);
#1588 = SURFACE_CURVE('',#1589,(#1594,#1600),.PCURVE_S1.);
#1589 = CIRCLE('',#1590,20.);
#1590 = AXIS2_PLACEMENT_3D('',#1591,#1592,#1593);
#1591 = CARTESIAN_POINT('',(230.,-290.,1.21E+03));
#1592 = DIRECTION('',(1.,6.123233995737E-17,0.));
#1593 = DIRECTION('',(6.123233995737E-17,-1.,0.));
#1594 = PCURVE('',#821,#1595);
#1595 = DEFINITIONAL_REPRESENTATION('',(#1596),#1599);
#1596 = B_SPLINE_CURVE_WITH_KNOTS('',1,(#1597,#1598),.UNSPECIFIED.,.F.,
  .F.,(2,2),(4.712388980385,6.28318530718),.PIECEWISE_BEZIER_KNOTS.);
#1597 = CARTESIAN_POINT('',(-1.570796326795,480.));
#1598 = CARTESIAN_POINT('',(0.,480.));
#1599 = ( GEOMETRIC_REPRESENTATION_CONTEXT(2) 
PARAMETRIC_REPRESENTATION_CONTEXT() REPRESENTATION_CONTEXT('2D SPACE',''
  ) );
#1600 = PCURVE('',#1517,#1601);
#1601 = DEFINITIONAL_REPRESENTATION('',(#1602),#1605);
#1602 = B_SPLINE_CURVE_WITH_KNOTS('',1,(#1603,#1604),.UNSPECIFIED.,.F.,
  .F.,(2,2),(4.712388980385,6.28318530718),.PIECEWISE_BEZIER_KNOTS.);
#1603 = CARTESIAN_POINT('',(1.570796326795,-1.570796326795));
#1604 = CARTESIAN_POINT('',(1.570796326795,0.));
#1605 = ( GEOMETRIC_REPRESENTATION_CONTEXT(2) 
PARAMETRIC_REPRESENTATION_CONTEXT() REPRESENTATION_CONTEXT('2D SPACE',''
  ) );
#1606 = ORIENTED_EDGE('',*,*,#805,.F.);
#1607 = ADVANCED_FACE('',(#1608),#793,.T.);
#1608 = FACE_BOUND('',#1609,.T.);
#1609 = EDGE_LOOP('',(#1610,#1640,#1662,#1663));
#1610 = ORIENTED_EDGE('',*,*,#1611,.F.);
#1611 = EDGE_CURVE('',#1612,#1614,#1616,.T.);
#1612 = VERTEX_POINT('',#1613);
#1613 = CARTESIAN_POINT('',(-250.,-290.,760.));
#1614 = VERTEX_POINT('',#1615);
#1615 = CARTESIAN_POINT('',(-250.,-290.,1.21E+03));
#1616 = SURFACE_CURVE('',#1617,(#1621,#1628),.PCURVE_S1.);
#1617 = LINE('',#1618,#1619);
#1618 = CARTESIAN_POINT('',(-250.,-290.,530.));
#1619 = VECTOR('',#1620,1.);
#1620 = DIRECTION('',(0.,0.,1.));
#1621 = PCURVE('',#793,#1622);
#1622 = DEFINITIONAL_REPRESENTATION('',(#1623),#1627);
#1623 = LINE('',#1624,#1625);
#1624 = CARTESIAN_POINT('',(0.,0.));
#1625 = VECTOR('',#1626,1.);
#1626 = DIRECTION('',(0.,1.));
#1627 = ( GEOMETRIC_REPRESENTATION_CONTEXT(2) 
PARAMETRIC_REPRESENTATION_CONTEXT() REPRESENTATION_CONTEXT('2D SPACE',''
  ) );
#1628 = PCURVE('',#1629,#1634);
#1629 = PLANE('',#1630);
#1630 = AXIS2_PLACEMENT_3D('',#1631,#1632,#1633);
#1631 = CARTESIAN_POINT('',(-250.,-310.,530.));
#1632 = DIRECTION('',(1.,0.,0.));
#1633 = DIRECTION('',(0.,0.,1.));
#1634 = DEFINITIONAL_REPRESENTATION('',(#1635),#1639);
#1635 = LINE('',#1636,#1637);
#1636 = CARTESIAN_POINT('',(0.,-20.));
#1637 = VECTOR('',#1638,1.);
#1638 = DIRECTION('',(1.,0.));
#1639 = ( GEOMETRIC_REPRESENTATION_CONTEXT(2) 
PARAMETRIC_REPRESENTATION_CONTEXT() REPRESENTATION_CONTEXT('2D SPACE',''
  ) );
#1640 = ORIENTED_EDGE('',*,*,#1641,.T.);
#1641 = EDGE_CURVE('',#1612,#752,#1642,.T.);
#1642 = SURFACE_CURVE('',#1643,(#1648,#1655),.PCURVE_S1.);
#1643 = CIRCLE('',#1644,20.);
#1644 = AXIS2_PLACEMENT_3D('',#1645,#1646,#1647);
#1645 = CARTESIAN_POINT('',(-230.,-290.,760.));
#1646 = DIRECTION('',(0.,0.,1.));
#1647 = DIRECTION('',(-1.,-0.,0.));
#1648 = PCURVE('',#793,#1649);
#1649 = DEFINITIONAL_REPRESENTATION('',(#1650),#1654);
#1650 = LINE('',#1651,#1652);
#1651 = CARTESIAN_POINT('',(0.,230.));
#1652 = VECTOR('',#1653,1.);
#1653 = DIRECTION('',(1.,0.));
#1654 = ( GEOMETRIC_REPRESENTATION_CONTEXT(2) 
PARAMETRIC_REPRESENTATION_CONTEXT() REPRESENTATION_CONTEXT('2D SPACE',''
  ) );
#1655 = PCURVE('',#766,#1656);
#1656 = DEFINITIONAL_REPRESENTATION('',(#1657),#1661);
#1657 = CIRCLE('',#1658,20.);
#1658 = AXIS2_PLACEMENT_2D('',#1659,#1660);
#1659 = CARTESIAN_POINT('',(305.,40.));
#1660 = DIRECTION('',(1.,1.224646799147E-16));
#1661 = ( GEOMETRIC_REPRESENTATION_CONTEXT(2) 
PARAMETRIC_REPRESENTATION_CONTEXT() REPRESENTATION_CONTEXT('2D SPACE',''
  ) );
#1662 = ORIENTED_EDGE('',*,*,#777,.T.);
#1663 = ORIENTED_EDGE('',*,*,#1664,.F.);
#1664 = EDGE_CURVE('',#1614,#778,#1665,.T.);
#1665 = SURFACE_CURVE('',#1666,(#1671,#1678),.PCURVE_S1.);
#1666 = CIRCLE('',#1667,20.);
#1667 = AXIS2_PLACEMENT_3D('',#1668,#1669,#1670);
#1668 = CARTESIAN_POINT('',(-230.,-290.,1.21E+03));
#1669 = DIRECTION('',(0.,0.,1.));
#1670 = DIRECTION('',(-1.,0.,0.));
#1671 = PCURVE('',#793,#1672);
#1672 = DEFINITIONAL_REPRESENTATION('',(#1673),#1677);
#1673 = LINE('',#1674,#1675);
#1674 = CARTESIAN_POINT('',(0.,680.));
#1675 = VECTOR('',#1676,1.);
#1676 = DIRECTION('',(1.,0.));
#1677 = ( GEOMETRIC_REPRESENTATION_CONTEXT(2) 
PARAMETRIC_REPRESENTATION_CONTEXT() REPRESENTATION_CONTEXT('2D SPACE',''
  ) );
#1678 = PCURVE('',#1548,#1679);
#1679 = DEFINITIONAL_REPRESENTATION('',(#1680),#1684);
#1680 = LINE('',#1681,#1682);
#1681 = CARTESIAN_POINT('',(-0.,0.));
#1682 = VECTOR('',#1683,1.);
#1683 = DIRECTION('',(-1.,0.));
#1684 = ( GEOMETRIC_REPRESENTATION_CONTEXT(2) 
PARAMETRIC_REPRESENTATION_CONTEXT() REPRESENTATION_CONTEXT('2D SPACE',''
  ) );
#1685 = ADVANCED_FACE('',(#1686),#766,.T.);
#1686 = FACE_BOUND('',#1687,.T.);
#1687 = EDGE_LOOP('',(#1688,#1711,#1712,#1713,#1734,#1758,#1781,#1809));
#1688 = ORIENTED_EDGE('',*,*,#1689,.F.);
#1689 = EDGE_CURVE('',#719,#1690,#1692,.T.);
#1690 = VERTEX_POINT('',#1691);
#1691 = CARTESIAN_POINT('',(65.,-320.,760.));
#1692 = SURFACE_CURVE('',#1693,(#1697,#1704),.PCURVE_S1.);
#1693 = LINE('',#1694,#1695);
#1694 = CARTESIAN_POINT('',(65.,-250.,760.));
#1695 = VECTOR('',#1696,1.);
#1696 = DIRECTION('',(-1.224646799147E-16,-1.,0.));
#1697 = PCURVE('',#766,#1698);
#1698 = DEFINITIONAL_REPRESENTATION('',(#1699),#1703);
#1699 = LINE('',#1700,#1701);
#1700 = CARTESIAN_POINT('',(10.,0.));
#1701 = VECTOR('',#1702,1.);
#1702 = DIRECTION('',(0.,1.));
#1703 = ( GEOMETRIC_REPRESENTATION_CONTEXT(2) 
PARAMETRIC_REPRESENTATION_CONTEXT() REPRESENTATION_CONTEXT('2D SPACE',''
  ) );
#1704 = PCURVE('',#739,#1705);
#1705 = DEFINITIONAL_REPRESENTATION('',(#1706),#1710);
#1706 = LINE('',#1707,#1708);
#1707 = CARTESIAN_POINT('',(1.570796326795,0.));
#1708 = VECTOR('',#1709,1.);
#1709 = DIRECTION('',(0.,1.));
#1710 = ( GEOMETRIC_REPRESENTATION_CONTEXT(2) 
PARAMETRIC_REPRESENTATION_CONTEXT() REPRESENTATION_CONTEXT('2D SPACE',''
  ) );
#1711 = ORIENTED_EDGE('',*,*,#751,.F.);
#1712 = ORIENTED_EDGE('',*,*,#1641,.F.);
#1713 = ORIENTED_EDGE('',*,*,#1714,.F.);
#1714 = EDGE_CURVE('',#1715,#1612,#1717,.T.);
#1715 = VERTEX_POINT('',#1716);
#1716 = CARTESIAN_POINT('',(-250.,-270.,760.));
#1717 = SURFACE_CURVE('',#1718,(#1722,#1728),.PCURVE_S1.);
#1718 = LINE('',#1719,#1720);
#1719 = CARTESIAN_POINT('',(-250.,-280.,760.));
#1720 = VECTOR('',#1721,1.);
#1721 = DIRECTION('',(0.,-1.,0.));
#1722 = PCURVE('',#766,#1723);
#1723 = DEFINITIONAL_REPRESENTATION('',(#1724),#1727);
#1724 = B_SPLINE_CURVE_WITH_KNOTS('',1,(#1725,#1726),.UNSPECIFIED.,.F.,
  .F.,(2,2),(-10.,10.),.PIECEWISE_BEZIER_KNOTS.);
#1725 = CARTESIAN_POINT('',(325.,20.));
#1726 = CARTESIAN_POINT('',(325.,40.));
#1727 = ( GEOMETRIC_REPRESENTATION_CONTEXT(2) 
PARAMETRIC_REPRESENTATION_CONTEXT() REPRESENTATION_CONTEXT('2D SPACE',''
  ) );
#1728 = PCURVE('',#1629,#1729);
#1729 = DEFINITIONAL_REPRESENTATION('',(#1730),#1733);
#1730 = B_SPLINE_CURVE_WITH_KNOTS('',1,(#1731,#1732),.UNSPECIFIED.,.F.,
  .F.,(2,2),(-10.,10.),.PIECEWISE_BEZIER_KNOTS.);
#1731 = CARTESIAN_POINT('',(230.,-40.));
#1732 = CARTESIAN_POINT('',(230.,-20.));
#1733 = ( GEOMETRIC_REPRESENTATION_CONTEXT(2) 
PARAMETRIC_REPRESENTATION_CONTEXT() REPRESENTATION_CONTEXT('2D SPACE',''
  ) );
#1734 = ORIENTED_EDGE('',*,*,#1735,.F.);
#1735 = EDGE_CURVE('',#1736,#1715,#1738,.T.);
#1736 = VERTEX_POINT('',#1737);
#1737 = CARTESIAN_POINT('',(-247.3205080756,-260.,760.));
#1738 = SURFACE_CURVE('',#1739,(#1744,#1751),.PCURVE_S1.);
#1739 = CIRCLE('',#1740,20.);
#1740 = AXIS2_PLACEMENT_3D('',#1741,#1742,#1743);
#1741 = CARTESIAN_POINT('',(-230.,-270.,760.));
#1742 = DIRECTION('',(0.,0.,1.));
#1743 = DIRECTION('',(-1.,-0.,0.));
#1744 = PCURVE('',#766,#1745);
#1745 = DEFINITIONAL_REPRESENTATION('',(#1746),#1750);
#1746 = CIRCLE('',#1747,20.);
#1747 = AXIS2_PLACEMENT_2D('',#1748,#1749);
#1748 = CARTESIAN_POINT('',(305.,20.));
#1749 = DIRECTION('',(1.,1.224646799147E-16));
#1750 = ( GEOMETRIC_REPRESENTATION_CONTEXT(2) 
PARAMETRIC_REPRESENTATION_CONTEXT() REPRESENTATION_CONTEXT('2D SPACE',''
  ) );
#1751 = PCURVE('',#1248,#1752);
#1752 = DEFINITIONAL_REPRESENTATION('',(#1753),#1757);
#1753 = LINE('',#1754,#1755);
#1754 = CARTESIAN_POINT('',(-6.28318530718,230.));
#1755 = VECTOR('',#1756,1.);
#1756 = DIRECTION('',(1.,-0.));
#1757 = ( GEOMETRIC_REPRESENTATION_CONTEXT(2) 
PARAMETRIC_REPRESENTATION_CONTEXT() REPRESENTATION_CONTEXT('2D SPACE',''
  ) );
#1758 = ORIENTED_EDGE('',*,*,#1759,.T.);
#1759 = EDGE_CURVE('',#1736,#1760,#1762,.T.);
#1760 = VERTEX_POINT('',#1761);
#1761 = CARTESIAN_POINT('',(-265.,-260.,760.));
#1762 = SURFACE_CURVE('',#1763,(#1767,#1774),.PCURVE_S1.);
#1763 = LINE('',#1764,#1765);
#1764 = CARTESIAN_POINT('',(75.,-260.,760.));
#1765 = VECTOR('',#1766,1.);
#1766 = DIRECTION('',(-1.,1.224646799147E-16,0.));
#1767 = PCURVE('',#766,#1768);
#1768 = DEFINITIONAL_REPRESENTATION('',(#1769),#1773);
#1769 = LINE('',#1770,#1771);
#1770 = CARTESIAN_POINT('',(0.,10.));
#1771 = VECTOR('',#1772,1.);
#1772 = DIRECTION('',(1.,0.));
#1773 = ( GEOMETRIC_REPRESENTATION_CONTEXT(2) 
PARAMETRIC_REPRESENTATION_CONTEXT() REPRESENTATION_CONTEXT('2D SPACE',''
  ) );
#1774 = PCURVE('',#1220,#1775);
#1775 = DEFINITIONAL_REPRESENTATION('',(#1776),#1780);
#1776 = LINE('',#1777,#1778);
#1777 = CARTESIAN_POINT('',(-1.570796326795,0.));
#1778 = VECTOR('',#1779,1.);
#1779 = DIRECTION('',(-0.,1.));
#1780 = ( GEOMETRIC_REPRESENTATION_CONTEXT(2) 
PARAMETRIC_REPRESENTATION_CONTEXT() REPRESENTATION_CONTEXT('2D SPACE',''
  ) );
#1781 = ORIENTED_EDGE('',*,*,#1782,.T.);
#1782 = EDGE_CURVE('',#1760,#1783,#1785,.T.);
#1783 = VERTEX_POINT('',#1784);
#1784 = CARTESIAN_POINT('',(-265.,-320.,760.));
#1785 = SURFACE_CURVE('',#1786,(#1790,#1797),.PCURVE_S1.);
#1786 = LINE('',#1787,#1788);
#1787 = CARTESIAN_POINT('',(-265.,-250.,760.));
#1788 = VECTOR('',#1789,1.);
#1789 = DIRECTION('',(-1.224646799147E-16,-1.,0.));
#1790 = PCURVE('',#766,#1791);
#1791 = DEFINITIONAL_REPRESENTATION('',(#1792),#1796);
#1792 = LINE('',#1793,#1794);
#1793 = CARTESIAN_POINT('',(340.,-2.84217094304E-14));
#1794 = VECTOR('',#1795,1.);
#1795 = DIRECTION('',(0.,1.));
#1796 = ( GEOMETRIC_REPRESENTATION_CONTEXT(2) 
PARAMETRIC_REPRESENTATION_CONTEXT() REPRESENTATION_CONTEXT('2D SPACE',''
  ) );
#1797 = PCURVE('',#1798,#1803);
#1798 = CYLINDRICAL_SURFACE('',#1799,10.);
#1799 = AXIS2_PLACEMENT_3D('',#1800,#1801,#1802);
#1800 = CARTESIAN_POINT('',(-265.,-250.,750.));
#1801 = DIRECTION('',(-1.224646799147E-16,-1.,0.));
#1802 = DIRECTION('',(-1.,1.224646799147E-16,0.));
#1803 = DEFINITIONAL_REPRESENTATION('',(#1804),#1808);
#1804 = LINE('',#1805,#1806);
#1805 = CARTESIAN_POINT('',(-1.570796326795,0.));
#1806 = VECTOR('',#1807,1.);
#1807 = DIRECTION('',(-0.,1.));
#1808 = ( GEOMETRIC_REPRESENTATION_CONTEXT(2) 
PARAMETRIC_REPRESENTATION_CONTEXT() REPRESENTATION_CONTEXT('2D SPACE',''
  ) );
#1809 = ORIENTED_EDGE('',*,*,#1810,.F.);
#1810 = EDGE_CURVE('',#1690,#1783,#1811,.T.);
#1811 = SURFACE_CURVE('',#1812,(#1816,#1823),.PCURVE_S1.);
#1812 = LINE('',#1813,#1814);
#1813 = CARTESIAN_POINT('',(75.,-320.,760.));
#1814 = VECTOR('',#1815,1.);
#1815 = DIRECTION('',(-1.,1.224646799147E-16,0.));
#1816 = PCURVE('',#766,#1817);
#1817 = DEFINITIONAL_REPRESENTATION('',(#1818),#1822);
#1818 = LINE('',#1819,#1820);
#1819 = CARTESIAN_POINT('',(-1.42108547152E-14,70.));
#1820 = VECTOR('',#1821,1.);
#1821 = DIRECTION('',(1.,0.));
#1822 = ( GEOMETRIC_REPRESENTATION_CONTEXT(2) 
PARAMETRIC_REPRESENTATION_CONTEXT() REPRESENTATION_CONTEXT('2D SPACE',''
  ) );
#1823 = PCURVE('',#1824,#1829);
#1824 = CYLINDRICAL_SURFACE('',#1825,10.);
#1825 = AXIS2_PLACEMENT_3D('',#1826,#1827,#1828);
#1826 = CARTESIAN_POINT('',(75.,-320.,750.));
#1827 = DIRECTION('',(-1.,1.224646799147E-16,0.));
#1828 = DIRECTION('',(-1.224646799147E-16,-1.,0.));
#1829 = DEFINITIONAL_REPRESENTATION('',(#1830),#1834);
#1830 = LINE('',#1831,#1832);
#1831 = CARTESIAN_POINT('',(1.570796326795,0.));
#1832 = VECTOR('',#1833,1.);
#1833 = DIRECTION('',(0.,1.));
#1834 = ( GEOMETRIC_REPRESENTATION_CONTEXT(2) 
PARAMETRIC_REPRESENTATION_CONTEXT() REPRESENTATION_CONTEXT('2D SPACE',''
  ) );
#1835 = ADVANCED_FACE('',(#1836),#739,.T.);
#1836 = FACE_BOUND('',#1837,.T.);
#1837 = EDGE_LOOP('',(#1838,#1839,#1840,#1869));
#1838 = ORIENTED_EDGE('',*,*,#718,.T.);
#1839 = ORIENTED_EDGE('',*,*,#1689,.T.);
#1840 = ORIENTED_EDGE('',*,*,#1841,.F.);
#1841 = EDGE_CURVE('',#1842,#1690,#1844,.T.);
#1842 = VERTEX_POINT('',#1843);
#1843 = CARTESIAN_POINT('',(75.,-320.,750.));
#1844 = SURFACE_CURVE('',#1845,(#1850,#1857),.PCURVE_S1.);
#1845 = CIRCLE('',#1846,10.);
#1846 = AXIS2_PLACEMENT_3D('',#1847,#1848,#1849);
#1847 = CARTESIAN_POINT('',(65.,-320.,750.));
#1848 = DIRECTION('',(-1.224646799147E-16,-1.,0.));
#1849 = DIRECTION('',(1.,-1.224646799147E-16,0.));
#1850 = PCURVE('',#739,#1851);
#1851 = DEFINITIONAL_REPRESENTATION('',(#1852),#1856);
#1852 = LINE('',#1853,#1854);
#1853 = CARTESIAN_POINT('',(0.,70.));
#1854 = VECTOR('',#1855,1.);
#1855 = DIRECTION('',(1.,0.));
#1856 = ( GEOMETRIC_REPRESENTATION_CONTEXT(2) 
PARAMETRIC_REPRESENTATION_CONTEXT() REPRESENTATION_CONTEXT('2D SPACE',''
  ) );
#1857 = PCURVE('',#1858,#1863);
#1858 = SPHERICAL_SURFACE('',#1859,10.);
#1859 = AXIS2_PLACEMENT_3D('',#1860,#1861,#1862);
#1860 = CARTESIAN_POINT('',(65.,-320.,750.));
#1861 = DIRECTION('',(1.224646799147E-16,1.,-0.));
#1862 = DIRECTION('',(1.,-1.224646799147E-16,0.));
#1863 = DEFINITIONAL_REPRESENTATION('',(#1864),#1868);
#1864 = LINE('',#1865,#1866);
#1865 = CARTESIAN_POINT('',(-0.,0.));
#1866 = VECTOR('',#1867,1.);
#1867 = DIRECTION('',(-1.,0.));
#1868 = ( GEOMETRIC_REPRESENTATION_CONTEXT(2) 
PARAMETRIC_REPRESENTATION_CONTEXT() REPRESENTATION_CONTEXT('2D SPACE',''
  ) );
#1869 = ORIENTED_EDGE('',*,*,#1870,.F.);
#1870 = EDGE_CURVE('',#693,#1842,#1871,.T.);
#1871 = SURFACE_CURVE('',#1872,(#1876,#1883),.PCURVE_S1.);
#1872 = LINE('',#1873,#1874);
#1873 = CARTESIAN_POINT('',(75.,-250.,750.));
#1874 = VECTOR('',#1875,1.);
#1875 = DIRECTION('',(-1.224646799147E-16,-1.,0.));
#1876 = PCURVE('',#739,#1877);
#1877 = DEFINITIONAL_REPRESENTATION('',(#1878),#1882);
#1878 = LINE('',#1879,#1880);
#1879 = CARTESIAN_POINT('',(0.,0.));
#1880 = VECTOR('',#1881,1.);
#1881 = DIRECTION('',(0.,1.));
#1882 = ( GEOMETRIC_REPRESENTATION_CONTEXT(2) 
PARAMETRIC_REPRESENTATION_CONTEXT() REPRESENTATION_CONTEXT('2D SPACE',''
  ) );
#1883 = PCURVE('',#707,#1884);
#1884 = DEFINITIONAL_REPRESENTATION('',(#1885),#1889);
#1885 = LINE('',#1886,#1887);
#1886 = CARTESIAN_POINT('',(50.,0.));
#1887 = VECTOR('',#1888,1.);
#1888 = DIRECTION('',(0.,-1.));
#1889 = ( GEOMETRIC_REPRESENTATION_CONTEXT(2) 
PARAMETRIC_REPRESENTATION_CONTEXT() REPRESENTATION_CONTEXT('2D SPACE',''
  ) );
#1890 = ADVANCED_FACE('',(#1891),#707,.F.);
#1891 = FACE_BOUND('',#1892,.F.);
#1892 = EDGE_LOOP('',(#1893,#1894,#1895,#1921));
#1893 = ORIENTED_EDGE('',*,*,#692,.F.);
#1894 = ORIENTED_EDGE('',*,*,#916,.T.);
#1895 = ORIENTED_EDGE('',*,*,#1896,.T.);
#1896 = EDGE_CURVE('',#890,#1842,#1897,.T.);
#1897 = SURFACE_CURVE('',#1898,(#1902,#1909),.PCURVE_S1.);
#1898 = LINE('',#1899,#1900);
#1899 = CARTESIAN_POINT('',(75.,-320.,700.));
#1900 = VECTOR('',#1901,1.);
#1901 = DIRECTION('',(0.,0.,1.));
#1902 = PCURVE('',#707,#1903);
#1903 = DEFINITIONAL_REPRESENTATION('',(#1904),#1908);
#1904 = LINE('',#1905,#1906);
#1905 = CARTESIAN_POINT('',(0.,-70.));
#1906 = VECTOR('',#1907,1.);
#1907 = DIRECTION('',(1.,0.));
#1908 = ( GEOMETRIC_REPRESENTATION_CONTEXT(2) 
PARAMETRIC_REPRESENTATION_CONTEXT() REPRESENTATION_CONTEXT('2D SPACE',''
  ) );
#1909 = PCURVE('',#1910,#1915);
#1910 = CYLINDRICAL_SURFACE('',#1911,10.);
#1911 = AXIS2_PLACEMENT_3D('',#1912,#1913,#1914);
#1912 = CARTESIAN_POINT('',(65.,-320.,700.));
#1913 = DIRECTION('',(0.,0.,1.));
#1914 = DIRECTION('',(1.,-1.224646799147E-16,0.));
#1915 = DEFINITIONAL_REPRESENTATION('',(#1916),#1920);
#1916 = LINE('',#1917,#1918);
#1917 = CARTESIAN_POINT('',(-0.,0.));
#1918 = VECTOR('',#1919,1.);
#1919 = DIRECTION('',(-0.,1.));
#1920 = ( GEOMETRIC_REPRESENTATION_CONTEXT(2) 
PARAMETRIC_REPRESENTATION_CONTEXT() REPRESENTATION_CONTEXT('2D SPACE',''
  ) );
#1921 = ORIENTED_EDGE('',*,*,#1870,.F.);
#1922 = ADVANCED_FACE('',(#1923),#905,.T.);
#1923 = FACE_BOUND('',#1924,.F.);
#1924 = EDGE_LOOP('',(#1925,#1926,#1927));
#1925 = ORIENTED_EDGE('',*,*,#889,.F.);
#1926 = ORIENTED_EDGE('',*,*,#940,.T.);
#1927 = ORIENTED_EDGE('',*,*,#1928,.F.);
#1928 = EDGE_CURVE('',#890,#941,#1929,.T.);
#1929 = SURFACE_CURVE('',#1930,(#1935,#1942),.PCURVE_S1.);
#1930 = CIRCLE('',#1931,10.);
#1931 = AXIS2_PLACEMENT_3D('',#1932,#1933,#1934);
#1932 = CARTESIAN_POINT('',(65.,-320.,710.));
#1933 = DIRECTION('',(0.,-0.,-1.));
#1934 = DIRECTION('',(1.,0.,-0.));
#1935 = PCURVE('',#905,#1936);
#1936 = DEFINITIONAL_REPRESENTATION('',(#1937),#1941);
#1937 = LINE('',#1938,#1939);
#1938 = CARTESIAN_POINT('',(-0.,0.));
#1939 = VECTOR('',#1940,1.);
#1940 = DIRECTION('',(-1.,0.));
#1941 = ( GEOMETRIC_REPRESENTATION_CONTEXT(2) 
PARAMETRIC_REPRESENTATION_CONTEXT() REPRESENTATION_CONTEXT('2D SPACE',''
  ) );
#1942 = PCURVE('',#1910,#1943);
#1943 = DEFINITIONAL_REPRESENTATION('',(#1944),#1948);
#1944 = LINE('',#1945,#1946);
#1945 = CARTESIAN_POINT('',(-0.,10.));
#1946 = VECTOR('',#1947,1.);
#1947 = DIRECTION('',(-1.,0.));
#1948 = ( GEOMETRIC_REPRESENTATION_CONTEXT(2) 
PARAMETRIC_REPRESENTATION_CONTEXT() REPRESENTATION_CONTEXT('2D SPACE',''
  ) );
#1949 = ADVANCED_FACE('',(#1950),#1004,.T.);
#1950 = FACE_BOUND('',#1951,.T.);
#1951 = EDGE_LOOP('',(#1952,#1975,#1998,#2024));
#1952 = ORIENTED_EDGE('',*,*,#1953,.T.);
#1953 = EDGE_CURVE('',#941,#1954,#1956,.T.);
#1954 = VERTEX_POINT('',#1955);
#1955 = CARTESIAN_POINT('',(65.,-330.,750.));
#1956 = SURFACE_CURVE('',#1957,(#1961,#1968),.PCURVE_S1.);
#1957 = LINE('',#1958,#1959);
#1958 = CARTESIAN_POINT('',(65.,-330.,700.));
#1959 = VECTOR('',#1960,1.);
#1960 = DIRECTION('',(0.,0.,1.));
#1961 = PCURVE('',#1004,#1962);
#1962 = DEFINITIONAL_REPRESENTATION('',(#1963),#1967);
#1963 = LINE('',#1964,#1965);
#1964 = CARTESIAN_POINT('',(0.,10.));
#1965 = VECTOR('',#1966,1.);
#1966 = DIRECTION('',(1.,0.));
#1967 = ( GEOMETRIC_REPRESENTATION_CONTEXT(2) 
PARAMETRIC_REPRESENTATION_CONTEXT() REPRESENTATION_CONTEXT('2D SPACE',''
  ) );
#1968 = PCURVE('',#1910,#1969);
#1969 = DEFINITIONAL_REPRESENTATION('',(#1970),#1974);
#1970 = LINE('',#1971,#1972);
#1971 = CARTESIAN_POINT('',(-1.570796326795,0.));
#1972 = VECTOR('',#1973,1.);
#1973 = DIRECTION('',(-0.,1.));
#1974 = ( GEOMETRIC_REPRESENTATION_CONTEXT(2) 
PARAMETRIC_REPRESENTATION_CONTEXT() REPRESENTATION_CONTEXT('2D SPACE',''
  ) );
#1975 = ORIENTED_EDGE('',*,*,#1976,.T.);
#1976 = EDGE_CURVE('',#1954,#1977,#1979,.T.);
#1977 = VERTEX_POINT('',#1978);
#1978 = CARTESIAN_POINT('',(-265.,-330.,750.));
#1979 = SURFACE_CURVE('',#1980,(#1984,#1991),.PCURVE_S1.);
#1980 = LINE('',#1981,#1982);
#1981 = CARTESIAN_POINT('',(75.,-330.,750.));
#1982 = VECTOR('',#1983,1.);
#1983 = DIRECTION('',(-1.,1.224646799147E-16,0.));
#1984 = PCURVE('',#1004,#1985);
#1985 = DEFINITIONAL_REPRESENTATION('',(#1986),#1990);
#1986 = LINE('',#1987,#1988);
#1987 = CARTESIAN_POINT('',(50.,0.));
#1988 = VECTOR('',#1989,1.);
#1989 = DIRECTION('',(0.,1.));
#1990 = ( GEOMETRIC_REPRESENTATION_CONTEXT(2) 
PARAMETRIC_REPRESENTATION_CONTEXT() REPRESENTATION_CONTEXT('2D SPACE',''
  ) );
#1991 = PCURVE('',#1824,#1992);
#1992 = DEFINITIONAL_REPRESENTATION('',(#1993),#1997);
#1993 = LINE('',#1994,#1995);
#1994 = CARTESIAN_POINT('',(0.,0.));
#1995 = VECTOR('',#1996,1.);
#1996 = DIRECTION('',(0.,1.));
#1997 = ( GEOMETRIC_REPRESENTATION_CONTEXT(2) 
PARAMETRIC_REPRESENTATION_CONTEXT() REPRESENTATION_CONTEXT('2D SPACE',''
  ) );
#1998 = ORIENTED_EDGE('',*,*,#1999,.F.);
#1999 = EDGE_CURVE('',#964,#1977,#2000,.T.);
#2000 = SURFACE_CURVE('',#2001,(#2005,#2012),.PCURVE_S1.);
#2001 = LINE('',#2002,#2003);
#2002 = CARTESIAN_POINT('',(-265.,-330.,700.));
#2003 = VECTOR('',#2004,1.);
#2004 = DIRECTION('',(0.,0.,1.));
#2005 = PCURVE('',#1004,#2006);
#2006 = DEFINITIONAL_REPRESENTATION('',(#2007),#2011);
#2007 = LINE('',#2008,#2009);
#2008 = CARTESIAN_POINT('',(0.,340.));
#2009 = VECTOR('',#2010,1.);
#2010 = DIRECTION('',(1.,0.));
#2011 = ( GEOMETRIC_REPRESENTATION_CONTEXT(2) 
PARAMETRIC_REPRESENTATION_CONTEXT() REPRESENTATION_CONTEXT('2D SPACE',''
  ) );
#2012 = PCURVE('',#2013,#2018);
#2013 = CYLINDRICAL_SURFACE('',#2014,10.);
#2014 = AXIS2_PLACEMENT_3D('',#2015,#2016,#2017);
#2015 = CARTESIAN_POINT('',(-265.,-320.,700.));
#2016 = DIRECTION('',(0.,0.,1.));
#2017 = DIRECTION('',(-1.,1.224646799147E-16,0.));
#2018 = DEFINITIONAL_REPRESENTATION('',(#2019),#2023);
#2019 = LINE('',#2020,#2021);
#2020 = CARTESIAN_POINT('',(1.570796326795,0.));
#2021 = VECTOR('',#2022,1.);
#2022 = DIRECTION('',(0.,1.));
#2023 = ( GEOMETRIC_REPRESENTATION_CONTEXT(2) 
PARAMETRIC_REPRESENTATION_CONTEXT() REPRESENTATION_CONTEXT('2D SPACE',''
  ) );
#2024 = ORIENTED_EDGE('',*,*,#990,.F.);
#2025 = ADVANCED_FACE('',(#2026),#979,.T.);
#2026 = FACE_BOUND('',#2027,.T.);
#2027 = EDGE_LOOP('',(#2028,#2029,#2030));
#2028 = ORIENTED_EDGE('',*,*,#1047,.F.);
#2029 = ORIENTED_EDGE('',*,*,#963,.T.);
#2030 = ORIENTED_EDGE('',*,*,#2031,.F.);
#2031 = EDGE_CURVE('',#1048,#964,#2032,.T.);
#2032 = SURFACE_CURVE('',#2033,(#2038,#2045),.PCURVE_S1.);
#2033 = CIRCLE('',#2034,10.);
#2034 = AXIS2_PLACEMENT_3D('',#2035,#2036,#2037);
#2035 = CARTESIAN_POINT('',(-265.,-320.,710.));
#2036 = DIRECTION('',(0.,0.,1.));
#2037 = DIRECTION('',(-1.,0.,0.));
#2038 = PCURVE('',#979,#2039);
#2039 = DEFINITIONAL_REPRESENTATION('',(#2040),#2044);
#2040 = LINE('',#2041,#2042);
#2041 = CARTESIAN_POINT('',(0.,0.));
#2042 = VECTOR('',#2043,1.);
#2043 = DIRECTION('',(1.,0.));
#2044 = ( GEOMETRIC_REPRESENTATION_CONTEXT(2) 
PARAMETRIC_REPRESENTATION_CONTEXT() REPRESENTATION_CONTEXT('2D SPACE',''
  ) );
#2045 = PCURVE('',#2013,#2046);
#2046 = DEFINITIONAL_REPRESENTATION('',(#2047),#2051);
#2047 = LINE('',#2048,#2049);
#2048 = CARTESIAN_POINT('',(0.,10.));
#2049 = VECTOR('',#2050,1.);
#2050 = DIRECTION('',(1.,0.));
#2051 = ( GEOMETRIC_REPRESENTATION_CONTEXT(2) 
PARAMETRIC_REPRESENTATION_CONTEXT() REPRESENTATION_CONTEXT('2D SPACE',''
  ) );
#2052 = ADVANCED_FACE('',(#2053),#1035,.T.);
#2053 = FACE_BOUND('',#2054,.F.);
#2054 = EDGE_LOOP('',(#2055,#2056,#2057));
#2055 = ORIENTED_EDGE('',*,*,#1019,.F.);
#2056 = ORIENTED_EDGE('',*,*,#1100,.T.);
#2057 = ORIENTED_EDGE('',*,*,#2058,.F.);
#2058 = EDGE_CURVE('',#1020,#1101,#2059,.T.);
#2059 = SURFACE_CURVE('',#2060,(#2065,#2072),.PCURVE_S1.);
#2060 = CIRCLE('',#2061,10.);
#2061 = AXIS2_PLACEMENT_3D('',#2062,#2063,#2064);
#2062 = CARTESIAN_POINT('',(-265.,-260.,710.));
#2063 = DIRECTION('',(-0.,0.,-1.));
#2064 = DIRECTION('',(-1.,0.,0.));
#2065 = PCURVE('',#1035,#2066);
#2066 = DEFINITIONAL_REPRESENTATION('',(#2067),#2071);
#2067 = LINE('',#2068,#2069);
#2068 = CARTESIAN_POINT('',(-0.,0.));
#2069 = VECTOR('',#2070,1.);
#2070 = DIRECTION('',(-1.,0.));
#2071 = ( GEOMETRIC_REPRESENTATION_CONTEXT(2) 
PARAMETRIC_REPRESENTATION_CONTEXT() REPRESENTATION_CONTEXT('2D SPACE',''
  ) );
#2072 = PCURVE('',#1192,#2073);
#2073 = DEFINITIONAL_REPRESENTATION('',(#2074),#2078);
#2074 = LINE('',#2075,#2076);
#2075 = CARTESIAN_POINT('',(-0.,10.));
#2076 = VECTOR('',#2077,1.);
#2077 = DIRECTION('',(-1.,0.));
#2078 = ( GEOMETRIC_REPRESENTATION_CONTEXT(2) 
PARAMETRIC_REPRESENTATION_CONTEXT() REPRESENTATION_CONTEXT('2D SPACE',''
  ) );
#2079 = ADVANCED_FACE('',(#2080),#1083,.T.);
#2080 = FACE_BOUND('',#2081,.T.);
#2081 = EDGE_LOOP('',(#2082,#2105,#2106,#2129));
#2082 = ORIENTED_EDGE('',*,*,#2083,.F.);
#2083 = EDGE_CURVE('',#1020,#2084,#2086,.T.);
#2084 = VERTEX_POINT('',#2085);
#2085 = CARTESIAN_POINT('',(-275.,-260.,750.));
#2086 = SURFACE_CURVE('',#2087,(#2091,#2098),.PCURVE_S1.);
#2087 = LINE('',#2088,#2089);
#2088 = CARTESIAN_POINT('',(-275.,-260.,700.));
#2089 = VECTOR('',#2090,1.);
#2090 = DIRECTION('',(0.,0.,1.));
#2091 = PCURVE('',#1083,#2092);
#2092 = DEFINITIONAL_REPRESENTATION('',(#2093),#2097);
#2093 = LINE('',#2094,#2095);
#2094 = CARTESIAN_POINT('',(0.,-10.));
#2095 = VECTOR('',#2096,1.);
#2096 = DIRECTION('',(1.,0.));
#2097 = ( GEOMETRIC_REPRESENTATION_CONTEXT(2) 
PARAMETRIC_REPRESENTATION_CONTEXT() REPRESENTATION_CONTEXT('2D SPACE',''
  ) );
#2098 = PCURVE('',#1192,#2099);
#2099 = DEFINITIONAL_REPRESENTATION('',(#2100),#2104);
#2100 = LINE('',#2101,#2102);
#2101 = CARTESIAN_POINT('',(-0.,0.));
#2102 = VECTOR('',#2103,1.);
#2103 = DIRECTION('',(-0.,1.));
#2104 = ( GEOMETRIC_REPRESENTATION_CONTEXT(2) 
PARAMETRIC_REPRESENTATION_CONTEXT() REPRESENTATION_CONTEXT('2D SPACE',''
  ) );
#2105 = ORIENTED_EDGE('',*,*,#1069,.T.);
#2106 = ORIENTED_EDGE('',*,*,#2107,.T.);
#2107 = EDGE_CURVE('',#1048,#2108,#2110,.T.);
#2108 = VERTEX_POINT('',#2109);
#2109 = CARTESIAN_POINT('',(-275.,-320.,750.));
#2110 = SURFACE_CURVE('',#2111,(#2115,#2122),.PCURVE_S1.);
#2111 = LINE('',#2112,#2113);
#2112 = CARTESIAN_POINT('',(-275.,-320.,700.));
#2113 = VECTOR('',#2114,1.);
#2114 = DIRECTION('',(0.,0.,1.));
#2115 = PCURVE('',#1083,#2116);
#2116 = DEFINITIONAL_REPRESENTATION('',(#2117),#2121);
#2117 = LINE('',#2118,#2119);
#2118 = CARTESIAN_POINT('',(0.,-70.));
#2119 = VECTOR('',#2120,1.);
#2120 = DIRECTION('',(1.,0.));
#2121 = ( GEOMETRIC_REPRESENTATION_CONTEXT(2) 
PARAMETRIC_REPRESENTATION_CONTEXT() REPRESENTATION_CONTEXT('2D SPACE',''
  ) );
#2122 = PCURVE('',#2013,#2123);
#2123 = DEFINITIONAL_REPRESENTATION('',(#2124),#2128);
#2124 = LINE('',#2125,#2126);
#2125 = CARTESIAN_POINT('',(0.,0.));
#2126 = VECTOR('',#2127,1.);
#2127 = DIRECTION('',(0.,1.));
#2128 = ( GEOMETRIC_REPRESENTATION_CONTEXT(2) 
PARAMETRIC_REPRESENTATION_CONTEXT() REPRESENTATION_CONTEXT('2D SPACE',''
  ) );
#2129 = ORIENTED_EDGE('',*,*,#2130,.F.);
#2130 = EDGE_CURVE('',#2084,#2108,#2131,.T.);
#2131 = SURFACE_CURVE('',#2132,(#2136,#2143),.PCURVE_S1.);
#2132 = LINE('',#2133,#2134);
#2133 = CARTESIAN_POINT('',(-275.,-250.,750.));
#2134 = VECTOR('',#2135,1.);
#2135 = DIRECTION('',(-1.224646799147E-16,-1.,0.));
#2136 = PCURVE('',#1083,#2137);
#2137 = DEFINITIONAL_REPRESENTATION('',(#2138),#2142);
#2138 = LINE('',#2139,#2140);
#2139 = CARTESIAN_POINT('',(50.,0.));
#2140 = VECTOR('',#2141,1.);
#2141 = DIRECTION('',(0.,-1.));
#2142 = ( GEOMETRIC_REPRESENTATION_CONTEXT(2) 
PARAMETRIC_REPRESENTATION_CONTEXT() REPRESENTATION_CONTEXT('2D SPACE',''
  ) );
#2143 = PCURVE('',#1798,#2144);
#2144 = DEFINITIONAL_REPRESENTATION('',(#2145),#2149);
#2145 = LINE('',#2146,#2147);
#2146 = CARTESIAN_POINT('',(-0.,0.));
#2147 = VECTOR('',#2148,1.);
#2148 = DIRECTION('',(-0.,1.));
#2149 = ( GEOMETRIC_REPRESENTATION_CONTEXT(2) 
PARAMETRIC_REPRESENTATION_CONTEXT() REPRESENTATION_CONTEXT('2D SPACE',''
  ) );
#2150 = ADVANCED_FACE('',(#2151),#1162,.T.);
#2151 = FACE_BOUND('',#2152,.F.);
#2152 = EDGE_LOOP('',(#2153,#2154,#2155,#2180));
#2153 = ORIENTED_EDGE('',*,*,#1318,.F.);
#2154 = ORIENTED_EDGE('',*,*,#1394,.T.);
#2155 = ORIENTED_EDGE('',*,*,#2156,.T.);
#2156 = EDGE_CURVE('',#1367,#1147,#2157,.T.);
#2157 = SURFACE_CURVE('',#2158,(#2163,#2169),.PCURVE_S1.);
#2158 = CIRCLE('',#2159,20.);
#2159 = AXIS2_PLACEMENT_3D('',#2160,#2161,#2162);
#2160 = CARTESIAN_POINT('',(230.,-270.,550.));
#2161 = DIRECTION('',(1.,-6.123233995737E-17,0.));
#2162 = DIRECTION('',(6.123233995737E-17,1.,0.));
#2163 = PCURVE('',#1162,#2164);
#2164 = DEFINITIONAL_REPRESENTATION('',(#2165),#2168);
#2165 = B_SPLINE_CURVE_WITH_KNOTS('',1,(#2166,#2167),.UNSPECIFIED.,.F.,
  .F.,(2,2),(4.712388980385,6.28318530718),.PIECEWISE_BEZIER_KNOTS.);
#2166 = CARTESIAN_POINT('',(-1.570796326795,480.));
#2167 = CARTESIAN_POINT('',(0.,480.));
#2168 = ( GEOMETRIC_REPRESENTATION_CONTEXT(2) 
PARAMETRIC_REPRESENTATION_CONTEXT() REPRESENTATION_CONTEXT('2D SPACE',''
  ) );
#2169 = PCURVE('',#2170,#2175);
#2170 = SPHERICAL_SURFACE('',#2171,20.);
#2171 = AXIS2_PLACEMENT_3D('',#2172,#2173,#2174);
#2172 = CARTESIAN_POINT('',(230.,-270.,550.));
#2173 = DIRECTION('',(0.,0.,1.));
#2174 = DIRECTION('',(1.,0.,-0.));
#2175 = DEFINITIONAL_REPRESENTATION('',(#2176),#2179);
#2176 = B_SPLINE_CURVE_WITH_KNOTS('',1,(#2177,#2178),.UNSPECIFIED.,.F.,
  .F.,(2,2),(4.712388980385,6.28318530718),.PIECEWISE_BEZIER_KNOTS.);
#2177 = CARTESIAN_POINT('',(1.570796326795,-1.570796326795));
#2178 = CARTESIAN_POINT('',(1.570796326795,0.));
#2179 = ( GEOMETRIC_REPRESENTATION_CONTEXT(2) 
PARAMETRIC_REPRESENTATION_CONTEXT() REPRESENTATION_CONTEXT('2D SPACE',''
  ) );
#2180 = ORIENTED_EDGE('',*,*,#1146,.F.);
#2181 = ADVANCED_FACE('',(#2182),#1302,.T.);
#2182 = FACE_BOUND('',#2183,.T.);
#2183 = EDGE_LOOP('',(#2184,#2209,#2231,#2232));
#2184 = ORIENTED_EDGE('',*,*,#2185,.F.);
#2185 = EDGE_CURVE('',#2186,#2188,#2190,.T.);
#2186 = VERTEX_POINT('',#2187);
#2187 = CARTESIAN_POINT('',(250.,-270.,550.));
#2188 = VERTEX_POINT('',#2189);
#2189 = CARTESIAN_POINT('',(250.,-270.,1.21E+03));
#2190 = SURFACE_CURVE('',#2191,(#2195,#2202),.PCURVE_S1.);
#2191 = LINE('',#2192,#2193);
#2192 = CARTESIAN_POINT('',(250.,-270.,530.));
#2193 = VECTOR('',#2194,1.);
#2194 = DIRECTION('',(0.,0.,1.));
#2195 = PCURVE('',#1302,#2196);
#2196 = DEFINITIONAL_REPRESENTATION('',(#2197),#2201);
#2197 = LINE('',#2198,#2199);
#2198 = CARTESIAN_POINT('',(0.,0.));
#2199 = VECTOR('',#2200,1.);
#2200 = DIRECTION('',(0.,1.));
#2201 = ( GEOMETRIC_REPRESENTATION_CONTEXT(2) 
PARAMETRIC_REPRESENTATION_CONTEXT() REPRESENTATION_CONTEXT('2D SPACE',''
  ) );
#2202 = PCURVE('',#1467,#2203);
#2203 = DEFINITIONAL_REPRESENTATION('',(#2204),#2208);
#2204 = LINE('',#2205,#2206);
#2205 = CARTESIAN_POINT('',(0.,-40.));
#2206 = VECTOR('',#2207,1.);
#2207 = DIRECTION('',(1.,0.));
#2208 = ( GEOMETRIC_REPRESENTATION_CONTEXT(2) 
PARAMETRIC_REPRESENTATION_CONTEXT() REPRESENTATION_CONTEXT('2D SPACE',''
  ) );
#2209 = ORIENTED_EDGE('',*,*,#2210,.T.);
#2210 = EDGE_CURVE('',#2186,#1147,#2211,.T.);
#2211 = SURFACE_CURVE('',#2212,(#2217,#2224),.PCURVE_S1.);
#2212 = CIRCLE('',#2213,20.);
#2213 = AXIS2_PLACEMENT_3D('',#2214,#2215,#2216);
#2214 = CARTESIAN_POINT('',(230.,-270.,550.));
#2215 = DIRECTION('',(0.,0.,1.));
#2216 = DIRECTION('',(1.,0.,-0.));
#2217 = PCURVE('',#1302,#2218);
#2218 = DEFINITIONAL_REPRESENTATION('',(#2219),#2223);
#2219 = LINE('',#2220,#2221);
#2220 = CARTESIAN_POINT('',(0.,20.));
#2221 = VECTOR('',#2222,1.);
#2222 = DIRECTION('',(1.,0.));
#2223 = ( GEOMETRIC_REPRESENTATION_CONTEXT(2) 
PARAMETRIC_REPRESENTATION_CONTEXT() REPRESENTATION_CONTEXT('2D SPACE',''
  ) );
#2224 = PCURVE('',#2170,#2225);
#2225 = DEFINITIONAL_REPRESENTATION('',(#2226),#2230);
#2226 = LINE('',#2227,#2228);
#2227 = CARTESIAN_POINT('',(0.,0.));
#2228 = VECTOR('',#2229,1.);
#2229 = DIRECTION('',(1.,0.));
#2230 = ( GEOMETRIC_REPRESENTATION_CONTEXT(2) 
PARAMETRIC_REPRESENTATION_CONTEXT() REPRESENTATION_CONTEXT('2D SPACE',''
  ) );
#2231 = ORIENTED_EDGE('',*,*,#1288,.T.);
#2232 = ORIENTED_EDGE('',*,*,#2233,.T.);
#2233 = EDGE_CURVE('',#1261,#2188,#2234,.T.);
#2234 = SURFACE_CURVE('',#2235,(#2240,#2246),.PCURVE_S1.);
#2235 = CIRCLE('',#2236,20.);
#2236 = AXIS2_PLACEMENT_3D('',#2237,#2238,#2239);
#2237 = CARTESIAN_POINT('',(230.,-270.,1.21E+03));
#2238 = DIRECTION('',(0.,0.,-1.));
#2239 = DIRECTION('',(1.,0.,0.));
#2240 = PCURVE('',#1302,#2241);
#2241 = DEFINITIONAL_REPRESENTATION('',(#2242),#2245);
#2242 = B_SPLINE_CURVE_WITH_KNOTS('',1,(#2243,#2244),.UNSPECIFIED.,.F.,
  .F.,(2,2),(4.712388980385,6.28318530718),.PIECEWISE_BEZIER_KNOTS.);
#2243 = CARTESIAN_POINT('',(1.570796326795,680.));
#2244 = CARTESIAN_POINT('',(0.,680.));
#2245 = ( GEOMETRIC_REPRESENTATION_CONTEXT(2) 
PARAMETRIC_REPRESENTATION_CONTEXT() REPRESENTATION_CONTEXT('2D SPACE',''
  ) );
#2246 = PCURVE('',#2247,#2252);
#2247 = SPHERICAL_SURFACE('',#2248,20.);
#2248 = AXIS2_PLACEMENT_3D('',#2249,#2250,#2251);
#2249 = CARTESIAN_POINT('',(230.,-270.,1.21E+03));
#2250 = DIRECTION('',(-0.,-1.,-0.));
#2251 = DIRECTION('',(1.,-0.,0.));
#2252 = DEFINITIONAL_REPRESENTATION('',(#2253),#2256);
#2253 = B_SPLINE_CURVE_WITH_KNOTS('',1,(#2254,#2255),.UNSPECIFIED.,.F.,
  .F.,(2,2),(4.712388980385,6.28318530718),.PIECEWISE_BEZIER_KNOTS.);
#2254 = CARTESIAN_POINT('',(0.,-1.570796326795));
#2255 = CARTESIAN_POINT('',(0.,0.));
#2256 = ( GEOMETRIC_REPRESENTATION_CONTEXT(2) 
PARAMETRIC_REPRESENTATION_CONTEXT() REPRESENTATION_CONTEXT('2D SPACE',''
  ) );
#2257 = ADVANCED_FACE('',(#2258),#1276,.T.);
#2258 = FACE_BOUND('',#2259,.T.);
#2259 = EDGE_LOOP('',(#2260,#2287,#2310,#2330));
#2260 = ORIENTED_EDGE('',*,*,#2261,.T.);
#2261 = EDGE_CURVE('',#1233,#2262,#2264,.T.);
#2262 = VERTEX_POINT('',#2263);
#2263 = CARTESIAN_POINT('',(-230.,-270.,1.23E+03));
#2264 = SURFACE_CURVE('',#2265,(#2270,#2276),.PCURVE_S1.);
#2265 = CIRCLE('',#2266,20.);
#2266 = AXIS2_PLACEMENT_3D('',#2267,#2268,#2269);
#2267 = CARTESIAN_POINT('',(-230.,-270.,1.21E+03));
#2268 = DIRECTION('',(1.,0.,6.123233995737E-17));
#2269 = DIRECTION('',(-6.123233995737E-17,0.,1.));
#2270 = PCURVE('',#1276,#2271);
#2271 = DEFINITIONAL_REPRESENTATION('',(#2272),#2275);
#2272 = B_SPLINE_CURVE_WITH_KNOTS('',1,(#2273,#2274),.UNSPECIFIED.,.F.,
  .F.,(2,2),(4.712388980385,6.28318530718),.PIECEWISE_BEZIER_KNOTS.);
#2273 = CARTESIAN_POINT('',(0.,20.));
#2274 = CARTESIAN_POINT('',(1.570796326795,20.));
#2275 = ( GEOMETRIC_REPRESENTATION_CONTEXT(2) 
PARAMETRIC_REPRESENTATION_CONTEXT() REPRESENTATION_CONTEXT('2D SPACE',''
  ) );
#2276 = PCURVE('',#2277,#2282);
#2277 = SPHERICAL_SURFACE('',#2278,20.);
#2278 = AXIS2_PLACEMENT_3D('',#2279,#2280,#2281);
#2279 = CARTESIAN_POINT('',(-230.,-270.,1.21E+03));
#2280 = DIRECTION('',(-0.,-1.,-0.));
#2281 = DIRECTION('',(-1.,0.,0.));
#2282 = DEFINITIONAL_REPRESENTATION('',(#2283),#2286);
#2283 = B_SPLINE_CURVE_WITH_KNOTS('',1,(#2284,#2285),.UNSPECIFIED.,.F.,
  .F.,(2,2),(4.712388980385,6.28318530718),.PIECEWISE_BEZIER_KNOTS.);
#2284 = CARTESIAN_POINT('',(-1.570796326795,-1.570796326795));
#2285 = CARTESIAN_POINT('',(-1.570796326795,0.));
#2286 = ( GEOMETRIC_REPRESENTATION_CONTEXT(2) 
PARAMETRIC_REPRESENTATION_CONTEXT() REPRESENTATION_CONTEXT('2D SPACE',''
  ) );
#2287 = ORIENTED_EDGE('',*,*,#2288,.T.);
#2288 = EDGE_CURVE('',#2262,#2289,#2291,.T.);
#2289 = VERTEX_POINT('',#2290);
#2290 = CARTESIAN_POINT('',(230.,-270.,1.23E+03));
#2291 = SURFACE_CURVE('',#2292,(#2296,#2303),.PCURVE_S1.);
#2292 = LINE('',#2293,#2294);
#2293 = CARTESIAN_POINT('',(-250.,-270.,1.23E+03));
#2294 = VECTOR('',#2295,1.);
#2295 = DIRECTION('',(1.,0.,0.));
#2296 = PCURVE('',#1276,#2297);
#2297 = DEFINITIONAL_REPRESENTATION('',(#2298),#2302);
#2298 = LINE('',#2299,#2300);
#2299 = CARTESIAN_POINT('',(1.570796326795,0.));
#2300 = VECTOR('',#2301,1.);
#2301 = DIRECTION('',(0.,1.));
#2302 = ( GEOMETRIC_REPRESENTATION_CONTEXT(2) 
PARAMETRIC_REPRESENTATION_CONTEXT() REPRESENTATION_CONTEXT('2D SPACE',''
  ) );
#2303 = PCURVE('',#1575,#2304);
#2304 = DEFINITIONAL_REPRESENTATION('',(#2305),#2309);
#2305 = LINE('',#2306,#2307);
#2306 = CARTESIAN_POINT('',(0.,40.));
#2307 = VECTOR('',#2308,1.);
#2308 = DIRECTION('',(1.,0.));
#2309 = ( GEOMETRIC_REPRESENTATION_CONTEXT(2) 
PARAMETRIC_REPRESENTATION_CONTEXT() REPRESENTATION_CONTEXT('2D SPACE',''
  ) );
#2310 = ORIENTED_EDGE('',*,*,#2311,.F.);
#2311 = EDGE_CURVE('',#1261,#2289,#2312,.T.);
#2312 = SURFACE_CURVE('',#2313,(#2318,#2324),.PCURVE_S1.);
#2313 = CIRCLE('',#2314,20.);
#2314 = AXIS2_PLACEMENT_3D('',#2315,#2316,#2317);
#2315 = CARTESIAN_POINT('',(230.,-270.,1.21E+03));
#2316 = DIRECTION('',(1.,0.,-6.123233995737E-17));
#2317 = DIRECTION('',(6.123233995737E-17,0.,1.));
#2318 = PCURVE('',#1276,#2319);
#2319 = DEFINITIONAL_REPRESENTATION('',(#2320),#2323);
#2320 = B_SPLINE_CURVE_WITH_KNOTS('',1,(#2321,#2322),.UNSPECIFIED.,.F.,
  .F.,(2,2),(4.712388980385,6.28318530718),.PIECEWISE_BEZIER_KNOTS.);
#2321 = CARTESIAN_POINT('',(0.,480.));
#2322 = CARTESIAN_POINT('',(1.570796326795,480.));
#2323 = ( GEOMETRIC_REPRESENTATION_CONTEXT(2) 
PARAMETRIC_REPRESENTATION_CONTEXT() REPRESENTATION_CONTEXT('2D SPACE',''
  ) );
#2324 = PCURVE('',#2247,#2325);
#2325 = DEFINITIONAL_REPRESENTATION('',(#2326),#2329);
#2326 = B_SPLINE_CURVE_WITH_KNOTS('',1,(#2327,#2328),.UNSPECIFIED.,.F.,
  .F.,(2,2),(4.712388980385,6.28318530718),.PIECEWISE_BEZIER_KNOTS.);
#2327 = CARTESIAN_POINT('',(1.570796326795,-1.570796326795));
#2328 = CARTESIAN_POINT('',(1.570796326795,0.));
#2329 = ( GEOMETRIC_REPRESENTATION_CONTEXT(2) 
PARAMETRIC_REPRESENTATION_CONTEXT() REPRESENTATION_CONTEXT('2D SPACE',''
  ) );
#2330 = ORIENTED_EDGE('',*,*,#1260,.F.);
#2331 = ADVANCED_FACE('',(#2332),#1248,.T.);
#2332 = FACE_BOUND('',#2333,.F.);
#2333 = EDGE_LOOP('',(#2334,#2357,#2358,#2448,#2449));
#2334 = ORIENTED_EDGE('',*,*,#2335,.F.);
#2335 = EDGE_CURVE('',#1715,#2336,#2338,.T.);
#2336 = VERTEX_POINT('',#2337);
#2337 = CARTESIAN_POINT('',(-250.,-270.,1.21E+03));
#2338 = SURFACE_CURVE('',#2339,(#2343,#2350),.PCURVE_S1.);
#2339 = LINE('',#2340,#2341);
#2340 = CARTESIAN_POINT('',(-250.,-270.,530.));
#2341 = VECTOR('',#2342,1.);
#2342 = DIRECTION('',(0.,0.,1.));
#2343 = PCURVE('',#1248,#2344);
#2344 = DEFINITIONAL_REPRESENTATION('',(#2345),#2349);
#2345 = LINE('',#2346,#2347);
#2346 = CARTESIAN_POINT('',(-0.,0.));
#2347 = VECTOR('',#2348,1.);
#2348 = DIRECTION('',(-0.,1.));
#2349 = ( GEOMETRIC_REPRESENTATION_CONTEXT(2) 
PARAMETRIC_REPRESENTATION_CONTEXT() REPRESENTATION_CONTEXT('2D SPACE',''
  ) );
#2350 = PCURVE('',#1629,#2351);
#2351 = DEFINITIONAL_REPRESENTATION('',(#2352),#2356);
#2352 = LINE('',#2353,#2354);
#2353 = CARTESIAN_POINT('',(0.,-40.));
#2354 = VECTOR('',#2355,1.);
#2355 = DIRECTION('',(1.,0.));
#2356 = ( GEOMETRIC_REPRESENTATION_CONTEXT(2) 
PARAMETRIC_REPRESENTATION_CONTEXT() REPRESENTATION_CONTEXT('2D SPACE',''
  ) );
#2357 = ORIENTED_EDGE('',*,*,#1735,.F.);
#2358 = ORIENTED_EDGE('',*,*,#2359,.T.);
#2359 = EDGE_CURVE('',#1736,#1205,#2360,.T.);
#2360 = SURFACE_CURVE('',#2361,(#2388,#2418),.PCURVE_S1.);
#2361 = B_SPLINE_CURVE_WITH_KNOTS('',7,(#2362,#2363,#2364,#2365,#2366,
    #2367,#2368,#2369,#2370,#2371,#2372,#2373,#2374,#2375,#2376,#2377,
    #2378,#2379,#2380,#2381,#2382,#2383,#2384,#2385,#2386,#2387),
  .UNSPECIFIED.,.F.,.F.,(8,6,6,6,8),(0.,0.152700838165,0.297875770123,
    0.632117895152,1.),.UNSPECIFIED.);
#2362 = CARTESIAN_POINT('',(-247.3205080756,-260.,760.));
#2363 = CARTESIAN_POINT('',(-247.0174824999,-259.4751443068,760.));
#2364 = CARTESIAN_POINT('',(-246.700459213,-258.9688957468,
    759.96786167881));
#2365 = CARTESIAN_POINT('',(-246.3714371591,-258.4823938346,
    759.90768527337));
#2366 = CARTESIAN_POINT('',(-246.0324256165,-258.0163035407,
    759.82312652787));
#2367 = CARTESIAN_POINT('',(-245.6853767049,-257.570938096,
    759.71747532115));
#2368 = CARTESIAN_POINT('',(-245.3321468982,-257.1463472733,
    759.59370822868));
#2369 = CARTESIAN_POINT('',(-244.6344555347,-256.3583051018,
    759.32218198846));
#2370 = CARTESIAN_POINT('',(-244.2896843546,-255.9920414493,
    759.17562001562));
#2371 = CARTESIAN_POINT('',(-243.9411351949,-255.6430099267,
    759.0168331409));
#2372 = CARTESIAN_POINT('',(-243.5895675787,-255.3105181886,
    758.84747274034));
#2373 = CARTESIAN_POINT('',(-243.2355303463,-254.9938007344,
    758.66887803689));
#2374 = CARTESIAN_POINT('',(-242.8793607366,-254.6920594071,
    758.48210775166));
#2375 = CARTESIAN_POINT('',(-241.696564171,-253.7424253416,
    757.84097532971));
#2376 = CARTESIAN_POINT('',(-240.8594397438,-253.1539828463,
    757.35386905562));
#2377 = CARTESIAN_POINT('',(-240.0159621739,-252.6337484745,
    756.83859621259));
#2378 = CARTESIAN_POINT('',(-239.1697276693,-252.1758455668,
    756.30295995331));
#2379 = CARTESIAN_POINT('',(-238.3219376228,-251.7747959045,
    755.75176688025));
#2380 = CARTESIAN_POINT('',(-237.471811649,-251.4260186694,
    755.18743333804));
#2381 = CARTESIAN_POINT('',(-235.6758957821,-250.7963940183,
    753.9756267568));
#2382 = CARTESIAN_POINT('',(-234.7316837585,-250.5268260954,
    753.32725353316));
#2383 = CARTESIAN_POINT('',(-233.7861124188,-250.3144903208,
    752.66983295462));
#2384 = CARTESIAN_POINT('',(-232.8401278071,-250.1569085611,
    752.00643441048));
#2385 = CARTESIAN_POINT('',(-231.8939666317,-250.0523579882,
    751.33923516776));
#2386 = CARTESIAN_POINT('',(-230.9473993993,-249.9999999894,
    750.66991296468));
#2387 = CARTESIAN_POINT('',(-230.,-250.,750.));
#2388 = PCURVE('',#1248,#2389);
#2389 = DEFINITIONAL_REPRESENTATION('',(#2390),#2417);
#2390 = B_SPLINE_CURVE_WITH_KNOTS('',7,(#2391,#2392,#2393,#2394,#2395,
    #2396,#2397,#2398,#2399,#2400,#2401,#2402,#2403,#2404,#2405,#2406,
    #2407,#2408,#2409,#2410,#2411,#2412,#2413,#2414,#2415,#2416),
  .UNSPECIFIED.,.F.,.F.,(8,6,6,6,8),(0.,0.152700838165,0.297875770123,
    0.632117895152,1.),.UNSPECIFIED.);
#2391 = CARTESIAN_POINT('',(-0.523598775598,230.));
#2392 = CARTESIAN_POINT('',(-0.553901333174,230.));
#2393 = CARTESIAN_POINT('',(-0.583748112818,229.96786167881));
#2394 = CARTESIAN_POINT('',(-0.613085292862,229.90768527337));
#2395 = CARTESIAN_POINT('',(-0.641873026215,229.82312652787));
#2396 = CARTESIAN_POINT('',(-0.670080539479,229.71747532115));
#2397 = CARTESIAN_POINT('',(-0.697683079223,229.59370822868));
#2398 = CARTESIAN_POINT('',(-0.750308731305,229.32218198846));
#2399 = CARTESIAN_POINT('',(-0.775447376833,229.17562001562));
#2400 = CARTESIAN_POINT('',(-0.800093698987,229.0168331409));
#2401 = CARTESIAN_POINT('',(-0.824271051534,228.84747274034));
#2402 = CARTESIAN_POINT('',(-0.848008515586,228.66887803689));
#2403 = CARTESIAN_POINT('',(-0.871340528158,228.48210775166));
#2404 = CARTESIAN_POINT('',(-0.947182676301,227.84097532971));
#2405 = CARTESIAN_POINT('',(-0.998241113789,227.35386905562));
#2406 = CARTESIAN_POINT('',(-1.047653662643,226.83859621259));
#2407 = CARTESIAN_POINT('',(-1.095630552397,226.30295995331));
#2408 = CARTESIAN_POINT('',(-1.142418911288,225.75176688025));
#2409 = CARTESIAN_POINT('',(-1.188301039159,225.18743333804));
#2410 = CARTESIAN_POINT('',(-1.283455400625,223.9756267568));
#2411 = CARTESIAN_POINT('',(-1.332466623575,223.32725353316));
#2412 = CARTESIAN_POINT('',(-1.380797567551,222.66983295462));
#2413 = CARTESIAN_POINT('',(-1.428616389112,222.00643441048));
#2414 = CARTESIAN_POINT('',(-1.476097953085,221.33923516776));
#2415 = CARTESIAN_POINT('',(-1.523426368703,220.66991296468));
#2416 = CARTESIAN_POINT('',(-1.570796326795,220.));
#2417 = ( GEOMETRIC_REPRESENTATION_CONTEXT(2) 
PARAMETRIC_REPRESENTATION_CONTEXT() REPRESENTATION_CONTEXT('2D SPACE',''
  ) );
#2418 = PCURVE('',#1220,#2419);
#2419 = DEFINITIONAL_REPRESENTATION('',(#2420),#2447);
#2420 = B_SPLINE_CURVE_WITH_KNOTS('',7,(#2421,#2422,#2423,#2424,#2425,
    #2426,#2427,#2428,#2429,#2430,#2431,#2432,#2433,#2434,#2435,#2436,
    #2437,#2438,#2439,#2440,#2441,#2442,#2443,#2444,#2445,#2446),
  .UNSPECIFIED.,.F.,.F.,(8,6,6,6,8),(0.,0.152700838165,0.297875770123,
    0.632117895152,1.),.UNSPECIFIED.);
#2421 = CARTESIAN_POINT('',(-1.570796326795,322.32050807568));
#2422 = CARTESIAN_POINT('',(-1.518310757475,322.01748249993));
#2423 = CARTESIAN_POINT('',(-1.467685851248,321.70045921309));
#2424 = CARTESIAN_POINT('',(-1.418799694223,321.37143715919));
#2425 = CARTESIAN_POINT('',(-1.371557237216,321.03242561655));
#2426 = CARTESIAN_POINT('',(-1.325881116135,320.68537670495));
#2427 = CARTESIAN_POINT('',(-1.281706191931,320.33214689826));
#2428 = CARTESIAN_POINT('',(-1.198355309319,319.63445553476));
#2429 = CARTESIAN_POINT('',(-1.158952399112,319.28968435463));
#2430 = CARTESIAN_POINT('',(-1.12067103238,318.94113519489));
#2431 = CARTESIAN_POINT('',(-1.083419454435,318.58956757873));
#2432 = CARTESIAN_POINT('',(-1.047108573698,318.23553034637));
#2433 = CARTESIAN_POINT('',(-1.011649612012,317.87936073663));
#2434 = CARTESIAN_POINT('',(-0.897069699253,316.696564171));
#2435 = CARTESIAN_POINT('',(-0.821043689571,315.85943974385));
#2436 = CARTESIAN_POINT('',(-0.748262486387,315.01596217394));
#2437 = CARTESIAN_POINT('',(-0.678202923855,314.16972766939));
#2438 = CARTESIAN_POINT('',(-0.610351971574,313.32193762287));
#2439 = CARTESIAN_POINT('',(-0.544194121826,312.47181164903));
#2440 = CARTESIAN_POINT('',(-0.407632692731,310.6758957821));
#2441 = CARTESIAN_POINT('',(-0.337669200502,309.7316837585));
#2442 = CARTESIAN_POINT('',(-0.268943959931,308.78611241881));
#2443 = CARTESIAN_POINT('',(-0.201134033388,307.84012780716));
#2444 = CARTESIAN_POINT('',(-0.133923821465,306.89396663173));
#2445 = CARTESIAN_POINT('',(-6.699120922342E-02,305.94739939933));
#2446 = CARTESIAN_POINT('',(0.,305.));
#2447 = ( GEOMETRIC_REPRESENTATION_CONTEXT(2) 
PARAMETRIC_REPRESENTATION_CONTEXT() REPRESENTATION_CONTEXT('2D SPACE',''
  ) );
#2448 = ORIENTED_EDGE('',*,*,#1232,.T.);
#2449 = ORIENTED_EDGE('',*,*,#2450,.T.);
#2450 = EDGE_CURVE('',#1233,#2336,#2451,.T.);
#2451 = SURFACE_CURVE('',#2452,(#2457,#2463),.PCURVE_S1.);
#2452 = CIRCLE('',#2453,20.);
#2453 = AXIS2_PLACEMENT_3D('',#2454,#2455,#2456);
#2454 = CARTESIAN_POINT('',(-230.,-270.,1.21E+03));
#2455 = DIRECTION('',(0.,0.,1.));
#2456 = DIRECTION('',(-1.,0.,0.));
#2457 = PCURVE('',#1248,#2458);
#2458 = DEFINITIONAL_REPRESENTATION('',(#2459),#2462);
#2459 = B_SPLINE_CURVE_WITH_KNOTS('',1,(#2460,#2461),.UNSPECIFIED.,.F.,
  .F.,(2,2),(4.712388980385,6.28318530718),.PIECEWISE_BEZIER_KNOTS.);
#2460 = CARTESIAN_POINT('',(-1.570796326795,680.));
#2461 = CARTESIAN_POINT('',(0.,680.));
#2462 = ( GEOMETRIC_REPRESENTATION_CONTEXT(2) 
PARAMETRIC_REPRESENTATION_CONTEXT() REPRESENTATION_CONTEXT('2D SPACE',''
  ) );
#2463 = PCURVE('',#2277,#2464);
#2464 = DEFINITIONAL_REPRESENTATION('',(#2465),#2468);
#2465 = B_SPLINE_CURVE_WITH_KNOTS('',1,(#2466,#2467),.UNSPECIFIED.,.F.,
  .F.,(2,2),(4.712388980385,6.28318530718),.PIECEWISE_BEZIER_KNOTS.);
#2466 = CARTESIAN_POINT('',(0.,-1.570796326795));
#2467 = CARTESIAN_POINT('',(0.,0.));
#2468 = ( GEOMETRIC_REPRESENTATION_CONTEXT(2) 
PARAMETRIC_REPRESENTATION_CONTEXT() REPRESENTATION_CONTEXT('2D SPACE',''
  ) );
#2469 = ADVANCED_FACE('',(#2470),#1382,.T.);
#2470 = FACE_BOUND('',#2471,.T.);
#2471 = EDGE_LOOP('',(#2472,#2492,#2493,#2513));
#2472 = ORIENTED_EDGE('',*,*,#2473,.F.);
#2473 = EDGE_CURVE('',#1344,#1450,#2474,.T.);
#2474 = SURFACE_CURVE('',#2475,(#2480,#2486),.PCURVE_S1.);
#2475 = CIRCLE('',#2476,20.);
#2476 = AXIS2_PLACEMENT_3D('',#2477,#2478,#2479);
#2477 = CARTESIAN_POINT('',(230.,-290.,550.));
#2478 = DIRECTION('',(0.,-1.,0.));
#2479 = DIRECTION('',(1.,0.,0.));
#2480 = PCURVE('',#1382,#2481);
#2481 = DEFINITIONAL_REPRESENTATION('',(#2482),#2485);
#2482 = B_SPLINE_CURVE_WITH_KNOTS('',1,(#2483,#2484),.UNSPECIFIED.,.F.,
  .F.,(2,2),(4.712388980385,6.28318530718),.PIECEWISE_BEZIER_KNOTS.);
#2483 = CARTESIAN_POINT('',(1.570796326795,20.));
#2484 = CARTESIAN_POINT('',(0.,20.));
#2485 = ( GEOMETRIC_REPRESENTATION_CONTEXT(2) 
PARAMETRIC_REPRESENTATION_CONTEXT() REPRESENTATION_CONTEXT('2D SPACE',''
  ) );
#2486 = PCURVE('',#1434,#2487);
#2487 = DEFINITIONAL_REPRESENTATION('',(#2488),#2491);
#2488 = B_SPLINE_CURVE_WITH_KNOTS('',1,(#2489,#2490),.UNSPECIFIED.,.F.,
  .F.,(2,2),(4.712388980385,6.28318530718),.PIECEWISE_BEZIER_KNOTS.);
#2489 = CARTESIAN_POINT('',(0.,-1.570796326795));
#2490 = CARTESIAN_POINT('',(0.,0.));
#2491 = ( GEOMETRIC_REPRESENTATION_CONTEXT(2) 
PARAMETRIC_REPRESENTATION_CONTEXT() REPRESENTATION_CONTEXT('2D SPACE',''
  ) );
#2492 = ORIENTED_EDGE('',*,*,#1366,.T.);
#2493 = ORIENTED_EDGE('',*,*,#2494,.T.);
#2494 = EDGE_CURVE('',#1367,#2186,#2495,.T.);
#2495 = SURFACE_CURVE('',#2496,(#2501,#2507),.PCURVE_S1.);
#2496 = CIRCLE('',#2497,20.);
#2497 = AXIS2_PLACEMENT_3D('',#2498,#2499,#2500);
#2498 = CARTESIAN_POINT('',(230.,-270.,550.));
#2499 = DIRECTION('',(0.,-1.,0.));
#2500 = DIRECTION('',(1.,0.,0.));
#2501 = PCURVE('',#1382,#2502);
#2502 = DEFINITIONAL_REPRESENTATION('',(#2503),#2506);
#2503 = B_SPLINE_CURVE_WITH_KNOTS('',1,(#2504,#2505),.UNSPECIFIED.,.F.,
  .F.,(2,2),(4.712388980385,6.28318530718),.PIECEWISE_BEZIER_KNOTS.);
#2504 = CARTESIAN_POINT('',(1.570796326795,40.));
#2505 = CARTESIAN_POINT('',(0.,40.));
#2506 = ( GEOMETRIC_REPRESENTATION_CONTEXT(2) 
PARAMETRIC_REPRESENTATION_CONTEXT() REPRESENTATION_CONTEXT('2D SPACE',''
  ) );
#2507 = PCURVE('',#2170,#2508);
#2508 = DEFINITIONAL_REPRESENTATION('',(#2509),#2512);
#2509 = B_SPLINE_CURVE_WITH_KNOTS('',1,(#2510,#2511),.UNSPECIFIED.,.F.,
  .F.,(2,2),(4.712388980385,6.28318530718),.PIECEWISE_BEZIER_KNOTS.);
#2510 = CARTESIAN_POINT('',(0.,-1.570796326795));
#2511 = CARTESIAN_POINT('',(0.,0.));
#2512 = ( GEOMETRIC_REPRESENTATION_CONTEXT(2) 
PARAMETRIC_REPRESENTATION_CONTEXT() REPRESENTATION_CONTEXT('2D SPACE',''
  ) );
#2513 = ORIENTED_EDGE('',*,*,#2514,.F.);
#2514 = EDGE_CURVE('',#1450,#2186,#2515,.T.);
#2515 = SURFACE_CURVE('',#2516,(#2520,#2527),.PCURVE_S1.);
#2516 = LINE('',#2517,#2518);
#2517 = CARTESIAN_POINT('',(250.,-310.,550.));
#2518 = VECTOR('',#2519,1.);
#2519 = DIRECTION('',(0.,1.,0.));
#2520 = PCURVE('',#1382,#2521);
#2521 = DEFINITIONAL_REPRESENTATION('',(#2522),#2526);
#2522 = LINE('',#2523,#2524);
#2523 = CARTESIAN_POINT('',(0.,0.));
#2524 = VECTOR('',#2525,1.);
#2525 = DIRECTION('',(0.,1.));
#2526 = ( GEOMETRIC_REPRESENTATION_CONTEXT(2) 
PARAMETRIC_REPRESENTATION_CONTEXT() REPRESENTATION_CONTEXT('2D SPACE',''
  ) );
#2527 = PCURVE('',#1467,#2528);
#2528 = DEFINITIONAL_REPRESENTATION('',(#2529),#2533);
#2529 = LINE('',#2530,#2531);
#2530 = CARTESIAN_POINT('',(20.,0.));
#2531 = VECTOR('',#2532,1.);
#2532 = DIRECTION('',(0.,-1.));
#2533 = ( GEOMETRIC_REPRESENTATION_CONTEXT(2) 
PARAMETRIC_REPRESENTATION_CONTEXT() REPRESENTATION_CONTEXT('2D SPACE',''
  ) );
#2534 = ADVANCED_FACE('',(#2535),#1434,.T.);
#2535 = FACE_BOUND('',#2536,.F.);
#2536 = EDGE_LOOP('',(#2537,#2538,#2539));
#2537 = ORIENTED_EDGE('',*,*,#2473,.F.);
#2538 = ORIENTED_EDGE('',*,*,#1420,.T.);
#2539 = ORIENTED_EDGE('',*,*,#1479,.F.);
#2540 = ADVANCED_FACE('',(#2541),#1467,.T.);
#2541 = FACE_BOUND('',#2542,.T.);
#2542 = EDGE_LOOP('',(#2543,#2544,#2545,#2546));
#2543 = ORIENTED_EDGE('',*,*,#1449,.F.);
#2544 = ORIENTED_EDGE('',*,*,#2514,.T.);
#2545 = ORIENTED_EDGE('',*,*,#2185,.T.);
#2546 = ORIENTED_EDGE('',*,*,#2547,.F.);
#2547 = EDGE_CURVE('',#1452,#2188,#2548,.T.);
#2548 = SURFACE_CURVE('',#2549,(#2553,#2560),.PCURVE_S1.);
#2549 = LINE('',#2550,#2551);
#2550 = CARTESIAN_POINT('',(250.,-310.,1.21E+03));
#2551 = VECTOR('',#2552,1.);
#2552 = DIRECTION('',(0.,1.,0.));
#2553 = PCURVE('',#1467,#2554);
#2554 = DEFINITIONAL_REPRESENTATION('',(#2555),#2559);
#2555 = LINE('',#2556,#2557);
#2556 = CARTESIAN_POINT('',(680.,0.));
#2557 = VECTOR('',#2558,1.);
#2558 = DIRECTION('',(0.,-1.));
#2559 = ( GEOMETRIC_REPRESENTATION_CONTEXT(2) 
PARAMETRIC_REPRESENTATION_CONTEXT() REPRESENTATION_CONTEXT('2D SPACE',''
  ) );
#2560 = PCURVE('',#2561,#2566);
#2561 = CYLINDRICAL_SURFACE('',#2562,20.);
#2562 = AXIS2_PLACEMENT_3D('',#2563,#2564,#2565);
#2563 = CARTESIAN_POINT('',(230.,-310.,1.21E+03));
#2564 = DIRECTION('',(0.,1.,0.));
#2565 = DIRECTION('',(1.,0.,-0.));
#2566 = DEFINITIONAL_REPRESENTATION('',(#2567),#2571);
#2567 = LINE('',#2568,#2569);
#2568 = CARTESIAN_POINT('',(-0.,0.));
#2569 = VECTOR('',#2570,1.);
#2570 = DIRECTION('',(-0.,1.));
#2571 = ( GEOMETRIC_REPRESENTATION_CONTEXT(2) 
PARAMETRIC_REPRESENTATION_CONTEXT() REPRESENTATION_CONTEXT('2D SPACE',''
  ) );
#2572 = ADVANCED_FACE('',(#2573),#1517,.T.);
#2573 = FACE_BOUND('',#2574,.T.);
#2574 = EDGE_LOOP('',(#2575,#2595,#2596));
#2575 = ORIENTED_EDGE('',*,*,#2576,.F.);
#2576 = EDGE_CURVE('',#1560,#1452,#2577,.T.);
#2577 = SURFACE_CURVE('',#2578,(#2583,#2589),.PCURVE_S1.);
#2578 = CIRCLE('',#2579,20.);
#2579 = AXIS2_PLACEMENT_3D('',#2580,#2581,#2582);
#2580 = CARTESIAN_POINT('',(230.,-290.,1.21E+03));
#2581 = DIRECTION('',(-0.,1.,0.));
#2582 = DIRECTION('',(1.,0.,0.));
#2583 = PCURVE('',#1517,#2584);
#2584 = DEFINITIONAL_REPRESENTATION('',(#2585),#2588);
#2585 = B_SPLINE_CURVE_WITH_KNOTS('',1,(#2586,#2587),.UNSPECIFIED.,.F.,
  .F.,(2,2),(4.712388980385,6.28318530718),.PIECEWISE_BEZIER_KNOTS.);
#2586 = CARTESIAN_POINT('',(0.,-1.570796326795));
#2587 = CARTESIAN_POINT('',(0.,0.));
#2588 = ( GEOMETRIC_REPRESENTATION_CONTEXT(2) 
PARAMETRIC_REPRESENTATION_CONTEXT() REPRESENTATION_CONTEXT('2D SPACE',''
  ) );
#2589 = PCURVE('',#2561,#2590);
#2590 = DEFINITIONAL_REPRESENTATION('',(#2591),#2594);
#2591 = B_SPLINE_CURVE_WITH_KNOTS('',1,(#2592,#2593),.UNSPECIFIED.,.F.,
  .F.,(2,2),(4.712388980385,6.28318530718),.PIECEWISE_BEZIER_KNOTS.);
#2592 = CARTESIAN_POINT('',(-1.570796326795,20.));
#2593 = CARTESIAN_POINT('',(0.,20.));
#2594 = ( GEOMETRIC_REPRESENTATION_CONTEXT(2) 
PARAMETRIC_REPRESENTATION_CONTEXT() REPRESENTATION_CONTEXT('2D SPACE',''
  ) );
#2595 = ORIENTED_EDGE('',*,*,#1587,.T.);
#2596 = ORIENTED_EDGE('',*,*,#1502,.F.);
#2597 = ADVANCED_FACE('',(#2598),#1548,.T.);
#2598 = FACE_BOUND('',#2599,.F.);
#2599 = EDGE_LOOP('',(#2600,#2625,#2626));
#2600 = ORIENTED_EDGE('',*,*,#2601,.F.);
#2601 = EDGE_CURVE('',#1533,#1614,#2602,.T.);
#2602 = SURFACE_CURVE('',#2603,(#2608,#2614),.PCURVE_S1.);
#2603 = CIRCLE('',#2604,20.);
#2604 = AXIS2_PLACEMENT_3D('',#2605,#2606,#2607);
#2605 = CARTESIAN_POINT('',(-230.,-290.,1.21E+03));
#2606 = DIRECTION('',(0.,-1.,0.));
#2607 = DIRECTION('',(-1.,0.,0.));
#2608 = PCURVE('',#1548,#2609);
#2609 = DEFINITIONAL_REPRESENTATION('',(#2610),#2613);
#2610 = B_SPLINE_CURVE_WITH_KNOTS('',1,(#2611,#2612),.UNSPECIFIED.,.F.,
  .F.,(2,2),(4.712388980385,6.28318530718),.PIECEWISE_BEZIER_KNOTS.);
#2611 = CARTESIAN_POINT('',(0.,-1.570796326795));
#2612 = CARTESIAN_POINT('',(0.,0.));
#2613 = ( GEOMETRIC_REPRESENTATION_CONTEXT(2) 
PARAMETRIC_REPRESENTATION_CONTEXT() REPRESENTATION_CONTEXT('2D SPACE',''
  ) );
#2614 = PCURVE('',#2615,#2620);
#2615 = CYLINDRICAL_SURFACE('',#2616,20.);
#2616 = AXIS2_PLACEMENT_3D('',#2617,#2618,#2619);
#2617 = CARTESIAN_POINT('',(-230.,-310.,1.21E+03));
#2618 = DIRECTION('',(0.,1.,0.));
#2619 = DIRECTION('',(-1.,0.,0.));
#2620 = DEFINITIONAL_REPRESENTATION('',(#2621),#2624);
#2621 = B_SPLINE_CURVE_WITH_KNOTS('',1,(#2622,#2623),.UNSPECIFIED.,.F.,
  .F.,(2,2),(4.712388980385,6.28318530718),.PIECEWISE_BEZIER_KNOTS.);
#2622 = CARTESIAN_POINT('',(1.570796326795,20.));
#2623 = CARTESIAN_POINT('',(0.,20.));
#2624 = ( GEOMETRIC_REPRESENTATION_CONTEXT(2) 
PARAMETRIC_REPRESENTATION_CONTEXT() REPRESENTATION_CONTEXT('2D SPACE',''
  ) );
#2625 = ORIENTED_EDGE('',*,*,#1532,.T.);
#2626 = ORIENTED_EDGE('',*,*,#1664,.F.);
#2627 = ADVANCED_FACE('',(#2628),#1575,.T.);
#2628 = FACE_BOUND('',#2629,.T.);
#2629 = EDGE_LOOP('',(#2630,#2651,#2652,#2673));
#2630 = ORIENTED_EDGE('',*,*,#2631,.F.);
#2631 = EDGE_CURVE('',#1533,#2262,#2632,.T.);
#2632 = SURFACE_CURVE('',#2633,(#2637,#2644),.PCURVE_S1.);
#2633 = LINE('',#2634,#2635);
#2634 = CARTESIAN_POINT('',(-230.,-310.,1.23E+03));
#2635 = VECTOR('',#2636,1.);
#2636 = DIRECTION('',(0.,1.,0.));
#2637 = PCURVE('',#1575,#2638);
#2638 = DEFINITIONAL_REPRESENTATION('',(#2639),#2643);
#2639 = LINE('',#2640,#2641);
#2640 = CARTESIAN_POINT('',(20.,0.));
#2641 = VECTOR('',#2642,1.);
#2642 = DIRECTION('',(0.,1.));
#2643 = ( GEOMETRIC_REPRESENTATION_CONTEXT(2) 
PARAMETRIC_REPRESENTATION_CONTEXT() REPRESENTATION_CONTEXT('2D SPACE',''
  ) );
#2644 = PCURVE('',#2615,#2645);
#2645 = DEFINITIONAL_REPRESENTATION('',(#2646),#2650);
#2646 = LINE('',#2647,#2648);
#2647 = CARTESIAN_POINT('',(1.570796326795,0.));
#2648 = VECTOR('',#2649,1.);
#2649 = DIRECTION('',(0.,1.));
#2650 = ( GEOMETRIC_REPRESENTATION_CONTEXT(2) 
PARAMETRIC_REPRESENTATION_CONTEXT() REPRESENTATION_CONTEXT('2D SPACE',''
  ) );
#2651 = ORIENTED_EDGE('',*,*,#1559,.T.);
#2652 = ORIENTED_EDGE('',*,*,#2653,.T.);
#2653 = EDGE_CURVE('',#1560,#2289,#2654,.T.);
#2654 = SURFACE_CURVE('',#2655,(#2659,#2666),.PCURVE_S1.);
#2655 = LINE('',#2656,#2657);
#2656 = CARTESIAN_POINT('',(230.,-310.,1.23E+03));
#2657 = VECTOR('',#2658,1.);
#2658 = DIRECTION('',(0.,1.,0.));
#2659 = PCURVE('',#1575,#2660);
#2660 = DEFINITIONAL_REPRESENTATION('',(#2661),#2665);
#2661 = LINE('',#2662,#2663);
#2662 = CARTESIAN_POINT('',(480.,0.));
#2663 = VECTOR('',#2664,1.);
#2664 = DIRECTION('',(0.,1.));
#2665 = ( GEOMETRIC_REPRESENTATION_CONTEXT(2) 
PARAMETRIC_REPRESENTATION_CONTEXT() REPRESENTATION_CONTEXT('2D SPACE',''
  ) );
#2666 = PCURVE('',#2561,#2667);
#2667 = DEFINITIONAL_REPRESENTATION('',(#2668),#2672);
#2668 = LINE('',#2669,#2670);
#2669 = CARTESIAN_POINT('',(-1.570796326795,0.));
#2670 = VECTOR('',#2671,1.);
#2671 = DIRECTION('',(-0.,1.));
#2672 = ( GEOMETRIC_REPRESENTATION_CONTEXT(2) 
PARAMETRIC_REPRESENTATION_CONTEXT() REPRESENTATION_CONTEXT('2D SPACE',''
  ) );
#2673 = ORIENTED_EDGE('',*,*,#2288,.F.);
#2674 = ADVANCED_FACE('',(#2675),#1629,.F.);
#2675 = FACE_BOUND('',#2676,.F.);
#2676 = EDGE_LOOP('',(#2677,#2678,#2679,#2680));
#2677 = ORIENTED_EDGE('',*,*,#1611,.F.);
#2678 = ORIENTED_EDGE('',*,*,#1714,.F.);
#2679 = ORIENTED_EDGE('',*,*,#2335,.T.);
#2680 = ORIENTED_EDGE('',*,*,#2681,.F.);
#2681 = EDGE_CURVE('',#1614,#2336,#2682,.T.);
#2682 = SURFACE_CURVE('',#2683,(#2687,#2694),.PCURVE_S1.);
#2683 = LINE('',#2684,#2685);
#2684 = CARTESIAN_POINT('',(-250.,-310.,1.21E+03));
#2685 = VECTOR('',#2686,1.);
#2686 = DIRECTION('',(0.,1.,0.));
#2687 = PCURVE('',#1629,#2688);
#2688 = DEFINITIONAL_REPRESENTATION('',(#2689),#2693);
#2689 = LINE('',#2690,#2691);
#2690 = CARTESIAN_POINT('',(680.,0.));
#2691 = VECTOR('',#2692,1.);
#2692 = DIRECTION('',(0.,-1.));
#2693 = ( GEOMETRIC_REPRESENTATION_CONTEXT(2) 
PARAMETRIC_REPRESENTATION_CONTEXT() REPRESENTATION_CONTEXT('2D SPACE',''
  ) );
#2694 = PCURVE('',#2615,#2695);
#2695 = DEFINITIONAL_REPRESENTATION('',(#2696),#2700);
#2696 = LINE('',#2697,#2698);
#2697 = CARTESIAN_POINT('',(0.,0.));
#2698 = VECTOR('',#2699,1.);
#2699 = DIRECTION('',(0.,1.));
#2700 = ( GEOMETRIC_REPRESENTATION_CONTEXT(2) 
PARAMETRIC_REPRESENTATION_CONTEXT() REPRESENTATION_CONTEXT('2D SPACE',''
  ) );
#2701 = ADVANCED_FACE('',(#2702),#1824,.T.);
#2702 = FACE_BOUND('',#2703,.T.);
#2703 = EDGE_LOOP('',(#2704,#2724,#2725,#2750));
#2704 = ORIENTED_EDGE('',*,*,#2705,.T.);
#2705 = EDGE_CURVE('',#1954,#1690,#2706,.T.);
#2706 = SURFACE_CURVE('',#2707,(#2712,#2718),.PCURVE_S1.);
#2707 = CIRCLE('',#2708,10.);
#2708 = AXIS2_PLACEMENT_3D('',#2709,#2710,#2711);
#2709 = CARTESIAN_POINT('',(65.,-320.,750.));
#2710 = DIRECTION('',(-1.,1.224646799147E-16,6.123233995737E-17));
#2711 = DIRECTION('',(6.123233995737E-17,-7.498798913309E-33,1.));
#2712 = PCURVE('',#1824,#2713);
#2713 = DEFINITIONAL_REPRESENTATION('',(#2714),#2717);
#2714 = B_SPLINE_CURVE_WITH_KNOTS('',1,(#2715,#2716),.UNSPECIFIED.,.F.,
  .F.,(2,2),(4.712388980385,6.28318530718),.PIECEWISE_BEZIER_KNOTS.);
#2715 = CARTESIAN_POINT('',(0.,10.));
#2716 = CARTESIAN_POINT('',(1.570796326795,10.));
#2717 = ( GEOMETRIC_REPRESENTATION_CONTEXT(2) 
PARAMETRIC_REPRESENTATION_CONTEXT() REPRESENTATION_CONTEXT('2D SPACE',''
  ) );
#2718 = PCURVE('',#1858,#2719);
#2719 = DEFINITIONAL_REPRESENTATION('',(#2720),#2723);
#2720 = B_SPLINE_CURVE_WITH_KNOTS('',1,(#2721,#2722),.UNSPECIFIED.,.F.,
  .F.,(2,2),(4.712388980385,6.28318530718),.PIECEWISE_BEZIER_KNOTS.);
#2721 = CARTESIAN_POINT('',(-1.570796326795,-1.570796326795));
#2722 = CARTESIAN_POINT('',(-1.570796326795,0.));
#2723 = ( GEOMETRIC_REPRESENTATION_CONTEXT(2) 
PARAMETRIC_REPRESENTATION_CONTEXT() REPRESENTATION_CONTEXT('2D SPACE',''
  ) );
#2724 = ORIENTED_EDGE('',*,*,#1810,.T.);
#2725 = ORIENTED_EDGE('',*,*,#2726,.F.);
#2726 = EDGE_CURVE('',#1977,#1783,#2727,.T.);
#2727 = SURFACE_CURVE('',#2728,(#2733,#2739),.PCURVE_S1.);
#2728 = CIRCLE('',#2729,10.);
#2729 = AXIS2_PLACEMENT_3D('',#2730,#2731,#2732);
#2730 = CARTESIAN_POINT('',(-265.,-320.,750.));
#2731 = DIRECTION('',(-1.,1.224646799147E-16,-6.123233995737E-17));
#2732 = DIRECTION('',(-6.123233995737E-17,7.498798913309E-33,1.));
#2733 = PCURVE('',#1824,#2734);
#2734 = DEFINITIONAL_REPRESENTATION('',(#2735),#2738);
#2735 = B_SPLINE_CURVE_WITH_KNOTS('',1,(#2736,#2737),.UNSPECIFIED.,.F.,
  .F.,(2,2),(4.712388980385,6.28318530718),.PIECEWISE_BEZIER_KNOTS.);
#2736 = CARTESIAN_POINT('',(0.,340.));
#2737 = CARTESIAN_POINT('',(1.570796326795,340.));
#2738 = ( GEOMETRIC_REPRESENTATION_CONTEXT(2) 
PARAMETRIC_REPRESENTATION_CONTEXT() REPRESENTATION_CONTEXT('2D SPACE',''
  ) );
#2739 = PCURVE('',#2740,#2745);
#2740 = SPHERICAL_SURFACE('',#2741,10.);
#2741 = AXIS2_PLACEMENT_3D('',#2742,#2743,#2744);
#2742 = CARTESIAN_POINT('',(-265.,-320.,750.));
#2743 = DIRECTION('',(1.224646799147E-16,1.,-0.));
#2744 = DIRECTION('',(-1.,1.224646799147E-16,0.));
#2745 = DEFINITIONAL_REPRESENTATION('',(#2746),#2749);
#2746 = B_SPLINE_CURVE_WITH_KNOTS('',1,(#2747,#2748),.UNSPECIFIED.,.F.,
  .F.,(2,2),(4.712388980385,6.28318530718),.PIECEWISE_BEZIER_KNOTS.);
#2747 = CARTESIAN_POINT('',(1.570796326795,-1.570796326795));
#2748 = CARTESIAN_POINT('',(1.570796326795,0.));
#2749 = ( GEOMETRIC_REPRESENTATION_CONTEXT(2) 
PARAMETRIC_REPRESENTATION_CONTEXT() REPRESENTATION_CONTEXT('2D SPACE',''
  ) );
#2750 = ORIENTED_EDGE('',*,*,#1976,.F.);
#2751 = ADVANCED_FACE('',(#2752),#1798,.T.);
#2752 = FACE_BOUND('',#2753,.F.);
#2753 = EDGE_LOOP('',(#2754,#2779,#2780,#2802));
#2754 = ORIENTED_EDGE('',*,*,#2755,.F.);
#2755 = EDGE_CURVE('',#1760,#2084,#2756,.T.);
#2756 = SURFACE_CURVE('',#2757,(#2762,#2768),.PCURVE_S1.);
#2757 = CIRCLE('',#2758,10.);
#2758 = AXIS2_PLACEMENT_3D('',#2759,#2760,#2761);
#2759 = CARTESIAN_POINT('',(-265.,-260.,750.));
#2760 = DIRECTION('',(0.,-1.,0.));
#2761 = DIRECTION('',(-1.,0.,0.));
#2762 = PCURVE('',#1798,#2763);
#2763 = DEFINITIONAL_REPRESENTATION('',(#2764),#2767);
#2764 = B_SPLINE_CURVE_WITH_KNOTS('',1,(#2765,#2766),.UNSPECIFIED.,.F.,
  .F.,(2,2),(4.712388980385,6.28318530718),.PIECEWISE_BEZIER_KNOTS.);
#2765 = CARTESIAN_POINT('',(-1.570796326795,10.));
#2766 = CARTESIAN_POINT('',(0.,10.));
#2767 = ( GEOMETRIC_REPRESENTATION_CONTEXT(2) 
PARAMETRIC_REPRESENTATION_CONTEXT() REPRESENTATION_CONTEXT('2D SPACE',''
  ) );
#2768 = PCURVE('',#2769,#2774);
#2769 = SPHERICAL_SURFACE('',#2770,10.);
#2770 = AXIS2_PLACEMENT_3D('',#2771,#2772,#2773);
#2771 = CARTESIAN_POINT('',(-265.,-260.,750.));
#2772 = DIRECTION('',(-0.,-0.,-1.));
#2773 = DIRECTION('',(-1.,0.,0.));
#2774 = DEFINITIONAL_REPRESENTATION('',(#2775),#2778);
#2775 = B_SPLINE_CURVE_WITH_KNOTS('',1,(#2776,#2777),.UNSPECIFIED.,.F.,
  .F.,(2,2),(4.712388980385,6.28318530718),.PIECEWISE_BEZIER_KNOTS.);
#2776 = CARTESIAN_POINT('',(0.,-1.570796326795));
#2777 = CARTESIAN_POINT('',(0.,0.));
#2778 = ( GEOMETRIC_REPRESENTATION_CONTEXT(2) 
PARAMETRIC_REPRESENTATION_CONTEXT() REPRESENTATION_CONTEXT('2D SPACE',''
  ) );
#2779 = ORIENTED_EDGE('',*,*,#1782,.T.);
#2780 = ORIENTED_EDGE('',*,*,#2781,.F.);
#2781 = EDGE_CURVE('',#2108,#1783,#2782,.T.);
#2782 = SURFACE_CURVE('',#2783,(#2788,#2795),.PCURVE_S1.);
#2783 = CIRCLE('',#2784,10.);
#2784 = AXIS2_PLACEMENT_3D('',#2785,#2786,#2787);
#2785 = CARTESIAN_POINT('',(-265.,-320.,750.));
#2786 = DIRECTION('',(1.224646799147E-16,1.,-0.));
#2787 = DIRECTION('',(-1.,1.224646799147E-16,0.));
#2788 = PCURVE('',#1798,#2789);
#2789 = DEFINITIONAL_REPRESENTATION('',(#2790),#2794);
#2790 = LINE('',#2791,#2792);
#2791 = CARTESIAN_POINT('',(-0.,70.));
#2792 = VECTOR('',#2793,1.);
#2793 = DIRECTION('',(-1.,0.));
#2794 = ( GEOMETRIC_REPRESENTATION_CONTEXT(2) 
PARAMETRIC_REPRESENTATION_CONTEXT() REPRESENTATION_CONTEXT('2D SPACE',''
  ) );
#2795 = PCURVE('',#2740,#2796);
#2796 = DEFINITIONAL_REPRESENTATION('',(#2797),#2801);
#2797 = LINE('',#2798,#2799);
#2798 = CARTESIAN_POINT('',(0.,0.));
#2799 = VECTOR('',#2800,1.);
#2800 = DIRECTION('',(1.,0.));
#2801 = ( GEOMETRIC_REPRESENTATION_CONTEXT(2) 
PARAMETRIC_REPRESENTATION_CONTEXT() REPRESENTATION_CONTEXT('2D SPACE',''
  ) );
#2802 = ORIENTED_EDGE('',*,*,#2130,.F.);
#2803 = ADVANCED_FACE('',(#2804),#1220,.T.);
#2804 = FACE_BOUND('',#2805,.F.);
#2805 = EDGE_LOOP('',(#2806,#2807,#2808,#2828));
#2806 = ORIENTED_EDGE('',*,*,#2359,.F.);
#2807 = ORIENTED_EDGE('',*,*,#1759,.T.);
#2808 = ORIENTED_EDGE('',*,*,#2809,.T.);
#2809 = EDGE_CURVE('',#1760,#1177,#2810,.T.);
#2810 = SURFACE_CURVE('',#2811,(#2816,#2822),.PCURVE_S1.);
#2811 = CIRCLE('',#2812,10.);
#2812 = AXIS2_PLACEMENT_3D('',#2813,#2814,#2815);
#2813 = CARTESIAN_POINT('',(-265.,-260.,750.));
#2814 = DIRECTION('',(-1.,-6.123233995737E-17,0.));
#2815 = DIRECTION('',(-6.123233995737E-17,1.,0.));
#2816 = PCURVE('',#1220,#2817);
#2817 = DEFINITIONAL_REPRESENTATION('',(#2818),#2821);
#2818 = B_SPLINE_CURVE_WITH_KNOTS('',1,(#2819,#2820),.UNSPECIFIED.,.F.,
  .F.,(2,2),(4.712388980385,6.28318530718),.PIECEWISE_BEZIER_KNOTS.);
#2819 = CARTESIAN_POINT('',(-1.570796326795,340.));
#2820 = CARTESIAN_POINT('',(0.,340.));
#2821 = ( GEOMETRIC_REPRESENTATION_CONTEXT(2) 
PARAMETRIC_REPRESENTATION_CONTEXT() REPRESENTATION_CONTEXT('2D SPACE',''
  ) );
#2822 = PCURVE('',#2769,#2823);
#2823 = DEFINITIONAL_REPRESENTATION('',(#2824),#2827);
#2824 = B_SPLINE_CURVE_WITH_KNOTS('',1,(#2825,#2826),.UNSPECIFIED.,.F.,
  .F.,(2,2),(4.712388980385,6.28318530718),.PIECEWISE_BEZIER_KNOTS.);
#2825 = CARTESIAN_POINT('',(1.570796326795,-1.570796326795));
#2826 = CARTESIAN_POINT('',(1.570796326795,0.));
#2827 = ( GEOMETRIC_REPRESENTATION_CONTEXT(2) 
PARAMETRIC_REPRESENTATION_CONTEXT() REPRESENTATION_CONTEXT('2D SPACE',''
  ) );
#2828 = ORIENTED_EDGE('',*,*,#1204,.F.);
#2829 = ADVANCED_FACE('',(#2830),#1858,.T.);
#2830 = FACE_BOUND('',#2831,.F.);
#2831 = EDGE_LOOP('',(#2832,#2852,#2853));
#2832 = ORIENTED_EDGE('',*,*,#2833,.F.);
#2833 = EDGE_CURVE('',#1954,#1842,#2834,.T.);
#2834 = SURFACE_CURVE('',#2835,(#2840,#2846),.PCURVE_S1.);
#2835 = CIRCLE('',#2836,10.);
#2836 = AXIS2_PLACEMENT_3D('',#2837,#2838,#2839);
#2837 = CARTESIAN_POINT('',(65.,-320.,750.));
#2838 = DIRECTION('',(0.,0.,1.));
#2839 = DIRECTION('',(1.,-1.224646799147E-16,0.));
#2840 = PCURVE('',#1858,#2841);
#2841 = DEFINITIONAL_REPRESENTATION('',(#2842),#2845);
#2842 = B_SPLINE_CURVE_WITH_KNOTS('',1,(#2843,#2844),.UNSPECIFIED.,.F.,
  .F.,(2,2),(4.712388980385,6.28318530718),.PIECEWISE_BEZIER_KNOTS.);
#2843 = CARTESIAN_POINT('',(0.,-1.570796326795));
#2844 = CARTESIAN_POINT('',(0.,0.));
#2845 = ( GEOMETRIC_REPRESENTATION_CONTEXT(2) 
PARAMETRIC_REPRESENTATION_CONTEXT() REPRESENTATION_CONTEXT('2D SPACE',''
  ) );
#2846 = PCURVE('',#1910,#2847);
#2847 = DEFINITIONAL_REPRESENTATION('',(#2848),#2851);
#2848 = B_SPLINE_CURVE_WITH_KNOTS('',1,(#2849,#2850),.UNSPECIFIED.,.F.,
  .F.,(2,2),(4.712388980385,6.28318530718),.PIECEWISE_BEZIER_KNOTS.);
#2849 = CARTESIAN_POINT('',(-1.570796326795,50.));
#2850 = CARTESIAN_POINT('',(0.,50.));
#2851 = ( GEOMETRIC_REPRESENTATION_CONTEXT(2) 
PARAMETRIC_REPRESENTATION_CONTEXT() REPRESENTATION_CONTEXT('2D SPACE',''
  ) );
#2852 = ORIENTED_EDGE('',*,*,#2705,.T.);
#2853 = ORIENTED_EDGE('',*,*,#1841,.F.);
#2854 = ADVANCED_FACE('',(#2855),#1910,.T.);
#2855 = FACE_BOUND('',#2856,.F.);
#2856 = EDGE_LOOP('',(#2857,#2858,#2859,#2860));
#2857 = ORIENTED_EDGE('',*,*,#1896,.F.);
#2858 = ORIENTED_EDGE('',*,*,#1928,.T.);
#2859 = ORIENTED_EDGE('',*,*,#1953,.T.);
#2860 = ORIENTED_EDGE('',*,*,#2833,.T.);
#2861 = ADVANCED_FACE('',(#2862),#2013,.T.);
#2862 = FACE_BOUND('',#2863,.T.);
#2863 = EDGE_LOOP('',(#2864,#2865,#2866,#2867));
#2864 = ORIENTED_EDGE('',*,*,#2107,.F.);
#2865 = ORIENTED_EDGE('',*,*,#2031,.T.);
#2866 = ORIENTED_EDGE('',*,*,#1999,.T.);
#2867 = ORIENTED_EDGE('',*,*,#2868,.T.);
#2868 = EDGE_CURVE('',#1977,#2108,#2869,.T.);
#2869 = SURFACE_CURVE('',#2870,(#2875,#2881),.PCURVE_S1.);
#2870 = CIRCLE('',#2871,10.);
#2871 = AXIS2_PLACEMENT_3D('',#2872,#2873,#2874);
#2872 = CARTESIAN_POINT('',(-265.,-320.,750.));
#2873 = DIRECTION('',(0.,0.,-1.));
#2874 = DIRECTION('',(-1.,1.224646799147E-16,0.));
#2875 = PCURVE('',#2013,#2876);
#2876 = DEFINITIONAL_REPRESENTATION('',(#2877),#2880);
#2877 = B_SPLINE_CURVE_WITH_KNOTS('',1,(#2878,#2879),.UNSPECIFIED.,.F.,
  .F.,(2,2),(4.712388980385,6.28318530718),.PIECEWISE_BEZIER_KNOTS.);
#2878 = CARTESIAN_POINT('',(1.570796326795,50.));
#2879 = CARTESIAN_POINT('',(0.,50.));
#2880 = ( GEOMETRIC_REPRESENTATION_CONTEXT(2) 
PARAMETRIC_REPRESENTATION_CONTEXT() REPRESENTATION_CONTEXT('2D SPACE',''
  ) );
#2881 = PCURVE('',#2740,#2882);
#2882 = DEFINITIONAL_REPRESENTATION('',(#2883),#2886);
#2883 = B_SPLINE_CURVE_WITH_KNOTS('',1,(#2884,#2885),.UNSPECIFIED.,.F.,
  .F.,(2,2),(4.712388980385,6.28318530718),.PIECEWISE_BEZIER_KNOTS.);
#2884 = CARTESIAN_POINT('',(0.,-1.570796326795));
#2885 = CARTESIAN_POINT('',(0.,0.));
#2886 = ( GEOMETRIC_REPRESENTATION_CONTEXT(2) 
PARAMETRIC_REPRESENTATION_CONTEXT() REPRESENTATION_CONTEXT('2D SPACE',''
  ) );
#2887 = ADVANCED_FACE('',(#2888),#1192,.T.);
#2888 = FACE_BOUND('',#2889,.F.);
#2889 = EDGE_LOOP('',(#2890,#2891,#2892,#2893));
#2890 = ORIENTED_EDGE('',*,*,#2083,.F.);
#2891 = ORIENTED_EDGE('',*,*,#2058,.T.);
#2892 = ORIENTED_EDGE('',*,*,#1176,.T.);
#2893 = ORIENTED_EDGE('',*,*,#2894,.F.);
#2894 = EDGE_CURVE('',#2084,#1177,#2895,.T.);
#2895 = SURFACE_CURVE('',#2896,(#2901,#2908),.PCURVE_S1.);
#2896 = CIRCLE('',#2897,10.);
#2897 = AXIS2_PLACEMENT_3D('',#2898,#2899,#2900);
#2898 = CARTESIAN_POINT('',(-265.,-260.,750.));
#2899 = DIRECTION('',(-0.,0.,-1.));
#2900 = DIRECTION('',(-1.,0.,0.));
#2901 = PCURVE('',#1192,#2902);
#2902 = DEFINITIONAL_REPRESENTATION('',(#2903),#2907);
#2903 = LINE('',#2904,#2905);
#2904 = CARTESIAN_POINT('',(-0.,50.));
#2905 = VECTOR('',#2906,1.);
#2906 = DIRECTION('',(-1.,0.));
#2907 = ( GEOMETRIC_REPRESENTATION_CONTEXT(2) 
PARAMETRIC_REPRESENTATION_CONTEXT() REPRESENTATION_CONTEXT('2D SPACE',''
  ) );
#2908 = PCURVE('',#2769,#2909);
#2909 = DEFINITIONAL_REPRESENTATION('',(#2910),#2914);
#2910 = LINE('',#2911,#2912);
#2911 = CARTESIAN_POINT('',(0.,0.));
#2912 = VECTOR('',#2913,1.);
#2913 = DIRECTION('',(1.,0.));
#2914 = ( GEOMETRIC_REPRESENTATION_CONTEXT(2) 
PARAMETRIC_REPRESENTATION_CONTEXT() REPRESENTATION_CONTEXT('2D SPACE',''
  ) );
#2915 = ADVANCED_FACE('',(#2916),#2170,.T.);
#2916 = FACE_BOUND('',#2917,.T.);
#2917 = EDGE_LOOP('',(#2918,#2919,#2920));
#2918 = ORIENTED_EDGE('',*,*,#2494,.F.);
#2919 = ORIENTED_EDGE('',*,*,#2156,.T.);
#2920 = ORIENTED_EDGE('',*,*,#2210,.F.);
#2921 = ADVANCED_FACE('',(#2922),#2247,.T.);
#2922 = FACE_BOUND('',#2923,.T.);
#2923 = EDGE_LOOP('',(#2924,#2925,#2926));
#2924 = ORIENTED_EDGE('',*,*,#2233,.F.);
#2925 = ORIENTED_EDGE('',*,*,#2311,.T.);
#2926 = ORIENTED_EDGE('',*,*,#2927,.F.);
#2927 = EDGE_CURVE('',#2188,#2289,#2928,.T.);
#2928 = SURFACE_CURVE('',#2929,(#2934,#2941),.PCURVE_S1.);
#2929 = CIRCLE('',#2930,20.);
#2930 = AXIS2_PLACEMENT_3D('',#2931,#2932,#2933);
#2931 = CARTESIAN_POINT('',(230.,-270.,1.21E+03));
#2932 = DIRECTION('',(-0.,-1.,0.));
#2933 = DIRECTION('',(1.,-0.,0.));
#2934 = PCURVE('',#2247,#2935);
#2935 = DEFINITIONAL_REPRESENTATION('',(#2936),#2940);
#2936 = LINE('',#2937,#2938);
#2937 = CARTESIAN_POINT('',(0.,0.));
#2938 = VECTOR('',#2939,1.);
#2939 = DIRECTION('',(1.,0.));
#2940 = ( GEOMETRIC_REPRESENTATION_CONTEXT(2) 
PARAMETRIC_REPRESENTATION_CONTEXT() REPRESENTATION_CONTEXT('2D SPACE',''
  ) );
#2941 = PCURVE('',#2561,#2942);
#2942 = DEFINITIONAL_REPRESENTATION('',(#2943),#2947);
#2943 = LINE('',#2944,#2945);
#2944 = CARTESIAN_POINT('',(-0.,40.));
#2945 = VECTOR('',#2946,1.);
#2946 = DIRECTION('',(-1.,0.));
#2947 = ( GEOMETRIC_REPRESENTATION_CONTEXT(2) 
PARAMETRIC_REPRESENTATION_CONTEXT() REPRESENTATION_CONTEXT('2D SPACE',''
  ) );
#2948 = ADVANCED_FACE('',(#2949),#2277,.T.);
#2949 = FACE_BOUND('',#2950,.F.);
#2950 = EDGE_LOOP('',(#2951,#2952,#2953));
#2951 = ORIENTED_EDGE('',*,*,#2450,.F.);
#2952 = ORIENTED_EDGE('',*,*,#2261,.T.);
#2953 = ORIENTED_EDGE('',*,*,#2954,.F.);
#2954 = EDGE_CURVE('',#2336,#2262,#2955,.T.);
#2955 = SURFACE_CURVE('',#2956,(#2961,#2968),.PCURVE_S1.);
#2956 = CIRCLE('',#2957,20.);
#2957 = AXIS2_PLACEMENT_3D('',#2958,#2959,#2960);
#2958 = CARTESIAN_POINT('',(-230.,-270.,1.21E+03));
#2959 = DIRECTION('',(0.,1.,0.));
#2960 = DIRECTION('',(-1.,0.,0.));
#2961 = PCURVE('',#2277,#2962);
#2962 = DEFINITIONAL_REPRESENTATION('',(#2963),#2967);
#2963 = LINE('',#2964,#2965);
#2964 = CARTESIAN_POINT('',(-0.,0.));
#2965 = VECTOR('',#2966,1.);
#2966 = DIRECTION('',(-1.,0.));
#2967 = ( GEOMETRIC_REPRESENTATION_CONTEXT(2) 
PARAMETRIC_REPRESENTATION_CONTEXT() REPRESENTATION_CONTEXT('2D SPACE',''
  ) );
#2968 = PCURVE('',#2615,#2969);
#2969 = DEFINITIONAL_REPRESENTATION('',(#2970),#2974);
#2970 = LINE('',#2971,#2972);
#2971 = CARTESIAN_POINT('',(0.,40.));
#2972 = VECTOR('',#2973,1.);
#2973 = DIRECTION('',(1.,0.));
#2974 = ( GEOMETRIC_REPRESENTATION_CONTEXT(2) 
PARAMETRIC_REPRESENTATION_CONTEXT() REPRESENTATION_CONTEXT('2D SPACE',''
  ) );
#2975 = ADVANCED_FACE('',(#2976),#2561,.T.);
#2976 = FACE_BOUND('',#2977,.F.);
#2977 = EDGE_LOOP('',(#2978,#2979,#2980,#2981));
#2978 = ORIENTED_EDGE('',*,*,#2576,.F.);
#2979 = ORIENTED_EDGE('',*,*,#2653,.T.);
#2980 = ORIENTED_EDGE('',*,*,#2927,.F.);
#2981 = ORIENTED_EDGE('',*,*,#2547,.F.);
#2982 = ADVANCED_FACE('',(#2983),#2615,.T.);
#2983 = FACE_BOUND('',#2984,.T.);
#2984 = EDGE_LOOP('',(#2985,#2986,#2987,#2988));
#2985 = ORIENTED_EDGE('',*,*,#2601,.F.);
#2986 = ORIENTED_EDGE('',*,*,#2631,.T.);
#2987 = ORIENTED_EDGE('',*,*,#2954,.F.);
#2988 = ORIENTED_EDGE('',*,*,#2681,.F.);
#2989 = ADVANCED_FACE('',(#2990),#2740,.T.);
#2990 = FACE_BOUND('',#2991,.T.);
#2991 = EDGE_LOOP('',(#2992,#2993,#2994));
#2992 = ORIENTED_EDGE('',*,*,#2868,.F.);
#2993 = ORIENTED_EDGE('',*,*,#2726,.T.);
#2994 = ORIENTED_EDGE('',*,*,#2781,.F.);
#2995 = ADVANCED_FACE('',(#2996),#2769,.T.);
#2996 = FACE_BOUND('',#2997,.T.);
#2997 = EDGE_LOOP('',(#2998,#2999,#3000));
#2998 = ORIENTED_EDGE('',*,*,#2755,.F.);
#2999 = ORIENTED_EDGE('',*,*,#2809,.T.);
#3000 = ORIENTED_EDGE('',*,*,#2894,.F.);
#3001 = ( GEOMETRIC_REPRESENTATION_CONTEXT(3) 
GLOBAL_UNCERTAINTY_ASSIGNED_CONTEXT((#3005)) 
GLOBAL_UNIT_ASSIGNED_CONTEXT((#3002,#3003,#3004)) REPRESENTATION_CONTEXT
('Context #1','3D Context with UNIT and UNCERTAINTY') );
#3002 = ( LENGTH_UNIT() NAMED_UNIT(*) SI_UNIT(.MILLI.,.METRE.) );
#3003 = ( NAMED_UNIT(*) PLANE_ANGLE_UNIT() SI_UNIT($,.RADIAN.) );
#3004 = ( NAMED_UNIT(*) SI_UNIT($,.STERADIAN.) SOLID_ANGLE_UNIT() );
#3005 = UNCERTAINTY_MEASURE_WITH_UNIT(LENGTH_MEASURE(1.E-07),#3002,
  'distance_accuracy_value','confusion accuracy');
#3006 = CONTEXT_DEPENDENT_SHAPE_REPRESENTATION(#3007,#3009);
#3007 = ( REPRESENTATION_RELATIONSHIP('','',#40,#10) 
REPRESENTATION_RELATIONSHIP_WITH_TRANSFORMATION(#3008) 
SHAPE_REPRESENTATION_RELATIONSHIP() );
#3008 = ITEM_DEFINED_TRANSFORMATION('','',#11,#15);
#3009 = PRODUCT_DEFINITION_SHAPE('Placement','Placement of an item',
  #3010);
#3010 = NEXT_ASSEMBLY_USAGE_OCCURRENCE('1','','',#5,#35,$);
#3011 = PRODUCT_RELATED_PRODUCT_CATEGORY('part',$,(#37));
#3012 = SHAPE_DEFINITION_REPRESENTATION(#3013,#3019);
#3013 = PRODUCT_DEFINITION_SHAPE('','',#3014);
#3014 = PRODUCT_DEFINITION('design','',#3015,#3018);
#3015 = PRODUCT_DEFINITION_FORMATION('','',#3016);
#3016 = PRODUCT('Open CASCADE STEP translator 7.8 1.2',
  'Open CASCADE STEP translator 7.8 1.2','',(#3017));
#3017 = PRODUCT_CONTEXT('',#2,'mechanical');
#3018 = PRODUCT_DEFINITION_CONTEXT('part definition',#2,'design');
#3019 = ADVANCED_BREP_SHAPE_REPRESENTATION('',(#11,#3020),#14512);
#3020 = MANIFOLD_SOLID_BREP('',#3021);
#3021 = CLOSED_SHELL('',(#3022,#3142,#3230,#3309,#3390,#3466,#3496,#3526
    ,#3602,#3714,#3739,#3820,#3845,#3921,#3952,#3983,#4061,#4092,#4159,
    #4214,#4245,#4314,#4381,#4387,#4393,#4400,#4406,#4441,#4447,#6686,
    #6819,#6823,#6912,#7044,#7132,#7264,#7352,#7484,#7572,#7704,#7792,
    #7875,#7956,#8030,#8060,#8090,#8166,#8249,#8330,#8404,#8434,#8464,
    #8540,#8623,#8704,#8778,#8808,#8838,#8914,#8997,#9078,#9152,#9182,
    #9212,#9288,#9371,#9452,#9526,#9556,#9586,#9662,#9692,#9768,#9798,
    #9874,#10051,#10082,#10113,#10189,#10219,#10295,#10325,#10401,#10578
    ,#10609,#10640,#10716,#10746,#10822,#10852,#10928,#11105,#11136,
    #11167,#11243,#11273,#11349,#11379,#11455,#11632,#11663,#11694,
    #11770,#11800,#11876,#11906,#11982,#12159,#12190,#12221,#12297,
    #12328,#12399,#12430,#12499,#12640,#12671,#12703,#12709,#12715,
    #12721,#12728,#12759,#12830,#12861,#12930,#13071,#13102,#13134,
    #13140,#13146,#13152,#13159,#13190,#13261,#13292,#13361,#13502,
    #13533,#13565,#13571,#13577,#13583,#13590,#13621,#13692,#13723,
    #13792,#13933,#13964,#13996,#14002,#14008,#14014,#14021,#14052,
    #14123,#14154,#14223,#14364,#14395,#14427,#14433,#14439,#14445,
    #14452,#14458,#14464,#14470,#14476,#14482,#14488,#14494,#14500,
    #14506));
#3022 = ADVANCED_FACE('',(#3023),#3037,.F.);
#3023 = FACE_BOUND('',#3024,.F.);
#3024 = EDGE_LOOP('',(#3025,#3060,#3088,#3116));
#3025 = ORIENTED_EDGE('',*,*,#3026,.F.);
#3026 = EDGE_CURVE('',#3027,#3029,#3031,.T.);
#3027 = VERTEX_POINT('',#3028);
#3028 = CARTESIAN_POINT('',(-250.,-230.,470.));
#3029 = VERTEX_POINT('',#3030);
#3030 = CARTESIAN_POINT('',(-250.,-230.,510.));
#3031 = SURFACE_CURVE('',#3032,(#3036,#3048),.PCURVE_S1.);
#3032 = LINE('',#3033,#3034);
#3033 = CARTESIAN_POINT('',(-250.,-230.,450.));
#3034 = VECTOR('',#3035,1.);
#3035 = DIRECTION('',(0.,0.,1.));
#3036 = PCURVE('',#3037,#3042);
#3037 = PLANE('',#3038);
#3038 = AXIS2_PLACEMENT_3D('',#3039,#3040,#3041);
#3039 = CARTESIAN_POINT('',(-250.,-250.,450.));
#3040 = DIRECTION('',(1.,0.,0.));
#3041 = DIRECTION('',(0.,0.,1.));
#3042 = DEFINITIONAL_REPRESENTATION('',(#3043),#3047);
#3043 = LINE('',#3044,#3045);
#3044 = CARTESIAN_POINT('',(0.,-20.));
#3045 = VECTOR('',#3046,1.);
#3046 = DIRECTION('',(1.,0.));
#3047 = ( GEOMETRIC_REPRESENTATION_CONTEXT(2) 
PARAMETRIC_REPRESENTATION_CONTEXT() REPRESENTATION_CONTEXT('2D SPACE',''
  ) );
#3048 = PCURVE('',#3049,#3054);
#3049 = CYLINDRICAL_SURFACE('',#3050,20.);
#3050 = AXIS2_PLACEMENT_3D('',#3051,#3052,#3053);
#3051 = CARTESIAN_POINT('',(-230.,-230.,450.));
#3052 = DIRECTION('',(0.,0.,1.));
#3053 = DIRECTION('',(-1.,-0.,0.));
#3054 = DEFINITIONAL_REPRESENTATION('',(#3055),#3059);
#3055 = LINE('',#3056,#3057);
#3056 = CARTESIAN_POINT('',(0.,0.));
#3057 = VECTOR('',#3058,1.);
#3058 = DIRECTION('',(0.,1.));
#3059 = ( GEOMETRIC_REPRESENTATION_CONTEXT(2) 
PARAMETRIC_REPRESENTATION_CONTEXT() REPRESENTATION_CONTEXT('2D SPACE',''
  ) );
#3060 = ORIENTED_EDGE('',*,*,#3061,.T.);
#3061 = EDGE_CURVE('',#3027,#3062,#3064,.T.);
#3062 = VERTEX_POINT('',#3063);
#3063 = CARTESIAN_POINT('',(-250.,230.,470.));
#3064 = SURFACE_CURVE('',#3065,(#3069,#3076),.PCURVE_S1.);
#3065 = LINE('',#3066,#3067);
#3066 = CARTESIAN_POINT('',(-250.,-250.,470.));
#3067 = VECTOR('',#3068,1.);
#3068 = DIRECTION('',(0.,1.,0.));
#3069 = PCURVE('',#3037,#3070);
#3070 = DEFINITIONAL_REPRESENTATION('',(#3071),#3075);
#3071 = LINE('',#3072,#3073);
#3072 = CARTESIAN_POINT('',(20.,0.));
#3073 = VECTOR('',#3074,1.);
#3074 = DIRECTION('',(0.,-1.));
#3075 = ( GEOMETRIC_REPRESENTATION_CONTEXT(2) 
PARAMETRIC_REPRESENTATION_CONTEXT() REPRESENTATION_CONTEXT('2D SPACE',''
  ) );
#3076 = PCURVE('',#3077,#3082);
#3077 = CYLINDRICAL_SURFACE('',#3078,20.);
#3078 = AXIS2_PLACEMENT_3D('',#3079,#3080,#3081);
#3079 = CARTESIAN_POINT('',(-230.,-250.,470.));
#3080 = DIRECTION('',(0.,1.,0.));
#3081 = DIRECTION('',(-1.,0.,0.));
#3082 = DEFINITIONAL_REPRESENTATION('',(#3083),#3087);
#3083 = LINE('',#3084,#3085);
#3084 = CARTESIAN_POINT('',(-0.,0.));
#3085 = VECTOR('',#3086,1.);
#3086 = DIRECTION('',(-0.,1.));
#3087 = ( GEOMETRIC_REPRESENTATION_CONTEXT(2) 
PARAMETRIC_REPRESENTATION_CONTEXT() REPRESENTATION_CONTEXT('2D SPACE',''
  ) );
#3088 = ORIENTED_EDGE('',*,*,#3089,.T.);
#3089 = EDGE_CURVE('',#3062,#3090,#3092,.T.);
#3090 = VERTEX_POINT('',#3091);
#3091 = CARTESIAN_POINT('',(-250.,230.,510.));
#3092 = SURFACE_CURVE('',#3093,(#3097,#3104),.PCURVE_S1.);
#3093 = LINE('',#3094,#3095);
#3094 = CARTESIAN_POINT('',(-250.,230.,450.));
#3095 = VECTOR('',#3096,1.);
#3096 = DIRECTION('',(0.,0.,1.));
#3097 = PCURVE('',#3037,#3098);
#3098 = DEFINITIONAL_REPRESENTATION('',(#3099),#3103);
#3099 = LINE('',#3100,#3101);
#3100 = CARTESIAN_POINT('',(0.,-480.));
#3101 = VECTOR('',#3102,1.);
#3102 = DIRECTION('',(1.,0.));
#3103 = ( GEOMETRIC_REPRESENTATION_CONTEXT(2) 
PARAMETRIC_REPRESENTATION_CONTEXT() REPRESENTATION_CONTEXT('2D SPACE',''
  ) );
#3104 = PCURVE('',#3105,#3110);
#3105 = CYLINDRICAL_SURFACE('',#3106,20.);
#3106 = AXIS2_PLACEMENT_3D('',#3107,#3108,#3109);
#3107 = CARTESIAN_POINT('',(-230.,230.,450.));
#3108 = DIRECTION('',(0.,0.,1.));
#3109 = DIRECTION('',(-1.,-0.,0.));
#3110 = DEFINITIONAL_REPRESENTATION('',(#3111),#3115);
#3111 = LINE('',#3112,#3113);
#3112 = CARTESIAN_POINT('',(-0.,0.));
#3113 = VECTOR('',#3114,1.);
#3114 = DIRECTION('',(-0.,1.));
#3115 = ( GEOMETRIC_REPRESENTATION_CONTEXT(2) 
PARAMETRIC_REPRESENTATION_CONTEXT() REPRESENTATION_CONTEXT('2D SPACE',''
  ) );
#3116 = ORIENTED_EDGE('',*,*,#3117,.F.);
#3117 = EDGE_CURVE('',#3029,#3090,#3118,.T.);
#3118 = SURFACE_CURVE('',#3119,(#3123,#3130),.PCURVE_S1.);
#3119 = LINE('',#3120,#3121);
#3120 = CARTESIAN_POINT('',(-250.,-250.,510.));
#3121 = VECTOR('',#3122,1.);
#3122 = DIRECTION('',(0.,1.,0.));
#3123 = PCURVE('',#3037,#3124);
#3124 = DEFINITIONAL_REPRESENTATION('',(#3125),#3129);
#3125 = LINE('',#3126,#3127);
#3126 = CARTESIAN_POINT('',(60.,0.));
#3127 = VECTOR('',#3128,1.);
#3128 = DIRECTION('',(0.,-1.));
#3129 = ( GEOMETRIC_REPRESENTATION_CONTEXT(2) 
PARAMETRIC_REPRESENTATION_CONTEXT() REPRESENTATION_CONTEXT('2D SPACE',''
  ) );
#3130 = PCURVE('',#3131,#3136);
#3131 = CYLINDRICAL_SURFACE('',#3132,20.);
#3132 = AXIS2_PLACEMENT_3D('',#3133,#3134,#3135);
#3133 = CARTESIAN_POINT('',(-230.,-250.,510.));
#3134 = DIRECTION('',(0.,1.,0.));
#3135 = DIRECTION('',(-1.,0.,0.));
#3136 = DEFINITIONAL_REPRESENTATION('',(#3137),#3141);
#3137 = LINE('',#3138,#3139);
#3138 = CARTESIAN_POINT('',(0.,0.));
#3139 = VECTOR('',#3140,1.);
#3140 = DIRECTION('',(0.,1.));
#3141 = ( GEOMETRIC_REPRESENTATION_CONTEXT(2) 
PARAMETRIC_REPRESENTATION_CONTEXT() REPRESENTATION_CONTEXT('2D SPACE',''
  ) );
#3142 = ADVANCED_FACE('',(#3143),#3049,.T.);
#3143 = FACE_BOUND('',#3144,.T.);
#3144 = EDGE_LOOP('',(#3145,#3146,#3175,#3203));
#3145 = ORIENTED_EDGE('',*,*,#3026,.F.);
#3146 = ORIENTED_EDGE('',*,*,#3147,.T.);
#3147 = EDGE_CURVE('',#3027,#3148,#3150,.T.);
#3148 = VERTEX_POINT('',#3149);
#3149 = CARTESIAN_POINT('',(-230.,-250.,470.));
#3150 = SURFACE_CURVE('',#3151,(#3156,#3163),.PCURVE_S1.);
#3151 = CIRCLE('',#3152,20.);
#3152 = AXIS2_PLACEMENT_3D('',#3153,#3154,#3155);
#3153 = CARTESIAN_POINT('',(-230.,-230.,470.));
#3154 = DIRECTION('',(0.,0.,1.));
#3155 = DIRECTION('',(-1.,0.,0.));
#3156 = PCURVE('',#3049,#3157);
#3157 = DEFINITIONAL_REPRESENTATION('',(#3158),#3162);
#3158 = LINE('',#3159,#3160);
#3159 = CARTESIAN_POINT('',(0.,20.));
#3160 = VECTOR('',#3161,1.);
#3161 = DIRECTION('',(1.,0.));
#3162 = ( GEOMETRIC_REPRESENTATION_CONTEXT(2) 
PARAMETRIC_REPRESENTATION_CONTEXT() REPRESENTATION_CONTEXT('2D SPACE',''
  ) );
#3163 = PCURVE('',#3164,#3169);
#3164 = SPHERICAL_SURFACE('',#3165,20.);
#3165 = AXIS2_PLACEMENT_3D('',#3166,#3167,#3168);
#3166 = CARTESIAN_POINT('',(-230.,-230.,470.));
#3167 = DIRECTION('',(0.,0.,1.));
#3168 = DIRECTION('',(-1.,0.,0.));
#3169 = DEFINITIONAL_REPRESENTATION('',(#3170),#3174);
#3170 = LINE('',#3171,#3172);
#3171 = CARTESIAN_POINT('',(0.,0.));
#3172 = VECTOR('',#3173,1.);
#3173 = DIRECTION('',(1.,0.));
#3174 = ( GEOMETRIC_REPRESENTATION_CONTEXT(2) 
PARAMETRIC_REPRESENTATION_CONTEXT() REPRESENTATION_CONTEXT('2D SPACE',''
  ) );
#3175 = ORIENTED_EDGE('',*,*,#3176,.T.);
#3176 = EDGE_CURVE('',#3148,#3177,#3179,.T.);
#3177 = VERTEX_POINT('',#3178);
#3178 = CARTESIAN_POINT('',(-230.,-250.,510.));
#3179 = SURFACE_CURVE('',#3180,(#3184,#3191),.PCURVE_S1.);
#3180 = LINE('',#3181,#3182);
#3181 = CARTESIAN_POINT('',(-230.,-250.,450.));
#3182 = VECTOR('',#3183,1.);
#3183 = DIRECTION('',(0.,0.,1.));
#3184 = PCURVE('',#3049,#3185);
#3185 = DEFINITIONAL_REPRESENTATION('',(#3186),#3190);
#3186 = LINE('',#3187,#3188);
#3187 = CARTESIAN_POINT('',(1.570796326795,0.));
#3188 = VECTOR('',#3189,1.);
#3189 = DIRECTION('',(0.,1.));
#3190 = ( GEOMETRIC_REPRESENTATION_CONTEXT(2) 
PARAMETRIC_REPRESENTATION_CONTEXT() REPRESENTATION_CONTEXT('2D SPACE',''
  ) );
#3191 = PCURVE('',#3192,#3197);
#3192 = PLANE('',#3193);
#3193 = AXIS2_PLACEMENT_3D('',#3194,#3195,#3196);
#3194 = CARTESIAN_POINT('',(-250.,-250.,450.));
#3195 = DIRECTION('',(0.,1.,0.));
#3196 = DIRECTION('',(0.,0.,1.));
#3197 = DEFINITIONAL_REPRESENTATION('',(#3198),#3202);
#3198 = LINE('',#3199,#3200);
#3199 = CARTESIAN_POINT('',(0.,20.));
#3200 = VECTOR('',#3201,1.);
#3201 = DIRECTION('',(1.,0.));
#3202 = ( GEOMETRIC_REPRESENTATION_CONTEXT(2) 
PARAMETRIC_REPRESENTATION_CONTEXT() REPRESENTATION_CONTEXT('2D SPACE',''
  ) );
#3203 = ORIENTED_EDGE('',*,*,#3204,.F.);
#3204 = EDGE_CURVE('',#3029,#3177,#3205,.T.);
#3205 = SURFACE_CURVE('',#3206,(#3211,#3218),.PCURVE_S1.);
#3206 = CIRCLE('',#3207,20.);
#3207 = AXIS2_PLACEMENT_3D('',#3208,#3209,#3210);
#3208 = CARTESIAN_POINT('',(-230.,-230.,510.));
#3209 = DIRECTION('',(0.,0.,1.));
#3210 = DIRECTION('',(-1.,0.,0.));
#3211 = PCURVE('',#3049,#3212);
#3212 = DEFINITIONAL_REPRESENTATION('',(#3213),#3217);
#3213 = LINE('',#3214,#3215);
#3214 = CARTESIAN_POINT('',(0.,60.));
#3215 = VECTOR('',#3216,1.);
#3216 = DIRECTION('',(1.,0.));
#3217 = ( GEOMETRIC_REPRESENTATION_CONTEXT(2) 
PARAMETRIC_REPRESENTATION_CONTEXT() REPRESENTATION_CONTEXT('2D SPACE',''
  ) );
#3218 = PCURVE('',#3219,#3224);
#3219 = SPHERICAL_SURFACE('',#3220,20.);
#3220 = AXIS2_PLACEMENT_3D('',#3221,#3222,#3223);
#3221 = CARTESIAN_POINT('',(-230.,-230.,510.));
#3222 = DIRECTION('',(-0.,-0.,-1.));
#3223 = DIRECTION('',(-1.,0.,0.));
#3224 = DEFINITIONAL_REPRESENTATION('',(#3225),#3229);
#3225 = LINE('',#3226,#3227);
#3226 = CARTESIAN_POINT('',(-0.,0.));
#3227 = VECTOR('',#3228,1.);
#3228 = DIRECTION('',(-1.,0.));
#3229 = ( GEOMETRIC_REPRESENTATION_CONTEXT(2) 
PARAMETRIC_REPRESENTATION_CONTEXT() REPRESENTATION_CONTEXT('2D SPACE',''
  ) );
#3230 = ADVANCED_FACE('',(#3231),#3077,.T.);
#3231 = FACE_BOUND('',#3232,.F.);
#3232 = EDGE_LOOP('',(#3233,#3255,#3283,#3308));
#3233 = ORIENTED_EDGE('',*,*,#3234,.F.);
#3234 = EDGE_CURVE('',#3235,#3027,#3237,.T.);
#3235 = VERTEX_POINT('',#3236);
#3236 = CARTESIAN_POINT('',(-230.,-230.,450.));
#3237 = SURFACE_CURVE('',#3238,(#3243,#3249),.PCURVE_S1.);
#3238 = CIRCLE('',#3239,20.);
#3239 = AXIS2_PLACEMENT_3D('',#3240,#3241,#3242);
#3240 = CARTESIAN_POINT('',(-230.,-230.,470.));
#3241 = DIRECTION('',(0.,1.,-0.));
#3242 = DIRECTION('',(-1.,0.,0.));
#3243 = PCURVE('',#3077,#3244);
#3244 = DEFINITIONAL_REPRESENTATION('',(#3245),#3248);
#3245 = B_SPLINE_CURVE_WITH_KNOTS('',1,(#3246,#3247),.UNSPECIFIED.,.F.,
  .F.,(2,2),(4.712388980385,6.28318530718),.PIECEWISE_BEZIER_KNOTS.);
#3246 = CARTESIAN_POINT('',(-1.570796326795,20.));
#3247 = CARTESIAN_POINT('',(0.,20.));
#3248 = ( GEOMETRIC_REPRESENTATION_CONTEXT(2) 
PARAMETRIC_REPRESENTATION_CONTEXT() REPRESENTATION_CONTEXT('2D SPACE',''
  ) );
#3249 = PCURVE('',#3164,#3250);
#3250 = DEFINITIONAL_REPRESENTATION('',(#3251),#3254);
#3251 = B_SPLINE_CURVE_WITH_KNOTS('',1,(#3252,#3253),.UNSPECIFIED.,.F.,
  .F.,(2,2),(4.712388980385,6.28318530718),.PIECEWISE_BEZIER_KNOTS.);
#3252 = CARTESIAN_POINT('',(0.,-1.570796326795));
#3253 = CARTESIAN_POINT('',(0.,0.));
#3254 = ( GEOMETRIC_REPRESENTATION_CONTEXT(2) 
PARAMETRIC_REPRESENTATION_CONTEXT() REPRESENTATION_CONTEXT('2D SPACE',''
  ) );
#3255 = ORIENTED_EDGE('',*,*,#3256,.T.);
#3256 = EDGE_CURVE('',#3235,#3257,#3259,.T.);
#3257 = VERTEX_POINT('',#3258);
#3258 = CARTESIAN_POINT('',(-230.,230.,450.));
#3259 = SURFACE_CURVE('',#3260,(#3264,#3271),.PCURVE_S1.);
#3260 = LINE('',#3261,#3262);
#3261 = CARTESIAN_POINT('',(-230.,-250.,450.));
#3262 = VECTOR('',#3263,1.);
#3263 = DIRECTION('',(0.,1.,0.));
#3264 = PCURVE('',#3077,#3265);
#3265 = DEFINITIONAL_REPRESENTATION('',(#3266),#3270);
#3266 = LINE('',#3267,#3268);
#3267 = CARTESIAN_POINT('',(-1.570796326795,0.));
#3268 = VECTOR('',#3269,1.);
#3269 = DIRECTION('',(-0.,1.));
#3270 = ( GEOMETRIC_REPRESENTATION_CONTEXT(2) 
PARAMETRIC_REPRESENTATION_CONTEXT() REPRESENTATION_CONTEXT('2D SPACE',''
  ) );
#3271 = PCURVE('',#3272,#3277);
#3272 = PLANE('',#3273);
#3273 = AXIS2_PLACEMENT_3D('',#3274,#3275,#3276);
#3274 = CARTESIAN_POINT('',(-250.,-250.,450.));
#3275 = DIRECTION('',(0.,0.,1.));
#3276 = DIRECTION('',(1.,0.,0.));
#3277 = DEFINITIONAL_REPRESENTATION('',(#3278),#3282);
#3278 = LINE('',#3279,#3280);
#3279 = CARTESIAN_POINT('',(20.,0.));
#3280 = VECTOR('',#3281,1.);
#3281 = DIRECTION('',(0.,1.));
#3282 = ( GEOMETRIC_REPRESENTATION_CONTEXT(2) 
PARAMETRIC_REPRESENTATION_CONTEXT() REPRESENTATION_CONTEXT('2D SPACE',''
  ) );
#3283 = ORIENTED_EDGE('',*,*,#3284,.T.);
#3284 = EDGE_CURVE('',#3257,#3062,#3285,.T.);
#3285 = SURFACE_CURVE('',#3286,(#3291,#3297),.PCURVE_S1.);
#3286 = CIRCLE('',#3287,20.);
#3287 = AXIS2_PLACEMENT_3D('',#3288,#3289,#3290);
#3288 = CARTESIAN_POINT('',(-230.,230.,470.));
#3289 = DIRECTION('',(0.,1.,-0.));
#3290 = DIRECTION('',(-1.,0.,0.));
#3291 = PCURVE('',#3077,#3292);
#3292 = DEFINITIONAL_REPRESENTATION('',(#3293),#3296);
#3293 = B_SPLINE_CURVE_WITH_KNOTS('',1,(#3294,#3295),.UNSPECIFIED.,.F.,
  .F.,(2,2),(4.712388980385,6.28318530718),.PIECEWISE_BEZIER_KNOTS.);
#3294 = CARTESIAN_POINT('',(-1.570796326795,480.));
#3295 = CARTESIAN_POINT('',(0.,480.));
#3296 = ( GEOMETRIC_REPRESENTATION_CONTEXT(2) 
PARAMETRIC_REPRESENTATION_CONTEXT() REPRESENTATION_CONTEXT('2D SPACE',''
  ) );
#3297 = PCURVE('',#3298,#3303);
#3298 = SPHERICAL_SURFACE('',#3299,20.);
#3299 = AXIS2_PLACEMENT_3D('',#3300,#3301,#3302);
#3300 = CARTESIAN_POINT('',(-230.,230.,470.));
#3301 = DIRECTION('',(0.,0.,1.));
#3302 = DIRECTION('',(-1.,0.,0.));
#3303 = DEFINITIONAL_REPRESENTATION('',(#3304),#3307);
#3304 = B_SPLINE_CURVE_WITH_KNOTS('',1,(#3305,#3306),.UNSPECIFIED.,.F.,
  .F.,(2,2),(4.712388980385,6.28318530718),.PIECEWISE_BEZIER_KNOTS.);
#3305 = CARTESIAN_POINT('',(0.,-1.570796326795));
#3306 = CARTESIAN_POINT('',(0.,0.));
#3307 = ( GEOMETRIC_REPRESENTATION_CONTEXT(2) 
PARAMETRIC_REPRESENTATION_CONTEXT() REPRESENTATION_CONTEXT('2D SPACE',''
  ) );
#3308 = ORIENTED_EDGE('',*,*,#3061,.F.);
#3309 = ADVANCED_FACE('',(#3310),#3131,.T.);
#3310 = FACE_BOUND('',#3311,.T.);
#3311 = EDGE_LOOP('',(#3312,#3334,#3362,#3389));
#3312 = ORIENTED_EDGE('',*,*,#3313,.F.);
#3313 = EDGE_CURVE('',#3314,#3029,#3316,.T.);
#3314 = VERTEX_POINT('',#3315);
#3315 = CARTESIAN_POINT('',(-230.,-230.,530.));
#3316 = SURFACE_CURVE('',#3317,(#3322,#3328),.PCURVE_S1.);
#3317 = CIRCLE('',#3318,20.);
#3318 = AXIS2_PLACEMENT_3D('',#3319,#3320,#3321);
#3319 = CARTESIAN_POINT('',(-230.,-230.,510.));
#3320 = DIRECTION('',(0.,-1.,0.));
#3321 = DIRECTION('',(-1.,0.,0.));
#3322 = PCURVE('',#3131,#3323);
#3323 = DEFINITIONAL_REPRESENTATION('',(#3324),#3327);
#3324 = B_SPLINE_CURVE_WITH_KNOTS('',1,(#3325,#3326),.UNSPECIFIED.,.F.,
  .F.,(2,2),(4.712388980385,6.28318530718),.PIECEWISE_BEZIER_KNOTS.);
#3325 = CARTESIAN_POINT('',(1.570796326795,20.));
#3326 = CARTESIAN_POINT('',(0.,20.));
#3327 = ( GEOMETRIC_REPRESENTATION_CONTEXT(2) 
PARAMETRIC_REPRESENTATION_CONTEXT() REPRESENTATION_CONTEXT('2D SPACE',''
  ) );
#3328 = PCURVE('',#3219,#3329);
#3329 = DEFINITIONAL_REPRESENTATION('',(#3330),#3333);
#3330 = B_SPLINE_CURVE_WITH_KNOTS('',1,(#3331,#3332),.UNSPECIFIED.,.F.,
  .F.,(2,2),(4.712388980385,6.28318530718),.PIECEWISE_BEZIER_KNOTS.);
#3331 = CARTESIAN_POINT('',(0.,-1.570796326795));
#3332 = CARTESIAN_POINT('',(0.,0.));
#3333 = ( GEOMETRIC_REPRESENTATION_CONTEXT(2) 
PARAMETRIC_REPRESENTATION_CONTEXT() REPRESENTATION_CONTEXT('2D SPACE',''
  ) );
#3334 = ORIENTED_EDGE('',*,*,#3335,.T.);
#3335 = EDGE_CURVE('',#3314,#3336,#3338,.T.);
#3336 = VERTEX_POINT('',#3337);
#3337 = CARTESIAN_POINT('',(-230.,230.,530.));
#3338 = SURFACE_CURVE('',#3339,(#3343,#3350),.PCURVE_S1.);
#3339 = LINE('',#3340,#3341);
#3340 = CARTESIAN_POINT('',(-230.,-250.,530.));
#3341 = VECTOR('',#3342,1.);
#3342 = DIRECTION('',(0.,1.,0.));
#3343 = PCURVE('',#3131,#3344);
#3344 = DEFINITIONAL_REPRESENTATION('',(#3345),#3349);
#3345 = LINE('',#3346,#3347);
#3346 = CARTESIAN_POINT('',(1.570796326795,0.));
#3347 = VECTOR('',#3348,1.);
#3348 = DIRECTION('',(0.,1.));
#3349 = ( GEOMETRIC_REPRESENTATION_CONTEXT(2) 
PARAMETRIC_REPRESENTATION_CONTEXT() REPRESENTATION_CONTEXT('2D SPACE',''
  ) );
#3350 = PCURVE('',#3351,#3356);
#3351 = PLANE('',#3352);
#3352 = AXIS2_PLACEMENT_3D('',#3353,#3354,#3355);
#3353 = CARTESIAN_POINT('',(-250.,-250.,530.));
#3354 = DIRECTION('',(0.,0.,1.));
#3355 = DIRECTION('',(1.,0.,0.));
#3356 = DEFINITIONAL_REPRESENTATION('',(#3357),#3361);
#3357 = LINE('',#3358,#3359);
#3358 = CARTESIAN_POINT('',(20.,0.));
#3359 = VECTOR('',#3360,1.);
#3360 = DIRECTION('',(0.,1.));
#3361 = ( GEOMETRIC_REPRESENTATION_CONTEXT(2) 
PARAMETRIC_REPRESENTATION_CONTEXT() REPRESENTATION_CONTEXT('2D SPACE',''
  ) );
#3362 = ORIENTED_EDGE('',*,*,#3363,.F.);
#3363 = EDGE_CURVE('',#3090,#3336,#3364,.T.);
#3364 = SURFACE_CURVE('',#3365,(#3370,#3377),.PCURVE_S1.);
#3365 = CIRCLE('',#3366,20.);
#3366 = AXIS2_PLACEMENT_3D('',#3367,#3368,#3369);
#3367 = CARTESIAN_POINT('',(-230.,230.,510.));
#3368 = DIRECTION('',(0.,1.,0.));
#3369 = DIRECTION('',(-1.,0.,0.));
#3370 = PCURVE('',#3131,#3371);
#3371 = DEFINITIONAL_REPRESENTATION('',(#3372),#3376);
#3372 = LINE('',#3373,#3374);
#3373 = CARTESIAN_POINT('',(0.,480.));
#3374 = VECTOR('',#3375,1.);
#3375 = DIRECTION('',(1.,0.));
#3376 = ( GEOMETRIC_REPRESENTATION_CONTEXT(2) 
PARAMETRIC_REPRESENTATION_CONTEXT() REPRESENTATION_CONTEXT('2D SPACE',''
  ) );
#3377 = PCURVE('',#3378,#3383);
#3378 = SPHERICAL_SURFACE('',#3379,20.);
#3379 = AXIS2_PLACEMENT_3D('',#3380,#3381,#3382);
#3380 = CARTESIAN_POINT('',(-230.,230.,510.));
#3381 = DIRECTION('',(-0.,-1.,-0.));
#3382 = DIRECTION('',(-1.,0.,0.));
#3383 = DEFINITIONAL_REPRESENTATION('',(#3384),#3388);
#3384 = LINE('',#3385,#3386);
#3385 = CARTESIAN_POINT('',(-0.,0.));
#3386 = VECTOR('',#3387,1.);
#3387 = DIRECTION('',(-1.,0.));
#3388 = ( GEOMETRIC_REPRESENTATION_CONTEXT(2) 
PARAMETRIC_REPRESENTATION_CONTEXT() REPRESENTATION_CONTEXT('2D SPACE',''
  ) );
#3389 = ORIENTED_EDGE('',*,*,#3117,.F.);
#3390 = ADVANCED_FACE('',(#3391),#3105,.T.);
#3391 = FACE_BOUND('',#3392,.F.);
#3392 = EDGE_LOOP('',(#3393,#3394,#3418,#3446));
#3393 = ORIENTED_EDGE('',*,*,#3089,.F.);
#3394 = ORIENTED_EDGE('',*,*,#3395,.T.);
#3395 = EDGE_CURVE('',#3062,#3396,#3398,.T.);
#3396 = VERTEX_POINT('',#3397);
#3397 = CARTESIAN_POINT('',(-230.,250.,470.));
#3398 = SURFACE_CURVE('',#3399,(#3404,#3411),.PCURVE_S1.);
#3399 = CIRCLE('',#3400,20.);
#3400 = AXIS2_PLACEMENT_3D('',#3401,#3402,#3403);
#3401 = CARTESIAN_POINT('',(-230.,230.,470.));
#3402 = DIRECTION('',(-0.,0.,-1.));
#3403 = DIRECTION('',(-1.,0.,0.));
#3404 = PCURVE('',#3105,#3405);
#3405 = DEFINITIONAL_REPRESENTATION('',(#3406),#3410);
#3406 = LINE('',#3407,#3408);
#3407 = CARTESIAN_POINT('',(-0.,20.));
#3408 = VECTOR('',#3409,1.);
#3409 = DIRECTION('',(-1.,0.));
#3410 = ( GEOMETRIC_REPRESENTATION_CONTEXT(2) 
PARAMETRIC_REPRESENTATION_CONTEXT() REPRESENTATION_CONTEXT('2D SPACE',''
  ) );
#3411 = PCURVE('',#3298,#3412);
#3412 = DEFINITIONAL_REPRESENTATION('',(#3413),#3417);
#3413 = LINE('',#3414,#3415);
#3414 = CARTESIAN_POINT('',(-0.,0.));
#3415 = VECTOR('',#3416,1.);
#3416 = DIRECTION('',(-1.,0.));
#3417 = ( GEOMETRIC_REPRESENTATION_CONTEXT(2) 
PARAMETRIC_REPRESENTATION_CONTEXT() REPRESENTATION_CONTEXT('2D SPACE',''
  ) );
#3418 = ORIENTED_EDGE('',*,*,#3419,.T.);
#3419 = EDGE_CURVE('',#3396,#3420,#3422,.T.);
#3420 = VERTEX_POINT('',#3421);
#3421 = CARTESIAN_POINT('',(-230.,250.,510.));
#3422 = SURFACE_CURVE('',#3423,(#3427,#3434),.PCURVE_S1.);
#3423 = LINE('',#3424,#3425);
#3424 = CARTESIAN_POINT('',(-230.,250.,450.));
#3425 = VECTOR('',#3426,1.);
#3426 = DIRECTION('',(0.,0.,1.));
#3427 = PCURVE('',#3105,#3428);
#3428 = DEFINITIONAL_REPRESENTATION('',(#3429),#3433);
#3429 = LINE('',#3430,#3431);
#3430 = CARTESIAN_POINT('',(-1.570796326795,0.));
#3431 = VECTOR('',#3432,1.);
#3432 = DIRECTION('',(-0.,1.));
#3433 = ( GEOMETRIC_REPRESENTATION_CONTEXT(2) 
PARAMETRIC_REPRESENTATION_CONTEXT() REPRESENTATION_CONTEXT('2D SPACE',''
  ) );
#3434 = PCURVE('',#3435,#3440);
#3435 = PLANE('',#3436);
#3436 = AXIS2_PLACEMENT_3D('',#3437,#3438,#3439);
#3437 = CARTESIAN_POINT('',(-250.,250.,450.));
#3438 = DIRECTION('',(0.,1.,0.));
#3439 = DIRECTION('',(0.,0.,1.));
#3440 = DEFINITIONAL_REPRESENTATION('',(#3441),#3445);
#3441 = LINE('',#3442,#3443);
#3442 = CARTESIAN_POINT('',(0.,20.));
#3443 = VECTOR('',#3444,1.);
#3444 = DIRECTION('',(1.,0.));
#3445 = ( GEOMETRIC_REPRESENTATION_CONTEXT(2) 
PARAMETRIC_REPRESENTATION_CONTEXT() REPRESENTATION_CONTEXT('2D SPACE',''
  ) );
#3446 = ORIENTED_EDGE('',*,*,#3447,.T.);
#3447 = EDGE_CURVE('',#3420,#3090,#3448,.T.);
#3448 = SURFACE_CURVE('',#3449,(#3454,#3460),.PCURVE_S1.);
#3449 = CIRCLE('',#3450,20.);
#3450 = AXIS2_PLACEMENT_3D('',#3451,#3452,#3453);
#3451 = CARTESIAN_POINT('',(-230.,230.,510.));
#3452 = DIRECTION('',(0.,0.,1.));
#3453 = DIRECTION('',(-1.,0.,0.));
#3454 = PCURVE('',#3105,#3455);
#3455 = DEFINITIONAL_REPRESENTATION('',(#3456),#3459);
#3456 = B_SPLINE_CURVE_WITH_KNOTS('',1,(#3457,#3458),.UNSPECIFIED.,.F.,
  .F.,(2,2),(4.712388980385,6.28318530718),.PIECEWISE_BEZIER_KNOTS.);
#3457 = CARTESIAN_POINT('',(-1.570796326795,60.));
#3458 = CARTESIAN_POINT('',(0.,60.));
#3459 = ( GEOMETRIC_REPRESENTATION_CONTEXT(2) 
PARAMETRIC_REPRESENTATION_CONTEXT() REPRESENTATION_CONTEXT('2D SPACE',''
  ) );
#3460 = PCURVE('',#3378,#3461);
#3461 = DEFINITIONAL_REPRESENTATION('',(#3462),#3465);
#3462 = B_SPLINE_CURVE_WITH_KNOTS('',1,(#3463,#3464),.UNSPECIFIED.,.F.,
  .F.,(2,2),(4.712388980385,6.28318530718),.PIECEWISE_BEZIER_KNOTS.);
#3463 = CARTESIAN_POINT('',(0.,-1.570796326795));
#3464 = CARTESIAN_POINT('',(0.,0.));
#3465 = ( GEOMETRIC_REPRESENTATION_CONTEXT(2) 
PARAMETRIC_REPRESENTATION_CONTEXT() REPRESENTATION_CONTEXT('2D SPACE',''
  ) );
#3466 = ADVANCED_FACE('',(#3467),#3164,.T.);
#3467 = FACE_BOUND('',#3468,.T.);
#3468 = EDGE_LOOP('',(#3469,#3470,#3495));
#3469 = ORIENTED_EDGE('',*,*,#3234,.F.);
#3470 = ORIENTED_EDGE('',*,*,#3471,.T.);
#3471 = EDGE_CURVE('',#3235,#3148,#3472,.T.);
#3472 = SURFACE_CURVE('',#3473,(#3478,#3484),.PCURVE_S1.);
#3473 = CIRCLE('',#3474,20.);
#3474 = AXIS2_PLACEMENT_3D('',#3475,#3476,#3477);
#3475 = CARTESIAN_POINT('',(-230.,-230.,470.));
#3476 = DIRECTION('',(-1.,6.123233995737E-17,0.));
#3477 = DIRECTION('',(-6.123233995737E-17,-1.,0.));
#3478 = PCURVE('',#3164,#3479);
#3479 = DEFINITIONAL_REPRESENTATION('',(#3480),#3483);
#3480 = B_SPLINE_CURVE_WITH_KNOTS('',1,(#3481,#3482),.UNSPECIFIED.,.F.,
  .F.,(2,2),(4.712388980385,6.28318530718),.PIECEWISE_BEZIER_KNOTS.);
#3481 = CARTESIAN_POINT('',(1.570796326795,-1.570796326795));
#3482 = CARTESIAN_POINT('',(1.570796326795,0.));
#3483 = ( GEOMETRIC_REPRESENTATION_CONTEXT(2) 
PARAMETRIC_REPRESENTATION_CONTEXT() REPRESENTATION_CONTEXT('2D SPACE',''
  ) );
#3484 = PCURVE('',#3485,#3490);
#3485 = CYLINDRICAL_SURFACE('',#3486,20.);
#3486 = AXIS2_PLACEMENT_3D('',#3487,#3488,#3489);
#3487 = CARTESIAN_POINT('',(-250.,-230.,470.));
#3488 = DIRECTION('',(1.,0.,0.));
#3489 = DIRECTION('',(0.,-1.,0.));
#3490 = DEFINITIONAL_REPRESENTATION('',(#3491),#3494);
#3491 = B_SPLINE_CURVE_WITH_KNOTS('',1,(#3492,#3493),.UNSPECIFIED.,.F.,
  .F.,(2,2),(4.712388980385,6.28318530718),.PIECEWISE_BEZIER_KNOTS.);
#3492 = CARTESIAN_POINT('',(1.570796326795,20.));
#3493 = CARTESIAN_POINT('',(0.,20.));
#3494 = ( GEOMETRIC_REPRESENTATION_CONTEXT(2) 
PARAMETRIC_REPRESENTATION_CONTEXT() REPRESENTATION_CONTEXT('2D SPACE',''
  ) );
#3495 = ORIENTED_EDGE('',*,*,#3147,.F.);
#3496 = ADVANCED_FACE('',(#3497),#3219,.T.);
#3497 = FACE_BOUND('',#3498,.F.);
#3498 = EDGE_LOOP('',(#3499,#3500,#3525));
#3499 = ORIENTED_EDGE('',*,*,#3313,.F.);
#3500 = ORIENTED_EDGE('',*,*,#3501,.T.);
#3501 = EDGE_CURVE('',#3314,#3177,#3502,.T.);
#3502 = SURFACE_CURVE('',#3503,(#3508,#3514),.PCURVE_S1.);
#3503 = CIRCLE('',#3504,20.);
#3504 = AXIS2_PLACEMENT_3D('',#3505,#3506,#3507);
#3505 = CARTESIAN_POINT('',(-230.,-230.,510.));
#3506 = DIRECTION('',(1.,-6.123233995737E-17,0.));
#3507 = DIRECTION('',(-6.123233995737E-17,-1.,0.));
#3508 = PCURVE('',#3219,#3509);
#3509 = DEFINITIONAL_REPRESENTATION('',(#3510),#3513);
#3510 = B_SPLINE_CURVE_WITH_KNOTS('',1,(#3511,#3512),.UNSPECIFIED.,.F.,
  .F.,(2,2),(4.712388980385,6.28318530718),.PIECEWISE_BEZIER_KNOTS.);
#3511 = CARTESIAN_POINT('',(-1.570796326795,-1.570796326795));
#3512 = CARTESIAN_POINT('',(-1.570796326795,0.));
#3513 = ( GEOMETRIC_REPRESENTATION_CONTEXT(2) 
PARAMETRIC_REPRESENTATION_CONTEXT() REPRESENTATION_CONTEXT('2D SPACE',''
  ) );
#3514 = PCURVE('',#3515,#3520);
#3515 = CYLINDRICAL_SURFACE('',#3516,20.);
#3516 = AXIS2_PLACEMENT_3D('',#3517,#3518,#3519);
#3517 = CARTESIAN_POINT('',(-250.,-230.,510.));
#3518 = DIRECTION('',(1.,0.,0.));
#3519 = DIRECTION('',(0.,-1.,0.));
#3520 = DEFINITIONAL_REPRESENTATION('',(#3521),#3524);
#3521 = B_SPLINE_CURVE_WITH_KNOTS('',1,(#3522,#3523),.UNSPECIFIED.,.F.,
  .F.,(2,2),(4.712388980385,6.28318530718),.PIECEWISE_BEZIER_KNOTS.);
#3522 = CARTESIAN_POINT('',(-1.570796326795,20.));
#3523 = CARTESIAN_POINT('',(0.,20.));
#3524 = ( GEOMETRIC_REPRESENTATION_CONTEXT(2) 
PARAMETRIC_REPRESENTATION_CONTEXT() REPRESENTATION_CONTEXT('2D SPACE',''
  ) );
#3525 = ORIENTED_EDGE('',*,*,#3204,.F.);
#3526 = ADVANCED_FACE('',(#3527),#3192,.F.);
#3527 = FACE_BOUND('',#3528,.F.);
#3528 = EDGE_LOOP('',(#3529,#3530,#3553,#3581));
#3529 = ORIENTED_EDGE('',*,*,#3176,.T.);
#3530 = ORIENTED_EDGE('',*,*,#3531,.T.);
#3531 = EDGE_CURVE('',#3177,#3532,#3534,.T.);
#3532 = VERTEX_POINT('',#3533);
#3533 = CARTESIAN_POINT('',(230.,-250.,510.));
#3534 = SURFACE_CURVE('',#3535,(#3539,#3546),.PCURVE_S1.);
#3535 = LINE('',#3536,#3537);
#3536 = CARTESIAN_POINT('',(-250.,-250.,510.));
#3537 = VECTOR('',#3538,1.);
#3538 = DIRECTION('',(1.,0.,0.));
#3539 = PCURVE('',#3192,#3540);
#3540 = DEFINITIONAL_REPRESENTATION('',(#3541),#3545);
#3541 = LINE('',#3542,#3543);
#3542 = CARTESIAN_POINT('',(60.,0.));
#3543 = VECTOR('',#3544,1.);
#3544 = DIRECTION('',(0.,1.));
#3545 = ( GEOMETRIC_REPRESENTATION_CONTEXT(2) 
PARAMETRIC_REPRESENTATION_CONTEXT() REPRESENTATION_CONTEXT('2D SPACE',''
  ) );
#3546 = PCURVE('',#3515,#3547);
#3547 = DEFINITIONAL_REPRESENTATION('',(#3548),#3552);
#3548 = LINE('',#3549,#3550);
#3549 = CARTESIAN_POINT('',(-0.,0.));
#3550 = VECTOR('',#3551,1.);
#3551 = DIRECTION('',(-0.,1.));
#3552 = ( GEOMETRIC_REPRESENTATION_CONTEXT(2) 
PARAMETRIC_REPRESENTATION_CONTEXT() REPRESENTATION_CONTEXT('2D SPACE',''
  ) );
#3553 = ORIENTED_EDGE('',*,*,#3554,.F.);
#3554 = EDGE_CURVE('',#3555,#3532,#3557,.T.);
#3555 = VERTEX_POINT('',#3556);
#3556 = CARTESIAN_POINT('',(230.,-250.,470.));
#3557 = SURFACE_CURVE('',#3558,(#3562,#3569),.PCURVE_S1.);
#3558 = LINE('',#3559,#3560);
#3559 = CARTESIAN_POINT('',(230.,-250.,450.));
#3560 = VECTOR('',#3561,1.);
#3561 = DIRECTION('',(0.,0.,1.));
#3562 = PCURVE('',#3192,#3563);
#3563 = DEFINITIONAL_REPRESENTATION('',(#3564),#3568);
#3564 = LINE('',#3565,#3566);
#3565 = CARTESIAN_POINT('',(0.,480.));
#3566 = VECTOR('',#3567,1.);
#3567 = DIRECTION('',(1.,0.));
#3568 = ( GEOMETRIC_REPRESENTATION_CONTEXT(2) 
PARAMETRIC_REPRESENTATION_CONTEXT() REPRESENTATION_CONTEXT('2D SPACE',''
  ) );
#3569 = PCURVE('',#3570,#3575);
#3570 = CYLINDRICAL_SURFACE('',#3571,20.);
#3571 = AXIS2_PLACEMENT_3D('',#3572,#3573,#3574);
#3572 = CARTESIAN_POINT('',(230.,-230.,450.));
#3573 = DIRECTION('',(0.,0.,1.));
#3574 = DIRECTION('',(1.,0.,-0.));
#3575 = DEFINITIONAL_REPRESENTATION('',(#3576),#3580);
#3576 = LINE('',#3577,#3578);
#3577 = CARTESIAN_POINT('',(-1.570796326795,0.));
#3578 = VECTOR('',#3579,1.);
#3579 = DIRECTION('',(-0.,1.));
#3580 = ( GEOMETRIC_REPRESENTATION_CONTEXT(2) 
PARAMETRIC_REPRESENTATION_CONTEXT() REPRESENTATION_CONTEXT('2D SPACE',''
  ) );
#3581 = ORIENTED_EDGE('',*,*,#3582,.F.);
#3582 = EDGE_CURVE('',#3148,#3555,#3583,.T.);
#3583 = SURFACE_CURVE('',#3584,(#3588,#3595),.PCURVE_S1.);
#3584 = LINE('',#3585,#3586);
#3585 = CARTESIAN_POINT('',(-250.,-250.,470.));
#3586 = VECTOR('',#3587,1.);
#3587 = DIRECTION('',(1.,0.,0.));
#3588 = PCURVE('',#3192,#3589);
#3589 = DEFINITIONAL_REPRESENTATION('',(#3590),#3594);
#3590 = LINE('',#3591,#3592);
#3591 = CARTESIAN_POINT('',(20.,0.));
#3592 = VECTOR('',#3593,1.);
#3593 = DIRECTION('',(0.,1.));
#3594 = ( GEOMETRIC_REPRESENTATION_CONTEXT(2) 
PARAMETRIC_REPRESENTATION_CONTEXT() REPRESENTATION_CONTEXT('2D SPACE',''
  ) );
#3595 = PCURVE('',#3485,#3596);
#3596 = DEFINITIONAL_REPRESENTATION('',(#3597),#3601);
#3597 = LINE('',#3598,#3599);
#3598 = CARTESIAN_POINT('',(0.,0.));
#3599 = VECTOR('',#3600,1.);
#3600 = DIRECTION('',(0.,1.));
#3601 = ( GEOMETRIC_REPRESENTATION_CONTEXT(2) 
PARAMETRIC_REPRESENTATION_CONTEXT() REPRESENTATION_CONTEXT('2D SPACE',''
  ) );
#3602 = ADVANCED_FACE('',(#3603,#3683),#3272,.F.);
#3603 = FACE_BOUND('',#3604,.F.);
#3604 = EDGE_LOOP('',(#3605,#3606,#3629,#3657));
#3605 = ORIENTED_EDGE('',*,*,#3256,.F.);
#3606 = ORIENTED_EDGE('',*,*,#3607,.T.);
#3607 = EDGE_CURVE('',#3235,#3608,#3610,.T.);
#3608 = VERTEX_POINT('',#3609);
#3609 = CARTESIAN_POINT('',(230.,-230.,450.));
#3610 = SURFACE_CURVE('',#3611,(#3615,#3622),.PCURVE_S1.);
#3611 = LINE('',#3612,#3613);
#3612 = CARTESIAN_POINT('',(-250.,-230.,450.));
#3613 = VECTOR('',#3614,1.);
#3614 = DIRECTION('',(1.,0.,0.));
#3615 = PCURVE('',#3272,#3616);
#3616 = DEFINITIONAL_REPRESENTATION('',(#3617),#3621);
#3617 = LINE('',#3618,#3619);
#3618 = CARTESIAN_POINT('',(0.,20.));
#3619 = VECTOR('',#3620,1.);
#3620 = DIRECTION('',(1.,0.));
#3621 = ( GEOMETRIC_REPRESENTATION_CONTEXT(2) 
PARAMETRIC_REPRESENTATION_CONTEXT() REPRESENTATION_CONTEXT('2D SPACE',''
  ) );
#3622 = PCURVE('',#3485,#3623);
#3623 = DEFINITIONAL_REPRESENTATION('',(#3624),#3628);
#3624 = LINE('',#3625,#3626);
#3625 = CARTESIAN_POINT('',(1.570796326795,0.));
#3626 = VECTOR('',#3627,1.);
#3627 = DIRECTION('',(0.,1.));
#3628 = ( GEOMETRIC_REPRESENTATION_CONTEXT(2) 
PARAMETRIC_REPRESENTATION_CONTEXT() REPRESENTATION_CONTEXT('2D SPACE',''
  ) );
#3629 = ORIENTED_EDGE('',*,*,#3630,.T.);
#3630 = EDGE_CURVE('',#3608,#3631,#3633,.T.);
#3631 = VERTEX_POINT('',#3632);
#3632 = CARTESIAN_POINT('',(230.,230.,450.));
#3633 = SURFACE_CURVE('',#3634,(#3638,#3645),.PCURVE_S1.);
#3634 = LINE('',#3635,#3636);
#3635 = CARTESIAN_POINT('',(230.,-250.,450.));
#3636 = VECTOR('',#3637,1.);
#3637 = DIRECTION('',(0.,1.,0.));
#3638 = PCURVE('',#3272,#3639);
#3639 = DEFINITIONAL_REPRESENTATION('',(#3640),#3644);
#3640 = LINE('',#3641,#3642);
#3641 = CARTESIAN_POINT('',(480.,0.));
#3642 = VECTOR('',#3643,1.);
#3643 = DIRECTION('',(0.,1.));
#3644 = ( GEOMETRIC_REPRESENTATION_CONTEXT(2) 
PARAMETRIC_REPRESENTATION_CONTEXT() REPRESENTATION_CONTEXT('2D SPACE',''
  ) );
#3645 = PCURVE('',#3646,#3651);
#3646 = CYLINDRICAL_SURFACE('',#3647,20.);
#3647 = AXIS2_PLACEMENT_3D('',#3648,#3649,#3650);
#3648 = CARTESIAN_POINT('',(230.,-250.,470.));
#3649 = DIRECTION('',(0.,1.,0.));
#3650 = DIRECTION('',(1.,0.,-0.));
#3651 = DEFINITIONAL_REPRESENTATION('',(#3652),#3656);
#3652 = LINE('',#3653,#3654);
#3653 = CARTESIAN_POINT('',(1.570796326795,0.));
#3654 = VECTOR('',#3655,1.);
#3655 = DIRECTION('',(0.,1.));
#3656 = ( GEOMETRIC_REPRESENTATION_CONTEXT(2) 
PARAMETRIC_REPRESENTATION_CONTEXT() REPRESENTATION_CONTEXT('2D SPACE',''
  ) );
#3657 = ORIENTED_EDGE('',*,*,#3658,.F.);
#3658 = EDGE_CURVE('',#3257,#3631,#3659,.T.);
#3659 = SURFACE_CURVE('',#3660,(#3664,#3671),.PCURVE_S1.);
#3660 = LINE('',#3661,#3662);
#3661 = CARTESIAN_POINT('',(-250.,230.,450.));
#3662 = VECTOR('',#3663,1.);
#3663 = DIRECTION('',(1.,0.,0.));
#3664 = PCURVE('',#3272,#3665);
#3665 = DEFINITIONAL_REPRESENTATION('',(#3666),#3670);
#3666 = LINE('',#3667,#3668);
#3667 = CARTESIAN_POINT('',(0.,480.));
#3668 = VECTOR('',#3669,1.);
#3669 = DIRECTION('',(1.,0.));
#3670 = ( GEOMETRIC_REPRESENTATION_CONTEXT(2) 
PARAMETRIC_REPRESENTATION_CONTEXT() REPRESENTATION_CONTEXT('2D SPACE',''
  ) );
#3671 = PCURVE('',#3672,#3677);
#3672 = CYLINDRICAL_SURFACE('',#3673,20.);
#3673 = AXIS2_PLACEMENT_3D('',#3674,#3675,#3676);
#3674 = CARTESIAN_POINT('',(-250.,230.,470.));
#3675 = DIRECTION('',(1.,0.,0.));
#3676 = DIRECTION('',(-0.,1.,0.));
#3677 = DEFINITIONAL_REPRESENTATION('',(#3678),#3682);
#3678 = LINE('',#3679,#3680);
#3679 = CARTESIAN_POINT('',(-1.570796326795,0.));
#3680 = VECTOR('',#3681,1.);
#3681 = DIRECTION('',(-0.,1.));
#3682 = ( GEOMETRIC_REPRESENTATION_CONTEXT(2) 
PARAMETRIC_REPRESENTATION_CONTEXT() REPRESENTATION_CONTEXT('2D SPACE',''
  ) );
#3683 = FACE_BOUND('',#3684,.F.);
#3684 = EDGE_LOOP('',(#3685));
#3685 = ORIENTED_EDGE('',*,*,#3686,.F.);
#3686 = EDGE_CURVE('',#3687,#3687,#3689,.T.);
#3687 = VERTEX_POINT('',#3688);
#3688 = CARTESIAN_POINT('',(30.,-7.347880794884E-15,450.));
#3689 = SURFACE_CURVE('',#3690,(#3695,#3702),.PCURVE_S1.);
#3690 = CIRCLE('',#3691,30.);
#3691 = AXIS2_PLACEMENT_3D('',#3692,#3693,#3694);
#3692 = CARTESIAN_POINT('',(0.,0.,450.));
#3693 = DIRECTION('',(0.,0.,1.));
#3694 = DIRECTION('',(1.,0.,0.));
#3695 = PCURVE('',#3272,#3696);
#3696 = DEFINITIONAL_REPRESENTATION('',(#3697),#3701);
#3697 = CIRCLE('',#3698,30.);
#3698 = AXIS2_PLACEMENT_2D('',#3699,#3700);
#3699 = CARTESIAN_POINT('',(250.,250.));
#3700 = DIRECTION('',(1.,0.));
#3701 = ( GEOMETRIC_REPRESENTATION_CONTEXT(2) 
PARAMETRIC_REPRESENTATION_CONTEXT() REPRESENTATION_CONTEXT('2D SPACE',''
  ) );
#3702 = PCURVE('',#3703,#3708);
#3703 = CYLINDRICAL_SURFACE('',#3704,30.);
#3704 = AXIS2_PLACEMENT_3D('',#3705,#3706,#3707);
#3705 = CARTESIAN_POINT('',(0.,0.,50.));
#3706 = DIRECTION('',(0.,0.,1.));
#3707 = DIRECTION('',(1.,0.,0.));
#3708 = DEFINITIONAL_REPRESENTATION('',(#3709),#3713);
#3709 = LINE('',#3710,#3711);
#3710 = CARTESIAN_POINT('',(0.,400.));
#3711 = VECTOR('',#3712,1.);
#3712 = DIRECTION('',(1.,0.));
#3713 = ( GEOMETRIC_REPRESENTATION_CONTEXT(2) 
PARAMETRIC_REPRESENTATION_CONTEXT() REPRESENTATION_CONTEXT('2D SPACE',''
  ) );
#3714 = ADVANCED_FACE('',(#3715),#3298,.T.);
#3715 = FACE_BOUND('',#3716,.F.);
#3716 = EDGE_LOOP('',(#3717,#3718,#3738));
#3717 = ORIENTED_EDGE('',*,*,#3284,.F.);
#3718 = ORIENTED_EDGE('',*,*,#3719,.T.);
#3719 = EDGE_CURVE('',#3257,#3396,#3720,.T.);
#3720 = SURFACE_CURVE('',#3721,(#3726,#3732),.PCURVE_S1.);
#3721 = CIRCLE('',#3722,20.);
#3722 = AXIS2_PLACEMENT_3D('',#3723,#3724,#3725);
#3723 = CARTESIAN_POINT('',(-230.,230.,470.));
#3724 = DIRECTION('',(1.,6.123233995737E-17,-0.));
#3725 = DIRECTION('',(-6.123233995737E-17,1.,0.));
#3726 = PCURVE('',#3298,#3727);
#3727 = DEFINITIONAL_REPRESENTATION('',(#3728),#3731);
#3728 = B_SPLINE_CURVE_WITH_KNOTS('',1,(#3729,#3730),.UNSPECIFIED.,.F.,
  .F.,(2,2),(4.712388980385,6.28318530718),.PIECEWISE_BEZIER_KNOTS.);
#3729 = CARTESIAN_POINT('',(-1.570796326795,-1.570796326795));
#3730 = CARTESIAN_POINT('',(-1.570796326795,0.));
#3731 = ( GEOMETRIC_REPRESENTATION_CONTEXT(2) 
PARAMETRIC_REPRESENTATION_CONTEXT() REPRESENTATION_CONTEXT('2D SPACE',''
  ) );
#3732 = PCURVE('',#3672,#3733);
#3733 = DEFINITIONAL_REPRESENTATION('',(#3734),#3737);
#3734 = B_SPLINE_CURVE_WITH_KNOTS('',1,(#3735,#3736),.UNSPECIFIED.,.F.,
  .F.,(2,2),(4.712388980385,6.28318530718),.PIECEWISE_BEZIER_KNOTS.);
#3735 = CARTESIAN_POINT('',(-1.570796326795,20.));
#3736 = CARTESIAN_POINT('',(0.,20.));
#3737 = ( GEOMETRIC_REPRESENTATION_CONTEXT(2) 
PARAMETRIC_REPRESENTATION_CONTEXT() REPRESENTATION_CONTEXT('2D SPACE',''
  ) );
#3738 = ORIENTED_EDGE('',*,*,#3395,.F.);
#3739 = ADVANCED_FACE('',(#3740),#3351,.T.);
#3740 = FACE_BOUND('',#3741,.T.);
#3741 = EDGE_LOOP('',(#3742,#3743,#3766,#3794));
#3742 = ORIENTED_EDGE('',*,*,#3335,.F.);
#3743 = ORIENTED_EDGE('',*,*,#3744,.T.);
#3744 = EDGE_CURVE('',#3314,#3745,#3747,.T.);
#3745 = VERTEX_POINT('',#3746);
#3746 = CARTESIAN_POINT('',(230.,-230.,530.));
#3747 = SURFACE_CURVE('',#3748,(#3752,#3759),.PCURVE_S1.);
#3748 = LINE('',#3749,#3750);
#3749 = CARTESIAN_POINT('',(-250.,-230.,530.));
#3750 = VECTOR('',#3751,1.);
#3751 = DIRECTION('',(1.,0.,0.));
#3752 = PCURVE('',#3351,#3753);
#3753 = DEFINITIONAL_REPRESENTATION('',(#3754),#3758);
#3754 = LINE('',#3755,#3756);
#3755 = CARTESIAN_POINT('',(0.,20.));
#3756 = VECTOR('',#3757,1.);
#3757 = DIRECTION('',(1.,0.));
#3758 = ( GEOMETRIC_REPRESENTATION_CONTEXT(2) 
PARAMETRIC_REPRESENTATION_CONTEXT() REPRESENTATION_CONTEXT('2D SPACE',''
  ) );
#3759 = PCURVE('',#3515,#3760);
#3760 = DEFINITIONAL_REPRESENTATION('',(#3761),#3765);
#3761 = LINE('',#3762,#3763);
#3762 = CARTESIAN_POINT('',(-1.570796326795,0.));
#3763 = VECTOR('',#3764,1.);
#3764 = DIRECTION('',(-0.,1.));
#3765 = ( GEOMETRIC_REPRESENTATION_CONTEXT(2) 
PARAMETRIC_REPRESENTATION_CONTEXT() REPRESENTATION_CONTEXT('2D SPACE',''
  ) );
#3766 = ORIENTED_EDGE('',*,*,#3767,.T.);
#3767 = EDGE_CURVE('',#3745,#3768,#3770,.T.);
#3768 = VERTEX_POINT('',#3769);
#3769 = CARTESIAN_POINT('',(230.,230.,530.));
#3770 = SURFACE_CURVE('',#3771,(#3775,#3782),.PCURVE_S1.);
#3771 = LINE('',#3772,#3773);
#3772 = CARTESIAN_POINT('',(230.,-250.,530.));
#3773 = VECTOR('',#3774,1.);
#3774 = DIRECTION('',(0.,1.,0.));
#3775 = PCURVE('',#3351,#3776);
#3776 = DEFINITIONAL_REPRESENTATION('',(#3777),#3781);
#3777 = LINE('',#3778,#3779);
#3778 = CARTESIAN_POINT('',(480.,0.));
#3779 = VECTOR('',#3780,1.);
#3780 = DIRECTION('',(0.,1.));
#3781 = ( GEOMETRIC_REPRESENTATION_CONTEXT(2) 
PARAMETRIC_REPRESENTATION_CONTEXT() REPRESENTATION_CONTEXT('2D SPACE',''
  ) );
#3782 = PCURVE('',#3783,#3788);
#3783 = CYLINDRICAL_SURFACE('',#3784,20.);
#3784 = AXIS2_PLACEMENT_3D('',#3785,#3786,#3787);
#3785 = CARTESIAN_POINT('',(230.,-250.,510.));
#3786 = DIRECTION('',(0.,1.,0.));
#3787 = DIRECTION('',(1.,0.,-0.));
#3788 = DEFINITIONAL_REPRESENTATION('',(#3789),#3793);
#3789 = LINE('',#3790,#3791);
#3790 = CARTESIAN_POINT('',(-1.570796326795,0.));
#3791 = VECTOR('',#3792,1.);
#3792 = DIRECTION('',(-0.,1.));
#3793 = ( GEOMETRIC_REPRESENTATION_CONTEXT(2) 
PARAMETRIC_REPRESENTATION_CONTEXT() REPRESENTATION_CONTEXT('2D SPACE',''
  ) );
#3794 = ORIENTED_EDGE('',*,*,#3795,.F.);
#3795 = EDGE_CURVE('',#3336,#3768,#3796,.T.);
#3796 = SURFACE_CURVE('',#3797,(#3801,#3808),.PCURVE_S1.);
#3797 = LINE('',#3798,#3799);
#3798 = CARTESIAN_POINT('',(-250.,230.,530.));
#3799 = VECTOR('',#3800,1.);
#3800 = DIRECTION('',(1.,0.,0.));
#3801 = PCURVE('',#3351,#3802);
#3802 = DEFINITIONAL_REPRESENTATION('',(#3803),#3807);
#3803 = LINE('',#3804,#3805);
#3804 = CARTESIAN_POINT('',(0.,480.));
#3805 = VECTOR('',#3806,1.);
#3806 = DIRECTION('',(1.,0.));
#3807 = ( GEOMETRIC_REPRESENTATION_CONTEXT(2) 
PARAMETRIC_REPRESENTATION_CONTEXT() REPRESENTATION_CONTEXT('2D SPACE',''
  ) );
#3808 = PCURVE('',#3809,#3814);
#3809 = CYLINDRICAL_SURFACE('',#3810,20.);
#3810 = AXIS2_PLACEMENT_3D('',#3811,#3812,#3813);
#3811 = CARTESIAN_POINT('',(-250.,230.,510.));
#3812 = DIRECTION('',(1.,0.,0.));
#3813 = DIRECTION('',(-0.,1.,0.));
#3814 = DEFINITIONAL_REPRESENTATION('',(#3815),#3819);
#3815 = LINE('',#3816,#3817);
#3816 = CARTESIAN_POINT('',(1.570796326795,0.));
#3817 = VECTOR('',#3818,1.);
#3818 = DIRECTION('',(0.,1.));
#3819 = ( GEOMETRIC_REPRESENTATION_CONTEXT(2) 
PARAMETRIC_REPRESENTATION_CONTEXT() REPRESENTATION_CONTEXT('2D SPACE',''
  ) );
#3820 = ADVANCED_FACE('',(#3821),#3378,.T.);
#3821 = FACE_BOUND('',#3822,.F.);
#3822 = EDGE_LOOP('',(#3823,#3824,#3844));
#3823 = ORIENTED_EDGE('',*,*,#3447,.F.);
#3824 = ORIENTED_EDGE('',*,*,#3825,.T.);
#3825 = EDGE_CURVE('',#3420,#3336,#3826,.T.);
#3826 = SURFACE_CURVE('',#3827,(#3832,#3838),.PCURVE_S1.);
#3827 = CIRCLE('',#3828,20.);
#3828 = AXIS2_PLACEMENT_3D('',#3829,#3830,#3831);
#3829 = CARTESIAN_POINT('',(-230.,230.,510.));
#3830 = DIRECTION('',(1.,0.,6.123233995737E-17));
#3831 = DIRECTION('',(-6.123233995737E-17,0.,1.));
#3832 = PCURVE('',#3378,#3833);
#3833 = DEFINITIONAL_REPRESENTATION('',(#3834),#3837);
#3834 = B_SPLINE_CURVE_WITH_KNOTS('',1,(#3835,#3836),.UNSPECIFIED.,.F.,
  .F.,(2,2),(4.712388980385,6.28318530718),.PIECEWISE_BEZIER_KNOTS.);
#3835 = CARTESIAN_POINT('',(-1.570796326795,-1.570796326795));
#3836 = CARTESIAN_POINT('',(-1.570796326795,0.));
#3837 = ( GEOMETRIC_REPRESENTATION_CONTEXT(2) 
PARAMETRIC_REPRESENTATION_CONTEXT() REPRESENTATION_CONTEXT('2D SPACE',''
  ) );
#3838 = PCURVE('',#3809,#3839);
#3839 = DEFINITIONAL_REPRESENTATION('',(#3840),#3843);
#3840 = B_SPLINE_CURVE_WITH_KNOTS('',1,(#3841,#3842),.UNSPECIFIED.,.F.,
  .F.,(2,2),(4.712388980385,6.28318530718),.PIECEWISE_BEZIER_KNOTS.);
#3841 = CARTESIAN_POINT('',(0.,20.));
#3842 = CARTESIAN_POINT('',(1.570796326795,20.));
#3843 = ( GEOMETRIC_REPRESENTATION_CONTEXT(2) 
PARAMETRIC_REPRESENTATION_CONTEXT() REPRESENTATION_CONTEXT('2D SPACE',''
  ) );
#3844 = ORIENTED_EDGE('',*,*,#3363,.F.);
#3845 = ADVANCED_FACE('',(#3846),#3435,.T.);
#3846 = FACE_BOUND('',#3847,.T.);
#3847 = EDGE_LOOP('',(#3848,#3849,#3872,#3900));
#3848 = ORIENTED_EDGE('',*,*,#3419,.T.);
#3849 = ORIENTED_EDGE('',*,*,#3850,.T.);
#3850 = EDGE_CURVE('',#3420,#3851,#3853,.T.);
#3851 = VERTEX_POINT('',#3852);
#3852 = CARTESIAN_POINT('',(230.,250.,510.));
#3853 = SURFACE_CURVE('',#3854,(#3858,#3865),.PCURVE_S1.);
#3854 = LINE('',#3855,#3856);
#3855 = CARTESIAN_POINT('',(-250.,250.,510.));
#3856 = VECTOR('',#3857,1.);
#3857 = DIRECTION('',(1.,0.,0.));
#3858 = PCURVE('',#3435,#3859);
#3859 = DEFINITIONAL_REPRESENTATION('',(#3860),#3864);
#3860 = LINE('',#3861,#3862);
#3861 = CARTESIAN_POINT('',(60.,0.));
#3862 = VECTOR('',#3863,1.);
#3863 = DIRECTION('',(0.,1.));
#3864 = ( GEOMETRIC_REPRESENTATION_CONTEXT(2) 
PARAMETRIC_REPRESENTATION_CONTEXT() REPRESENTATION_CONTEXT('2D SPACE',''
  ) );
#3865 = PCURVE('',#3809,#3866);
#3866 = DEFINITIONAL_REPRESENTATION('',(#3867),#3871);
#3867 = LINE('',#3868,#3869);
#3868 = CARTESIAN_POINT('',(0.,0.));
#3869 = VECTOR('',#3870,1.);
#3870 = DIRECTION('',(0.,1.));
#3871 = ( GEOMETRIC_REPRESENTATION_CONTEXT(2) 
PARAMETRIC_REPRESENTATION_CONTEXT() REPRESENTATION_CONTEXT('2D SPACE',''
  ) );
#3872 = ORIENTED_EDGE('',*,*,#3873,.F.);
#3873 = EDGE_CURVE('',#3874,#3851,#3876,.T.);
#3874 = VERTEX_POINT('',#3875);
#3875 = CARTESIAN_POINT('',(230.,250.,470.));
#3876 = SURFACE_CURVE('',#3877,(#3881,#3888),.PCURVE_S1.);
#3877 = LINE('',#3878,#3879);
#3878 = CARTESIAN_POINT('',(230.,250.,450.));
#3879 = VECTOR('',#3880,1.);
#3880 = DIRECTION('',(0.,0.,1.));
#3881 = PCURVE('',#3435,#3882);
#3882 = DEFINITIONAL_REPRESENTATION('',(#3883),#3887);
#3883 = LINE('',#3884,#3885);
#3884 = CARTESIAN_POINT('',(0.,480.));
#3885 = VECTOR('',#3886,1.);
#3886 = DIRECTION('',(1.,0.));
#3887 = ( GEOMETRIC_REPRESENTATION_CONTEXT(2) 
PARAMETRIC_REPRESENTATION_CONTEXT() REPRESENTATION_CONTEXT('2D SPACE',''
  ) );
#3888 = PCURVE('',#3889,#3894);
#3889 = CYLINDRICAL_SURFACE('',#3890,20.);
#3890 = AXIS2_PLACEMENT_3D('',#3891,#3892,#3893);
#3891 = CARTESIAN_POINT('',(230.,230.,450.));
#3892 = DIRECTION('',(0.,0.,1.));
#3893 = DIRECTION('',(1.,0.,-0.));
#3894 = DEFINITIONAL_REPRESENTATION('',(#3895),#3899);
#3895 = LINE('',#3896,#3897);
#3896 = CARTESIAN_POINT('',(1.570796326795,0.));
#3897 = VECTOR('',#3898,1.);
#3898 = DIRECTION('',(0.,1.));
#3899 = ( GEOMETRIC_REPRESENTATION_CONTEXT(2) 
PARAMETRIC_REPRESENTATION_CONTEXT() REPRESENTATION_CONTEXT('2D SPACE',''
  ) );
#3900 = ORIENTED_EDGE('',*,*,#3901,.F.);
#3901 = EDGE_CURVE('',#3396,#3874,#3902,.T.);
#3902 = SURFACE_CURVE('',#3903,(#3907,#3914),.PCURVE_S1.);
#3903 = LINE('',#3904,#3905);
#3904 = CARTESIAN_POINT('',(-250.,250.,470.));
#3905 = VECTOR('',#3906,1.);
#3906 = DIRECTION('',(1.,0.,0.));
#3907 = PCURVE('',#3435,#3908);
#3908 = DEFINITIONAL_REPRESENTATION('',(#3909),#3913);
#3909 = LINE('',#3910,#3911);
#3910 = CARTESIAN_POINT('',(20.,0.));
#3911 = VECTOR('',#3912,1.);
#3912 = DIRECTION('',(0.,1.));
#3913 = ( GEOMETRIC_REPRESENTATION_CONTEXT(2) 
PARAMETRIC_REPRESENTATION_CONTEXT() REPRESENTATION_CONTEXT('2D SPACE',''
  ) );
#3914 = PCURVE('',#3672,#3915);
#3915 = DEFINITIONAL_REPRESENTATION('',(#3916),#3920);
#3916 = LINE('',#3917,#3918);
#3917 = CARTESIAN_POINT('',(-0.,0.));
#3918 = VECTOR('',#3919,1.);
#3919 = DIRECTION('',(-0.,1.));
#3920 = ( GEOMETRIC_REPRESENTATION_CONTEXT(2) 
PARAMETRIC_REPRESENTATION_CONTEXT() REPRESENTATION_CONTEXT('2D SPACE',''
  ) );
#3921 = ADVANCED_FACE('',(#3922),#3485,.T.);
#3922 = FACE_BOUND('',#3923,.T.);
#3923 = EDGE_LOOP('',(#3924,#3925,#3926,#3951));
#3924 = ORIENTED_EDGE('',*,*,#3471,.F.);
#3925 = ORIENTED_EDGE('',*,*,#3607,.T.);
#3926 = ORIENTED_EDGE('',*,*,#3927,.T.);
#3927 = EDGE_CURVE('',#3608,#3555,#3928,.T.);
#3928 = SURFACE_CURVE('',#3929,(#3934,#3940),.PCURVE_S1.);
#3929 = CIRCLE('',#3930,20.);
#3930 = AXIS2_PLACEMENT_3D('',#3931,#3932,#3933);
#3931 = CARTESIAN_POINT('',(230.,-230.,470.));
#3932 = DIRECTION('',(-1.,-6.123233995737E-17,0.));
#3933 = DIRECTION('',(6.123233995737E-17,-1.,-0.));
#3934 = PCURVE('',#3485,#3935);
#3935 = DEFINITIONAL_REPRESENTATION('',(#3936),#3939);
#3936 = B_SPLINE_CURVE_WITH_KNOTS('',1,(#3937,#3938),.UNSPECIFIED.,.F.,
  .F.,(2,2),(4.712388980385,6.28318530718),.PIECEWISE_BEZIER_KNOTS.);
#3937 = CARTESIAN_POINT('',(1.570796326795,480.));
#3938 = CARTESIAN_POINT('',(0.,480.));
#3939 = ( GEOMETRIC_REPRESENTATION_CONTEXT(2) 
PARAMETRIC_REPRESENTATION_CONTEXT() REPRESENTATION_CONTEXT('2D SPACE',''
  ) );
#3940 = PCURVE('',#3941,#3946);
#3941 = SPHERICAL_SURFACE('',#3942,20.);
#3942 = AXIS2_PLACEMENT_3D('',#3943,#3944,#3945);
#3943 = CARTESIAN_POINT('',(230.,-230.,470.));
#3944 = DIRECTION('',(0.,0.,1.));
#3945 = DIRECTION('',(1.,0.,-0.));
#3946 = DEFINITIONAL_REPRESENTATION('',(#3947),#3950);
#3947 = B_SPLINE_CURVE_WITH_KNOTS('',1,(#3948,#3949),.UNSPECIFIED.,.F.,
  .F.,(2,2),(4.712388980385,6.28318530718),.PIECEWISE_BEZIER_KNOTS.);
#3948 = CARTESIAN_POINT('',(-1.570796326795,-1.570796326795));
#3949 = CARTESIAN_POINT('',(-1.570796326795,0.));
#3950 = ( GEOMETRIC_REPRESENTATION_CONTEXT(2) 
PARAMETRIC_REPRESENTATION_CONTEXT() REPRESENTATION_CONTEXT('2D SPACE',''
  ) );
#3951 = ORIENTED_EDGE('',*,*,#3582,.F.);
#3952 = ADVANCED_FACE('',(#3953),#3515,.T.);
#3953 = FACE_BOUND('',#3954,.F.);
#3954 = EDGE_LOOP('',(#3955,#3956,#3957,#3982));
#3955 = ORIENTED_EDGE('',*,*,#3501,.F.);
#3956 = ORIENTED_EDGE('',*,*,#3744,.T.);
#3957 = ORIENTED_EDGE('',*,*,#3958,.T.);
#3958 = EDGE_CURVE('',#3745,#3532,#3959,.T.);
#3959 = SURFACE_CURVE('',#3960,(#3965,#3971),.PCURVE_S1.);
#3960 = CIRCLE('',#3961,20.);
#3961 = AXIS2_PLACEMENT_3D('',#3962,#3963,#3964);
#3962 = CARTESIAN_POINT('',(230.,-230.,510.));
#3963 = DIRECTION('',(1.,6.123233995737E-17,0.));
#3964 = DIRECTION('',(6.123233995737E-17,-1.,0.));
#3965 = PCURVE('',#3515,#3966);
#3966 = DEFINITIONAL_REPRESENTATION('',(#3967),#3970);
#3967 = B_SPLINE_CURVE_WITH_KNOTS('',1,(#3968,#3969),.UNSPECIFIED.,.F.,
  .F.,(2,2),(4.712388980385,6.28318530718),.PIECEWISE_BEZIER_KNOTS.);
#3968 = CARTESIAN_POINT('',(-1.570796326795,480.));
#3969 = CARTESIAN_POINT('',(0.,480.));
#3970 = ( GEOMETRIC_REPRESENTATION_CONTEXT(2) 
PARAMETRIC_REPRESENTATION_CONTEXT() REPRESENTATION_CONTEXT('2D SPACE',''
  ) );
#3971 = PCURVE('',#3972,#3977);
#3972 = SPHERICAL_SURFACE('',#3973,20.);
#3973 = AXIS2_PLACEMENT_3D('',#3974,#3975,#3976);
#3974 = CARTESIAN_POINT('',(230.,-230.,510.));
#3975 = DIRECTION('',(-0.,-0.,-1.));
#3976 = DIRECTION('',(1.,0.,0.));
#3977 = DEFINITIONAL_REPRESENTATION('',(#3978),#3981);
#3978 = B_SPLINE_CURVE_WITH_KNOTS('',1,(#3979,#3980),.UNSPECIFIED.,.F.,
  .F.,(2,2),(4.712388980385,6.28318530718),.PIECEWISE_BEZIER_KNOTS.);
#3979 = CARTESIAN_POINT('',(1.570796326795,-1.570796326795));
#3980 = CARTESIAN_POINT('',(1.570796326795,0.));
#3981 = ( GEOMETRIC_REPRESENTATION_CONTEXT(2) 
PARAMETRIC_REPRESENTATION_CONTEXT() REPRESENTATION_CONTEXT('2D SPACE',''
  ) );
#3982 = ORIENTED_EDGE('',*,*,#3531,.F.);
#3983 = ADVANCED_FACE('',(#3984),#3570,.T.);
#3984 = FACE_BOUND('',#3985,.F.);
#3985 = EDGE_LOOP('',(#3986,#4016,#4038,#4039));
#3986 = ORIENTED_EDGE('',*,*,#3987,.F.);
#3987 = EDGE_CURVE('',#3988,#3990,#3992,.T.);
#3988 = VERTEX_POINT('',#3989);
#3989 = CARTESIAN_POINT('',(250.,-230.,470.));
#3990 = VERTEX_POINT('',#3991);
#3991 = CARTESIAN_POINT('',(250.,-230.,510.));
#3992 = SURFACE_CURVE('',#3993,(#3997,#4004),.PCURVE_S1.);
#3993 = LINE('',#3994,#3995);
#3994 = CARTESIAN_POINT('',(250.,-230.,450.));
#3995 = VECTOR('',#3996,1.);
#3996 = DIRECTION('',(0.,0.,1.));
#3997 = PCURVE('',#3570,#3998);
#3998 = DEFINITIONAL_REPRESENTATION('',(#3999),#4003);
#3999 = LINE('',#4000,#4001);
#4000 = CARTESIAN_POINT('',(-0.,0.));
#4001 = VECTOR('',#4002,1.);
#4002 = DIRECTION('',(-0.,1.));
#4003 = ( GEOMETRIC_REPRESENTATION_CONTEXT(2) 
PARAMETRIC_REPRESENTATION_CONTEXT() REPRESENTATION_CONTEXT('2D SPACE',''
  ) );
#4004 = PCURVE('',#4005,#4010);
#4005 = PLANE('',#4006);
#4006 = AXIS2_PLACEMENT_3D('',#4007,#4008,#4009);
#4007 = CARTESIAN_POINT('',(250.,-250.,450.));
#4008 = DIRECTION('',(1.,0.,0.));
#4009 = DIRECTION('',(0.,0.,1.));
#4010 = DEFINITIONAL_REPRESENTATION('',(#4011),#4015);
#4011 = LINE('',#4012,#4013);
#4012 = CARTESIAN_POINT('',(0.,-20.));
#4013 = VECTOR('',#4014,1.);
#4014 = DIRECTION('',(1.,0.));
#4015 = ( GEOMETRIC_REPRESENTATION_CONTEXT(2) 
PARAMETRIC_REPRESENTATION_CONTEXT() REPRESENTATION_CONTEXT('2D SPACE',''
  ) );
#4016 = ORIENTED_EDGE('',*,*,#4017,.T.);
#4017 = EDGE_CURVE('',#3988,#3555,#4018,.T.);
#4018 = SURFACE_CURVE('',#4019,(#4024,#4031),.PCURVE_S1.);
#4019 = CIRCLE('',#4020,20.);
#4020 = AXIS2_PLACEMENT_3D('',#4021,#4022,#4023);
#4021 = CARTESIAN_POINT('',(230.,-230.,470.));
#4022 = DIRECTION('',(0.,-0.,-1.));
#4023 = DIRECTION('',(1.,0.,-0.));
#4024 = PCURVE('',#3570,#4025);
#4025 = DEFINITIONAL_REPRESENTATION('',(#4026),#4030);
#4026 = LINE('',#4027,#4028);
#4027 = CARTESIAN_POINT('',(-0.,20.));
#4028 = VECTOR('',#4029,1.);
#4029 = DIRECTION('',(-1.,0.));
#4030 = ( GEOMETRIC_REPRESENTATION_CONTEXT(2) 
PARAMETRIC_REPRESENTATION_CONTEXT() REPRESENTATION_CONTEXT('2D SPACE',''
  ) );
#4031 = PCURVE('',#3941,#4032);
#4032 = DEFINITIONAL_REPRESENTATION('',(#4033),#4037);
#4033 = LINE('',#4034,#4035);
#4034 = CARTESIAN_POINT('',(-0.,0.));
#4035 = VECTOR('',#4036,1.);
#4036 = DIRECTION('',(-1.,0.));
#4037 = ( GEOMETRIC_REPRESENTATION_CONTEXT(2) 
PARAMETRIC_REPRESENTATION_CONTEXT() REPRESENTATION_CONTEXT('2D SPACE',''
  ) );
#4038 = ORIENTED_EDGE('',*,*,#3554,.T.);
#4039 = ORIENTED_EDGE('',*,*,#4040,.F.);
#4040 = EDGE_CURVE('',#3990,#3532,#4041,.T.);
#4041 = SURFACE_CURVE('',#4042,(#4047,#4054),.PCURVE_S1.);
#4042 = CIRCLE('',#4043,20.);
#4043 = AXIS2_PLACEMENT_3D('',#4044,#4045,#4046);
#4044 = CARTESIAN_POINT('',(230.,-230.,510.));
#4045 = DIRECTION('',(0.,0.,-1.));
#4046 = DIRECTION('',(1.,0.,0.));
#4047 = PCURVE('',#3570,#4048);
#4048 = DEFINITIONAL_REPRESENTATION('',(#4049),#4053);
#4049 = LINE('',#4050,#4051);
#4050 = CARTESIAN_POINT('',(-0.,60.));
#4051 = VECTOR('',#4052,1.);
#4052 = DIRECTION('',(-1.,0.));
#4053 = ( GEOMETRIC_REPRESENTATION_CONTEXT(2) 
PARAMETRIC_REPRESENTATION_CONTEXT() REPRESENTATION_CONTEXT('2D SPACE',''
  ) );
#4054 = PCURVE('',#3972,#4055);
#4055 = DEFINITIONAL_REPRESENTATION('',(#4056),#4060);
#4056 = LINE('',#4057,#4058);
#4057 = CARTESIAN_POINT('',(0.,0.));
#4058 = VECTOR('',#4059,1.);
#4059 = DIRECTION('',(1.,0.));
#4060 = ( GEOMETRIC_REPRESENTATION_CONTEXT(2) 
PARAMETRIC_REPRESENTATION_CONTEXT() REPRESENTATION_CONTEXT('2D SPACE',''
  ) );
#4061 = ADVANCED_FACE('',(#4062),#3672,.T.);
#4062 = FACE_BOUND('',#4063,.F.);
#4063 = EDGE_LOOP('',(#4064,#4065,#4066,#4091));
#4064 = ORIENTED_EDGE('',*,*,#3719,.F.);
#4065 = ORIENTED_EDGE('',*,*,#3658,.T.);
#4066 = ORIENTED_EDGE('',*,*,#4067,.T.);
#4067 = EDGE_CURVE('',#3631,#3874,#4068,.T.);
#4068 = SURFACE_CURVE('',#4069,(#4074,#4080),.PCURVE_S1.);
#4069 = CIRCLE('',#4070,20.);
#4070 = AXIS2_PLACEMENT_3D('',#4071,#4072,#4073);
#4071 = CARTESIAN_POINT('',(230.,230.,470.));
#4072 = DIRECTION('',(1.,-6.123233995737E-17,0.));
#4073 = DIRECTION('',(6.123233995737E-17,1.,0.));
#4074 = PCURVE('',#3672,#4075);
#4075 = DEFINITIONAL_REPRESENTATION('',(#4076),#4079);
#4076 = B_SPLINE_CURVE_WITH_KNOTS('',1,(#4077,#4078),.UNSPECIFIED.,.F.,
  .F.,(2,2),(4.712388980385,6.28318530718),.PIECEWISE_BEZIER_KNOTS.);
#4077 = CARTESIAN_POINT('',(-1.570796326795,480.));
#4078 = CARTESIAN_POINT('',(0.,480.));
#4079 = ( GEOMETRIC_REPRESENTATION_CONTEXT(2) 
PARAMETRIC_REPRESENTATION_CONTEXT() REPRESENTATION_CONTEXT('2D SPACE',''
  ) );
#4080 = PCURVE('',#4081,#4086);
#4081 = SPHERICAL_SURFACE('',#4082,20.);
#4082 = AXIS2_PLACEMENT_3D('',#4083,#4084,#4085);
#4083 = CARTESIAN_POINT('',(230.,230.,470.));
#4084 = DIRECTION('',(0.,0.,1.));
#4085 = DIRECTION('',(1.,0.,-0.));
#4086 = DEFINITIONAL_REPRESENTATION('',(#4087),#4090);
#4087 = B_SPLINE_CURVE_WITH_KNOTS('',1,(#4088,#4089),.UNSPECIFIED.,.F.,
  .F.,(2,2),(4.712388980385,6.28318530718),.PIECEWISE_BEZIER_KNOTS.);
#4088 = CARTESIAN_POINT('',(1.570796326795,-1.570796326795));
#4089 = CARTESIAN_POINT('',(1.570796326795,0.));
#4090 = ( GEOMETRIC_REPRESENTATION_CONTEXT(2) 
PARAMETRIC_REPRESENTATION_CONTEXT() REPRESENTATION_CONTEXT('2D SPACE',''
  ) );
#4091 = ORIENTED_EDGE('',*,*,#3901,.F.);
#4092 = ADVANCED_FACE('',(#4093),#3646,.T.);
#4093 = FACE_BOUND('',#4094,.T.);
#4094 = EDGE_LOOP('',(#4095,#4115,#4116,#4138));
#4095 = ORIENTED_EDGE('',*,*,#4096,.F.);
#4096 = EDGE_CURVE('',#3608,#3988,#4097,.T.);
#4097 = SURFACE_CURVE('',#4098,(#4103,#4109),.PCURVE_S1.);
#4098 = CIRCLE('',#4099,20.);
#4099 = AXIS2_PLACEMENT_3D('',#4100,#4101,#4102);
#4100 = CARTESIAN_POINT('',(230.,-230.,470.));
#4101 = DIRECTION('',(0.,-1.,0.));
#4102 = DIRECTION('',(1.,0.,0.));
#4103 = PCURVE('',#3646,#4104);
#4104 = DEFINITIONAL_REPRESENTATION('',(#4105),#4108);
#4105 = B_SPLINE_CURVE_WITH_KNOTS('',1,(#4106,#4107),.UNSPECIFIED.,.F.,
  .F.,(2,2),(4.712388980385,6.28318530718),.PIECEWISE_BEZIER_KNOTS.);
#4106 = CARTESIAN_POINT('',(1.570796326795,20.));
#4107 = CARTESIAN_POINT('',(0.,20.));
#4108 = ( GEOMETRIC_REPRESENTATION_CONTEXT(2) 
PARAMETRIC_REPRESENTATION_CONTEXT() REPRESENTATION_CONTEXT('2D SPACE',''
  ) );
#4109 = PCURVE('',#3941,#4110);
#4110 = DEFINITIONAL_REPRESENTATION('',(#4111),#4114);
#4111 = B_SPLINE_CURVE_WITH_KNOTS('',1,(#4112,#4113),.UNSPECIFIED.,.F.,
  .F.,(2,2),(4.712388980385,6.28318530718),.PIECEWISE_BEZIER_KNOTS.);
#4112 = CARTESIAN_POINT('',(0.,-1.570796326795));
#4113 = CARTESIAN_POINT('',(0.,0.));
#4114 = ( GEOMETRIC_REPRESENTATION_CONTEXT(2) 
PARAMETRIC_REPRESENTATION_CONTEXT() REPRESENTATION_CONTEXT('2D SPACE',''
  ) );
#4115 = ORIENTED_EDGE('',*,*,#3630,.T.);
#4116 = ORIENTED_EDGE('',*,*,#4117,.T.);
#4117 = EDGE_CURVE('',#3631,#4118,#4120,.T.);
#4118 = VERTEX_POINT('',#4119);
#4119 = CARTESIAN_POINT('',(250.,230.,470.));
#4120 = SURFACE_CURVE('',#4121,(#4126,#4132),.PCURVE_S1.);
#4121 = CIRCLE('',#4122,20.);
#4122 = AXIS2_PLACEMENT_3D('',#4123,#4124,#4125);
#4123 = CARTESIAN_POINT('',(230.,230.,470.));
#4124 = DIRECTION('',(0.,-1.,0.));
#4125 = DIRECTION('',(1.,0.,0.));
#4126 = PCURVE('',#3646,#4127);
#4127 = DEFINITIONAL_REPRESENTATION('',(#4128),#4131);
#4128 = B_SPLINE_CURVE_WITH_KNOTS('',1,(#4129,#4130),.UNSPECIFIED.,.F.,
  .F.,(2,2),(4.712388980385,6.28318530718),.PIECEWISE_BEZIER_KNOTS.);
#4129 = CARTESIAN_POINT('',(1.570796326795,480.));
#4130 = CARTESIAN_POINT('',(0.,480.));
#4131 = ( GEOMETRIC_REPRESENTATION_CONTEXT(2) 
PARAMETRIC_REPRESENTATION_CONTEXT() REPRESENTATION_CONTEXT('2D SPACE',''
  ) );
#4132 = PCURVE('',#4081,#4133);
#4133 = DEFINITIONAL_REPRESENTATION('',(#4134),#4137);
#4134 = B_SPLINE_CURVE_WITH_KNOTS('',1,(#4135,#4136),.UNSPECIFIED.,.F.,
  .F.,(2,2),(4.712388980385,6.28318530718),.PIECEWISE_BEZIER_KNOTS.);
#4135 = CARTESIAN_POINT('',(0.,-1.570796326795));
#4136 = CARTESIAN_POINT('',(0.,0.));
#4137 = ( GEOMETRIC_REPRESENTATION_CONTEXT(2) 
PARAMETRIC_REPRESENTATION_CONTEXT() REPRESENTATION_CONTEXT('2D SPACE',''
  ) );
#4138 = ORIENTED_EDGE('',*,*,#4139,.F.);
#4139 = EDGE_CURVE('',#3988,#4118,#4140,.T.);
#4140 = SURFACE_CURVE('',#4141,(#4145,#4152),.PCURVE_S1.);
#4141 = LINE('',#4142,#4143);
#4142 = CARTESIAN_POINT('',(250.,-250.,470.));
#4143 = VECTOR('',#4144,1.);
#4144 = DIRECTION('',(0.,1.,0.));
#4145 = PCURVE('',#3646,#4146);
#4146 = DEFINITIONAL_REPRESENTATION('',(#4147),#4151);
#4147 = LINE('',#4148,#4149);
#4148 = CARTESIAN_POINT('',(0.,0.));
#4149 = VECTOR('',#4150,1.);
#4150 = DIRECTION('',(0.,1.));
#4151 = ( GEOMETRIC_REPRESENTATION_CONTEXT(2) 
PARAMETRIC_REPRESENTATION_CONTEXT() REPRESENTATION_CONTEXT('2D SPACE',''
  ) );
#4152 = PCURVE('',#4005,#4153);
#4153 = DEFINITIONAL_REPRESENTATION('',(#4154),#4158);
#4154 = LINE('',#4155,#4156);
#4155 = CARTESIAN_POINT('',(20.,0.));
#4156 = VECTOR('',#4157,1.);
#4157 = DIRECTION('',(0.,-1.));
#4158 = ( GEOMETRIC_REPRESENTATION_CONTEXT(2) 
PARAMETRIC_REPRESENTATION_CONTEXT() REPRESENTATION_CONTEXT('2D SPACE',''
  ) );
#4159 = ADVANCED_FACE('',(#4160),#3703,.T.);
#4160 = FACE_BOUND('',#4161,.T.);
#4161 = EDGE_LOOP('',(#4162,#4163,#4186,#4213));
#4162 = ORIENTED_EDGE('',*,*,#3686,.F.);
#4163 = ORIENTED_EDGE('',*,*,#4164,.F.);
#4164 = EDGE_CURVE('',#4165,#3687,#4167,.T.);
#4165 = VERTEX_POINT('',#4166);
#4166 = CARTESIAN_POINT('',(30.,-7.347880794884E-15,50.));
#4167 = SEAM_CURVE('',#4168,(#4172,#4179),.PCURVE_S1.);
#4168 = LINE('',#4169,#4170);
#4169 = CARTESIAN_POINT('',(30.,-7.347880794884E-15,50.));
#4170 = VECTOR('',#4171,1.);
#4171 = DIRECTION('',(0.,0.,1.));
#4172 = PCURVE('',#3703,#4173);
#4173 = DEFINITIONAL_REPRESENTATION('',(#4174),#4178);
#4174 = LINE('',#4175,#4176);
#4175 = CARTESIAN_POINT('',(6.28318530718,-0.));
#4176 = VECTOR('',#4177,1.);
#4177 = DIRECTION('',(0.,1.));
#4178 = ( GEOMETRIC_REPRESENTATION_CONTEXT(2) 
PARAMETRIC_REPRESENTATION_CONTEXT() REPRESENTATION_CONTEXT('2D SPACE',''
  ) );
#4179 = PCURVE('',#3703,#4180);
#4180 = DEFINITIONAL_REPRESENTATION('',(#4181),#4185);
#4181 = LINE('',#4182,#4183);
#4182 = CARTESIAN_POINT('',(0.,-0.));
#4183 = VECTOR('',#4184,1.);
#4184 = DIRECTION('',(0.,1.));
#4185 = ( GEOMETRIC_REPRESENTATION_CONTEXT(2) 
PARAMETRIC_REPRESENTATION_CONTEXT() REPRESENTATION_CONTEXT('2D SPACE',''
  ) );
#4186 = ORIENTED_EDGE('',*,*,#4187,.T.);
#4187 = EDGE_CURVE('',#4165,#4165,#4188,.T.);
#4188 = SURFACE_CURVE('',#4189,(#4194,#4201),.PCURVE_S1.);
#4189 = CIRCLE('',#4190,30.);
#4190 = AXIS2_PLACEMENT_3D('',#4191,#4192,#4193);
#4191 = CARTESIAN_POINT('',(0.,0.,50.));
#4192 = DIRECTION('',(0.,0.,1.));
#4193 = DIRECTION('',(1.,0.,0.));
#4194 = PCURVE('',#3703,#4195);
#4195 = DEFINITIONAL_REPRESENTATION('',(#4196),#4200);
#4196 = LINE('',#4197,#4198);
#4197 = CARTESIAN_POINT('',(0.,0.));
#4198 = VECTOR('',#4199,1.);
#4199 = DIRECTION('',(1.,0.));
#4200 = ( GEOMETRIC_REPRESENTATION_CONTEXT(2) 
PARAMETRIC_REPRESENTATION_CONTEXT() REPRESENTATION_CONTEXT('2D SPACE',''
  ) );
#4201 = PCURVE('',#4202,#4207);
#4202 = PLANE('',#4203);
#4203 = AXIS2_PLACEMENT_3D('',#4204,#4205,#4206);
#4204 = CARTESIAN_POINT('',(0.,0.,50.));
#4205 = DIRECTION('',(0.,0.,1.));
#4206 = DIRECTION('',(1.,0.,0.));
#4207 = DEFINITIONAL_REPRESENTATION('',(#4208),#4212);
#4208 = CIRCLE('',#4209,30.);
#4209 = AXIS2_PLACEMENT_2D('',#4210,#4211);
#4210 = CARTESIAN_POINT('',(0.,0.));
#4211 = DIRECTION('',(1.,0.));
#4212 = ( GEOMETRIC_REPRESENTATION_CONTEXT(2) 
PARAMETRIC_REPRESENTATION_CONTEXT() REPRESENTATION_CONTEXT('2D SPACE',''
  ) );
#4213 = ORIENTED_EDGE('',*,*,#4164,.T.);
#4214 = ADVANCED_FACE('',(#4215),#3809,.T.);
#4215 = FACE_BOUND('',#4216,.T.);
#4216 = EDGE_LOOP('',(#4217,#4218,#4219,#4244));
#4217 = ORIENTED_EDGE('',*,*,#3825,.T.);
#4218 = ORIENTED_EDGE('',*,*,#3795,.T.);
#4219 = ORIENTED_EDGE('',*,*,#4220,.F.);
#4220 = EDGE_CURVE('',#3851,#3768,#4221,.T.);
#4221 = SURFACE_CURVE('',#4222,(#4227,#4233),.PCURVE_S1.);
#4222 = CIRCLE('',#4223,20.);
#4223 = AXIS2_PLACEMENT_3D('',#4224,#4225,#4226);
#4224 = CARTESIAN_POINT('',(230.,230.,510.));
#4225 = DIRECTION('',(1.,0.,-6.123233995737E-17));
#4226 = DIRECTION('',(6.123233995737E-17,0.,1.));
#4227 = PCURVE('',#3809,#4228);
#4228 = DEFINITIONAL_REPRESENTATION('',(#4229),#4232);
#4229 = B_SPLINE_CURVE_WITH_KNOTS('',1,(#4230,#4231),.UNSPECIFIED.,.F.,
  .F.,(2,2),(4.712388980385,6.28318530718),.PIECEWISE_BEZIER_KNOTS.);
#4230 = CARTESIAN_POINT('',(0.,480.));
#4231 = CARTESIAN_POINT('',(1.570796326795,480.));
#4232 = ( GEOMETRIC_REPRESENTATION_CONTEXT(2) 
PARAMETRIC_REPRESENTATION_CONTEXT() REPRESENTATION_CONTEXT('2D SPACE',''
  ) );
#4233 = PCURVE('',#4234,#4239);
#4234 = SPHERICAL_SURFACE('',#4235,20.);
#4235 = AXIS2_PLACEMENT_3D('',#4236,#4237,#4238);
#4236 = CARTESIAN_POINT('',(230.,230.,510.));
#4237 = DIRECTION('',(-0.,-1.,-0.));
#4238 = DIRECTION('',(1.,-0.,0.));
#4239 = DEFINITIONAL_REPRESENTATION('',(#4240),#4243);
#4240 = B_SPLINE_CURVE_WITH_KNOTS('',1,(#4241,#4242),.UNSPECIFIED.,.F.,
  .F.,(2,2),(4.712388980385,6.28318530718),.PIECEWISE_BEZIER_KNOTS.);
#4241 = CARTESIAN_POINT('',(1.570796326795,-1.570796326795));
#4242 = CARTESIAN_POINT('',(1.570796326795,0.));
#4243 = ( GEOMETRIC_REPRESENTATION_CONTEXT(2) 
PARAMETRIC_REPRESENTATION_CONTEXT() REPRESENTATION_CONTEXT('2D SPACE',''
  ) );
#4244 = ORIENTED_EDGE('',*,*,#3850,.F.);
#4245 = ADVANCED_FACE('',(#4246),#3783,.T.);
#4246 = FACE_BOUND('',#4247,.F.);
#4247 = EDGE_LOOP('',(#4248,#4268,#4269,#4293));
#4248 = ORIENTED_EDGE('',*,*,#4249,.F.);
#4249 = EDGE_CURVE('',#3745,#3990,#4250,.T.);
#4250 = SURFACE_CURVE('',#4251,(#4256,#4262),.PCURVE_S1.);
#4251 = CIRCLE('',#4252,20.);
#4252 = AXIS2_PLACEMENT_3D('',#4253,#4254,#4255);
#4253 = CARTESIAN_POINT('',(230.,-230.,510.));
#4254 = DIRECTION('',(-0.,1.,0.));
#4255 = DIRECTION('',(1.,0.,0.));
#4256 = PCURVE('',#3783,#4257);
#4257 = DEFINITIONAL_REPRESENTATION('',(#4258),#4261);
#4258 = B_SPLINE_CURVE_WITH_KNOTS('',1,(#4259,#4260),.UNSPECIFIED.,.F.,
  .F.,(2,2),(4.712388980385,6.28318530718),.PIECEWISE_BEZIER_KNOTS.);
#4259 = CARTESIAN_POINT('',(-1.570796326795,20.));
#4260 = CARTESIAN_POINT('',(0.,20.));
#4261 = ( GEOMETRIC_REPRESENTATION_CONTEXT(2) 
PARAMETRIC_REPRESENTATION_CONTEXT() REPRESENTATION_CONTEXT('2D SPACE',''
  ) );
#4262 = PCURVE('',#3972,#4263);
#4263 = DEFINITIONAL_REPRESENTATION('',(#4264),#4267);
#4264 = B_SPLINE_CURVE_WITH_KNOTS('',1,(#4265,#4266),.UNSPECIFIED.,.F.,
  .F.,(2,2),(4.712388980385,6.28318530718),.PIECEWISE_BEZIER_KNOTS.);
#4265 = CARTESIAN_POINT('',(0.,-1.570796326795));
#4266 = CARTESIAN_POINT('',(0.,0.));
#4267 = ( GEOMETRIC_REPRESENTATION_CONTEXT(2) 
PARAMETRIC_REPRESENTATION_CONTEXT() REPRESENTATION_CONTEXT('2D SPACE',''
  ) );
#4268 = ORIENTED_EDGE('',*,*,#3767,.T.);
#4269 = ORIENTED_EDGE('',*,*,#4270,.F.);
#4270 = EDGE_CURVE('',#4271,#3768,#4273,.T.);
#4271 = VERTEX_POINT('',#4272);
#4272 = CARTESIAN_POINT('',(250.,230.,510.));
#4273 = SURFACE_CURVE('',#4274,(#4279,#4286),.PCURVE_S1.);
#4274 = CIRCLE('',#4275,20.);
#4275 = AXIS2_PLACEMENT_3D('',#4276,#4277,#4278);
#4276 = CARTESIAN_POINT('',(230.,230.,510.));
#4277 = DIRECTION('',(-0.,-1.,0.));
#4278 = DIRECTION('',(1.,-0.,0.));
#4279 = PCURVE('',#3783,#4280);
#4280 = DEFINITIONAL_REPRESENTATION('',(#4281),#4285);
#4281 = LINE('',#4282,#4283);
#4282 = CARTESIAN_POINT('',(-0.,480.));
#4283 = VECTOR('',#4284,1.);
#4284 = DIRECTION('',(-1.,0.));
#4285 = ( GEOMETRIC_REPRESENTATION_CONTEXT(2) 
PARAMETRIC_REPRESENTATION_CONTEXT() REPRESENTATION_CONTEXT('2D SPACE',''
  ) );
#4286 = PCURVE('',#4234,#4287);
#4287 = DEFINITIONAL_REPRESENTATION('',(#4288),#4292);
#4288 = LINE('',#4289,#4290);
#4289 = CARTESIAN_POINT('',(0.,0.));
#4290 = VECTOR('',#4291,1.);
#4291 = DIRECTION('',(1.,0.));
#4292 = ( GEOMETRIC_REPRESENTATION_CONTEXT(2) 
PARAMETRIC_REPRESENTATION_CONTEXT() REPRESENTATION_CONTEXT('2D SPACE',''
  ) );
#4293 = ORIENTED_EDGE('',*,*,#4294,.F.);
#4294 = EDGE_CURVE('',#3990,#4271,#4295,.T.);
#4295 = SURFACE_CURVE('',#4296,(#4300,#4307),.PCURVE_S1.);
#4296 = LINE('',#4297,#4298);
#4297 = CARTESIAN_POINT('',(250.,-250.,510.));
#4298 = VECTOR('',#4299,1.);
#4299 = DIRECTION('',(0.,1.,0.));
#4300 = PCURVE('',#3783,#4301);
#4301 = DEFINITIONAL_REPRESENTATION('',(#4302),#4306);
#4302 = LINE('',#4303,#4304);
#4303 = CARTESIAN_POINT('',(-0.,0.));
#4304 = VECTOR('',#4305,1.);
#4305 = DIRECTION('',(-0.,1.));
#4306 = ( GEOMETRIC_REPRESENTATION_CONTEXT(2) 
PARAMETRIC_REPRESENTATION_CONTEXT() REPRESENTATION_CONTEXT('2D SPACE',''
  ) );
#4307 = PCURVE('',#4005,#4308);
#4308 = DEFINITIONAL_REPRESENTATION('',(#4309),#4313);
#4309 = LINE('',#4310,#4311);
#4310 = CARTESIAN_POINT('',(60.,0.));
#4311 = VECTOR('',#4312,1.);
#4312 = DIRECTION('',(0.,-1.));
#4313 = ( GEOMETRIC_REPRESENTATION_CONTEXT(2) 
PARAMETRIC_REPRESENTATION_CONTEXT() REPRESENTATION_CONTEXT('2D SPACE',''
  ) );
#4314 = ADVANCED_FACE('',(#4315),#3889,.T.);
#4315 = FACE_BOUND('',#4316,.T.);
#4316 = EDGE_LOOP('',(#4317,#4338,#4360,#4361));
#4317 = ORIENTED_EDGE('',*,*,#4318,.F.);
#4318 = EDGE_CURVE('',#4118,#4271,#4319,.T.);
#4319 = SURFACE_CURVE('',#4320,(#4324,#4331),.PCURVE_S1.);
#4320 = LINE('',#4321,#4322);
#4321 = CARTESIAN_POINT('',(250.,230.,450.));
#4322 = VECTOR('',#4323,1.);
#4323 = DIRECTION('',(0.,0.,1.));
#4324 = PCURVE('',#3889,#4325);
#4325 = DEFINITIONAL_REPRESENTATION('',(#4326),#4330);
#4326 = LINE('',#4327,#4328);
#4327 = CARTESIAN_POINT('',(0.,0.));
#4328 = VECTOR('',#4329,1.);
#4329 = DIRECTION('',(0.,1.));
#4330 = ( GEOMETRIC_REPRESENTATION_CONTEXT(2) 
PARAMETRIC_REPRESENTATION_CONTEXT() REPRESENTATION_CONTEXT('2D SPACE',''
  ) );
#4331 = PCURVE('',#4005,#4332);
#4332 = DEFINITIONAL_REPRESENTATION('',(#4333),#4337);
#4333 = LINE('',#4334,#4335);
#4334 = CARTESIAN_POINT('',(0.,-480.));
#4335 = VECTOR('',#4336,1.);
#4336 = DIRECTION('',(1.,0.));
#4337 = ( GEOMETRIC_REPRESENTATION_CONTEXT(2) 
PARAMETRIC_REPRESENTATION_CONTEXT() REPRESENTATION_CONTEXT('2D SPACE',''
  ) );
#4338 = ORIENTED_EDGE('',*,*,#4339,.T.);
#4339 = EDGE_CURVE('',#4118,#3874,#4340,.T.);
#4340 = SURFACE_CURVE('',#4341,(#4346,#4353),.PCURVE_S1.);
#4341 = CIRCLE('',#4342,20.);
#4342 = AXIS2_PLACEMENT_3D('',#4343,#4344,#4345);
#4343 = CARTESIAN_POINT('',(230.,230.,470.));
#4344 = DIRECTION('',(0.,0.,1.));
#4345 = DIRECTION('',(1.,0.,-0.));
#4346 = PCURVE('',#3889,#4347);
#4347 = DEFINITIONAL_REPRESENTATION('',(#4348),#4352);
#4348 = LINE('',#4349,#4350);
#4349 = CARTESIAN_POINT('',(0.,20.));
#4350 = VECTOR('',#4351,1.);
#4351 = DIRECTION('',(1.,0.));
#4352 = ( GEOMETRIC_REPRESENTATION_CONTEXT(2) 
PARAMETRIC_REPRESENTATION_CONTEXT() REPRESENTATION_CONTEXT('2D SPACE',''
  ) );
#4353 = PCURVE('',#4081,#4354);
#4354 = DEFINITIONAL_REPRESENTATION('',(#4355),#4359);
#4355 = LINE('',#4356,#4357);
#4356 = CARTESIAN_POINT('',(0.,0.));
#4357 = VECTOR('',#4358,1.);
#4358 = DIRECTION('',(1.,0.));
#4359 = ( GEOMETRIC_REPRESENTATION_CONTEXT(2) 
PARAMETRIC_REPRESENTATION_CONTEXT() REPRESENTATION_CONTEXT('2D SPACE',''
  ) );
#4360 = ORIENTED_EDGE('',*,*,#3873,.T.);
#4361 = ORIENTED_EDGE('',*,*,#4362,.T.);
#4362 = EDGE_CURVE('',#3851,#4271,#4363,.T.);
#4363 = SURFACE_CURVE('',#4364,(#4369,#4375),.PCURVE_S1.);
#4364 = CIRCLE('',#4365,20.);
#4365 = AXIS2_PLACEMENT_3D('',#4366,#4367,#4368);
#4366 = CARTESIAN_POINT('',(230.,230.,510.));
#4367 = DIRECTION('',(0.,0.,-1.));
#4368 = DIRECTION('',(1.,0.,0.));
#4369 = PCURVE('',#3889,#4370);
#4370 = DEFINITIONAL_REPRESENTATION('',(#4371),#4374);
#4371 = B_SPLINE_CURVE_WITH_KNOTS('',1,(#4372,#4373),.UNSPECIFIED.,.F.,
  .F.,(2,2),(4.712388980385,6.28318530718),.PIECEWISE_BEZIER_KNOTS.);
#4372 = CARTESIAN_POINT('',(1.570796326795,60.));
#4373 = CARTESIAN_POINT('',(0.,60.));
#4374 = ( GEOMETRIC_REPRESENTATION_CONTEXT(2) 
PARAMETRIC_REPRESENTATION_CONTEXT() REPRESENTATION_CONTEXT('2D SPACE',''
  ) );
#4375 = PCURVE('',#4234,#4376);
#4376 = DEFINITIONAL_REPRESENTATION('',(#4377),#4380);
#4377 = B_SPLINE_CURVE_WITH_KNOTS('',1,(#4378,#4379),.UNSPECIFIED.,.F.,
  .F.,(2,2),(4.712388980385,6.28318530718),.PIECEWISE_BEZIER_KNOTS.);
#4378 = CARTESIAN_POINT('',(0.,-1.570796326795));
#4379 = CARTESIAN_POINT('',(0.,0.));
#4380 = ( GEOMETRIC_REPRESENTATION_CONTEXT(2) 
PARAMETRIC_REPRESENTATION_CONTEXT() REPRESENTATION_CONTEXT('2D SPACE',''
  ) );
#4381 = ADVANCED_FACE('',(#4382),#3941,.T.);
#4382 = FACE_BOUND('',#4383,.F.);
#4383 = EDGE_LOOP('',(#4384,#4385,#4386));
#4384 = ORIENTED_EDGE('',*,*,#4096,.F.);
#4385 = ORIENTED_EDGE('',*,*,#3927,.T.);
#4386 = ORIENTED_EDGE('',*,*,#4017,.F.);
#4387 = ADVANCED_FACE('',(#4388),#3972,.T.);
#4388 = FACE_BOUND('',#4389,.T.);
#4389 = EDGE_LOOP('',(#4390,#4391,#4392));
#4390 = ORIENTED_EDGE('',*,*,#4249,.F.);
#4391 = ORIENTED_EDGE('',*,*,#3958,.T.);
#4392 = ORIENTED_EDGE('',*,*,#4040,.F.);
#4393 = ADVANCED_FACE('',(#4394),#4005,.T.);
#4394 = FACE_BOUND('',#4395,.T.);
#4395 = EDGE_LOOP('',(#4396,#4397,#4398,#4399));
#4396 = ORIENTED_EDGE('',*,*,#3987,.F.);
#4397 = ORIENTED_EDGE('',*,*,#4139,.T.);
#4398 = ORIENTED_EDGE('',*,*,#4318,.T.);
#4399 = ORIENTED_EDGE('',*,*,#4294,.F.);
#4400 = ADVANCED_FACE('',(#4401),#4081,.T.);
#4401 = FACE_BOUND('',#4402,.T.);
#4402 = EDGE_LOOP('',(#4403,#4404,#4405));
#4403 = ORIENTED_EDGE('',*,*,#4117,.F.);
#4404 = ORIENTED_EDGE('',*,*,#4067,.T.);
#4405 = ORIENTED_EDGE('',*,*,#4339,.F.);
#4406 = ADVANCED_FACE('',(#4407,#4438),#4202,.T.);
#4407 = FACE_BOUND('',#4408,.T.);
#4408 = EDGE_LOOP('',(#4409));
#4409 = ORIENTED_EDGE('',*,*,#4410,.T.);
#4410 = EDGE_CURVE('',#4411,#4411,#4413,.T.);
#4411 = VERTEX_POINT('',#4412);
#4412 = CARTESIAN_POINT('',(50.,-1.224646799147E-14,50.));
#4413 = SURFACE_CURVE('',#4414,(#4419,#4426),.PCURVE_S1.);
#4414 = CIRCLE('',#4415,50.);
#4415 = AXIS2_PLACEMENT_3D('',#4416,#4417,#4418);
#4416 = CARTESIAN_POINT('',(0.,0.,50.));
#4417 = DIRECTION('',(0.,0.,1.));
#4418 = DIRECTION('',(1.,0.,0.));
#4419 = PCURVE('',#4202,#4420);
#4420 = DEFINITIONAL_REPRESENTATION('',(#4421),#4425);
#4421 = CIRCLE('',#4422,50.);
#4422 = AXIS2_PLACEMENT_2D('',#4423,#4424);
#4423 = CARTESIAN_POINT('',(0.,0.));
#4424 = DIRECTION('',(1.,0.));
#4425 = ( GEOMETRIC_REPRESENTATION_CONTEXT(2) 
PARAMETRIC_REPRESENTATION_CONTEXT() REPRESENTATION_CONTEXT('2D SPACE',''
  ) );
#4426 = PCURVE('',#4427,#4432);
#4427 = CYLINDRICAL_SURFACE('',#4428,50.);
#4428 = AXIS2_PLACEMENT_3D('',#4429,#4430,#4431);
#4429 = CARTESIAN_POINT('',(0.,0.,0.));
#4430 = DIRECTION('',(0.,0.,1.));
#4431 = DIRECTION('',(1.,0.,0.));
#4432 = DEFINITIONAL_REPRESENTATION('',(#4433),#4437);
#4433 = LINE('',#4434,#4435);
#4434 = CARTESIAN_POINT('',(0.,50.));
#4435 = VECTOR('',#4436,1.);
#4436 = DIRECTION('',(1.,0.));
#4437 = ( GEOMETRIC_REPRESENTATION_CONTEXT(2) 
PARAMETRIC_REPRESENTATION_CONTEXT() REPRESENTATION_CONTEXT('2D SPACE',''
  ) );
#4438 = FACE_BOUND('',#4439,.T.);
#4439 = EDGE_LOOP('',(#4440));
#4440 = ORIENTED_EDGE('',*,*,#4187,.F.);
#4441 = ADVANCED_FACE('',(#4442),#4234,.T.);
#4442 = FACE_BOUND('',#4443,.T.);
#4443 = EDGE_LOOP('',(#4444,#4445,#4446));
#4444 = ORIENTED_EDGE('',*,*,#4362,.F.);
#4445 = ORIENTED_EDGE('',*,*,#4220,.T.);
#4446 = ORIENTED_EDGE('',*,*,#4270,.F.);
#4447 = ADVANCED_FACE('',(#4448,#5006,#5426,#5846,#6266),#4427,.T.);
#4448 = FACE_BOUND('',#4449,.T.);
#4449 = EDGE_LOOP('',(#4450,#4484,#4698,#4719,#4720,#4721,#4930,#4955,
    #4978,#5005));
#4450 = ORIENTED_EDGE('',*,*,#4451,.F.);
#4451 = EDGE_CURVE('',#4452,#4454,#4456,.T.);
#4452 = VERTEX_POINT('',#4453);
#4453 = CARTESIAN_POINT('',(49.699237858762,-5.475925150898,
    21.888585568769));
#4454 = VERTEX_POINT('',#4455);
#4455 = CARTESIAN_POINT('',(50.,-1.224646799147E-14,18.450858563723));
#4456 = SURFACE_CURVE('',#4457,(#4462,#4472),.PCURVE_S1.);
#4457 = ELLIPSE('',#4458,573.68566228349,50.);
#4458 = AXIS2_PLACEMENT_3D('',#4459,#4460,#4461);
#4459 = CARTESIAN_POINT('',(0.,0.,589.95347370179));
#4460 = DIRECTION('',(0.996194698092,0.,8.715574274766E-02));
#4461 = DIRECTION('',(-8.715574274766E-02,0.,0.996194698092));
#4462 = PCURVE('',#4427,#4463);
#4463 = DEFINITIONAL_REPRESENTATION('',(#4464),#4471);
#4464 = B_SPLINE_CURVE_WITH_KNOTS('',5,(#4465,#4466,#4467,#4468,#4469,
    #4470),.UNSPECIFIED.,.F.,.F.,(6,6),(3.003632100497,3.14159265359),
  .PIECEWISE_BEZIER_KNOTS.);
#4465 = CARTESIAN_POINT('',(6.145224754087,23.880974964952));
#4466 = CARTESIAN_POINT('',(6.172816864705,21.712374565317));
#4467 = CARTESIAN_POINT('',(6.200408975324,20.082480172225));
#4468 = CARTESIAN_POINT('',(6.228001085942,18.994732171421));
#4469 = CARTESIAN_POINT('',(6.255593196561,18.450858563723));
#4470 = CARTESIAN_POINT('',(6.28318530718,18.450858563723));
#4471 = ( GEOMETRIC_REPRESENTATION_CONTEXT(2) 
PARAMETRIC_REPRESENTATION_CONTEXT() REPRESENTATION_CONTEXT('2D SPACE',''
  ) );
#4472 = PCURVE('',#4473,#4478);
#4473 = PLANE('',#4474);
#4474 = AXIS2_PLACEMENT_3D('',#4475,#4476,#4477);
#4475 = CARTESIAN_POINT('',(52.313910141191,-30.,-7.997255373984));
#4476 = DIRECTION('',(0.996194698092,0.,8.715574274766E-02));
#4477 = DIRECTION('',(-8.715574274766E-02,0.,0.996194698092));
#4478 = DEFINITIONAL_REPRESENTATION('',(#4479),#4483);
#4479 = ELLIPSE('',#4480,573.68566228349,50.);
#4480 = AXIS2_PLACEMENT_2D('',#4481,#4482);
#4481 = CARTESIAN_POINT('',(600.23480371977,-30.));
#4482 = DIRECTION('',(1.,0.));
#4483 = ( GEOMETRIC_REPRESENTATION_CONTEXT(2) 
PARAMETRIC_REPRESENTATION_CONTEXT() REPRESENTATION_CONTEXT('2D SPACE',''
  ) );
#4484 = ORIENTED_EDGE('',*,*,#4485,.T.);
#4485 = EDGE_CURVE('',#4452,#4486,#4488,.T.);
#4486 = VERTEX_POINT('',#4487);
#4487 = CARTESIAN_POINT('',(50.,-1.224646799147E-14,25.341132630776));
#4488 = SURFACE_CURVE('',#4489,(#4555,#4624),.PCURVE_S1.);
#4489 = B_SPLINE_CURVE_WITH_KNOTS('',8,(#4490,#4491,#4492,#4493,#4494,
    #4495,#4496,#4497,#4498,#4499,#4500,#4501,#4502,#4503,#4504,#4505,
    #4506,#4507,#4508,#4509,#4510,#4511,#4512,#4513,#4514,#4515,#4516,
    #4517,#4518,#4519,#4520,#4521,#4522,#4523,#4524,#4525,#4526,#4527,
    #4528,#4529,#4530,#4531,#4532,#4533,#4534,#4535,#4536,#4537,#4538,
    #4539,#4540,#4541,#4542,#4543,#4544,#4545,#4546,#4547,#4548,#4549,
    #4550,#4551,#4552,#4553,#4554),.UNSPECIFIED.,.F.,.F.,(9,7,7,7,7,7,7,
    7,7,9),(0.,5.024323757765E-02,7.511237128676E-02,0.122917001595,
    0.157405699497,0.199255692884,0.255837508653,0.349598079494,
    0.451996424114,1.),.UNSPECIFIED.);
#4490 = CARTESIAN_POINT('',(49.699237858762,-5.475925150898,
    21.888585568769));
#4491 = CARTESIAN_POINT('',(49.69590870608,-5.506140383285,
    21.926637958039));
#4492 = CARTESIAN_POINT('',(49.692672162521,-5.535321646731,
    21.965544289861));
#4493 = CARTESIAN_POINT('',(49.689541575236,-5.563372010317,
    22.005301255229));
#4494 = CARTESIAN_POINT('',(49.686530589254,-5.590193124386,
    22.045904145567));
#4495 = CARTESIAN_POINT('',(49.683653147489,-5.61568522054,
    22.08734685273));
#4496 = CARTESIAN_POINT('',(49.680923490731,-5.63974711164,
    22.129621869006));
#4497 = CARTESIAN_POINT('',(49.678356157652,-5.662276191806,
    22.172720287111));
#4498 = CARTESIAN_POINT('',(49.674782909607,-5.693509569866,
    22.23836689019));
#4499 = CARTESIAN_POINT('',(49.673643429359,-5.703447818838,
    22.260297286859));
#4500 = CARTESIAN_POINT('',(49.672549585568,-5.712968386304,
    22.282416512282));
#4501 = CARTESIAN_POINT('',(49.671503344978,-5.722057062428,
    22.304718020597));
#4502 = CARTESIAN_POINT('',(49.670506599571,-5.730700224568,
    22.327195198001));
#4503 = CARTESIAN_POINT('',(49.669561166565,-5.738884837273,
    22.349841362755));
#4504 = CARTESIAN_POINT('',(49.668668788419,-5.746598452286,
    22.372649765177));
#4505 = CARTESIAN_POINT('',(49.66622095145,-5.767728511735,
    22.439755738179));
#4506 = CARTESIAN_POINT('',(49.664811993633,-5.779851061442,
    22.484495804267));
#4507 = CARTESIAN_POINT('',(49.663618378324,-5.790094244676,
    22.529738602214));
#4508 = CARTESIAN_POINT('',(49.662651513573,-5.798375243991,
    22.575388674832));
#4509 = CARTESIAN_POINT('',(49.66192009653,-5.804631037481,
    22.621350291449));
#4510 = CARTESIAN_POINT('',(49.661430113447,-5.808818398784,
    22.667527447902));
#4511 = CARTESIAN_POINT('',(49.661184839679,-5.810913897076,
    22.713823866546));
#4512 = CARTESIAN_POINT('',(49.661184839679,-5.810913897076,
    22.793559978261));
#4513 = CARTESIAN_POINT('',(49.661312473755,-5.80982321158,
    22.826972244798));
#4514 = CARTESIAN_POINT('',(49.661567657288,-5.807642384518,
    22.860341109611));
#4515 = CARTESIAN_POINT('',(49.661949504713,-5.804377779363,
    22.893627935696));
#4516 = CARTESIAN_POINT('',(49.662456329526,-5.800041579127,
    22.926794135294));
#4517 = CARTESIAN_POINT('',(49.663085644274,-5.794651786369,
    22.959801169886));
#4518 = CARTESIAN_POINT('',(49.663834160565,-5.788232223187,
    22.992610550197));
#4519 = CARTESIAN_POINT('',(49.665745751121,-5.771809174227,
    23.064709590617));
#4520 = CARTESIAN_POINT('',(49.666962972815,-5.761335931999,
    23.103875681406));
#4521 = CARTESIAN_POINT('',(49.668342720892,-5.74944035102,
    23.142644526649));
#4522 = CARTESIAN_POINT('',(49.669877524427,-5.736175662459,
    23.180979034556));
#4523 = CARTESIAN_POINT('',(49.671559174826,-5.721600782175,
    23.218842603451));
#4524 = CARTESIAN_POINT('',(49.673378725821,-5.705780310712,
    23.25619912178));
#4525 = CARTESIAN_POINT('',(49.675326493475,-5.688784533302,
    23.293012968104));
#4526 = CARTESIAN_POINT('',(49.68018472779,-5.646224556392,
    23.37824068215));
#4527 = CARTESIAN_POINT('',(49.68319313269,-5.619748508741,
    23.426179570868));
#4528 = CARTESIAN_POINT('',(49.686396230916,-5.591408540286,
    23.473058448527));
#4529 = CARTESIAN_POINT('',(49.689773701963,-5.561347793784,
    23.518872259327));
#4530 = CARTESIAN_POINT('',(49.693305944786,-5.529705291375,
    23.563618120408));
#4531 = CARTESIAN_POINT('',(49.696974077799,-5.49661593458,
    23.607295321843));
#4532 = CARTESIAN_POINT('',(49.700759938875,-5.462210504306,
    23.649905326641));
#4533 = CARTESIAN_POINT('',(49.711085739262,-5.367632173005,
    23.760297534406));
#4534 = CARTESIAN_POINT('',(49.717807471527,-5.30532414805,
    23.826291073559));
#4535 = CARTESIAN_POINT('',(49.724743240886,-5.240167008305,
    23.889542647389));
#4536 = CARTESIAN_POINT('',(49.731835622953,-5.172564736456,
    23.950173538923));
#4537 = CARTESIAN_POINT('',(49.739036986665,-5.102852744896,
    24.008313439646));
#4538 = CARTESIAN_POINT('',(49.746308670743,-5.031300745081,
    24.064097834119));
#4539 = CARTESIAN_POINT('',(49.753620160142,-4.958115616875,
    24.117665384592));
#4540 = CARTESIAN_POINT('',(49.768951472662,-4.801893777183,
    24.225388801133));
#4541 = CARTESIAN_POINT('',(49.776975511383,-4.718559914865,
    24.279151953909));
#4542 = CARTESIAN_POINT('',(49.784982217405,-4.633711420987,
    24.330570030374));
#4543 = CARTESIAN_POINT('',(49.792940869446,-4.547568329909,
    24.379766611538));
#4544 = CARTESIAN_POINT('',(49.800827429755,-4.460302004713,
    24.426863594392));
#4545 = CARTESIAN_POINT('',(49.808623787657,-4.372035161592,
    24.471981183311));
#4546 = CARTESIAN_POINT('',(49.816317003096,-4.282841894236,
    24.515237881456));
#4547 = CARTESIAN_POINT('',(49.864472593934,-3.710592036811,
    24.778912800559));
#4548 = CARTESIAN_POINT('',(49.902436535772,-3.195640294742,
    24.954338545458));
#4549 = CARTESIAN_POINT('',(49.934798202714,-2.66843260968,
    25.090009316344));
#4550 = CARTESIAN_POINT('',(49.960665200335,-2.138594577889,
    25.192416360856));
#4551 = CARTESIAN_POINT('',(49.980082596711,-1.609501084905,
    25.266569802239));
#4552 = CARTESIAN_POINT('',(49.993221770662,-1.079576533768,
    25.315762156772));
#4553 = CARTESIAN_POINT('',(50.,-0.544545612607,25.341132630776));
#4554 = CARTESIAN_POINT('',(50.,-1.15463194561E-14,25.341132630776));
#4555 = PCURVE('',#4427,#4556);
#4556 = DEFINITIONAL_REPRESENTATION('',(#4557),#4623);
#4557 = B_SPLINE_CURVE_WITH_KNOTS('',8,(#4558,#4559,#4560,#4561,#4562,
    #4563,#4564,#4565,#4566,#4567,#4568,#4569,#4570,#4571,#4572,#4573,
    #4574,#4575,#4576,#4577,#4578,#4579,#4580,#4581,#4582,#4583,#4584,
    #4585,#4586,#4587,#4588,#4589,#4590,#4591,#4592,#4593,#4594,#4595,
    #4596,#4597,#4598,#4599,#4600,#4601,#4602,#4603,#4604,#4605,#4606,
    #4607,#4608,#4609,#4610,#4611,#4612,#4613,#4614,#4615,#4616,#4617,
    #4618,#4619,#4620,#4621,#4622),.UNSPECIFIED.,.F.,.F.,(9,7,7,7,7,7,7,
    7,7,9),(0.,5.024323757765E-02,7.511237128676E-02,0.122917001595,
    0.157405699497,0.199255692884,0.255837508653,0.349598079494,
    0.451996424114,1.),.UNSPECIFIED.);
#4558 = CARTESIAN_POINT('',(6.17344668097,21.888585568769));
#4559 = CARTESIAN_POINT('',(6.172838719285,21.926637958039));
#4560 = CARTESIAN_POINT('',(6.172251515431,21.965544289861));
#4561 = CARTESIAN_POINT('',(6.171687025265,22.005301255229));
#4562 = CARTESIAN_POINT('',(6.171147233595,22.045904145567));
#4563 = CARTESIAN_POINT('',(6.170634154188,22.08734685273));
#4564 = CARTESIAN_POINT('',(6.170149829764,22.129621869006));
#4565 = CARTESIAN_POINT('',(6.169696331999,22.172720287111));
#4566 = CARTESIAN_POINT('',(6.16906758976,22.23836689019));
#4567 = CARTESIAN_POINT('',(6.168867522569,22.260297286859));
#4568 = CARTESIAN_POINT('',(6.168675858602,22.282416512282));
#4569 = CARTESIAN_POINT('',(6.168492884674,22.304718020597));
#4570 = CARTESIAN_POINT('',(6.16831887577,22.327195198001));
#4571 = CARTESIAN_POINT('',(6.168154095037,22.349841362755));
#4572 = CARTESIAN_POINT('',(6.167998793788,22.372649765177));
#4573 = CARTESIAN_POINT('',(6.167573366324,22.439755738179));
#4574 = CARTESIAN_POINT('',(6.167329283248,22.484495804267));
#4575 = CARTESIAN_POINT('',(6.167123033394,22.529738602214));
#4576 = CARTESIAN_POINT('',(6.166956288365,22.575388674832));
#4577 = CARTESIAN_POINT('',(6.166830320248,22.621350291449));
#4578 = CARTESIAN_POINT('',(6.166746001617,22.667527447902));
#4579 = CARTESIAN_POINT('',(6.16670380553,22.713823866546));
#4580 = CARTESIAN_POINT('',(6.16670380553,22.793559978261));
#4581 = CARTESIAN_POINT('',(6.166725768093,22.826972244798));
#4582 = CARTESIAN_POINT('',(6.166769682216,22.860341109611));
#4583 = CARTESIAN_POINT('',(6.166835419431,22.893627935696));
#4584 = CARTESIAN_POINT('',(6.166922733812,22.926794135294));
#4585 = CARTESIAN_POINT('',(6.167031261968,22.959801169886));
#4586 = CARTESIAN_POINT('',(6.167160523049,22.992610550197));
#4587 = CARTESIAN_POINT('',(6.167491201573,23.064709590617));
#4588 = CARTESIAN_POINT('',(6.167702076356,23.103875681406));
#4589 = CARTESIAN_POINT('',(6.167941582965,23.142644526649));
#4590 = CARTESIAN_POINT('',(6.168208646661,23.180979034556));
#4591 = CARTESIAN_POINT('',(6.1685020781,23.218842603451));
#4592 = CARTESIAN_POINT('',(6.168820573323,23.25619912178));
#4593 = CARTESIAN_POINT('',(6.169162713765,23.293012968104));
#4594 = CARTESIAN_POINT('',(6.170019441044,23.37824068215));
#4595 = CARTESIAN_POINT('',(6.170552369336,23.426179570868));
#4596 = CARTESIAN_POINT('',(6.171122777313,23.473058448527));
#4597 = CARTESIAN_POINT('',(6.171727774816,23.518872259327));
#4598 = CARTESIAN_POINT('',(6.172364555339,23.563618120408));
#4599 = CARTESIAN_POINT('',(6.17303039603,23.607295321843));
#4600 = CARTESIAN_POINT('',(6.173722657692,23.649905326641));
#4601 = CARTESIAN_POINT('',(6.175625464346,23.760297534406));
#4602 = CARTESIAN_POINT('',(6.17687885417,23.826291073559));
#4603 = CARTESIAN_POINT('',(6.178189356852,23.889542647389));
#4604 = CARTESIAN_POINT('',(6.179548819569,23.950173538923));
#4605 = CARTESIAN_POINT('',(6.180950475071,24.008313439646));
#4606 = CARTESIAN_POINT('',(6.182388882693,24.064097834119));
#4607 = CARTESIAN_POINT('',(6.183859869353,24.117665384592));
#4608 = CARTESIAN_POINT('',(6.18699931595,24.225388801133));
#4609 = CARTESIAN_POINT('',(6.188673698692,24.279151953909));
#4610 = CARTESIAN_POINT('',(6.190378202173,24.330570030374));
#4611 = CARTESIAN_POINT('',(6.192108394574,24.379766611538));
#4612 = CARTESIAN_POINT('',(6.193860826783,24.426863594392));
#4613 = CARTESIAN_POINT('',(6.1956330303,24.471981183311));
#4614 = CARTESIAN_POINT('',(6.197423515148,24.515237881456));
#4615 = CARTESIAN_POINT('',(6.208908964382,24.778912800559));
#4616 = CARTESIAN_POINT('',(6.219235395633,24.954338545458));
#4617 = CARTESIAN_POINT('',(6.229798062823,25.090009316344));
#4618 = CARTESIAN_POINT('',(6.240405820983,25.192416360856));
#4619 = CARTESIAN_POINT('',(6.25099332217,25.266569802239));
#4620 = CARTESIAN_POINT('',(6.261593775151,25.315762156772));
#4621 = CARTESIAN_POINT('',(6.272294394927,25.341132630776));
#4622 = CARTESIAN_POINT('',(6.28318530718,25.341132630776));
#4623 = ( GEOMETRIC_REPRESENTATION_CONTEXT(2) 
PARAMETRIC_REPRESENTATION_CONTEXT() REPRESENTATION_CONTEXT('2D SPACE',''
  ) );
#4624 = PCURVE('',#4625,#4630);
#4625 = CYLINDRICAL_SURFACE('',#4626,10.);
#4626 = AXIS2_PLACEMENT_3D('',#4627,#4628,#4629);
#4627 = CARTESIAN_POINT('',(59.661184839679,-30.,22.760142996245));
#4628 = DIRECTION('',(0.,1.,0.));
#4629 = DIRECTION('',(-0.996194698092,0.,-8.715574274766E-02));
#4630 = DEFINITIONAL_REPRESENTATION('',(#4631),#4697);
#4631 = B_SPLINE_CURVE_WITH_KNOTS('',8,(#4632,#4633,#4634,#4635,#4636,
    #4637,#4638,#4639,#4640,#4641,#4642,#4643,#4644,#4645,#4646,#4647,
    #4648,#4649,#4650,#4651,#4652,#4653,#4654,#4655,#4656,#4657,#4658,
    #4659,#4660,#4661,#4662,#4663,#4664,#4665,#4666,#4667,#4668,#4669,
    #4670,#4671,#4672,#4673,#4674,#4675,#4676,#4677,#4678,#4679,#4680,
    #4681,#4682,#4683,#4684,#4685,#4686,#4687,#4688,#4689,#4690,#4691,
    #4692,#4693,#4694,#4695,#4696),.UNSPECIFIED.,.F.,.F.,(9,7,7,7,7,7,7,
    7,7,9),(0.,5.024323757765E-02,7.511237128676E-02,0.122917001595,
    0.157405699497,0.199255692884,0.255837508653,0.349598079494,
    0.451996424114,1.),.UNSPECIFIED.);
#4632 = CARTESIAN_POINT('',(0.,24.524074849102));
#4633 = CARTESIAN_POINT('',(3.819774321497E-03,24.493859616715));
#4634 = CARTESIAN_POINT('',(7.723811946693E-03,24.464678353269));
#4635 = CARTESIAN_POINT('',(1.171174950625E-02,24.436627989683));
#4636 = CARTESIAN_POINT('',(1.578309976941E-02,24.409806875614));
#4637 = CARTESIAN_POINT('',(1.993725164394E-02,24.38431477946));
#4638 = CARTESIAN_POINT('',(2.417347017622E-02,24.36025288836));
#4639 = CARTESIAN_POINT('',(2.849089655117E-02,24.337723808194));
#4640 = CARTESIAN_POINT('',(3.506527454252E-02,24.306490430134));
#4641 = CARTESIAN_POINT('',(3.726126577934E-02,24.296552181162));
#4642 = CARTESIAN_POINT('',(3.947587972263E-02,24.287031613696));
#4643 = CARTESIAN_POINT('',(4.170846895604E-02,24.277942937572));
#4644 = CARTESIAN_POINT('',(4.395838072695E-02,24.269299775432));
#4645 = CARTESIAN_POINT('',(4.62249569465E-02,24.261115162727));
#4646 = CARTESIAN_POINT('',(4.850753418957E-02,24.253401547714));
#4647 = CARTESIAN_POINT('',(5.522259451569E-02,24.232271488265));
#4648 = CARTESIAN_POINT('',(5.969875754646E-02,24.220148938558));
#4649 = CARTESIAN_POINT('',(6.422451258005E-02,24.209905755324));
#4650 = CARTESIAN_POINT('',(6.879042515309E-02,24.201624756009));
#4651 = CARTESIAN_POINT('',(7.338704654585E-02,24.195368962519));
#4652 = CARTESIAN_POINT('',(7.800491378222E-02,24.191181601216));
#4653 = CARTESIAN_POINT('',(8.263454962978E-02,24.189086102924));
#4654 = CARTESIAN_POINT('',(9.060816080128E-02,24.189086102924));
#4655 = CARTESIAN_POINT('',(9.394938614708E-02,24.19017678842));
#4656 = CARTESIAN_POINT('',(9.728632950969E-02,24.192357615482));
#4657 = CARTESIAN_POINT('',(0.100615183955,24.195622220637));
#4658 = CARTESIAN_POINT('',(0.10393214474,24.199958420873));
#4659 = CARTESIAN_POINT('',(0.107233409317,24.205348213631));
#4660 = CARTESIAN_POINT('',(0.110515177329,24.211767776813));
#4661 = CARTESIAN_POINT('',(0.117727615064,24.228190825772));
#4662 = CARTESIAN_POINT('',(0.121646073214,24.238664068001));
#4663 = CARTESIAN_POINT('',(0.125525346989,24.25055964898));
#4664 = CARTESIAN_POINT('',(0.129361795627,24.263824337541));
#4665 = CARTESIAN_POINT('',(0.133151815676,24.278399217825));
#4666 = CARTESIAN_POINT('',(0.136891840996,24.294219689288));
#4667 = CARTESIAN_POINT('',(0.140578342758,24.311215466698));
#4668 = CARTESIAN_POINT('',(0.149114949626,24.353775443608));
#4669 = CARTESIAN_POINT('',(0.153918192735,24.380251491259));
#4670 = CARTESIAN_POINT('',(0.158616891866,24.408591459714));
#4671 = CARTESIAN_POINT('',(0.163210574518,24.438652206216));
#4672 = CARTESIAN_POINT('',(0.167698962596,24.470294708625));
#4673 = CARTESIAN_POINT('',(0.172081972409,24.50338406542));
#4674 = CARTESIAN_POINT('',(0.176359714672,24.537789495694));
#4675 = CARTESIAN_POINT('',(0.187447122705,24.632367826995));
#4676 = CARTESIAN_POINT('',(0.194080397147,24.69467585195));
#4677 = CARTESIAN_POINT('',(0.200443159293,24.759832991695));
#4678 = CARTESIAN_POINT('',(0.206547286695,24.827435263544));
#4679 = CARTESIAN_POINT('',(0.212405458511,24.897147255104));
#4680 = CARTESIAN_POINT('',(0.218030921024,24.968699254919));
#4681 = CARTESIAN_POINT('',(0.223437253161,25.041884383125));
#4682 = CARTESIAN_POINT('',(0.234318146329,25.198106222817));
#4683 = CARTESIAN_POINT('',(0.239753886891,25.281440085135));
#4684 = CARTESIAN_POINT('',(0.244957490805,25.366288579013));
#4685 = CARTESIAN_POINT('',(0.24994094275,25.452431670091));
#4686 = CARTESIAN_POINT('',(0.254716083024,25.539697995287));
#4687 = CARTESIAN_POINT('',(0.259294615596,25.627964838408));
#4688 = CARTESIAN_POINT('',(0.263688116159,25.717158105764));
#4689 = CARTESIAN_POINT('',(0.290491739775,26.289407963189));
#4690 = CARTESIAN_POINT('',(0.30843093932,26.804359705258));
#4691 = CARTESIAN_POINT('',(0.322376202324,27.33156739032));
#4692 = CARTESIAN_POINT('',(0.332937404279,27.86140542211));
#4693 = CARTESIAN_POINT('',(0.340602746251,28.390498915095));
#4694 = CARTESIAN_POINT('',(0.345694402115,28.920423466232));
#4695 = CARTESIAN_POINT('',(0.348320441391,29.455454387393));
#4696 = CARTESIAN_POINT('',(0.348320441391,30.));
#4697 = ( GEOMETRIC_REPRESENTATION_CONTEXT(2) 
PARAMETRIC_REPRESENTATION_CONTEXT() REPRESENTATION_CONTEXT('2D SPACE',''
  ) );
#4698 = ORIENTED_EDGE('',*,*,#4699,.T.);
#4699 = EDGE_CURVE('',#4486,#4411,#4700,.T.);
#4700 = SEAM_CURVE('',#4701,(#4705,#4712),.PCURVE_S1.);
#4701 = LINE('',#4702,#4703);
#4702 = CARTESIAN_POINT('',(50.,-1.224646799147E-14,0.));
#4703 = VECTOR('',#4704,1.);
#4704 = DIRECTION('',(0.,0.,1.));
#4705 = PCURVE('',#4427,#4706);
#4706 = DEFINITIONAL_REPRESENTATION('',(#4707),#4711);
#4707 = LINE('',#4708,#4709);
#4708 = CARTESIAN_POINT('',(0.,-0.));
#4709 = VECTOR('',#4710,1.);
#4710 = DIRECTION('',(0.,1.));
#4711 = ( GEOMETRIC_REPRESENTATION_CONTEXT(2) 
PARAMETRIC_REPRESENTATION_CONTEXT() REPRESENTATION_CONTEXT('2D SPACE',''
  ) );
#4712 = PCURVE('',#4427,#4713);
#4713 = DEFINITIONAL_REPRESENTATION('',(#4714),#4718);
#4714 = LINE('',#4715,#4716);
#4715 = CARTESIAN_POINT('',(6.28318530718,-0.));
#4716 = VECTOR('',#4717,1.);
#4717 = DIRECTION('',(0.,1.));
#4718 = ( GEOMETRIC_REPRESENTATION_CONTEXT(2) 
PARAMETRIC_REPRESENTATION_CONTEXT() REPRESENTATION_CONTEXT('2D SPACE',''
  ) );
#4719 = ORIENTED_EDGE('',*,*,#4410,.F.);
#4720 = ORIENTED_EDGE('',*,*,#4699,.F.);
#4721 = ORIENTED_EDGE('',*,*,#4722,.F.);
#4722 = EDGE_CURVE('',#4723,#4486,#4725,.T.);
#4723 = VERTEX_POINT('',#4724);
#4724 = CARTESIAN_POINT('',(49.699237858762,5.475925150898,
    21.888585568769));
#4725 = SURFACE_CURVE('',#4726,(#4792,#4861),.PCURVE_S1.);
#4726 = B_SPLINE_CURVE_WITH_KNOTS('',8,(#4727,#4728,#4729,#4730,#4731,
    #4732,#4733,#4734,#4735,#4736,#4737,#4738,#4739,#4740,#4741,#4742,
    #4743,#4744,#4745,#4746,#4747,#4748,#4749,#4750,#4751,#4752,#4753,
    #4754,#4755,#4756,#4757,#4758,#4759,#4760,#4761,#4762,#4763,#4764,
    #4765,#4766,#4767,#4768,#4769,#4770,#4771,#4772,#4773,#4774,#4775,
    #4776,#4777,#4778,#4779,#4780,#4781,#4782,#4783,#4784,#4785,#4786,
    #4787,#4788,#4789,#4790,#4791),.UNSPECIFIED.,.F.,.F.,(9,7,7,7,7,7,7,
    7,7,9),(0.,5.024327609831E-02,7.511242556476E-02,0.122917079784,
    0.157405794944,0.199255823866,0.255837667532,0.349598214386,
    0.451996537777,1.),.UNSPECIFIED.);
#4727 = CARTESIAN_POINT('',(49.699237858762,5.475925150898,
    21.888585568769));
#4728 = CARTESIAN_POINT('',(49.69590870608,5.506140383285,
    21.926637958038));
#4729 = CARTESIAN_POINT('',(49.692672162521,5.535321646731,
    21.965544289861));
#4730 = CARTESIAN_POINT('',(49.689541575236,5.563372010317,
    22.005301255229));
#4731 = CARTESIAN_POINT('',(49.686530589254,5.590193124386,
    22.045904145567));
#4732 = CARTESIAN_POINT('',(49.683653147489,5.61568522054,22.08734685273
    ));
#4733 = CARTESIAN_POINT('',(49.680923490731,5.63974711164,
    22.129621869006));
#4734 = CARTESIAN_POINT('',(49.678356157652,5.662276191806,
    22.172720287111));
#4735 = CARTESIAN_POINT('',(49.674782909764,5.69350956849,
    22.238366887297));
#4736 = CARTESIAN_POINT('',(49.673643429437,5.703447818157,
    22.260297285824));
#4737 = CARTESIAN_POINT('',(49.672549585514,5.712968386771,
    22.282416513907));
#4738 = CARTESIAN_POINT('',(49.671503344855,5.7220570635,22.304718023325
    ));
#4739 = CARTESIAN_POINT('',(49.670506599484,5.73070022533,
    22.327195199505));
#4740 = CARTESIAN_POINT('',(49.66956116659,5.738884837064,
    22.349841361527));
#4741 = CARTESIAN_POINT('',(49.668668788531,5.746598451322,
    22.372649762116));
#4742 = CARTESIAN_POINT('',(49.66622095145,5.767728511733,
    22.439755738174));
#4743 = CARTESIAN_POINT('',(49.664811993633,5.779851061441,
    22.484495804265));
#4744 = CARTESIAN_POINT('',(49.663618378324,5.790094244676,
    22.529738602217));
#4745 = CARTESIAN_POINT('',(49.662651513572,5.798375243992,
    22.575388674837));
#4746 = CARTESIAN_POINT('',(49.66192009653,5.804631037482,
    22.621350291451));
#4747 = CARTESIAN_POINT('',(49.661430113447,5.808818398785,22.6675274479
    ));
#4748 = CARTESIAN_POINT('',(49.661184839679,5.810913897076,
    22.713823866541));
#4749 = CARTESIAN_POINT('',(49.661184839679,5.810913897076,
    22.793559978272));
#4750 = CARTESIAN_POINT('',(49.661312473755,5.809823211581,
    22.826972244803));
#4751 = CARTESIAN_POINT('',(49.661567657287,5.80764238452,
    22.860341109605));
#4752 = CARTESIAN_POINT('',(49.661949504713,5.804377779364,
    22.893627935686));
#4753 = CARTESIAN_POINT('',(49.662456329526,5.800041579127,
    22.926794135288));
#4754 = CARTESIAN_POINT('',(49.663085644274,5.794651786367,
    22.95980116989));
#4755 = CARTESIAN_POINT('',(49.663834160566,5.788232223185,
    22.992610550208));
#4756 = CARTESIAN_POINT('',(49.665745751486,5.771809171091,
    23.064709604386));
#4757 = CARTESIAN_POINT('',(49.666962972819,5.761335932013,
    23.103875687069));
#4758 = CARTESIAN_POINT('',(49.66834272048,5.74944035463,23.142644520105
    ));
#4759 = CARTESIAN_POINT('',(49.669877523929,5.736175666789,
    23.18097902243));
#4760 = CARTESIAN_POINT('',(49.671559174665,5.721600783537,
    23.21884259606));
#4761 = CARTESIAN_POINT('',(49.673378726227,5.705780307129,
    23.256199126089));
#4762 = CARTESIAN_POINT('',(49.675326494192,5.688784527019,
    23.293012980687));
#4763 = CARTESIAN_POINT('',(49.680184725826,5.646224573598,
    23.378240647694));
#4764 = CARTESIAN_POINT('',(49.683193132237,5.619748512311,
    23.42617955579));
#4765 = CARTESIAN_POINT('',(49.686396232426,5.591408526408,
    23.473058463435));
#4766 = CARTESIAN_POINT('',(49.68977370412,5.561347774422,
    23.518872288592));
#4767 = CARTESIAN_POINT('',(49.693305945755,5.529705283016,
    23.563618139142));
#4768 = CARTESIAN_POINT('',(49.696974076479,5.49661594698,
    23.607295312884));
#4769 = CARTESIAN_POINT('',(49.700759936153,5.462210529238,
    23.64990529754));
#4770 = CARTESIAN_POINT('',(49.711085738951,5.367632175862,
    23.760297531072));
#4771 = CARTESIAN_POINT('',(49.717807471729,5.305324146026,
    23.826291075072));
#4772 = CARTESIAN_POINT('',(49.724743241212,5.240167005226,
    23.889542650516));
#4773 = CARTESIAN_POINT('',(49.731835622934,5.172564736774,
    23.95017353927));
#4774 = CARTESIAN_POINT('',(49.739036986319,5.102852748324,
    24.008313436899));
#4775 = CARTESIAN_POINT('',(49.746308670558,5.031300746787,
    24.064097832258));
#4776 = CARTESIAN_POINT('',(49.753620160497,4.958115613253,
    24.11766538709));
#4777 = CARTESIAN_POINT('',(49.768951472662,4.801893777183,
    24.225388801133));
#4778 = CARTESIAN_POINT('',(49.776975511383,4.718559914865,
    24.279151953909));
#4779 = CARTESIAN_POINT('',(49.784982217405,4.633711420987,
    24.330570030374));
#4780 = CARTESIAN_POINT('',(49.792940869446,4.547568329909,
    24.379766611538));
#4781 = CARTESIAN_POINT('',(49.800827429755,4.460302004713,
    24.426863594392));
#4782 = CARTESIAN_POINT('',(49.808623787657,4.372035161592,
    24.471981183311));
#4783 = CARTESIAN_POINT('',(49.816317003096,4.282841894236,
    24.515237881456));
#4784 = CARTESIAN_POINT('',(49.864472593931,3.710592036853,
    24.778912800539));
#4785 = CARTESIAN_POINT('',(49.902436535784,3.195640294619,
    24.954338545524));
#4786 = CARTESIAN_POINT('',(49.934798202694,2.668432609805,
    25.090009316233));
#4787 = CARTESIAN_POINT('',(49.960665200354,2.138594577968,
    25.19241636096));
#4788 = CARTESIAN_POINT('',(49.980082596702,1.609501084571,
    25.266569802186));
#4789 = CARTESIAN_POINT('',(49.993221770663,1.079576534106,
    25.315762156783));
#4790 = CARTESIAN_POINT('',(50.,0.544545612475,25.341132630776));
#4791 = CARTESIAN_POINT('',(50.,0.,25.341132630776));
#4792 = PCURVE('',#4427,#4793);
#4793 = DEFINITIONAL_REPRESENTATION('',(#4794),#4860);
#4794 = B_SPLINE_CURVE_WITH_KNOTS('',8,(#4795,#4796,#4797,#4798,#4799,
    #4800,#4801,#4802,#4803,#4804,#4805,#4806,#4807,#4808,#4809,#4810,
    #4811,#4812,#4813,#4814,#4815,#4816,#4817,#4818,#4819,#4820,#4821,
    #4822,#4823,#4824,#4825,#4826,#4827,#4828,#4829,#4830,#4831,#4832,
    #4833,#4834,#4835,#4836,#4837,#4838,#4839,#4840,#4841,#4842,#4843,
    #4844,#4845,#4846,#4847,#4848,#4849,#4850,#4851,#4852,#4853,#4854,
    #4855,#4856,#4857,#4858,#4859),.UNSPECIFIED.,.F.,.F.,(9,7,7,7,7,7,7,
    7,7,9),(0.,5.024327609831E-02,7.511242556476E-02,0.122917079784,
    0.157405794944,0.199255823866,0.255837667532,0.349598214386,
    0.451996537777,1.),.UNSPECIFIED.);
#4795 = CARTESIAN_POINT('',(0.10973862621,21.888585568769));
#4796 = CARTESIAN_POINT('',(0.110346587895,21.926637958038));
#4797 = CARTESIAN_POINT('',(0.110933791748,21.965544289861));
#4798 = CARTESIAN_POINT('',(0.111498281915,22.005301255229));
#4799 = CARTESIAN_POINT('',(0.112038073585,22.045904145567));
#4800 = CARTESIAN_POINT('',(0.112551152992,22.08734685273));
#4801 = CARTESIAN_POINT('',(0.113035477416,22.129621869006));
#4802 = CARTESIAN_POINT('',(0.113488975181,22.172720287111));
#4803 = CARTESIAN_POINT('',(0.114117717392,22.238366887297));
#4804 = CARTESIAN_POINT('',(0.114317784597,22.260297285824));
#4805 = CARTESIAN_POINT('',(0.114509448587,22.282416513907));
#4806 = CARTESIAN_POINT('',(0.114692422527,22.304718023325));
#4807 = CARTESIAN_POINT('',(0.114866431425,22.327195199505));
#4808 = CARTESIAN_POINT('',(0.115031212139,22.349841361527));
#4809 = CARTESIAN_POINT('',(0.115186513372,22.372649762116));
#4810 = CARTESIAN_POINT('',(0.115611940855,22.439755738174));
#4811 = CARTESIAN_POINT('',(0.115856023932,22.484495804265));
#4812 = CARTESIAN_POINT('',(0.116062273786,22.529738602217));
#4813 = CARTESIAN_POINT('',(0.116229018815,22.575388674837));
#4814 = CARTESIAN_POINT('',(0.116354986932,22.621350291451));
#4815 = CARTESIAN_POINT('',(0.116439305563,22.6675274479));
#4816 = CARTESIAN_POINT('',(0.11648150165,22.713823866541));
#4817 = CARTESIAN_POINT('',(0.11648150165,22.793559978272));
#4818 = CARTESIAN_POINT('',(0.116459539086,22.826972244803));
#4819 = CARTESIAN_POINT('',(0.116415624964,22.860341109605));
#4820 = CARTESIAN_POINT('',(0.116349887749,22.893627935686));
#4821 = CARTESIAN_POINT('',(0.116262573368,22.926794135288));
#4822 = CARTESIAN_POINT('',(0.116154045211,22.95980116989));
#4823 = CARTESIAN_POINT('',(0.11602478413,22.992610550208));
#4824 = CARTESIAN_POINT('',(0.115694105543,23.064709604386));
#4825 = CARTESIAN_POINT('',(0.115483230823,23.103875687069));
#4826 = CARTESIAN_POINT('',(0.115243724288,23.142644520105));
#4827 = CARTESIAN_POINT('',(0.114976660605,23.18097902243));
#4828 = CARTESIAN_POINT('',(0.114683229107,23.21884259606));
#4829 = CARTESIAN_POINT('',(0.114364733784,23.256199126089));
#4830 = CARTESIAN_POINT('',(0.114022593288,23.293012980687));
#4831 = CARTESIAN_POINT('',(0.113165866482,23.378240647694));
#4832 = CARTESIAN_POINT('',(0.112632937915,23.42617955579));
#4833 = CARTESIAN_POINT('',(0.112062529587,23.473058463435));
#4834 = CARTESIAN_POINT('',(0.111457531974,23.518872288592));
#4835 = CARTESIAN_POINT('',(0.110820751673,23.563618139142));
#4836 = CARTESIAN_POINT('',(0.110154911399,23.607295312884));
#4837 = CARTESIAN_POINT('',(0.109462649989,23.64990529754));
#4838 = CARTESIAN_POINT('',(0.107559842891,23.760297531072));
#4839 = CARTESIAN_POINT('',(0.106306452969,23.826291075072));
#4840 = CARTESIAN_POINT('',(0.104995950265,23.889542650516));
#4841 = CARTESIAN_POINT('',(0.103636487617,23.95017353927));
#4842 = CARTESIAN_POINT('',(0.102234832178,24.008313436899));
#4843 = CARTESIAN_POINT('',(0.100796424521,24.064097832258));
#4844 = CARTESIAN_POINT('',(9.932543775361E-02,24.11766538709));
#4845 = CARTESIAN_POINT('',(9.618599122927E-02,24.225388801133));
#4846 = CARTESIAN_POINT('',(9.451160848753E-02,24.279151953909));
#4847 = CARTESIAN_POINT('',(9.280710500688E-02,24.330570030374));
#4848 = CARTESIAN_POINT('',(9.107691260511E-02,24.379766611538));
#4849 = CARTESIAN_POINT('',(8.932448039611E-02,24.426863594392));
#4850 = CARTESIAN_POINT('',(8.755227687974E-02,24.471981183311));
#4851 = CARTESIAN_POINT('',(8.576179203169E-02,24.515237881456));
#4852 = CARTESIAN_POINT('',(7.427634279879E-02,24.778912800539));
#4853 = CARTESIAN_POINT('',(6.394991154449E-02,24.954338545524));
#4854 = CARTESIAN_POINT('',(5.338724435863E-02,25.090009316233));
#4855 = CARTESIAN_POINT('',(4.277948619762E-02,25.192416360961));
#4856 = CARTESIAN_POINT('',(3.219198500274E-02,25.266569802185));
#4857 = CARTESIAN_POINT('',(2.159153203525E-02,25.315762156784));
#4858 = CARTESIAN_POINT('',(1.089091224951E-02,25.341132630776));
#4859 = CARTESIAN_POINT('',(0.,25.341132630776));
#4860 = ( GEOMETRIC_REPRESENTATION_CONTEXT(2) 
PARAMETRIC_REPRESENTATION_CONTEXT() REPRESENTATION_CONTEXT('2D SPACE',''
  ) );
#4861 = PCURVE('',#4625,#4862);
#4862 = DEFINITIONAL_REPRESENTATION('',(#4863),#4929);
#4863 = B_SPLINE_CURVE_WITH_KNOTS('',8,(#4864,#4865,#4866,#4867,#4868,
    #4869,#4870,#4871,#4872,#4873,#4874,#4875,#4876,#4877,#4878,#4879,
    #4880,#4881,#4882,#4883,#4884,#4885,#4886,#4887,#4888,#4889,#4890,
    #4891,#4892,#4893,#4894,#4895,#4896,#4897,#4898,#4899,#4900,#4901,
    #4902,#4903,#4904,#4905,#4906,#4907,#4908,#4909,#4910,#4911,#4912,
    #4913,#4914,#4915,#4916,#4917,#4918,#4919,#4920,#4921,#4922,#4923,
    #4924,#4925,#4926,#4927,#4928),.UNSPECIFIED.,.F.,.F.,(9,7,7,7,7,7,7,
    7,7,9),(0.,5.024327609831E-02,7.511242556476E-02,0.122917079784,
    0.157405794944,0.199255823866,0.255837667532,0.349598214386,
    0.451996537777,1.),.UNSPECIFIED.);
#4864 = CARTESIAN_POINT('',(0.,35.475925150898));
#4865 = CARTESIAN_POINT('',(3.819774321488E-03,35.506140383285));
#4866 = CARTESIAN_POINT('',(7.723811946689E-03,35.535321646731));
#4867 = CARTESIAN_POINT('',(1.171174950626E-02,35.563372010317));
#4868 = CARTESIAN_POINT('',(1.578309976941E-02,35.590193124386));
#4869 = CARTESIAN_POINT('',(1.993725164395E-02,35.61568522054));
#4870 = CARTESIAN_POINT('',(2.417347017622E-02,35.63974711164));
#4871 = CARTESIAN_POINT('',(2.849089655116E-02,35.662276191806));
#4872 = CARTESIAN_POINT('',(3.506527425286E-02,35.69350956849));
#4873 = CARTESIAN_POINT('',(3.726126567561E-02,35.703447818157));
#4874 = CARTESIAN_POINT('',(3.94758798852E-02,35.712968386771));
#4875 = CARTESIAN_POINT('',(4.17084692291E-02,35.7220570635));
#4876 = CARTESIAN_POINT('',(4.395838087759E-02,35.73070022533));
#4877 = CARTESIAN_POINT('',(4.622495682368E-02,35.738884837064));
#4878 = CARTESIAN_POINT('',(4.850753388321E-02,35.746598451322));
#4879 = CARTESIAN_POINT('',(5.522259451518E-02,35.767728511733));
#4880 = CARTESIAN_POINT('',(5.969875754628E-02,35.779851061441));
#4881 = CARTESIAN_POINT('',(6.422451258034E-02,35.790094244676));
#4882 = CARTESIAN_POINT('',(6.879042515357E-02,35.798375243992));
#4883 = CARTESIAN_POINT('',(7.338704654611E-02,35.804631037482));
#4884 = CARTESIAN_POINT('',(7.800491378201E-02,35.808818398785));
#4885 = CARTESIAN_POINT('',(8.263454962925E-02,35.810913897076));
#4886 = CARTESIAN_POINT('',(9.060816080243E-02,35.810913897076));
#4887 = CARTESIAN_POINT('',(9.394938614752E-02,35.809823211581));
#4888 = CARTESIAN_POINT('',(9.728632950909E-02,35.80764238452));
#4889 = CARTESIAN_POINT('',(0.100615183953,35.804377779364));
#4890 = CARTESIAN_POINT('',(0.103932144739,35.800041579127));
#4891 = CARTESIAN_POINT('',(0.107233409317,35.794651786367));
#4892 = CARTESIAN_POINT('',(0.110515177331,35.788232223185));
#4893 = CARTESIAN_POINT('',(0.117727616442,35.771809171091));
#4894 = CARTESIAN_POINT('',(0.12164607378,35.761335932013));
#4895 = CARTESIAN_POINT('',(0.125525346334,35.74944035463));
#4896 = CARTESIAN_POINT('',(0.129361794413,35.736175666789));
#4897 = CARTESIAN_POINT('',(0.133151814937,35.721600783537));
#4898 = CARTESIAN_POINT('',(0.136891841428,35.705780307129));
#4899 = CARTESIAN_POINT('',(0.140578344019,35.688784527019));
#4900 = CARTESIAN_POINT('',(0.149114946175,35.646224573598));
#4901 = CARTESIAN_POINT('',(0.153918191228,35.619748512311));
#4902 = CARTESIAN_POINT('',(0.158616893364,35.591408526408));
#4903 = CARTESIAN_POINT('',(0.163210577453,35.561347774422));
#4904 = CARTESIAN_POINT('',(0.167698964472,35.529705283016));
#4905 = CARTESIAN_POINT('',(0.172081971506,35.49661594698));
#4906 = CARTESIAN_POINT('',(0.176359711749,35.462210529238));
#4907 = CARTESIAN_POINT('',(0.18744712237,35.367632175862));
#4908 = CARTESIAN_POINT('',(0.194080397299,35.305324146026));
#4909 = CARTESIAN_POINT('',(0.200443159608,35.240167005226));
#4910 = CARTESIAN_POINT('',(0.206547286729,35.172564736774));
#4911 = CARTESIAN_POINT('',(0.212405458234,35.102852748324));
#4912 = CARTESIAN_POINT('',(0.218030920837,35.031300746787));
#4913 = CARTESIAN_POINT('',(0.223437253413,34.958115613253));
#4914 = CARTESIAN_POINT('',(0.234318146329,34.801893777183));
#4915 = CARTESIAN_POINT('',(0.239753886891,34.718559914865));
#4916 = CARTESIAN_POINT('',(0.244957490805,34.633711420987));
#4917 = CARTESIAN_POINT('',(0.24994094275,34.547568329909));
#4918 = CARTESIAN_POINT('',(0.254716083024,34.460302004713));
#4919 = CARTESIAN_POINT('',(0.259294615596,34.372035161592));
#4920 = CARTESIAN_POINT('',(0.263688116159,34.282841894236));
#4921 = CARTESIAN_POINT('',(0.290491739773,33.710592036853));
#4922 = CARTESIAN_POINT('',(0.308430939326,33.195640294619));
#4923 = CARTESIAN_POINT('',(0.322376202313,32.668432609804));
#4924 = CARTESIAN_POINT('',(0.332937404289,32.138594577969));
#4925 = CARTESIAN_POINT('',(0.340602746245,31.60950108457));
#4926 = CARTESIAN_POINT('',(0.345694402116,31.079576534106));
#4927 = CARTESIAN_POINT('',(0.348320441391,30.544545612475));
#4928 = CARTESIAN_POINT('',(0.348320441391,30.));
#4929 = ( GEOMETRIC_REPRESENTATION_CONTEXT(2) 
PARAMETRIC_REPRESENTATION_CONTEXT() REPRESENTATION_CONTEXT('2D SPACE',''
  ) );
#4930 = ORIENTED_EDGE('',*,*,#4931,.F.);
#4931 = EDGE_CURVE('',#4454,#4723,#4932,.T.);
#4932 = SURFACE_CURVE('',#4933,(#4938,#4948),.PCURVE_S1.);
#4933 = ELLIPSE('',#4934,573.68566228349,50.);
#4934 = AXIS2_PLACEMENT_3D('',#4935,#4936,#4937);
#4935 = CARTESIAN_POINT('',(0.,0.,589.95347370179));
#4936 = DIRECTION('',(0.996194698092,0.,8.715574274766E-02));
#4937 = DIRECTION('',(-8.715574274766E-02,0.,0.996194698092));
#4938 = PCURVE('',#4427,#4939);
#4939 = DEFINITIONAL_REPRESENTATION('',(#4940),#4947);
#4940 = B_SPLINE_CURVE_WITH_KNOTS('',5,(#4941,#4942,#4943,#4944,#4945,
    #4946),.UNSPECIFIED.,.F.,.F.,(6,6),(3.14159265359,3.279553206683),
  .PIECEWISE_BEZIER_KNOTS.);
#4941 = CARTESIAN_POINT('',(-8.881784197001E-16,18.450858563723));
#4942 = CARTESIAN_POINT('',(2.759211061855E-02,18.450858563723));
#4943 = CARTESIAN_POINT('',(5.518422123711E-02,18.994732171421));
#4944 = CARTESIAN_POINT('',(8.277633185566E-02,20.082480172225));
#4945 = CARTESIAN_POINT('',(0.110368442474,21.712374565317));
#4946 = CARTESIAN_POINT('',(0.137960553093,23.880974964952));
#4947 = ( GEOMETRIC_REPRESENTATION_CONTEXT(2) 
PARAMETRIC_REPRESENTATION_CONTEXT() REPRESENTATION_CONTEXT('2D SPACE',''
  ) );
#4948 = PCURVE('',#4473,#4949);
#4949 = DEFINITIONAL_REPRESENTATION('',(#4950),#4954);
#4950 = ELLIPSE('',#4951,573.68566228349,50.);
#4951 = AXIS2_PLACEMENT_2D('',#4952,#4953);
#4952 = CARTESIAN_POINT('',(600.23480371977,-30.));
#4953 = DIRECTION('',(1.,0.));
#4954 = ( GEOMETRIC_REPRESENTATION_CONTEXT(2) 
PARAMETRIC_REPRESENTATION_CONTEXT() REPRESENTATION_CONTEXT('2D SPACE',''
  ) );
#4955 = ORIENTED_EDGE('',*,*,#4956,.F.);
#4956 = EDGE_CURVE('',#4957,#4454,#4959,.T.);
#4957 = VERTEX_POINT('',#4958);
#4958 = CARTESIAN_POINT('',(50.,-1.224646799147E-14,0.));
#4959 = SEAM_CURVE('',#4960,(#4964,#4971),.PCURVE_S1.);
#4960 = LINE('',#4961,#4962);
#4961 = CARTESIAN_POINT('',(50.,-1.224646799147E-14,0.));
#4962 = VECTOR('',#4963,1.);
#4963 = DIRECTION('',(0.,0.,1.));
#4964 = PCURVE('',#4427,#4965);
#4965 = DEFINITIONAL_REPRESENTATION('',(#4966),#4970);
#4966 = LINE('',#4967,#4968);
#4967 = CARTESIAN_POINT('',(6.28318530718,-0.));
#4968 = VECTOR('',#4969,1.);
#4969 = DIRECTION('',(0.,1.));
#4970 = ( GEOMETRIC_REPRESENTATION_CONTEXT(2) 
PARAMETRIC_REPRESENTATION_CONTEXT() REPRESENTATION_CONTEXT('2D SPACE',''
  ) );
#4971 = PCURVE('',#4427,#4972);
#4972 = DEFINITIONAL_REPRESENTATION('',(#4973),#4977);
#4973 = LINE('',#4974,#4975);
#4974 = CARTESIAN_POINT('',(0.,-0.));
#4975 = VECTOR('',#4976,1.);
#4976 = DIRECTION('',(0.,1.));
#4977 = ( GEOMETRIC_REPRESENTATION_CONTEXT(2) 
PARAMETRIC_REPRESENTATION_CONTEXT() REPRESENTATION_CONTEXT('2D SPACE',''
  ) );
#4978 = ORIENTED_EDGE('',*,*,#4979,.T.);
#4979 = EDGE_CURVE('',#4957,#4957,#4980,.T.);
#4980 = SURFACE_CURVE('',#4981,(#4986,#4993),.PCURVE_S1.);
#4981 = CIRCLE('',#4982,50.);
#4982 = AXIS2_PLACEMENT_3D('',#4983,#4984,#4985);
#4983 = CARTESIAN_POINT('',(0.,0.,0.));
#4984 = DIRECTION('',(0.,0.,1.));
#4985 = DIRECTION('',(1.,0.,0.));
#4986 = PCURVE('',#4427,#4987);
#4987 = DEFINITIONAL_REPRESENTATION('',(#4988),#4992);
#4988 = LINE('',#4989,#4990);
#4989 = CARTESIAN_POINT('',(0.,0.));
#4990 = VECTOR('',#4991,1.);
#4991 = DIRECTION('',(1.,0.));
#4992 = ( GEOMETRIC_REPRESENTATION_CONTEXT(2) 
PARAMETRIC_REPRESENTATION_CONTEXT() REPRESENTATION_CONTEXT('2D SPACE',''
  ) );
#4993 = PCURVE('',#4994,#4999);
#4994 = PLANE('',#4995);
#4995 = AXIS2_PLACEMENT_3D('',#4996,#4997,#4998);
#4996 = CARTESIAN_POINT('',(0.,0.,0.));
#4997 = DIRECTION('',(0.,0.,1.));
#4998 = DIRECTION('',(1.,0.,0.));
#4999 = DEFINITIONAL_REPRESENTATION('',(#5000),#5004);
#5000 = CIRCLE('',#5001,50.);
#5001 = AXIS2_PLACEMENT_2D('',#5002,#5003);
#5002 = CARTESIAN_POINT('',(0.,0.));
#5003 = DIRECTION('',(1.,0.));
#5004 = ( GEOMETRIC_REPRESENTATION_CONTEXT(2) 
PARAMETRIC_REPRESENTATION_CONTEXT() REPRESENTATION_CONTEXT('2D SPACE',''
  ) );
#5005 = ORIENTED_EDGE('',*,*,#4956,.T.);
#5006 = FACE_BOUND('',#5007,.T.);
#5007 = EDGE_LOOP('',(#5008,#5043));
#5008 = ORIENTED_EDGE('',*,*,#5009,.F.);
#5009 = EDGE_CURVE('',#5010,#5012,#5014,.T.);
#5010 = VERTEX_POINT('',#5011);
#5011 = CARTESIAN_POINT('',(20.569248441016,45.573084365355,
    21.888585568769));
#5012 = VERTEX_POINT('',#5013);
#5013 = CARTESIAN_POINT('',(10.146315341134,48.959700622025,
    21.888585568769));
#5014 = SURFACE_CURVE('',#5015,(#5020,#5031),.PCURVE_S1.);
#5015 = ELLIPSE('',#5016,573.68566228349,50.);
#5016 = AXIS2_PLACEMENT_3D('',#5017,#5018,#5019);
#5017 = CARTESIAN_POINT('',(0.,0.,589.94876822783));
#5018 = DIRECTION('',(0.307841091417,0.947437459119,8.715574274766E-02)
  );
#5019 = DIRECTION('',(-2.69326056664E-02,-8.28900370727E-02,
    0.996194698092));
#5020 = PCURVE('',#4427,#5021);
#5021 = DEFINITIONAL_REPRESENTATION('',(#5022),#5030);
#5022 = B_SPLINE_CURVE_WITH_KNOTS('',6,(#5023,#5024,#5025,#5026,#5027,
    #5028,#5029),.UNSPECIFIED.,.F.,.F.,(7,7),(3.003572243468,
    3.279613063712),.PIECEWISE_BEZIER_KNOTS.);
#5023 = CARTESIAN_POINT('',(1.118616651314,23.880974964952));
#5024 = CARTESIAN_POINT('',(1.164623454688,20.263513950993));
#5025 = CARTESIAN_POINT('',(1.210630258062,18.083837479402));
#5026 = CARTESIAN_POINT('',(1.256637061436,17.355727801225));
#5027 = CARTESIAN_POINT('',(1.30264386481,18.083837479402));
#5028 = CARTESIAN_POINT('',(1.348650668184,20.263513950993));
#5029 = CARTESIAN_POINT('',(1.394657471558,23.880974964952));
#5030 = ( GEOMETRIC_REPRESENTATION_CONTEXT(2) 
PARAMETRIC_REPRESENTATION_CONTEXT() REPRESENTATION_CONTEXT('2D SPACE',''
  ) );
#5031 = PCURVE('',#5032,#5037);
#5032 = PLANE('',#5033);
#5033 = AXIS2_PLACEMENT_3D('',#5034,#5035,#5036);
#5034 = CARTESIAN_POINT('',(44.697183889697,40.48267204238,
    -7.997255373984));
#5035 = DIRECTION('',(0.307841091417,0.947437459119,8.715574274766E-02)
  );
#5036 = DIRECTION('',(-2.69326056664E-02,-8.28900370727E-02,
    0.996194698092));
#5037 = DEFINITIONAL_REPRESENTATION('',(#5038),#5042);
#5038 = ELLIPSE('',#5039,573.68566228349,50.);
#5039 = AXIS2_PLACEMENT_2D('',#5040,#5041);
#5040 = CARTESIAN_POINT('',(600.23008027166,-29.99971435953));
#5041 = DIRECTION('',(1.,-1.040834085586E-17));
#5042 = ( GEOMETRIC_REPRESENTATION_CONTEXT(2) 
PARAMETRIC_REPRESENTATION_CONTEXT() REPRESENTATION_CONTEXT('2D SPACE',''
  ) );
#5043 = ORIENTED_EDGE('',*,*,#5044,.T.);
#5044 = EDGE_CURVE('',#5010,#5012,#5045,.T.);
#5045 = SURFACE_CURVE('',#5046,(#5169,#5295),.PCURVE_S1.);
#5046 = B_SPLINE_CURVE_WITH_KNOTS('',7,(#5047,#5048,#5049,#5050,#5051,
    #5052,#5053,#5054,#5055,#5056,#5057,#5058,#5059,#5060,#5061,#5062,
    #5063,#5064,#5065,#5066,#5067,#5068,#5069,#5070,#5071,#5072,#5073,
    #5074,#5075,#5076,#5077,#5078,#5079,#5080,#5081,#5082,#5083,#5084,
    #5085,#5086,#5087,#5088,#5089,#5090,#5091,#5092,#5093,#5094,#5095,
    #5096,#5097,#5098,#5099,#5100,#5101,#5102,#5103,#5104,#5105,#5106,
    #5107,#5108,#5109,#5110,#5111,#5112,#5113,#5114,#5115,#5116,#5117,
    #5118,#5119,#5120,#5121,#5122,#5123,#5124,#5125,#5126,#5127,#5128,
    #5129,#5130,#5131,#5132,#5133,#5134,#5135,#5136,#5137,#5138,#5139,
    #5140,#5141,#5142,#5143,#5144,#5145,#5146,#5147,#5148,#5149,#5150,
    #5151,#5152,#5153,#5154,#5155,#5156,#5157,#5158,#5159,#5160,#5161,
    #5162,#5163,#5164,#5165,#5166,#5167,#5168),.UNSPECIFIED.,.F.,.F.,(8,
    6,6,6,6,6,6,6,6,6,6,6,6,6,6,6,6,6,6,6,8),(0.,2.502916216042E-02,
    3.74192665277E-02,6.12377213954E-02,7.842173404162E-02,
    9.927214698965E-02,0.127458360648,0.174154543404,0.225136237953,
    0.279133564034,0.500454383524,0.702340565734,0.756583331804,
    0.810011864137,0.884718339471,0.905752448306,0.91649157211,
    0.938861224833,0.962641195894,0.975011280687,1.),.UNSPECIFIED.);
#5047 = CARTESIAN_POINT('',(20.569248441016,45.573084365355,
    21.888585568769));
#5048 = CARTESIAN_POINT('',(20.600894027632,45.558801243152,
    21.932077287921));
#5049 = CARTESIAN_POINT('',(20.631266848016,45.545061623963,
    21.976706646125));
#5050 = CARTESIAN_POINT('',(20.660226146497,45.531933687865,
    22.02246825825));
#5051 = CARTESIAN_POINT('',(20.687628683118,45.519487043717,
    22.069353946505));
#5052 = CARTESIAN_POINT('',(20.713328733633,45.507792729166,
    22.117352740434));
#5053 = CARTESIAN_POINT('',(20.737178089511,45.496923210641,
    22.166450876924));
#5054 = CARTESIAN_POINT('',(20.769841386359,45.482016557308,
    22.24147269869));
#5055 = CARTESIAN_POINT('',(20.780163995505,45.47730196361,
    22.266573738244));
#5056 = CARTESIAN_POINT('',(20.789972410394,45.472819011485,
    22.291924554028));
#5057 = CARTESIAN_POINT('',(20.79924622658,45.468577604993,
    22.317514647061));
#5058 = CARTESIAN_POINT('',(20.807966110159,45.464587143039,
    22.343333384216));
#5059 = CARTESIAN_POINT('',(20.816113797763,45.460856519369,
    22.36936999822));
#5060 = CARTESIAN_POINT('',(20.838201998283,45.450738089712,
    22.446063667152));
#5061 = CARTESIAN_POINT('',(20.850562776103,45.445069012274,
    22.497310053239));
#5062 = CARTESIAN_POINT('',(20.860605532437,45.440458995921,
    22.549200617797));
#5063 = CARTESIAN_POINT('',(20.868217284975,45.436962782082,
    22.601582686934));
#5064 = CARTESIAN_POINT('',(20.873320966677,45.434617747959,
    22.654303040983));
#5065 = CARTESIAN_POINT('',(20.875875425776,45.433443906526,
    22.707207914495));
#5066 = CARTESIAN_POINT('',(20.875875425776,45.433443906526,
    22.798333429641));
#5067 = CARTESIAN_POINT('',(20.874545818664,45.434054854794,
    22.836517591097));
#5068 = CARTESIAN_POINT('',(20.871887387858,45.435276354769,
    22.874633654234));
#5069 = CARTESIAN_POINT('',(20.867911472084,45.437102897885,
    22.912619890968));
#5070 = CARTESIAN_POINT('',(20.862639965378,45.439523863564,
    22.950414671497));
#5071 = CARTESIAN_POINT('',(20.856105317084,45.442523519224,
    22.987956464313));
#5072 = CARTESIAN_POINT('',(20.838941176909,45.450397553748,
    23.070354082091));
#5073 = CARTESIAN_POINT('',(20.827738863334,45.455533941937,
    23.11504538231));
#5074 = CARTESIAN_POINT('',(20.814812473192,45.461456491655,
    23.159197667857));
#5075 = CARTESIAN_POINT('',(20.800241240616,45.468126594498,
    23.202751833382));
#5076 = CARTESIAN_POINT('',(20.784114751802,45.475500726836,
    23.245649737188));
#5077 = CARTESIAN_POINT('',(20.766532945014,45.483530449817,
    23.287834201228));
#5078 = CARTESIAN_POINT('',(20.722020248066,45.503831351209,
    23.385234793385));
#5079 = CARTESIAN_POINT('',(20.693974459052,45.516602063709,
    23.439818678719));
#5080 = CARTESIAN_POINT('',(20.663682092205,45.530369864181,
    23.492988929008));
#5081 = CARTESIAN_POINT('',(20.631349135871,45.54503396896,
    23.544738176239));
#5082 = CARTESIAN_POINT('',(20.597174218076,45.560497493396,
    23.595063422487));
#5083 = CARTESIAN_POINT('',(20.561348606533,45.576667451857,
    23.643966039909));
#5084 = CARTESIAN_POINT('',(20.462273783764,45.621266336548,
    23.770121520166));
#5085 = CARTESIAN_POINT('',(20.396394472745,45.650804767658,
    23.8449928914));
#5086 = CARTESIAN_POINT('',(20.327106866959,45.681731974716,
    23.916241785531));
#5087 = CARTESIAN_POINT('',(20.254970619948,45.713774046107,
    23.984066130453));
#5088 = CARTESIAN_POINT('',(20.180423032124,45.746716795878,
    24.048678917282));
#5089 = CARTESIAN_POINT('',(20.103785635486,45.780401324671,
    24.110301236751));
#5090 = CARTESIAN_POINT('',(19.939550271251,45.852187372262,
    24.23341068929));
#5091 = CARTESIAN_POINT('',(19.851578553776,45.890416322919,
    24.294376843272));
#5092 = CARTESIAN_POINT('',(19.761744944214,45.92921581278,
    24.352253712602));
#5093 = CARTESIAN_POINT('',(19.670350986591,45.968439350164,
    24.407237915694));
#5094 = CARTESIAN_POINT('',(19.577609891218,46.007982641124,
    24.459522731475));
#5095 = CARTESIAN_POINT('',(19.483645975253,46.047781659001,
    24.509298076518));
#5096 = CARTESIAN_POINT('',(19.287713878033,46.13020753805,
    24.60700975748));
#5097 = CARTESIAN_POINT('',(19.185650089979,46.172841742147,
    24.654638478917));
#5098 = CARTESIAN_POINT('',(19.082505481257,46.215615288481,
    24.69978141329));
#5099 = CARTESIAN_POINT('',(18.978433937073,46.258454292712,
    24.742575921165));
#5100 = CARTESIAN_POINT('',(18.873540083713,46.30130772928,
    24.783152011603));
#5101 = CARTESIAN_POINT('',(18.767878886587,46.344146136742,
    24.821632396893));
#5102 = CARTESIAN_POINT('',(18.22525278126,46.562444397947,25.0077370515
    ));
#5103 = CARTESIAN_POINT('',(17.774018731723,46.738415686447,
    25.124834351196));
#5104 = CARTESIAN_POINT('',(17.31606567099,46.910928357405,
    25.213911086518));
#5105 = CARTESIAN_POINT('',(16.854830702365,47.078621129667,
    25.278548737878));
#5106 = CARTESIAN_POINT('',(16.391001811119,47.241294009336,
    25.321121130703));
#5107 = CARTESIAN_POINT('',(15.923431629418,47.399274643897,
    25.34267312632));
#5108 = CARTESIAN_POINT('',(15.019766199601,47.69289334085,
    25.34267312632));
#5109 = CARTESIAN_POINT('',(14.589057540917,47.827798734863,
    25.324740712585));
#5110 = CARTESIAN_POINT('',(14.158202271957,47.957788153352,
    25.289149875026));
#5111 = CARTESIAN_POINT('',(13.726848517092,48.083016005335,
    25.235202422684));
#5112 = CARTESIAN_POINT('',(13.295536259484,48.203317776445,
    25.161320068022));
#5113 = CARTESIAN_POINT('',(12.866667385829,48.318089448144,
    25.065141035033));
#5114 = CARTESIAN_POINT('',(12.332624340065,48.455340399109,
    24.910971247519));
#5115 = CARTESIAN_POINT('',(12.219999270405,48.483956924893,
    24.876463759716));
#5116 = CARTESIAN_POINT('',(12.107855952388,48.51212688988,
    24.840004516973));
#5117 = CARTESIAN_POINT('',(11.996242656727,48.539843749474,
    24.801492204879));
#5118 = CARTESIAN_POINT('',(11.88524862247,48.567091643859,
    24.760818346856));
#5119 = CARTESIAN_POINT('',(11.77500440382,48.593846427894,
    24.717867245654));
#5120 = CARTESIAN_POINT('',(11.558001056509,48.645913233657,
    24.627845368989));
#5121 = CARTESIAN_POINT('',(11.45126744048,48.671228188072,
    24.580868260767));
#5122 = CARTESIAN_POINT('',(11.345502975589,48.69602627228,
    24.531411017271));
#5123 = CARTESIAN_POINT('',(11.240816941787,48.720291503977,
    24.479293848295));
#5124 = CARTESIAN_POINT('',(11.137406985449,48.743989173856,
    24.424330739733));
#5125 = CARTESIAN_POINT('',(11.035559812565,48.767067808912,
    24.366329436985));
#5126 = CARTESIAN_POINT('',(10.79595556185,48.820772617578,
    24.219465348444));
#5127 = CARTESIAN_POINT('',(10.660243217094,48.850700834774,
    24.12762810222));
#5128 = CARTESIAN_POINT('',(10.528918937875,48.879207930023,
    24.028694377974));
#5129 = CARTESIAN_POINT('',(10.403097802534,48.906099255594,
    23.921750244329));
#5130 = CARTESIAN_POINT('',(10.284685242841,48.931037364408,
    23.805921062807));
#5131 = CARTESIAN_POINT('',(10.176454491088,48.953539705909,
    23.680442402023));
#5132 = CARTESIAN_POINT('',(10.055562194544,48.978427948219,
    23.506524330292));
#5133 = CARTESIAN_POINT('',(10.030099987355,48.983652314294,
    23.46749784244));
#5134 = CARTESIAN_POINT('',(10.005837724225,48.988614813742,
    23.427667730093));
#5135 = CARTESIAN_POINT('',(9.982876900309,48.993297380547,
    23.387048642368));
#5136 = CARTESIAN_POINT('',(9.961318269098,48.997682193896,
    23.345656637371));
#5137 = CARTESIAN_POINT('',(9.94126184242,49.001751678175,
    23.303509182199));
#5138 = CARTESIAN_POINT('',(9.913384574723,49.007396367218,
    23.23873038654));
#5139 = CARTESIAN_POINT('',(9.904382046773,49.009217028399,
    23.216649329186));
#5140 = CARTESIAN_POINT('',(9.895813692563,49.010947933326,
    23.194387638728));
#5141 = CARTESIAN_POINT('',(9.887693492453,49.012586599263,
    23.171952098084));
#5142 = CARTESIAN_POINT('',(9.88003502119,49.014130613924,23.14935061524
    ));
#5143 = CARTESIAN_POINT('',(9.872851447902,49.015577635476,
    23.126592223251));
#5144 = CARTESIAN_POINT('',(9.852207915766,49.01973277775,
    23.055975543991));
#5145 = CARTESIAN_POINT('',(9.840365706632,49.022111469917,
    23.007593184673));
#5146 = CARTESIAN_POINT('',(9.830758388728,49.024038274683,
    22.958668863047));
#5147 = CARTESIAN_POINT('',(9.823484089718,49.025495632115,
    22.909331834949));
#5148 = CARTESIAN_POINT('',(9.8186095849,49.026471616696,22.859711751283
    ));
#5149 = CARTESIAN_POINT('',(9.816170297206,49.026959937327,
    22.809938658031));
#5150 = CARTESIAN_POINT('',(9.816170297206,49.026959937327,
    22.707207914468));
#5151 = CARTESIAN_POINT('',(9.818926864708,49.02640812161,
    22.654303040979));
#5152 = CARTESIAN_POINT('',(9.824434206411,49.02530542523,
    22.601582686955));
#5153 = CARTESIAN_POINT('',(9.832647266508,49.023659845755,
    22.549200617818));
#5154 = CARTESIAN_POINT('',(9.843481726684,49.021486443263,
    22.497310053237));
#5155 = CARTESIAN_POINT('',(9.85681400612,49.018807340342,
    22.446063667127));
#5156 = CARTESIAN_POINT('',(9.880631198964,49.014010203473,
    22.369369999742));
#5157 = CARTESIAN_POINT('',(9.889415622785,49.012239250704,
    22.343333384421));
#5158 = CARTESIAN_POINT('',(9.898815691939,49.010342183178,
    22.31751464589));
#5159 = CARTESIAN_POINT('',(9.90881140294,49.008322540739,
    22.291924552824));
#5160 = CARTESIAN_POINT('',(9.919381589835,49.006184083692,
    22.266573738365));
#5161 = CARTESIAN_POINT('',(9.930503924197,49.003930792797,
    22.241472700129));
#5162 = CARTESIAN_POINT('',(9.965690998104,48.996791524358,
    22.166450876924));
#5163 = CARTESIAN_POINT('',(9.991374475002,48.991566849903,
    22.117352740434));
#5164 = CARTESIAN_POINT('',(10.019039998255,48.985921638437,
    22.069353946505));
#5165 = CARTESIAN_POINT('',(10.04852506994,48.979884378174,
    22.02246825825));
#5166 = CARTESIAN_POINT('',(10.079670041788,48.973483253015,
    21.976706646125));
#5167 = CARTESIAN_POINT('',(10.112318115177,48.966746142542,
    21.932077287921));
#5168 = CARTESIAN_POINT('',(10.146315341134,48.959700622025,
    21.888585568769));
#5169 = PCURVE('',#4427,#5170);
#5170 = DEFINITIONAL_REPRESENTATION('',(#5171),#5294);
#5171 = B_SPLINE_CURVE_WITH_KNOTS('',7,(#5172,#5173,#5174,#5175,#5176,
    #5177,#5178,#5179,#5180,#5181,#5182,#5183,#5184,#5185,#5186,#5187,
    #5188,#5189,#5190,#5191,#5192,#5193,#5194,#5195,#5196,#5197,#5198,
    #5199,#5200,#5201,#5202,#5203,#5204,#5205,#5206,#5207,#5208,#5209,
    #5210,#5211,#5212,#5213,#5214,#5215,#5216,#5217,#5218,#5219,#5220,
    #5221,#5222,#5223,#5224,#5225,#5226,#5227,#5228,#5229,#5230,#5231,
    #5232,#5233,#5234,#5235,#5236,#5237,#5238,#5239,#5240,#5241,#5242,
    #5243,#5244,#5245,#5246,#5247,#5248,#5249,#5250,#5251,#5252,#5253,
    #5254,#5255,#5256,#5257,#5258,#5259,#5260,#5261,#5262,#5263,#5264,
    #5265,#5266,#5267,#5268,#5269,#5270,#5271,#5272,#5273,#5274,#5275,
    #5276,#5277,#5278,#5279,#5280,#5281,#5282,#5283,#5284,#5285,#5286,
    #5287,#5288,#5289,#5290,#5291,#5292,#5293),.UNSPECIFIED.,.F.,.F.,(8,
    6,6,6,6,6,6,6,6,6,6,6,6,6,6,6,6,6,6,6,8),(0.,2.502916216042E-02,
    3.74192665277E-02,6.12377213954E-02,7.842173404162E-02,
    9.927214698965E-02,0.127458360648,0.174154543404,0.225136237953,
    0.279133564034,0.500454383524,0.702340565734,0.756583331804,
    0.810011864137,0.884718339471,0.905752448306,0.91649157211,
    0.938861224833,0.962641195894,0.975011280687,1.),.UNSPECIFIED.);
#5172 = CARTESIAN_POINT('',(1.146823281665,21.888585568769));
#5173 = CARTESIAN_POINT('',(1.146128889634,21.932077287921));
#5174 = CARTESIAN_POINT('',(1.14546217093,21.976706646125));
#5175 = CARTESIAN_POINT('',(1.144826251848,22.02246825825));
#5176 = CARTESIAN_POINT('',(1.144224315922,22.069353946505));
#5177 = CARTESIAN_POINT('',(1.143659603924,22.117352740434));
#5178 = CARTESIAN_POINT('',(1.143135413867,22.166450876924));
#5179 = CARTESIAN_POINT('',(1.142417333294,22.24147269869));
#5180 = CARTESIAN_POINT('',(1.142190367531,22.266573738244));
#5181 = CARTESIAN_POINT('',(1.141974680861,22.291924554028));
#5182 = CARTESIAN_POINT('',(1.141770726764,22.317514647061));
#5183 = CARTESIAN_POINT('',(1.141578935055,22.343333384216));
#5184 = CARTESIAN_POINT('',(1.141399711882,22.36936999822));
#5185 = CARTESIAN_POINT('',(1.140913801923,22.446063667152));
#5186 = CARTESIAN_POINT('',(1.140641826,22.497310053239));
#5187 = CARTESIAN_POINT('',(1.140420819955,22.549200617797));
#5188 = CARTESIAN_POINT('',(1.140253294112,22.601582686934));
#5189 = CARTESIAN_POINT('',(1.140140961123,22.654303040983));
#5190 = CARTESIAN_POINT('',(1.140084735973,22.707207914495));
#5191 = CARTESIAN_POINT('',(1.140084735973,22.798333429641));
#5192 = CARTESIAN_POINT('',(1.140114001059,22.836517591097));
#5193 = CARTESIAN_POINT('',(1.140172513678,22.874633654234));
#5194 = CARTESIAN_POINT('',(1.140260021769,22.912619890968));
#5195 = CARTESIAN_POINT('',(1.14037603876,22.950414671497));
#5196 = CARTESIAN_POINT('',(1.140519843574,22.987956464313));
#5197 = CARTESIAN_POINT('',(1.140897524989,23.070354082091));
#5198 = CARTESIAN_POINT('',(1.141143999587,23.11504538231));
#5199 = CARTESIAN_POINT('',(1.141428371263,23.159197667857));
#5200 = CARTESIAN_POINT('',(1.141748877744,23.202751833382));
#5201 = CARTESIAN_POINT('',(1.142103527635,23.245649737188));
#5202 = CARTESIAN_POINT('',(1.142490100422,23.287834201228));
#5203 = CARTESIAN_POINT('',(1.14346857,23.385234793385));
#5204 = CARTESIAN_POINT('',(1.144084900122,23.439818678719));
#5205 = CARTESIAN_POINT('',(1.144750386074,23.492988929008));
#5206 = CARTESIAN_POINT('',(1.14546044367,23.544738176239));
#5207 = CARTESIAN_POINT('',(1.146210655295,23.595063422487));
#5208 = CARTESIAN_POINT('',(1.146996769913,23.643966039909));
#5209 = CARTESIAN_POINT('',(1.149169775299,23.770121520166));
#5210 = CARTESIAN_POINT('',(1.150613740808,23.8449928914));
#5211 = CARTESIAN_POINT('',(1.15213127011,23.916241785531));
#5212 = CARTESIAN_POINT('',(1.153709914331,23.984066130453));
#5213 = CARTESIAN_POINT('',(1.155339948247,24.048678917282));
#5214 = CARTESIAN_POINT('',(1.157014213317,24.110301236751));
#5215 = CARTESIAN_POINT('',(1.160598986197,24.23341068929));
#5216 = CARTESIAN_POINT('',(1.162517364004,24.294376843272));
#5217 = CARTESIAN_POINT('',(1.164474443567,24.352253712602));
#5218 = CARTESIAN_POINT('',(1.166463538316,24.407237915694));
#5219 = CARTESIAN_POINT('',(1.168479920149,24.459522731475));
#5220 = CARTESIAN_POINT('',(1.170520813883,24.509298076518));
#5221 = CARTESIAN_POINT('',(1.174772091914,24.60700975748));
#5222 = CARTESIAN_POINT('',(1.176984295693,24.654638478917));
#5223 = CARTESIAN_POINT('',(1.179217522395,24.69978141329));
#5224 = CARTESIAN_POINT('',(1.181468380792,24.742575921165));
#5225 = CARTESIAN_POINT('',(1.183734566231,24.783152011603));
#5226 = CARTESIAN_POINT('',(1.186014857791,24.821632396893));
#5227 = CARTESIAN_POINT('',(1.197712673331,25.0077370515));
#5228 = CARTESIAN_POINT('',(1.207398776026,25.124834351196));
#5229 = CARTESIAN_POINT('',(1.217185088127,25.213911086518));
#5230 = CARTESIAN_POINT('',(1.226999406393,25.278548737878));
#5231 = CARTESIAN_POINT('',(1.236828933672,25.321121130703));
#5232 = CARTESIAN_POINT('',(1.246699020897,25.34267312632));
#5233 = CARTESIAN_POINT('',(1.265702422153,25.34267312632));
#5234 = CARTESIAN_POINT('',(1.274728744688,25.324740712585));
#5235 = CARTESIAN_POINT('',(1.283728707734,25.289149875026));
#5236 = CARTESIAN_POINT('',(1.292711081028,25.235202422684));
#5237 = CARTESIAN_POINT('',(1.301665798481,25.161320068022));
#5238 = CARTESIAN_POINT('',(1.310544571134,25.065141035033));
#5239 = CARTESIAN_POINT('',(1.32157253193,24.910971247519));
#5240 = CARTESIAN_POINT('',(1.323896598286,24.876463759716));
#5241 = CARTESIAN_POINT('',(1.326209130457,24.840004516973));
#5242 = CARTESIAN_POINT('',(1.328509180907,24.801492204879));
#5243 = CARTESIAN_POINT('',(1.330794961037,24.760818346856));
#5244 = CARTESIAN_POINT('',(1.333063839069,24.717867245654));
#5245 = CARTESIAN_POINT('',(1.33752708475,24.627845368989));
#5246 = CARTESIAN_POINT('',(1.339720969939,24.580868260767));
#5247 = CARTESIAN_POINT('',(1.341893612747,24.531411017271));
#5248 = CARTESIAN_POINT('',(1.344042829876,24.479293848295));
#5249 = CARTESIAN_POINT('',(1.34616463022,24.424330739733));
#5250 = CARTESIAN_POINT('',(1.348253209597,24.366329436985));
#5251 = CARTESIAN_POINT('',(1.353164193345,24.219465348444));
#5252 = CARTESIAN_POINT('',(1.355943640239,24.12762810222));
#5253 = CARTESIAN_POINT('',(1.358631271725,24.028694377974));
#5254 = CARTESIAN_POINT('',(1.361204505225,23.921750244329));
#5255 = CARTESIAN_POINT('',(1.363624693384,23.805921062807));
#5256 = CARTESIAN_POINT('',(1.365835594185,23.680442402023));
#5257 = CARTESIAN_POINT('',(1.368304146147,23.506524330292));
#5258 = CARTESIAN_POINT('',(1.368823999092,23.46749784244));
#5259 = CARTESIAN_POINT('',(1.369319290299,23.427667730093));
#5260 = CARTESIAN_POINT('',(1.369787958866,23.387048642368));
#5261 = CARTESIAN_POINT('',(1.370227959314,23.345656637371));
#5262 = CARTESIAN_POINT('',(1.370637261595,23.303509182199));
#5263 = CARTESIAN_POINT('',(1.371206121707,23.23873038654));
#5264 = CARTESIAN_POINT('',(1.371389817447,23.216649329186));
#5265 = CARTESIAN_POINT('',(1.371564646187,23.194387638728));
#5266 = CARTESIAN_POINT('',(1.371730324032,23.171952098084));
#5267 = CARTESIAN_POINT('',(1.371886575317,23.14935061524));
#5268 = CARTESIAN_POINT('',(1.372033132604,23.126592223251));
#5269 = CARTESIAN_POINT('',(1.372454283705,23.055975543991));
#5270 = CARTESIAN_POINT('',(1.372695858611,23.007593184673));
#5271 = CARTESIAN_POINT('',(1.372891831178,22.958668863047));
#5272 = CARTESIAN_POINT('',(1.373040208138,22.909331834949));
#5273 = CARTESIAN_POINT('',(1.37313963317,22.859711751283));
#5274 = CARTESIAN_POINT('',(1.373189386898,22.809938658031));
#5275 = CARTESIAN_POINT('',(1.373189386898,22.707207914468));
#5276 = CARTESIAN_POINT('',(1.373133161748,22.654303040979));
#5277 = CARTESIAN_POINT('',(1.37302082876,22.601582686955));
#5278 = CARTESIAN_POINT('',(1.372853302917,22.549200617818));
#5279 = CARTESIAN_POINT('',(1.372632296872,22.497310053237));
#5280 = CARTESIAN_POINT('',(1.372360320949,22.446063667127));
#5281 = CARTESIAN_POINT('',(1.371874411,22.369369999742));
#5282 = CARTESIAN_POINT('',(1.371695187817,22.343333384421));
#5283 = CARTESIAN_POINT('',(1.371503396098,22.31751464589));
#5284 = CARTESIAN_POINT('',(1.371299442002,22.291924552824));
#5285 = CARTESIAN_POINT('',(1.371083755344,22.266573738365));
#5286 = CARTESIAN_POINT('',(1.370856789592,22.241472700129));
#5287 = CARTESIAN_POINT('',(1.370138709005,22.166450876924));
#5288 = CARTESIAN_POINT('',(1.369614518948,22.117352740434));
#5289 = CARTESIAN_POINT('',(1.36904980695,22.069353946505));
#5290 = CARTESIAN_POINT('',(1.368447871024,22.02246825825));
#5291 = CARTESIAN_POINT('',(1.367811951942,21.976706646125));
#5292 = CARTESIAN_POINT('',(1.367145233238,21.932077287921));
#5293 = CARTESIAN_POINT('',(1.366450841207,21.888585568769));
#5294 = ( GEOMETRIC_REPRESENTATION_CONTEXT(2) 
PARAMETRIC_REPRESENTATION_CONTEXT() REPRESENTATION_CONTEXT('2D SPACE',''
  ) );
#5295 = PCURVE('',#5296,#5301);
#5296 = CYLINDRICAL_SURFACE('',#5297,10.);
#5297 = AXIS2_PLACEMENT_3D('',#5298,#5299,#5300);
#5298 = CARTESIAN_POINT('',(46.967616633871,47.470345521387,
    22.760142996245));
#5299 = DIRECTION('',(-0.951056516295,0.309016994375,0.));
#5300 = DIRECTION('',(-0.307841091417,-0.947437459119,
    -8.715574274766E-02));
#5301 = DEFINITIONAL_REPRESENTATION('',(#5302),#5425);
#5302 = B_SPLINE_CURVE_WITH_KNOTS('',7,(#5303,#5304,#5305,#5306,#5307,
    #5308,#5309,#5310,#5311,#5312,#5313,#5314,#5315,#5316,#5317,#5318,
    #5319,#5320,#5321,#5322,#5323,#5324,#5325,#5326,#5327,#5328,#5329,
    #5330,#5331,#5332,#5333,#5334,#5335,#5336,#5337,#5338,#5339,#5340,
    #5341,#5342,#5343,#5344,#5345,#5346,#5347,#5348,#5349,#5350,#5351,
    #5352,#5353,#5354,#5355,#5356,#5357,#5358,#5359,#5360,#5361,#5362,
    #5363,#5364,#5365,#5366,#5367,#5368,#5369,#5370,#5371,#5372,#5373,
    #5374,#5375,#5376,#5377,#5378,#5379,#5380,#5381,#5382,#5383,#5384,
    #5385,#5386,#5387,#5388,#5389,#5390,#5391,#5392,#5393,#5394,#5395,
    #5396,#5397,#5398,#5399,#5400,#5401,#5402,#5403,#5404,#5405,#5406,
    #5407,#5408,#5409,#5410,#5411,#5412,#5413,#5414,#5415,#5416,#5417,
    #5418,#5419,#5420,#5421,#5422,#5423,#5424),.UNSPECIFIED.,.F.,.F.,(8,
    6,6,6,6,6,6,6,6,6,6,6,6,6,6,6,6,6,6,6,8),(0.,2.502916216042E-02,
    3.74192665277E-02,6.12377213954E-02,7.842173404162E-02,
    9.927214698965E-02,0.127458360648,0.174154543404,0.225136237953,
    0.279133564034,0.500454383524,0.702340565734,0.756583331804,
    0.810011864137,0.884718339471,0.905752448306,0.91649157211,
    0.938861224833,0.962641195894,0.975011280687,1.),.UNSPECIFIED.);
#5303 = CARTESIAN_POINT('',(0.,24.520054149392));
#5304 = CARTESIAN_POINT('',(4.365785045361E-03,24.485543680535));
#5305 = CARTESIAN_POINT('',(8.843825396223E-03,24.452411635966));
#5306 = CARTESIAN_POINT('',(1.343353074486E-02,24.420812951082));
#5307 = CARTESIAN_POINT('',(1.813406370152E-02,24.390905365502));
#5308 = CARTESIAN_POINT('',(2.294433979448E-02,24.362849423056));
#5309 = CARTESIAN_POINT('',(2.786302746998E-02,24.336808471794));
#5310 = CARTESIAN_POINT('',(3.537631514619E-02,24.301137421274));
#5311 = CARTESIAN_POINT('',(3.788974173303E-02,24.289863147005));
#5312 = CARTESIAN_POINT('',(4.042780052688E-02,24.27914948172));
#5313 = CARTESIAN_POINT('',(4.298945370013E-02,24.269018891719));
#5314 = CARTESIAN_POINT('',(4.557365292348E-02,24.25949266906));
#5315 = CARTESIAN_POINT('',(4.817933936593E-02,24.250590931559));
#5316 = CARTESIAN_POINT('',(5.585380693533E-02,24.2264570378));
#5317 = CARTESIAN_POINT('',(6.098076157093E-02,24.212949398238));
#5318 = CARTESIAN_POINT('',(6.617125193732E-02,24.201973595987));
#5319 = CARTESIAN_POINT('',(7.141019394665E-02,24.193653999643));
#5320 = CARTESIAN_POINT('',(7.668247508746E-02,24.188075454507));
#5321 = CARTESIAN_POINT('',(8.19729544247E-02,24.185283282584));
#5322 = CARTESIAN_POINT('',(9.108550593933E-02,24.185283282584));
#5323 = CARTESIAN_POINT('',(9.490392034294E-02,24.186736607489));
#5324 = CARTESIAN_POINT('',(9.871561836065E-02,24.189642389681));
#5325 = CARTESIAN_POINT('',(0.102514516915,24.19398814315));
#5326 = CARTESIAN_POINT('',(0.106294537302,24.199749763491));
#5327 = CARTESIAN_POINT('',(0.110049605188,24.206891527909));
#5328 = CARTESIAN_POINT('',(0.118292262569,24.225648805751));
#5329 = CARTESIAN_POINT('',(0.122763593337,24.237890070314));
#5330 = CARTESIAN_POINT('',(0.12718176422,24.252013966404));
#5331 = CARTESIAN_POINT('',(0.131540969509,24.267933207229));
#5332 = CARTESIAN_POINT('',(0.135835476475,24.285549141712));
#5333 = CARTESIAN_POINT('',(0.140059625374,24.304751754486));
#5334 = CARTESIAN_POINT('',(0.149815496141,24.353359168508));
#5335 = CARTESIAN_POINT('',(0.155284841291,24.383978666097));
#5336 = CARTESIAN_POINT('',(0.160614780813,24.417042903302));
#5337 = CARTESIAN_POINT('',(0.165804621869,24.452324829699));
#5338 = CARTESIAN_POINT('',(0.170854062862,24.489605599805));
#5339 = CARTESIAN_POINT('',(0.175763193443,24.528674573076));
#5340 = CARTESIAN_POINT('',(0.188433809544,24.63668214217));
#5341 = CARTESIAN_POINT('',(0.195960445087,24.708464967405));
#5342 = CARTESIAN_POINT('',(0.203129697179,24.783918428956));
#5343 = CARTESIAN_POINT('',(0.209960931887,24.862425621332));
#5344 = CARTESIAN_POINT('',(0.216474960983,24.943504460026));
#5345 = CARTESIAN_POINT('',(0.222693417619,25.026800047334));
#5346 = CARTESIAN_POINT('',(0.2351284187,25.205180269362));
#5347 = CARTESIAN_POINT('',(0.241293464866,25.300659739946));
#5348 = CARTESIAN_POINT('',(0.247152643665,25.398086281442));
#5349 = CARTESIAN_POINT('',(0.252725026562,25.497127840021));
#5350 = CARTESIAN_POINT('',(0.258029404809,25.597549412024));
#5351 = CARTESIAN_POINT('',(0.263084310927,25.699212979483));
#5352 = CARTESIAN_POINT('',(0.273017099105,25.911026474697));
#5353 = CARTESIAN_POINT('',(0.27786431388,26.021269599011));
#5354 = CARTESIAN_POINT('',(0.282463589837,26.132583703984));
#5355 = CARTESIAN_POINT('',(0.286828154121,26.244799604571));
#5356 = CARTESIAN_POINT('',(0.29097056146,26.357802027495));
#5357 = CARTESIAN_POINT('',(0.294902699932,26.471529593459));
#5358 = CARTESIAN_POINT('',(0.313936777417,27.055055559396));
#5359 = CARTESIAN_POINT('',(0.325971663835,27.538582761252));
#5360 = CARTESIAN_POINT('',(0.335160059519,28.02743135089));
#5361 = CARTESIAN_POINT('',(0.341842233444,28.517911789808));
#5362 = CARTESIAN_POINT('',(0.346249036458,29.009307963614));
#5363 = CARTESIAN_POINT('',(0.348479896819,29.502812332608));
#5364 = CARTESIAN_POINT('',(0.348479896819,30.45298239541));
#5365 = CARTESIAN_POINT('',(0.346623639108,30.904298731259));
#5366 = CARTESIAN_POINT('',(0.342939726185,31.354235381786));
#5367 = CARTESIAN_POINT('',(0.337361204759,31.80317471561));
#5368 = CARTESIAN_POINT('',(0.329736257875,32.250552340493));
#5369 = CARTESIAN_POINT('',(0.31984002925,32.693897274447));
#5370 = CARTESIAN_POINT('',(0.304041856561,33.244215269445));
#5371 = CARTESIAN_POINT('',(0.300508708322,33.360171068631));
#5372 = CARTESIAN_POINT('',(0.296779007993,33.475530699902));
#5373 = CARTESIAN_POINT('',(0.292842969498,33.59024623269));
#5374 = CARTESIAN_POINT('',(0.288690144606,33.704227894666));
#5375 = CARTESIAN_POINT('',(0.284309419715,33.817344060145));
#5376 = CARTESIAN_POINT('',(0.275137962103,34.039816035486));
#5377 = CARTESIAN_POINT('',(0.270356628547,34.149148487644));
#5378 = CARTESIAN_POINT('',(0.265328026084,34.25739950062));
#5379 = CARTESIAN_POINT('',(0.260034646766,34.364460204199));
#5380 = CARTESIAN_POINT('',(0.254458444517,34.470131899744));
#5381 = CARTESIAN_POINT('',(0.248580819063,34.574126007621));
#5382 = CARTESIAN_POINT('',(0.233715936405,34.818598890152));
#5383 = CARTESIAN_POINT('',(0.224434309299,34.9569173277));
#5384 = CARTESIAN_POINT('',(0.214450559167,35.090623316091));
#5385 = CARTESIAN_POINT('',(0.203675110506,35.218596203347));
#5386 = CARTESIAN_POINT('',(0.192022770047,35.338919539285));
#5387 = CARTESIAN_POINT('',(0.179419087535,35.448806706941));
#5388 = CARTESIAN_POINT('',(0.161973501442,35.571473003173));
#5389 = CARTESIAN_POINT('',(0.158060133009,35.597303419141));
#5390 = CARTESIAN_POINT('',(0.154067513647,35.621911699255));
#5391 = CARTESIAN_POINT('',(0.149997105319,35.64519573318));
#5392 = CARTESIAN_POINT('',(0.145850491945,35.667054191717));
#5393 = CARTESIAN_POINT('',(0.1416293794,35.687386526804));
#5394 = CARTESIAN_POINT('',(0.135143371587,35.715643688746));
#5395 = CARTESIAN_POINT('',(0.132932776131,35.724768216861));
#5396 = CARTESIAN_POINT('',(0.130704366968,35.733452085005));
#5397 = CARTESIAN_POINT('',(0.128458812849,35.741681229856));
#5398 = CARTESIAN_POINT('',(0.126196893458,35.749441995625));
#5399 = CARTESIAN_POINT('',(0.123919499408,35.756721134061));
#5400 = CARTESIAN_POINT('',(0.11685366061,35.777638309396));
#5401 = CARTESIAN_POINT('',(0.112013486838,35.789635975864));
#5402 = CARTESIAN_POINT('',(0.107119858893,35.799368493578));
#5403 = CARTESIAN_POINT('',(0.102185544682,35.806737111266));
#5404 = CARTESIAN_POINT('',(9.722333204804E-02,35.811674636659));
#5405 = CARTESIAN_POINT('',(9.224602877826E-02,35.814145436489));
#5406 = CARTESIAN_POINT('',(8.197295442199E-02,35.814145436489));
#5407 = CARTESIAN_POINT('',(7.668247508711E-02,35.811353264569));
#5408 = CARTESIAN_POINT('',(7.141019394875E-02,35.805774719434));
#5409 = CARTESIAN_POINT('',(6.617125193948E-02,35.797455123087));
#5410 = CARTESIAN_POINT('',(6.098076157072E-02,35.78647932083));
#5411 = CARTESIAN_POINT('',(5.585380693276E-02,35.772971681264));
#5412 = CARTESIAN_POINT('',(4.81793395183E-02,35.748837787993));
#5413 = CARTESIAN_POINT('',(4.557365294395E-02,35.739936049974));
#5414 = CARTESIAN_POINT('',(4.298945358295E-02,35.730409826846));
#5415 = CARTESIAN_POINT('',(4.042780040638E-02,35.720279236927));
#5416 = CARTESIAN_POINT('',(3.788974174521E-02,35.709565572234));
#5417 = CARTESIAN_POINT('',(3.537631529027E-02,35.698291298483));
#5418 = CARTESIAN_POINT('',(2.786302746999E-02,35.662620247279));
#5419 = CARTESIAN_POINT('',(2.294433979449E-02,35.636579296017));
#5420 = CARTESIAN_POINT('',(1.813406370152E-02,35.608523353571));
#5421 = CARTESIAN_POINT('',(1.343353074485E-02,35.57861576799));
#5422 = CARTESIAN_POINT('',(8.843825396213E-03,35.547017083107));
#5423 = CARTESIAN_POINT('',(4.365785045354E-03,35.513885038537));
#5424 = CARTESIAN_POINT('',(0.,35.479374569681));
#5425 = ( GEOMETRIC_REPRESENTATION_CONTEXT(2) 
PARAMETRIC_REPRESENTATION_CONTEXT() REPRESENTATION_CONTEXT('2D SPACE',''
  ) );
#5426 = FACE_BOUND('',#5427,.T.);
#5427 = EDGE_LOOP('',(#5428,#5463));
#5428 = ORIENTED_EDGE('',*,*,#5429,.F.);
#5429 = EDGE_CURVE('',#5430,#5432,#5434,.T.);
#5430 = VERTEX_POINT('',#5431);
#5431 = CARTESIAN_POINT('',(-36.98669576826,33.644974901846,
    21.888585568769));
#5432 = VERTEX_POINT('',#5433);
#5433 = CARTESIAN_POINT('',(-43.42779017915,24.779569006646,
    21.888585568769));
#5434 = SURFACE_CURVE('',#5435,(#5440,#5451),.PCURVE_S1.);
#5435 = ELLIPSE('',#5436,573.68566228349,50.);
#5436 = AXIS2_PLACEMENT_3D('',#5437,#5438,#5439);
#5437 = CARTESIAN_POINT('',(0.,0.,589.94944626109));
#5438 = DIRECTION('',(-0.805938440462,0.58554855195,8.715574274766E-02)
  );
#5439 = DIRECTION('',(7.051047704023E-02,-5.122886023967E-02,
    0.996194698092));
#5440 = PCURVE('',#4427,#5441);
#5441 = DEFINITIONAL_REPRESENTATION('',(#5442),#5450);
#5442 = B_SPLINE_CURVE_WITH_KNOTS('',6,(#5443,#5444,#5445,#5446,#5447,
    #5448,#5449),.UNSPECIFIED.,.F.,.F.,(7,7),(3.00358086695,
    3.279604440229),.PIECEWISE_BEZIER_KNOTS.);
#5443 = CARTESIAN_POINT('',(2.375262336232,23.880974964952));
#5444 = CARTESIAN_POINT('',(2.421266265112,20.263964536286));
#5445 = CARTESIAN_POINT('',(2.467270193992,18.084560712683));
#5446 = CARTESIAN_POINT('',(2.513274122872,17.35654230655));
#5447 = CARTESIAN_POINT('',(2.559278051752,18.084560712683));
#5448 = CARTESIAN_POINT('',(2.605281980632,20.263964536286));
#5449 = CARTESIAN_POINT('',(2.651285909511,23.880974964952));
#5450 = ( GEOMETRIC_REPRESENTATION_CONTEXT(2) 
PARAMETRIC_REPRESENTATION_CONTEXT() REPRESENTATION_CONTEXT('2D SPACE',''
  ) );
#5451 = PCURVE('',#5452,#5457);
#5452 = PLANE('',#5453);
#5453 = AXIS2_PLACEMENT_3D('',#5454,#5455,#5456);
#5454 = CARTESIAN_POINT('',(-24.68888590266,55.0198042435,
    -7.997255373984));
#5455 = DIRECTION('',(-0.805938440462,0.58554855195,8.715574274766E-02)
  );
#5456 = DIRECTION('',(7.051047704023E-02,-5.122886023967E-02,
    0.996194698092));
#5457 = DEFINITIONAL_REPRESENTATION('',(#5458),#5462);
#5458 = ELLIPSE('',#5459,573.68566228349,50.);
#5459 = AXIS2_PLACEMENT_2D('',#5460,#5461);
#5460 = CARTESIAN_POINT('',(600.2307608949,-30.00019363105));
#5461 = DIRECTION('',(1.,0.));
#5462 = ( GEOMETRIC_REPRESENTATION_CONTEXT(2) 
PARAMETRIC_REPRESENTATION_CONTEXT() REPRESENTATION_CONTEXT('2D SPACE',''
  ) );
#5463 = ORIENTED_EDGE('',*,*,#5464,.F.);
#5464 = EDGE_CURVE('',#5432,#5430,#5465,.T.);
#5465 = SURFACE_CURVE('',#5466,(#5589,#5715),.PCURVE_S1.);
#5466 = B_SPLINE_CURVE_WITH_KNOTS('',7,(#5467,#5468,#5469,#5470,#5471,
    #5472,#5473,#5474,#5475,#5476,#5477,#5478,#5479,#5480,#5481,#5482,
    #5483,#5484,#5485,#5486,#5487,#5488,#5489,#5490,#5491,#5492,#5493,
    #5494,#5495,#5496,#5497,#5498,#5499,#5500,#5501,#5502,#5503,#5504,
    #5505,#5506,#5507,#5508,#5509,#5510,#5511,#5512,#5513,#5514,#5515,
    #5516,#5517,#5518,#5519,#5520,#5521,#5522,#5523,#5524,#5525,#5526,
    #5527,#5528,#5529,#5530,#5531,#5532,#5533,#5534,#5535,#5536,#5537,
    #5538,#5539,#5540,#5541,#5542,#5543,#5544,#5545,#5546,#5547,#5548,
    #5549,#5550,#5551,#5552,#5553,#5554,#5555,#5556,#5557,#5558,#5559,
    #5560,#5561,#5562,#5563,#5564,#5565,#5566,#5567,#5568,#5569,#5570,
    #5571,#5572,#5573,#5574,#5575,#5576,#5577,#5578,#5579,#5580,#5581,
    #5582,#5583,#5584,#5585,#5586,#5587,#5588),.UNSPECIFIED.,.F.,.F.,(8,
    6,6,6,6,6,6,6,6,6,6,6,6,6,6,6,6,6,6,6,8),(0.,2.503167167865E-02,
    3.74228226518E-02,6.124305607631E-02,7.842832816826E-02,
    9.928046743485E-02,0.127469588264,0.174172145541,0.225163159844,
    0.279170789662,0.50045389519,0.702301539698,0.756551544221,
    0.809990993368,0.88470799324,0.905744192817,0.916484247838,
    0.938855652386,0.962637493528,0.975008673058,1.),.UNSPECIFIED.);
#5467 = CARTESIAN_POINT('',(-43.42779017915,24.779569006646,
    21.888585568769));
#5468 = CARTESIAN_POINT('',(-43.44499840748,24.749410478515,
    21.932076791021));
#5469 = CARTESIAN_POINT('',(-43.46149639638,24.720439749288,
    21.976705839294));
#5470 = CARTESIAN_POINT('',(-43.47721031875,24.69279475966,
    22.022467290861));
#5471 = CARTESIAN_POINT('',(-43.49206518313,24.666616056712,
    22.069352955131));
#5472 = CARTESIAN_POINT('',(-43.50598483375,24.642046793908,
    22.117351873641));
#5473 = CARTESIAN_POINT('',(-43.51889195052,24.619232731099,
    22.166450320063));
#5474 = CARTESIAN_POINT('',(-43.53655724124,24.587971143175,
    22.241472582082));
#5475 = CARTESIAN_POINT('',(-43.54213783311,24.57808866712,
    22.26657354755));
#5476 = CARTESIAN_POINT('',(-43.54743856592,24.568695855961,
    22.291924327838));
#5477 = CARTESIAN_POINT('',(-43.55244875061,24.559812720689,
    22.317514421777));
#5478 = CARTESIAN_POINT('',(-43.55715826766,24.55145823367,
    22.343333195787));
#5479 = CARTESIAN_POINT('',(-43.56155756712,24.543650328655,
    22.369369883877));
#5480 = CARTESIAN_POINT('',(-43.57348108606,24.522479513821,
    22.446063392605));
#5481 = CARTESIAN_POINT('',(-43.58014966704,24.5106266883,
    22.497309635677));
#5482 = CARTESIAN_POINT('',(-43.58556531208,24.500993314512,
    22.549200164946));
#5483 = CARTESIAN_POINT('',(-43.58966877636,24.493690115949,
    22.601582282512));
#5484 = CARTESIAN_POINT('',(-43.59241966977,24.488792649299,
    22.654302744492));
#5485 = CARTESIAN_POINT('',(-43.59379645686,24.486341304439,
    22.707207761019));
#5486 = CARTESIAN_POINT('',(-43.59379645686,24.486341304439,
    22.798333487682));
#5487 = CARTESIAN_POINT('',(-43.59307981085,24.487617203173,
    22.836517704961));
#5488 = CARTESIAN_POINT('',(-43.59164691973,24.490168219,22.874633811402
    ));
#5489 = CARTESIAN_POINT('',(-43.58950372058,24.493983227753,
    22.912620068641));
#5490 = CARTESIAN_POINT('',(-43.58666168669,24.499040762746,
    22.950414836626));
#5491 = CARTESIAN_POINT('',(-43.58313782755,24.505309014768,
    22.987956573618));
#5492 = CARTESIAN_POINT('',(-43.57387898268,24.521769462882,
    23.070354378716));
#5493 = CARTESIAN_POINT('',(-43.56783453293,24.532510394763,
    23.115045884155));
#5494 = CARTESIAN_POINT('',(-43.56085727242,24.544900863761,
    23.159198278676));
#5495 = CARTESIAN_POINT('',(-43.55298862075,24.558863043412,
    23.20275245245));
#5496 = CARTESIAN_POINT('',(-43.54427548424,24.574309044761,
    23.245650259655));
#5497 = CARTESIAN_POINT('',(-43.53477025596,24.591140916363,
    23.287834518476));
#5498 = CARTESIAN_POINT('',(-43.51068855159,24.633732415758,
    23.385235503516));
#5499 = CARTESIAN_POINT('',(-43.49550364813,24.660551597056,
    23.439819776624));
#5500 = CARTESIAN_POINT('',(-43.47908718578,24.689498081831,
    23.492990176266));
#5501 = CARTESIAN_POINT('',(-43.46154658929,24.720369232227,
    23.544739385816));
#5502 = CARTESIAN_POINT('',(-43.44298562769,24.75296987888,
    23.595064426189));
#5503 = CARTESIAN_POINT('',(-43.42350441429,24.787112320912,
    23.643966655836));
#5504 = CARTESIAN_POINT('',(-43.36955891866,24.881437877626,
    23.770123124577));
#5505 = CARTESIAN_POINT('',(-43.33361874688,24.944064861645,
    23.844995430552));
#5506 = CARTESIAN_POINT('',(-43.2957373462,25.009818874877,
    23.916244679244));
#5507 = CARTESIAN_POINT('',(-43.25620655338,25.078149249978,
    23.984068873544));
#5508 = CARTESIAN_POINT('',(-43.21525429911,25.148625601905,
    24.048681074941));
#5509 = CARTESIAN_POINT('',(-43.17304731987,25.220930374458,
    24.110302449795));
#5510 = CARTESIAN_POINT('',(-43.08235949448,25.375560187746,
    24.233412339178));
#5511 = CARTESIAN_POINT('',(-43.03365106139,25.458208151127,
    24.294379487345));
#5512 = CARTESIAN_POINT('',(-42.98377155134,25.54241212741,
    24.352256763523));
#5513 = CARTESIAN_POINT('',(-42.93287885265,25.627876295099,
    24.407240849575));
#5514 = CARTESIAN_POINT('',(-42.88108417319,25.714390927042,
    24.459525082953));
#5515 = CARTESIAN_POINT('',(-42.82845045212,25.80183115673,
    24.50929943382));
#5516 = CARTESIAN_POINT('',(-42.71836843014,25.983705592737,
    24.607008722559));
#5517 = CARTESIAN_POINT('',(-42.66084709286,26.078201916568,
    24.654635945384));
#5518 = CARTESIAN_POINT('',(-42.6025331794,26.173446197492,
    24.699776954155));
#5519 = CARTESIAN_POINT('',(-42.5435077723,26.269288188674,
    24.742569141111));
#5520 = CARTESIAN_POINT('',(-42.48382553051,26.365625103512,
    24.783142541993));
#5521 = CARTESIAN_POINT('',(-42.42351360263,26.462400804113,
    24.821619890814));
#5522 = CARTESIAN_POINT('',(-42.11287119002,26.957875459028,
    25.007653354746));
#5523 = CARTESIAN_POINT('',(-41.85130523445,27.365366830802,
    25.124700316491));
#5524 = CARTESIAN_POINT('',(-41.58227439411,27.774008579249,
    25.213740498088));
#5525 = CARTESIAN_POINT('',(-41.30775767903,28.180681495462,
    25.278352406956));
#5526 = CARTESIAN_POINT('',(-41.02819399892,28.584819414889,
    25.32090794744));
#5527 = CARTESIAN_POINT('',(-40.74284878009,28.987360385789,
    25.342451209991));
#5528 = CARTESIAN_POINT('',(-40.18449715382,29.755865469456,
    25.342451209991));
#5529 = CARTESIAN_POINT('',(-39.9154144217,30.118075035897,
    25.32452679586));
#5530 = CARTESIAN_POINT('',(-39.64332482038,30.476396126967,
    25.288951601918));
#5531 = CARTESIAN_POINT('',(-39.36803489408,30.831159795703,
    25.235028006306));
#5532 = CARTESIAN_POINT('',(-39.08988479338,31.181915624239,
    25.16117912663));
#5533 = CARTESIAN_POINT('',(-38.81046131697,31.526764762129,
    25.065045329601));
#5534 = CARTESIAN_POINT('',(-38.45915533772,31.951635468432,
    24.910940783484));
#5535 = CARTESIAN_POINT('',(-38.38485577518,32.040994240054,
    24.876438651399));
#5536 = CARTESIAN_POINT('',(-38.31068336241,32.129708615127,
    24.839984652625));
#5537 = CARTESIAN_POINT('',(-38.23667329732,32.217744932507,
    24.80147747506));
#5538 = CARTESIAN_POINT('',(-38.16288844669,32.305037912994,
    24.760808641761));
#5539 = CARTESIAN_POINT('',(-38.08942023224,32.391491288741,
    24.71786245242));
#5540 = CARTESIAN_POINT('',(-37.94444996117,32.56118830365,
    24.627846924778));
#5541 = CARTESIAN_POINT('',(-37.87297036038,32.644419151234,
    24.58087094057));
#5542 = CARTESIAN_POINT('',(-37.801970935,32.726662118111,
    24.531414343611));
#5543 = CARTESIAN_POINT('',(-37.731530697,32.80784004455,24.479297291612
    ));
#5544 = CARTESIAN_POINT('',(-37.66178916549,32.887808650011,
    24.424333711987));
#5545 = CARTESIAN_POINT('',(-37.59294808264,32.966357714743,
    24.366331285242));
#5546 = CARTESIAN_POINT('',(-37.43065259097,33.15066735765,
    24.219468195891));
#5547 = CARTESIAN_POINT('',(-37.33844212804,33.254661380288,
    24.127633349224));
#5548 = CARTESIAN_POINT('',(-37.2489461504,33.354926477632,
    24.028701302056));
#5549 = CARTESIAN_POINT('',(-37.1629522953,33.450649805605,
    23.921757801394));
#5550 = CARTESIAN_POINT('',(-37.08180390162,33.540438174011,
    23.8059278744));
#5551 = CARTESIAN_POINT('',(-37.00746135066,33.622270632778,
    23.680446778321));
#5552 = CARTESIAN_POINT('',(-36.92427744567,33.713476097389,
    23.506524682909));
#5553 = CARTESIAN_POINT('',(-36.9067475261,33.732670914796,
    23.467498424283));
#5554 = CARTESIAN_POINT('',(-36.89003448147,33.750948521569,
    23.427668430219));
#5555 = CARTESIAN_POINT('',(-36.87420982041,33.768234625772,
    23.387049353346));
#5556 = CARTESIAN_POINT('',(-36.85934459336,33.784455572378,
    23.345657246344));
#5557 = CARTESIAN_POINT('',(-36.84550939262,33.799538343264,
    23.303509561947));
#5558 = CARTESIAN_POINT('',(-36.82627246337,33.82049303143,
    23.23873047037));
#5559 = CARTESIAN_POINT('',(-36.82005894709,33.82725818954,
    23.21664946853));
#5560 = CARTESIAN_POINT('',(-36.8141439433,33.833695507715,
    23.194387805177));
#5561 = CARTESIAN_POINT('',(-36.80853730514,33.839794757506,
    23.171952263451));
#5562 = CARTESIAN_POINT('',(-36.80324859902,33.845546005848,
    23.149350751881));
#5563 = CARTESIAN_POINT('',(-36.79828710467,33.850939615059,
    23.126592304378));
#5564 = CARTESIAN_POINT('',(-36.78402739291,33.866436647638,
    23.055975775747));
#5565 = CARTESIAN_POINT('',(-36.77584438379,33.875322583026,
    23.007593536548));
#5566 = CARTESIAN_POINT('',(-36.76920392789,33.882529152773,
    22.958669243918));
#5567 = CARTESIAN_POINT('',(-36.76417510748,33.887984453405,
    22.909332174323));
#5568 = CARTESIAN_POINT('',(-36.76080494683,33.891639574205,
    22.859711999418));
#5569 = CARTESIAN_POINT('',(-36.7591184123,33.893468597209,
    22.809938786047));
#5570 = CARTESIAN_POINT('',(-36.7591184123,33.893468597209,
    22.707207760995));
#5571 = CARTESIAN_POINT('',(-36.76102432919,33.891401687657,
    22.654302744489));
#5572 = CARTESIAN_POINT('',(-36.76483202395,33.887272032129,
    22.601582282531));
#5573 = CARTESIAN_POINT('',(-36.77050973834,33.881112593212,
    22.549200164966));
#5574 = CARTESIAN_POINT('',(-36.77799809491,33.872985132495,
    22.497309635675));
#5575 = CARTESIAN_POINT('',(-36.787210097,33.862980210578,
    22.446063392581));
#5576 = CARTESIAN_POINT('',(-36.80366016842,33.845098128628,
    22.369369883879));
#5577 = CARTESIAN_POINT('',(-36.80972646906,33.838501370871,
    22.343333195787));
#5578 = CARTESIAN_POINT('',(-36.81621673758,33.831440675527,
    22.317514421776));
#5579 = CARTESIAN_POINT('',(-36.82311686905,33.823930666967,
    22.291924327837));
#5580 = CARTESIAN_POINT('',(-36.83041194679,33.815986832208,
    22.26657354755));
#5581 = CARTESIAN_POINT('',(-36.83808624231,33.807625520905,
    22.241472582084));
#5582 = CARTESIAN_POINT('',(-36.86235890422,33.781164469053,
    22.166450319915));
#5583 = CARTESIAN_POINT('',(-36.88006784884,33.761839138488,
    22.117351873616));
#5584 = CARTESIAN_POINT('',(-36.89913319768,33.741008444366,
    22.069352955238));
#5585 = CARTESIAN_POINT('',(-36.91944021818,33.718790964686,
    22.022467290976));
#5586 = CARTESIAN_POINT('',(-36.9408762967,33.695303364751,
    21.976705839289));
#5587 = CARTESIAN_POINT('',(-36.96333093862,33.670660397168,
    21.932076790893));
#5588 = CARTESIAN_POINT('',(-36.98669576826,33.644974901846,
    21.888585568769));
#5589 = PCURVE('',#4427,#5590);
#5590 = DEFINITIONAL_REPRESENTATION('',(#5591),#5714);
#5591 = B_SPLINE_CURVE_WITH_KNOTS('',7,(#5592,#5593,#5594,#5595,#5596,
    #5597,#5598,#5599,#5600,#5601,#5602,#5603,#5604,#5605,#5606,#5607,
    #5608,#5609,#5610,#5611,#5612,#5613,#5614,#5615,#5616,#5617,#5618,
    #5619,#5620,#5621,#5622,#5623,#5624,#5625,#5626,#5627,#5628,#5629,
    #5630,#5631,#5632,#5633,#5634,#5635,#5636,#5637,#5638,#5639,#5640,
    #5641,#5642,#5643,#5644,#5645,#5646,#5647,#5648,#5649,#5650,#5651,
    #5652,#5653,#5654,#5655,#5656,#5657,#5658,#5659,#5660,#5661,#5662,
    #5663,#5664,#5665,#5666,#5667,#5668,#5669,#5670,#5671,#5672,#5673,
    #5674,#5675,#5676,#5677,#5678,#5679,#5680,#5681,#5682,#5683,#5684,
    #5685,#5686,#5687,#5688,#5689,#5690,#5691,#5692,#5693,#5694,#5695,
    #5696,#5697,#5698,#5699,#5700,#5701,#5702,#5703,#5704,#5705,#5706,
    #5707,#5708,#5709,#5710,#5711,#5712,#5713),.UNSPECIFIED.,.F.,.F.,(8,
    6,6,6,6,6,6,6,6,6,6,6,6,6,6,6,6,6,6,6,8),(0.,2.503167167865E-02,
    3.74228226518E-02,6.124305607631E-02,7.842832816826E-02,
    9.928046743485E-02,0.127469588264,0.174172145541,0.225163159844,
    0.279170789662,0.50045389519,0.702301539698,0.756551544221,
    0.809990993368,0.88470799324,0.905744192817,0.916484247838,
    0.938855652386,0.962637493528,0.975008673058,1.),.UNSPECIFIED.);
#5592 = CARTESIAN_POINT('',(2.623077076582,21.888585568769));
#5593 = CARTESIAN_POINT('',(2.623771528867,21.932076791021));
#5594 = CARTESIAN_POINT('',(2.624438307995,21.976705839294));
#5595 = CARTESIAN_POINT('',(2.625074286557,22.022467290861));
#5596 = CARTESIAN_POINT('',(2.625676280134,22.069352955131));
#5597 = CARTESIAN_POINT('',(2.626241047293,22.117351873641));
#5598 = CARTESIAN_POINT('',(2.626765289586,22.166450320063));
#5599 = CARTESIAN_POINT('',(2.627483439815,22.241472582082));
#5600 = CARTESIAN_POINT('',(2.627710425566,22.26657354755));
#5601 = CARTESIAN_POINT('',(2.62792613153,22.291924327838));
#5602 = CARTESIAN_POINT('',(2.628130104108,22.317514421777));
#5603 = CARTESIAN_POINT('',(2.628321913385,22.343333195787));
#5604 = CARTESIAN_POINT('',(2.628501153129,22.369369883877));
#5605 = CARTESIAN_POINT('',(2.628987105269,22.446063392605));
#5606 = CARTESIAN_POINT('',(2.629259104853,22.497309635677));
#5607 = CARTESIAN_POINT('',(2.629480130712,22.549200164946));
#5608 = CARTESIAN_POINT('',(2.629647671884,22.601582282512));
#5609 = CARTESIAN_POINT('',(2.629760015273,22.654302744492));
#5610 = CARTESIAN_POINT('',(2.629816245649,22.707207761019));
#5611 = CARTESIAN_POINT('',(2.629816245649,22.798333487682));
#5612 = CARTESIAN_POINT('',(2.629786977924,22.836517704961));
#5613 = CARTESIAN_POINT('',(2.629728460034,22.874633811402));
#5614 = CARTESIAN_POINT('',(2.629640944109,22.912620068641));
#5615 = CARTESIAN_POINT('',(2.629524916845,22.950414836626));
#5616 = CARTESIAN_POINT('',(2.629381099508,22.987956573618));
#5617 = CARTESIAN_POINT('',(2.629003383975,23.070354378716));
#5618 = CARTESIAN_POINT('',(2.628756886108,23.115045884155));
#5619 = CARTESIAN_POINT('',(2.628472487898,23.159198278676));
#5620 = CARTESIAN_POINT('',(2.628151952059,23.20275245245));
#5621 = CARTESIAN_POINT('',(2.627797270456,23.245650259655));
#5622 = CARTESIAN_POINT('',(2.627410664101,23.287834518476));
#5623 = CARTESIAN_POINT('',(2.62643210101,23.385235503516));
#5624 = CARTESIAN_POINT('',(2.625815708458,23.439819776624));
#5625 = CARTESIAN_POINT('',(2.625150156573,23.492990176266));
#5626 = CARTESIAN_POINT('',(2.624440030136,23.544739385816));
#5627 = CARTESIAN_POINT('',(2.623689747637,23.595064426189));
#5628 = CARTESIAN_POINT('',(2.622903561272,23.643966655836));
#5629 = CARTESIAN_POINT('',(2.620730321556,23.770123124577));
#5630 = CARTESIAN_POINT('',(2.619286185342,23.844995430552));
#5631 = CARTESIAN_POINT('',(2.617768481252,23.916244679244));
#5632 = CARTESIAN_POINT('',(2.616189660781,23.984068873544));
#5633 = CARTESIAN_POINT('',(2.614559450721,24.048681074941));
#5634 = CARTESIAN_POINT('',(2.612885009921,24.110302449795));
#5635 = CARTESIAN_POINT('',(2.60929978129,24.233412339178));
#5636 = CARTESIAN_POINT('',(2.607381119771,24.294379487345));
#5637 = CARTESIAN_POINT('',(2.605423754366,24.352256763523));
#5638 = CARTESIAN_POINT('',(2.603434373145,24.407240849575));
#5639 = CARTESIAN_POINT('',(2.601417704911,24.459525082953));
#5640 = CARTESIAN_POINT('',(2.599376524754,24.50929943382));
#5641 = CARTESIAN_POINT('',(2.595124637548,24.607008722559));
#5642 = CARTESIAN_POINT('',(2.592912111289,24.654635945384));
#5643 = CARTESIAN_POINT('',(2.590678562305,24.699776954155));
#5644 = CARTESIAN_POINT('',(2.58842738234,24.742569141111));
#5645 = CARTESIAN_POINT('',(2.586160876247,24.783142541993));
#5646 = CARTESIAN_POINT('',(2.583880264831,24.821619890814));
#5647 = CARTESIAN_POINT('',(2.572184216914,25.007653354746));
#5648 = CARTESIAN_POINT('',(2.562500428554,25.124700316491));
#5649 = CARTESIAN_POINT('',(2.552716485437,25.213740498088));
#5650 = CARTESIAN_POINT('',(2.542904535846,25.278352406956));
#5651 = CARTESIAN_POINT('',(2.533077376177,25.32090794744));
#5652 = CARTESIAN_POINT('',(2.523209692375,25.342451209991));
#5653 = CARTESIAN_POINT('',(2.504211201885,25.342451209991));
#5654 = CARTESIAN_POINT('',(2.495187274932,25.32452679586));
#5655 = CARTESIAN_POINT('',(2.486189683762,25.288951601918));
#5656 = CARTESIAN_POINT('',(2.477209676068,25.235028006306));
#5657 = CARTESIAN_POINT('',(2.468257317733,25.16117912663));
#5658 = CARTESIAN_POINT('',(2.459380856982,25.065045329601));
#5659 = CARTESIAN_POINT('',(2.44835486935,24.910940783484));
#5660 = CARTESIAN_POINT('',(2.446030622011,24.876438651399));
#5661 = CARTESIAN_POINT('',(2.443717906809,24.839984652625));
#5662 = CARTESIAN_POINT('',(2.441417671085,24.80147747506));
#5663 = CARTESIAN_POINT('',(2.439131703264,24.760808641761));
#5664 = CARTESIAN_POINT('',(2.436862634972,24.71786245242));
#5665 = CARTESIAN_POINT('',(2.432398849298,24.627846924778));
#5666 = CARTESIAN_POINT('',(2.430204618123,24.58087094057));
#5667 = CARTESIAN_POINT('',(2.428031629505,24.531414343611));
#5668 = CARTESIAN_POINT('',(2.425882066637,24.479297291612));
#5669 = CARTESIAN_POINT('',(2.423759921295,24.424333711987));
#5670 = CARTESIAN_POINT('',(2.42167099911,24.366331285242));
#5671 = CARTESIAN_POINT('',(2.416759385482,24.219468195891));
#5672 = CARTESIAN_POINT('',(2.413979651681,24.127633349224));
#5673 = CARTESIAN_POINT('',(2.411291730079,24.028701302056));
#5674 = CARTESIAN_POINT('',(2.40871820148,23.921757801394));
#5675 = CARTESIAN_POINT('',(2.406297718382,23.8059278744));
#5676 = CARTESIAN_POINT('',(2.404086535798,23.680446778321));
#5677 = CARTESIAN_POINT('',(2.401617690009,23.506524682909));
#5678 = CARTESIAN_POINT('',(2.401097790476,23.467498424283));
#5679 = CARTESIAN_POINT('',(2.400602453658,23.427668430219));
#5680 = CARTESIAN_POINT('',(2.400133740957,23.387049353346));
#5681 = CARTESIAN_POINT('',(2.399693698276,23.345657246344));
#5682 = CARTESIAN_POINT('',(2.399284356024,23.303509561947));
#5683 = CARTESIAN_POINT('',(2.39871544183,23.23873047037));
#5684 = CARTESIAN_POINT('',(2.398531729942,23.21664946853));
#5685 = CARTESIAN_POINT('',(2.398356885634,23.194387805177));
#5686 = CARTESIAN_POINT('',(2.398191192865,23.171952263451));
#5687 = CARTESIAN_POINT('',(2.398034927364,23.149350751881));
#5688 = CARTESIAN_POINT('',(2.397888356636,23.126592304378));
#5689 = CARTESIAN_POINT('',(2.397467169078,23.055975775747));
#5690 = CARTESIAN_POINT('',(2.397225573151,23.007593536548));
#5691 = CARTESIAN_POINT('',(2.397029583064,22.958669243918));
#5692 = CARTESIAN_POINT('',(2.396881192594,22.909332174323));
#5693 = CARTESIAN_POINT('',(2.396781758415,22.859711999418));
#5694 = CARTESIAN_POINT('',(2.396732000094,22.809938786047));
#5695 = CARTESIAN_POINT('',(2.396732000094,22.707207760995));
#5696 = CARTESIAN_POINT('',(2.396788230471,22.654302744489));
#5697 = CARTESIAN_POINT('',(2.39690057386,22.601582282531));
#5698 = CARTESIAN_POINT('',(2.397068115032,22.549200164966));
#5699 = CARTESIAN_POINT('',(2.397289140891,22.497309635675));
#5700 = CARTESIAN_POINT('',(2.397561140475,22.446063392581));
#5701 = CARTESIAN_POINT('',(2.398047092614,22.369369883879));
#5702 = CARTESIAN_POINT('',(2.398226332358,22.343333195787));
#5703 = CARTESIAN_POINT('',(2.398418141636,22.317514421776));
#5704 = CARTESIAN_POINT('',(2.398622114214,22.291924327837));
#5705 = CARTESIAN_POINT('',(2.398837820177,22.26657354755));
#5706 = CARTESIAN_POINT('',(2.399064805929,22.241472582084));
#5707 = CARTESIAN_POINT('',(2.399782956159,22.166450319915));
#5708 = CARTESIAN_POINT('',(2.400307198451,22.117351873616));
#5709 = CARTESIAN_POINT('',(2.400871965608,22.069352955238));
#5710 = CARTESIAN_POINT('',(2.401473959185,22.022467290976));
#5711 = CARTESIAN_POINT('',(2.40210993775,21.976705839289));
#5712 = CARTESIAN_POINT('',(2.402776716878,21.932076790893));
#5713 = CARTESIAN_POINT('',(2.403471169162,21.888585568769));
#5714 = ( GEOMETRIC_REPRESENTATION_CONTEXT(2) 
PARAMETRIC_REPRESENTATION_CONTEXT() REPRESENTATION_CONTEXT('2D SPACE',''
  ) );
#5715 = PCURVE('',#5716,#5721);
#5716 = CYLINDRICAL_SURFACE('',#5717,10.);
#5717 = AXIS2_PLACEMENT_3D('',#5718,#5719,#5720);
#5718 = CARTESIAN_POINT('',(-30.63295599608,59.338423955812,
    22.760142996245));
#5719 = DIRECTION('',(-0.587785252292,-0.809016994375,0.));
#5720 = DIRECTION('',(0.805938440462,-0.58554855195,-8.715574274766E-02)
  );
#5721 = DEFINITIONAL_REPRESENTATION('',(#5722),#5845);
#5722 = B_SPLINE_CURVE_WITH_KNOTS('',7,(#5723,#5724,#5725,#5726,#5727,
    #5728,#5729,#5730,#5731,#5732,#5733,#5734,#5735,#5736,#5737,#5738,
    #5739,#5740,#5741,#5742,#5743,#5744,#5745,#5746,#5747,#5748,#5749,
    #5750,#5751,#5752,#5753,#5754,#5755,#5756,#5757,#5758,#5759,#5760,
    #5761,#5762,#5763,#5764,#5765,#5766,#5767,#5768,#5769,#5770,#5771,
    #5772,#5773,#5774,#5775,#5776,#5777,#5778,#5779,#5780,#5781,#5782,
    #5783,#5784,#5785,#5786,#5787,#5788,#5789,#5790,#5791,#5792,#5793,
    #5794,#5795,#5796,#5797,#5798,#5799,#5800,#5801,#5802,#5803,#5804,
    #5805,#5806,#5807,#5808,#5809,#5810,#5811,#5812,#5813,#5814,#5815,
    #5816,#5817,#5818,#5819,#5820,#5821,#5822,#5823,#5824,#5825,#5826,
    #5827,#5828,#5829,#5830,#5831,#5832,#5833,#5834,#5835,#5836,#5837,
    #5838,#5839,#5840,#5841,#5842,#5843,#5844),.UNSPECIFIED.,.F.,.F.,(8,
    6,6,6,6,6,6,6,6,6,6,6,6,6,6,6,6,6,6,6,8),(0.,2.503167167865E-02,
    3.74228226518E-02,6.124305607631E-02,7.842832816826E-02,
    9.928046743485E-02,0.127469588264,0.174172145541,0.225163159844,
    0.279170789662,0.50045389519,0.702301539698,0.756551544221,
    0.809990993368,0.88470799324,0.905744192817,0.916484247838,
    0.938855652386,0.962637493528,0.975008673058,1.),.UNSPECIFIED.);
#5723 = CARTESIAN_POINT('',(0.,35.479315798354));
#5724 = CARTESIAN_POINT('',(4.365735165613E-03,35.513829302964));
#5725 = CARTESIAN_POINT('',(8.843744445114E-03,35.546964389819));
#5726 = CARTESIAN_POINT('',(1.343343373486E-02,35.578566068061));
#5727 = CARTESIAN_POINT('',(1.813396433603E-02,35.608476553845));
#5728 = CARTESIAN_POINT('',(2.294425295462E-02,35.636535270345));
#5729 = CARTESIAN_POINT('',(2.786297170148E-02,35.662578847751));
#5730 = CARTESIAN_POINT('',(3.537630346813E-02,35.69825340102));
#5731 = CARTESIAN_POINT('',(3.788972263889E-02,35.709528681691));
#5732 = CARTESIAN_POINT('',(4.042777788273E-02,35.72024331812));
#5733 = CARTESIAN_POINT('',(4.298943115045E-02,35.730374838191));
#5734 = CARTESIAN_POINT('',(4.557363406552E-02,35.739901944834));
#5735 = CARTESIAN_POINT('',(4.817932792404E-02,35.748804516022));
#5736 = CARTESIAN_POINT('',(5.58537794623E-02,35.772940533598));
#5737 = CARTESIAN_POINT('',(6.098071979763E-02,35.786449364431));
#5738 = CARTESIAN_POINT('',(6.61712066435E-02,35.797426163821));
#5739 = CARTESIAN_POINT('',(7.141015350299E-02,35.805746531361));
#5740 = CARTESIAN_POINT('',(7.668244543958E-02,35.811325599687));
#5741 = CARTESIAN_POINT('',(8.197293907708E-02,35.814118034486));
#5742 = CARTESIAN_POINT('',(9.108551174337E-02,35.814118034486));
#5743 = CARTESIAN_POINT('',(9.490393172906E-02,35.812664576771));
#5744 = CARTESIAN_POINT('',(9.871563407767E-02,35.809758529344));
#5745 = CARTESIAN_POINT('',(0.102514534684,35.805412381577));
#5746 = CARTESIAN_POINT('',(0.106294553818,35.799650244213));
#5747 = CARTESIAN_POINT('',(0.110049616122,35.792507849367));
#5748 = CARTESIAN_POINT('',(0.118292292242,35.773748854642));
#5749 = CARTESIAN_POINT('',(0.122763643547,35.761506419789));
#5750 = CARTESIAN_POINT('',(0.127181825347,35.747381188972));
#5751 = CARTESIAN_POINT('',(0.131541031477,35.73146047095));
#5752 = CARTESIAN_POINT('',(0.135835528789,35.713842940225));
#5753 = CARTESIAN_POINT('',(0.14005965715,35.69463863705));
#5754 = CARTESIAN_POINT('',(0.149815567269,35.646026519544));
#5755 = CARTESIAN_POINT('',(0.155284951308,35.615403883786));
#5756 = CARTESIAN_POINT('',(0.160614905862,35.582336331211));
#5757 = CARTESIAN_POINT('',(0.165804743211,35.547050941972));
#5758 = CARTESIAN_POINT('',(0.170854163612,35.509766605306));
#5759 = CARTESIAN_POINT('',(0.175763255304,35.470694019538));
#5760 = CARTESIAN_POINT('',(0.188433970686,35.362674674391));
#5761 = CARTESIAN_POINT('',(0.195960700389,35.290883277078));
#5762 = CARTESIAN_POINT('',(0.203129988464,35.215421034266));
#5763 = CARTESIAN_POINT('',(0.209961208333,35.136904982552));
#5764 = CARTESIAN_POINT('',(0.216475178681,35.05581728503));
#5765 = CARTESIAN_POINT('',(0.222693540145,34.972512855322));
#5766 = CARTESIAN_POINT('',(0.235128585351,34.794109742205));
#5767 = CARTESIAN_POINT('',(0.241293732298,34.698616036649));
#5768 = CARTESIAN_POINT('',(0.247152952655,34.60117514844));
#5769 = CARTESIAN_POINT('',(0.252725324081,34.502119206631));
#5770 = CARTESIAN_POINT('',(0.258029643564,34.401683250392));
#5771 = CARTESIAN_POINT('',(0.263084448902,34.300005293566));
#5772 = CARTESIAN_POINT('',(0.273016993901,34.088161194933));
#5773 = CARTESIAN_POINT('',(0.277864056107,33.977901869302));
#5774 = CARTESIAN_POINT('',(0.282463135683,33.86657156908));
#5775 = CARTESIAN_POINT('',(0.286827462851,33.75433950564));
#5776 = CARTESIAN_POINT('',(0.290969594942,33.641320962797));
#5777 = CARTESIAN_POINT('',(0.294901422159,33.527577314627));
#5778 = CARTESIAN_POINT('',(0.313928211904,32.94413886965));
#5779 = CARTESIAN_POINT('',(0.325957892126,32.460726813636));
#5780 = CARTESIAN_POINT('',(0.335142475666,31.971996334167));
#5781 = CARTESIAN_POINT('',(0.341821951888,31.481634157172));
#5782 = CARTESIAN_POINT('',(0.34622698329,30.990356304033));
#5783 = CARTESIAN_POINT('',(0.348456926023,30.496972106205));
#5784 = CARTESIAN_POINT('',(0.348456926023,29.547047581738));
#5785 = CARTESIAN_POINT('',(0.346601507856,29.095851025378));
#5786 = CARTESIAN_POINT('',(0.34291923656,28.646032918302));
#5787 = CARTESIAN_POINT('',(0.337343213326,28.197211722519));
#5788 = CARTESIAN_POINT('',(0.329721756239,27.749951769242));
#5789 = CARTESIAN_POINT('',(0.319830211816,27.30672195762));
#5790 = CARTESIAN_POINT('',(0.304038737591,26.756501862161));
#5791 = CARTESIAN_POINT('',(0.300506140045,26.640536910208));
#5792 = CARTESIAN_POINT('',(0.296776978049,26.525168022775));
#5793 = CARTESIAN_POINT('',(0.292841465738,26.410443121112));
#5794 = CARTESIAN_POINT('',(0.288689154823,26.296451969368));
#5795 = CARTESIAN_POINT('',(0.284308931379,26.183326186202));
#5796 = CARTESIAN_POINT('',(0.275138120607,25.960827029891));
#5797 = CARTESIAN_POINT('',(0.270356901239,25.851477204551));
#5798 = CARTESIAN_POINT('',(0.265328364139,25.743208831522));
#5799 = CARTESIAN_POINT('',(0.26003499625,25.636130776403));
#5800 = CARTESIAN_POINT('',(0.254458745778,25.530441771875));
#5801 = CARTESIAN_POINT('',(0.248581006135,25.426430470359));
#5802 = CARTESIAN_POINT('',(0.23371622461,25.181925940506));
#5803 = CARTESIAN_POINT('',(0.224434839462,25.043593058657));
#5804 = CARTESIAN_POINT('',(0.214451257513,24.909872475172));
#5805 = CARTESIAN_POINT('',(0.203675871218,24.781884756265));
#5806 = CARTESIAN_POINT('',(0.192023454412,24.661546611275));
#5807 = CARTESIAN_POINT('',(0.179419526518,24.551645306368));
#5808 = CARTESIAN_POINT('',(0.161973536813,24.428964262941));
#5809 = CARTESIAN_POINT('',(0.158060191349,24.403131501254));
#5810 = CARTESIAN_POINT('',(0.154067583819,24.378520925606));
#5811 = CARTESIAN_POINT('',(0.149997176552,24.355234671143));
#5812 = CARTESIAN_POINT('',(0.145850552937,24.333374088442));
#5813 = CARTESIAN_POINT('',(0.141629417422,24.313039743516));
#5814 = CARTESIAN_POINT('',(0.135143379981,24.284779861369));
#5815 = CARTESIAN_POINT('',(0.132932790081,24.275654520251));
#5816 = CARTESIAN_POINT('',(0.130704383629,24.266969868456));
#5817 = CARTESIAN_POINT('',(0.128458829399,24.258739972494));
#5818 = CARTESIAN_POINT('',(0.126196907131,24.250978491387));
#5819 = CARTESIAN_POINT('',(0.123919507526,24.243698676665));
#5820 = CARTESIAN_POINT('',(0.1168536838,24.222779665674));
#5821 = CARTESIAN_POINT('',(0.112013522038,24.210780940851));
#5822 = CARTESIAN_POINT('',(0.107119896987,24.201047541412));
#5823 = CARTESIAN_POINT('',(0.10218557862,24.193678244013));
#5824 = CARTESIAN_POINT('',(9.72233568606E-02,24.188740258443));
#5825 = CARTESIAN_POINT('',(9.224604157989E-02,24.186269227628));
#5826 = CARTESIAN_POINT('',(8.197293907464E-02,24.186269227628));
#5827 = CARTESIAN_POINT('',(7.668244543926E-02,24.189061662423));
#5828 = CARTESIAN_POINT('',(7.14101535049E-02,24.194640730748));
#5829 = CARTESIAN_POINT('',(6.617120664545E-02,24.202961098291));
#5830 = CARTESIAN_POINT('',(6.098071979743E-02,24.213937897687));
#5831 = CARTESIAN_POINT('',(5.585377945996E-02,24.227446728523));
#5832 = CARTESIAN_POINT('',(4.817932792421E-02,24.25158274609));
#5833 = CARTESIAN_POINT('',(4.557363406554E-02,24.26048531728));
#5834 = CARTESIAN_POINT('',(4.298943115032E-02,24.270012423923));
#5835 = CARTESIAN_POINT('',(4.04277778826E-02,24.280143943994));
#5836 = CARTESIAN_POINT('',(3.788972263892E-02,24.290858580422));
#5837 = CARTESIAN_POINT('',(3.537630346831E-02,24.302133861092));
#5838 = CARTESIAN_POINT('',(2.786297168663E-02,24.337808414433));
#5839 = CARTESIAN_POINT('',(2.294425295212E-02,24.363851991762));
#5840 = CARTESIAN_POINT('',(1.813396434678E-02,24.391910708192));
#5841 = CARTESIAN_POINT('',(1.34334337464E-02,24.421821193989));
#5842 = CARTESIAN_POINT('',(8.843744444605E-03,24.453422872319));
#5843 = CARTESIAN_POINT('',(4.365735152752E-03,24.486557959251));
#5844 = CARTESIAN_POINT('',(0.,24.52107146376));
#5845 = ( GEOMETRIC_REPRESENTATION_CONTEXT(2) 
PARAMETRIC_REPRESENTATION_CONTEXT() REPRESENTATION_CONTEXT('2D SPACE',''
  ) );
#5846 = FACE_BOUND('',#5847,.T.);
#5847 = EDGE_LOOP('',(#5848,#5883));
#5848 = ORIENTED_EDGE('',*,*,#5849,.F.);
#5849 = EDGE_CURVE('',#5850,#5852,#5854,.T.);
#5850 = VERTEX_POINT('',#5851);
#5851 = CARTESIAN_POINT('',(-43.42779017915,-24.77956900664,
    21.888585568769));
#5852 = VERTEX_POINT('',#5853);
#5853 = CARTESIAN_POINT('',(-36.98669576826,-33.64497490184,
    21.888585568769));
#5854 = SURFACE_CURVE('',#5855,(#5860,#5871),.PCURVE_S1.);
#5855 = ELLIPSE('',#5856,573.68566228349,50.);
#5856 = AXIS2_PLACEMENT_3D('',#5857,#5858,#5859);
#5857 = CARTESIAN_POINT('',(0.,0.,589.94944626109));
#5858 = DIRECTION('',(-0.805938440462,-0.58554855195,8.715574274766E-02)
  );
#5859 = DIRECTION('',(7.051047704023E-02,5.122886023967E-02,
    0.996194698092));
#5860 = PCURVE('',#4427,#5861);
#5861 = DEFINITIONAL_REPRESENTATION('',(#5862),#5870);
#5862 = B_SPLINE_CURVE_WITH_KNOTS('',6,(#5863,#5864,#5865,#5866,#5867,
    #5868,#5869),.UNSPECIFIED.,.F.,.F.,(7,7),(3.00358086695,
    3.279604440229),.PIECEWISE_BEZIER_KNOTS.);
#5863 = CARTESIAN_POINT('',(3.631899397668,23.880974964952));
#5864 = CARTESIAN_POINT('',(3.677903326548,20.263964536286));
#5865 = CARTESIAN_POINT('',(3.723907255428,18.084560712684));
#5866 = CARTESIAN_POINT('',(3.769911184308,17.35654230655));
#5867 = CARTESIAN_POINT('',(3.815915113188,18.084560712684));
#5868 = CARTESIAN_POINT('',(3.861919042067,20.263964536286));
#5869 = CARTESIAN_POINT('',(3.907922970947,23.880974964952));
#5870 = ( GEOMETRIC_REPRESENTATION_CONTEXT(2) 
PARAMETRIC_REPRESENTATION_CONTEXT() REPRESENTATION_CONTEXT('2D SPACE',''
  ) );
#5871 = PCURVE('',#5872,#5877);
#5872 = PLANE('',#5873);
#5873 = AXIS2_PLACEMENT_3D('',#5874,#5875,#5876);
#5874 = CARTESIAN_POINT('',(-59.95600104021,-6.478784581003,
    -7.997255373984));
#5875 = DIRECTION('',(-0.805938440462,-0.58554855195,8.715574274766E-02)
  );
#5876 = DIRECTION('',(7.051047704023E-02,5.122886023967E-02,
    0.996194698092));
#5877 = DEFINITIONAL_REPRESENTATION('',(#5878),#5882);
#5878 = ELLIPSE('',#5879,573.68566228349,50.);
#5879 = AXIS2_PLACEMENT_2D('',#5880,#5881);
#5880 = CARTESIAN_POINT('',(600.2307608949,-29.99980636894));
#5881 = DIRECTION('',(1.,0.));
#5882 = ( GEOMETRIC_REPRESENTATION_CONTEXT(2) 
PARAMETRIC_REPRESENTATION_CONTEXT() REPRESENTATION_CONTEXT('2D SPACE',''
  ) );
#5883 = ORIENTED_EDGE('',*,*,#5884,.F.);
#5884 = EDGE_CURVE('',#5852,#5850,#5885,.T.);
#5885 = SURFACE_CURVE('',#5886,(#6009,#6135),.PCURVE_S1.);
#5886 = B_SPLINE_CURVE_WITH_KNOTS('',7,(#5887,#5888,#5889,#5890,#5891,
    #5892,#5893,#5894,#5895,#5896,#5897,#5898,#5899,#5900,#5901,#5902,
    #5903,#5904,#5905,#5906,#5907,#5908,#5909,#5910,#5911,#5912,#5913,
    #5914,#5915,#5916,#5917,#5918,#5919,#5920,#5921,#5922,#5923,#5924,
    #5925,#5926,#5927,#5928,#5929,#5930,#5931,#5932,#5933,#5934,#5935,
    #5936,#5937,#5938,#5939,#5940,#5941,#5942,#5943,#5944,#5945,#5946,
    #5947,#5948,#5949,#5950,#5951,#5952,#5953,#5954,#5955,#5956,#5957,
    #5958,#5959,#5960,#5961,#5962,#5963,#5964,#5965,#5966,#5967,#5968,
    #5969,#5970,#5971,#5972,#5973,#5974,#5975,#5976,#5977,#5978,#5979,
    #5980,#5981,#5982,#5983,#5984,#5985,#5986,#5987,#5988,#5989,#5990,
    #5991,#5992,#5993,#5994,#5995,#5996,#5997,#5998,#5999,#6000,#6001,
    #6002,#6003,#6004,#6005,#6006,#6007,#6008),.UNSPECIFIED.,.F.,.F.,(8,
    6,6,6,6,6,6,6,6,6,6,6,6,6,6,6,6,6,6,6,8),(0.,2.503164953806E-02,
    3.742278955538E-02,6.124301662542E-02,7.842829149043E-02,
    9.928043014495E-02,0.127469550321,0.174172104546,0.225163117984,
    0.279170746885,0.500453848657,0.702301490399,0.756551494284,
    0.809990942803,0.884707941735,0.905744141035,0.916484195914,
    0.93885561136,0.962637476018,0.975008666858,1.),.UNSPECIFIED.);
#5887 = CARTESIAN_POINT('',(-36.98669576826,-33.64497490184,
    21.888585568769));
#5888 = CARTESIAN_POINT('',(-36.96333093854,-33.67066039725,
    21.932076791039));
#5889 = CARTESIAN_POINT('',(-36.94087629668,-33.69530336477,
    21.976705839294));
#5890 = CARTESIAN_POINT('',(-36.91944021822,-33.71879096463,
    22.022467290845));
#5891 = CARTESIAN_POINT('',(-36.89913319774,-33.7410084443,
    22.069352955116));
#5892 = CARTESIAN_POINT('',(-36.88006784884,-33.76183913848,
    22.117351873645));
#5893 = CARTESIAN_POINT('',(-36.86235890417,-33.78116446911,
    22.166450320083));
#5894 = CARTESIAN_POINT('',(-36.83808624231,-33.8076255209,
    22.24147258208));
#5895 = CARTESIAN_POINT('',(-36.83041194679,-33.8159868322,
    22.266573547549));
#5896 = CARTESIAN_POINT('',(-36.82311686905,-33.82393066696,
    22.291924327839));
#5897 = CARTESIAN_POINT('',(-36.81621673758,-33.83144067552,
    22.317514421779));
#5898 = CARTESIAN_POINT('',(-36.80972646906,-33.83850137087,
    22.343333195786));
#5899 = CARTESIAN_POINT('',(-36.80366016842,-33.84509812862,
    22.369369883875));
#5900 = CARTESIAN_POINT('',(-36.78721009032,-33.86298021784,
    22.446063423756));
#5901 = CARTESIAN_POINT('',(-36.77799809121,-33.87298513651,
    22.49730963827));
#5902 = CARTESIAN_POINT('',(-36.7705097397,-33.88111259173,
    22.549200138786));
#5903 = CARTESIAN_POINT('',(-36.76483202799,-33.88727202774,22.601582257
    ));
#5904 = CARTESIAN_POINT('',(-36.76102433218,-33.89140168441,
    22.654302748703));
#5905 = CARTESIAN_POINT('',(-36.7591184123,-33.8934685972,
    22.707207793788));
#5906 = CARTESIAN_POINT('',(-36.7591184123,-33.8934685972,
    22.798333480391));
#5907 = CARTESIAN_POINT('',(-36.7601104088,-33.89239275142,
    22.836517704084));
#5908 = CARTESIAN_POINT('',(-36.76209378149,-33.89024168355,
    22.874633817153));
#5909 = CARTESIAN_POINT('',(-36.76505978503,-33.88702447798,
    22.912620074468));
#5910 = CARTESIAN_POINT('',(-36.76899154904,-33.88275867977,
    22.95041483594));
#5911 = CARTESIAN_POINT('',(-36.77386407811,-33.87747029471,
    22.987956566518));
#5912 = CARTESIAN_POINT('',(-36.78665775524,-33.86357805056,
    23.070354378716));
#5913 = CARTESIAN_POINT('',(-36.79500515081,-33.85451030675,
    23.115045884155));
#5914 = CARTESIAN_POINT('',(-36.80463309501,-33.84404567218,
    23.159198278676));
#5915 = CARTESIAN_POINT('',(-36.81548036986,-33.83224758895,
    23.20275245245));
#5916 = CARTESIAN_POINT('',(-36.82747788284,-33.81918782679,
    23.245650259655));
#5917 = CARTESIAN_POINT('',(-36.84054866694,-33.80494648312,
    23.287834518475));
#5918 = CARTESIAN_POINT('',(-36.87361393419,-33.768881924,
    23.385235503861));
#5919 = CARTESIAN_POINT('',(-36.89442809797,-33.74615263996,
    23.439819776685));
#5920 = CARTESIAN_POINT('',(-36.91688487497,-33.72159470087,
    23.49299017602));
#5921 = CARTESIAN_POINT('',(-36.94082474133,-33.69537289214,
    23.544739385549));
#5922 = CARTESIAN_POINT('',(-36.96609414635,-33.66764621466,
    23.595064426197));
#5923 = CARTESIAN_POINT('',(-36.99254551244,-33.63856788475,
    23.643966656128));
#5924 = CARTESIAN_POINT('',(-37.06558437052,-33.55811447219,
    23.770123120777));
#5925 = CARTESIAN_POINT('',(-37.11404005264,-33.50458053,23.84499543383)
  );
#5926 = CARTESIAN_POINT('',(-37.16486983807,-33.44823407035,
    23.916244682265));
#5927 = CARTESIAN_POINT('',(-37.21764019581,-33.38952280955,
    23.984068871216));
#5928 = CARTESIAN_POINT('',(-37.27201224677,-33.32879651108,
    24.048681071518));
#5929 = CARTESIAN_POINT('',(-37.3277355032,-33.26631187913,
    24.110302452642));
#5930 = CARTESIAN_POINT('',(-37.44677311276,-33.13227939479,
    24.233412339178));
#5931 = CARTESIAN_POINT('',(-37.5103242633,-33.06041529687,
    24.294379487345));
#5932 = CARTESIAN_POINT('',(-37.57499338736,-32.98695660414,
    24.352256763523));
#5933 = CARTESIAN_POINT('',(-37.64054793217,-32.9121448912,
    24.407240849575));
#5934 = CARTESIAN_POINT('',(-37.70682280046,-32.83615073225,
    24.459525082953));
#5935 = CARTESIAN_POINT('',(-37.7737186864,-32.75907257189,
    24.50929943382));
#5936 = CARTESIAN_POINT('',(-37.91267433835,-32.59817605599,
    24.607008722559));
#5937 = CARTESIAN_POINT('',(-37.98477061213,-32.51426904337,
    24.654635945384));
#5938 = CARTESIAN_POINT('',(-38.05733331588,-32.42937711456,
    24.699776954155));
#5939 = CARTESIAN_POINT('',(-38.13024461224,-32.34362381247,
    24.742569141111));
#5940 = CARTESIAN_POINT('',(-38.20342363587,-32.25709288363,
    24.783142541993));
#5941 = CARTESIAN_POINT('',(-38.27682538587,-32.16982749549,
    24.821619890814));
#5942 = CARTESIAN_POINT('',(-38.65205600042,-31.72127891609,
    25.007653354745));
#5943 = CARTESIAN_POINT('',(-38.95877499947,-31.34659315065,
    25.124700316496));
#5944 = CARTESIAN_POINT('',(-39.26428129546,-30.964452372,
    25.213740498081));
#5945 = CARTESIAN_POINT('',(-39.56621989223,-30.57770261903,
    25.278352406961));
#5946 = CARTESIAN_POINT('',(-39.86418796584,-30.18693627413,
    25.320907947439));
#5947 = CARTESIAN_POINT('',(-40.15885065739,-29.79116484346,
    25.342451209991));
#5948 = CARTESIAN_POINT('',(-40.71720228454,-29.02265975858,
    25.342451209991));
#5949 = CARTESIAN_POINT('',(-40.97853291549,-28.65481796164,
    25.324526795685));
#5950 = CARTESIAN_POINT('',(-41.2352362121,-28.28531806844,
    25.288951601973));
#5951 = CARTESIAN_POINT('',(-41.48756724532,-27.91387378769,
    25.235028006534));
#5952 = CARTESIAN_POINT('',(-41.73520275456,-27.54094780856,
    25.161179126663));
#5953 = CARTESIAN_POINT('',(-41.97682717165,-27.16863604606,
    25.065045329364));
#5954 = CARTESIAN_POINT('',(-42.2723437072,-26.70323193733,
    24.910940783484));
#5955 = CARTESIAN_POINT('',(-42.33436912174,-26.60495547518,
    24.876438651399));
#5956 = CARTESIAN_POINT('',(-42.39582097018,-26.50699906915,
    24.839984652625));
#5957 = CARTESIAN_POINT('',(-42.45667811563,-26.40940659628,
    24.80147747506));
#5958 = CARTESIAN_POINT('',(-42.51689790077,-26.31225801883,
    24.760808641761));
#5959 = CARTESIAN_POINT('',(-42.57641702032,-26.21567003241,
    24.71786245242));
#5960 = CARTESIAN_POINT('',(-42.69301019471,-26.02535584994,
    24.627846924778));
#5961 = CARTESIAN_POINT('',(-42.75007902326,-25.93165496346,
    24.58087094057));
#5962 = CARTESIAN_POINT('',(-42.8063567038,-25.83871602287,
    24.531414343611));
#5963 = CARTESIAN_POINT('',(-42.86179426909,-25.74663801667,
    24.479297291613));
#5964 = CARTESIAN_POINT('',(-42.91629761396,-25.65559822057,
    24.424333711987));
#5965 = CARTESIAN_POINT('',(-42.96972914931,-25.56585346424,
    24.366331285242));
#5966 = CARTESIAN_POINT('',(-43.09486597112,-25.35454646754,
    24.219468195962));
#5967 = CARTESIAN_POINT('',(-43.16527556397,-25.23471318547,
    24.12763334923));
#5968 = CARTESIAN_POINT('',(-43.23297756017,-25.11861383368,
    24.028701301995));
#5969 = CARTESIAN_POINT('',(-43.29744229234,-25.00724868235,
    23.921757801334));
#5970 = CARTESIAN_POINT('',(-43.35775987245,-24.90232584209,
    23.805927874411));
#5971 = CARTESIAN_POINT('',(-43.41261405394,-24.80633425413,
    23.680446778402));
#5972 = CARTESIAN_POINT('',(-43.47365036511,-24.69903762065,
    23.50652468291));
#5973 = CARTESIAN_POINT('',(-43.48648867822,-24.67643415163,
    23.467498424283));
#5974 = CARTESIAN_POINT('',(-43.49870710043,-24.65489101052,
    23.427668430219));
#5975 = CARTESIAN_POINT('',(-43.51025707327,-24.63449916353,
    23.387049353346));
#5976 = CARTESIAN_POINT('',(-43.52109050246,-24.61534894431,
    23.345657246344));
#5977 = CARTESIAN_POINT('',(-43.53115975785,-24.59753005397,
    23.303509561947));
#5978 = CARTESIAN_POINT('',(-43.54514431252,-24.5727592923,
    23.23873047037));
#5979 = CARTESIAN_POINT('',(-43.5496582781,-24.56475933832,
    23.21664946853));
#5980 = CARTESIAN_POINT('',(-43.5539526948,-24.55714459471,
    23.194387805177));
#5981 = CARTESIAN_POINT('',(-43.55802087958,-24.54992759312,
    23.171952263451));
#5982 = CARTESIAN_POINT('',(-43.56185634173,-24.54312050122,
    23.149350751881));
#5983 = CARTESIAN_POINT('',(-43.56545278284,-24.53673512278,
    23.126592304378));
#5984 = CARTESIAN_POINT('',(-43.57578484689,-24.51838447836,
    23.055975751876));
#5985 = CARTESIAN_POINT('',(-43.5817071832,-24.50785607193,
    23.007593534481));
#5986 = CARTESIAN_POINT('',(-43.58650902195,-24.49931367526,
    22.958669263852));
#5987 = CARTESIAN_POINT('',(-43.5901433288,-24.49284520471,
    22.909332193823));
#5988 = CARTESIAN_POINT('',(-43.59257811889,-24.48851049605,
    22.859711996266));
#5989 = CARTESIAN_POINT('',(-43.59379645686,-24.48634130443,
    22.80993876109));
#5990 = CARTESIAN_POINT('',(-43.59379645686,-24.48634130443,
    22.70720776097));
#5991 = CARTESIAN_POINT('',(-43.59241966977,-24.48879264929,
    22.654302744486));
#5992 = CARTESIAN_POINT('',(-43.58966877636,-24.49369011594,
    22.601582282551));
#5993 = CARTESIAN_POINT('',(-43.58556531208,-24.5009933145,
    22.549200164985));
#5994 = CARTESIAN_POINT('',(-43.58014966704,-24.5106266883,
    22.497309635673));
#5995 = CARTESIAN_POINT('',(-43.57348108605,-24.52247951383,
    22.446063392558));
#5996 = CARTESIAN_POINT('',(-43.56155756742,-24.54365032811,
    22.369369885845));
#5997 = CARTESIAN_POINT('',(-43.55715826764,-24.55145823371,
    22.343333196052));
#5998 = CARTESIAN_POINT('',(-43.55244875029,-24.55981272126,
    22.317514420264));
#5999 = CARTESIAN_POINT('',(-43.54743856565,-24.56869585644,
    22.291924326281));
#6000 = CARTESIAN_POINT('',(-43.54213783321,-24.57808866693,
    22.266573547706));
#6001 = CARTESIAN_POINT('',(-43.53655724168,-24.5879711424,
    22.241472583942));
#6002 = CARTESIAN_POINT('',(-43.51889195747,-24.61923271879,
    22.166450349593));
#6003 = CARTESIAN_POINT('',(-43.50598483312,-24.64204679496,
    22.11735187864));
#6004 = CARTESIAN_POINT('',(-43.49206517566,-24.66661606983,
    22.069352933791));
#6005 = CARTESIAN_POINT('',(-43.47721031253,-24.69279477063,
    22.022467267908));
#6006 = CARTESIAN_POINT('',(-43.46149639888,-24.72043974496,
    21.976705840259));
#6007 = CARTESIAN_POINT('',(-43.44499841756,-24.74941046083,
    21.932076816519));
#6008 = CARTESIAN_POINT('',(-43.42779017915,-24.77956900664,
    21.888585568769));
#6009 = PCURVE('',#4427,#6010);
#6010 = DEFINITIONAL_REPRESENTATION('',(#6011),#6134);
#6011 = B_SPLINE_CURVE_WITH_KNOTS('',7,(#6012,#6013,#6014,#6015,#6016,
    #6017,#6018,#6019,#6020,#6021,#6022,#6023,#6024,#6025,#6026,#6027,
    #6028,#6029,#6030,#6031,#6032,#6033,#6034,#6035,#6036,#6037,#6038,
    #6039,#6040,#6041,#6042,#6043,#6044,#6045,#6046,#6047,#6048,#6049,
    #6050,#6051,#6052,#6053,#6054,#6055,#6056,#6057,#6058,#6059,#6060,
    #6061,#6062,#6063,#6064,#6065,#6066,#6067,#6068,#6069,#6070,#6071,
    #6072,#6073,#6074,#6075,#6076,#6077,#6078,#6079,#6080,#6081,#6082,
    #6083,#6084,#6085,#6086,#6087,#6088,#6089,#6090,#6091,#6092,#6093,
    #6094,#6095,#6096,#6097,#6098,#6099,#6100,#6101,#6102,#6103,#6104,
    #6105,#6106,#6107,#6108,#6109,#6110,#6111,#6112,#6113,#6114,#6115,
    #6116,#6117,#6118,#6119,#6120,#6121,#6122,#6123,#6124,#6125,#6126,
    #6127,#6128,#6129,#6130,#6131,#6132,#6133),.UNSPECIFIED.,.F.,.F.,(8,
    6,6,6,6,6,6,6,6,6,6,6,6,6,6,6,6,6,6,6,8),(0.,2.503164953806E-02,
    3.742278955538E-02,6.124301662542E-02,7.842829149043E-02,
    9.928043014495E-02,0.127469550321,0.174172104546,0.225163117984,
    0.279170746885,0.500453848657,0.702301490399,0.756551494284,
    0.809990942803,0.884707941735,0.905744141035,0.916484195914,
    0.93885561136,0.962637476018,0.975008666858,1.),.UNSPECIFIED.);
#6012 = CARTESIAN_POINT('',(3.879714138018,21.888585568769));
#6013 = CARTESIAN_POINT('',(3.880408590303,21.932076791039));
#6014 = CARTESIAN_POINT('',(3.88107536943,21.976705839294));
#6015 = CARTESIAN_POINT('',(3.881711347993,22.022467290845));
#6016 = CARTESIAN_POINT('',(3.88231334157,22.069352955116));
#6017 = CARTESIAN_POINT('',(3.882878108729,22.117351873645));
#6018 = CARTESIAN_POINT('',(3.883402351022,22.166450320083));
#6019 = CARTESIAN_POINT('',(3.884120501251,22.24147258208));
#6020 = CARTESIAN_POINT('',(3.884347487002,22.266573547549));
#6021 = CARTESIAN_POINT('',(3.884563192966,22.291924327839));
#6022 = CARTESIAN_POINT('',(3.884767165544,22.317514421779));
#6023 = CARTESIAN_POINT('',(3.884958974821,22.343333195786));
#6024 = CARTESIAN_POINT('',(3.885138214565,22.369369883875));
#6025 = CARTESIAN_POINT('',(3.885624166902,22.446063423756));
#6026 = CARTESIAN_POINT('',(3.885896166398,22.49730963827));
#6027 = CARTESIAN_POINT('',(3.886117192108,22.549200138786));
#6028 = CARTESIAN_POINT('',(3.886284733201,22.601582257));
#6029 = CARTESIAN_POINT('',(3.886397076621,22.654302748703));
#6030 = CARTESIAN_POINT('',(3.886453307085,22.707207793788));
#6031 = CARTESIAN_POINT('',(3.886453307085,22.798333480391));
#6032 = CARTESIAN_POINT('',(3.886424039345,22.836517704084));
#6033 = CARTESIAN_POINT('',(3.88636552145,22.874633817153));
#6034 = CARTESIAN_POINT('',(3.886278005538,22.912620074468));
#6035 = CARTESIAN_POINT('',(3.886161978299,22.95041483594));
#6036 = CARTESIAN_POINT('',(3.886018160977,22.987956566518));
#6037 = CARTESIAN_POINT('',(3.885640445411,23.070354378716));
#6038 = CARTESIAN_POINT('',(3.885393947544,23.115045884155));
#6039 = CARTESIAN_POINT('',(3.885109549334,23.159198278676));
#6040 = CARTESIAN_POINT('',(3.884789013495,23.20275245245));
#6041 = CARTESIAN_POINT('',(3.884434331892,23.245650259655));
#6042 = CARTESIAN_POINT('',(3.884047725537,23.287834518475));
#6043 = CARTESIAN_POINT('',(3.883069162443,23.385235503861));
#6044 = CARTESIAN_POINT('',(3.882452769894,23.439819776685));
#6045 = CARTESIAN_POINT('',(3.881787218012,23.49299017602));
#6046 = CARTESIAN_POINT('',(3.881077091575,23.544739385549));
#6047 = CARTESIAN_POINT('',(3.880326809072,23.595064426197));
#6048 = CARTESIAN_POINT('',(3.879540622702,23.643966656128));
#6049 = CARTESIAN_POINT('',(3.877367383058,23.770123120777));
#6050 = CARTESIAN_POINT('',(3.875923246702,23.84499543383));
#6051 = CARTESIAN_POINT('',(3.874405542635,23.916244682265));
#6052 = CARTESIAN_POINT('',(3.872826722283,23.984068871216));
#6053 = CARTESIAN_POINT('',(3.871196512231,24.048681071518));
#6054 = CARTESIAN_POINT('',(3.869522071274,24.110302452642));
#6055 = CARTESIAN_POINT('',(3.865936842726,24.233412339178));
#6056 = CARTESIAN_POINT('',(3.864018181207,24.294379487345));
#6057 = CARTESIAN_POINT('',(3.862060815802,24.352256763523));
#6058 = CARTESIAN_POINT('',(3.860071434581,24.407240849575));
#6059 = CARTESIAN_POINT('',(3.858054766347,24.459525082953));
#6060 = CARTESIAN_POINT('',(3.85601358619,24.50929943382));
#6061 = CARTESIAN_POINT('',(3.851761698984,24.607008722559));
#6062 = CARTESIAN_POINT('',(3.849549172725,24.654635945384));
#6063 = CARTESIAN_POINT('',(3.847315623741,24.699776954155));
#6064 = CARTESIAN_POINT('',(3.845064443776,24.742569141111));
#6065 = CARTESIAN_POINT('',(3.842797937683,24.783142541993));
#6066 = CARTESIAN_POINT('',(3.840517326267,24.821619890814));
#6067 = CARTESIAN_POINT('',(3.82882127835,25.007653354745));
#6068 = CARTESIAN_POINT('',(3.81913748999,25.124700316496));
#6069 = CARTESIAN_POINT('',(3.809353546873,25.213740498081));
#6070 = CARTESIAN_POINT('',(3.799541597282,25.278352406961));
#6071 = CARTESIAN_POINT('',(3.789714437613,25.320907947439));
#6072 = CARTESIAN_POINT('',(3.779846753811,25.342451209991));
#6073 = CARTESIAN_POINT('',(3.760848263292,25.342451209991));
#6074 = CARTESIAN_POINT('',(3.751824336349,25.324526795685));
#6075 = CARTESIAN_POINT('',(3.742826745221,25.288951601973));
#6076 = CARTESIAN_POINT('',(3.733846737531,25.235028006534));
#6077 = CARTESIAN_POINT('',(3.72489437916,25.161179126663));
#6078 = CARTESIAN_POINT('',(3.716017918401,25.065045329364));
#6079 = CARTESIAN_POINT('',(3.704991930786,24.910940783484));
#6080 = CARTESIAN_POINT('',(3.702667683447,24.876438651399));
#6081 = CARTESIAN_POINT('',(3.700354968245,24.839984652625));
#6082 = CARTESIAN_POINT('',(3.698054732521,24.80147747506));
#6083 = CARTESIAN_POINT('',(3.6957687647,24.760808641761));
#6084 = CARTESIAN_POINT('',(3.693499696408,24.71786245242));
#6085 = CARTESIAN_POINT('',(3.689035910734,24.627846924778));
#6086 = CARTESIAN_POINT('',(3.686841679559,24.58087094057));
#6087 = CARTESIAN_POINT('',(3.684668690941,24.531414343611));
#6088 = CARTESIAN_POINT('',(3.682519128073,24.479297291613));
#6089 = CARTESIAN_POINT('',(3.680396982731,24.424333711987));
#6090 = CARTESIAN_POINT('',(3.678308060546,24.366331285242));
#6091 = CARTESIAN_POINT('',(3.67339644692,24.219468195962));
#6092 = CARTESIAN_POINT('',(3.670616713117,24.12763334923));
#6093 = CARTESIAN_POINT('',(3.667928791513,24.028701301995));
#6094 = CARTESIAN_POINT('',(3.665355262915,23.921757801334));
#6095 = CARTESIAN_POINT('',(3.662934779819,23.805927874411));
#6096 = CARTESIAN_POINT('',(3.660723597235,23.680446778402));
#6097 = CARTESIAN_POINT('',(3.658254751445,23.50652468291));
#6098 = CARTESIAN_POINT('',(3.657734851912,23.467498424283));
#6099 = CARTESIAN_POINT('',(3.657239515094,23.427668430219));
#6100 = CARTESIAN_POINT('',(3.656770802393,23.387049353346));
#6101 = CARTESIAN_POINT('',(3.656330759712,23.345657246344));
#6102 = CARTESIAN_POINT('',(3.65592141746,23.303509561947));
#6103 = CARTESIAN_POINT('',(3.655352503266,23.23873047037));
#6104 = CARTESIAN_POINT('',(3.655168791377,23.21664946853));
#6105 = CARTESIAN_POINT('',(3.65499394707,23.194387805177));
#6106 = CARTESIAN_POINT('',(3.654828254301,23.171952263451));
#6107 = CARTESIAN_POINT('',(3.6546719888,23.149350751881));
#6108 = CARTESIAN_POINT('',(3.654525418072,23.126592304378));
#6109 = CARTESIAN_POINT('',(3.654104230371,23.055975751876));
#6110 = CARTESIAN_POINT('',(3.653862634508,23.007593534481));
#6111 = CARTESIAN_POINT('',(3.653666644529,22.958669263852));
#6112 = CARTESIAN_POINT('',(3.653518254116,22.909332193823));
#6113 = CARTESIAN_POINT('',(3.653418819914,22.859711996266));
#6114 = CARTESIAN_POINT('',(3.65336906153,22.80993876109));
#6115 = CARTESIAN_POINT('',(3.65336906153,22.70720776097));
#6116 = CARTESIAN_POINT('',(3.653425291906,22.654302744486));
#6117 = CARTESIAN_POINT('',(3.653537635296,22.601582282551));
#6118 = CARTESIAN_POINT('',(3.653705176468,22.549200164985));
#6119 = CARTESIAN_POINT('',(3.653926202327,22.497309635673));
#6120 = CARTESIAN_POINT('',(3.654198201911,22.446063392558));
#6121 = CARTESIAN_POINT('',(3.654684154038,22.369369885845));
#6122 = CARTESIAN_POINT('',(3.654863393795,22.343333196052));
#6123 = CARTESIAN_POINT('',(3.655055203085,22.317514420264));
#6124 = CARTESIAN_POINT('',(3.655259175661,22.291924326281));
#6125 = CARTESIAN_POINT('',(3.655474881609,22.266573547706));
#6126 = CARTESIAN_POINT('',(3.655701867347,22.241472583942));
#6127 = CARTESIAN_POINT('',(3.656420017311,22.166450349593));
#6128 = CARTESIAN_POINT('',(3.656944259911,22.11735187864));
#6129 = CARTESIAN_POINT('',(3.657509027347,22.069352933791));
#6130 = CARTESIAN_POINT('',(3.658111020875,22.022467267908));
#6131 = CARTESIAN_POINT('',(3.658746999085,21.976705840259));
#6132 = CARTESIAN_POINT('',(3.659413777905,21.932076816519));
#6133 = CARTESIAN_POINT('',(3.660108230598,21.888585568769));
#6134 = ( GEOMETRIC_REPRESENTATION_CONTEXT(2) 
PARAMETRIC_REPRESENTATION_CONTEXT() REPRESENTATION_CONTEXT('2D SPACE',''
  ) );
#6135 = PCURVE('',#6136,#6141);
#6136 = CYLINDRICAL_SURFACE('',#6137,10.);
#6137 = AXIS2_PLACEMENT_3D('',#6138,#6139,#6140);
#6138 = CARTESIAN_POINT('',(-65.90007113363,-10.79740429331,
    22.760142996245));
#6139 = DIRECTION('',(0.587785252292,-0.809016994375,0.));
#6140 = DIRECTION('',(0.805938440462,0.58554855195,-8.715574274766E-02)
  );
#6141 = DEFINITIONAL_REPRESENTATION('',(#6142),#6265);
#6142 = B_SPLINE_CURVE_WITH_KNOTS('',7,(#6143,#6144,#6145,#6146,#6147,
    #6148,#6149,#6150,#6151,#6152,#6153,#6154,#6155,#6156,#6157,#6158,
    #6159,#6160,#6161,#6162,#6163,#6164,#6165,#6166,#6167,#6168,#6169,
    #6170,#6171,#6172,#6173,#6174,#6175,#6176,#6177,#6178,#6179,#6180,
    #6181,#6182,#6183,#6184,#6185,#6186,#6187,#6188,#6189,#6190,#6191,
    #6192,#6193,#6194,#6195,#6196,#6197,#6198,#6199,#6200,#6201,#6202,
    #6203,#6204,#6205,#6206,#6207,#6208,#6209,#6210,#6211,#6212,#6213,
    #6214,#6215,#6216,#6217,#6218,#6219,#6220,#6221,#6222,#6223,#6224,
    #6225,#6226,#6227,#6228,#6229,#6230,#6231,#6232,#6233,#6234,#6235,
    #6236,#6237,#6238,#6239,#6240,#6241,#6242,#6243,#6244,#6245,#6246,
    #6247,#6248,#6249,#6250,#6251,#6252,#6253,#6254,#6255,#6256,#6257,
    #6258,#6259,#6260,#6261,#6262,#6263,#6264),.UNSPECIFIED.,.F.,.F.,(8,
    6,6,6,6,6,6,6,6,6,6,6,6,6,6,6,6,6,6,6,8),(0.,2.503164953806E-02,
    3.742278955538E-02,6.124301662542E-02,7.842829149043E-02,
    9.928043014495E-02,0.127469550321,0.174172104546,0.225163117984,
    0.279170746885,0.500453848657,0.702301490399,0.756551494284,
    0.809990942803,0.884707941735,0.905744141035,0.916484195914,
    0.93885561136,0.962637476018,0.975008666858,1.),.UNSPECIFIED.);
#6143 = CARTESIAN_POINT('',(0.,35.47892853624));
#6144 = CARTESIAN_POINT('',(4.365735167388E-03,35.513442040864));
#6145 = CARTESIAN_POINT('',(8.843744445181E-03,35.546577127709));
#6146 = CARTESIAN_POINT('',(1.343343373326E-02,35.578178805939));
#6147 = CARTESIAN_POINT('',(1.813396433453E-02,35.608089291721));
#6148 = CARTESIAN_POINT('',(2.294425295496E-02,35.636148008231));
#6149 = CARTESIAN_POINT('',(2.786297170353E-02,35.662191585647));
#6150 = CARTESIAN_POINT('',(3.537630346795E-02,35.697866138906));
#6151 = CARTESIAN_POINT('',(3.788972263888E-02,35.709141419577));
#6152 = CARTESIAN_POINT('',(4.042777788288E-02,35.719856056007));
#6153 = CARTESIAN_POINT('',(4.29894311506E-02,35.729987576078));
#6154 = CARTESIAN_POINT('',(4.557363406551E-02,35.73951468272));
#6155 = CARTESIAN_POINT('',(4.817932792387E-02,35.748417253908));
#6156 = CARTESIAN_POINT('',(5.585378257946E-02,35.772553281288));
#6157 = CARTESIAN_POINT('',(6.098072005811E-02,35.786062107743));
#6158 = CARTESIAN_POINT('',(6.617120402715E-02,35.79703889971));
#6159 = CARTESIAN_POINT('',(7.141015095055E-02,35.805359263328));
#6160 = CARTESIAN_POINT('',(7.66824458598E-02,35.810938333196));
#6161 = CARTESIAN_POINT('',(8.197294235399E-02,35.813730772372));
#6162 = CARTESIAN_POINT('',(9.108551101428E-02,35.813730772372));
#6163 = CARTESIAN_POINT('',(9.490393164147E-02,35.812277313938));
#6164 = CARTESIAN_POINT('',(9.871563465289E-02,35.809371266258));
#6165 = CARTESIAN_POINT('',(0.102514535267,35.805025119137));
#6166 = CARTESIAN_POINT('',(0.106294553749,35.799262982996));
#6167 = CARTESIAN_POINT('',(0.110049615412,35.792120588869));
#6168 = CARTESIAN_POINT('',(0.118292292242,35.773361592528));
#6169 = CARTESIAN_POINT('',(0.122763643547,35.761119157675));
#6170 = CARTESIAN_POINT('',(0.127181825347,35.746993926859));
#6171 = CARTESIAN_POINT('',(0.131541031477,35.731073208836));
#6172 = CARTESIAN_POINT('',(0.135835528789,35.713455678111));
#6173 = CARTESIAN_POINT('',(0.14005965715,35.694251374936));
#6174 = CARTESIAN_POINT('',(0.149815567304,35.645639257258));
#6175 = CARTESIAN_POINT('',(0.155284951314,35.615016621688));
#6176 = CARTESIAN_POINT('',(0.160614905837,35.581949069283));
#6177 = CARTESIAN_POINT('',(0.165804743184,35.546663680013));
#6178 = CARTESIAN_POINT('',(0.170854163613,35.50937934313));
#6179 = CARTESIAN_POINT('',(0.175763255334,35.470306757174));
#6180 = CARTESIAN_POINT('',(0.188433970304,35.36228741553));
#6181 = CARTESIAN_POINT('',(0.195960700719,35.290496011191));
#6182 = CARTESIAN_POINT('',(0.203129988768,35.215033769507));
#6183 = CARTESIAN_POINT('',(0.209961208098,35.136517723718));
#6184 = CARTESIAN_POINT('',(0.216475178337,35.055430026558));
#6185 = CARTESIAN_POINT('',(0.222693540433,34.972125589084));
#6186 = CARTESIAN_POINT('',(0.235128585351,34.793722480091));
#6187 = CARTESIAN_POINT('',(0.241293732298,34.698228774535));
#6188 = CARTESIAN_POINT('',(0.247152952655,34.600787886326));
#6189 = CARTESIAN_POINT('',(0.252725324081,34.501731944517));
#6190 = CARTESIAN_POINT('',(0.258029643564,34.401295988278));
#6191 = CARTESIAN_POINT('',(0.263084448902,34.299618031452));
#6192 = CARTESIAN_POINT('',(0.273016993901,34.087773932819));
#6193 = CARTESIAN_POINT('',(0.277864056107,33.977514607188));
#6194 = CARTESIAN_POINT('',(0.282463135683,33.866184306967));
#6195 = CARTESIAN_POINT('',(0.286827462851,33.753952243526));
#6196 = CARTESIAN_POINT('',(0.290969594942,33.640933700683));
#6197 = CARTESIAN_POINT('',(0.294901422159,33.527190052513));
#6198 = CARTESIAN_POINT('',(0.313928211904,32.94375160754));
#6199 = CARTESIAN_POINT('',(0.325957892126,32.460339551508));
#6200 = CARTESIAN_POINT('',(0.335142475666,31.971609072066));
#6201 = CARTESIAN_POINT('',(0.341821951888,31.481246895071));
#6202 = CARTESIAN_POINT('',(0.34622698329,30.989969041895));
#6203 = CARTESIAN_POINT('',(0.348456926023,30.496584844102));
#6204 = CARTESIAN_POINT('',(0.348456926023,29.546660318133));
#6205 = CARTESIAN_POINT('',(0.346601507838,29.09546376232));
#6206 = CARTESIAN_POINT('',(0.342919236566,28.645645657339));
#6207 = CARTESIAN_POINT('',(0.33734321335,28.196824461736));
#6208 = CARTESIAN_POINT('',(0.329721756243,27.7495645067));
#6209 = CARTESIAN_POINT('',(0.319830211792,27.306334694662));
#6210 = CARTESIAN_POINT('',(0.304038737591,26.756114600048));
#6211 = CARTESIAN_POINT('',(0.300506140045,26.640149648095));
#6212 = CARTESIAN_POINT('',(0.296776978049,26.524780760663));
#6213 = CARTESIAN_POINT('',(0.292841465738,26.410055858999));
#6214 = CARTESIAN_POINT('',(0.288689154823,26.296064707256));
#6215 = CARTESIAN_POINT('',(0.284308931379,26.182938924089));
#6216 = CARTESIAN_POINT('',(0.275138120607,25.960439767778));
#6217 = CARTESIAN_POINT('',(0.270356901239,25.851089942438));
#6218 = CARTESIAN_POINT('',(0.265328364139,25.74282156941));
#6219 = CARTESIAN_POINT('',(0.26003499625,25.63574351429));
#6220 = CARTESIAN_POINT('',(0.254458745778,25.530054509762));
#6221 = CARTESIAN_POINT('',(0.248581006135,25.426043208246));
#6222 = CARTESIAN_POINT('',(0.233716224617,25.181538678512));
#6223 = CARTESIAN_POINT('',(0.224434839463,25.043205796531));
#6224 = CARTESIAN_POINT('',(0.214451257507,24.909485212969));
#6225 = CARTESIAN_POINT('',(0.203675871212,24.781497494102));
#6226 = CARTESIAN_POINT('',(0.192023454413,24.661159349195));
#6227 = CARTESIAN_POINT('',(0.179419526526,24.551258044312));
#6228 = CARTESIAN_POINT('',(0.161973536813,24.428577000829));
#6229 = CARTESIAN_POINT('',(0.158060191349,24.402744239141));
#6230 = CARTESIAN_POINT('',(0.154067583819,24.378133663493));
#6231 = CARTESIAN_POINT('',(0.149997176552,24.354847409029));
#6232 = CARTESIAN_POINT('',(0.145850552937,24.332986826329));
#6233 = CARTESIAN_POINT('',(0.141629417422,24.312652481403));
#6234 = CARTESIAN_POINT('',(0.135143379981,24.284392599256));
#6235 = CARTESIAN_POINT('',(0.132932790081,24.275267258138));
#6236 = CARTESIAN_POINT('',(0.130704383629,24.266582606343));
#6237 = CARTESIAN_POINT('',(0.128458829399,24.258352710381));
#6238 = CARTESIAN_POINT('',(0.126196907131,24.250591229274));
#6239 = CARTESIAN_POINT('',(0.123919507526,24.243311414551));
#6240 = CARTESIAN_POINT('',(0.116853681411,24.22239239649));
#6241 = CARTESIAN_POINT('',(0.11201352183,24.210393674822));
#6242 = CARTESIAN_POINT('',(0.107119898981,24.200660280736));
#6243 = CARTESIAN_POINT('',(0.102185580571,24.193290986166));
#6244 = CARTESIAN_POINT('',(9.722335654598E-02,24.188352999486));
#6245 = CARTESIAN_POINT('',(9.224603908421E-02,24.185881965515));
#6246 = CARTESIAN_POINT('',(8.197293907216E-02,24.185881965515));
#6247 = CARTESIAN_POINT('',(7.668244543895E-02,24.188674400306));
#6248 = CARTESIAN_POINT('',(7.141015350683E-02,24.194253468631));
#6249 = CARTESIAN_POINT('',(6.617120664743E-02,24.202573836176));
#6250 = CARTESIAN_POINT('',(6.098071979724E-02,24.213550635578));
#6251 = CARTESIAN_POINT('',(5.585377945761E-02,24.227059466417));
#6252 = CARTESIAN_POINT('',(4.817932812103E-02,24.251195483358));
#6253 = CARTESIAN_POINT('',(4.557363409198E-02,24.260098055216));
#6254 = CARTESIAN_POINT('',(4.298943099895E-02,24.269625162465));
#6255 = CARTESIAN_POINT('',(4.042777772694E-02,24.27975668243));
#6256 = CARTESIAN_POINT('',(3.788972265465E-02,24.290471318094));
#6257 = CARTESIAN_POINT('',(3.537630365441E-02,24.301746598096));
#6258 = CARTESIAN_POINT('',(2.786297465888E-02,24.337421138208));
#6259 = CARTESIAN_POINT('',(2.294425345256E-02,24.36346473088));
#6260 = CARTESIAN_POINT('',(1.813396219534E-02,24.391523461165));
#6261 = CARTESIAN_POINT('',(1.3433431435E-02,24.421433944472));
#6262 = CARTESIAN_POINT('',(8.843744545134E-03,24.453035605215));
#6263 = CARTESIAN_POINT('',(4.36573772509E-03,24.486170676803));
#6264 = CARTESIAN_POINT('',(0.,24.520684201647));
#6265 = ( GEOMETRIC_REPRESENTATION_CONTEXT(2) 
PARAMETRIC_REPRESENTATION_CONTEXT() REPRESENTATION_CONTEXT('2D SPACE',''
  ) );
#6266 = FACE_BOUND('',#6267,.T.);
#6267 = EDGE_LOOP('',(#6268,#6303));
#6268 = ORIENTED_EDGE('',*,*,#6269,.F.);
#6269 = EDGE_CURVE('',#6270,#6272,#6274,.T.);
#6270 = VERTEX_POINT('',#6271);
#6271 = CARTESIAN_POINT('',(10.146315341134,-48.95970062202,
    21.888585568769));
#6272 = VERTEX_POINT('',#6273);
#6273 = CARTESIAN_POINT('',(20.569248441016,-45.57308436535,
    21.888585568769));
#6274 = SURFACE_CURVE('',#6275,(#6280,#6291),.PCURVE_S1.);
#6275 = ELLIPSE('',#6276,573.68566228349,50.);
#6276 = AXIS2_PLACEMENT_3D('',#6277,#6278,#6279);
#6277 = CARTESIAN_POINT('',(0.,0.,589.94876822783));
#6278 = DIRECTION('',(0.307841091417,-0.947437459119,8.715574274766E-02)
  );
#6279 = DIRECTION('',(-2.69326056664E-02,8.28900370727E-02,
    0.996194698092));
#6280 = PCURVE('',#4427,#6281);
#6281 = DEFINITIONAL_REPRESENTATION('',(#6282),#6290);
#6282 = B_SPLINE_CURVE_WITH_KNOTS('',6,(#6283,#6284,#6285,#6286,#6287,
    #6288,#6289),.UNSPECIFIED.,.F.,.F.,(7,7),(3.003572243468,
    3.279613063712),.PIECEWISE_BEZIER_KNOTS.);
#6283 = CARTESIAN_POINT('',(4.888527835622,23.880974964952));
#6284 = CARTESIAN_POINT('',(4.934534638996,20.263513950993));
#6285 = CARTESIAN_POINT('',(4.98054144237,18.083837479401));
#6286 = CARTESIAN_POINT('',(5.026548245743,17.355727801225));
#6287 = CARTESIAN_POINT('',(5.072555049118,18.083837479401));
#6288 = CARTESIAN_POINT('',(5.118561852492,20.263513950993));
#6289 = CARTESIAN_POINT('',(5.164568655866,23.880974964952));
#6290 = ( GEOMETRIC_REPRESENTATION_CONTEXT(2) 
PARAMETRIC_REPRESENTATION_CONTEXT() REPRESENTATION_CONTEXT('2D SPACE',''
  ) );
#6291 = PCURVE('',#6292,#6297);
#6292 = PLANE('',#6293);
#6293 = AXIS2_PLACEMENT_3D('',#6294,#6295,#6296);
#6294 = CARTESIAN_POINT('',(-12.36620708801,-59.02369170487,
    -7.997255373984));
#6295 = DIRECTION('',(0.307841091417,-0.947437459119,8.715574274766E-02)
  );
#6296 = DIRECTION('',(-2.69326056664E-02,8.28900370727E-02,
    0.996194698092));
#6297 = DEFINITIONAL_REPRESENTATION('',(#6298),#6302);
#6298 = ELLIPSE('',#6299,573.68566228349,50.);
#6299 = AXIS2_PLACEMENT_2D('',#6300,#6301);
#6300 = CARTESIAN_POINT('',(600.23008027166,-30.00028564046));
#6301 = DIRECTION('',(1.,0.));
#6302 = ( GEOMETRIC_REPRESENTATION_CONTEXT(2) 
PARAMETRIC_REPRESENTATION_CONTEXT() REPRESENTATION_CONTEXT('2D SPACE',''
  ) );
#6303 = ORIENTED_EDGE('',*,*,#6304,.F.);
#6304 = EDGE_CURVE('',#6272,#6270,#6305,.T.);
#6305 = SURFACE_CURVE('',#6306,(#6429,#6555),.PCURVE_S1.);
#6306 = B_SPLINE_CURVE_WITH_KNOTS('',7,(#6307,#6308,#6309,#6310,#6311,
    #6312,#6313,#6314,#6315,#6316,#6317,#6318,#6319,#6320,#6321,#6322,
    #6323,#6324,#6325,#6326,#6327,#6328,#6329,#6330,#6331,#6332,#6333,
    #6334,#6335,#6336,#6337,#6338,#6339,#6340,#6341,#6342,#6343,#6344,
    #6345,#6346,#6347,#6348,#6349,#6350,#6351,#6352,#6353,#6354,#6355,
    #6356,#6357,#6358,#6359,#6360,#6361,#6362,#6363,#6364,#6365,#6366,
    #6367,#6368,#6369,#6370,#6371,#6372,#6373,#6374,#6375,#6376,#6377,
    #6378,#6379,#6380,#6381,#6382,#6383,#6384,#6385,#6386,#6387,#6388,
    #6389,#6390,#6391,#6392,#6393,#6394,#6395,#6396,#6397,#6398,#6399,
    #6400,#6401,#6402,#6403,#6404,#6405,#6406,#6407,#6408,#6409,#6410,
    #6411,#6412,#6413,#6414,#6415,#6416,#6417,#6418,#6419,#6420,#6421,
    #6422,#6423,#6424,#6425,#6426,#6427,#6428),.UNSPECIFIED.,.F.,.F.,(8,
    6,6,6,6,6,6,6,6,6,6,6,6,6,6,6,6,6,6,6,8),(0.,2.502886244779E-02,
    3.741881116412E-02,6.109684251957E-02,7.842109464625E-02,
    9.927154859892E-02,0.127457817687,0.174154094529,0.225135889333,
    0.279133321594,0.500454578096,0.70234114942,0.75658401954,
    0.810012654343,0.884719272955,0.905753416936,0.916492556023,
    0.939002165457,0.962641828468,0.975011703806,1.),.UNSPECIFIED.);
#6307 = CARTESIAN_POINT('',(20.569248441016,-45.57308436535,
    21.888585568769));
#6308 = CARTESIAN_POINT('',(20.600894009094,-45.55880125151,
    21.932077262443));
#6309 = CARTESIAN_POINT('',(20.631266843457,-45.54506162599,
    21.97670664516));
#6310 = CARTESIAN_POINT('',(20.660226157968,-45.53193368264,
    22.022468281185));
#6311 = CARTESIAN_POINT('',(20.687628696865,-45.51948703749,
    22.069353967828));
#6312 = CARTESIAN_POINT('',(20.713328734766,-45.50779272868,
    22.11735273544));
#6313 = CARTESIAN_POINT('',(20.737178076665,-45.4969232165,
    22.166450847417));
#6314 = CARTESIAN_POINT('',(20.769841386359,-45.4820165573,
    22.24147269869));
#6315 = CARTESIAN_POINT('',(20.780163995506,-45.47730196361,
    22.266573738245));
#6316 = CARTESIAN_POINT('',(20.789972410394,-45.47281901148,
    22.291924554028));
#6317 = CARTESIAN_POINT('',(20.79924622658,-45.46857760499,
    22.317514647061));
#6318 = CARTESIAN_POINT('',(20.807966110159,-45.46458714303,
    22.343333384216));
#6319 = CARTESIAN_POINT('',(20.816113797763,-45.46085651936,
    22.369369998219));
#6320 = CARTESIAN_POINT('',(20.838116517601,-45.45077724773,
    22.445766864924));
#6321 = CARTESIAN_POINT('',(20.850417139402,-45.44513580804,
    22.496706664177));
#6322 = CARTESIAN_POINT('',(20.860427809054,-45.44054058018,
    22.548283763122));
#6323 = CARTESIAN_POINT('',(20.868037392453,-45.43704541057,
    22.600348385891));
#6324 = CARTESIAN_POINT('',(20.873169774303,-45.43468721532,
    22.65275020303));
#6325 = CARTESIAN_POINT('',(20.875783858113,-45.43348598026,
    22.705338331505));
#6326 = CARTESIAN_POINT('',(20.875939201962,-45.43341460248,
    22.796463444999));
#6327 = CARTESIAN_POINT('',(20.874653432088,-45.43400540862,
    22.834961921661));
#6328 = CARTESIAN_POINT('',(20.872016683644,-45.43521695547,
    22.873393350869));
#6329 = CARTESIAN_POINT('',(20.86804030045,-45.43704373192,
    22.911694419362));
#6330 = CARTESIAN_POINT('',(20.862746543076,-45.4394749397,
    22.949801914429));
#6331 = CARTESIAN_POINT('',(20.856168588851,-45.44249449335,
    22.98765272391));
#6332 = CARTESIAN_POINT('',(20.83894117691,-45.45039755374,
    23.070354082089));
#6333 = CARTESIAN_POINT('',(20.827738863334,-45.45553394193,
    23.11504538231));
#6334 = CARTESIAN_POINT('',(20.814812473192,-45.46145649165,
    23.159197667858));
#6335 = CARTESIAN_POINT('',(20.800241240616,-45.46812659449,
    23.202751833383));
#6336 = CARTESIAN_POINT('',(20.784114751802,-45.47550072683,
    23.245649737188));
#6337 = CARTESIAN_POINT('',(20.766532945015,-45.48353044981,
    23.287834201227));
#6338 = CARTESIAN_POINT('',(20.722020248066,-45.5038313512,
    23.385234793386));
#6339 = CARTESIAN_POINT('',(20.693974459052,-45.5166020637,
    23.439818678719));
#6340 = CARTESIAN_POINT('',(20.663682092206,-45.53036986418,
    23.492988929008));
#6341 = CARTESIAN_POINT('',(20.631349135871,-45.54503396896,
    23.544738176239));
#6342 = CARTESIAN_POINT('',(20.597174218077,-45.56049749339,
    23.595063422487));
#6343 = CARTESIAN_POINT('',(20.561348606533,-45.57666745185,
    23.643966039909));
#6344 = CARTESIAN_POINT('',(20.462273780783,-45.62126633789,
    23.770121523963));
#6345 = CARTESIAN_POINT('',(20.396394476213,-45.65080476612,
    23.844992888124));
#6346 = CARTESIAN_POINT('',(20.327106869384,-45.68173197362,
    23.916241782512));
#6347 = CARTESIAN_POINT('',(20.25497061693,-45.71377404742,
    23.984066132781));
#6348 = CARTESIAN_POINT('',(20.180423028779,-45.74671679736,
    24.048678920703));
#6349 = CARTESIAN_POINT('',(20.103785639283,-45.78040132301,
    24.110301233905));
#6350 = CARTESIAN_POINT('',(19.939550271251,-45.85218737226,
    24.23341068929));
#6351 = CARTESIAN_POINT('',(19.851578553776,-45.89041632291,
    24.294376843272));
#6352 = CARTESIAN_POINT('',(19.761744944214,-45.92921581277,
    24.352253712602));
#6353 = CARTESIAN_POINT('',(19.670350986591,-45.96843935016,
    24.407237915694));
#6354 = CARTESIAN_POINT('',(19.577609891218,-46.00798264112,
    24.459522731475));
#6355 = CARTESIAN_POINT('',(19.483645975253,-46.047781659,
    24.509298076518));
#6356 = CARTESIAN_POINT('',(19.287713878042,-46.13020753804,
    24.607009757476));
#6357 = CARTESIAN_POINT('',(19.18565008998,-46.17284174214,
    24.654638478917));
#6358 = CARTESIAN_POINT('',(19.08250548125,-46.21561528848,
    24.699781413294));
#6359 = CARTESIAN_POINT('',(18.978433937066,-46.25845429271,
    24.742575921168));
#6360 = CARTESIAN_POINT('',(18.873540083715,-46.30130772928,
    24.783152011602));
#6361 = CARTESIAN_POINT('',(18.767878886597,-46.34414613673,
    24.82163239689));
#6362 = CARTESIAN_POINT('',(18.225252777665,-46.56244439939,
    25.007737052733));
#6363 = CARTESIAN_POINT('',(17.774018748137,-46.73841568013,
    25.124834346938));
#6364 = CARTESIAN_POINT('',(17.316065635717,-46.91092837042,
    25.213911093231));
#6365 = CARTESIAN_POINT('',(16.854830745302,-47.07862111441,
    25.278548732329));
#6366 = CARTESIAN_POINT('',(16.391001780852,-47.24129401964,
    25.321121132731));
#6367 = CARTESIAN_POINT('',(15.923431640153,-47.3992746404,
    25.34267312632));
#6368 = CARTESIAN_POINT('',(15.019766210137,-47.69289333742,
    25.34267312632));
#6369 = CARTESIAN_POINT('',(14.589057520539,-47.82779874105,
    25.324740710868));
#6370 = CARTESIAN_POINT('',(14.15820227978,-47.95778815126,
    25.289149876871));
#6371 = CARTESIAN_POINT('',(13.726848530071,-48.0830160014,
    25.235202423819));
#6372 = CARTESIAN_POINT('',(13.295536245428,-48.20331778039,
    25.161320065481));
#6373 = CARTESIAN_POINT('',(12.866667389553,-48.31808944718,
    25.065141036108));
#6374 = CARTESIAN_POINT('',(12.332624340101,-48.45534039909,
    24.91097124753));
#6375 = CARTESIAN_POINT('',(12.219999270407,-48.48395692489,
    24.876463759719));
#6376 = CARTESIAN_POINT('',(12.107855952357,-48.51212688988,
    24.840004516963));
#6377 = CARTESIAN_POINT('',(11.996242656697,-48.53984374948,
    24.801492204867));
#6378 = CARTESIAN_POINT('',(11.885248622475,-48.56709164385,
    24.760818346857));
#6379 = CARTESIAN_POINT('',(11.775004403857,-48.59384642788,
    24.717867245669));
#6380 = CARTESIAN_POINT('',(11.558001056509,-48.64591323365,
    24.627845368989));
#6381 = CARTESIAN_POINT('',(11.45126744048,-48.67122818807,
    24.580868260767));
#6382 = CARTESIAN_POINT('',(11.345502975588,-48.69602627228,
    24.531411017271));
#6383 = CARTESIAN_POINT('',(11.240816941787,-48.72029150397,
    24.479293848295));
#6384 = CARTESIAN_POINT('',(11.137406985448,-48.74398917385,
    24.424330739733));
#6385 = CARTESIAN_POINT('',(11.035559812564,-48.76706780891,
    24.366329436985));
#6386 = CARTESIAN_POINT('',(10.79595556185,-48.82077261757,
    24.219465348444));
#6387 = CARTESIAN_POINT('',(10.660243217093,-48.85070083477,
    24.127628102219));
#6388 = CARTESIAN_POINT('',(10.528918937875,-48.87920793002,
    24.028694377974));
#6389 = CARTESIAN_POINT('',(10.403097802534,-48.90609925559,
    23.92175024433));
#6390 = CARTESIAN_POINT('',(10.284685242841,-48.9310373644,
    23.805921062807));
#6391 = CARTESIAN_POINT('',(10.176454491088,-48.9535397059,
    23.680442402023));
#6392 = CARTESIAN_POINT('',(10.055562201103,-48.97842794686,
    23.506524339728));
#6393 = CARTESIAN_POINT('',(10.030099988957,-48.98365231395,
    23.467497842938));
#6394 = CARTESIAN_POINT('',(10.005837720153,-48.98861481457,
    23.427667721792));
#6395 = CARTESIAN_POINT('',(9.982876895442,-48.99329738154,
    23.387048634542));
#6396 = CARTESIAN_POINT('',(9.961318268714,-48.99768219398,
    23.345656639058));
#6397 = CARTESIAN_POINT('',(9.941261846992,-49.00175167725,
    23.303509192824));
#6398 = CARTESIAN_POINT('',(9.913384574722,-49.00739636721,
    23.23873038654));
#6399 = CARTESIAN_POINT('',(9.904382046773,-49.00921702839,
    23.216649329186));
#6400 = CARTESIAN_POINT('',(9.895813692562,-49.01094793332,
    23.194387638728));
#6401 = CARTESIAN_POINT('',(9.887693492453,-49.01258659926,
    23.171952098084));
#6402 = CARTESIAN_POINT('',(9.880035021189,-49.01413061392,
    23.14935061524));
#6403 = CARTESIAN_POINT('',(9.872851447902,-49.01557763547,
    23.126592223251));
#6404 = CARTESIAN_POINT('',(9.852120671843,-49.01975033825,
    23.055677103003));
#6405 = CARTESIAN_POINT('',(9.840217540794,-49.02214122964,
    23.006987544358));
#6406 = CARTESIAN_POINT('',(9.830578177065,-49.02407441476,
    22.957749868155));
#6407 = CARTESIAN_POINT('',(9.823302421232,-49.02553202686,
    22.908095940242));
#6408 = CARTESIAN_POINT('',(9.818457920336,-49.0265019844,
    22.858158028465));
#6409 = CARTESIAN_POINT('',(9.816080127887,-49.02697799101,
    22.808068802669));
#6410 = CARTESIAN_POINT('',(9.816269107359,-49.02694015356,
    22.705338313375));
#6411 = CARTESIAN_POINT('',(9.819090011429,-49.02637545371,
    22.652750200707));
#6412 = CARTESIAN_POINT('',(9.824628307092,-49.02526653556,
    22.600348400015));
#6413 = CARTESIAN_POINT('',(9.832839000665,-49.02362138585,22.5482837776
    ));
#6414 = CARTESIAN_POINT('',(9.843638813764,-49.02145487847,
    22.496706662736));
#6415 = CARTESIAN_POINT('',(9.856906183301,-49.01878877448,
    22.445766847676));
#6416 = CARTESIAN_POINT('',(9.880631198963,-49.01401020347,
    22.369369999742));
#6417 = CARTESIAN_POINT('',(9.889415622785,-49.0122392507,
    22.343333384421));
#6418 = CARTESIAN_POINT('',(9.898815691939,-49.01034218317,
    22.31751464589));
#6419 = CARTESIAN_POINT('',(9.90881140294,-49.00832254073,
    22.291924552824));
#6420 = CARTESIAN_POINT('',(9.919381589835,-49.00618408369,
    22.266573738365));
#6421 = CARTESIAN_POINT('',(9.930503924196,-49.00393079279,
    22.241472700129));
#6422 = CARTESIAN_POINT('',(9.965690998104,-48.99679152435,
    22.166450876923));
#6423 = CARTESIAN_POINT('',(9.991374475002,-48.9915668499,
    22.117352740434));
#6424 = CARTESIAN_POINT('',(10.019039998254,-48.98592163843,
    22.069353946505));
#6425 = CARTESIAN_POINT('',(10.04852506994,-48.97988437817,
    22.02246825825));
#6426 = CARTESIAN_POINT('',(10.079670041788,-48.97348325301,
    21.976706646125));
#6427 = CARTESIAN_POINT('',(10.112318115177,-48.96674614254,
    21.93207728792));
#6428 = CARTESIAN_POINT('',(10.146315341134,-48.95970062202,
    21.888585568769));
#6429 = PCURVE('',#4427,#6430);
#6430 = DEFINITIONAL_REPRESENTATION('',(#6431),#6554);
#6431 = B_SPLINE_CURVE_WITH_KNOTS('',7,(#6432,#6433,#6434,#6435,#6436,
    #6437,#6438,#6439,#6440,#6441,#6442,#6443,#6444,#6445,#6446,#6447,
    #6448,#6449,#6450,#6451,#6452,#6453,#6454,#6455,#6456,#6457,#6458,
    #6459,#6460,#6461,#6462,#6463,#6464,#6465,#6466,#6467,#6468,#6469,
    #6470,#6471,#6472,#6473,#6474,#6475,#6476,#6477,#6478,#6479,#6480,
    #6481,#6482,#6483,#6484,#6485,#6486,#6487,#6488,#6489,#6490,#6491,
    #6492,#6493,#6494,#6495,#6496,#6497,#6498,#6499,#6500,#6501,#6502,
    #6503,#6504,#6505,#6506,#6507,#6508,#6509,#6510,#6511,#6512,#6513,
    #6514,#6515,#6516,#6517,#6518,#6519,#6520,#6521,#6522,#6523,#6524,
    #6525,#6526,#6527,#6528,#6529,#6530,#6531,#6532,#6533,#6534,#6535,
    #6536,#6537,#6538,#6539,#6540,#6541,#6542,#6543,#6544,#6545,#6546,
    #6547,#6548,#6549,#6550,#6551,#6552,#6553),.UNSPECIFIED.,.F.,.F.,(8,
    6,6,6,6,6,6,6,6,6,6,6,6,6,6,6,6,6,6,6,8),(0.,2.502886244779E-02,
    3.741881116412E-02,6.109684251957E-02,7.842109464625E-02,
    9.927154859892E-02,0.127457817687,0.174154094529,0.225135889333,
    0.279133321594,0.500454578096,0.70234114942,0.75658401954,
    0.810012654343,0.884719272955,0.905753416936,0.916492556023,
    0.939002165457,0.962641828468,0.975011703806,1.),.UNSPECIFIED.);
#6432 = CARTESIAN_POINT('',(5.136362025515,21.888585568769));
#6433 = CARTESIAN_POINT('',(5.137056417139,21.932077262443));
#6434 = CARTESIAN_POINT('',(5.13772313615,21.97670664516));
#6435 = CARTESIAN_POINT('',(5.138359055584,22.022468281185));
#6436 = CARTESIAN_POINT('',(5.13896099156,22.069353967828));
#6437 = CARTESIAN_POINT('',(5.13952570328,22.11735273544));
#6438 = CARTESIAN_POINT('',(5.14004989303,22.166450847417));
#6439 = CARTESIAN_POINT('',(5.140767973886,22.24147269869));
#6440 = CARTESIAN_POINT('',(5.140994939648,22.266573738245));
#6441 = CARTESIAN_POINT('',(5.141210626318,22.291924554028));
#6442 = CARTESIAN_POINT('',(5.141414580416,22.317514647061));
#6443 = CARTESIAN_POINT('',(5.141606372125,22.343333384216));
#6444 = CARTESIAN_POINT('',(5.141785595298,22.369369998219));
#6445 = CARTESIAN_POINT('',(5.1422696248,22.445766864924));
#6446 = CARTESIAN_POINT('',(5.1425402767,22.496706664177));
#6447 = CARTESIAN_POINT('',(5.142760576133,22.548283763122));
#6448 = CARTESIAN_POINT('',(5.142928053837,22.600348385891));
#6449 = CARTESIAN_POINT('',(5.143041018304,22.65275020303));
#6450 = CARTESIAN_POINT('',(5.143098555782,22.705338331505));
#6451 = CARTESIAN_POINT('',(5.143101974934,22.796463444999));
#6452 = CARTESIAN_POINT('',(5.143073674712,22.834961921661));
#6453 = CARTESIAN_POINT('',(5.143015639247,22.873393350869));
#6454 = CARTESIAN_POINT('',(5.142928120714,22.911694419362));
#6455 = CARTESIAN_POINT('',(5.142811613828,22.949801914429));
#6456 = CARTESIAN_POINT('',(5.142666855843,22.98765272391));
#6457 = CARTESIAN_POINT('',(5.142287782191,23.070354082089));
#6458 = CARTESIAN_POINT('',(5.142041307593,23.11504538231));
#6459 = CARTESIAN_POINT('',(5.141756935916,23.159197667858));
#6460 = CARTESIAN_POINT('',(5.141436429435,23.202751833383));
#6461 = CARTESIAN_POINT('',(5.141081779544,23.245649737188));
#6462 = CARTESIAN_POINT('',(5.140695206757,23.287834201227));
#6463 = CARTESIAN_POINT('',(5.139716737179,23.385234793386));
#6464 = CARTESIAN_POINT('',(5.139100407057,23.439818678719));
#6465 = CARTESIAN_POINT('',(5.138434921105,23.492988929008));
#6466 = CARTESIAN_POINT('',(5.13772486351,23.544738176239));
#6467 = CARTESIAN_POINT('',(5.136974651884,23.595063422487));
#6468 = CARTESIAN_POINT('',(5.136188537267,23.643966039909));
#6469 = CARTESIAN_POINT('',(5.134015531815,23.770121523963));
#6470 = CARTESIAN_POINT('',(5.132571566447,23.844992888124));
#6471 = CARTESIAN_POINT('',(5.131054037123,23.916241782512));
#6472 = CARTESIAN_POINT('',(5.129475392782,23.984066132781));
#6473 = CARTESIAN_POINT('',(5.127845358859,24.048678920703));
#6474 = CARTESIAN_POINT('',(5.126171093945,24.110301233905));
#6475 = CARTESIAN_POINT('',(5.122586320983,24.23341068929));
#6476 = CARTESIAN_POINT('',(5.120667943175,24.294376843272));
#6477 = CARTESIAN_POINT('',(5.118710863612,24.352253712602));
#6478 = CARTESIAN_POINT('',(5.116721768864,24.407237915694));
#6479 = CARTESIAN_POINT('',(5.114705387031,24.459522731475));
#6480 = CARTESIAN_POINT('',(5.112664493297,24.509298076518));
#6481 = CARTESIAN_POINT('',(5.108413215265,24.607009757476));
#6482 = CARTESIAN_POINT('',(5.106201011487,24.654638478917));
#6483 = CARTESIAN_POINT('',(5.103967784785,24.699781413294));
#6484 = CARTESIAN_POINT('',(5.101716926387,24.742575921168));
#6485 = CARTESIAN_POINT('',(5.099450740948,24.783152011602));
#6486 = CARTESIAN_POINT('',(5.097170449389,24.82163239689));
#6487 = CARTESIAN_POINT('',(5.085472633771,25.007737052733));
#6488 = CARTESIAN_POINT('',(5.075786531505,25.124834346938));
#6489 = CARTESIAN_POINT('',(5.066000218301,25.213911093231));
#6490 = CARTESIAN_POINT('',(5.056185901698,25.278548732329));
#6491 = CARTESIAN_POINT('',(5.046356372868,25.321121132731));
#6492 = CARTESIAN_POINT('',(5.036486286508,25.34267312632));
#6493 = CARTESIAN_POINT('',(5.017482885248,25.34267312632));
#6494 = CARTESIAN_POINT('',(5.008456562065,25.324740710868));
#6495 = CARTESIAN_POINT('',(4.999456599608,25.289149876871));
#6496 = CARTESIAN_POINT('',(4.990474226423,25.235202423819));
#6497 = CARTESIAN_POINT('',(4.981519508407,25.161320065481));
#6498 = CARTESIAN_POINT('',(4.972640736122,25.065141036108));
#6499 = CARTESIAN_POINT('',(4.96161277525,24.91097124753));
#6500 = CARTESIAN_POINT('',(4.959288708894,24.876463759719));
#6501 = CARTESIAN_POINT('',(4.956976176722,24.840004516963));
#6502 = CARTESIAN_POINT('',(4.954676126272,24.801492204867));
#6503 = CARTESIAN_POINT('',(4.952390346142,24.760818346857));
#6504 = CARTESIAN_POINT('',(4.950121468111,24.717867245669));
#6505 = CARTESIAN_POINT('',(4.94565822243,24.627845368989));
#6506 = CARTESIAN_POINT('',(4.94346433724,24.580868260767));
#6507 = CARTESIAN_POINT('',(4.941291694433,24.531411017271));
#6508 = CARTESIAN_POINT('',(4.939142477304,24.479293848295));
#6509 = CARTESIAN_POINT('',(4.93702067696,24.424330739733));
#6510 = CARTESIAN_POINT('',(4.934932097583,24.366329436985));
#6511 = CARTESIAN_POINT('',(4.930021113835,24.219465348444));
#6512 = CARTESIAN_POINT('',(4.927241666941,24.127628102219));
#6513 = CARTESIAN_POINT('',(4.924554035454,24.028694377974));
#6514 = CARTESIAN_POINT('',(4.921980801955,23.92175024433));
#6515 = CARTESIAN_POINT('',(4.919560613796,23.805921062807));
#6516 = CARTESIAN_POINT('',(4.917349712995,23.680442402023));
#6517 = CARTESIAN_POINT('',(4.914881161167,23.506524339728));
#6518 = CARTESIAN_POINT('',(4.914361308121,23.467497842938));
#6519 = CARTESIAN_POINT('',(4.913866016797,23.427667721792));
#6520 = CARTESIAN_POINT('',(4.913397348215,23.387048634542));
#6521 = CARTESIAN_POINT('',(4.912957347858,23.345656639058));
#6522 = CARTESIAN_POINT('',(4.912548045678,23.303509192824));
#6523 = CARTESIAN_POINT('',(4.911979185472,23.23873038654));
#6524 = CARTESIAN_POINT('',(4.911795489732,23.216649329186));
#6525 = CARTESIAN_POINT('',(4.911620660993,23.194387638728));
#6526 = CARTESIAN_POINT('',(4.911454983148,23.171952098084));
#6527 = CARTESIAN_POINT('',(4.911298731862,23.14935061524));
#6528 = CARTESIAN_POINT('',(4.911152174576,23.126592223251));
#6529 = CARTESIAN_POINT('',(4.910729243601,23.055677103003));
#6530 = CARTESIAN_POINT('',(4.91048642607,23.006987544358));
#6531 = CARTESIAN_POINT('',(4.910289800007,22.957749868155));
#6532 = CARTESIAN_POINT('',(4.910141393478,22.908095940242));
#6533 = CARTESIAN_POINT('',(4.910042580511,22.858158028465));
#6534 = CARTESIAN_POINT('',(4.909994081103,22.808068802669));
#6535 = CARTESIAN_POINT('',(4.909997935706,22.705338313375));
#6536 = CARTESIAN_POINT('',(4.910055473135,22.652750200707));
#6537 = CARTESIAN_POINT('',(4.910168437584,22.600348400015));
#6538 = CARTESIAN_POINT('',(4.910335915331,22.5482837776));
#6539 = CARTESIAN_POINT('',(4.910556214847,22.496706662736));
#6540 = CARTESIAN_POINT('',(4.910826866797,22.445766847676));
#6541 = CARTESIAN_POINT('',(4.91131089618,22.369369999742));
#6542 = CARTESIAN_POINT('',(4.911490119363,22.343333384421));
#6543 = CARTESIAN_POINT('',(4.911681911082,22.31751464589));
#6544 = CARTESIAN_POINT('',(4.911885865178,22.291924552824));
#6545 = CARTESIAN_POINT('',(4.912101551836,22.266573738365));
#6546 = CARTESIAN_POINT('',(4.912328517588,22.241472700129));
#6547 = CARTESIAN_POINT('',(4.913046598175,22.166450876923));
#6548 = CARTESIAN_POINT('',(4.913570788232,22.117352740434));
#6549 = CARTESIAN_POINT('',(4.914135500229,22.069353946505));
#6550 = CARTESIAN_POINT('',(4.914737436155,22.02246825825));
#6551 = CARTESIAN_POINT('',(4.915373355237,21.976706646125));
#6552 = CARTESIAN_POINT('',(4.916040073941,21.93207728792));
#6553 = CARTESIAN_POINT('',(4.916734465972,21.888585568769));
#6554 = ( GEOMETRIC_REPRESENTATION_CONTEXT(2) 
PARAMETRIC_REPRESENTATION_CONTEXT() REPRESENTATION_CONTEXT('2D SPACE',''
  ) );
#6555 = PCURVE('',#6556,#6561);
#6556 = CYLINDRICAL_SURFACE('',#6557,10.);
#6557 = AXIS2_PLACEMENT_3D('',#6558,#6559,#6560);
#6558 = CARTESIAN_POINT('',(-10.09577434383,-66.01136518388,
    22.760142996245));
#6559 = DIRECTION('',(0.951056516295,0.309016994375,0.));
#6560 = DIRECTION('',(-0.307841091417,0.947437459119,-8.715574274766E-02
    ));
#6561 = DEFINITIONAL_REPRESENTATION('',(#6562),#6685);
#6562 = B_SPLINE_CURVE_WITH_KNOTS('',7,(#6563,#6564,#6565,#6566,#6567,
    #6568,#6569,#6570,#6571,#6572,#6573,#6574,#6575,#6576,#6577,#6578,
    #6579,#6580,#6581,#6582,#6583,#6584,#6585,#6586,#6587,#6588,#6589,
    #6590,#6591,#6592,#6593,#6594,#6595,#6596,#6597,#6598,#6599,#6600,
    #6601,#6602,#6603,#6604,#6605,#6606,#6607,#6608,#6609,#6610,#6611,
    #6612,#6613,#6614,#6615,#6616,#6617,#6618,#6619,#6620,#6621,#6622,
    #6623,#6624,#6625,#6626,#6627,#6628,#6629,#6630,#6631,#6632,#6633,
    #6634,#6635,#6636,#6637,#6638,#6639,#6640,#6641,#6642,#6643,#6644,
    #6645,#6646,#6647,#6648,#6649,#6650,#6651,#6652,#6653,#6654,#6655,
    #6656,#6657,#6658,#6659,#6660,#6661,#6662,#6663,#6664,#6665,#6666,
    #6667,#6668,#6669,#6670,#6671,#6672,#6673,#6674,#6675,#6676,#6677,
    #6678,#6679,#6680,#6681,#6682,#6683,#6684),.UNSPECIFIED.,.F.,.F.,(8,
    6,6,6,6,6,6,6,6,6,6,6,6,6,6,6,6,6,6,6,8),(0.,2.502886244779E-02,
    3.741881116412E-02,6.109684251957E-02,7.842109464625E-02,
    9.927154859892E-02,0.127457817687,0.174154094529,0.225135889333,
    0.279133321594,0.500454578096,0.70234114942,0.75658401954,
    0.810012654343,0.884719272955,0.905753416936,0.916492556023,
    0.939002165457,0.962641828468,0.975011703806,1.),.UNSPECIFIED.);
#6563 = CARTESIAN_POINT('',(0.,35.479945850608));
#6564 = CARTESIAN_POINT('',(4.365782487885E-03,35.514456299249));
#6565 = CARTESIAN_POINT('',(8.843825296236E-03,35.547588359073));
#6566 = CARTESIAN_POINT('',(1.343353304285E-02,35.57918706144));
#6567 = CARTESIAN_POINT('',(1.813406584051E-02,35.609094649495));
#6568 = CARTESIAN_POINT('',(2.294433929698E-02,35.637150578169));
#6569 = CARTESIAN_POINT('',(2.786302451499E-02,35.663191514177));
#6570 = CARTESIAN_POINT('',(3.537631514621E-02,35.698862578726));
#6571 = CARTESIAN_POINT('',(3.788974173305E-02,35.710136852995));
#6572 = CARTESIAN_POINT('',(4.042780052689E-02,35.72085051828));
#6573 = CARTESIAN_POINT('',(4.298945370012E-02,35.730981108281));
#6574 = CARTESIAN_POINT('',(4.557365292346E-02,35.74050733094));
#6575 = CARTESIAN_POINT('',(4.81793393659E-02,35.749409068441));
#6576 = CARTESIAN_POINT('',(5.582410697299E-02,35.773449564745));
#6577 = CARTESIAN_POINT('',(6.092039549959E-02,35.786891452001));
#6578 = CARTESIAN_POINT('',(6.60795412348E-02,35.797832168106));
#6579 = CARTESIAN_POINT('',(7.128674645247E-02,35.806149378794));
#6580 = CARTESIAN_POINT('',(7.652718374008E-02,35.811759286405));
#6581 = CARTESIAN_POINT('',(8.178599599874E-02,35.814616629893));
#6582 = CARTESIAN_POINT('',(9.089850756499E-02,35.814786427621));
#6583 = CARTESIAN_POINT('',(9.474834973247E-02,35.813381018664));
#6584 = CARTESIAN_POINT('',(9.859157918057E-02,35.81049893331));
#6585 = CARTESIAN_POINT('',(0.102421956605,35.806152663194));
#6586 = CARTESIAN_POINT('',(0.106233247164,35.800366716229));
#6587 = CARTESIAN_POINT('',(0.110019220474,35.793177616604));
#6588 = CARTESIAN_POINT('',(0.118292262569,35.77435119425));
#6589 = CARTESIAN_POINT('',(0.122763593337,35.762109929686));
#6590 = CARTESIAN_POINT('',(0.12718176422,35.747986033596));
#6591 = CARTESIAN_POINT('',(0.131540969509,35.732066792771));
#6592 = CARTESIAN_POINT('',(0.135835476475,35.714450858289));
#6593 = CARTESIAN_POINT('',(0.140059625374,35.695248245515));
#6594 = CARTESIAN_POINT('',(0.149815496141,35.646640831492));
#6595 = CARTESIAN_POINT('',(0.155284841291,35.616021333903));
#6596 = CARTESIAN_POINT('',(0.160614780813,35.582957096698));
#6597 = CARTESIAN_POINT('',(0.165804621869,35.547675170301));
#6598 = CARTESIAN_POINT('',(0.170854062862,35.510394400195));
#6599 = CARTESIAN_POINT('',(0.175763193443,35.471325426924));
#6600 = CARTESIAN_POINT('',(0.188433809926,35.363317854579));
#6601 = CARTESIAN_POINT('',(0.195960444757,35.291535036367));
#6602 = CARTESIAN_POINT('',(0.203129696876,35.216081573688));
#6603 = CARTESIAN_POINT('',(0.209960932122,35.13757437539));
#6604 = CARTESIAN_POINT('',(0.216474961327,35.056495536334));
#6605 = CARTESIAN_POINT('',(0.222693417331,34.973199956789));
#6606 = CARTESIAN_POINT('',(0.2351284187,34.794819730638));
#6607 = CARTESIAN_POINT('',(0.241293464866,34.699340260054));
#6608 = CARTESIAN_POINT('',(0.247152643665,34.601913718558));
#6609 = CARTESIAN_POINT('',(0.252725026562,34.502872159979));
#6610 = CARTESIAN_POINT('',(0.258029404809,34.402450587976));
#6611 = CARTESIAN_POINT('',(0.263084310927,34.300787020517));
#6612 = CARTESIAN_POINT('',(0.273017099104,34.088973525313));
#6613 = CARTESIAN_POINT('',(0.27786431388,33.97873040099));
#6614 = CARTESIAN_POINT('',(0.282463589838,33.867416296009));
#6615 = CARTESIAN_POINT('',(0.286828154121,33.755200395421));
#6616 = CARTESIAN_POINT('',(0.29097056146,33.642197972507));
#6617 = CARTESIAN_POINT('',(0.294902699932,33.528470406552));
#6618 = CARTESIAN_POINT('',(0.313936777543,32.944944436737));
#6619 = CARTESIAN_POINT('',(0.325971663399,32.461417256309));
#6620 = CARTESIAN_POINT('',(0.335160060206,31.972568611539));
#6621 = CARTESIAN_POINT('',(0.341842232875,31.482088255744));
#6622 = CARTESIAN_POINT('',(0.346249036665,30.990692004412));
#6623 = CARTESIAN_POINT('',(0.348479896819,30.49718767868));
#6624 = CARTESIAN_POINT('',(0.348479896819,29.547017615668));
#6625 = CARTESIAN_POINT('',(0.346623638932,29.095701247445));
#6626 = CARTESIAN_POINT('',(0.342939726374,28.6457646263));
#6627 = CARTESIAN_POINT('',(0.337361204876,28.196825297948));
#6628 = CARTESIAN_POINT('',(0.329736257614,27.749447644918));
#6629 = CARTESIAN_POINT('',(0.31984002936,27.306102729391));
#6630 = CARTESIAN_POINT('',(0.304041856562,26.755784730593));
#6631 = CARTESIAN_POINT('',(0.300508708322,26.639828931372));
#6632 = CARTESIAN_POINT('',(0.296779007992,26.524469300066));
#6633 = CARTESIAN_POINT('',(0.292842969497,26.409753767279));
#6634 = CARTESIAN_POINT('',(0.288690144607,26.295772105339));
#6635 = CARTESIAN_POINT('',(0.284309419716,26.182655939893));
#6636 = CARTESIAN_POINT('',(0.275137962103,25.960183964514));
#6637 = CARTESIAN_POINT('',(0.270356628547,25.850851512355));
#6638 = CARTESIAN_POINT('',(0.265328026084,25.74260049938));
#6639 = CARTESIAN_POINT('',(0.260034646766,25.635539795801));
#6640 = CARTESIAN_POINT('',(0.254458444517,25.529868100256));
#6641 = CARTESIAN_POINT('',(0.248580819063,25.425873992379));
#6642 = CARTESIAN_POINT('',(0.233715936405,25.181401109847));
#6643 = CARTESIAN_POINT('',(0.224434309299,25.043082672299));
#6644 = CARTESIAN_POINT('',(0.214450559167,24.909376683909));
#6645 = CARTESIAN_POINT('',(0.203675110506,24.781403796653));
#6646 = CARTESIAN_POINT('',(0.192022770047,24.661080460715));
#6647 = CARTESIAN_POINT('',(0.179419087535,24.551193293059));
#6648 = CARTESIAN_POINT('',(0.161973502389,24.428527003482));
#6649 = CARTESIAN_POINT('',(0.15806013306,24.402696582487));
#6650 = CARTESIAN_POINT('',(0.154067512815,24.378088296616));
#6651 = CARTESIAN_POINT('',(0.149997104534,24.354804261884));
#6652 = CARTESIAN_POINT('',(0.145850492113,24.332945807891));
#6653 = CARTESIAN_POINT('',(0.141629380464,24.31261347783));
#6654 = CARTESIAN_POINT('',(0.135143371587,24.284356311254));
#6655 = CARTESIAN_POINT('',(0.132932776131,24.275231783138));
#6656 = CARTESIAN_POINT('',(0.130704366968,24.266547914995));
#6657 = CARTESIAN_POINT('',(0.128458812849,24.258318770144));
#6658 = CARTESIAN_POINT('',(0.126196893458,24.250558004374));
#6659 = CARTESIAN_POINT('',(0.123919499408,24.243278865938));
#6660 = CARTESIAN_POINT('',(0.116823798885,24.222273290207));
#6661 = CARTESIAN_POINT('',(0.111952898702,24.210213913788));
#6662 = CARTESIAN_POINT('',(0.107027937192,24.200448947047));
#6663 = CARTESIAN_POINT('',(0.102061940097,24.19307886514));
#6664 = CARTESIAN_POINT('',(9.70679534069E-02,24.188171737633));
#6665 = CARTESIAN_POINT('',(9.205904335962E-02,24.185763228496));
#6666 = CARTESIAN_POINT('',(8.17859941857E-02,24.185954651068));
#6667 = CARTESIAN_POINT('',(7.65271835082E-02,24.188811992118));
#6668 = CARTESIAN_POINT('',(7.128674786555E-02,24.194421898851));
#6669 = CARTESIAN_POINT('',(6.607954268272E-02,24.202739111695));
#6670 = CARTESIAN_POINT('',(6.092039535481E-02,24.213679831916));
#6671 = CARTESIAN_POINT('',(5.582410524704E-02,24.22712172161));
#6672 = CARTESIAN_POINT('',(4.81793395183E-02,24.251162212007));
#6673 = CARTESIAN_POINT('',(4.557365294395E-02,24.260063950026));
#6674 = CARTESIAN_POINT('',(4.298945358295E-02,24.269590173153));
#6675 = CARTESIAN_POINT('',(4.042780040638E-02,24.279720763072));
#6676 = CARTESIAN_POINT('',(3.788974174521E-02,24.290434427766));
#6677 = CARTESIAN_POINT('',(3.537631529027E-02,24.301708701517));
#6678 = CARTESIAN_POINT('',(2.786302746996E-02,24.337379752721));
#6679 = CARTESIAN_POINT('',(2.294433979448E-02,24.363420703983));
#6680 = CARTESIAN_POINT('',(1.813406370154E-02,24.391476646429));
#6681 = CARTESIAN_POINT('',(1.343353074487E-02,24.42138423201));
#6682 = CARTESIAN_POINT('',(8.843825396211E-03,24.452982916893));
#6683 = CARTESIAN_POINT('',(4.365785045327E-03,24.486114961463));
#6684 = CARTESIAN_POINT('',(0.,24.520625430319));
#6685 = ( GEOMETRIC_REPRESENTATION_CONTEXT(2) 
PARAMETRIC_REPRESENTATION_CONTEXT() REPRESENTATION_CONTEXT('2D SPACE',''
  ) );
#6686 = ADVANCED_FACE('',(#6687),#4473,.F.);
#6687 = FACE_BOUND('',#6688,.F.);
#6688 = EDGE_LOOP('',(#6689,#6719,#6747,#6775,#6796,#6797,#6798));
#6689 = ORIENTED_EDGE('',*,*,#6690,.F.);
#6690 = EDGE_CURVE('',#6691,#6693,#6695,.T.);
#6691 = VERTEX_POINT('',#6692);
#6692 = CARTESIAN_POINT('',(51.442352713715,-20.,1.964691606934));
#6693 = VERTEX_POINT('',#6694);
#6694 = CARTESIAN_POINT('',(49.699237858762,-20.,21.888585568769));
#6695 = SURFACE_CURVE('',#6696,(#6700,#6707),.PCURVE_S1.);
#6696 = LINE('',#6697,#6698);
#6697 = CARTESIAN_POINT('',(52.313910141191,-20.,-7.997255373984));
#6698 = VECTOR('',#6699,1.);
#6699 = DIRECTION('',(-8.715574274766E-02,0.,0.996194698092));
#6700 = PCURVE('',#4473,#6701);
#6701 = DEFINITIONAL_REPRESENTATION('',(#6702),#6706);
#6702 = LINE('',#6703,#6704);
#6703 = CARTESIAN_POINT('',(0.,-10.));
#6704 = VECTOR('',#6705,1.);
#6705 = DIRECTION('',(1.,0.));
#6706 = ( GEOMETRIC_REPRESENTATION_CONTEXT(2) 
PARAMETRIC_REPRESENTATION_CONTEXT() REPRESENTATION_CONTEXT('2D SPACE',''
  ) );
#6707 = PCURVE('',#6708,#6713);
#6708 = CYLINDRICAL_SURFACE('',#6709,10.);
#6709 = AXIS2_PLACEMENT_3D('',#6710,#6711,#6712);
#6710 = CARTESIAN_POINT('',(62.275857122109,-20.,-7.125697946507));
#6711 = DIRECTION('',(-8.715574274766E-02,0.,0.996194698092));
#6712 = DIRECTION('',(-0.996194698092,0.,-8.715574274766E-02));
#6713 = DEFINITIONAL_REPRESENTATION('',(#6714),#6718);
#6714 = LINE('',#6715,#6716);
#6715 = CARTESIAN_POINT('',(0.,0.));
#6716 = VECTOR('',#6717,1.);
#6717 = DIRECTION('',(0.,1.));
#6718 = ( GEOMETRIC_REPRESENTATION_CONTEXT(2) 
PARAMETRIC_REPRESENTATION_CONTEXT() REPRESENTATION_CONTEXT('2D SPACE',''
  ) );
#6719 = ORIENTED_EDGE('',*,*,#6720,.T.);
#6720 = EDGE_CURVE('',#6691,#6721,#6723,.T.);
#6721 = VERTEX_POINT('',#6722);
#6722 = CARTESIAN_POINT('',(51.442352713715,20.,1.964691606934));
#6723 = SURFACE_CURVE('',#6724,(#6728,#6735),.PCURVE_S1.);
#6724 = LINE('',#6725,#6726);
#6725 = CARTESIAN_POINT('',(51.442352713715,-30.,1.964691606934));
#6726 = VECTOR('',#6727,1.);
#6727 = DIRECTION('',(0.,1.,0.));
#6728 = PCURVE('',#4473,#6729);
#6729 = DEFINITIONAL_REPRESENTATION('',(#6730),#6734);
#6730 = LINE('',#6731,#6732);
#6731 = CARTESIAN_POINT('',(10.,0.));
#6732 = VECTOR('',#6733,1.);
#6733 = DIRECTION('',(0.,-1.));
#6734 = ( GEOMETRIC_REPRESENTATION_CONTEXT(2) 
PARAMETRIC_REPRESENTATION_CONTEXT() REPRESENTATION_CONTEXT('2D SPACE',''
  ) );
#6735 = PCURVE('',#6736,#6741);
#6736 = CYLINDRICAL_SURFACE('',#6737,10.);
#6737 = AXIS2_PLACEMENT_3D('',#6738,#6739,#6740);
#6738 = CARTESIAN_POINT('',(61.404299694632,-30.,2.83624903441));
#6739 = DIRECTION('',(0.,1.,0.));
#6740 = DIRECTION('',(-0.996194698092,0.,-8.715574274766E-02));
#6741 = DEFINITIONAL_REPRESENTATION('',(#6742),#6746);
#6742 = LINE('',#6743,#6744);
#6743 = CARTESIAN_POINT('',(-0.,0.));
#6744 = VECTOR('',#6745,1.);
#6745 = DIRECTION('',(-0.,1.));
#6746 = ( GEOMETRIC_REPRESENTATION_CONTEXT(2) 
PARAMETRIC_REPRESENTATION_CONTEXT() REPRESENTATION_CONTEXT('2D SPACE',''
  ) );
#6747 = ORIENTED_EDGE('',*,*,#6748,.T.);
#6748 = EDGE_CURVE('',#6721,#6749,#6751,.T.);
#6749 = VERTEX_POINT('',#6750);
#6750 = CARTESIAN_POINT('',(49.699237858762,20.,21.888585568769));
#6751 = SURFACE_CURVE('',#6752,(#6756,#6763),.PCURVE_S1.);
#6752 = LINE('',#6753,#6754);
#6753 = CARTESIAN_POINT('',(52.313910141191,20.,-7.997255373984));
#6754 = VECTOR('',#6755,1.);
#6755 = DIRECTION('',(-8.715574274766E-02,0.,0.996194698092));
#6756 = PCURVE('',#4473,#6757);
#6757 = DEFINITIONAL_REPRESENTATION('',(#6758),#6762);
#6758 = LINE('',#6759,#6760);
#6759 = CARTESIAN_POINT('',(0.,-50.));
#6760 = VECTOR('',#6761,1.);
#6761 = DIRECTION('',(1.,0.));
#6762 = ( GEOMETRIC_REPRESENTATION_CONTEXT(2) 
PARAMETRIC_REPRESENTATION_CONTEXT() REPRESENTATION_CONTEXT('2D SPACE',''
  ) );
#6763 = PCURVE('',#6764,#6769);
#6764 = CYLINDRICAL_SURFACE('',#6765,10.);
#6765 = AXIS2_PLACEMENT_3D('',#6766,#6767,#6768);
#6766 = CARTESIAN_POINT('',(62.275857122109,20.,-7.125697946507));
#6767 = DIRECTION('',(-8.715574274766E-02,0.,0.996194698092));
#6768 = DIRECTION('',(-0.996194698092,0.,-8.715574274766E-02));
#6769 = DEFINITIONAL_REPRESENTATION('',(#6770),#6774);
#6770 = LINE('',#6771,#6772);
#6771 = CARTESIAN_POINT('',(-0.,0.));
#6772 = VECTOR('',#6773,1.);
#6773 = DIRECTION('',(-0.,1.));
#6774 = ( GEOMETRIC_REPRESENTATION_CONTEXT(2) 
PARAMETRIC_REPRESENTATION_CONTEXT() REPRESENTATION_CONTEXT('2D SPACE',''
  ) );
#6775 = ORIENTED_EDGE('',*,*,#6776,.F.);
#6776 = EDGE_CURVE('',#4723,#6749,#6777,.T.);
#6777 = SURFACE_CURVE('',#6778,(#6782,#6789),.PCURVE_S1.);
#6778 = LINE('',#6779,#6780);
#6779 = CARTESIAN_POINT('',(49.699237858762,-30.,21.888585568769));
#6780 = VECTOR('',#6781,1.);
#6781 = DIRECTION('',(0.,1.,0.));
#6782 = PCURVE('',#4473,#6783);
#6783 = DEFINITIONAL_REPRESENTATION('',(#6784),#6788);
#6784 = LINE('',#6785,#6786);
#6785 = CARTESIAN_POINT('',(30.,0.));
#6786 = VECTOR('',#6787,1.);
#6787 = DIRECTION('',(0.,-1.));
#6788 = ( GEOMETRIC_REPRESENTATION_CONTEXT(2) 
PARAMETRIC_REPRESENTATION_CONTEXT() REPRESENTATION_CONTEXT('2D SPACE',''
  ) );
#6789 = PCURVE('',#4625,#6790);
#6790 = DEFINITIONAL_REPRESENTATION('',(#6791),#6795);
#6791 = LINE('',#6792,#6793);
#6792 = CARTESIAN_POINT('',(0.,0.));
#6793 = VECTOR('',#6794,1.);
#6794 = DIRECTION('',(0.,1.));
#6795 = ( GEOMETRIC_REPRESENTATION_CONTEXT(2) 
PARAMETRIC_REPRESENTATION_CONTEXT() REPRESENTATION_CONTEXT('2D SPACE',''
  ) );
#6796 = ORIENTED_EDGE('',*,*,#4931,.F.);
#6797 = ORIENTED_EDGE('',*,*,#4451,.F.);
#6798 = ORIENTED_EDGE('',*,*,#6799,.F.);
#6799 = EDGE_CURVE('',#6693,#4452,#6800,.T.);
#6800 = SURFACE_CURVE('',#6801,(#6805,#6812),.PCURVE_S1.);
#6801 = LINE('',#6802,#6803);
#6802 = CARTESIAN_POINT('',(49.699237858762,-30.,21.888585568769));
#6803 = VECTOR('',#6804,1.);
#6804 = DIRECTION('',(0.,1.,0.));
#6805 = PCURVE('',#4473,#6806);
#6806 = DEFINITIONAL_REPRESENTATION('',(#6807),#6811);
#6807 = LINE('',#6808,#6809);
#6808 = CARTESIAN_POINT('',(30.,0.));
#6809 = VECTOR('',#6810,1.);
#6810 = DIRECTION('',(0.,-1.));
#6811 = ( GEOMETRIC_REPRESENTATION_CONTEXT(2) 
PARAMETRIC_REPRESENTATION_CONTEXT() REPRESENTATION_CONTEXT('2D SPACE',''
  ) );
#6812 = PCURVE('',#4625,#6813);
#6813 = DEFINITIONAL_REPRESENTATION('',(#6814),#6818);
#6814 = LINE('',#6815,#6816);
#6815 = CARTESIAN_POINT('',(0.,0.));
#6816 = VECTOR('',#6817,1.);
#6817 = DIRECTION('',(0.,1.));
#6818 = ( GEOMETRIC_REPRESENTATION_CONTEXT(2) 
PARAMETRIC_REPRESENTATION_CONTEXT() REPRESENTATION_CONTEXT('2D SPACE',''
  ) );
#6819 = ADVANCED_FACE('',(#6820),#4994,.F.);
#6820 = FACE_BOUND('',#6821,.T.);
#6821 = EDGE_LOOP('',(#6822));
#6822 = ORIENTED_EDGE('',*,*,#4979,.F.);
#6823 = ADVANCED_FACE('',(#6824),#4625,.T.);
#6824 = FACE_BOUND('',#6825,.T.);
#6825 = EDGE_LOOP('',(#6826,#6853,#6881,#6908,#6909,#6910,#6911));
#6826 = ORIENTED_EDGE('',*,*,#6827,.F.);
#6827 = EDGE_CURVE('',#6828,#6693,#6830,.T.);
#6828 = VERTEX_POINT('',#6829);
#6829 = CARTESIAN_POINT('',(58.789627412202,-20.,32.722089977163));
#6830 = SURFACE_CURVE('',#6831,(#6836,#6842),.PCURVE_S1.);
#6831 = CIRCLE('',#6832,10.);
#6832 = AXIS2_PLACEMENT_3D('',#6833,#6834,#6835);
#6833 = CARTESIAN_POINT('',(59.661184839679,-20.,22.760142996245));
#6834 = DIRECTION('',(-0.,-1.,0.));
#6835 = DIRECTION('',(-0.996194698092,0.,-8.715574274766E-02));
#6836 = PCURVE('',#4625,#6837);
#6837 = DEFINITIONAL_REPRESENTATION('',(#6838),#6841);
#6838 = B_SPLINE_CURVE_WITH_KNOTS('',1,(#6839,#6840),.UNSPECIFIED.,.F.,
  .F.,(2,2),(4.712388980385,6.28318530718),.PIECEWISE_BEZIER_KNOTS.);
#6839 = CARTESIAN_POINT('',(1.570796326795,10.));
#6840 = CARTESIAN_POINT('',(0.,10.));
#6841 = ( GEOMETRIC_REPRESENTATION_CONTEXT(2) 
PARAMETRIC_REPRESENTATION_CONTEXT() REPRESENTATION_CONTEXT('2D SPACE',''
  ) );
#6842 = PCURVE('',#6843,#6848);
#6843 = SPHERICAL_SURFACE('',#6844,10.);
#6844 = AXIS2_PLACEMENT_3D('',#6845,#6846,#6847);
#6845 = CARTESIAN_POINT('',(59.661184839679,-20.,22.760142996245));
#6846 = DIRECTION('',(8.715574274766E-02,-0.,-0.996194698092));
#6847 = DIRECTION('',(-0.996194698092,0.,-8.715574274766E-02));
#6848 = DEFINITIONAL_REPRESENTATION('',(#6849),#6852);
#6849 = B_SPLINE_CURVE_WITH_KNOTS('',1,(#6850,#6851),.UNSPECIFIED.,.F.,
  .F.,(2,2),(4.712388980385,6.28318530718),.PIECEWISE_BEZIER_KNOTS.);
#6850 = CARTESIAN_POINT('',(0.,-1.570796326795));
#6851 = CARTESIAN_POINT('',(0.,0.));
#6852 = ( GEOMETRIC_REPRESENTATION_CONTEXT(2) 
PARAMETRIC_REPRESENTATION_CONTEXT() REPRESENTATION_CONTEXT('2D SPACE',''
  ) );
#6853 = ORIENTED_EDGE('',*,*,#6854,.T.);
#6854 = EDGE_CURVE('',#6828,#6855,#6857,.T.);
#6855 = VERTEX_POINT('',#6856);
#6856 = CARTESIAN_POINT('',(58.789627412202,20.,32.722089977163));
#6857 = SURFACE_CURVE('',#6858,(#6862,#6869),.PCURVE_S1.);
#6858 = LINE('',#6859,#6860);
#6859 = CARTESIAN_POINT('',(58.789627412202,-30.,32.722089977163));
#6860 = VECTOR('',#6861,1.);
#6861 = DIRECTION('',(0.,1.,0.));
#6862 = PCURVE('',#4625,#6863);
#6863 = DEFINITIONAL_REPRESENTATION('',(#6864),#6868);
#6864 = LINE('',#6865,#6866);
#6865 = CARTESIAN_POINT('',(1.570796326795,0.));
#6866 = VECTOR('',#6867,1.);
#6867 = DIRECTION('',(0.,1.));
#6868 = ( GEOMETRIC_REPRESENTATION_CONTEXT(2) 
PARAMETRIC_REPRESENTATION_CONTEXT() REPRESENTATION_CONTEXT('2D SPACE',''
  ) );
#6869 = PCURVE('',#6870,#6875);
#6870 = PLANE('',#6871);
#6871 = AXIS2_PLACEMENT_3D('',#6872,#6873,#6874);
#6872 = CARTESIAN_POINT('',(48.827680431285,-30.,31.850532549686));
#6873 = DIRECTION('',(-8.715574274766E-02,0.,0.996194698092));
#6874 = DIRECTION('',(0.996194698092,0.,8.715574274766E-02));
#6875 = DEFINITIONAL_REPRESENTATION('',(#6876),#6880);
#6876 = LINE('',#6877,#6878);
#6877 = CARTESIAN_POINT('',(10.,0.));
#6878 = VECTOR('',#6879,1.);
#6879 = DIRECTION('',(0.,1.));
#6880 = ( GEOMETRIC_REPRESENTATION_CONTEXT(2) 
PARAMETRIC_REPRESENTATION_CONTEXT() REPRESENTATION_CONTEXT('2D SPACE',''
  ) );
#6881 = ORIENTED_EDGE('',*,*,#6882,.F.);
#6882 = EDGE_CURVE('',#6749,#6855,#6883,.T.);
#6883 = SURFACE_CURVE('',#6884,(#6889,#6896),.PCURVE_S1.);
#6884 = CIRCLE('',#6885,10.);
#6885 = AXIS2_PLACEMENT_3D('',#6886,#6887,#6888);
#6886 = CARTESIAN_POINT('',(59.661184839679,20.,22.760142996245));
#6887 = DIRECTION('',(0.,1.,0.));
#6888 = DIRECTION('',(-0.996194698092,0.,-8.715574274766E-02));
#6889 = PCURVE('',#4625,#6890);
#6890 = DEFINITIONAL_REPRESENTATION('',(#6891),#6895);
#6891 = LINE('',#6892,#6893);
#6892 = CARTESIAN_POINT('',(0.,50.));
#6893 = VECTOR('',#6894,1.);
#6894 = DIRECTION('',(1.,0.));
#6895 = ( GEOMETRIC_REPRESENTATION_CONTEXT(2) 
PARAMETRIC_REPRESENTATION_CONTEXT() REPRESENTATION_CONTEXT('2D SPACE',''
  ) );
#6896 = PCURVE('',#6897,#6902);
#6897 = SPHERICAL_SURFACE('',#6898,10.);
#6898 = AXIS2_PLACEMENT_3D('',#6899,#6900,#6901);
#6899 = CARTESIAN_POINT('',(59.661184839679,20.,22.760142996245));
#6900 = DIRECTION('',(-0.,-1.,0.));
#6901 = DIRECTION('',(-0.996194698092,0.,-8.715574274766E-02));
#6902 = DEFINITIONAL_REPRESENTATION('',(#6903),#6907);
#6903 = LINE('',#6904,#6905);
#6904 = CARTESIAN_POINT('',(-0.,0.));
#6905 = VECTOR('',#6906,1.);
#6906 = DIRECTION('',(-1.,0.));
#6907 = ( GEOMETRIC_REPRESENTATION_CONTEXT(2) 
PARAMETRIC_REPRESENTATION_CONTEXT() REPRESENTATION_CONTEXT('2D SPACE',''
  ) );
#6908 = ORIENTED_EDGE('',*,*,#6776,.F.);
#6909 = ORIENTED_EDGE('',*,*,#4722,.T.);
#6910 = ORIENTED_EDGE('',*,*,#4485,.F.);
#6911 = ORIENTED_EDGE('',*,*,#6799,.F.);
#6912 = ADVANCED_FACE('',(#6913),#5032,.F.);
#6913 = FACE_BOUND('',#6914,.F.);
#6914 = EDGE_LOOP('',(#6915,#6945,#6973,#7001,#7022,#7023));
#6915 = ORIENTED_EDGE('',*,*,#6916,.F.);
#6916 = EDGE_CURVE('',#6917,#6919,#6921,.T.);
#6917 = VERTEX_POINT('',#6918);
#6918 = CARTESIAN_POINT('',(34.917292670082,42.743941615402,
    1.964691606934));
#6919 = VERTEX_POINT('',#6920);
#6920 = CARTESIAN_POINT('',(34.378640556754,41.086140873948,
    21.888585568769));
#6921 = SURFACE_CURVE('',#6922,(#6926,#6933),.PCURVE_S1.);
#6922 = LINE('',#6923,#6924);
#6923 = CARTESIAN_POINT('',(35.186618726746,43.572841986129,
    -7.997255373984));
#6924 = VECTOR('',#6925,1.);
#6925 = DIRECTION('',(-2.69326056664E-02,-8.28900370727E-02,
    0.996194698092));
#6926 = PCURVE('',#5032,#6927);
#6927 = DEFINITIONAL_REPRESENTATION('',(#6928),#6932);
#6928 = LINE('',#6929,#6930);
#6929 = CARTESIAN_POINT('',(0.,-10.));
#6930 = VECTOR('',#6931,1.);
#6931 = DIRECTION('',(1.,3.469446951954E-18));
#6932 = ( GEOMETRIC_REPRESENTATION_CONTEXT(2) 
PARAMETRIC_REPRESENTATION_CONTEXT() REPRESENTATION_CONTEXT('2D SPACE',''
  ) );
#6933 = PCURVE('',#6934,#6939);
#6934 = CYLINDRICAL_SURFACE('',#6935,10.);
#6935 = AXIS2_PLACEMENT_3D('',#6936,#6937,#6938);
#6936 = CARTESIAN_POINT('',(38.265029640911,53.047216577318,
    -7.125697946507));
#6937 = DIRECTION('',(-2.69326056664E-02,-8.28900370727E-02,
    0.996194698092));
#6938 = DIRECTION('',(-0.307841091417,-0.947437459119,
    -8.715574274766E-02));
#6939 = DEFINITIONAL_REPRESENTATION('',(#6940),#6944);
#6940 = LINE('',#6941,#6942);
#6941 = CARTESIAN_POINT('',(0.,0.));
#6942 = VECTOR('',#6943,1.);
#6943 = DIRECTION('',(0.,1.));
#6944 = ( GEOMETRIC_REPRESENTATION_CONTEXT(2) 
PARAMETRIC_REPRESENTATION_CONTEXT() REPRESENTATION_CONTEXT('2D SPACE',''
  ) );
#6945 = ORIENTED_EDGE('',*,*,#6946,.T.);
#6946 = EDGE_CURVE('',#6917,#6947,#6949,.T.);
#6947 = VERTEX_POINT('',#6948);
#6948 = CARTESIAN_POINT('',(-3.124967981725,55.1046213904,1.964691606934
    ));
#6949 = SURFACE_CURVE('',#6950,(#6954,#6961),.PCURVE_S1.);
#6950 = LINE('',#6951,#6952);
#6951 = CARTESIAN_POINT('',(44.427857833033,39.653771671653,
    1.964691606934));
#6952 = VECTOR('',#6953,1.);
#6953 = DIRECTION('',(-0.951056516295,0.309016994375,0.));
#6954 = PCURVE('',#5032,#6955);
#6955 = DEFINITIONAL_REPRESENTATION('',(#6956),#6960);
#6956 = LINE('',#6957,#6958);
#6957 = CARTESIAN_POINT('',(10.,-7.105427357601E-15));
#6958 = VECTOR('',#6959,1.);
#6959 = DIRECTION('',(-3.469446951954E-18,-1.));
#6960 = ( GEOMETRIC_REPRESENTATION_CONTEXT(2) 
PARAMETRIC_REPRESENTATION_CONTEXT() REPRESENTATION_CONTEXT('2D SPACE',''
  ) );
#6961 = PCURVE('',#6962,#6967);
#6962 = CYLINDRICAL_SURFACE('',#6963,10.);
#6963 = AXIS2_PLACEMENT_3D('',#6964,#6965,#6966);
#6964 = CARTESIAN_POINT('',(47.506268747199,49.128146262841,
    2.83624903441));
#6965 = DIRECTION('',(-0.951056516295,0.309016994375,0.));
#6966 = DIRECTION('',(-0.307841091417,-0.947437459119,
    -8.715574274766E-02));
#6967 = DEFINITIONAL_REPRESENTATION('',(#6968),#6972);
#6968 = LINE('',#6969,#6970);
#6969 = CARTESIAN_POINT('',(-0.,0.));
#6970 = VECTOR('',#6971,1.);
#6971 = DIRECTION('',(-0.,1.));
#6972 = ( GEOMETRIC_REPRESENTATION_CONTEXT(2) 
PARAMETRIC_REPRESENTATION_CONTEXT() REPRESENTATION_CONTEXT('2D SPACE',''
  ) );
#6973 = ORIENTED_EDGE('',*,*,#6974,.T.);
#6974 = EDGE_CURVE('',#6947,#6975,#6977,.T.);
#6975 = VERTEX_POINT('',#6976);
#6976 = CARTESIAN_POINT('',(-3.663620095052,53.446820648946,
    21.888585568769));
#6977 = SURFACE_CURVE('',#6978,(#6982,#6989),.PCURVE_S1.);
#6978 = LINE('',#6979,#6980);
#6979 = CARTESIAN_POINT('',(-2.855641925061,55.933521761127,
    -7.997255373984));
#6980 = VECTOR('',#6981,1.);
#6981 = DIRECTION('',(-2.69326056664E-02,-8.28900370727E-02,
    0.996194698092));
#6982 = PCURVE('',#5032,#6983);
#6983 = DEFINITIONAL_REPRESENTATION('',(#6984),#6988);
#6984 = LINE('',#6985,#6986);
#6985 = CARTESIAN_POINT('',(-3.552713678801E-15,-50.));
#6986 = VECTOR('',#6987,1.);
#6987 = DIRECTION('',(1.,3.469446951954E-18));
#6988 = ( GEOMETRIC_REPRESENTATION_CONTEXT(2) 
PARAMETRIC_REPRESENTATION_CONTEXT() REPRESENTATION_CONTEXT('2D SPACE',''
  ) );
#6989 = PCURVE('',#6990,#6995);
#6990 = CYLINDRICAL_SURFACE('',#6991,10.);
#6991 = AXIS2_PLACEMENT_3D('',#6992,#6993,#6994);
#6992 = CARTESIAN_POINT('',(0.222768989105,65.407896352316,
    -7.125697946507));
#6993 = DIRECTION('',(-2.69326056664E-02,-8.28900370727E-02,
    0.996194698092));
#6994 = DIRECTION('',(-0.307841091417,-0.947437459119,
    -8.715574274766E-02));
#6995 = DEFINITIONAL_REPRESENTATION('',(#6996),#7000);
#6996 = LINE('',#6997,#6998);
#6997 = CARTESIAN_POINT('',(-0.,0.));
#6998 = VECTOR('',#6999,1.);
#6999 = DIRECTION('',(-0.,1.));
#7000 = ( GEOMETRIC_REPRESENTATION_CONTEXT(2) 
PARAMETRIC_REPRESENTATION_CONTEXT() REPRESENTATION_CONTEXT('2D SPACE',''
  ) );
#7001 = ORIENTED_EDGE('',*,*,#7002,.F.);
#7002 = EDGE_CURVE('',#5012,#6975,#7003,.T.);
#7003 = SURFACE_CURVE('',#7004,(#7008,#7015),.PCURVE_S1.);
#7004 = LINE('',#7005,#7006);
#7005 = CARTESIAN_POINT('',(43.889205719705,37.995970930199,
    21.888585568769));
#7006 = VECTOR('',#7007,1.);
#7007 = DIRECTION('',(-0.951056516295,0.309016994375,0.));
#7008 = PCURVE('',#5032,#7009);
#7009 = DEFINITIONAL_REPRESENTATION('',(#7010),#7014);
#7010 = LINE('',#7011,#7012);
#7011 = CARTESIAN_POINT('',(30.,-1.06581410364E-14));
#7012 = VECTOR('',#7013,1.);
#7013 = DIRECTION('',(-3.469446951954E-18,-1.));
#7014 = ( GEOMETRIC_REPRESENTATION_CONTEXT(2) 
PARAMETRIC_REPRESENTATION_CONTEXT() REPRESENTATION_CONTEXT('2D SPACE',''
  ) );
#7015 = PCURVE('',#5296,#7016);
#7016 = DEFINITIONAL_REPRESENTATION('',(#7017),#7021);
#7017 = LINE('',#7018,#7019);
#7018 = CARTESIAN_POINT('',(0.,0.));
#7019 = VECTOR('',#7020,1.);
#7020 = DIRECTION('',(0.,1.));
#7021 = ( GEOMETRIC_REPRESENTATION_CONTEXT(2) 
PARAMETRIC_REPRESENTATION_CONTEXT() REPRESENTATION_CONTEXT('2D SPACE',''
  ) );
#7022 = ORIENTED_EDGE('',*,*,#5009,.F.);
#7023 = ORIENTED_EDGE('',*,*,#7024,.F.);
#7024 = EDGE_CURVE('',#6919,#5010,#7025,.T.);
#7025 = SURFACE_CURVE('',#7026,(#7030,#7037),.PCURVE_S1.);
#7026 = LINE('',#7027,#7028);
#7027 = CARTESIAN_POINT('',(43.889205719705,37.995970930199,
    21.888585568769));
#7028 = VECTOR('',#7029,1.);
#7029 = DIRECTION('',(-0.951056516295,0.309016994375,0.));
#7030 = PCURVE('',#5032,#7031);
#7031 = DEFINITIONAL_REPRESENTATION('',(#7032),#7036);
#7032 = LINE('',#7033,#7034);
#7033 = CARTESIAN_POINT('',(30.,-1.06581410364E-14));
#7034 = VECTOR('',#7035,1.);
#7035 = DIRECTION('',(-3.469446951954E-18,-1.));
#7036 = ( GEOMETRIC_REPRESENTATION_CONTEXT(2) 
PARAMETRIC_REPRESENTATION_CONTEXT() REPRESENTATION_CONTEXT('2D SPACE',''
  ) );
#7037 = PCURVE('',#5296,#7038);
#7038 = DEFINITIONAL_REPRESENTATION('',(#7039),#7043);
#7039 = LINE('',#7040,#7041);
#7040 = CARTESIAN_POINT('',(0.,0.));
#7041 = VECTOR('',#7042,1.);
#7042 = DIRECTION('',(0.,1.));
#7043 = ( GEOMETRIC_REPRESENTATION_CONTEXT(2) 
PARAMETRIC_REPRESENTATION_CONTEXT() REPRESENTATION_CONTEXT('2D SPACE',''
  ) );
#7044 = ADVANCED_FACE('',(#7045),#5296,.T.);
#7045 = FACE_BOUND('',#7046,.T.);
#7046 = EDGE_LOOP('',(#7047,#7074,#7102,#7129,#7130,#7131));
#7047 = ORIENTED_EDGE('',*,*,#7048,.F.);
#7048 = EDGE_CURVE('',#7049,#6919,#7051,.T.);
#7049 = VERTEX_POINT('',#7050);
#7050 = CARTESIAN_POINT('',(37.187725414255,49.73161509441,
    32.722089977163));
#7051 = SURFACE_CURVE('',#7052,(#7057,#7063),.PCURVE_S1.);
#7052 = CIRCLE('',#7053,10.);
#7053 = AXIS2_PLACEMENT_3D('',#7054,#7055,#7056);
#7054 = CARTESIAN_POINT('',(37.457051470919,50.560515465137,
    22.760142996245));
#7055 = DIRECTION('',(0.951056516295,-0.309016994375,-6.591949208712E-17
    ));
#7056 = DIRECTION('',(-0.307841091417,-0.947437459119,
    -8.715574274766E-02));
#7057 = PCURVE('',#5296,#7058);
#7058 = DEFINITIONAL_REPRESENTATION('',(#7059),#7062);
#7059 = B_SPLINE_CURVE_WITH_KNOTS('',1,(#7060,#7061),.UNSPECIFIED.,.F.,
  .F.,(2,2),(4.712388980385,6.28318530718),.PIECEWISE_BEZIER_KNOTS.);
#7060 = CARTESIAN_POINT('',(1.570796326795,10.));
#7061 = CARTESIAN_POINT('',(0.,10.));
#7062 = ( GEOMETRIC_REPRESENTATION_CONTEXT(2) 
PARAMETRIC_REPRESENTATION_CONTEXT() REPRESENTATION_CONTEXT('2D SPACE',''
  ) );
#7063 = PCURVE('',#7064,#7069);
#7064 = SPHERICAL_SURFACE('',#7065,10.);
#7065 = AXIS2_PLACEMENT_3D('',#7066,#7067,#7068);
#7066 = CARTESIAN_POINT('',(37.457051470919,50.560515465137,
    22.760142996245));
#7067 = DIRECTION('',(2.69326056664E-02,8.28900370727E-02,
    -0.996194698092));
#7068 = DIRECTION('',(-0.307841091417,-0.947437459119,
    -8.715574274766E-02));
#7069 = DEFINITIONAL_REPRESENTATION('',(#7070),#7073);
#7070 = B_SPLINE_CURVE_WITH_KNOTS('',1,(#7071,#7072),.UNSPECIFIED.,.F.,
  .F.,(2,2),(4.712388980385,6.28318530718),.PIECEWISE_BEZIER_KNOTS.);
#7071 = CARTESIAN_POINT('',(0.,-1.570796326795));
#7072 = CARTESIAN_POINT('',(0.,0.));
#7073 = ( GEOMETRIC_REPRESENTATION_CONTEXT(2) 
PARAMETRIC_REPRESENTATION_CONTEXT() REPRESENTATION_CONTEXT('2D SPACE',''
  ) );
#7074 = ORIENTED_EDGE('',*,*,#7075,.T.);
#7075 = EDGE_CURVE('',#7049,#7076,#7078,.T.);
#7076 = VERTEX_POINT('',#7077);
#7077 = CARTESIAN_POINT('',(-0.854535237551,62.092294869408,
    32.722089977163));
#7078 = SURFACE_CURVE('',#7079,(#7083,#7090),.PCURVE_S1.);
#7079 = LINE('',#7080,#7081);
#7080 = CARTESIAN_POINT('',(46.698290577207,46.64144515066,
    32.722089977163));
#7081 = VECTOR('',#7082,1.);
#7082 = DIRECTION('',(-0.951056516295,0.309016994375,0.));
#7083 = PCURVE('',#5296,#7084);
#7084 = DEFINITIONAL_REPRESENTATION('',(#7085),#7089);
#7085 = LINE('',#7086,#7087);
#7086 = CARTESIAN_POINT('',(1.570796326795,0.));
#7087 = VECTOR('',#7088,1.);
#7088 = DIRECTION('',(0.,1.));
#7089 = ( GEOMETRIC_REPRESENTATION_CONTEXT(2) 
PARAMETRIC_REPRESENTATION_CONTEXT() REPRESENTATION_CONTEXT('2D SPACE',''
  ) );
#7090 = PCURVE('',#7091,#7096);
#7091 = PLANE('',#7092);
#7092 = AXIS2_PLACEMENT_3D('',#7093,#7094,#7095);
#7093 = CARTESIAN_POINT('',(43.619879663041,37.167070559472,
    31.850532549686));
#7094 = DIRECTION('',(-2.69326056664E-02,-8.28900370727E-02,
    0.996194698092));
#7095 = DIRECTION('',(0.307841091417,0.947437459119,8.715574274766E-02)
  );
#7096 = DEFINITIONAL_REPRESENTATION('',(#7097),#7101);
#7097 = LINE('',#7098,#7099);
#7098 = CARTESIAN_POINT('',(10.,3.552713678801E-15));
#7099 = VECTOR('',#7100,1.);
#7100 = DIRECTION('',(-5.551115123126E-17,1.));
#7101 = ( GEOMETRIC_REPRESENTATION_CONTEXT(2) 
PARAMETRIC_REPRESENTATION_CONTEXT() REPRESENTATION_CONTEXT('2D SPACE',''
  ) );
#7102 = ORIENTED_EDGE('',*,*,#7103,.F.);
#7103 = EDGE_CURVE('',#6975,#7076,#7104,.T.);
#7104 = SURFACE_CURVE('',#7105,(#7110,#7117),.PCURVE_S1.);
#7105 = CIRCLE('',#7106,10.);
#7106 = AXIS2_PLACEMENT_3D('',#7107,#7108,#7109);
#7107 = CARTESIAN_POINT('',(-0.585209180887,62.921195240135,
    22.760142996245));
#7108 = DIRECTION('',(-0.951056516295,0.309016994375,6.938893903907E-18)
  );
#7109 = DIRECTION('',(-0.307841091417,-0.947437459119,
    -8.715574274766E-02));
#7110 = PCURVE('',#5296,#7111);
#7111 = DEFINITIONAL_REPRESENTATION('',(#7112),#7116);
#7112 = LINE('',#7113,#7114);
#7113 = CARTESIAN_POINT('',(3.5527136788E-16,50.));
#7114 = VECTOR('',#7115,1.);
#7115 = DIRECTION('',(1.,0.));
#7116 = ( GEOMETRIC_REPRESENTATION_CONTEXT(2) 
PARAMETRIC_REPRESENTATION_CONTEXT() REPRESENTATION_CONTEXT('2D SPACE',''
  ) );
#7117 = PCURVE('',#7118,#7123);
#7118 = SPHERICAL_SURFACE('',#7119,10.);
#7119 = AXIS2_PLACEMENT_3D('',#7120,#7121,#7122);
#7120 = CARTESIAN_POINT('',(-0.585209180887,62.921195240135,
    22.760142996245));
#7121 = DIRECTION('',(0.951056516295,-0.309016994375,-3.469446951954E-18
    ));
#7122 = DIRECTION('',(-0.307841091417,-0.947437459119,
    -8.715574274766E-02));
#7123 = DEFINITIONAL_REPRESENTATION('',(#7124),#7128);
#7124 = LINE('',#7125,#7126);
#7125 = CARTESIAN_POINT('',(-0.,0.));
#7126 = VECTOR('',#7127,1.);
#7127 = DIRECTION('',(-1.,0.));
#7128 = ( GEOMETRIC_REPRESENTATION_CONTEXT(2) 
PARAMETRIC_REPRESENTATION_CONTEXT() REPRESENTATION_CONTEXT('2D SPACE',''
  ) );
#7129 = ORIENTED_EDGE('',*,*,#7002,.F.);
#7130 = ORIENTED_EDGE('',*,*,#5044,.F.);
#7131 = ORIENTED_EDGE('',*,*,#7024,.F.);
#7132 = ADVANCED_FACE('',(#7133),#5452,.F.);
#7133 = FACE_BOUND('',#7134,.F.);
#7134 = EDGE_LOOP('',(#7135,#7165,#7193,#7221,#7242,#7243));
#7135 = ORIENTED_EDGE('',*,*,#7136,.F.);
#7136 = EDGE_CURVE('',#7137,#7139,#7141,.T.);
#7137 = VERTEX_POINT('',#7138);
#7138 = CARTESIAN_POINT('',(-29.86163365518,46.417345697354,
    1.964691606934));
#7139 = VERTEX_POINT('',#7140);
#7140 = CARTESIAN_POINT('',(-28.45142411438,45.39276849256,
    21.888585568769));
#7141 = SURFACE_CURVE('',#7142,(#7146,#7153),.PCURVE_S1.);
#7142 = LINE('',#7143,#7144);
#7143 = CARTESIAN_POINT('',(-30.56673842558,46.92963429975,
    -7.997255373984));
#7144 = VECTOR('',#7145,1.);
#7145 = DIRECTION('',(7.051047704023E-02,-5.122886023967E-02,
    0.996194698092));
#7146 = PCURVE('',#5452,#7147);
#7147 = DEFINITIONAL_REPRESENTATION('',(#7148),#7152);
#7148 = LINE('',#7149,#7150);
#7149 = CARTESIAN_POINT('',(0.,-10.));
#7150 = VECTOR('',#7151,1.);
#7151 = DIRECTION('',(1.,-6.938893903907E-18));
#7152 = ( GEOMETRIC_REPRESENTATION_CONTEXT(2) 
PARAMETRIC_REPRESENTATION_CONTEXT() REPRESENTATION_CONTEXT('2D SPACE',''
  ) );
#7153 = PCURVE('',#7154,#7159);
#7154 = CYLINDRICAL_SURFACE('',#7155,10.);
#7155 = AXIS2_PLACEMENT_3D('',#7156,#7157,#7158);
#7156 = CARTESIAN_POINT('',(-38.62612283021,52.785119819253,
    -7.125697946507));
#7157 = DIRECTION('',(7.051047704023E-02,-5.122886023967E-02,
    0.996194698092));
#7158 = DIRECTION('',(0.805938440462,-0.58554855195,-8.715574274766E-02)
  );
#7159 = DEFINITIONAL_REPRESENTATION('',(#7160),#7164);
#7160 = LINE('',#7161,#7162);
#7161 = CARTESIAN_POINT('',(0.,0.));
#7162 = VECTOR('',#7163,1.);
#7163 = DIRECTION('',(0.,1.));
#7164 = ( GEOMETRIC_REPRESENTATION_CONTEXT(2) 
PARAMETRIC_REPRESENTATION_CONTEXT() REPRESENTATION_CONTEXT('2D SPACE',''
  ) );
#7165 = ORIENTED_EDGE('',*,*,#7166,.T.);
#7166 = EDGE_CURVE('',#7137,#7167,#7169,.T.);
#7167 = VERTEX_POINT('',#7168);
#7168 = CARTESIAN_POINT('',(-53.37304374688,14.056665922356,
    1.964691606934));
#7169 = SURFACE_CURVE('',#7170,(#7174,#7181),.PCURVE_S1.);
#7170 = LINE('',#7171,#7172);
#7171 = CARTESIAN_POINT('',(-23.98378113226,54.507515641103,
    1.964691606934));
#7172 = VECTOR('',#7173,1.);
#7173 = DIRECTION('',(-0.587785252292,-0.809016994375,0.));
#7174 = PCURVE('',#5452,#7175);
#7175 = DEFINITIONAL_REPRESENTATION('',(#7176),#7180);
#7176 = LINE('',#7177,#7178);
#7177 = CARTESIAN_POINT('',(10.,7.105427357601E-15));
#7178 = VECTOR('',#7179,1.);
#7179 = DIRECTION('',(6.938893903907E-18,-1.));
#7180 = ( GEOMETRIC_REPRESENTATION_CONTEXT(2) 
PARAMETRIC_REPRESENTATION_CONTEXT() REPRESENTATION_CONTEXT('2D SPACE',''
  ) );
#7181 = PCURVE('',#7182,#7187);
#7182 = CYLINDRICAL_SURFACE('',#7183,10.);
#7183 = AXIS2_PLACEMENT_3D('',#7184,#7185,#7186);
#7184 = CARTESIAN_POINT('',(-32.04316553688,60.363001160606,
    2.83624903441));
#7185 = DIRECTION('',(-0.587785252292,-0.809016994375,0.));
#7186 = DIRECTION('',(0.805938440462,-0.58554855195,-8.715574274766E-02)
  );
#7187 = DEFINITIONAL_REPRESENTATION('',(#7188),#7192);
#7188 = LINE('',#7189,#7190);
#7189 = CARTESIAN_POINT('',(-0.,0.));
#7190 = VECTOR('',#7191,1.);
#7191 = DIRECTION('',(-0.,1.));
#7192 = ( GEOMETRIC_REPRESENTATION_CONTEXT(2) 
PARAMETRIC_REPRESENTATION_CONTEXT() REPRESENTATION_CONTEXT('2D SPACE',''
  ) );
#7193 = ORIENTED_EDGE('',*,*,#7194,.T.);
#7194 = EDGE_CURVE('',#7167,#7195,#7197,.T.);
#7195 = VERTEX_POINT('',#7196);
#7196 = CARTESIAN_POINT('',(-51.96283420608,13.032088717562,
    21.888585568769));
#7197 = SURFACE_CURVE('',#7198,(#7202,#7209),.PCURVE_S1.);
#7198 = LINE('',#7199,#7200);
#7199 = CARTESIAN_POINT('',(-54.07814851728,14.568954524752,
    -7.997255373984));
#7200 = VECTOR('',#7201,1.);
#7201 = DIRECTION('',(7.051047704023E-02,-5.122886023967E-02,
    0.996194698092));
#7202 = PCURVE('',#5452,#7203);
#7203 = DEFINITIONAL_REPRESENTATION('',(#7204),#7208);
#7204 = LINE('',#7205,#7206);
#7205 = CARTESIAN_POINT('',(0.,-50.));
#7206 = VECTOR('',#7207,1.);
#7207 = DIRECTION('',(1.,-6.938893903907E-18));
#7208 = ( GEOMETRIC_REPRESENTATION_CONTEXT(2) 
PARAMETRIC_REPRESENTATION_CONTEXT() REPRESENTATION_CONTEXT('2D SPACE',''
  ) );
#7209 = PCURVE('',#7210,#7215);
#7210 = CYLINDRICAL_SURFACE('',#7211,10.);
#7211 = AXIS2_PLACEMENT_3D('',#7212,#7213,#7214);
#7212 = CARTESIAN_POINT('',(-62.13753292191,20.424440044255,
    -7.125697946507));
#7213 = DIRECTION('',(7.051047704023E-02,-5.122886023967E-02,
    0.996194698092));
#7214 = DIRECTION('',(0.805938440462,-0.58554855195,-8.715574274766E-02)
  );
#7215 = DEFINITIONAL_REPRESENTATION('',(#7216),#7220);
#7216 = LINE('',#7217,#7218);
#7217 = CARTESIAN_POINT('',(-0.,0.));
#7218 = VECTOR('',#7219,1.);
#7219 = DIRECTION('',(-0.,1.));
#7220 = ( GEOMETRIC_REPRESENTATION_CONTEXT(2) 
PARAMETRIC_REPRESENTATION_CONTEXT() REPRESENTATION_CONTEXT('2D SPACE',''
  ) );
#7221 = ORIENTED_EDGE('',*,*,#7222,.F.);
#7222 = EDGE_CURVE('',#5432,#7195,#7223,.T.);
#7223 = SURFACE_CURVE('',#7224,(#7228,#7235),.PCURVE_S1.);
#7224 = LINE('',#7225,#7226);
#7225 = CARTESIAN_POINT('',(-22.57357159145,53.48293843631,
    21.888585568769));
#7226 = VECTOR('',#7227,1.);
#7227 = DIRECTION('',(-0.587785252292,-0.809016994375,0.));
#7228 = PCURVE('',#5452,#7229);
#7229 = DEFINITIONAL_REPRESENTATION('',(#7230),#7234);
#7230 = LINE('',#7231,#7232);
#7231 = CARTESIAN_POINT('',(30.,-1.42108547152E-14));
#7232 = VECTOR('',#7233,1.);
#7233 = DIRECTION('',(6.938893903907E-18,-1.));
#7234 = ( GEOMETRIC_REPRESENTATION_CONTEXT(2) 
PARAMETRIC_REPRESENTATION_CONTEXT() REPRESENTATION_CONTEXT('2D SPACE',''
  ) );
#7235 = PCURVE('',#5716,#7236);
#7236 = DEFINITIONAL_REPRESENTATION('',(#7237),#7241);
#7237 = LINE('',#7238,#7239);
#7238 = CARTESIAN_POINT('',(0.,0.));
#7239 = VECTOR('',#7240,1.);
#7240 = DIRECTION('',(0.,1.));
#7241 = ( GEOMETRIC_REPRESENTATION_CONTEXT(2) 
PARAMETRIC_REPRESENTATION_CONTEXT() REPRESENTATION_CONTEXT('2D SPACE',''
  ) );
#7242 = ORIENTED_EDGE('',*,*,#5429,.F.);
#7243 = ORIENTED_EDGE('',*,*,#7244,.F.);
#7244 = EDGE_CURVE('',#7139,#5430,#7245,.T.);
#7245 = SURFACE_CURVE('',#7246,(#7250,#7257),.PCURVE_S1.);
#7246 = LINE('',#7247,#7248);
#7247 = CARTESIAN_POINT('',(-22.57357159145,53.48293843631,
    21.888585568769));
#7248 = VECTOR('',#7249,1.);
#7249 = DIRECTION('',(-0.587785252292,-0.809016994375,0.));
#7250 = PCURVE('',#5452,#7251);
#7251 = DEFINITIONAL_REPRESENTATION('',(#7252),#7256);
#7252 = LINE('',#7253,#7254);
#7253 = CARTESIAN_POINT('',(30.,-1.42108547152E-14));
#7254 = VECTOR('',#7255,1.);
#7255 = DIRECTION('',(6.938893903907E-18,-1.));
#7256 = ( GEOMETRIC_REPRESENTATION_CONTEXT(2) 
PARAMETRIC_REPRESENTATION_CONTEXT() REPRESENTATION_CONTEXT('2D SPACE',''
  ) );
#7257 = PCURVE('',#5716,#7258);
#7258 = DEFINITIONAL_REPRESENTATION('',(#7259),#7263);
#7259 = LINE('',#7260,#7261);
#7260 = CARTESIAN_POINT('',(0.,0.));
#7261 = VECTOR('',#7262,1.);
#7262 = DIRECTION('',(0.,1.));
#7263 = ( GEOMETRIC_REPRESENTATION_CONTEXT(2) 
PARAMETRIC_REPRESENTATION_CONTEXT() REPRESENTATION_CONTEXT('2D SPACE',''
  ) );
#7264 = ADVANCED_FACE('',(#7265),#5716,.T.);
#7265 = FACE_BOUND('',#7266,.T.);
#7266 = EDGE_LOOP('',(#7267,#7294,#7322,#7349,#7350,#7351));
#7267 = ORIENTED_EDGE('',*,*,#7268,.F.);
#7268 = EDGE_CURVE('',#7269,#7139,#7271,.T.);
#7269 = VERTEX_POINT('',#7270);
#7270 = CARTESIAN_POINT('',(-35.8057037486,50.735965409666,
    32.722089977163));
#7271 = SURFACE_CURVE('',#7272,(#7277,#7283),.PCURVE_S1.);
#7272 = CIRCLE('',#7273,10.);
#7273 = AXIS2_PLACEMENT_3D('',#7274,#7275,#7276);
#7274 = CARTESIAN_POINT('',(-36.510808519,51.248254012063,
    22.760142996245));
#7275 = DIRECTION('',(0.587785252292,0.809016994375,4.163336342344E-17)
  );
#7276 = DIRECTION('',(0.805938440462,-0.58554855195,-8.715574274766E-02)
  );
#7277 = PCURVE('',#5716,#7278);
#7278 = DEFINITIONAL_REPRESENTATION('',(#7279),#7282);
#7279 = B_SPLINE_CURVE_WITH_KNOTS('',1,(#7280,#7281),.UNSPECIFIED.,.F.,
  .F.,(2,2),(4.712388980385,6.28318530718),.PIECEWISE_BEZIER_KNOTS.);
#7280 = CARTESIAN_POINT('',(1.570796326795,10.));
#7281 = CARTESIAN_POINT('',(0.,10.));
#7282 = ( GEOMETRIC_REPRESENTATION_CONTEXT(2) 
PARAMETRIC_REPRESENTATION_CONTEXT() REPRESENTATION_CONTEXT('2D SPACE',''
  ) );
#7283 = PCURVE('',#7284,#7289);
#7284 = SPHERICAL_SURFACE('',#7285,10.);
#7285 = AXIS2_PLACEMENT_3D('',#7286,#7287,#7288);
#7286 = CARTESIAN_POINT('',(-36.510808519,51.248254012063,
    22.760142996245));
#7287 = DIRECTION('',(-7.051047704023E-02,5.122886023967E-02,
    -0.996194698092));
#7288 = DIRECTION('',(0.805938440462,-0.58554855195,-8.715574274766E-02)
  );
#7289 = DEFINITIONAL_REPRESENTATION('',(#7290),#7293);
#7290 = B_SPLINE_CURVE_WITH_KNOTS('',1,(#7291,#7292),.UNSPECIFIED.,.F.,
  .F.,(2,2),(4.712388980385,6.28318530718),.PIECEWISE_BEZIER_KNOTS.);
#7291 = CARTESIAN_POINT('',(0.,-1.570796326795));
#7292 = CARTESIAN_POINT('',(0.,0.));
#7293 = ( GEOMETRIC_REPRESENTATION_CONTEXT(2) 
PARAMETRIC_REPRESENTATION_CONTEXT() REPRESENTATION_CONTEXT('2D SPACE',''
  ) );
#7294 = ORIENTED_EDGE('',*,*,#7295,.T.);
#7295 = EDGE_CURVE('',#7269,#7296,#7298,.T.);
#7296 = VERTEX_POINT('',#7297);
#7297 = CARTESIAN_POINT('',(-59.3171138403,18.375285634668,
    32.722089977163));
#7298 = SURFACE_CURVE('',#7299,(#7303,#7310),.PCURVE_S1.);
#7299 = LINE('',#7300,#7301);
#7300 = CARTESIAN_POINT('',(-29.92785122567,58.826135353416,
    32.722089977163));
#7301 = VECTOR('',#7302,1.);
#7302 = DIRECTION('',(-0.587785252292,-0.809016994375,0.));
#7303 = PCURVE('',#5716,#7304);
#7304 = DEFINITIONAL_REPRESENTATION('',(#7305),#7309);
#7305 = LINE('',#7306,#7307);
#7306 = CARTESIAN_POINT('',(1.570796326795,0.));
#7307 = VECTOR('',#7308,1.);
#7308 = DIRECTION('',(0.,1.));
#7309 = ( GEOMETRIC_REPRESENTATION_CONTEXT(2) 
PARAMETRIC_REPRESENTATION_CONTEXT() REPRESENTATION_CONTEXT('2D SPACE',''
  ) );
#7310 = PCURVE('',#7311,#7316);
#7311 = PLANE('',#7312);
#7312 = AXIS2_PLACEMENT_3D('',#7313,#7314,#7315);
#7313 = CARTESIAN_POINT('',(-21.86846682105,52.970649833913,
    31.850532549686));
#7314 = DIRECTION('',(7.051047704023E-02,-5.122886023967E-02,
    0.996194698092));
#7315 = DIRECTION('',(-0.805938440462,0.58554855195,8.715574274766E-02)
  );
#7316 = DEFINITIONAL_REPRESENTATION('',(#7317),#7321);
#7317 = LINE('',#7318,#7319);
#7318 = CARTESIAN_POINT('',(10.,7.105427357601E-15));
#7319 = VECTOR('',#7320,1.);
#7320 = DIRECTION('',(0.,1.));
#7321 = ( GEOMETRIC_REPRESENTATION_CONTEXT(2) 
PARAMETRIC_REPRESENTATION_CONTEXT() REPRESENTATION_CONTEXT('2D SPACE',''
  ) );
#7322 = ORIENTED_EDGE('',*,*,#7323,.F.);
#7323 = EDGE_CURVE('',#7195,#7296,#7324,.T.);
#7324 = SURFACE_CURVE('',#7325,(#7330,#7337),.PCURVE_S1.);
#7325 = CIRCLE('',#7326,10.);
#7326 = AXIS2_PLACEMENT_3D('',#7327,#7328,#7329);
#7327 = CARTESIAN_POINT('',(-60.0222186107,18.887574237065,
    22.760142996245));
#7328 = DIRECTION('',(-0.587785252292,-0.809016994375,6.938893903907E-18
    ));
#7329 = DIRECTION('',(0.805938440462,-0.58554855195,-8.715574274766E-02)
  );
#7330 = PCURVE('',#5716,#7331);
#7331 = DEFINITIONAL_REPRESENTATION('',(#7332),#7336);
#7332 = LINE('',#7333,#7334);
#7333 = CARTESIAN_POINT('',(0.,50.));
#7334 = VECTOR('',#7335,1.);
#7335 = DIRECTION('',(1.,0.));
#7336 = ( GEOMETRIC_REPRESENTATION_CONTEXT(2) 
PARAMETRIC_REPRESENTATION_CONTEXT() REPRESENTATION_CONTEXT('2D SPACE',''
  ) );
#7337 = PCURVE('',#7338,#7343);
#7338 = SPHERICAL_SURFACE('',#7339,10.);
#7339 = AXIS2_PLACEMENT_3D('',#7340,#7341,#7342);
#7340 = CARTESIAN_POINT('',(-60.0222186107,18.887574237065,
    22.760142996245));
#7341 = DIRECTION('',(0.587785252292,0.809016994375,-0.));
#7342 = DIRECTION('',(0.805938440462,-0.58554855195,-8.715574274766E-02)
  );
#7343 = DEFINITIONAL_REPRESENTATION('',(#7344),#7348);
#7344 = LINE('',#7345,#7346);
#7345 = CARTESIAN_POINT('',(-0.,0.));
#7346 = VECTOR('',#7347,1.);
#7347 = DIRECTION('',(-1.,0.));
#7348 = ( GEOMETRIC_REPRESENTATION_CONTEXT(2) 
PARAMETRIC_REPRESENTATION_CONTEXT() REPRESENTATION_CONTEXT('2D SPACE',''
  ) );
#7349 = ORIENTED_EDGE('',*,*,#7222,.F.);
#7350 = ORIENTED_EDGE('',*,*,#5464,.T.);
#7351 = ORIENTED_EDGE('',*,*,#7244,.F.);
#7352 = ADVANCED_FACE('',(#7353),#5872,.F.);
#7353 = FACE_BOUND('',#7354,.F.);
#7354 = EDGE_LOOP('',(#7355,#7385,#7413,#7441,#7462,#7463));
#7355 = ORIENTED_EDGE('',*,*,#7356,.F.);
#7356 = EDGE_CURVE('',#7357,#7359,#7361,.T.);
#7357 = VERTEX_POINT('',#7358);
#7358 = CARTESIAN_POINT('',(-53.37304374688,-14.05666592235,
    1.964691606934));
#7359 = VERTEX_POINT('',#7360);
#7360 = CARTESIAN_POINT('',(-51.96283420608,-13.03208871756,
    21.888585568769));
#7361 = SURFACE_CURVE('',#7362,(#7366,#7373),.PCURVE_S1.);
#7362 = LINE('',#7363,#7364);
#7363 = CARTESIAN_POINT('',(-54.07814851728,-14.56895452475,
    -7.997255373984));
#7364 = VECTOR('',#7365,1.);
#7365 = DIRECTION('',(7.051047704023E-02,5.122886023967E-02,
    0.996194698092));
#7366 = PCURVE('',#5872,#7367);
#7367 = DEFINITIONAL_REPRESENTATION('',(#7368),#7372);
#7368 = LINE('',#7369,#7370);
#7369 = CARTESIAN_POINT('',(0.,-10.));
#7370 = VECTOR('',#7371,1.);
#7371 = DIRECTION('',(1.,0.));
#7372 = ( GEOMETRIC_REPRESENTATION_CONTEXT(2) 
PARAMETRIC_REPRESENTATION_CONTEXT() REPRESENTATION_CONTEXT('2D SPACE',''
  ) );
#7373 = PCURVE('',#7374,#7379);
#7374 = CYLINDRICAL_SURFACE('',#7375,10.);
#7375 = AXIS2_PLACEMENT_3D('',#7376,#7377,#7378);
#7376 = CARTESIAN_POINT('',(-62.13753292191,-20.42444004425,
    -7.125697946507));
#7377 = DIRECTION('',(7.051047704023E-02,5.122886023967E-02,
    0.996194698092));
#7378 = DIRECTION('',(0.805938440462,0.58554855195,-8.715574274766E-02)
  );
#7379 = DEFINITIONAL_REPRESENTATION('',(#7380),#7384);
#7380 = LINE('',#7381,#7382);
#7381 = CARTESIAN_POINT('',(0.,0.));
#7382 = VECTOR('',#7383,1.);
#7383 = DIRECTION('',(0.,1.));
#7384 = ( GEOMETRIC_REPRESENTATION_CONTEXT(2) 
PARAMETRIC_REPRESENTATION_CONTEXT() REPRESENTATION_CONTEXT('2D SPACE',''
  ) );
#7385 = ORIENTED_EDGE('',*,*,#7386,.T.);
#7386 = EDGE_CURVE('',#7357,#7387,#7389,.T.);
#7387 = VERTEX_POINT('',#7388);
#7388 = CARTESIAN_POINT('',(-29.86163365518,-46.41734569735,
    1.964691606934));
#7389 = SURFACE_CURVE('',#7390,(#7394,#7401),.PCURVE_S1.);
#7390 = LINE('',#7391,#7392);
#7391 = CARTESIAN_POINT('',(-59.25089626981,-5.966495978606,
    1.964691606934));
#7392 = VECTOR('',#7393,1.);
#7393 = DIRECTION('',(0.587785252292,-0.809016994375,0.));
#7394 = PCURVE('',#5872,#7395);
#7395 = DEFINITIONAL_REPRESENTATION('',(#7396),#7400);
#7396 = LINE('',#7397,#7398);
#7397 = CARTESIAN_POINT('',(10.,-7.105427357601E-15));
#7398 = VECTOR('',#7399,1.);
#7399 = DIRECTION('',(0.,-1.));
#7400 = ( GEOMETRIC_REPRESENTATION_CONTEXT(2) 
PARAMETRIC_REPRESENTATION_CONTEXT() REPRESENTATION_CONTEXT('2D SPACE',''
  ) );
#7401 = PCURVE('',#7402,#7407);
#7402 = CYLINDRICAL_SURFACE('',#7403,10.);
#7403 = AXIS2_PLACEMENT_3D('',#7404,#7405,#7406);
#7404 = CARTESIAN_POINT('',(-67.31028067443,-11.8219814981,2.83624903441
    ));
#7405 = DIRECTION('',(0.587785252292,-0.809016994375,0.));
#7406 = DIRECTION('',(0.805938440462,0.58554855195,-8.715574274766E-02)
  );
#7407 = DEFINITIONAL_REPRESENTATION('',(#7408),#7412);
#7408 = LINE('',#7409,#7410);
#7409 = CARTESIAN_POINT('',(-0.,0.));
#7410 = VECTOR('',#7411,1.);
#7411 = DIRECTION('',(-0.,1.));
#7412 = ( GEOMETRIC_REPRESENTATION_CONTEXT(2) 
PARAMETRIC_REPRESENTATION_CONTEXT() REPRESENTATION_CONTEXT('2D SPACE',''
  ) );
#7413 = ORIENTED_EDGE('',*,*,#7414,.T.);
#7414 = EDGE_CURVE('',#7387,#7415,#7417,.T.);
#7415 = VERTEX_POINT('',#7416);
#7416 = CARTESIAN_POINT('',(-28.45142411438,-45.39276849256,
    21.888585568769));
#7417 = SURFACE_CURVE('',#7418,(#7422,#7429),.PCURVE_S1.);
#7418 = LINE('',#7419,#7420);
#7419 = CARTESIAN_POINT('',(-30.56673842558,-46.92963429975,
    -7.997255373984));
#7420 = VECTOR('',#7421,1.);
#7421 = DIRECTION('',(7.051047704023E-02,5.122886023967E-02,
    0.996194698092));
#7422 = PCURVE('',#5872,#7423);
#7423 = DEFINITIONAL_REPRESENTATION('',(#7424),#7428);
#7424 = LINE('',#7425,#7426);
#7425 = CARTESIAN_POINT('',(0.,-50.));
#7426 = VECTOR('',#7427,1.);
#7427 = DIRECTION('',(1.,0.));
#7428 = ( GEOMETRIC_REPRESENTATION_CONTEXT(2) 
PARAMETRIC_REPRESENTATION_CONTEXT() REPRESENTATION_CONTEXT('2D SPACE',''
  ) );
#7429 = PCURVE('',#7430,#7435);
#7430 = CYLINDRICAL_SURFACE('',#7431,10.);
#7431 = AXIS2_PLACEMENT_3D('',#7432,#7433,#7434);
#7432 = CARTESIAN_POINT('',(-38.62612283021,-52.78511981925,
    -7.125697946507));
#7433 = DIRECTION('',(7.051047704023E-02,5.122886023967E-02,
    0.996194698092));
#7434 = DIRECTION('',(0.805938440462,0.58554855195,-8.715574274766E-02)
  );
#7435 = DEFINITIONAL_REPRESENTATION('',(#7436),#7440);
#7436 = LINE('',#7437,#7438);
#7437 = CARTESIAN_POINT('',(-0.,0.));
#7438 = VECTOR('',#7439,1.);
#7439 = DIRECTION('',(-0.,1.));
#7440 = ( GEOMETRIC_REPRESENTATION_CONTEXT(2) 
PARAMETRIC_REPRESENTATION_CONTEXT() REPRESENTATION_CONTEXT('2D SPACE',''
  ) );
#7441 = ORIENTED_EDGE('',*,*,#7442,.F.);
#7442 = EDGE_CURVE('',#5852,#7415,#7443,.T.);
#7443 = SURFACE_CURVE('',#7444,(#7448,#7455),.PCURVE_S1.);
#7444 = LINE('',#7445,#7446);
#7445 = CARTESIAN_POINT('',(-57.840686729,-4.941918773813,
    21.888585568769));
#7446 = VECTOR('',#7447,1.);
#7447 = DIRECTION('',(0.587785252292,-0.809016994375,0.));
#7448 = PCURVE('',#5872,#7449);
#7449 = DEFINITIONAL_REPRESENTATION('',(#7450),#7454);
#7450 = LINE('',#7451,#7452);
#7451 = CARTESIAN_POINT('',(30.,1.42108547152E-14));
#7452 = VECTOR('',#7453,1.);
#7453 = DIRECTION('',(0.,-1.));
#7454 = ( GEOMETRIC_REPRESENTATION_CONTEXT(2) 
PARAMETRIC_REPRESENTATION_CONTEXT() REPRESENTATION_CONTEXT('2D SPACE',''
  ) );
#7455 = PCURVE('',#6136,#7456);
#7456 = DEFINITIONAL_REPRESENTATION('',(#7457),#7461);
#7457 = LINE('',#7458,#7459);
#7458 = CARTESIAN_POINT('',(0.,0.));
#7459 = VECTOR('',#7460,1.);
#7460 = DIRECTION('',(0.,1.));
#7461 = ( GEOMETRIC_REPRESENTATION_CONTEXT(2) 
PARAMETRIC_REPRESENTATION_CONTEXT() REPRESENTATION_CONTEXT('2D SPACE',''
  ) );
#7462 = ORIENTED_EDGE('',*,*,#5849,.F.);
#7463 = ORIENTED_EDGE('',*,*,#7464,.F.);
#7464 = EDGE_CURVE('',#7359,#5850,#7465,.T.);
#7465 = SURFACE_CURVE('',#7466,(#7470,#7477),.PCURVE_S1.);
#7466 = LINE('',#7467,#7468);
#7467 = CARTESIAN_POINT('',(-57.840686729,-4.941918773813,
    21.888585568769));
#7468 = VECTOR('',#7469,1.);
#7469 = DIRECTION('',(0.587785252292,-0.809016994375,0.));
#7470 = PCURVE('',#5872,#7471);
#7471 = DEFINITIONAL_REPRESENTATION('',(#7472),#7476);
#7472 = LINE('',#7473,#7474);
#7473 = CARTESIAN_POINT('',(30.,1.42108547152E-14));
#7474 = VECTOR('',#7475,1.);
#7475 = DIRECTION('',(0.,-1.));
#7476 = ( GEOMETRIC_REPRESENTATION_CONTEXT(2) 
PARAMETRIC_REPRESENTATION_CONTEXT() REPRESENTATION_CONTEXT('2D SPACE',''
  ) );
#7477 = PCURVE('',#6136,#7478);
#7478 = DEFINITIONAL_REPRESENTATION('',(#7479),#7483);
#7479 = LINE('',#7480,#7481);
#7480 = CARTESIAN_POINT('',(0.,0.));
#7481 = VECTOR('',#7482,1.);
#7482 = DIRECTION('',(0.,1.));
#7483 = ( GEOMETRIC_REPRESENTATION_CONTEXT(2) 
PARAMETRIC_REPRESENTATION_CONTEXT() REPRESENTATION_CONTEXT('2D SPACE',''
  ) );
#7484 = ADVANCED_FACE('',(#7485),#6136,.T.);
#7485 = FACE_BOUND('',#7486,.T.);
#7486 = EDGE_LOOP('',(#7487,#7514,#7542,#7569,#7570,#7571));
#7487 = ORIENTED_EDGE('',*,*,#7488,.F.);
#7488 = EDGE_CURVE('',#7489,#7359,#7491,.T.);
#7489 = VERTEX_POINT('',#7490);
#7490 = CARTESIAN_POINT('',(-59.3171138403,-18.37528563466,
    32.722089977163));
#7491 = SURFACE_CURVE('',#7492,(#7497,#7503),.PCURVE_S1.);
#7492 = CIRCLE('',#7493,10.);
#7493 = AXIS2_PLACEMENT_3D('',#7494,#7495,#7496);
#7494 = CARTESIAN_POINT('',(-60.0222186107,-18.88757423706,
    22.760142996245));
#7495 = DIRECTION('',(-0.587785252292,0.809016994375,4.857225732735E-17)
  );
#7496 = DIRECTION('',(0.805938440462,0.58554855195,-8.715574274766E-02)
  );
#7497 = PCURVE('',#6136,#7498);
#7498 = DEFINITIONAL_REPRESENTATION('',(#7499),#7502);
#7499 = B_SPLINE_CURVE_WITH_KNOTS('',1,(#7500,#7501),.UNSPECIFIED.,.F.,
  .F.,(2,2),(4.712388980385,6.28318530718),.PIECEWISE_BEZIER_KNOTS.);
#7500 = CARTESIAN_POINT('',(1.570796326795,10.));
#7501 = CARTESIAN_POINT('',(0.,10.));
#7502 = ( GEOMETRIC_REPRESENTATION_CONTEXT(2) 
PARAMETRIC_REPRESENTATION_CONTEXT() REPRESENTATION_CONTEXT('2D SPACE',''
  ) );
#7503 = PCURVE('',#7504,#7509);
#7504 = SPHERICAL_SURFACE('',#7505,10.);
#7505 = AXIS2_PLACEMENT_3D('',#7506,#7507,#7508);
#7506 = CARTESIAN_POINT('',(-60.0222186107,-18.88757423706,
    22.760142996245));
#7507 = DIRECTION('',(-7.051047704023E-02,-5.122886023967E-02,
    -0.996194698092));
#7508 = DIRECTION('',(0.805938440462,0.58554855195,-8.715574274766E-02)
  );
#7509 = DEFINITIONAL_REPRESENTATION('',(#7510),#7513);
#7510 = B_SPLINE_CURVE_WITH_KNOTS('',1,(#7511,#7512),.UNSPECIFIED.,.F.,
  .F.,(2,2),(4.712388980385,6.28318530718),.PIECEWISE_BEZIER_KNOTS.);
#7511 = CARTESIAN_POINT('',(0.,-1.570796326795));
#7512 = CARTESIAN_POINT('',(0.,0.));
#7513 = ( GEOMETRIC_REPRESENTATION_CONTEXT(2) 
PARAMETRIC_REPRESENTATION_CONTEXT() REPRESENTATION_CONTEXT('2D SPACE',''
  ) );
#7514 = ORIENTED_EDGE('',*,*,#7515,.T.);
#7515 = EDGE_CURVE('',#7489,#7516,#7518,.T.);
#7516 = VERTEX_POINT('',#7517);
#7517 = CARTESIAN_POINT('',(-35.8057037486,-50.73596540966,
    32.722089977163));
#7518 = SURFACE_CURVE('',#7519,(#7523,#7530),.PCURVE_S1.);
#7519 = LINE('',#7520,#7521);
#7520 = CARTESIAN_POINT('',(-65.19496636322,-10.28511569091,
    32.722089977163));
#7521 = VECTOR('',#7522,1.);
#7522 = DIRECTION('',(0.587785252292,-0.809016994375,0.));
#7523 = PCURVE('',#6136,#7524);
#7524 = DEFINITIONAL_REPRESENTATION('',(#7525),#7529);
#7525 = LINE('',#7526,#7527);
#7526 = CARTESIAN_POINT('',(1.570796326795,0.));
#7527 = VECTOR('',#7528,1.);
#7528 = DIRECTION('',(0.,1.));
#7529 = ( GEOMETRIC_REPRESENTATION_CONTEXT(2) 
PARAMETRIC_REPRESENTATION_CONTEXT() REPRESENTATION_CONTEXT('2D SPACE',''
  ) );
#7530 = PCURVE('',#7531,#7536);
#7531 = PLANE('',#7532);
#7532 = AXIS2_PLACEMENT_3D('',#7533,#7534,#7535);
#7533 = CARTESIAN_POINT('',(-57.1355819586,-4.429630171416,
    31.850532549686));
#7534 = DIRECTION('',(7.051047704023E-02,5.122886023967E-02,
    0.996194698092));
#7535 = DIRECTION('',(-0.805938440462,-0.58554855195,8.715574274766E-02)
  );
#7536 = DEFINITIONAL_REPRESENTATION('',(#7537),#7541);
#7537 = LINE('',#7538,#7539);
#7538 = CARTESIAN_POINT('',(10.,7.105427357601E-15));
#7539 = VECTOR('',#7540,1.);
#7540 = DIRECTION('',(-5.551115123126E-17,1.));
#7541 = ( GEOMETRIC_REPRESENTATION_CONTEXT(2) 
PARAMETRIC_REPRESENTATION_CONTEXT() REPRESENTATION_CONTEXT('2D SPACE',''
  ) );
#7542 = ORIENTED_EDGE('',*,*,#7543,.F.);
#7543 = EDGE_CURVE('',#7415,#7516,#7544,.T.);
#7544 = SURFACE_CURVE('',#7545,(#7550,#7557),.PCURVE_S1.);
#7545 = CIRCLE('',#7546,10.);
#7546 = AXIS2_PLACEMENT_3D('',#7547,#7548,#7549);
#7547 = CARTESIAN_POINT('',(-36.510808519,-51.24825401206,
    22.760142996245));
#7548 = DIRECTION('',(0.587785252292,-0.809016994375,0.));
#7549 = DIRECTION('',(0.805938440462,0.58554855195,-8.715574274766E-02)
  );
#7550 = PCURVE('',#6136,#7551);
#7551 = DEFINITIONAL_REPRESENTATION('',(#7552),#7556);
#7552 = LINE('',#7553,#7554);
#7553 = CARTESIAN_POINT('',(0.,50.));
#7554 = VECTOR('',#7555,1.);
#7555 = DIRECTION('',(1.,0.));
#7556 = ( GEOMETRIC_REPRESENTATION_CONTEXT(2) 
PARAMETRIC_REPRESENTATION_CONTEXT() REPRESENTATION_CONTEXT('2D SPACE',''
  ) );
#7557 = PCURVE('',#7558,#7563);
#7558 = SPHERICAL_SURFACE('',#7559,10.);
#7559 = AXIS2_PLACEMENT_3D('',#7560,#7561,#7562);
#7560 = CARTESIAN_POINT('',(-36.510808519,-51.24825401206,
    22.760142996245));
#7561 = DIRECTION('',(-0.587785252292,0.809016994375,-0.));
#7562 = DIRECTION('',(0.805938440462,0.58554855195,-8.715574274766E-02)
  );
#7563 = DEFINITIONAL_REPRESENTATION('',(#7564),#7568);
#7564 = LINE('',#7565,#7566);
#7565 = CARTESIAN_POINT('',(-0.,0.));
#7566 = VECTOR('',#7567,1.);
#7567 = DIRECTION('',(-1.,0.));
#7568 = ( GEOMETRIC_REPRESENTATION_CONTEXT(2) 
PARAMETRIC_REPRESENTATION_CONTEXT() REPRESENTATION_CONTEXT('2D SPACE',''
  ) );
#7569 = ORIENTED_EDGE('',*,*,#7442,.F.);
#7570 = ORIENTED_EDGE('',*,*,#5884,.T.);
#7571 = ORIENTED_EDGE('',*,*,#7464,.F.);
#7572 = ADVANCED_FACE('',(#7573),#6292,.F.);
#7573 = FACE_BOUND('',#7574,.F.);
#7574 = EDGE_LOOP('',(#7575,#7605,#7633,#7661,#7682,#7683));
#7575 = ORIENTED_EDGE('',*,*,#7576,.F.);
#7576 = EDGE_CURVE('',#7577,#7579,#7581,.T.);
#7577 = VERTEX_POINT('',#7578);
#7578 = CARTESIAN_POINT('',(-3.124967981724,-55.1046213904,
    1.964691606934));
#7579 = VERTEX_POINT('',#7580);
#7580 = CARTESIAN_POINT('',(-3.663620095052,-53.44682064894,
    21.888585568769));
#7581 = SURFACE_CURVE('',#7582,(#7586,#7593),.PCURVE_S1.);
#7582 = LINE('',#7583,#7584);
#7583 = CARTESIAN_POINT('',(-2.85564192506,-55.93352176112,
    -7.997255373984));
#7584 = VECTOR('',#7585,1.);
#7585 = DIRECTION('',(-2.69326056664E-02,8.28900370727E-02,
    0.996194698092));
#7586 = PCURVE('',#6292,#7587);
#7587 = DEFINITIONAL_REPRESENTATION('',(#7588),#7592);
#7588 = LINE('',#7589,#7590);
#7589 = CARTESIAN_POINT('',(0.,-10.));
#7590 = VECTOR('',#7591,1.);
#7591 = DIRECTION('',(1.,-3.469446951954E-18));
#7592 = ( GEOMETRIC_REPRESENTATION_CONTEXT(2) 
PARAMETRIC_REPRESENTATION_CONTEXT() REPRESENTATION_CONTEXT('2D SPACE',''
  ) );
#7593 = PCURVE('',#7594,#7599);
#7594 = CYLINDRICAL_SURFACE('',#7595,10.);
#7595 = AXIS2_PLACEMENT_3D('',#7596,#7597,#7598);
#7596 = CARTESIAN_POINT('',(0.222768989105,-65.40789635231,
    -7.125697946507));
#7597 = DIRECTION('',(-2.69326056664E-02,8.28900370727E-02,
    0.996194698092));
#7598 = DIRECTION('',(-0.307841091417,0.947437459119,-8.715574274766E-02
    ));
#7599 = DEFINITIONAL_REPRESENTATION('',(#7600),#7604);
#7600 = LINE('',#7601,#7602);
#7601 = CARTESIAN_POINT('',(0.,0.));
#7602 = VECTOR('',#7603,1.);
#7603 = DIRECTION('',(0.,1.));
#7604 = ( GEOMETRIC_REPRESENTATION_CONTEXT(2) 
PARAMETRIC_REPRESENTATION_CONTEXT() REPRESENTATION_CONTEXT('2D SPACE',''
  ) );
#7605 = ORIENTED_EDGE('',*,*,#7606,.T.);
#7606 = EDGE_CURVE('',#7577,#7607,#7609,.T.);
#7607 = VERTEX_POINT('',#7608);
#7608 = CARTESIAN_POINT('',(34.917292670082,-42.7439416154,
    1.964691606934));
#7609 = SURFACE_CURVE('',#7610,(#7614,#7621),.PCURVE_S1.);
#7610 = LINE('',#7611,#7612);
#7611 = CARTESIAN_POINT('',(-12.63553314467,-58.19479133415,
    1.964691606934));
#7612 = VECTOR('',#7613,1.);
#7613 = DIRECTION('',(0.951056516295,0.309016994375,0.));
#7614 = PCURVE('',#6292,#7615);
#7615 = DEFINITIONAL_REPRESENTATION('',(#7616),#7620);
#7616 = LINE('',#7617,#7618);
#7617 = CARTESIAN_POINT('',(10.,0.));
#7618 = VECTOR('',#7619,1.);
#7619 = DIRECTION('',(3.469446951954E-18,-1.));
#7620 = ( GEOMETRIC_REPRESENTATION_CONTEXT(2) 
PARAMETRIC_REPRESENTATION_CONTEXT() REPRESENTATION_CONTEXT('2D SPACE',''
  ) );
#7621 = PCURVE('',#7622,#7627);
#7622 = CYLINDRICAL_SURFACE('',#7623,10.);
#7623 = AXIS2_PLACEMENT_3D('',#7624,#7625,#7626);
#7624 = CARTESIAN_POINT('',(-9.55712223051,-67.66916592533,2.83624903441
    ));
#7625 = DIRECTION('',(0.951056516295,0.309016994375,0.));
#7626 = DIRECTION('',(-0.307841091417,0.947437459119,-8.715574274766E-02
    ));
#7627 = DEFINITIONAL_REPRESENTATION('',(#7628),#7632);
#7628 = LINE('',#7629,#7630);
#7629 = CARTESIAN_POINT('',(-0.,0.));
#7630 = VECTOR('',#7631,1.);
#7631 = DIRECTION('',(-0.,1.));
#7632 = ( GEOMETRIC_REPRESENTATION_CONTEXT(2) 
PARAMETRIC_REPRESENTATION_CONTEXT() REPRESENTATION_CONTEXT('2D SPACE',''
  ) );
#7633 = ORIENTED_EDGE('',*,*,#7634,.T.);
#7634 = EDGE_CURVE('',#7607,#7635,#7637,.T.);
#7635 = VERTEX_POINT('',#7636);
#7636 = CARTESIAN_POINT('',(34.378640556754,-41.08614087394,
    21.888585568769));
#7637 = SURFACE_CURVE('',#7638,(#7642,#7649),.PCURVE_S1.);
#7638 = LINE('',#7639,#7640);
#7639 = CARTESIAN_POINT('',(35.186618726746,-43.57284198612,
    -7.997255373984));
#7640 = VECTOR('',#7641,1.);
#7641 = DIRECTION('',(-2.69326056664E-02,8.28900370727E-02,
    0.996194698092));
#7642 = PCURVE('',#6292,#7643);
#7643 = DEFINITIONAL_REPRESENTATION('',(#7644),#7648);
#7644 = LINE('',#7645,#7646);
#7645 = CARTESIAN_POINT('',(0.,-50.));
#7646 = VECTOR('',#7647,1.);
#7647 = DIRECTION('',(1.,-3.469446951954E-18));
#7648 = ( GEOMETRIC_REPRESENTATION_CONTEXT(2) 
PARAMETRIC_REPRESENTATION_CONTEXT() REPRESENTATION_CONTEXT('2D SPACE',''
  ) );
#7649 = PCURVE('',#7650,#7655);
#7650 = CYLINDRICAL_SURFACE('',#7651,10.);
#7651 = AXIS2_PLACEMENT_3D('',#7652,#7653,#7654);
#7652 = CARTESIAN_POINT('',(38.265029640911,-53.04721657731,
    -7.125697946507));
#7653 = DIRECTION('',(-2.69326056664E-02,8.28900370727E-02,
    0.996194698092));
#7654 = DIRECTION('',(-0.307841091417,0.947437459119,-8.715574274766E-02
    ));
#7655 = DEFINITIONAL_REPRESENTATION('',(#7656),#7660);
#7656 = LINE('',#7657,#7658);
#7657 = CARTESIAN_POINT('',(-0.,0.));
#7658 = VECTOR('',#7659,1.);
#7659 = DIRECTION('',(-0.,1.));
#7660 = ( GEOMETRIC_REPRESENTATION_CONTEXT(2) 
PARAMETRIC_REPRESENTATION_CONTEXT() REPRESENTATION_CONTEXT('2D SPACE',''
  ) );
#7661 = ORIENTED_EDGE('',*,*,#7662,.F.);
#7662 = EDGE_CURVE('',#6272,#7635,#7663,.T.);
#7663 = SURFACE_CURVE('',#7664,(#7668,#7675),.PCURVE_S1.);
#7664 = LINE('',#7665,#7666);
#7665 = CARTESIAN_POINT('',(-13.174185258,-56.53699059269,
    21.888585568769));
#7666 = VECTOR('',#7667,1.);
#7667 = DIRECTION('',(0.951056516295,0.309016994375,0.));
#7668 = PCURVE('',#6292,#7669);
#7669 = DEFINITIONAL_REPRESENTATION('',(#7670),#7674);
#7670 = LINE('',#7671,#7672);
#7671 = CARTESIAN_POINT('',(30.,1.42108547152E-14));
#7672 = VECTOR('',#7673,1.);
#7673 = DIRECTION('',(3.469446951954E-18,-1.));
#7674 = ( GEOMETRIC_REPRESENTATION_CONTEXT(2) 
PARAMETRIC_REPRESENTATION_CONTEXT() REPRESENTATION_CONTEXT('2D SPACE',''
  ) );
#7675 = PCURVE('',#6556,#7676);
#7676 = DEFINITIONAL_REPRESENTATION('',(#7677),#7681);
#7677 = LINE('',#7678,#7679);
#7678 = CARTESIAN_POINT('',(0.,0.));
#7679 = VECTOR('',#7680,1.);
#7680 = DIRECTION('',(0.,1.));
#7681 = ( GEOMETRIC_REPRESENTATION_CONTEXT(2) 
PARAMETRIC_REPRESENTATION_CONTEXT() REPRESENTATION_CONTEXT('2D SPACE',''
  ) );
#7682 = ORIENTED_EDGE('',*,*,#6269,.F.);
#7683 = ORIENTED_EDGE('',*,*,#7684,.F.);
#7684 = EDGE_CURVE('',#7579,#6270,#7685,.T.);
#7685 = SURFACE_CURVE('',#7686,(#7690,#7697),.PCURVE_S1.);
#7686 = LINE('',#7687,#7688);
#7687 = CARTESIAN_POINT('',(-13.174185258,-56.53699059269,
    21.888585568769));
#7688 = VECTOR('',#7689,1.);
#7689 = DIRECTION('',(0.951056516295,0.309016994375,0.));
#7690 = PCURVE('',#6292,#7691);
#7691 = DEFINITIONAL_REPRESENTATION('',(#7692),#7696);
#7692 = LINE('',#7693,#7694);
#7693 = CARTESIAN_POINT('',(30.,1.42108547152E-14));
#7694 = VECTOR('',#7695,1.);
#7695 = DIRECTION('',(3.469446951954E-18,-1.));
#7696 = ( GEOMETRIC_REPRESENTATION_CONTEXT(2) 
PARAMETRIC_REPRESENTATION_CONTEXT() REPRESENTATION_CONTEXT('2D SPACE',''
  ) );
#7697 = PCURVE('',#6556,#7698);
#7698 = DEFINITIONAL_REPRESENTATION('',(#7699),#7703);
#7699 = LINE('',#7700,#7701);
#7700 = CARTESIAN_POINT('',(0.,0.));
#7701 = VECTOR('',#7702,1.);
#7702 = DIRECTION('',(0.,1.));
#7703 = ( GEOMETRIC_REPRESENTATION_CONTEXT(2) 
PARAMETRIC_REPRESENTATION_CONTEXT() REPRESENTATION_CONTEXT('2D SPACE',''
  ) );
#7704 = ADVANCED_FACE('',(#7705),#6556,.T.);
#7705 = FACE_BOUND('',#7706,.T.);
#7706 = EDGE_LOOP('',(#7707,#7734,#7762,#7789,#7790,#7791));
#7707 = ORIENTED_EDGE('',*,*,#7708,.F.);
#7708 = EDGE_CURVE('',#7709,#7579,#7711,.T.);
#7709 = VERTEX_POINT('',#7710);
#7710 = CARTESIAN_POINT('',(-0.854535237551,-62.0922948694,
    32.722089977163));
#7711 = SURFACE_CURVE('',#7712,(#7717,#7723),.PCURVE_S1.);
#7712 = CIRCLE('',#7713,10.);
#7713 = AXIS2_PLACEMENT_3D('',#7714,#7715,#7716);
#7714 = CARTESIAN_POINT('',(-0.585209180887,-62.92119524013,
    22.760142996245));
#7715 = DIRECTION('',(-0.951056516295,-0.309016994375,1.734723475977E-17
    ));
#7716 = DIRECTION('',(-0.307841091417,0.947437459119,-8.715574274766E-02
    ));
#7717 = PCURVE('',#6556,#7718);
#7718 = DEFINITIONAL_REPRESENTATION('',(#7719),#7722);
#7719 = B_SPLINE_CURVE_WITH_KNOTS('',1,(#7720,#7721),.UNSPECIFIED.,.F.,
  .F.,(2,2),(4.712388980385,6.28318530718),.PIECEWISE_BEZIER_KNOTS.);
#7720 = CARTESIAN_POINT('',(1.570796326795,10.));
#7721 = CARTESIAN_POINT('',(0.,10.));
#7722 = ( GEOMETRIC_REPRESENTATION_CONTEXT(2) 
PARAMETRIC_REPRESENTATION_CONTEXT() REPRESENTATION_CONTEXT('2D SPACE',''
  ) );
#7723 = PCURVE('',#7724,#7729);
#7724 = SPHERICAL_SURFACE('',#7725,10.);
#7725 = AXIS2_PLACEMENT_3D('',#7726,#7727,#7728);
#7726 = CARTESIAN_POINT('',(-0.585209180887,-62.92119524013,
    22.760142996245));
#7727 = DIRECTION('',(2.69326056664E-02,-8.28900370727E-02,
    -0.996194698092));
#7728 = DIRECTION('',(-0.307841091417,0.947437459119,-8.715574274766E-02
    ));
#7729 = DEFINITIONAL_REPRESENTATION('',(#7730),#7733);
#7730 = B_SPLINE_CURVE_WITH_KNOTS('',1,(#7731,#7732),.UNSPECIFIED.,.F.,
  .F.,(2,2),(4.712388980385,6.28318530718),.PIECEWISE_BEZIER_KNOTS.);
#7731 = CARTESIAN_POINT('',(0.,-1.570796326795));
#7732 = CARTESIAN_POINT('',(0.,0.));
#7733 = ( GEOMETRIC_REPRESENTATION_CONTEXT(2) 
PARAMETRIC_REPRESENTATION_CONTEXT() REPRESENTATION_CONTEXT('2D SPACE',''
  ) );
#7734 = ORIENTED_EDGE('',*,*,#7735,.T.);
#7735 = EDGE_CURVE('',#7709,#7736,#7738,.T.);
#7736 = VERTEX_POINT('',#7737);
#7737 = CARTESIAN_POINT('',(37.187725414255,-49.73161509441,
    32.722089977163));
#7738 = SURFACE_CURVE('',#7739,(#7743,#7750),.PCURVE_S1.);
#7739 = LINE('',#7740,#7741);
#7740 = CARTESIAN_POINT('',(-10.3651004005,-65.18246481315,
    32.722089977163));
#7741 = VECTOR('',#7742,1.);
#7742 = DIRECTION('',(0.951056516295,0.309016994375,0.));
#7743 = PCURVE('',#6556,#7744);
#7744 = DEFINITIONAL_REPRESENTATION('',(#7745),#7749);
#7745 = LINE('',#7746,#7747);
#7746 = CARTESIAN_POINT('',(1.570796326795,0.));
#7747 = VECTOR('',#7748,1.);
#7748 = DIRECTION('',(0.,1.));
#7749 = ( GEOMETRIC_REPRESENTATION_CONTEXT(2) 
PARAMETRIC_REPRESENTATION_CONTEXT() REPRESENTATION_CONTEXT('2D SPACE',''
  ) );
#7750 = PCURVE('',#7751,#7756);
#7751 = PLANE('',#7752);
#7752 = AXIS2_PLACEMENT_3D('',#7753,#7754,#7755);
#7753 = CARTESIAN_POINT('',(-13.44351131466,-55.70809022196,
    31.850532549686));
#7754 = DIRECTION('',(-2.69326056664E-02,8.28900370727E-02,
    0.996194698092));
#7755 = DIRECTION('',(0.307841091417,-0.947437459119,8.715574274766E-02)
  );
#7756 = DEFINITIONAL_REPRESENTATION('',(#7757),#7761);
#7757 = LINE('',#7758,#7759);
#7758 = CARTESIAN_POINT('',(10.,-7.105427357601E-15));
#7759 = VECTOR('',#7760,1.);
#7760 = DIRECTION('',(0.,1.));
#7761 = ( GEOMETRIC_REPRESENTATION_CONTEXT(2) 
PARAMETRIC_REPRESENTATION_CONTEXT() REPRESENTATION_CONTEXT('2D SPACE',''
  ) );
#7762 = ORIENTED_EDGE('',*,*,#7763,.F.);
#7763 = EDGE_CURVE('',#7635,#7736,#7764,.T.);
#7764 = SURFACE_CURVE('',#7765,(#7770,#7777),.PCURVE_S1.);
#7765 = CIRCLE('',#7766,10.);
#7766 = AXIS2_PLACEMENT_3D('',#7767,#7768,#7769);
#7767 = CARTESIAN_POINT('',(37.457051470919,-50.56051546513,
    22.760142996245));
#7768 = DIRECTION('',(0.951056516295,0.309016994375,-6.938893903907E-18)
  );
#7769 = DIRECTION('',(-0.307841091417,0.947437459119,-8.715574274766E-02
    ));
#7770 = PCURVE('',#6556,#7771);
#7771 = DEFINITIONAL_REPRESENTATION('',(#7772),#7776);
#7772 = LINE('',#7773,#7774);
#7773 = CARTESIAN_POINT('',(0.,50.));
#7774 = VECTOR('',#7775,1.);
#7775 = DIRECTION('',(1.,0.));
#7776 = ( GEOMETRIC_REPRESENTATION_CONTEXT(2) 
PARAMETRIC_REPRESENTATION_CONTEXT() REPRESENTATION_CONTEXT('2D SPACE',''
  ) );
#7777 = PCURVE('',#7778,#7783);
#7778 = SPHERICAL_SURFACE('',#7779,10.);
#7779 = AXIS2_PLACEMENT_3D('',#7780,#7781,#7782);
#7780 = CARTESIAN_POINT('',(37.457051470919,-50.56051546513,
    22.760142996245));
#7781 = DIRECTION('',(-0.951056516295,-0.309016994375,3.469446951954E-18
    ));
#7782 = DIRECTION('',(-0.307841091417,0.947437459119,-8.715574274766E-02
    ));
#7783 = DEFINITIONAL_REPRESENTATION('',(#7784),#7788);
#7784 = LINE('',#7785,#7786);
#7785 = CARTESIAN_POINT('',(-0.,0.));
#7786 = VECTOR('',#7787,1.);
#7787 = DIRECTION('',(-1.,0.));
#7788 = ( GEOMETRIC_REPRESENTATION_CONTEXT(2) 
PARAMETRIC_REPRESENTATION_CONTEXT() REPRESENTATION_CONTEXT('2D SPACE',''
  ) );
#7789 = ORIENTED_EDGE('',*,*,#7662,.F.);
#7790 = ORIENTED_EDGE('',*,*,#6304,.T.);
#7791 = ORIENTED_EDGE('',*,*,#7684,.F.);
#7792 = ADVANCED_FACE('',(#7793),#6708,.T.);
#7793 = FACE_BOUND('',#7794,.T.);
#7794 = EDGE_LOOP('',(#7795,#7796,#7825,#7853));
#7795 = ORIENTED_EDGE('',*,*,#6690,.F.);
#7796 = ORIENTED_EDGE('',*,*,#7797,.T.);
#7797 = EDGE_CURVE('',#6691,#7798,#7800,.T.);
#7798 = VERTEX_POINT('',#7799);
#7799 = CARTESIAN_POINT('',(61.404299694632,-30.,2.83624903441));
#7800 = SURFACE_CURVE('',#7801,(#7806,#7813),.PCURVE_S1.);
#7801 = CIRCLE('',#7802,10.);
#7802 = AXIS2_PLACEMENT_3D('',#7803,#7804,#7805);
#7803 = CARTESIAN_POINT('',(61.404299694632,-20.,2.83624903441));
#7804 = DIRECTION('',(-8.715574274766E-02,0.,0.996194698092));
#7805 = DIRECTION('',(-0.996194698092,0.,-8.715574274766E-02));
#7806 = PCURVE('',#6708,#7807);
#7807 = DEFINITIONAL_REPRESENTATION('',(#7808),#7812);
#7808 = LINE('',#7809,#7810);
#7809 = CARTESIAN_POINT('',(0.,10.));
#7810 = VECTOR('',#7811,1.);
#7811 = DIRECTION('',(1.,0.));
#7812 = ( GEOMETRIC_REPRESENTATION_CONTEXT(2) 
PARAMETRIC_REPRESENTATION_CONTEXT() REPRESENTATION_CONTEXT('2D SPACE',''
  ) );
#7813 = PCURVE('',#7814,#7819);
#7814 = SPHERICAL_SURFACE('',#7815,10.);
#7815 = AXIS2_PLACEMENT_3D('',#7816,#7817,#7818);
#7816 = CARTESIAN_POINT('',(61.404299694632,-20.,2.83624903441));
#7817 = DIRECTION('',(-8.715574274766E-02,0.,0.996194698092));
#7818 = DIRECTION('',(-0.996194698092,0.,-8.715574274766E-02));
#7819 = DEFINITIONAL_REPRESENTATION('',(#7820),#7824);
#7820 = LINE('',#7821,#7822);
#7821 = CARTESIAN_POINT('',(0.,0.));
#7822 = VECTOR('',#7823,1.);
#7823 = DIRECTION('',(1.,0.));
#7824 = ( GEOMETRIC_REPRESENTATION_CONTEXT(2) 
PARAMETRIC_REPRESENTATION_CONTEXT() REPRESENTATION_CONTEXT('2D SPACE',''
  ) );
#7825 = ORIENTED_EDGE('',*,*,#7826,.T.);
#7826 = EDGE_CURVE('',#7798,#7827,#7829,.T.);
#7827 = VERTEX_POINT('',#7828);
#7828 = CARTESIAN_POINT('',(59.661184839679,-30.,22.760142996245));
#7829 = SURFACE_CURVE('',#7830,(#7834,#7841),.PCURVE_S1.);
#7830 = LINE('',#7831,#7832);
#7831 = CARTESIAN_POINT('',(62.275857122109,-30.,-7.125697946507));
#7832 = VECTOR('',#7833,1.);
#7833 = DIRECTION('',(-8.715574274766E-02,0.,0.996194698092));
#7834 = PCURVE('',#6708,#7835);
#7835 = DEFINITIONAL_REPRESENTATION('',(#7836),#7840);
#7836 = LINE('',#7837,#7838);
#7837 = CARTESIAN_POINT('',(1.570796326795,0.));
#7838 = VECTOR('',#7839,1.);
#7839 = DIRECTION('',(0.,1.));
#7840 = ( GEOMETRIC_REPRESENTATION_CONTEXT(2) 
PARAMETRIC_REPRESENTATION_CONTEXT() REPRESENTATION_CONTEXT('2D SPACE',''
  ) );
#7841 = PCURVE('',#7842,#7847);
#7842 = PLANE('',#7843);
#7843 = AXIS2_PLACEMENT_3D('',#7844,#7845,#7846);
#7844 = CARTESIAN_POINT('',(52.313910141191,-30.,-7.997255373984));
#7845 = DIRECTION('',(0.,1.,0.));
#7846 = DIRECTION('',(-8.715574274766E-02,0.,0.996194698092));
#7847 = DEFINITIONAL_REPRESENTATION('',(#7848),#7852);
#7848 = LINE('',#7849,#7850);
#7849 = CARTESIAN_POINT('',(0.,10.));
#7850 = VECTOR('',#7851,1.);
#7851 = DIRECTION('',(1.,0.));
#7852 = ( GEOMETRIC_REPRESENTATION_CONTEXT(2) 
PARAMETRIC_REPRESENTATION_CONTEXT() REPRESENTATION_CONTEXT('2D SPACE',''
  ) );
#7853 = ORIENTED_EDGE('',*,*,#7854,.F.);
#7854 = EDGE_CURVE('',#6693,#7827,#7855,.T.);
#7855 = SURFACE_CURVE('',#7856,(#7861,#7868),.PCURVE_S1.);
#7856 = CIRCLE('',#7857,10.);
#7857 = AXIS2_PLACEMENT_3D('',#7858,#7859,#7860);
#7858 = CARTESIAN_POINT('',(59.661184839679,-20.,22.760142996245));
#7859 = DIRECTION('',(-8.715574274766E-02,0.,0.996194698092));
#7860 = DIRECTION('',(-0.996194698092,0.,-8.715574274766E-02));
#7861 = PCURVE('',#6708,#7862);
#7862 = DEFINITIONAL_REPRESENTATION('',(#7863),#7867);
#7863 = LINE('',#7864,#7865);
#7864 = CARTESIAN_POINT('',(0.,30.));
#7865 = VECTOR('',#7866,1.);
#7866 = DIRECTION('',(1.,0.));
#7867 = ( GEOMETRIC_REPRESENTATION_CONTEXT(2) 
PARAMETRIC_REPRESENTATION_CONTEXT() REPRESENTATION_CONTEXT('2D SPACE',''
  ) );
#7868 = PCURVE('',#6843,#7869);
#7869 = DEFINITIONAL_REPRESENTATION('',(#7870),#7874);
#7870 = LINE('',#7871,#7872);
#7871 = CARTESIAN_POINT('',(-0.,0.));
#7872 = VECTOR('',#7873,1.);
#7873 = DIRECTION('',(-1.,0.));
#7874 = ( GEOMETRIC_REPRESENTATION_CONTEXT(2) 
PARAMETRIC_REPRESENTATION_CONTEXT() REPRESENTATION_CONTEXT('2D SPACE',''
  ) );
#7875 = ADVANCED_FACE('',(#7876),#6764,.T.);
#7876 = FACE_BOUND('',#7877,.F.);
#7877 = EDGE_LOOP('',(#7878,#7879,#7908,#7936));
#7878 = ORIENTED_EDGE('',*,*,#6748,.F.);
#7879 = ORIENTED_EDGE('',*,*,#7880,.T.);
#7880 = EDGE_CURVE('',#6721,#7881,#7883,.T.);
#7881 = VERTEX_POINT('',#7882);
#7882 = CARTESIAN_POINT('',(61.404299694632,30.,2.83624903441));
#7883 = SURFACE_CURVE('',#7884,(#7889,#7896),.PCURVE_S1.);
#7884 = CIRCLE('',#7885,10.);
#7885 = AXIS2_PLACEMENT_3D('',#7886,#7887,#7888);
#7886 = CARTESIAN_POINT('',(61.404299694632,20.,2.83624903441));
#7887 = DIRECTION('',(8.715574274766E-02,0.,-0.996194698092));
#7888 = DIRECTION('',(-0.996194698092,0.,-8.715574274766E-02));
#7889 = PCURVE('',#6764,#7890);
#7890 = DEFINITIONAL_REPRESENTATION('',(#7891),#7895);
#7891 = LINE('',#7892,#7893);
#7892 = CARTESIAN_POINT('',(-0.,10.));
#7893 = VECTOR('',#7894,1.);
#7894 = DIRECTION('',(-1.,0.));
#7895 = ( GEOMETRIC_REPRESENTATION_CONTEXT(2) 
PARAMETRIC_REPRESENTATION_CONTEXT() REPRESENTATION_CONTEXT('2D SPACE',''
  ) );
#7896 = PCURVE('',#7897,#7902);
#7897 = SPHERICAL_SURFACE('',#7898,10.);
#7898 = AXIS2_PLACEMENT_3D('',#7899,#7900,#7901);
#7899 = CARTESIAN_POINT('',(61.404299694632,20.,2.83624903441));
#7900 = DIRECTION('',(-8.715574274766E-02,0.,0.996194698092));
#7901 = DIRECTION('',(-0.996194698092,0.,-8.715574274766E-02));
#7902 = DEFINITIONAL_REPRESENTATION('',(#7903),#7907);
#7903 = LINE('',#7904,#7905);
#7904 = CARTESIAN_POINT('',(-0.,0.));
#7905 = VECTOR('',#7906,1.);
#7906 = DIRECTION('',(-1.,0.));
#7907 = ( GEOMETRIC_REPRESENTATION_CONTEXT(2) 
PARAMETRIC_REPRESENTATION_CONTEXT() REPRESENTATION_CONTEXT('2D SPACE',''
  ) );
#7908 = ORIENTED_EDGE('',*,*,#7909,.T.);
#7909 = EDGE_CURVE('',#7881,#7910,#7912,.T.);
#7910 = VERTEX_POINT('',#7911);
#7911 = CARTESIAN_POINT('',(59.661184839679,30.,22.760142996245));
#7912 = SURFACE_CURVE('',#7913,(#7917,#7924),.PCURVE_S1.);
#7913 = LINE('',#7914,#7915);
#7914 = CARTESIAN_POINT('',(62.275857122109,30.,-7.125697946507));
#7915 = VECTOR('',#7916,1.);
#7916 = DIRECTION('',(-8.715574274766E-02,0.,0.996194698092));
#7917 = PCURVE('',#6764,#7918);
#7918 = DEFINITIONAL_REPRESENTATION('',(#7919),#7923);
#7919 = LINE('',#7920,#7921);
#7920 = CARTESIAN_POINT('',(-1.570796326795,0.));
#7921 = VECTOR('',#7922,1.);
#7922 = DIRECTION('',(-0.,1.));
#7923 = ( GEOMETRIC_REPRESENTATION_CONTEXT(2) 
PARAMETRIC_REPRESENTATION_CONTEXT() REPRESENTATION_CONTEXT('2D SPACE',''
  ) );
#7924 = PCURVE('',#7925,#7930);
#7925 = PLANE('',#7926);
#7926 = AXIS2_PLACEMENT_3D('',#7927,#7928,#7929);
#7927 = CARTESIAN_POINT('',(52.313910141191,30.,-7.997255373984));
#7928 = DIRECTION('',(0.,1.,0.));
#7929 = DIRECTION('',(-8.715574274766E-02,0.,0.996194698092));
#7930 = DEFINITIONAL_REPRESENTATION('',(#7931),#7935);
#7931 = LINE('',#7932,#7933);
#7932 = CARTESIAN_POINT('',(0.,10.));
#7933 = VECTOR('',#7934,1.);
#7934 = DIRECTION('',(1.,0.));
#7935 = ( GEOMETRIC_REPRESENTATION_CONTEXT(2) 
PARAMETRIC_REPRESENTATION_CONTEXT() REPRESENTATION_CONTEXT('2D SPACE',''
  ) );
#7936 = ORIENTED_EDGE('',*,*,#7937,.T.);
#7937 = EDGE_CURVE('',#7910,#6749,#7938,.T.);
#7938 = SURFACE_CURVE('',#7939,(#7944,#7950),.PCURVE_S1.);
#7939 = CIRCLE('',#7940,10.);
#7940 = AXIS2_PLACEMENT_3D('',#7941,#7942,#7943);
#7941 = CARTESIAN_POINT('',(59.661184839679,20.,22.760142996245));
#7942 = DIRECTION('',(-8.715574274766E-02,0.,0.996194698092));
#7943 = DIRECTION('',(-0.996194698092,0.,-8.715574274766E-02));
#7944 = PCURVE('',#6764,#7945);
#7945 = DEFINITIONAL_REPRESENTATION('',(#7946),#7949);
#7946 = B_SPLINE_CURVE_WITH_KNOTS('',1,(#7947,#7948),.UNSPECIFIED.,.F.,
  .F.,(2,2),(4.712388980385,6.28318530718),.PIECEWISE_BEZIER_KNOTS.);
#7947 = CARTESIAN_POINT('',(-1.570796326795,30.));
#7948 = CARTESIAN_POINT('',(0.,30.));
#7949 = ( GEOMETRIC_REPRESENTATION_CONTEXT(2) 
PARAMETRIC_REPRESENTATION_CONTEXT() REPRESENTATION_CONTEXT('2D SPACE',''
  ) );
#7950 = PCURVE('',#6897,#7951);
#7951 = DEFINITIONAL_REPRESENTATION('',(#7952),#7955);
#7952 = B_SPLINE_CURVE_WITH_KNOTS('',1,(#7953,#7954),.UNSPECIFIED.,.F.,
  .F.,(2,2),(4.712388980385,6.28318530718),.PIECEWISE_BEZIER_KNOTS.);
#7953 = CARTESIAN_POINT('',(0.,-1.570796326795));
#7954 = CARTESIAN_POINT('',(0.,0.));
#7955 = ( GEOMETRIC_REPRESENTATION_CONTEXT(2) 
PARAMETRIC_REPRESENTATION_CONTEXT() REPRESENTATION_CONTEXT('2D SPACE',''
  ) );
#7956 = ADVANCED_FACE('',(#7957),#6736,.T.);
#7957 = FACE_BOUND('',#7958,.F.);
#7958 = EDGE_LOOP('',(#7959,#7981,#8009,#8029));
#7959 = ORIENTED_EDGE('',*,*,#7960,.F.);
#7960 = EDGE_CURVE('',#7961,#6691,#7963,.T.);
#7961 = VERTEX_POINT('',#7962);
#7962 = CARTESIAN_POINT('',(62.275857122109,-20.,-7.125697946507));
#7963 = SURFACE_CURVE('',#7964,(#7969,#7975),.PCURVE_S1.);
#7964 = CIRCLE('',#7965,10.);
#7965 = AXIS2_PLACEMENT_3D('',#7966,#7967,#7968);
#7966 = CARTESIAN_POINT('',(61.404299694632,-20.,2.83624903441));
#7967 = DIRECTION('',(0.,1.,0.));
#7968 = DIRECTION('',(-0.996194698092,0.,-8.715574274766E-02));
#7969 = PCURVE('',#6736,#7970);
#7970 = DEFINITIONAL_REPRESENTATION('',(#7971),#7974);
#7971 = B_SPLINE_CURVE_WITH_KNOTS('',1,(#7972,#7973),.UNSPECIFIED.,.F.,
  .F.,(2,2),(4.712388980385,6.28318530718),.PIECEWISE_BEZIER_KNOTS.);
#7972 = CARTESIAN_POINT('',(-1.570796326795,10.));
#7973 = CARTESIAN_POINT('',(0.,10.));
#7974 = ( GEOMETRIC_REPRESENTATION_CONTEXT(2) 
PARAMETRIC_REPRESENTATION_CONTEXT() REPRESENTATION_CONTEXT('2D SPACE',''
  ) );
#7975 = PCURVE('',#7814,#7976);
#7976 = DEFINITIONAL_REPRESENTATION('',(#7977),#7980);
#7977 = B_SPLINE_CURVE_WITH_KNOTS('',1,(#7978,#7979),.UNSPECIFIED.,.F.,
  .F.,(2,2),(4.712388980385,6.28318530718),.PIECEWISE_BEZIER_KNOTS.);
#7978 = CARTESIAN_POINT('',(0.,-1.570796326795));
#7979 = CARTESIAN_POINT('',(0.,0.));
#7980 = ( GEOMETRIC_REPRESENTATION_CONTEXT(2) 
PARAMETRIC_REPRESENTATION_CONTEXT() REPRESENTATION_CONTEXT('2D SPACE',''
  ) );
#7981 = ORIENTED_EDGE('',*,*,#7982,.T.);
#7982 = EDGE_CURVE('',#7961,#7983,#7985,.T.);
#7983 = VERTEX_POINT('',#7984);
#7984 = CARTESIAN_POINT('',(62.275857122109,20.,-7.125697946507));
#7985 = SURFACE_CURVE('',#7986,(#7990,#7997),.PCURVE_S1.);
#7986 = LINE('',#7987,#7988);
#7987 = CARTESIAN_POINT('',(62.275857122109,-30.,-7.125697946507));
#7988 = VECTOR('',#7989,1.);
#7989 = DIRECTION('',(0.,1.,0.));
#7990 = PCURVE('',#6736,#7991);
#7991 = DEFINITIONAL_REPRESENTATION('',(#7992),#7996);
#7992 = LINE('',#7993,#7994);
#7993 = CARTESIAN_POINT('',(-1.570796326795,0.));
#7994 = VECTOR('',#7995,1.);
#7995 = DIRECTION('',(-0.,1.));
#7996 = ( GEOMETRIC_REPRESENTATION_CONTEXT(2) 
PARAMETRIC_REPRESENTATION_CONTEXT() REPRESENTATION_CONTEXT('2D SPACE',''
  ) );
#7997 = PCURVE('',#7998,#8003);
#7998 = PLANE('',#7999);
#7999 = AXIS2_PLACEMENT_3D('',#8000,#8001,#8002);
#8000 = CARTESIAN_POINT('',(52.313910141191,-30.,-7.997255373984));
#8001 = DIRECTION('',(-8.715574274766E-02,0.,0.996194698092));
#8002 = DIRECTION('',(0.996194698092,0.,8.715574274766E-02));
#8003 = DEFINITIONAL_REPRESENTATION('',(#8004),#8008);
#8004 = LINE('',#8005,#8006);
#8005 = CARTESIAN_POINT('',(10.,0.));
#8006 = VECTOR('',#8007,1.);
#8007 = DIRECTION('',(0.,1.));
#8008 = ( GEOMETRIC_REPRESENTATION_CONTEXT(2) 
PARAMETRIC_REPRESENTATION_CONTEXT() REPRESENTATION_CONTEXT('2D SPACE',''
  ) );
#8009 = ORIENTED_EDGE('',*,*,#8010,.T.);
#8010 = EDGE_CURVE('',#7983,#6721,#8011,.T.);
#8011 = SURFACE_CURVE('',#8012,(#8017,#8023),.PCURVE_S1.);
#8012 = CIRCLE('',#8013,10.);
#8013 = AXIS2_PLACEMENT_3D('',#8014,#8015,#8016);
#8014 = CARTESIAN_POINT('',(61.404299694632,20.,2.83624903441));
#8015 = DIRECTION('',(0.,1.,0.));
#8016 = DIRECTION('',(-0.996194698092,0.,-8.715574274766E-02));
#8017 = PCURVE('',#6736,#8018);
#8018 = DEFINITIONAL_REPRESENTATION('',(#8019),#8022);
#8019 = B_SPLINE_CURVE_WITH_KNOTS('',1,(#8020,#8021),.UNSPECIFIED.,.F.,
  .F.,(2,2),(4.712388980385,6.28318530718),.PIECEWISE_BEZIER_KNOTS.);
#8020 = CARTESIAN_POINT('',(-1.570796326795,50.));
#8021 = CARTESIAN_POINT('',(0.,50.));
#8022 = ( GEOMETRIC_REPRESENTATION_CONTEXT(2) 
PARAMETRIC_REPRESENTATION_CONTEXT() REPRESENTATION_CONTEXT('2D SPACE',''
  ) );
#8023 = PCURVE('',#7897,#8024);
#8024 = DEFINITIONAL_REPRESENTATION('',(#8025),#8028);
#8025 = B_SPLINE_CURVE_WITH_KNOTS('',1,(#8026,#8027),.UNSPECIFIED.,.F.,
  .F.,(2,2),(4.712388980385,6.28318530718),.PIECEWISE_BEZIER_KNOTS.);
#8026 = CARTESIAN_POINT('',(0.,-1.570796326795));
#8027 = CARTESIAN_POINT('',(0.,0.));
#8028 = ( GEOMETRIC_REPRESENTATION_CONTEXT(2) 
PARAMETRIC_REPRESENTATION_CONTEXT() REPRESENTATION_CONTEXT('2D SPACE',''
  ) );
#8029 = ORIENTED_EDGE('',*,*,#6720,.F.);
#8030 = ADVANCED_FACE('',(#8031),#6843,.T.);
#8031 = FACE_BOUND('',#8032,.F.);
#8032 = EDGE_LOOP('',(#8033,#8034,#8059));
#8033 = ORIENTED_EDGE('',*,*,#6827,.F.);
#8034 = ORIENTED_EDGE('',*,*,#8035,.T.);
#8035 = EDGE_CURVE('',#6828,#7827,#8036,.T.);
#8036 = SURFACE_CURVE('',#8037,(#8042,#8048),.PCURVE_S1.);
#8037 = CIRCLE('',#8038,10.);
#8038 = AXIS2_PLACEMENT_3D('',#8039,#8040,#8041);
#8039 = CARTESIAN_POINT('',(59.661184839679,-20.,22.760142996245));
#8040 = DIRECTION('',(0.996194698092,6.049014748177E-16,
    8.715574274766E-02));
#8041 = DIRECTION('',(6.025996420813E-16,-1.,5.272063732689E-17));
#8042 = PCURVE('',#6843,#8043);
#8043 = DEFINITIONAL_REPRESENTATION('',(#8044),#8047);
#8044 = B_SPLINE_CURVE_WITH_KNOTS('',1,(#8045,#8046),.UNSPECIFIED.,.F.,
  .F.,(2,2),(4.712388980385,6.28318530718),.PIECEWISE_BEZIER_KNOTS.);
#8045 = CARTESIAN_POINT('',(-1.570796326795,-1.570796326795));
#8046 = CARTESIAN_POINT('',(-1.570796326795,0.));
#8047 = ( GEOMETRIC_REPRESENTATION_CONTEXT(2) 
PARAMETRIC_REPRESENTATION_CONTEXT() REPRESENTATION_CONTEXT('2D SPACE',''
  ) );
#8048 = PCURVE('',#8049,#8054);
#8049 = CYLINDRICAL_SURFACE('',#8050,10.);
#8050 = AXIS2_PLACEMENT_3D('',#8051,#8052,#8053);
#8051 = CARTESIAN_POINT('',(49.699237858762,-20.,21.888585568769));
#8052 = DIRECTION('',(0.996194698092,0.,8.715574274766E-02));
#8053 = DIRECTION('',(0.,-1.,0.));
#8054 = DEFINITIONAL_REPRESENTATION('',(#8055),#8058);
#8055 = B_SPLINE_CURVE_WITH_KNOTS('',1,(#8056,#8057),.UNSPECIFIED.,.F.,
  .F.,(2,2),(4.712388980385,6.28318530718),.PIECEWISE_BEZIER_KNOTS.);
#8056 = CARTESIAN_POINT('',(-1.570796326795,10.));
#8057 = CARTESIAN_POINT('',(0.,10.));
#8058 = ( GEOMETRIC_REPRESENTATION_CONTEXT(2) 
PARAMETRIC_REPRESENTATION_CONTEXT() REPRESENTATION_CONTEXT('2D SPACE',''
  ) );
#8059 = ORIENTED_EDGE('',*,*,#7854,.F.);
#8060 = ADVANCED_FACE('',(#8061),#6897,.T.);
#8061 = FACE_BOUND('',#8062,.F.);
#8062 = EDGE_LOOP('',(#8063,#8064,#8089));
#8063 = ORIENTED_EDGE('',*,*,#7937,.F.);
#8064 = ORIENTED_EDGE('',*,*,#8065,.T.);
#8065 = EDGE_CURVE('',#7910,#6855,#8066,.T.);
#8066 = SURFACE_CURVE('',#8067,(#8072,#8078),.PCURVE_S1.);
#8067 = CIRCLE('',#8068,10.);
#8068 = AXIS2_PLACEMENT_3D('',#8069,#8070,#8071);
#8069 = CARTESIAN_POINT('',(59.661184839679,20.,22.760142996245));
#8070 = DIRECTION('',(0.996194698092,0.,8.715574274766E-02));
#8071 = DIRECTION('',(-8.715574274766E-02,0.,0.996194698092));
#8072 = PCURVE('',#6897,#8073);
#8073 = DEFINITIONAL_REPRESENTATION('',(#8074),#8077);
#8074 = B_SPLINE_CURVE_WITH_KNOTS('',1,(#8075,#8076),.UNSPECIFIED.,.F.,
  .F.,(2,2),(4.712388980385,6.28318530718),.PIECEWISE_BEZIER_KNOTS.);
#8075 = CARTESIAN_POINT('',(-1.570796326795,-1.570796326795));
#8076 = CARTESIAN_POINT('',(-1.570796326795,0.));
#8077 = ( GEOMETRIC_REPRESENTATION_CONTEXT(2) 
PARAMETRIC_REPRESENTATION_CONTEXT() REPRESENTATION_CONTEXT('2D SPACE',''
  ) );
#8078 = PCURVE('',#8079,#8084);
#8079 = CYLINDRICAL_SURFACE('',#8080,10.);
#8080 = AXIS2_PLACEMENT_3D('',#8081,#8082,#8083);
#8081 = CARTESIAN_POINT('',(49.699237858762,20.,21.888585568769));
#8082 = DIRECTION('',(0.996194698092,0.,8.715574274766E-02));
#8083 = DIRECTION('',(0.,1.,-0.));
#8084 = DEFINITIONAL_REPRESENTATION('',(#8085),#8088);
#8085 = B_SPLINE_CURVE_WITH_KNOTS('',1,(#8086,#8087),.UNSPECIFIED.,.F.,
  .F.,(2,2),(4.712388980385,6.28318530718),.PIECEWISE_BEZIER_KNOTS.);
#8086 = CARTESIAN_POINT('',(0.,10.));
#8087 = CARTESIAN_POINT('',(1.570796326795,10.));
#8088 = ( GEOMETRIC_REPRESENTATION_CONTEXT(2) 
PARAMETRIC_REPRESENTATION_CONTEXT() REPRESENTATION_CONTEXT('2D SPACE',''
  ) );
#8089 = ORIENTED_EDGE('',*,*,#6882,.F.);
#8090 = ADVANCED_FACE('',(#8091),#6870,.T.);
#8091 = FACE_BOUND('',#8092,.T.);
#8092 = EDGE_LOOP('',(#8093,#8094,#8117,#8145));
#8093 = ORIENTED_EDGE('',*,*,#6854,.F.);
#8094 = ORIENTED_EDGE('',*,*,#8095,.T.);
#8095 = EDGE_CURVE('',#6828,#8096,#8098,.T.);
#8096 = VERTEX_POINT('',#8097);
#8097 = CARTESIAN_POINT('',(337.72414287789,-20.,57.125697946507));
#8098 = SURFACE_CURVE('',#8099,(#8103,#8110),.PCURVE_S1.);
#8099 = LINE('',#8100,#8101);
#8100 = CARTESIAN_POINT('',(48.827680431285,-20.,31.850532549686));
#8101 = VECTOR('',#8102,1.);
#8102 = DIRECTION('',(0.996194698092,0.,8.715574274766E-02));
#8103 = PCURVE('',#6870,#8104);
#8104 = DEFINITIONAL_REPRESENTATION('',(#8105),#8109);
#8105 = LINE('',#8106,#8107);
#8106 = CARTESIAN_POINT('',(0.,10.));
#8107 = VECTOR('',#8108,1.);
#8108 = DIRECTION('',(1.,0.));
#8109 = ( GEOMETRIC_REPRESENTATION_CONTEXT(2) 
PARAMETRIC_REPRESENTATION_CONTEXT() REPRESENTATION_CONTEXT('2D SPACE',''
  ) );
#8110 = PCURVE('',#8049,#8111);
#8111 = DEFINITIONAL_REPRESENTATION('',(#8112),#8116);
#8112 = LINE('',#8113,#8114);
#8113 = CARTESIAN_POINT('',(-1.570796326795,0.));
#8114 = VECTOR('',#8115,1.);
#8115 = DIRECTION('',(-0.,1.));
#8116 = ( GEOMETRIC_REPRESENTATION_CONTEXT(2) 
PARAMETRIC_REPRESENTATION_CONTEXT() REPRESENTATION_CONTEXT('2D SPACE',''
  ) );
#8117 = ORIENTED_EDGE('',*,*,#8118,.T.);
#8118 = EDGE_CURVE('',#8096,#8119,#8121,.T.);
#8119 = VERTEX_POINT('',#8120);
#8120 = CARTESIAN_POINT('',(337.72414287789,20.,57.125697946507));
#8121 = SURFACE_CURVE('',#8122,(#8126,#8133),.PCURVE_S1.);
#8122 = LINE('',#8123,#8124);
#8123 = CARTESIAN_POINT('',(337.72414287789,-30.,57.125697946507));
#8124 = VECTOR('',#8125,1.);
#8125 = DIRECTION('',(0.,1.,0.));
#8126 = PCURVE('',#6870,#8127);
#8127 = DEFINITIONAL_REPRESENTATION('',(#8128),#8132);
#8128 = LINE('',#8129,#8130);
#8129 = CARTESIAN_POINT('',(290.,0.));
#8130 = VECTOR('',#8131,1.);
#8131 = DIRECTION('',(0.,1.));
#8132 = ( GEOMETRIC_REPRESENTATION_CONTEXT(2) 
PARAMETRIC_REPRESENTATION_CONTEXT() REPRESENTATION_CONTEXT('2D SPACE',''
  ) );
#8133 = PCURVE('',#8134,#8139);
#8134 = CYLINDRICAL_SURFACE('',#8135,10.);
#8135 = AXIS2_PLACEMENT_3D('',#8136,#8137,#8138);
#8136 = CARTESIAN_POINT('',(338.59570030536,-30.,47.16375096559));
#8137 = DIRECTION('',(0.,1.,0.));
#8138 = DIRECTION('',(0.996194698092,-0.,8.715574274766E-02));
#8139 = DEFINITIONAL_REPRESENTATION('',(#8140),#8144);
#8140 = LINE('',#8141,#8142);
#8141 = CARTESIAN_POINT('',(-1.570796326795,0.));
#8142 = VECTOR('',#8143,1.);
#8143 = DIRECTION('',(-0.,1.));
#8144 = ( GEOMETRIC_REPRESENTATION_CONTEXT(2) 
PARAMETRIC_REPRESENTATION_CONTEXT() REPRESENTATION_CONTEXT('2D SPACE',''
  ) );
#8145 = ORIENTED_EDGE('',*,*,#8146,.F.);
#8146 = EDGE_CURVE('',#6855,#8119,#8147,.T.);
#8147 = SURFACE_CURVE('',#8148,(#8152,#8159),.PCURVE_S1.);
#8148 = LINE('',#8149,#8150);
#8149 = CARTESIAN_POINT('',(48.827680431285,20.,31.850532549686));
#8150 = VECTOR('',#8151,1.);
#8151 = DIRECTION('',(0.996194698092,0.,8.715574274766E-02));
#8152 = PCURVE('',#6870,#8153);
#8153 = DEFINITIONAL_REPRESENTATION('',(#8154),#8158);
#8154 = LINE('',#8155,#8156);
#8155 = CARTESIAN_POINT('',(0.,50.));
#8156 = VECTOR('',#8157,1.);
#8157 = DIRECTION('',(1.,0.));
#8158 = ( GEOMETRIC_REPRESENTATION_CONTEXT(2) 
PARAMETRIC_REPRESENTATION_CONTEXT() REPRESENTATION_CONTEXT('2D SPACE',''
  ) );
#8159 = PCURVE('',#8079,#8160);
#8160 = DEFINITIONAL_REPRESENTATION('',(#8161),#8165);
#8161 = LINE('',#8162,#8163);
#8162 = CARTESIAN_POINT('',(1.570796326795,0.));
#8163 = VECTOR('',#8164,1.);
#8164 = DIRECTION('',(0.,1.));
#8165 = ( GEOMETRIC_REPRESENTATION_CONTEXT(2) 
PARAMETRIC_REPRESENTATION_CONTEXT() REPRESENTATION_CONTEXT('2D SPACE',''
  ) );
#8166 = ADVANCED_FACE('',(#8167),#6934,.T.);
#8167 = FACE_BOUND('',#8168,.T.);
#8168 = EDGE_LOOP('',(#8169,#8170,#8199,#8227));
#8169 = ORIENTED_EDGE('',*,*,#6916,.F.);
#8170 = ORIENTED_EDGE('',*,*,#8171,.T.);
#8171 = EDGE_CURVE('',#6917,#8172,#8174,.T.);
#8172 = VERTEX_POINT('',#8173);
#8173 = CARTESIAN_POINT('',(47.506268747199,49.128146262841,
    2.83624903441));
#8174 = SURFACE_CURVE('',#8175,(#8180,#8187),.PCURVE_S1.);
#8175 = CIRCLE('',#8176,10.);
#8176 = AXIS2_PLACEMENT_3D('',#8177,#8178,#8179);
#8177 = CARTESIAN_POINT('',(37.995703584247,52.218316206591,
    2.83624903441));
#8178 = DIRECTION('',(-2.69326056664E-02,-8.28900370727E-02,
    0.996194698092));
#8179 = DIRECTION('',(-0.307841091417,-0.947437459119,
    -8.715574274766E-02));
#8180 = PCURVE('',#6934,#8181);
#8181 = DEFINITIONAL_REPRESENTATION('',(#8182),#8186);
#8182 = LINE('',#8183,#8184);
#8183 = CARTESIAN_POINT('',(0.,10.));
#8184 = VECTOR('',#8185,1.);
#8185 = DIRECTION('',(1.,0.));
#8186 = ( GEOMETRIC_REPRESENTATION_CONTEXT(2) 
PARAMETRIC_REPRESENTATION_CONTEXT() REPRESENTATION_CONTEXT('2D SPACE',''
  ) );
#8187 = PCURVE('',#8188,#8193);
#8188 = SPHERICAL_SURFACE('',#8189,10.);
#8189 = AXIS2_PLACEMENT_3D('',#8190,#8191,#8192);
#8190 = CARTESIAN_POINT('',(37.995703584247,52.218316206591,
    2.83624903441));
#8191 = DIRECTION('',(-2.69326056664E-02,-8.28900370727E-02,
    0.996194698092));
#8192 = DIRECTION('',(-0.307841091417,-0.947437459119,
    -8.715574274766E-02));
#8193 = DEFINITIONAL_REPRESENTATION('',(#8194),#8198);
#8194 = LINE('',#8195,#8196);
#8195 = CARTESIAN_POINT('',(0.,0.));
#8196 = VECTOR('',#8197,1.);
#8197 = DIRECTION('',(1.,0.));
#8198 = ( GEOMETRIC_REPRESENTATION_CONTEXT(2) 
PARAMETRIC_REPRESENTATION_CONTEXT() REPRESENTATION_CONTEXT('2D SPACE',''
  ) );
#8199 = ORIENTED_EDGE('',*,*,#8200,.T.);
#8200 = EDGE_CURVE('',#8172,#8201,#8203,.T.);
#8201 = VERTEX_POINT('',#8202);
#8202 = CARTESIAN_POINT('',(46.967616633871,47.470345521387,
    22.760142996245));
#8203 = SURFACE_CURVE('',#8204,(#8208,#8215),.PCURVE_S1.);
#8204 = LINE('',#8205,#8206);
#8205 = CARTESIAN_POINT('',(47.775594803863,49.957046633568,
    -7.125697946507));
#8206 = VECTOR('',#8207,1.);
#8207 = DIRECTION('',(-2.69326056664E-02,-8.28900370727E-02,
    0.996194698092));
#8208 = PCURVE('',#6934,#8209);
#8209 = DEFINITIONAL_REPRESENTATION('',(#8210),#8214);
#8210 = LINE('',#8211,#8212);
#8211 = CARTESIAN_POINT('',(1.570796326795,0.));
#8212 = VECTOR('',#8213,1.);
#8213 = DIRECTION('',(0.,1.));
#8214 = ( GEOMETRIC_REPRESENTATION_CONTEXT(2) 
PARAMETRIC_REPRESENTATION_CONTEXT() REPRESENTATION_CONTEXT('2D SPACE',''
  ) );
#8215 = PCURVE('',#8216,#8221);
#8216 = PLANE('',#8217);
#8217 = AXIS2_PLACEMENT_3D('',#8218,#8219,#8220);
#8218 = CARTESIAN_POINT('',(44.697183889697,40.48267204238,
    -7.997255373984));
#8219 = DIRECTION('',(-0.951056516295,0.309016994375,0.));
#8220 = DIRECTION('',(-2.69326056664E-02,-8.28900370727E-02,
    0.996194698092));
#8221 = DEFINITIONAL_REPRESENTATION('',(#8222),#8226);
#8222 = LINE('',#8223,#8224);
#8223 = CARTESIAN_POINT('',(-1.7763568394E-15,10.));
#8224 = VECTOR('',#8225,1.);
#8225 = DIRECTION('',(1.,0.));
#8226 = ( GEOMETRIC_REPRESENTATION_CONTEXT(2) 
PARAMETRIC_REPRESENTATION_CONTEXT() REPRESENTATION_CONTEXT('2D SPACE',''
  ) );
#8227 = ORIENTED_EDGE('',*,*,#8228,.F.);
#8228 = EDGE_CURVE('',#6919,#8201,#8229,.T.);
#8229 = SURFACE_CURVE('',#8230,(#8235,#8242),.PCURVE_S1.);
#8230 = CIRCLE('',#8231,10.);
#8231 = AXIS2_PLACEMENT_3D('',#8232,#8233,#8234);
#8232 = CARTESIAN_POINT('',(37.457051470919,50.560515465137,
    22.760142996245));
#8233 = DIRECTION('',(-2.69326056664E-02,-8.28900370727E-02,
    0.996194698092));
#8234 = DIRECTION('',(-0.307841091417,-0.947437459119,
    -8.715574274766E-02));
#8235 = PCURVE('',#6934,#8236);
#8236 = DEFINITIONAL_REPRESENTATION('',(#8237),#8241);
#8237 = LINE('',#8238,#8239);
#8238 = CARTESIAN_POINT('',(0.,30.));
#8239 = VECTOR('',#8240,1.);
#8240 = DIRECTION('',(1.,0.));
#8241 = ( GEOMETRIC_REPRESENTATION_CONTEXT(2) 
PARAMETRIC_REPRESENTATION_CONTEXT() REPRESENTATION_CONTEXT('2D SPACE',''
  ) );
#8242 = PCURVE('',#7064,#8243);
#8243 = DEFINITIONAL_REPRESENTATION('',(#8244),#8248);
#8244 = LINE('',#8245,#8246);
#8245 = CARTESIAN_POINT('',(-0.,0.));
#8246 = VECTOR('',#8247,1.);
#8247 = DIRECTION('',(-1.,0.));
#8248 = ( GEOMETRIC_REPRESENTATION_CONTEXT(2) 
PARAMETRIC_REPRESENTATION_CONTEXT() REPRESENTATION_CONTEXT('2D SPACE',''
  ) );
#8249 = ADVANCED_FACE('',(#8250),#6990,.T.);
#8250 = FACE_BOUND('',#8251,.F.);
#8251 = EDGE_LOOP('',(#8252,#8253,#8282,#8310));
#8252 = ORIENTED_EDGE('',*,*,#6974,.F.);
#8253 = ORIENTED_EDGE('',*,*,#8254,.T.);
#8254 = EDGE_CURVE('',#6947,#8255,#8257,.T.);
#8255 = VERTEX_POINT('',#8256);
#8256 = CARTESIAN_POINT('',(-9.55712223051,67.669165925338,2.83624903441
    ));
#8257 = SURFACE_CURVE('',#8258,(#8263,#8270),.PCURVE_S1.);
#8258 = CIRCLE('',#8259,10.);
#8259 = AXIS2_PLACEMENT_3D('',#8260,#8261,#8262);
#8260 = CARTESIAN_POINT('',(-4.655706755883E-02,64.578995981589,
    2.83624903441));
#8261 = DIRECTION('',(2.69326056664E-02,8.28900370727E-02,
    -0.996194698092));
#8262 = DIRECTION('',(-0.307841091417,-0.947437459119,
    -8.715574274766E-02));
#8263 = PCURVE('',#6990,#8264);
#8264 = DEFINITIONAL_REPRESENTATION('',(#8265),#8269);
#8265 = LINE('',#8266,#8267);
#8266 = CARTESIAN_POINT('',(-3.552713678801E-16,10.));
#8267 = VECTOR('',#8268,1.);
#8268 = DIRECTION('',(-1.,0.));
#8269 = ( GEOMETRIC_REPRESENTATION_CONTEXT(2) 
PARAMETRIC_REPRESENTATION_CONTEXT() REPRESENTATION_CONTEXT('2D SPACE',''
  ) );
#8270 = PCURVE('',#8271,#8276);
#8271 = SPHERICAL_SURFACE('',#8272,10.);
#8272 = AXIS2_PLACEMENT_3D('',#8273,#8274,#8275);
#8273 = CARTESIAN_POINT('',(-4.655706755883E-02,64.578995981589,
    2.83624903441));
#8274 = DIRECTION('',(-2.69326056664E-02,-8.28900370727E-02,
    0.996194698092));
#8275 = DIRECTION('',(-0.307841091417,-0.947437459119,
    -8.715574274766E-02));
#8276 = DEFINITIONAL_REPRESENTATION('',(#8277),#8281);
#8277 = LINE('',#8278,#8279);
#8278 = CARTESIAN_POINT('',(-0.,0.));
#8279 = VECTOR('',#8280,1.);
#8280 = DIRECTION('',(-1.,0.));
#8281 = ( GEOMETRIC_REPRESENTATION_CONTEXT(2) 
PARAMETRIC_REPRESENTATION_CONTEXT() REPRESENTATION_CONTEXT('2D SPACE',''
  ) );
#8282 = ORIENTED_EDGE('',*,*,#8283,.T.);
#8283 = EDGE_CURVE('',#8255,#8284,#8286,.T.);
#8284 = VERTEX_POINT('',#8285);
#8285 = CARTESIAN_POINT('',(-10.09577434383,66.011365183884,
    22.760142996245));
#8286 = SURFACE_CURVE('',#8287,(#8291,#8298),.PCURVE_S1.);
#8287 = LINE('',#8288,#8289);
#8288 = CARTESIAN_POINT('',(-9.287796173846,68.498066296065,
    -7.125697946507));
#8289 = VECTOR('',#8290,1.);
#8290 = DIRECTION('',(-2.69326056664E-02,-8.28900370727E-02,
    0.996194698092));
#8291 = PCURVE('',#6990,#8292);
#8292 = DEFINITIONAL_REPRESENTATION('',(#8293),#8297);
#8293 = LINE('',#8294,#8295);
#8294 = CARTESIAN_POINT('',(-1.570796326795,0.));
#8295 = VECTOR('',#8296,1.);
#8296 = DIRECTION('',(-0.,1.));
#8297 = ( GEOMETRIC_REPRESENTATION_CONTEXT(2) 
PARAMETRIC_REPRESENTATION_CONTEXT() REPRESENTATION_CONTEXT('2D SPACE',''
  ) );
#8298 = PCURVE('',#8299,#8304);
#8299 = PLANE('',#8300);
#8300 = AXIS2_PLACEMENT_3D('',#8301,#8302,#8303);
#8301 = CARTESIAN_POINT('',(-12.36620708801,59.023691704877,
    -7.997255373984));
#8302 = DIRECTION('',(-0.951056516295,0.309016994375,0.));
#8303 = DIRECTION('',(-2.69326056664E-02,-8.28900370727E-02,
    0.996194698092));
#8304 = DEFINITIONAL_REPRESENTATION('',(#8305),#8309);
#8305 = LINE('',#8306,#8307);
#8306 = CARTESIAN_POINT('',(0.,10.));
#8307 = VECTOR('',#8308,1.);
#8308 = DIRECTION('',(1.,0.));
#8309 = ( GEOMETRIC_REPRESENTATION_CONTEXT(2) 
PARAMETRIC_REPRESENTATION_CONTEXT() REPRESENTATION_CONTEXT('2D SPACE',''
  ) );
#8310 = ORIENTED_EDGE('',*,*,#8311,.T.);
#8311 = EDGE_CURVE('',#8284,#6975,#8312,.T.);
#8312 = SURFACE_CURVE('',#8313,(#8318,#8324),.PCURVE_S1.);
#8313 = CIRCLE('',#8314,10.);
#8314 = AXIS2_PLACEMENT_3D('',#8315,#8316,#8317);
#8315 = CARTESIAN_POINT('',(-0.585209180887,62.921195240135,
    22.760142996245));
#8316 = DIRECTION('',(-2.69326056664E-02,-8.28900370727E-02,
    0.996194698092));
#8317 = DIRECTION('',(-0.307841091417,-0.947437459119,
    -8.715574274766E-02));
#8318 = PCURVE('',#6990,#8319);
#8319 = DEFINITIONAL_REPRESENTATION('',(#8320),#8323);
#8320 = B_SPLINE_CURVE_WITH_KNOTS('',1,(#8321,#8322),.UNSPECIFIED.,.F.,
  .F.,(2,2),(4.712388980385,6.28318530718),.PIECEWISE_BEZIER_KNOTS.);
#8321 = CARTESIAN_POINT('',(-1.570796326795,30.));
#8322 = CARTESIAN_POINT('',(0.,30.));
#8323 = ( GEOMETRIC_REPRESENTATION_CONTEXT(2) 
PARAMETRIC_REPRESENTATION_CONTEXT() REPRESENTATION_CONTEXT('2D SPACE',''
  ) );
#8324 = PCURVE('',#7118,#8325);
#8325 = DEFINITIONAL_REPRESENTATION('',(#8326),#8329);
#8326 = B_SPLINE_CURVE_WITH_KNOTS('',1,(#8327,#8328),.UNSPECIFIED.,.F.,
  .F.,(2,2),(4.712388980385,6.28318530718),.PIECEWISE_BEZIER_KNOTS.);
#8327 = CARTESIAN_POINT('',(0.,-1.570796326795));
#8328 = CARTESIAN_POINT('',(0.,0.));
#8329 = ( GEOMETRIC_REPRESENTATION_CONTEXT(2) 
PARAMETRIC_REPRESENTATION_CONTEXT() REPRESENTATION_CONTEXT('2D SPACE',''
  ) );
#8330 = ADVANCED_FACE('',(#8331),#6962,.T.);
#8331 = FACE_BOUND('',#8332,.F.);
#8332 = EDGE_LOOP('',(#8333,#8355,#8383,#8403));
#8333 = ORIENTED_EDGE('',*,*,#8334,.F.);
#8334 = EDGE_CURVE('',#8335,#6917,#8337,.T.);
#8335 = VERTEX_POINT('',#8336);
#8336 = CARTESIAN_POINT('',(38.265029640911,53.047216577318,
    -7.125697946507));
#8337 = SURFACE_CURVE('',#8338,(#8343,#8349),.PCURVE_S1.);
#8338 = CIRCLE('',#8339,10.);
#8339 = AXIS2_PLACEMENT_3D('',#8340,#8341,#8342);
#8340 = CARTESIAN_POINT('',(37.995703584247,52.218316206591,
    2.83624903441));
#8341 = DIRECTION('',(-0.951056516295,0.309016994375,-5.20417042793E-17)
  );
#8342 = DIRECTION('',(-0.307841091417,-0.947437459119,
    -8.715574274766E-02));
#8343 = PCURVE('',#6962,#8344);
#8344 = DEFINITIONAL_REPRESENTATION('',(#8345),#8348);
#8345 = B_SPLINE_CURVE_WITH_KNOTS('',1,(#8346,#8347),.UNSPECIFIED.,.F.,
  .F.,(2,2),(4.712388980385,6.28318530718),.PIECEWISE_BEZIER_KNOTS.);
#8346 = CARTESIAN_POINT('',(-1.570796326795,10.));
#8347 = CARTESIAN_POINT('',(0.,10.));
#8348 = ( GEOMETRIC_REPRESENTATION_CONTEXT(2) 
PARAMETRIC_REPRESENTATION_CONTEXT() REPRESENTATION_CONTEXT('2D SPACE',''
  ) );
#8349 = PCURVE('',#8188,#8350);
#8350 = DEFINITIONAL_REPRESENTATION('',(#8351),#8354);
#8351 = B_SPLINE_CURVE_WITH_KNOTS('',1,(#8352,#8353),.UNSPECIFIED.,.F.,
  .F.,(2,2),(4.712388980385,6.28318530718),.PIECEWISE_BEZIER_KNOTS.);
#8352 = CARTESIAN_POINT('',(0.,-1.570796326795));
#8353 = CARTESIAN_POINT('',(0.,0.));
#8354 = ( GEOMETRIC_REPRESENTATION_CONTEXT(2) 
PARAMETRIC_REPRESENTATION_CONTEXT() REPRESENTATION_CONTEXT('2D SPACE',''
  ) );
#8355 = ORIENTED_EDGE('',*,*,#8356,.T.);
#8356 = EDGE_CURVE('',#8335,#8357,#8359,.T.);
#8357 = VERTEX_POINT('',#8358);
#8358 = CARTESIAN_POINT('',(0.222768989105,65.407896352316,
    -7.125697946507));
#8359 = SURFACE_CURVE('',#8360,(#8364,#8371),.PCURVE_S1.);
#8360 = LINE('',#8361,#8362);
#8361 = CARTESIAN_POINT('',(47.775594803863,49.957046633568,
    -7.125697946507));
#8362 = VECTOR('',#8363,1.);
#8363 = DIRECTION('',(-0.951056516295,0.309016994375,0.));
#8364 = PCURVE('',#6962,#8365);
#8365 = DEFINITIONAL_REPRESENTATION('',(#8366),#8370);
#8366 = LINE('',#8367,#8368);
#8367 = CARTESIAN_POINT('',(-1.570796326795,0.));
#8368 = VECTOR('',#8369,1.);
#8369 = DIRECTION('',(-0.,1.));
#8370 = ( GEOMETRIC_REPRESENTATION_CONTEXT(2) 
PARAMETRIC_REPRESENTATION_CONTEXT() REPRESENTATION_CONTEXT('2D SPACE',''
  ) );
#8371 = PCURVE('',#8372,#8377);
#8372 = PLANE('',#8373);
#8373 = AXIS2_PLACEMENT_3D('',#8374,#8375,#8376);
#8374 = CARTESIAN_POINT('',(44.697183889697,40.48267204238,
    -7.997255373984));
#8375 = DIRECTION('',(-2.69326056664E-02,-8.28900370727E-02,
    0.996194698092));
#8376 = DIRECTION('',(0.307841091417,0.947437459119,8.715574274766E-02)
  );
#8377 = DEFINITIONAL_REPRESENTATION('',(#8378),#8382);
#8378 = LINE('',#8379,#8380);
#8379 = CARTESIAN_POINT('',(10.,7.105427357601E-15));
#8380 = VECTOR('',#8381,1.);
#8381 = DIRECTION('',(-5.551115123126E-17,1.));
#8382 = ( GEOMETRIC_REPRESENTATION_CONTEXT(2) 
PARAMETRIC_REPRESENTATION_CONTEXT() REPRESENTATION_CONTEXT('2D SPACE',''
  ) );
#8383 = ORIENTED_EDGE('',*,*,#8384,.T.);
#8384 = EDGE_CURVE('',#8357,#6947,#8385,.T.);
#8385 = SURFACE_CURVE('',#8386,(#8391,#8397),.PCURVE_S1.);
#8386 = CIRCLE('',#8387,10.);
#8387 = AXIS2_PLACEMENT_3D('',#8388,#8389,#8390);
#8388 = CARTESIAN_POINT('',(-4.655706755883E-02,64.578995981589,
    2.83624903441));
#8389 = DIRECTION('',(-0.951056516295,0.309016994375,-9.367506770275E-17
    ));
#8390 = DIRECTION('',(-0.307841091417,-0.947437459119,
    -8.715574274766E-02));
#8391 = PCURVE('',#6962,#8392);
#8392 = DEFINITIONAL_REPRESENTATION('',(#8393),#8396);
#8393 = B_SPLINE_CURVE_WITH_KNOTS('',1,(#8394,#8395),.UNSPECIFIED.,.F.,
  .F.,(2,2),(4.712388980385,6.28318530718),.PIECEWISE_BEZIER_KNOTS.);
#8394 = CARTESIAN_POINT('',(-1.570796326795,50.));
#8395 = CARTESIAN_POINT('',(0.,50.));
#8396 = ( GEOMETRIC_REPRESENTATION_CONTEXT(2) 
PARAMETRIC_REPRESENTATION_CONTEXT() REPRESENTATION_CONTEXT('2D SPACE',''
  ) );
#8397 = PCURVE('',#8271,#8398);
#8398 = DEFINITIONAL_REPRESENTATION('',(#8399),#8402);
#8399 = B_SPLINE_CURVE_WITH_KNOTS('',1,(#8400,#8401),.UNSPECIFIED.,.F.,
  .F.,(2,2),(4.712388980385,6.28318530718),.PIECEWISE_BEZIER_KNOTS.);
#8400 = CARTESIAN_POINT('',(0.,-1.570796326795));
#8401 = CARTESIAN_POINT('',(0.,0.));
#8402 = ( GEOMETRIC_REPRESENTATION_CONTEXT(2) 
PARAMETRIC_REPRESENTATION_CONTEXT() REPRESENTATION_CONTEXT('2D SPACE',''
  ) );
#8403 = ORIENTED_EDGE('',*,*,#6946,.F.);
#8404 = ADVANCED_FACE('',(#8405),#7064,.T.);
#8405 = FACE_BOUND('',#8406,.F.);
#8406 = EDGE_LOOP('',(#8407,#8408,#8433));
#8407 = ORIENTED_EDGE('',*,*,#7048,.F.);
#8408 = ORIENTED_EDGE('',*,*,#8409,.T.);
#8409 = EDGE_CURVE('',#7049,#8201,#8410,.T.);
#8410 = SURFACE_CURVE('',#8411,(#8416,#8422),.PCURVE_S1.);
#8411 = CIRCLE('',#8412,10.);
#8412 = AXIS2_PLACEMENT_3D('',#8413,#8414,#8415);
#8413 = CARTESIAN_POINT('',(37.457051470919,50.560515465137,
    22.760142996245));
#8414 = DIRECTION('',(0.307841091417,0.947437459119,8.715574274766E-02)
  );
#8415 = DIRECTION('',(0.951056516295,-0.309016994375,-7.632783294298E-17
    ));
#8416 = PCURVE('',#7064,#8417);
#8417 = DEFINITIONAL_REPRESENTATION('',(#8418),#8421);
#8418 = B_SPLINE_CURVE_WITH_KNOTS('',1,(#8419,#8420),.UNSPECIFIED.,.F.,
  .F.,(2,2),(4.712388980385,6.28318530718),.PIECEWISE_BEZIER_KNOTS.);
#8419 = CARTESIAN_POINT('',(-1.570796326795,-1.570796326795));
#8420 = CARTESIAN_POINT('',(-1.570796326795,0.));
#8421 = ( GEOMETRIC_REPRESENTATION_CONTEXT(2) 
PARAMETRIC_REPRESENTATION_CONTEXT() REPRESENTATION_CONTEXT('2D SPACE',''
  ) );
#8422 = PCURVE('',#8423,#8428);
#8423 = CYLINDRICAL_SURFACE('',#8424,10.);
#8424 = AXIS2_PLACEMENT_3D('',#8425,#8426,#8427);
#8425 = CARTESIAN_POINT('',(34.378640556754,41.086140873948,
    21.888585568769));
#8426 = DIRECTION('',(0.307841091417,0.947437459119,8.715574274766E-02)
  );
#8427 = DIRECTION('',(0.951056516295,-0.309016994375,-3.469446951954E-18
    ));
#8428 = DEFINITIONAL_REPRESENTATION('',(#8429),#8432);
#8429 = B_SPLINE_CURVE_WITH_KNOTS('',1,(#8430,#8431),.UNSPECIFIED.,.F.,
  .F.,(2,2),(4.712388980385,6.28318530718),.PIECEWISE_BEZIER_KNOTS.);
#8430 = CARTESIAN_POINT('',(-1.570796326795,10.));
#8431 = CARTESIAN_POINT('',(0.,10.));
#8432 = ( GEOMETRIC_REPRESENTATION_CONTEXT(2) 
PARAMETRIC_REPRESENTATION_CONTEXT() REPRESENTATION_CONTEXT('2D SPACE',''
  ) );
#8433 = ORIENTED_EDGE('',*,*,#8228,.F.);
#8434 = ADVANCED_FACE('',(#8435),#7118,.T.);
#8435 = FACE_BOUND('',#8436,.F.);
#8436 = EDGE_LOOP('',(#8437,#8438,#8463));
#8437 = ORIENTED_EDGE('',*,*,#8311,.F.);
#8438 = ORIENTED_EDGE('',*,*,#8439,.T.);
#8439 = EDGE_CURVE('',#8284,#7076,#8440,.T.);
#8440 = SURFACE_CURVE('',#8441,(#8446,#8452),.PCURVE_S1.);
#8441 = CIRCLE('',#8442,10.);
#8442 = AXIS2_PLACEMENT_3D('',#8443,#8444,#8445);
#8443 = CARTESIAN_POINT('',(-0.585209180887,62.921195240135,
    22.760142996245));
#8444 = DIRECTION('',(0.307841091417,0.947437459119,8.715574274766E-02)
  );
#8445 = DIRECTION('',(-2.69326056664E-02,-8.28900370727E-02,
    0.996194698092));
#8446 = PCURVE('',#7118,#8447);
#8447 = DEFINITIONAL_REPRESENTATION('',(#8448),#8451);
#8448 = B_SPLINE_CURVE_WITH_KNOTS('',1,(#8449,#8450),.UNSPECIFIED.,.F.,
  .F.,(2,2),(4.712388980385,6.28318530718),.PIECEWISE_BEZIER_KNOTS.);
#8449 = CARTESIAN_POINT('',(-1.570796326795,-1.570796326795));
#8450 = CARTESIAN_POINT('',(-1.570796326795,0.));
#8451 = ( GEOMETRIC_REPRESENTATION_CONTEXT(2) 
PARAMETRIC_REPRESENTATION_CONTEXT() REPRESENTATION_CONTEXT('2D SPACE',''
  ) );
#8452 = PCURVE('',#8453,#8458);
#8453 = CYLINDRICAL_SURFACE('',#8454,10.);
#8454 = AXIS2_PLACEMENT_3D('',#8455,#8456,#8457);
#8455 = CARTESIAN_POINT('',(-3.663620095052,53.446820648946,
    21.888585568769));
#8456 = DIRECTION('',(0.307841091417,0.947437459119,8.715574274766E-02)
  );
#8457 = DIRECTION('',(-0.951056516295,0.309016994375,3.469446951954E-18)
  );
#8458 = DEFINITIONAL_REPRESENTATION('',(#8459),#8462);
#8459 = B_SPLINE_CURVE_WITH_KNOTS('',1,(#8460,#8461),.UNSPECIFIED.,.F.,
  .F.,(2,2),(4.712388980385,6.28318530718),.PIECEWISE_BEZIER_KNOTS.);
#8460 = CARTESIAN_POINT('',(0.,10.));
#8461 = CARTESIAN_POINT('',(1.570796326795,10.));
#8462 = ( GEOMETRIC_REPRESENTATION_CONTEXT(2) 
PARAMETRIC_REPRESENTATION_CONTEXT() REPRESENTATION_CONTEXT('2D SPACE',''
  ) );
#8463 = ORIENTED_EDGE('',*,*,#7103,.F.);
#8464 = ADVANCED_FACE('',(#8465),#7091,.T.);
#8465 = FACE_BOUND('',#8466,.T.);
#8466 = EDGE_LOOP('',(#8467,#8468,#8491,#8519));
#8467 = ORIENTED_EDGE('',*,*,#7075,.F.);
#8468 = ORIENTED_EDGE('',*,*,#8469,.T.);
#8469 = EDGE_CURVE('',#7049,#8470,#8472,.T.);
#8470 = VERTEX_POINT('',#8471);
#8471 = CARTESIAN_POINT('',(123.38323101089,315.01410364768,
    57.125697946507));
#8472 = SURFACE_CURVE('',#8473,(#8477,#8484),.PCURVE_S1.);
#8473 = LINE('',#8474,#8475);
#8474 = CARTESIAN_POINT('',(34.10931450009,40.257240503221,
    31.850532549686));
#8475 = VECTOR('',#8476,1.);
#8476 = DIRECTION('',(0.307841091417,0.947437459119,8.715574274766E-02)
  );
#8477 = PCURVE('',#7091,#8478);
#8478 = DEFINITIONAL_REPRESENTATION('',(#8479),#8483);
#8479 = LINE('',#8480,#8481);
#8480 = CARTESIAN_POINT('',(0.,10.));
#8481 = VECTOR('',#8482,1.);
#8482 = DIRECTION('',(1.,-5.551115123126E-17));
#8483 = ( GEOMETRIC_REPRESENTATION_CONTEXT(2) 
PARAMETRIC_REPRESENTATION_CONTEXT() REPRESENTATION_CONTEXT('2D SPACE',''
  ) );
#8484 = PCURVE('',#8423,#8485);
#8485 = DEFINITIONAL_REPRESENTATION('',(#8486),#8490);
#8486 = LINE('',#8487,#8488);
#8487 = CARTESIAN_POINT('',(-1.570796326795,0.));
#8488 = VECTOR('',#8489,1.);
#8489 = DIRECTION('',(-0.,1.));
#8490 = ( GEOMETRIC_REPRESENTATION_CONTEXT(2) 
PARAMETRIC_REPRESENTATION_CONTEXT() REPRESENTATION_CONTEXT('2D SPACE',''
  ) );
#8491 = ORIENTED_EDGE('',*,*,#8492,.T.);
#8492 = EDGE_CURVE('',#8470,#8493,#8495,.T.);
#8493 = VERTEX_POINT('',#8494);
#8494 = CARTESIAN_POINT('',(85.340970359089,327.37478342268,
    57.125697946507));
#8495 = SURFACE_CURVE('',#8496,(#8500,#8507),.PCURVE_S1.);
#8496 = LINE('',#8497,#8498);
#8497 = CARTESIAN_POINT('',(132.89379617384,311.92393370393,
    57.125697946507));
#8498 = VECTOR('',#8499,1.);
#8499 = DIRECTION('',(-0.951056516295,0.309016994375,0.));
#8500 = PCURVE('',#7091,#8501);
#8501 = DEFINITIONAL_REPRESENTATION('',(#8502),#8506);
#8502 = LINE('',#8503,#8504);
#8503 = CARTESIAN_POINT('',(290.,-3.907985046681E-14));
#8504 = VECTOR('',#8505,1.);
#8505 = DIRECTION('',(-5.551115123126E-17,1.));
#8506 = ( GEOMETRIC_REPRESENTATION_CONTEXT(2) 
PARAMETRIC_REPRESENTATION_CONTEXT() REPRESENTATION_CONTEXT('2D SPACE',''
  ) );
#8507 = PCURVE('',#8508,#8513);
#8508 = CYLINDRICAL_SURFACE('',#8509,10.);
#8509 = AXIS2_PLACEMENT_3D('',#8510,#8511,#8512);
#8510 = CARTESIAN_POINT('',(133.16312223051,312.75283407466,
    47.16375096559));
#8511 = DIRECTION('',(-0.951056516295,0.309016994375,0.));
#8512 = DIRECTION('',(0.307841091417,0.947437459119,8.715574274766E-02)
  );
#8513 = DEFINITIONAL_REPRESENTATION('',(#8514),#8518);
#8514 = LINE('',#8515,#8516);
#8515 = CARTESIAN_POINT('',(-1.570796326795,0.));
#8516 = VECTOR('',#8517,1.);
#8517 = DIRECTION('',(-0.,1.));
#8518 = ( GEOMETRIC_REPRESENTATION_CONTEXT(2) 
PARAMETRIC_REPRESENTATION_CONTEXT() REPRESENTATION_CONTEXT('2D SPACE',''
  ) );
#8519 = ORIENTED_EDGE('',*,*,#8520,.F.);
#8520 = EDGE_CURVE('',#7076,#8493,#8521,.T.);
#8521 = SURFACE_CURVE('',#8522,(#8526,#8533),.PCURVE_S1.);
#8522 = LINE('',#8523,#8524);
#8523 = CARTESIAN_POINT('',(-3.932946151716,52.617920278219,
    31.850532549686));
#8524 = VECTOR('',#8525,1.);
#8525 = DIRECTION('',(0.307841091417,0.947437459119,8.715574274766E-02)
  );
#8526 = PCURVE('',#7091,#8527);
#8527 = DEFINITIONAL_REPRESENTATION('',(#8528),#8532);
#8528 = LINE('',#8529,#8530);
#8529 = CARTESIAN_POINT('',(2.13162820728E-14,50.));
#8530 = VECTOR('',#8531,1.);
#8531 = DIRECTION('',(1.,-5.551115123126E-17));
#8532 = ( GEOMETRIC_REPRESENTATION_CONTEXT(2) 
PARAMETRIC_REPRESENTATION_CONTEXT() REPRESENTATION_CONTEXT('2D SPACE',''
  ) );
#8533 = PCURVE('',#8453,#8534);
#8534 = DEFINITIONAL_REPRESENTATION('',(#8535),#8539);
#8535 = LINE('',#8536,#8537);
#8536 = CARTESIAN_POINT('',(1.570796326795,0.));
#8537 = VECTOR('',#8538,1.);
#8538 = DIRECTION('',(0.,1.));
#8539 = ( GEOMETRIC_REPRESENTATION_CONTEXT(2) 
PARAMETRIC_REPRESENTATION_CONTEXT() REPRESENTATION_CONTEXT('2D SPACE',''
  ) );
#8540 = ADVANCED_FACE('',(#8541),#7154,.T.);
#8541 = FACE_BOUND('',#8542,.T.);
#8542 = EDGE_LOOP('',(#8543,#8544,#8573,#8601));
#8543 = ORIENTED_EDGE('',*,*,#7136,.F.);
#8544 = ORIENTED_EDGE('',*,*,#8545,.T.);
#8545 = EDGE_CURVE('',#7137,#8546,#8548,.T.);
#8546 = VERTEX_POINT('',#8547);
#8547 = CARTESIAN_POINT('',(-32.04316553688,60.363001160606,
    2.83624903441));
#8548 = SURFACE_CURVE('',#8549,(#8554,#8561),.PCURVE_S1.);
#8549 = CIRCLE('',#8550,10.);
#8550 = AXIS2_PLACEMENT_3D('',#8551,#8552,#8553);
#8551 = CARTESIAN_POINT('',(-37.92101805981,52.272831216856,
    2.83624903441));
#8552 = DIRECTION('',(7.051047704023E-02,-5.122886023967E-02,
    0.996194698092));
#8553 = DIRECTION('',(0.805938440462,-0.58554855195,-8.715574274766E-02)
  );
#8554 = PCURVE('',#7154,#8555);
#8555 = DEFINITIONAL_REPRESENTATION('',(#8556),#8560);
#8556 = LINE('',#8557,#8558);
#8557 = CARTESIAN_POINT('',(0.,10.));
#8558 = VECTOR('',#8559,1.);
#8559 = DIRECTION('',(1.,0.));
#8560 = ( GEOMETRIC_REPRESENTATION_CONTEXT(2) 
PARAMETRIC_REPRESENTATION_CONTEXT() REPRESENTATION_CONTEXT('2D SPACE',''
  ) );
#8561 = PCURVE('',#8562,#8567);
#8562 = SPHERICAL_SURFACE('',#8563,10.);
#8563 = AXIS2_PLACEMENT_3D('',#8564,#8565,#8566);
#8564 = CARTESIAN_POINT('',(-37.92101805981,52.272831216856,
    2.83624903441));
#8565 = DIRECTION('',(7.051047704023E-02,-5.122886023967E-02,
    0.996194698092));
#8566 = DIRECTION('',(0.805938440462,-0.58554855195,-8.715574274766E-02)
  );
#8567 = DEFINITIONAL_REPRESENTATION('',(#8568),#8572);
#8568 = LINE('',#8569,#8570);
#8569 = CARTESIAN_POINT('',(0.,0.));
#8570 = VECTOR('',#8571,1.);
#8571 = DIRECTION('',(1.,0.));
#8572 = ( GEOMETRIC_REPRESENTATION_CONTEXT(2) 
PARAMETRIC_REPRESENTATION_CONTEXT() REPRESENTATION_CONTEXT('2D SPACE',''
  ) );
#8573 = ORIENTED_EDGE('',*,*,#8574,.T.);
#8574 = EDGE_CURVE('',#8546,#8575,#8577,.T.);
#8575 = VERTEX_POINT('',#8576);
#8576 = CARTESIAN_POINT('',(-30.63295599608,59.338423955812,
    22.760142996245));
#8577 = SURFACE_CURVE('',#8578,(#8582,#8589),.PCURVE_S1.);
#8578 = LINE('',#8579,#8580);
#8579 = CARTESIAN_POINT('',(-32.74827030728,60.875289763003,
    -7.125697946507));
#8580 = VECTOR('',#8581,1.);
#8581 = DIRECTION('',(7.051047704023E-02,-5.122886023967E-02,
    0.996194698092));
#8582 = PCURVE('',#7154,#8583);
#8583 = DEFINITIONAL_REPRESENTATION('',(#8584),#8588);
#8584 = LINE('',#8585,#8586);
#8585 = CARTESIAN_POINT('',(1.570796326795,0.));
#8586 = VECTOR('',#8587,1.);
#8587 = DIRECTION('',(0.,1.));
#8588 = ( GEOMETRIC_REPRESENTATION_CONTEXT(2) 
PARAMETRIC_REPRESENTATION_CONTEXT() REPRESENTATION_CONTEXT('2D SPACE',''
  ) );
#8589 = PCURVE('',#8590,#8595);
#8590 = PLANE('',#8591);
#8591 = AXIS2_PLACEMENT_3D('',#8592,#8593,#8594);
#8592 = CARTESIAN_POINT('',(-24.68888590266,55.0198042435,
    -7.997255373984));
#8593 = DIRECTION('',(-0.587785252292,-0.809016994375,0.));
#8594 = DIRECTION('',(7.051047704023E-02,-5.122886023967E-02,
    0.996194698092));
#8595 = DEFINITIONAL_REPRESENTATION('',(#8596),#8600);
#8596 = LINE('',#8597,#8598);
#8597 = CARTESIAN_POINT('',(0.,10.));
#8598 = VECTOR('',#8599,1.);
#8599 = DIRECTION('',(1.,-2.775557561563E-17));
#8600 = ( GEOMETRIC_REPRESENTATION_CONTEXT(2) 
PARAMETRIC_REPRESENTATION_CONTEXT() REPRESENTATION_CONTEXT('2D SPACE',''
  ) );
#8601 = ORIENTED_EDGE('',*,*,#8602,.F.);
#8602 = EDGE_CURVE('',#7139,#8575,#8603,.T.);
#8603 = SURFACE_CURVE('',#8604,(#8609,#8616),.PCURVE_S1.);
#8604 = CIRCLE('',#8605,10.);
#8605 = AXIS2_PLACEMENT_3D('',#8606,#8607,#8608);
#8606 = CARTESIAN_POINT('',(-36.510808519,51.248254012063,
    22.760142996245));
#8607 = DIRECTION('',(7.051047704023E-02,-5.122886023967E-02,
    0.996194698092));
#8608 = DIRECTION('',(0.805938440462,-0.58554855195,-8.715574274766E-02)
  );
#8609 = PCURVE('',#7154,#8610);
#8610 = DEFINITIONAL_REPRESENTATION('',(#8611),#8615);
#8611 = LINE('',#8612,#8613);
#8612 = CARTESIAN_POINT('',(3.552713678801E-16,30.));
#8613 = VECTOR('',#8614,1.);
#8614 = DIRECTION('',(1.,0.));
#8615 = ( GEOMETRIC_REPRESENTATION_CONTEXT(2) 
PARAMETRIC_REPRESENTATION_CONTEXT() REPRESENTATION_CONTEXT('2D SPACE',''
  ) );
#8616 = PCURVE('',#7284,#8617);
#8617 = DEFINITIONAL_REPRESENTATION('',(#8618),#8622);
#8618 = LINE('',#8619,#8620);
#8619 = CARTESIAN_POINT('',(-0.,0.));
#8620 = VECTOR('',#8621,1.);
#8621 = DIRECTION('',(-1.,0.));
#8622 = ( GEOMETRIC_REPRESENTATION_CONTEXT(2) 
PARAMETRIC_REPRESENTATION_CONTEXT() REPRESENTATION_CONTEXT('2D SPACE',''
  ) );
#8623 = ADVANCED_FACE('',(#8624),#7210,.T.);
#8624 = FACE_BOUND('',#8625,.F.);
#8625 = EDGE_LOOP('',(#8626,#8627,#8656,#8684));
#8626 = ORIENTED_EDGE('',*,*,#7194,.F.);
#8627 = ORIENTED_EDGE('',*,*,#8628,.T.);
#8628 = EDGE_CURVE('',#7167,#8629,#8631,.T.);
#8629 = VERTEX_POINT('',#8630);
#8630 = CARTESIAN_POINT('',(-67.31028067443,11.821981498109,
    2.83624903441));
#8631 = SURFACE_CURVE('',#8632,(#8637,#8644),.PCURVE_S1.);
#8632 = CIRCLE('',#8633,10.);
#8633 = AXIS2_PLACEMENT_3D('',#8634,#8635,#8636);
#8634 = CARTESIAN_POINT('',(-61.43242815151,19.912151441858,
    2.83624903441));
#8635 = DIRECTION('',(-7.051047704023E-02,5.122886023967E-02,
    -0.996194698092));
#8636 = DIRECTION('',(0.805938440462,-0.58554855195,-8.715574274766E-02)
  );
#8637 = PCURVE('',#7210,#8638);
#8638 = DEFINITIONAL_REPRESENTATION('',(#8639),#8643);
#8639 = LINE('',#8640,#8641);
#8640 = CARTESIAN_POINT('',(-0.,10.));
#8641 = VECTOR('',#8642,1.);
#8642 = DIRECTION('',(-1.,0.));
#8643 = ( GEOMETRIC_REPRESENTATION_CONTEXT(2) 
PARAMETRIC_REPRESENTATION_CONTEXT() REPRESENTATION_CONTEXT('2D SPACE',''
  ) );
#8644 = PCURVE('',#8645,#8650);
#8645 = SPHERICAL_SURFACE('',#8646,10.);
#8646 = AXIS2_PLACEMENT_3D('',#8647,#8648,#8649);
#8647 = CARTESIAN_POINT('',(-61.43242815151,19.912151441858,
    2.83624903441));
#8648 = DIRECTION('',(7.051047704023E-02,-5.122886023967E-02,
    0.996194698092));
#8649 = DIRECTION('',(0.805938440462,-0.58554855195,-8.715574274766E-02)
  );
#8650 = DEFINITIONAL_REPRESENTATION('',(#8651),#8655);
#8651 = LINE('',#8652,#8653);
#8652 = CARTESIAN_POINT('',(-0.,0.));
#8653 = VECTOR('',#8654,1.);
#8654 = DIRECTION('',(-1.,0.));
#8655 = ( GEOMETRIC_REPRESENTATION_CONTEXT(2) 
PARAMETRIC_REPRESENTATION_CONTEXT() REPRESENTATION_CONTEXT('2D SPACE',''
  ) );
#8656 = ORIENTED_EDGE('',*,*,#8657,.T.);
#8657 = EDGE_CURVE('',#8629,#8658,#8660,.T.);
#8658 = VERTEX_POINT('',#8659);
#8659 = CARTESIAN_POINT('',(-65.90007113363,10.797404293316,
    22.760142996245));
#8660 = SURFACE_CURVE('',#8661,(#8665,#8672),.PCURVE_S1.);
#8661 = LINE('',#8662,#8663);
#8662 = CARTESIAN_POINT('',(-68.01538544483,12.334270100506,
    -7.125697946507));
#8663 = VECTOR('',#8664,1.);
#8664 = DIRECTION('',(7.051047704023E-02,-5.122886023967E-02,
    0.996194698092));
#8665 = PCURVE('',#7210,#8666);
#8666 = DEFINITIONAL_REPRESENTATION('',(#8667),#8671);
#8667 = LINE('',#8668,#8669);
#8668 = CARTESIAN_POINT('',(-1.570796326795,0.));
#8669 = VECTOR('',#8670,1.);
#8670 = DIRECTION('',(-0.,1.));
#8671 = ( GEOMETRIC_REPRESENTATION_CONTEXT(2) 
PARAMETRIC_REPRESENTATION_CONTEXT() REPRESENTATION_CONTEXT('2D SPACE',''
  ) );
#8672 = PCURVE('',#8673,#8678);
#8673 = PLANE('',#8674);
#8674 = AXIS2_PLACEMENT_3D('',#8675,#8676,#8677);
#8675 = CARTESIAN_POINT('',(-59.95600104021,6.478784581003,
    -7.997255373984));
#8676 = DIRECTION('',(-0.587785252292,-0.809016994375,0.));
#8677 = DIRECTION('',(7.051047704023E-02,-5.122886023967E-02,
    0.996194698092));
#8678 = DEFINITIONAL_REPRESENTATION('',(#8679),#8683);
#8679 = LINE('',#8680,#8681);
#8680 = CARTESIAN_POINT('',(0.,10.));
#8681 = VECTOR('',#8682,1.);
#8682 = DIRECTION('',(1.,-2.775557561563E-17));
#8683 = ( GEOMETRIC_REPRESENTATION_CONTEXT(2) 
PARAMETRIC_REPRESENTATION_CONTEXT() REPRESENTATION_CONTEXT('2D SPACE',''
  ) );
#8684 = ORIENTED_EDGE('',*,*,#8685,.T.);
#8685 = EDGE_CURVE('',#8658,#7195,#8686,.T.);
#8686 = SURFACE_CURVE('',#8687,(#8692,#8698),.PCURVE_S1.);
#8687 = CIRCLE('',#8688,10.);
#8688 = AXIS2_PLACEMENT_3D('',#8689,#8690,#8691);
#8689 = CARTESIAN_POINT('',(-60.0222186107,18.887574237065,
    22.760142996245));
#8690 = DIRECTION('',(7.051047704023E-02,-5.122886023967E-02,
    0.996194698092));
#8691 = DIRECTION('',(0.805938440462,-0.58554855195,-8.715574274766E-02)
  );
#8692 = PCURVE('',#7210,#8693);
#8693 = DEFINITIONAL_REPRESENTATION('',(#8694),#8697);
#8694 = B_SPLINE_CURVE_WITH_KNOTS('',1,(#8695,#8696),.UNSPECIFIED.,.F.,
  .F.,(2,2),(4.712388980385,6.28318530718),.PIECEWISE_BEZIER_KNOTS.);
#8695 = CARTESIAN_POINT('',(-1.570796326795,30.));
#8696 = CARTESIAN_POINT('',(0.,30.));
#8697 = ( GEOMETRIC_REPRESENTATION_CONTEXT(2) 
PARAMETRIC_REPRESENTATION_CONTEXT() REPRESENTATION_CONTEXT('2D SPACE',''
  ) );
#8698 = PCURVE('',#7338,#8699);
#8699 = DEFINITIONAL_REPRESENTATION('',(#8700),#8703);
#8700 = B_SPLINE_CURVE_WITH_KNOTS('',1,(#8701,#8702),.UNSPECIFIED.,.F.,
  .F.,(2,2),(4.712388980385,6.28318530718),.PIECEWISE_BEZIER_KNOTS.);
#8701 = CARTESIAN_POINT('',(0.,-1.570796326795));
#8702 = CARTESIAN_POINT('',(0.,0.));
#8703 = ( GEOMETRIC_REPRESENTATION_CONTEXT(2) 
PARAMETRIC_REPRESENTATION_CONTEXT() REPRESENTATION_CONTEXT('2D SPACE',''
  ) );
#8704 = ADVANCED_FACE('',(#8705),#7182,.T.);
#8705 = FACE_BOUND('',#8706,.F.);
#8706 = EDGE_LOOP('',(#8707,#8729,#8757,#8777));
#8707 = ORIENTED_EDGE('',*,*,#8708,.F.);
#8708 = EDGE_CURVE('',#8709,#7137,#8711,.T.);
#8709 = VERTEX_POINT('',#8710);
#8710 = CARTESIAN_POINT('',(-38.62612283021,52.785119819253,
    -7.125697946507));
#8711 = SURFACE_CURVE('',#8712,(#8717,#8723),.PCURVE_S1.);
#8712 = CIRCLE('',#8713,10.);
#8713 = AXIS2_PLACEMENT_3D('',#8714,#8715,#8716);
#8714 = CARTESIAN_POINT('',(-37.92101805981,52.272831216856,
    2.83624903441));
#8715 = DIRECTION('',(-0.587785252292,-0.809016994375,3.469446951954E-17
    ));
#8716 = DIRECTION('',(0.805938440462,-0.58554855195,-8.715574274766E-02)
  );
#8717 = PCURVE('',#7182,#8718);
#8718 = DEFINITIONAL_REPRESENTATION('',(#8719),#8722);
#8719 = B_SPLINE_CURVE_WITH_KNOTS('',1,(#8720,#8721),.UNSPECIFIED.,.F.,
  .F.,(2,2),(4.712388980385,6.28318530718),.PIECEWISE_BEZIER_KNOTS.);
#8720 = CARTESIAN_POINT('',(-1.570796326795,10.));
#8721 = CARTESIAN_POINT('',(0.,10.));
#8722 = ( GEOMETRIC_REPRESENTATION_CONTEXT(2) 
PARAMETRIC_REPRESENTATION_CONTEXT() REPRESENTATION_CONTEXT('2D SPACE',''
  ) );
#8723 = PCURVE('',#8562,#8724);
#8724 = DEFINITIONAL_REPRESENTATION('',(#8725),#8728);
#8725 = B_SPLINE_CURVE_WITH_KNOTS('',1,(#8726,#8727),.UNSPECIFIED.,.F.,
  .F.,(2,2),(4.712388980385,6.28318530718),.PIECEWISE_BEZIER_KNOTS.);
#8726 = CARTESIAN_POINT('',(0.,-1.570796326795));
#8727 = CARTESIAN_POINT('',(0.,0.));
#8728 = ( GEOMETRIC_REPRESENTATION_CONTEXT(2) 
PARAMETRIC_REPRESENTATION_CONTEXT() REPRESENTATION_CONTEXT('2D SPACE',''
  ) );
#8729 = ORIENTED_EDGE('',*,*,#8730,.T.);
#8730 = EDGE_CURVE('',#8709,#8731,#8733,.T.);
#8731 = VERTEX_POINT('',#8732);
#8732 = CARTESIAN_POINT('',(-62.13753292191,20.424440044255,
    -7.125697946507));
#8733 = SURFACE_CURVE('',#8734,(#8738,#8745),.PCURVE_S1.);
#8734 = LINE('',#8735,#8736);
#8735 = CARTESIAN_POINT('',(-32.74827030728,60.875289763003,
    -7.125697946507));
#8736 = VECTOR('',#8737,1.);
#8737 = DIRECTION('',(-0.587785252292,-0.809016994375,0.));
#8738 = PCURVE('',#7182,#8739);
#8739 = DEFINITIONAL_REPRESENTATION('',(#8740),#8744);
#8740 = LINE('',#8741,#8742);
#8741 = CARTESIAN_POINT('',(-1.570796326795,0.));
#8742 = VECTOR('',#8743,1.);
#8743 = DIRECTION('',(-0.,1.));
#8744 = ( GEOMETRIC_REPRESENTATION_CONTEXT(2) 
PARAMETRIC_REPRESENTATION_CONTEXT() REPRESENTATION_CONTEXT('2D SPACE',''
  ) );
#8745 = PCURVE('',#8746,#8751);
#8746 = PLANE('',#8747);
#8747 = AXIS2_PLACEMENT_3D('',#8748,#8749,#8750);
#8748 = CARTESIAN_POINT('',(-24.68888590266,55.0198042435,
    -7.997255373984));
#8749 = DIRECTION('',(7.051047704023E-02,-5.122886023967E-02,
    0.996194698092));
#8750 = DIRECTION('',(-0.805938440462,0.58554855195,8.715574274766E-02)
  );
#8751 = DEFINITIONAL_REPRESENTATION('',(#8752),#8756);
#8752 = LINE('',#8753,#8754);
#8753 = CARTESIAN_POINT('',(10.,-3.552713678801E-15));
#8754 = VECTOR('',#8755,1.);
#8755 = DIRECTION('',(0.,1.));
#8756 = ( GEOMETRIC_REPRESENTATION_CONTEXT(2) 
PARAMETRIC_REPRESENTATION_CONTEXT() REPRESENTATION_CONTEXT('2D SPACE',''
  ) );
#8757 = ORIENTED_EDGE('',*,*,#8758,.T.);
#8758 = EDGE_CURVE('',#8731,#7167,#8759,.T.);
#8759 = SURFACE_CURVE('',#8760,(#8765,#8771),.PCURVE_S1.);
#8760 = CIRCLE('',#8761,10.);
#8761 = AXIS2_PLACEMENT_3D('',#8762,#8763,#8764);
#8762 = CARTESIAN_POINT('',(-61.43242815151,19.912151441858,
    2.83624903441));
#8763 = DIRECTION('',(-0.587785252292,-0.809016994375,
    -6.245004513517E-17));
#8764 = DIRECTION('',(0.805938440462,-0.58554855195,-8.715574274766E-02)
  );
#8765 = PCURVE('',#7182,#8766);
#8766 = DEFINITIONAL_REPRESENTATION('',(#8767),#8770);
#8767 = B_SPLINE_CURVE_WITH_KNOTS('',1,(#8768,#8769),.UNSPECIFIED.,.F.,
  .F.,(2,2),(4.712388980385,6.28318530718),.PIECEWISE_BEZIER_KNOTS.);
#8768 = CARTESIAN_POINT('',(-1.570796326795,50.));
#8769 = CARTESIAN_POINT('',(0.,50.));
#8770 = ( GEOMETRIC_REPRESENTATION_CONTEXT(2) 
PARAMETRIC_REPRESENTATION_CONTEXT() REPRESENTATION_CONTEXT('2D SPACE',''
  ) );
#8771 = PCURVE('',#8645,#8772);
#8772 = DEFINITIONAL_REPRESENTATION('',(#8773),#8776);
#8773 = B_SPLINE_CURVE_WITH_KNOTS('',1,(#8774,#8775),.UNSPECIFIED.,.F.,
  .F.,(2,2),(4.712388980385,6.28318530718),.PIECEWISE_BEZIER_KNOTS.);
#8774 = CARTESIAN_POINT('',(0.,-1.570796326795));
#8775 = CARTESIAN_POINT('',(0.,0.));
#8776 = ( GEOMETRIC_REPRESENTATION_CONTEXT(2) 
PARAMETRIC_REPRESENTATION_CONTEXT() REPRESENTATION_CONTEXT('2D SPACE',''
  ) );
#8777 = ORIENTED_EDGE('',*,*,#7166,.F.);
#8778 = ADVANCED_FACE('',(#8779),#7284,.T.);
#8779 = FACE_BOUND('',#8780,.F.);
#8780 = EDGE_LOOP('',(#8781,#8782,#8807));
#8781 = ORIENTED_EDGE('',*,*,#7268,.F.);
#8782 = ORIENTED_EDGE('',*,*,#8783,.T.);
#8783 = EDGE_CURVE('',#7269,#8575,#8784,.T.);
#8784 = SURFACE_CURVE('',#8785,(#8790,#8796),.PCURVE_S1.);
#8785 = CIRCLE('',#8786,10.);
#8786 = AXIS2_PLACEMENT_3D('',#8787,#8788,#8789);
#8787 = CARTESIAN_POINT('',(-36.510808519,51.248254012063,
    22.760142996245));
#8788 = DIRECTION('',(-0.805938440462,0.58554855195,8.715574274766E-02)
  );
#8789 = DIRECTION('',(0.587785252292,0.809016994375,-9.020562075079E-17)
  );
#8790 = PCURVE('',#7284,#8791);
#8791 = DEFINITIONAL_REPRESENTATION('',(#8792),#8795);
#8792 = B_SPLINE_CURVE_WITH_KNOTS('',1,(#8793,#8794),.UNSPECIFIED.,.F.,
  .F.,(2,2),(4.712388980385,6.28318530718),.PIECEWISE_BEZIER_KNOTS.);
#8793 = CARTESIAN_POINT('',(-1.570796326795,-1.570796326795));
#8794 = CARTESIAN_POINT('',(-1.570796326795,0.));
#8795 = ( GEOMETRIC_REPRESENTATION_CONTEXT(2) 
PARAMETRIC_REPRESENTATION_CONTEXT() REPRESENTATION_CONTEXT('2D SPACE',''
  ) );
#8796 = PCURVE('',#8797,#8802);
#8797 = CYLINDRICAL_SURFACE('',#8798,10.);
#8798 = AXIS2_PLACEMENT_3D('',#8799,#8800,#8801);
#8799 = CARTESIAN_POINT('',(-28.45142411438,45.39276849256,
    21.888585568769));
#8800 = DIRECTION('',(-0.805938440462,0.58554855195,8.715574274766E-02)
  );
#8801 = DIRECTION('',(0.587785252292,0.809016994375,0.));
#8802 = DEFINITIONAL_REPRESENTATION('',(#8803),#8806);
#8803 = B_SPLINE_CURVE_WITH_KNOTS('',1,(#8804,#8805),.UNSPECIFIED.,.F.,
  .F.,(2,2),(4.712388980385,6.28318530718),.PIECEWISE_BEZIER_KNOTS.);
#8804 = CARTESIAN_POINT('',(-1.570796326795,10.));
#8805 = CARTESIAN_POINT('',(0.,10.));
#8806 = ( GEOMETRIC_REPRESENTATION_CONTEXT(2) 
PARAMETRIC_REPRESENTATION_CONTEXT() REPRESENTATION_CONTEXT('2D SPACE',''
  ) );
#8807 = ORIENTED_EDGE('',*,*,#8602,.F.);
#8808 = ADVANCED_FACE('',(#8809),#7338,.T.);
#8809 = FACE_BOUND('',#8810,.F.);
#8810 = EDGE_LOOP('',(#8811,#8812,#8837));
#8811 = ORIENTED_EDGE('',*,*,#8685,.F.);
#8812 = ORIENTED_EDGE('',*,*,#8813,.T.);
#8813 = EDGE_CURVE('',#8658,#7296,#8814,.T.);
#8814 = SURFACE_CURVE('',#8815,(#8820,#8826),.PCURVE_S1.);
#8815 = CIRCLE('',#8816,10.);
#8816 = AXIS2_PLACEMENT_3D('',#8817,#8818,#8819);
#8817 = CARTESIAN_POINT('',(-60.0222186107,18.887574237065,
    22.760142996245));
#8818 = DIRECTION('',(-0.805938440462,0.58554855195,8.715574274766E-02)
  );
#8819 = DIRECTION('',(7.051047704023E-02,-5.122886023967E-02,
    0.996194698092));
#8820 = PCURVE('',#7338,#8821);
#8821 = DEFINITIONAL_REPRESENTATION('',(#8822),#8825);
#8822 = B_SPLINE_CURVE_WITH_KNOTS('',1,(#8823,#8824),.UNSPECIFIED.,.F.,
  .F.,(2,2),(4.712388980385,6.28318530718),.PIECEWISE_BEZIER_KNOTS.);
#8823 = CARTESIAN_POINT('',(-1.570796326795,-1.570796326795));
#8824 = CARTESIAN_POINT('',(-1.570796326795,0.));
#8825 = ( GEOMETRIC_REPRESENTATION_CONTEXT(2) 
PARAMETRIC_REPRESENTATION_CONTEXT() REPRESENTATION_CONTEXT('2D SPACE',''
  ) );
#8826 = PCURVE('',#8827,#8832);
#8827 = CYLINDRICAL_SURFACE('',#8828,10.);
#8828 = AXIS2_PLACEMENT_3D('',#8829,#8830,#8831);
#8829 = CARTESIAN_POINT('',(-51.96283420608,13.032088717562,
    21.888585568769));
#8830 = DIRECTION('',(-0.805938440462,0.58554855195,8.715574274766E-02)
  );
#8831 = DIRECTION('',(-0.587785252292,-0.809016994375,0.));
#8832 = DEFINITIONAL_REPRESENTATION('',(#8833),#8836);
#8833 = B_SPLINE_CURVE_WITH_KNOTS('',1,(#8834,#8835),.UNSPECIFIED.,.F.,
  .F.,(2,2),(4.712388980385,6.28318530718),.PIECEWISE_BEZIER_KNOTS.);
#8834 = CARTESIAN_POINT('',(0.,10.));
#8835 = CARTESIAN_POINT('',(1.570796326795,10.));
#8836 = ( GEOMETRIC_REPRESENTATION_CONTEXT(2) 
PARAMETRIC_REPRESENTATION_CONTEXT() REPRESENTATION_CONTEXT('2D SPACE',''
  ) );
#8837 = ORIENTED_EDGE('',*,*,#7323,.F.);
#8838 = ADVANCED_FACE('',(#8839),#7311,.T.);
#8839 = FACE_BOUND('',#8840,.T.);
#8840 = EDGE_LOOP('',(#8841,#8842,#8865,#8893));
#8841 = ORIENTED_EDGE('',*,*,#7295,.F.);
#8842 = ORIENTED_EDGE('',*,*,#8843,.T.);
#8843 = EDGE_CURVE('',#7269,#8844,#8846,.T.);
#8844 = VERTEX_POINT('',#8845);
#8845 = CARTESIAN_POINT('',(-261.468467078,214.68955995574,
    57.125697946507));
#8846 = SURFACE_CURVE('',#8847,(#8851,#8858),.PCURVE_S1.);
#8847 = LINE('',#8848,#8849);
#8848 = CARTESIAN_POINT('',(-27.74631934398,44.880479890163,
    31.850532549686));
#8849 = VECTOR('',#8850,1.);
#8850 = DIRECTION('',(-0.805938440462,0.58554855195,8.715574274766E-02)
  );
#8851 = PCURVE('',#7311,#8852);
#8852 = DEFINITIONAL_REPRESENTATION('',(#8853),#8857);
#8853 = LINE('',#8854,#8855);
#8854 = CARTESIAN_POINT('',(7.105427357601E-15,10.));
#8855 = VECTOR('',#8856,1.);
#8856 = DIRECTION('',(1.,0.));
#8857 = ( GEOMETRIC_REPRESENTATION_CONTEXT(2) 
PARAMETRIC_REPRESENTATION_CONTEXT() REPRESENTATION_CONTEXT('2D SPACE',''
  ) );
#8858 = PCURVE('',#8797,#8859);
#8859 = DEFINITIONAL_REPRESENTATION('',(#8860),#8864);
#8860 = LINE('',#8861,#8862);
#8861 = CARTESIAN_POINT('',(-1.570796326795,0.));
#8862 = VECTOR('',#8863,1.);
#8863 = DIRECTION('',(-0.,1.));
#8864 = ( GEOMETRIC_REPRESENTATION_CONTEXT(2) 
PARAMETRIC_REPRESENTATION_CONTEXT() REPRESENTATION_CONTEXT('2D SPACE',''
  ) );
#8865 = ORIENTED_EDGE('',*,*,#8866,.T.);
#8866 = EDGE_CURVE('',#8844,#8867,#8869,.T.);
#8867 = VERTEX_POINT('',#8868);
#8868 = CARTESIAN_POINT('',(-284.9798771697,182.32888018074,
    57.125697946507));
#8869 = SURFACE_CURVE('',#8870,(#8874,#8881),.PCURVE_S1.);
#8870 = LINE('',#8871,#8872);
#8871 = CARTESIAN_POINT('',(-255.5906145551,222.77972989949,
    57.125697946507));
#8872 = VECTOR('',#8873,1.);
#8873 = DIRECTION('',(-0.587785252292,-0.809016994375,0.));
#8874 = PCURVE('',#7311,#8875);
#8875 = DEFINITIONAL_REPRESENTATION('',(#8876),#8880);
#8876 = LINE('',#8877,#8878);
#8877 = CARTESIAN_POINT('',(290.,-2.84217094304E-14));
#8878 = VECTOR('',#8879,1.);
#8879 = DIRECTION('',(0.,1.));
#8880 = ( GEOMETRIC_REPRESENTATION_CONTEXT(2) 
PARAMETRIC_REPRESENTATION_CONTEXT() REPRESENTATION_CONTEXT('2D SPACE',''
  ) );
#8881 = PCURVE('',#8882,#8887);
#8882 = CYLINDRICAL_SURFACE('',#8883,10.);
#8883 = AXIS2_PLACEMENT_3D('',#8884,#8885,#8886);
#8884 = CARTESIAN_POINT('',(-256.2957193255,223.29201850189,
    47.16375096559));
#8885 = DIRECTION('',(-0.587785252292,-0.809016994375,0.));
#8886 = DIRECTION('',(-0.805938440462,0.58554855195,8.715574274766E-02)
  );
#8887 = DEFINITIONAL_REPRESENTATION('',(#8888),#8892);
#8888 = LINE('',#8889,#8890);
#8889 = CARTESIAN_POINT('',(-1.570796326795,0.));
#8890 = VECTOR('',#8891,1.);
#8891 = DIRECTION('',(-0.,1.));
#8892 = ( GEOMETRIC_REPRESENTATION_CONTEXT(2) 
PARAMETRIC_REPRESENTATION_CONTEXT() REPRESENTATION_CONTEXT('2D SPACE',''
  ) );
#8893 = ORIENTED_EDGE('',*,*,#8894,.F.);
#8894 = EDGE_CURVE('',#7296,#8867,#8895,.T.);
#8895 = SURFACE_CURVE('',#8896,(#8900,#8907),.PCURVE_S1.);
#8896 = LINE('',#8897,#8898);
#8897 = CARTESIAN_POINT('',(-51.25772943567,12.519800115165,
    31.850532549686));
#8898 = VECTOR('',#8899,1.);
#8899 = DIRECTION('',(-0.805938440462,0.58554855195,8.715574274766E-02)
  );
#8900 = PCURVE('',#7311,#8901);
#8901 = DEFINITIONAL_REPRESENTATION('',(#8902),#8906);
#8902 = LINE('',#8903,#8904);
#8903 = CARTESIAN_POINT('',(0.,50.));
#8904 = VECTOR('',#8905,1.);
#8905 = DIRECTION('',(1.,0.));
#8906 = ( GEOMETRIC_REPRESENTATION_CONTEXT(2) 
PARAMETRIC_REPRESENTATION_CONTEXT() REPRESENTATION_CONTEXT('2D SPACE',''
  ) );
#8907 = PCURVE('',#8827,#8908);
#8908 = DEFINITIONAL_REPRESENTATION('',(#8909),#8913);
#8909 = LINE('',#8910,#8911);
#8910 = CARTESIAN_POINT('',(1.570796326795,0.));
#8911 = VECTOR('',#8912,1.);
#8912 = DIRECTION('',(0.,1.));
#8913 = ( GEOMETRIC_REPRESENTATION_CONTEXT(2) 
PARAMETRIC_REPRESENTATION_CONTEXT() REPRESENTATION_CONTEXT('2D SPACE',''
  ) );
#8914 = ADVANCED_FACE('',(#8915),#7374,.T.);
#8915 = FACE_BOUND('',#8916,.T.);
#8916 = EDGE_LOOP('',(#8917,#8918,#8947,#8975));
#8917 = ORIENTED_EDGE('',*,*,#7356,.F.);
#8918 = ORIENTED_EDGE('',*,*,#8919,.T.);
#8919 = EDGE_CURVE('',#7357,#8920,#8922,.T.);
#8920 = VERTEX_POINT('',#8921);
#8921 = CARTESIAN_POINT('',(-67.31028067443,-11.8219814981,2.83624903441
    ));
#8922 = SURFACE_CURVE('',#8923,(#8928,#8935),.PCURVE_S1.);
#8923 = CIRCLE('',#8924,10.);
#8924 = AXIS2_PLACEMENT_3D('',#8925,#8926,#8927);
#8925 = CARTESIAN_POINT('',(-61.43242815151,-19.91215144185,
    2.83624903441));
#8926 = DIRECTION('',(7.051047704023E-02,5.122886023967E-02,
    0.996194698092));
#8927 = DIRECTION('',(0.805938440462,0.58554855195,-8.715574274766E-02)
  );
#8928 = PCURVE('',#7374,#8929);
#8929 = DEFINITIONAL_REPRESENTATION('',(#8930),#8934);
#8930 = LINE('',#8931,#8932);
#8931 = CARTESIAN_POINT('',(0.,10.));
#8932 = VECTOR('',#8933,1.);
#8933 = DIRECTION('',(1.,0.));
#8934 = ( GEOMETRIC_REPRESENTATION_CONTEXT(2) 
PARAMETRIC_REPRESENTATION_CONTEXT() REPRESENTATION_CONTEXT('2D SPACE',''
  ) );
#8935 = PCURVE('',#8936,#8941);
#8936 = SPHERICAL_SURFACE('',#8937,10.);
#8937 = AXIS2_PLACEMENT_3D('',#8938,#8939,#8940);
#8938 = CARTESIAN_POINT('',(-61.43242815151,-19.91215144185,
    2.83624903441));
#8939 = DIRECTION('',(7.051047704023E-02,5.122886023967E-02,
    0.996194698092));
#8940 = DIRECTION('',(0.805938440462,0.58554855195,-8.715574274766E-02)
  );
#8941 = DEFINITIONAL_REPRESENTATION('',(#8942),#8946);
#8942 = LINE('',#8943,#8944);
#8943 = CARTESIAN_POINT('',(0.,0.));
#8944 = VECTOR('',#8945,1.);
#8945 = DIRECTION('',(1.,0.));
#8946 = ( GEOMETRIC_REPRESENTATION_CONTEXT(2) 
PARAMETRIC_REPRESENTATION_CONTEXT() REPRESENTATION_CONTEXT('2D SPACE',''
  ) );
#8947 = ORIENTED_EDGE('',*,*,#8948,.T.);
#8948 = EDGE_CURVE('',#8920,#8949,#8951,.T.);
#8949 = VERTEX_POINT('',#8950);
#8950 = CARTESIAN_POINT('',(-65.90007113363,-10.79740429331,
    22.760142996245));
#8951 = SURFACE_CURVE('',#8952,(#8956,#8963),.PCURVE_S1.);
#8952 = LINE('',#8953,#8954);
#8953 = CARTESIAN_POINT('',(-68.01538544483,-12.3342701005,
    -7.125697946507));
#8954 = VECTOR('',#8955,1.);
#8955 = DIRECTION('',(7.051047704023E-02,5.122886023967E-02,
    0.996194698092));
#8956 = PCURVE('',#7374,#8957);
#8957 = DEFINITIONAL_REPRESENTATION('',(#8958),#8962);
#8958 = LINE('',#8959,#8960);
#8959 = CARTESIAN_POINT('',(1.570796326795,0.));
#8960 = VECTOR('',#8961,1.);
#8961 = DIRECTION('',(0.,1.));
#8962 = ( GEOMETRIC_REPRESENTATION_CONTEXT(2) 
PARAMETRIC_REPRESENTATION_CONTEXT() REPRESENTATION_CONTEXT('2D SPACE',''
  ) );
#8963 = PCURVE('',#8964,#8969);
#8964 = PLANE('',#8965);
#8965 = AXIS2_PLACEMENT_3D('',#8966,#8967,#8968);
#8966 = CARTESIAN_POINT('',(-59.95600104021,-6.478784581003,
    -7.997255373984));
#8967 = DIRECTION('',(0.587785252292,-0.809016994375,0.));
#8968 = DIRECTION('',(7.051047704023E-02,5.122886023967E-02,
    0.996194698092));
#8969 = DEFINITIONAL_REPRESENTATION('',(#8970),#8974);
#8970 = LINE('',#8971,#8972);
#8971 = CARTESIAN_POINT('',(0.,10.));
#8972 = VECTOR('',#8973,1.);
#8973 = DIRECTION('',(1.,0.));
#8974 = ( GEOMETRIC_REPRESENTATION_CONTEXT(2) 
PARAMETRIC_REPRESENTATION_CONTEXT() REPRESENTATION_CONTEXT('2D SPACE',''
  ) );
#8975 = ORIENTED_EDGE('',*,*,#8976,.F.);
#8976 = EDGE_CURVE('',#7359,#8949,#8977,.T.);
#8977 = SURFACE_CURVE('',#8978,(#8983,#8990),.PCURVE_S1.);
#8978 = CIRCLE('',#8979,10.);
#8979 = AXIS2_PLACEMENT_3D('',#8980,#8981,#8982);
#8980 = CARTESIAN_POINT('',(-60.0222186107,-18.88757423706,
    22.760142996245));
#8981 = DIRECTION('',(7.051047704023E-02,5.122886023967E-02,
    0.996194698092));
#8982 = DIRECTION('',(0.805938440462,0.58554855195,-8.715574274766E-02)
  );
#8983 = PCURVE('',#7374,#8984);
#8984 = DEFINITIONAL_REPRESENTATION('',(#8985),#8989);
#8985 = LINE('',#8986,#8987);
#8986 = CARTESIAN_POINT('',(0.,30.));
#8987 = VECTOR('',#8988,1.);
#8988 = DIRECTION('',(1.,0.));
#8989 = ( GEOMETRIC_REPRESENTATION_CONTEXT(2) 
PARAMETRIC_REPRESENTATION_CONTEXT() REPRESENTATION_CONTEXT('2D SPACE',''
  ) );
#8990 = PCURVE('',#7504,#8991);
#8991 = DEFINITIONAL_REPRESENTATION('',(#8992),#8996);
#8992 = LINE('',#8993,#8994);
#8993 = CARTESIAN_POINT('',(-0.,0.));
#8994 = VECTOR('',#8995,1.);
#8995 = DIRECTION('',(-1.,0.));
#8996 = ( GEOMETRIC_REPRESENTATION_CONTEXT(2) 
PARAMETRIC_REPRESENTATION_CONTEXT() REPRESENTATION_CONTEXT('2D SPACE',''
  ) );
#8997 = ADVANCED_FACE('',(#8998),#7430,.T.);
#8998 = FACE_BOUND('',#8999,.F.);
#8999 = EDGE_LOOP('',(#9000,#9001,#9030,#9058));
#9000 = ORIENTED_EDGE('',*,*,#7414,.F.);
#9001 = ORIENTED_EDGE('',*,*,#9002,.T.);
#9002 = EDGE_CURVE('',#7387,#9003,#9005,.T.);
#9003 = VERTEX_POINT('',#9004);
#9004 = CARTESIAN_POINT('',(-32.04316553688,-60.3630011606,2.83624903441
    ));
#9005 = SURFACE_CURVE('',#9006,(#9011,#9018),.PCURVE_S1.);
#9006 = CIRCLE('',#9007,10.);
#9007 = AXIS2_PLACEMENT_3D('',#9008,#9009,#9010);
#9008 = CARTESIAN_POINT('',(-37.92101805981,-52.27283121685,
    2.83624903441));
#9009 = DIRECTION('',(-7.051047704023E-02,-5.122886023967E-02,
    -0.996194698092));
#9010 = DIRECTION('',(0.805938440462,0.58554855195,-8.715574274766E-02)
  );
#9011 = PCURVE('',#7430,#9012);
#9012 = DEFINITIONAL_REPRESENTATION('',(#9013),#9017);
#9013 = LINE('',#9014,#9015);
#9014 = CARTESIAN_POINT('',(-3.5527136788E-16,10.));
#9015 = VECTOR('',#9016,1.);
#9016 = DIRECTION('',(-1.,0.));
#9017 = ( GEOMETRIC_REPRESENTATION_CONTEXT(2) 
PARAMETRIC_REPRESENTATION_CONTEXT() REPRESENTATION_CONTEXT('2D SPACE',''
  ) );
#9018 = PCURVE('',#9019,#9024);
#9019 = SPHERICAL_SURFACE('',#9020,10.);
#9020 = AXIS2_PLACEMENT_3D('',#9021,#9022,#9023);
#9021 = CARTESIAN_POINT('',(-37.92101805981,-52.27283121685,
    2.83624903441));
#9022 = DIRECTION('',(7.051047704023E-02,5.122886023967E-02,
    0.996194698092));
#9023 = DIRECTION('',(0.805938440462,0.58554855195,-8.715574274766E-02)
  );
#9024 = DEFINITIONAL_REPRESENTATION('',(#9025),#9029);
#9025 = LINE('',#9026,#9027);
#9026 = CARTESIAN_POINT('',(-0.,0.));
#9027 = VECTOR('',#9028,1.);
#9028 = DIRECTION('',(-1.,0.));
#9029 = ( GEOMETRIC_REPRESENTATION_CONTEXT(2) 
PARAMETRIC_REPRESENTATION_CONTEXT() REPRESENTATION_CONTEXT('2D SPACE',''
  ) );
#9030 = ORIENTED_EDGE('',*,*,#9031,.T.);
#9031 = EDGE_CURVE('',#9003,#9032,#9034,.T.);
#9032 = VERTEX_POINT('',#9033);
#9033 = CARTESIAN_POINT('',(-30.63295599608,-59.33842395581,
    22.760142996245));
#9034 = SURFACE_CURVE('',#9035,(#9039,#9046),.PCURVE_S1.);
#9035 = LINE('',#9036,#9037);
#9036 = CARTESIAN_POINT('',(-32.74827030728,-60.875289763,
    -7.125697946507));
#9037 = VECTOR('',#9038,1.);
#9038 = DIRECTION('',(7.051047704023E-02,5.122886023967E-02,
    0.996194698092));
#9039 = PCURVE('',#7430,#9040);
#9040 = DEFINITIONAL_REPRESENTATION('',(#9041),#9045);
#9041 = LINE('',#9042,#9043);
#9042 = CARTESIAN_POINT('',(-1.570796326795,0.));
#9043 = VECTOR('',#9044,1.);
#9044 = DIRECTION('',(-0.,1.));
#9045 = ( GEOMETRIC_REPRESENTATION_CONTEXT(2) 
PARAMETRIC_REPRESENTATION_CONTEXT() REPRESENTATION_CONTEXT('2D SPACE',''
  ) );
#9046 = PCURVE('',#9047,#9052);
#9047 = PLANE('',#9048);
#9048 = AXIS2_PLACEMENT_3D('',#9049,#9050,#9051);
#9049 = CARTESIAN_POINT('',(-24.68888590266,-55.0198042435,
    -7.997255373984));
#9050 = DIRECTION('',(0.587785252292,-0.809016994375,0.));
#9051 = DIRECTION('',(7.051047704023E-02,5.122886023967E-02,
    0.996194698092));
#9052 = DEFINITIONAL_REPRESENTATION('',(#9053),#9057);
#9053 = LINE('',#9054,#9055);
#9054 = CARTESIAN_POINT('',(0.,10.));
#9055 = VECTOR('',#9056,1.);
#9056 = DIRECTION('',(1.,0.));
#9057 = ( GEOMETRIC_REPRESENTATION_CONTEXT(2) 
PARAMETRIC_REPRESENTATION_CONTEXT() REPRESENTATION_CONTEXT('2D SPACE',''
  ) );
#9058 = ORIENTED_EDGE('',*,*,#9059,.T.);
#9059 = EDGE_CURVE('',#9032,#7415,#9060,.T.);
#9060 = SURFACE_CURVE('',#9061,(#9066,#9072),.PCURVE_S1.);
#9061 = CIRCLE('',#9062,10.);
#9062 = AXIS2_PLACEMENT_3D('',#9063,#9064,#9065);
#9063 = CARTESIAN_POINT('',(-36.510808519,-51.24825401206,
    22.760142996245));
#9064 = DIRECTION('',(7.051047704023E-02,5.122886023967E-02,
    0.996194698092));
#9065 = DIRECTION('',(0.805938440462,0.58554855195,-8.715574274766E-02)
  );
#9066 = PCURVE('',#7430,#9067);
#9067 = DEFINITIONAL_REPRESENTATION('',(#9068),#9071);
#9068 = B_SPLINE_CURVE_WITH_KNOTS('',1,(#9069,#9070),.UNSPECIFIED.,.F.,
  .F.,(2,2),(4.712388980385,6.28318530718),.PIECEWISE_BEZIER_KNOTS.);
#9069 = CARTESIAN_POINT('',(-1.570796326795,30.));
#9070 = CARTESIAN_POINT('',(0.,30.));
#9071 = ( GEOMETRIC_REPRESENTATION_CONTEXT(2) 
PARAMETRIC_REPRESENTATION_CONTEXT() REPRESENTATION_CONTEXT('2D SPACE',''
  ) );
#9072 = PCURVE('',#7558,#9073);
#9073 = DEFINITIONAL_REPRESENTATION('',(#9074),#9077);
#9074 = B_SPLINE_CURVE_WITH_KNOTS('',1,(#9075,#9076),.UNSPECIFIED.,.F.,
  .F.,(2,2),(4.712388980385,6.28318530718),.PIECEWISE_BEZIER_KNOTS.);
#9075 = CARTESIAN_POINT('',(0.,-1.570796326795));
#9076 = CARTESIAN_POINT('',(0.,0.));
#9077 = ( GEOMETRIC_REPRESENTATION_CONTEXT(2) 
PARAMETRIC_REPRESENTATION_CONTEXT() REPRESENTATION_CONTEXT('2D SPACE',''
  ) );
#9078 = ADVANCED_FACE('',(#9079),#7402,.T.);
#9079 = FACE_BOUND('',#9080,.F.);
#9080 = EDGE_LOOP('',(#9081,#9103,#9131,#9151));
#9081 = ORIENTED_EDGE('',*,*,#9082,.F.);
#9082 = EDGE_CURVE('',#9083,#7357,#9085,.T.);
#9083 = VERTEX_POINT('',#9084);
#9084 = CARTESIAN_POINT('',(-62.13753292191,-20.42444004425,
    -7.125697946507));
#9085 = SURFACE_CURVE('',#9086,(#9091,#9097),.PCURVE_S1.);
#9086 = CIRCLE('',#9087,10.);
#9087 = AXIS2_PLACEMENT_3D('',#9088,#9089,#9090);
#9088 = CARTESIAN_POINT('',(-61.43242815151,-19.91215144185,
    2.83624903441));
#9089 = DIRECTION('',(0.587785252292,-0.809016994375,-3.469446951954E-17
    ));
#9090 = DIRECTION('',(0.805938440462,0.58554855195,-8.715574274766E-02)
  );
#9091 = PCURVE('',#7402,#9092);
#9092 = DEFINITIONAL_REPRESENTATION('',(#9093),#9096);
#9093 = B_SPLINE_CURVE_WITH_KNOTS('',1,(#9094,#9095),.UNSPECIFIED.,.F.,
  .F.,(2,2),(4.712388980385,6.28318530718),.PIECEWISE_BEZIER_KNOTS.);
#9094 = CARTESIAN_POINT('',(-1.570796326795,10.));
#9095 = CARTESIAN_POINT('',(0.,10.));
#9096 = ( GEOMETRIC_REPRESENTATION_CONTEXT(2) 
PARAMETRIC_REPRESENTATION_CONTEXT() REPRESENTATION_CONTEXT('2D SPACE',''
  ) );
#9097 = PCURVE('',#8936,#9098);
#9098 = DEFINITIONAL_REPRESENTATION('',(#9099),#9102);
#9099 = B_SPLINE_CURVE_WITH_KNOTS('',1,(#9100,#9101),.UNSPECIFIED.,.F.,
  .F.,(2,2),(4.712388980385,6.28318530718),.PIECEWISE_BEZIER_KNOTS.);
#9100 = CARTESIAN_POINT('',(0.,-1.570796326795));
#9101 = CARTESIAN_POINT('',(0.,0.));
#9102 = ( GEOMETRIC_REPRESENTATION_CONTEXT(2) 
PARAMETRIC_REPRESENTATION_CONTEXT() REPRESENTATION_CONTEXT('2D SPACE',''
  ) );
#9103 = ORIENTED_EDGE('',*,*,#9104,.T.);
#9104 = EDGE_CURVE('',#9083,#9105,#9107,.T.);
#9105 = VERTEX_POINT('',#9106);
#9106 = CARTESIAN_POINT('',(-38.62612283021,-52.78511981925,
    -7.125697946507));
#9107 = SURFACE_CURVE('',#9108,(#9112,#9119),.PCURVE_S1.);
#9108 = LINE('',#9109,#9110);
#9109 = CARTESIAN_POINT('',(-68.01538544483,-12.3342701005,
    -7.125697946507));
#9110 = VECTOR('',#9111,1.);
#9111 = DIRECTION('',(0.587785252292,-0.809016994375,0.));
#9112 = PCURVE('',#7402,#9113);
#9113 = DEFINITIONAL_REPRESENTATION('',(#9114),#9118);
#9114 = LINE('',#9115,#9116);
#9115 = CARTESIAN_POINT('',(-1.570796326795,0.));
#9116 = VECTOR('',#9117,1.);
#9117 = DIRECTION('',(-0.,1.));
#9118 = ( GEOMETRIC_REPRESENTATION_CONTEXT(2) 
PARAMETRIC_REPRESENTATION_CONTEXT() REPRESENTATION_CONTEXT('2D SPACE',''
  ) );
#9119 = PCURVE('',#9120,#9125);
#9120 = PLANE('',#9121);
#9121 = AXIS2_PLACEMENT_3D('',#9122,#9123,#9124);
#9122 = CARTESIAN_POINT('',(-59.95600104021,-6.478784581003,
    -7.997255373984));
#9123 = DIRECTION('',(7.051047704023E-02,5.122886023967E-02,
    0.996194698092));
#9124 = DIRECTION('',(-0.805938440462,-0.58554855195,8.715574274766E-02)
  );
#9125 = DEFINITIONAL_REPRESENTATION('',(#9126),#9130);
#9126 = LINE('',#9127,#9128);
#9127 = CARTESIAN_POINT('',(10.,7.105427357601E-15));
#9128 = VECTOR('',#9129,1.);
#9129 = DIRECTION('',(-5.551115123126E-17,1.));
#9130 = ( GEOMETRIC_REPRESENTATION_CONTEXT(2) 
PARAMETRIC_REPRESENTATION_CONTEXT() REPRESENTATION_CONTEXT('2D SPACE',''
  ) );
#9131 = ORIENTED_EDGE('',*,*,#9132,.T.);
#9132 = EDGE_CURVE('',#9105,#7387,#9133,.T.);
#9133 = SURFACE_CURVE('',#9134,(#9139,#9145),.PCURVE_S1.);
#9134 = CIRCLE('',#9135,10.);
#9135 = AXIS2_PLACEMENT_3D('',#9136,#9137,#9138);
#9136 = CARTESIAN_POINT('',(-37.92101805981,-52.27283121685,
    2.83624903441));
#9137 = DIRECTION('',(0.587785252292,-0.809016994375,-4.857225732735E-17
    ));
#9138 = DIRECTION('',(0.805938440462,0.58554855195,-8.715574274766E-02)
  );
#9139 = PCURVE('',#7402,#9140);
#9140 = DEFINITIONAL_REPRESENTATION('',(#9141),#9144);
#9141 = B_SPLINE_CURVE_WITH_KNOTS('',1,(#9142,#9143),.UNSPECIFIED.,.F.,
  .F.,(2,2),(4.712388980385,6.28318530718),.PIECEWISE_BEZIER_KNOTS.);
#9142 = CARTESIAN_POINT('',(-1.570796326795,50.));
#9143 = CARTESIAN_POINT('',(0.,50.));
#9144 = ( GEOMETRIC_REPRESENTATION_CONTEXT(2) 
PARAMETRIC_REPRESENTATION_CONTEXT() REPRESENTATION_CONTEXT('2D SPACE',''
  ) );
#9145 = PCURVE('',#9019,#9146);
#9146 = DEFINITIONAL_REPRESENTATION('',(#9147),#9150);
#9147 = B_SPLINE_CURVE_WITH_KNOTS('',1,(#9148,#9149),.UNSPECIFIED.,.F.,
  .F.,(2,2),(4.712388980385,6.28318530718),.PIECEWISE_BEZIER_KNOTS.);
#9148 = CARTESIAN_POINT('',(0.,-1.570796326795));
#9149 = CARTESIAN_POINT('',(0.,0.));
#9150 = ( GEOMETRIC_REPRESENTATION_CONTEXT(2) 
PARAMETRIC_REPRESENTATION_CONTEXT() REPRESENTATION_CONTEXT('2D SPACE',''
  ) );
#9151 = ORIENTED_EDGE('',*,*,#7386,.F.);
#9152 = ADVANCED_FACE('',(#9153),#7504,.T.);
#9153 = FACE_BOUND('',#9154,.F.);
#9154 = EDGE_LOOP('',(#9155,#9156,#9181));
#9155 = ORIENTED_EDGE('',*,*,#7488,.F.);
#9156 = ORIENTED_EDGE('',*,*,#9157,.T.);
#9157 = EDGE_CURVE('',#7489,#8949,#9158,.T.);
#9158 = SURFACE_CURVE('',#9159,(#9164,#9170),.PCURVE_S1.);
#9159 = CIRCLE('',#9160,10.);
#9160 = AXIS2_PLACEMENT_3D('',#9161,#9162,#9163);
#9161 = CARTESIAN_POINT('',(-60.0222186107,-18.88757423706,
    22.760142996245));
#9162 = DIRECTION('',(-0.805938440462,-0.58554855195,8.715574274766E-02)
  );
#9163 = DIRECTION('',(-0.587785252292,0.809016994375,-5.551115123126E-17
    ));
#9164 = PCURVE('',#7504,#9165);
#9165 = DEFINITIONAL_REPRESENTATION('',(#9166),#9169);
#9166 = B_SPLINE_CURVE_WITH_KNOTS('',1,(#9167,#9168),.UNSPECIFIED.,.F.,
  .F.,(2,2),(4.712388980385,6.28318530718),.PIECEWISE_BEZIER_KNOTS.);
#9167 = CARTESIAN_POINT('',(-1.570796326795,-1.570796326795));
#9168 = CARTESIAN_POINT('',(-1.570796326795,0.));
#9169 = ( GEOMETRIC_REPRESENTATION_CONTEXT(2) 
PARAMETRIC_REPRESENTATION_CONTEXT() REPRESENTATION_CONTEXT('2D SPACE',''
  ) );
#9170 = PCURVE('',#9171,#9176);
#9171 = CYLINDRICAL_SURFACE('',#9172,10.);
#9172 = AXIS2_PLACEMENT_3D('',#9173,#9174,#9175);
#9173 = CARTESIAN_POINT('',(-51.96283420608,-13.03208871756,
    21.888585568769));
#9174 = DIRECTION('',(-0.805938440462,-0.58554855195,8.715574274766E-02)
  );
#9175 = DIRECTION('',(-0.587785252292,0.809016994375,0.));
#9176 = DEFINITIONAL_REPRESENTATION('',(#9177),#9180);
#9177 = B_SPLINE_CURVE_WITH_KNOTS('',1,(#9178,#9179),.UNSPECIFIED.,.F.,
  .F.,(2,2),(4.712388980385,6.28318530718),.PIECEWISE_BEZIER_KNOTS.);
#9178 = CARTESIAN_POINT('',(-1.570796326795,10.));
#9179 = CARTESIAN_POINT('',(0.,10.));
#9180 = ( GEOMETRIC_REPRESENTATION_CONTEXT(2) 
PARAMETRIC_REPRESENTATION_CONTEXT() REPRESENTATION_CONTEXT('2D SPACE',''
  ) );
#9181 = ORIENTED_EDGE('',*,*,#8976,.F.);
#9182 = ADVANCED_FACE('',(#9183),#7558,.T.);
#9183 = FACE_BOUND('',#9184,.F.);
#9184 = EDGE_LOOP('',(#9185,#9186,#9211));
#9185 = ORIENTED_EDGE('',*,*,#9059,.F.);
#9186 = ORIENTED_EDGE('',*,*,#9187,.T.);
#9187 = EDGE_CURVE('',#9032,#7516,#9188,.T.);
#9188 = SURFACE_CURVE('',#9189,(#9194,#9200),.PCURVE_S1.);
#9189 = CIRCLE('',#9190,10.);
#9190 = AXIS2_PLACEMENT_3D('',#9191,#9192,#9193);
#9191 = CARTESIAN_POINT('',(-36.510808519,-51.24825401206,
    22.760142996245));
#9192 = DIRECTION('',(-0.805938440462,-0.58554855195,8.715574274766E-02)
  );
#9193 = DIRECTION('',(7.051047704023E-02,5.122886023967E-02,
    0.996194698092));
#9194 = PCURVE('',#7558,#9195);
#9195 = DEFINITIONAL_REPRESENTATION('',(#9196),#9199);
#9196 = B_SPLINE_CURVE_WITH_KNOTS('',1,(#9197,#9198),.UNSPECIFIED.,.F.,
  .F.,(2,2),(4.712388980385,6.28318530718),.PIECEWISE_BEZIER_KNOTS.);
#9197 = CARTESIAN_POINT('',(-1.570796326795,-1.570796326795));
#9198 = CARTESIAN_POINT('',(-1.570796326795,0.));
#9199 = ( GEOMETRIC_REPRESENTATION_CONTEXT(2) 
PARAMETRIC_REPRESENTATION_CONTEXT() REPRESENTATION_CONTEXT('2D SPACE',''
  ) );
#9200 = PCURVE('',#9201,#9206);
#9201 = CYLINDRICAL_SURFACE('',#9202,10.);
#9202 = AXIS2_PLACEMENT_3D('',#9203,#9204,#9205);
#9203 = CARTESIAN_POINT('',(-28.45142411438,-45.39276849256,
    21.888585568769));
#9204 = DIRECTION('',(-0.805938440462,-0.58554855195,8.715574274766E-02)
  );
#9205 = DIRECTION('',(0.587785252292,-0.809016994375,0.));
#9206 = DEFINITIONAL_REPRESENTATION('',(#9207),#9210);
#9207 = B_SPLINE_CURVE_WITH_KNOTS('',1,(#9208,#9209),.UNSPECIFIED.,.F.,
  .F.,(2,2),(4.712388980385,6.28318530718),.PIECEWISE_BEZIER_KNOTS.);
#9208 = CARTESIAN_POINT('',(0.,10.));
#9209 = CARTESIAN_POINT('',(1.570796326795,10.));
#9210 = ( GEOMETRIC_REPRESENTATION_CONTEXT(2) 
PARAMETRIC_REPRESENTATION_CONTEXT() REPRESENTATION_CONTEXT('2D SPACE',''
  ) );
#9211 = ORIENTED_EDGE('',*,*,#7543,.F.);
#9212 = ADVANCED_FACE('',(#9213),#7531,.T.);
#9213 = FACE_BOUND('',#9214,.T.);
#9214 = EDGE_LOOP('',(#9215,#9216,#9239,#9267));
#9215 = ORIENTED_EDGE('',*,*,#7515,.F.);
#9216 = ORIENTED_EDGE('',*,*,#9217,.T.);
#9217 = EDGE_CURVE('',#7489,#9218,#9220,.T.);
#9218 = VERTEX_POINT('',#9219);
#9219 = CARTESIAN_POINT('',(-284.9798771697,-182.3288801807,
    57.125697946507));
#9220 = SURFACE_CURVE('',#9221,(#9225,#9232),.PCURVE_S1.);
#9221 = LINE('',#9222,#9223);
#9222 = CARTESIAN_POINT('',(-51.25772943567,-12.51980011516,
    31.850532549686));
#9223 = VECTOR('',#9224,1.);
#9224 = DIRECTION('',(-0.805938440462,-0.58554855195,8.715574274766E-02)
  );
#9225 = PCURVE('',#7531,#9226);
#9226 = DEFINITIONAL_REPRESENTATION('',(#9227),#9231);
#9227 = LINE('',#9228,#9229);
#9228 = CARTESIAN_POINT('',(-7.105427357601E-15,10.));
#9229 = VECTOR('',#9230,1.);
#9230 = DIRECTION('',(1.,-5.551115123126E-17));
#9231 = ( GEOMETRIC_REPRESENTATION_CONTEXT(2) 
PARAMETRIC_REPRESENTATION_CONTEXT() REPRESENTATION_CONTEXT('2D SPACE',''
  ) );
#9232 = PCURVE('',#9171,#9233);
#9233 = DEFINITIONAL_REPRESENTATION('',(#9234),#9238);
#9234 = LINE('',#9235,#9236);
#9235 = CARTESIAN_POINT('',(-1.570796326795,0.));
#9236 = VECTOR('',#9237,1.);
#9237 = DIRECTION('',(-0.,1.));
#9238 = ( GEOMETRIC_REPRESENTATION_CONTEXT(2) 
PARAMETRIC_REPRESENTATION_CONTEXT() REPRESENTATION_CONTEXT('2D SPACE',''
  ) );
#9239 = ORIENTED_EDGE('',*,*,#9240,.T.);
#9240 = EDGE_CURVE('',#9218,#9241,#9243,.T.);
#9241 = VERTEX_POINT('',#9242);
#9242 = CARTESIAN_POINT('',(-261.468467078,-214.6895599557,
    57.125697946507));
#9243 = SURFACE_CURVE('',#9244,(#9248,#9255),.PCURVE_S1.);
#9244 = LINE('',#9245,#9246);
#9245 = CARTESIAN_POINT('',(-290.8577296927,-174.2387102369,
    57.125697946507));
#9246 = VECTOR('',#9247,1.);
#9247 = DIRECTION('',(0.587785252292,-0.809016994375,0.));
#9248 = PCURVE('',#7531,#9249);
#9249 = DEFINITIONAL_REPRESENTATION('',(#9250),#9254);
#9250 = LINE('',#9251,#9252);
#9251 = CARTESIAN_POINT('',(290.,0.));
#9252 = VECTOR('',#9253,1.);
#9253 = DIRECTION('',(-5.551115123126E-17,1.));
#9254 = ( GEOMETRIC_REPRESENTATION_CONTEXT(2) 
PARAMETRIC_REPRESENTATION_CONTEXT() REPRESENTATION_CONTEXT('2D SPACE',''
  ) );
#9255 = PCURVE('',#9256,#9261);
#9256 = CYLINDRICAL_SURFACE('',#9257,10.);
#9257 = AXIS2_PLACEMENT_3D('',#9258,#9259,#9260);
#9258 = CARTESIAN_POINT('',(-291.5628344631,-174.7509988393,
    47.16375096559));
#9259 = DIRECTION('',(0.587785252292,-0.809016994375,0.));
#9260 = DIRECTION('',(-0.805938440462,-0.58554855195,8.715574274766E-02)
  );
#9261 = DEFINITIONAL_REPRESENTATION('',(#9262),#9266);
#9262 = LINE('',#9263,#9264);
#9263 = CARTESIAN_POINT('',(-1.570796326795,0.));
#9264 = VECTOR('',#9265,1.);
#9265 = DIRECTION('',(-0.,1.));
#9266 = ( GEOMETRIC_REPRESENTATION_CONTEXT(2) 
PARAMETRIC_REPRESENTATION_CONTEXT() REPRESENTATION_CONTEXT('2D SPACE',''
  ) );
#9267 = ORIENTED_EDGE('',*,*,#9268,.F.);
#9268 = EDGE_CURVE('',#7516,#9241,#9269,.T.);
#9269 = SURFACE_CURVE('',#9270,(#9274,#9281),.PCURVE_S1.);
#9270 = LINE('',#9271,#9272);
#9271 = CARTESIAN_POINT('',(-27.74631934398,-44.88047989016,
    31.850532549686));
#9272 = VECTOR('',#9273,1.);
#9273 = DIRECTION('',(-0.805938440462,-0.58554855195,8.715574274766E-02)
  );
#9274 = PCURVE('',#7531,#9275);
#9275 = DEFINITIONAL_REPRESENTATION('',(#9276),#9280);
#9276 = LINE('',#9277,#9278);
#9277 = CARTESIAN_POINT('',(7.105427357601E-15,50.));
#9278 = VECTOR('',#9279,1.);
#9279 = DIRECTION('',(1.,-5.551115123126E-17));
#9280 = ( GEOMETRIC_REPRESENTATION_CONTEXT(2) 
PARAMETRIC_REPRESENTATION_CONTEXT() REPRESENTATION_CONTEXT('2D SPACE',''
  ) );
#9281 = PCURVE('',#9201,#9282);
#9282 = DEFINITIONAL_REPRESENTATION('',(#9283),#9287);
#9283 = LINE('',#9284,#9285);
#9284 = CARTESIAN_POINT('',(1.570796326795,0.));
#9285 = VECTOR('',#9286,1.);
#9286 = DIRECTION('',(0.,1.));
#9287 = ( GEOMETRIC_REPRESENTATION_CONTEXT(2) 
PARAMETRIC_REPRESENTATION_CONTEXT() REPRESENTATION_CONTEXT('2D SPACE',''
  ) );
#9288 = ADVANCED_FACE('',(#9289),#7594,.T.);
#9289 = FACE_BOUND('',#9290,.T.);
#9290 = EDGE_LOOP('',(#9291,#9292,#9321,#9349));
#9291 = ORIENTED_EDGE('',*,*,#7576,.F.);
#9292 = ORIENTED_EDGE('',*,*,#9293,.T.);
#9293 = EDGE_CURVE('',#7577,#9294,#9296,.T.);
#9294 = VERTEX_POINT('',#9295);
#9295 = CARTESIAN_POINT('',(-9.55712223051,-67.66916592533,2.83624903441
    ));
#9296 = SURFACE_CURVE('',#9297,(#9302,#9309),.PCURVE_S1.);
#9297 = CIRCLE('',#9298,10.);
#9298 = AXIS2_PLACEMENT_3D('',#9299,#9300,#9301);
#9299 = CARTESIAN_POINT('',(-4.655706755878E-02,-64.57899598158,
    2.83624903441));
#9300 = DIRECTION('',(-2.69326056664E-02,8.28900370727E-02,
    0.996194698092));
#9301 = DIRECTION('',(-0.307841091417,0.947437459119,-8.715574274766E-02
    ));
#9302 = PCURVE('',#7594,#9303);
#9303 = DEFINITIONAL_REPRESENTATION('',(#9304),#9308);
#9304 = LINE('',#9305,#9306);
#9305 = CARTESIAN_POINT('',(0.,10.));
#9306 = VECTOR('',#9307,1.);
#9307 = DIRECTION('',(1.,0.));
#9308 = ( GEOMETRIC_REPRESENTATION_CONTEXT(2) 
PARAMETRIC_REPRESENTATION_CONTEXT() REPRESENTATION_CONTEXT('2D SPACE',''
  ) );
#9309 = PCURVE('',#9310,#9315);
#9310 = SPHERICAL_SURFACE('',#9311,10.);
#9311 = AXIS2_PLACEMENT_3D('',#9312,#9313,#9314);
#9312 = CARTESIAN_POINT('',(-4.655706755878E-02,-64.57899598158,
    2.83624903441));
#9313 = DIRECTION('',(-2.69326056664E-02,8.28900370727E-02,
    0.996194698092));
#9314 = DIRECTION('',(-0.307841091417,0.947437459119,-8.715574274766E-02
    ));
#9315 = DEFINITIONAL_REPRESENTATION('',(#9316),#9320);
#9316 = LINE('',#9317,#9318);
#9317 = CARTESIAN_POINT('',(0.,0.));
#9318 = VECTOR('',#9319,1.);
#9319 = DIRECTION('',(1.,0.));
#9320 = ( GEOMETRIC_REPRESENTATION_CONTEXT(2) 
PARAMETRIC_REPRESENTATION_CONTEXT() REPRESENTATION_CONTEXT('2D SPACE',''
  ) );
#9321 = ORIENTED_EDGE('',*,*,#9322,.T.);
#9322 = EDGE_CURVE('',#9294,#9323,#9325,.T.);
#9323 = VERTEX_POINT('',#9324);
#9324 = CARTESIAN_POINT('',(-10.09577434383,-66.01136518388,
    22.760142996245));
#9325 = SURFACE_CURVE('',#9326,(#9330,#9337),.PCURVE_S1.);
#9326 = LINE('',#9327,#9328);
#9327 = CARTESIAN_POINT('',(-9.287796173846,-68.49806629606,
    -7.125697946507));
#9328 = VECTOR('',#9329,1.);
#9329 = DIRECTION('',(-2.69326056664E-02,8.28900370727E-02,
    0.996194698092));
#9330 = PCURVE('',#7594,#9331);
#9331 = DEFINITIONAL_REPRESENTATION('',(#9332),#9336);
#9332 = LINE('',#9333,#9334);
#9333 = CARTESIAN_POINT('',(1.570796326795,0.));
#9334 = VECTOR('',#9335,1.);
#9335 = DIRECTION('',(0.,1.));
#9336 = ( GEOMETRIC_REPRESENTATION_CONTEXT(2) 
PARAMETRIC_REPRESENTATION_CONTEXT() REPRESENTATION_CONTEXT('2D SPACE',''
  ) );
#9337 = PCURVE('',#9338,#9343);
#9338 = PLANE('',#9339);
#9339 = AXIS2_PLACEMENT_3D('',#9340,#9341,#9342);
#9340 = CARTESIAN_POINT('',(-12.36620708801,-59.02369170487,
    -7.997255373984));
#9341 = DIRECTION('',(0.951056516295,0.309016994375,0.));
#9342 = DIRECTION('',(-2.69326056664E-02,8.28900370727E-02,
    0.996194698092));
#9343 = DEFINITIONAL_REPRESENTATION('',(#9344),#9348);
#9344 = LINE('',#9345,#9346);
#9345 = CARTESIAN_POINT('',(0.,10.));
#9346 = VECTOR('',#9347,1.);
#9347 = DIRECTION('',(1.,-1.387778780781E-17));
#9348 = ( GEOMETRIC_REPRESENTATION_CONTEXT(2) 
PARAMETRIC_REPRESENTATION_CONTEXT() REPRESENTATION_CONTEXT('2D SPACE',''
  ) );
#9349 = ORIENTED_EDGE('',*,*,#9350,.F.);
#9350 = EDGE_CURVE('',#7579,#9323,#9351,.T.);
#9351 = SURFACE_CURVE('',#9352,(#9357,#9364),.PCURVE_S1.);
#9352 = CIRCLE('',#9353,10.);
#9353 = AXIS2_PLACEMENT_3D('',#9354,#9355,#9356);
#9354 = CARTESIAN_POINT('',(-0.585209180887,-62.92119524013,
    22.760142996245));
#9355 = DIRECTION('',(-2.69326056664E-02,8.28900370727E-02,
    0.996194698092));
#9356 = DIRECTION('',(-0.307841091417,0.947437459119,-8.715574274766E-02
    ));
#9357 = PCURVE('',#7594,#9358);
#9358 = DEFINITIONAL_REPRESENTATION('',(#9359),#9363);
#9359 = LINE('',#9360,#9361);
#9360 = CARTESIAN_POINT('',(0.,30.));
#9361 = VECTOR('',#9362,1.);
#9362 = DIRECTION('',(1.,0.));
#9363 = ( GEOMETRIC_REPRESENTATION_CONTEXT(2) 
PARAMETRIC_REPRESENTATION_CONTEXT() REPRESENTATION_CONTEXT('2D SPACE',''
  ) );
#9364 = PCURVE('',#7724,#9365);
#9365 = DEFINITIONAL_REPRESENTATION('',(#9366),#9370);
#9366 = LINE('',#9367,#9368);
#9367 = CARTESIAN_POINT('',(-0.,0.));
#9368 = VECTOR('',#9369,1.);
#9369 = DIRECTION('',(-1.,0.));
#9370 = ( GEOMETRIC_REPRESENTATION_CONTEXT(2) 
PARAMETRIC_REPRESENTATION_CONTEXT() REPRESENTATION_CONTEXT('2D SPACE',''
  ) );
#9371 = ADVANCED_FACE('',(#9372),#7650,.T.);
#9372 = FACE_BOUND('',#9373,.F.);
#9373 = EDGE_LOOP('',(#9374,#9375,#9404,#9432));
#9374 = ORIENTED_EDGE('',*,*,#7634,.F.);
#9375 = ORIENTED_EDGE('',*,*,#9376,.T.);
#9376 = EDGE_CURVE('',#7607,#9377,#9379,.T.);
#9377 = VERTEX_POINT('',#9378);
#9378 = CARTESIAN_POINT('',(47.506268747199,-49.12814626284,
    2.83624903441));
#9379 = SURFACE_CURVE('',#9380,(#9385,#9392),.PCURVE_S1.);
#9380 = CIRCLE('',#9381,10.);
#9381 = AXIS2_PLACEMENT_3D('',#9382,#9383,#9384);
#9382 = CARTESIAN_POINT('',(37.995703584247,-52.21831620659,
    2.83624903441));
#9383 = DIRECTION('',(2.69326056664E-02,-8.28900370727E-02,
    -0.996194698092));
#9384 = DIRECTION('',(-0.307841091417,0.947437459119,-8.715574274766E-02
    ));
#9385 = PCURVE('',#7650,#9386);
#9386 = DEFINITIONAL_REPRESENTATION('',(#9387),#9391);
#9387 = LINE('',#9388,#9389);
#9388 = CARTESIAN_POINT('',(-3.552713678801E-16,10.));
#9389 = VECTOR('',#9390,1.);
#9390 = DIRECTION('',(-1.,0.));
#9391 = ( GEOMETRIC_REPRESENTATION_CONTEXT(2) 
PARAMETRIC_REPRESENTATION_CONTEXT() REPRESENTATION_CONTEXT('2D SPACE',''
  ) );
#9392 = PCURVE('',#9393,#9398);
#9393 = SPHERICAL_SURFACE('',#9394,10.);
#9394 = AXIS2_PLACEMENT_3D('',#9395,#9396,#9397);
#9395 = CARTESIAN_POINT('',(37.995703584247,-52.21831620659,
    2.83624903441));
#9396 = DIRECTION('',(-2.69326056664E-02,8.28900370727E-02,
    0.996194698092));
#9397 = DIRECTION('',(-0.307841091417,0.947437459119,-8.715574274766E-02
    ));
#9398 = DEFINITIONAL_REPRESENTATION('',(#9399),#9403);
#9399 = LINE('',#9400,#9401);
#9400 = CARTESIAN_POINT('',(-0.,0.));
#9401 = VECTOR('',#9402,1.);
#9402 = DIRECTION('',(-1.,0.));
#9403 = ( GEOMETRIC_REPRESENTATION_CONTEXT(2) 
PARAMETRIC_REPRESENTATION_CONTEXT() REPRESENTATION_CONTEXT('2D SPACE',''
  ) );
#9404 = ORIENTED_EDGE('',*,*,#9405,.T.);
#9405 = EDGE_CURVE('',#9377,#9406,#9408,.T.);
#9406 = VERTEX_POINT('',#9407);
#9407 = CARTESIAN_POINT('',(46.967616633871,-47.47034552138,
    22.760142996245));
#9408 = SURFACE_CURVE('',#9409,(#9413,#9420),.PCURVE_S1.);
#9409 = LINE('',#9410,#9411);
#9410 = CARTESIAN_POINT('',(47.775594803863,-49.95704663356,
    -7.125697946507));
#9411 = VECTOR('',#9412,1.);
#9412 = DIRECTION('',(-2.69326056664E-02,8.28900370727E-02,
    0.996194698092));
#9413 = PCURVE('',#7650,#9414);
#9414 = DEFINITIONAL_REPRESENTATION('',(#9415),#9419);
#9415 = LINE('',#9416,#9417);
#9416 = CARTESIAN_POINT('',(-1.570796326795,0.));
#9417 = VECTOR('',#9418,1.);
#9418 = DIRECTION('',(-0.,1.));
#9419 = ( GEOMETRIC_REPRESENTATION_CONTEXT(2) 
PARAMETRIC_REPRESENTATION_CONTEXT() REPRESENTATION_CONTEXT('2D SPACE',''
  ) );
#9420 = PCURVE('',#9421,#9426);
#9421 = PLANE('',#9422);
#9422 = AXIS2_PLACEMENT_3D('',#9423,#9424,#9425);
#9423 = CARTESIAN_POINT('',(44.697183889697,-40.48267204238,
    -7.997255373984));
#9424 = DIRECTION('',(0.951056516295,0.309016994375,0.));
#9425 = DIRECTION('',(-2.69326056664E-02,8.28900370727E-02,
    0.996194698092));
#9426 = DEFINITIONAL_REPRESENTATION('',(#9427),#9431);
#9427 = LINE('',#9428,#9429);
#9428 = CARTESIAN_POINT('',(0.,10.));
#9429 = VECTOR('',#9430,1.);
#9430 = DIRECTION('',(1.,-1.387778780781E-17));
#9431 = ( GEOMETRIC_REPRESENTATION_CONTEXT(2) 
PARAMETRIC_REPRESENTATION_CONTEXT() REPRESENTATION_CONTEXT('2D SPACE',''
  ) );
#9432 = ORIENTED_EDGE('',*,*,#9433,.T.);
#9433 = EDGE_CURVE('',#9406,#7635,#9434,.T.);
#9434 = SURFACE_CURVE('',#9435,(#9440,#9446),.PCURVE_S1.);
#9435 = CIRCLE('',#9436,10.);
#9436 = AXIS2_PLACEMENT_3D('',#9437,#9438,#9439);
#9437 = CARTESIAN_POINT('',(37.457051470919,-50.56051546513,
    22.760142996245));
#9438 = DIRECTION('',(-2.69326056664E-02,8.28900370727E-02,
    0.996194698092));
#9439 = DIRECTION('',(-0.307841091417,0.947437459119,-8.715574274766E-02
    ));
#9440 = PCURVE('',#7650,#9441);
#9441 = DEFINITIONAL_REPRESENTATION('',(#9442),#9445);
#9442 = B_SPLINE_CURVE_WITH_KNOTS('',1,(#9443,#9444),.UNSPECIFIED.,.F.,
  .F.,(2,2),(4.712388980385,6.28318530718),.PIECEWISE_BEZIER_KNOTS.);
#9443 = CARTESIAN_POINT('',(-1.570796326795,30.));
#9444 = CARTESIAN_POINT('',(0.,30.));
#9445 = ( GEOMETRIC_REPRESENTATION_CONTEXT(2) 
PARAMETRIC_REPRESENTATION_CONTEXT() REPRESENTATION_CONTEXT('2D SPACE',''
  ) );
#9446 = PCURVE('',#7778,#9447);
#9447 = DEFINITIONAL_REPRESENTATION('',(#9448),#9451);
#9448 = B_SPLINE_CURVE_WITH_KNOTS('',1,(#9449,#9450),.UNSPECIFIED.,.F.,
  .F.,(2,2),(4.712388980385,6.28318530718),.PIECEWISE_BEZIER_KNOTS.);
#9449 = CARTESIAN_POINT('',(0.,-1.570796326795));
#9450 = CARTESIAN_POINT('',(0.,0.));
#9451 = ( GEOMETRIC_REPRESENTATION_CONTEXT(2) 
PARAMETRIC_REPRESENTATION_CONTEXT() REPRESENTATION_CONTEXT('2D SPACE',''
  ) );
#9452 = ADVANCED_FACE('',(#9453),#7622,.T.);
#9453 = FACE_BOUND('',#9454,.F.);
#9454 = EDGE_LOOP('',(#9455,#9477,#9505,#9525));
#9455 = ORIENTED_EDGE('',*,*,#9456,.F.);
#9456 = EDGE_CURVE('',#9457,#7577,#9459,.T.);
#9457 = VERTEX_POINT('',#9458);
#9458 = CARTESIAN_POINT('',(0.222768989105,-65.40789635231,
    -7.125697946507));
#9459 = SURFACE_CURVE('',#9460,(#9465,#9471),.PCURVE_S1.);
#9460 = CIRCLE('',#9461,10.);
#9461 = AXIS2_PLACEMENT_3D('',#9462,#9463,#9464);
#9462 = CARTESIAN_POINT('',(-4.655706755878E-02,-64.57899598158,
    2.83624903441));
#9463 = DIRECTION('',(0.951056516295,0.309016994375,-1.734723475977E-17)
  );
#9464 = DIRECTION('',(-0.307841091417,0.947437459119,-8.715574274766E-02
    ));
#9465 = PCURVE('',#7622,#9466);
#9466 = DEFINITIONAL_REPRESENTATION('',(#9467),#9470);
#9467 = B_SPLINE_CURVE_WITH_KNOTS('',1,(#9468,#9469),.UNSPECIFIED.,.F.,
  .F.,(2,2),(4.712388980385,6.28318530718),.PIECEWISE_BEZIER_KNOTS.);
#9468 = CARTESIAN_POINT('',(-1.570796326795,10.));
#9469 = CARTESIAN_POINT('',(0.,10.));
#9470 = ( GEOMETRIC_REPRESENTATION_CONTEXT(2) 
PARAMETRIC_REPRESENTATION_CONTEXT() REPRESENTATION_CONTEXT('2D SPACE',''
  ) );
#9471 = PCURVE('',#9310,#9472);
#9472 = DEFINITIONAL_REPRESENTATION('',(#9473),#9476);
#9473 = B_SPLINE_CURVE_WITH_KNOTS('',1,(#9474,#9475),.UNSPECIFIED.,.F.,
  .F.,(2,2),(4.712388980385,6.28318530718),.PIECEWISE_BEZIER_KNOTS.);
#9474 = CARTESIAN_POINT('',(0.,-1.570796326795));
#9475 = CARTESIAN_POINT('',(0.,0.));
#9476 = ( GEOMETRIC_REPRESENTATION_CONTEXT(2) 
PARAMETRIC_REPRESENTATION_CONTEXT() REPRESENTATION_CONTEXT('2D SPACE',''
  ) );
#9477 = ORIENTED_EDGE('',*,*,#9478,.T.);
#9478 = EDGE_CURVE('',#9457,#9479,#9481,.T.);
#9479 = VERTEX_POINT('',#9480);
#9480 = CARTESIAN_POINT('',(38.265029640911,-53.04721657731,
    -7.125697946507));
#9481 = SURFACE_CURVE('',#9482,(#9486,#9493),.PCURVE_S1.);
#9482 = LINE('',#9483,#9484);
#9483 = CARTESIAN_POINT('',(-9.287796173846,-68.49806629606,
    -7.125697946507));
#9484 = VECTOR('',#9485,1.);
#9485 = DIRECTION('',(0.951056516295,0.309016994375,0.));
#9486 = PCURVE('',#7622,#9487);
#9487 = DEFINITIONAL_REPRESENTATION('',(#9488),#9492);
#9488 = LINE('',#9489,#9490);
#9489 = CARTESIAN_POINT('',(-1.570796326795,0.));
#9490 = VECTOR('',#9491,1.);
#9491 = DIRECTION('',(-0.,1.));
#9492 = ( GEOMETRIC_REPRESENTATION_CONTEXT(2) 
PARAMETRIC_REPRESENTATION_CONTEXT() REPRESENTATION_CONTEXT('2D SPACE',''
  ) );
#9493 = PCURVE('',#9494,#9499);
#9494 = PLANE('',#9495);
#9495 = AXIS2_PLACEMENT_3D('',#9496,#9497,#9498);
#9496 = CARTESIAN_POINT('',(-12.36620708801,-59.02369170487,
    -7.997255373984));
#9497 = DIRECTION('',(-2.69326056664E-02,8.28900370727E-02,
    0.996194698092));
#9498 = DIRECTION('',(0.307841091417,-0.947437459119,8.715574274766E-02)
  );
#9499 = DEFINITIONAL_REPRESENTATION('',(#9500),#9504);
#9500 = LINE('',#9501,#9502);
#9501 = CARTESIAN_POINT('',(10.,0.));
#9502 = VECTOR('',#9503,1.);
#9503 = DIRECTION('',(0.,1.));
#9504 = ( GEOMETRIC_REPRESENTATION_CONTEXT(2) 
PARAMETRIC_REPRESENTATION_CONTEXT() REPRESENTATION_CONTEXT('2D SPACE',''
  ) );
#9505 = ORIENTED_EDGE('',*,*,#9506,.T.);
#9506 = EDGE_CURVE('',#9479,#7607,#9507,.T.);
#9507 = SURFACE_CURVE('',#9508,(#9513,#9519),.PCURVE_S1.);
#9508 = CIRCLE('',#9509,10.);
#9509 = AXIS2_PLACEMENT_3D('',#9510,#9511,#9512);
#9510 = CARTESIAN_POINT('',(37.995703584247,-52.21831620659,
    2.83624903441));
#9511 = DIRECTION('',(0.951056516295,0.309016994375,-3.816391647149E-17)
  );
#9512 = DIRECTION('',(-0.307841091417,0.947437459119,-8.715574274766E-02
    ));
#9513 = PCURVE('',#7622,#9514);
#9514 = DEFINITIONAL_REPRESENTATION('',(#9515),#9518);
#9515 = B_SPLINE_CURVE_WITH_KNOTS('',1,(#9516,#9517),.UNSPECIFIED.,.F.,
  .F.,(2,2),(4.712388980385,6.28318530718),.PIECEWISE_BEZIER_KNOTS.);
#9516 = CARTESIAN_POINT('',(-1.570796326795,50.));
#9517 = CARTESIAN_POINT('',(0.,50.));
#9518 = ( GEOMETRIC_REPRESENTATION_CONTEXT(2) 
PARAMETRIC_REPRESENTATION_CONTEXT() REPRESENTATION_CONTEXT('2D SPACE',''
  ) );
#9519 = PCURVE('',#9393,#9520);
#9520 = DEFINITIONAL_REPRESENTATION('',(#9521),#9524);
#9521 = B_SPLINE_CURVE_WITH_KNOTS('',1,(#9522,#9523),.UNSPECIFIED.,.F.,
  .F.,(2,2),(4.712388980385,6.28318530718),.PIECEWISE_BEZIER_KNOTS.);
#9522 = CARTESIAN_POINT('',(0.,-1.570796326795));
#9523 = CARTESIAN_POINT('',(0.,0.));
#9524 = ( GEOMETRIC_REPRESENTATION_CONTEXT(2) 
PARAMETRIC_REPRESENTATION_CONTEXT() REPRESENTATION_CONTEXT('2D SPACE',''
  ) );
#9525 = ORIENTED_EDGE('',*,*,#7606,.F.);
#9526 = ADVANCED_FACE('',(#9527),#7724,.T.);
#9527 = FACE_BOUND('',#9528,.F.);
#9528 = EDGE_LOOP('',(#9529,#9530,#9555));
#9529 = ORIENTED_EDGE('',*,*,#7708,.F.);
#9530 = ORIENTED_EDGE('',*,*,#9531,.T.);
#9531 = EDGE_CURVE('',#7709,#9323,#9532,.T.);
#9532 = SURFACE_CURVE('',#9533,(#9538,#9544),.PCURVE_S1.);
#9533 = CIRCLE('',#9534,10.);
#9534 = AXIS2_PLACEMENT_3D('',#9535,#9536,#9537);
#9535 = CARTESIAN_POINT('',(-0.585209180887,-62.92119524013,
    22.760142996245));
#9536 = DIRECTION('',(0.307841091417,-0.947437459119,8.715574274766E-02)
  );
#9537 = DIRECTION('',(-0.951056516295,-0.309016994375,
    -5.898059818321E-17));
#9538 = PCURVE('',#7724,#9539);
#9539 = DEFINITIONAL_REPRESENTATION('',(#9540),#9543);
#9540 = B_SPLINE_CURVE_WITH_KNOTS('',1,(#9541,#9542),.UNSPECIFIED.,.F.,
  .F.,(2,2),(4.712388980385,6.28318530718),.PIECEWISE_BEZIER_KNOTS.);
#9541 = CARTESIAN_POINT('',(-1.570796326795,-1.570796326795));
#9542 = CARTESIAN_POINT('',(-1.570796326795,0.));
#9543 = ( GEOMETRIC_REPRESENTATION_CONTEXT(2) 
PARAMETRIC_REPRESENTATION_CONTEXT() REPRESENTATION_CONTEXT('2D SPACE',''
  ) );
#9544 = PCURVE('',#9545,#9550);
#9545 = CYLINDRICAL_SURFACE('',#9546,10.);
#9546 = AXIS2_PLACEMENT_3D('',#9547,#9548,#9549);
#9547 = CARTESIAN_POINT('',(-3.663620095052,-53.44682064894,
    21.888585568769));
#9548 = DIRECTION('',(0.307841091417,-0.947437459119,8.715574274766E-02)
  );
#9549 = DIRECTION('',(-0.951056516295,-0.309016994375,3.469446951954E-18
    ));
#9550 = DEFINITIONAL_REPRESENTATION('',(#9551),#9554);
#9551 = B_SPLINE_CURVE_WITH_KNOTS('',1,(#9552,#9553),.UNSPECIFIED.,.F.,
  .F.,(2,2),(4.712388980385,6.28318530718),.PIECEWISE_BEZIER_KNOTS.);
#9552 = CARTESIAN_POINT('',(-1.570796326795,10.));
#9553 = CARTESIAN_POINT('',(0.,10.));
#9554 = ( GEOMETRIC_REPRESENTATION_CONTEXT(2) 
PARAMETRIC_REPRESENTATION_CONTEXT() REPRESENTATION_CONTEXT('2D SPACE',''
  ) );
#9555 = ORIENTED_EDGE('',*,*,#9350,.F.);
#9556 = ADVANCED_FACE('',(#9557),#7778,.T.);
#9557 = FACE_BOUND('',#9558,.F.);
#9558 = EDGE_LOOP('',(#9559,#9560,#9585));
#9559 = ORIENTED_EDGE('',*,*,#9433,.F.);
#9560 = ORIENTED_EDGE('',*,*,#9561,.T.);
#9561 = EDGE_CURVE('',#9406,#7736,#9562,.T.);
#9562 = SURFACE_CURVE('',#9563,(#9568,#9574),.PCURVE_S1.);
#9563 = CIRCLE('',#9564,10.);
#9564 = AXIS2_PLACEMENT_3D('',#9565,#9566,#9567);
#9565 = CARTESIAN_POINT('',(37.457051470919,-50.56051546513,
    22.760142996245));
#9566 = DIRECTION('',(0.307841091417,-0.947437459119,8.715574274766E-02)
  );
#9567 = DIRECTION('',(-2.69326056664E-02,8.28900370727E-02,
    0.996194698092));
#9568 = PCURVE('',#7778,#9569);
#9569 = DEFINITIONAL_REPRESENTATION('',(#9570),#9573);
#9570 = B_SPLINE_CURVE_WITH_KNOTS('',1,(#9571,#9572),.UNSPECIFIED.,.F.,
  .F.,(2,2),(4.712388980385,6.28318530718),.PIECEWISE_BEZIER_KNOTS.);
#9571 = CARTESIAN_POINT('',(-1.570796326795,-1.570796326795));
#9572 = CARTESIAN_POINT('',(-1.570796326795,0.));
#9573 = ( GEOMETRIC_REPRESENTATION_CONTEXT(2) 
PARAMETRIC_REPRESENTATION_CONTEXT() REPRESENTATION_CONTEXT('2D SPACE',''
  ) );
#9574 = PCURVE('',#9575,#9580);
#9575 = CYLINDRICAL_SURFACE('',#9576,10.);
#9576 = AXIS2_PLACEMENT_3D('',#9577,#9578,#9579);
#9577 = CARTESIAN_POINT('',(34.378640556754,-41.08614087394,
    21.888585568769));
#9578 = DIRECTION('',(0.307841091417,-0.947437459119,8.715574274766E-02)
  );
#9579 = DIRECTION('',(0.951056516295,0.309016994375,-3.469446951954E-18)
  );
#9580 = DEFINITIONAL_REPRESENTATION('',(#9581),#9584);
#9581 = B_SPLINE_CURVE_WITH_KNOTS('',1,(#9582,#9583),.UNSPECIFIED.,.F.,
  .F.,(2,2),(4.712388980385,6.28318530718),.PIECEWISE_BEZIER_KNOTS.);
#9582 = CARTESIAN_POINT('',(0.,10.));
#9583 = CARTESIAN_POINT('',(1.570796326795,10.));
#9584 = ( GEOMETRIC_REPRESENTATION_CONTEXT(2) 
PARAMETRIC_REPRESENTATION_CONTEXT() REPRESENTATION_CONTEXT('2D SPACE',''
  ) );
#9585 = ORIENTED_EDGE('',*,*,#7763,.F.);
#9586 = ADVANCED_FACE('',(#9587),#7751,.T.);
#9587 = FACE_BOUND('',#9588,.T.);
#9588 = EDGE_LOOP('',(#9589,#9590,#9613,#9641));
#9589 = ORIENTED_EDGE('',*,*,#7735,.F.);
#9590 = ORIENTED_EDGE('',*,*,#9591,.T.);
#9591 = EDGE_CURVE('',#7709,#9592,#9594,.T.);
#9592 = VERTEX_POINT('',#9593);
#9593 = CARTESIAN_POINT('',(85.340970359089,-327.3747834226,
    57.125697946507));
#9594 = SURFACE_CURVE('',#9595,(#9599,#9606),.PCURVE_S1.);
#9595 = LINE('',#9596,#9597);
#9596 = CARTESIAN_POINT('',(-3.932946151716,-52.61792027821,
    31.850532549686));
#9597 = VECTOR('',#9598,1.);
#9598 = DIRECTION('',(0.307841091417,-0.947437459119,8.715574274766E-02)
  );
#9599 = PCURVE('',#7751,#9600);
#9600 = DEFINITIONAL_REPRESENTATION('',(#9601),#9605);
#9601 = LINE('',#9602,#9603);
#9602 = CARTESIAN_POINT('',(0.,10.));
#9603 = VECTOR('',#9604,1.);
#9604 = DIRECTION('',(1.,0.));
#9605 = ( GEOMETRIC_REPRESENTATION_CONTEXT(2) 
PARAMETRIC_REPRESENTATION_CONTEXT() REPRESENTATION_CONTEXT('2D SPACE',''
  ) );
#9606 = PCURVE('',#9545,#9607);
#9607 = DEFINITIONAL_REPRESENTATION('',(#9608),#9612);
#9608 = LINE('',#9609,#9610);
#9609 = CARTESIAN_POINT('',(-1.570796326795,0.));
#9610 = VECTOR('',#9611,1.);
#9611 = DIRECTION('',(-0.,1.));
#9612 = ( GEOMETRIC_REPRESENTATION_CONTEXT(2) 
PARAMETRIC_REPRESENTATION_CONTEXT() REPRESENTATION_CONTEXT('2D SPACE',''
  ) );
#9613 = ORIENTED_EDGE('',*,*,#9614,.T.);
#9614 = EDGE_CURVE('',#9592,#9615,#9617,.T.);
#9615 = VERTEX_POINT('',#9616);
#9616 = CARTESIAN_POINT('',(123.38323101089,-315.0141036476,
    57.125697946507));
#9617 = SURFACE_CURVE('',#9618,(#9622,#9629),.PCURVE_S1.);
#9618 = LINE('',#9619,#9620);
#9619 = CARTESIAN_POINT('',(75.830405196137,-330.4649533664,
    57.125697946507));
#9620 = VECTOR('',#9621,1.);
#9621 = DIRECTION('',(0.951056516295,0.309016994375,0.));
#9622 = PCURVE('',#7751,#9623);
#9623 = DEFINITIONAL_REPRESENTATION('',(#9624),#9628);
#9624 = LINE('',#9625,#9626);
#9625 = CARTESIAN_POINT('',(290.,7.105427357601E-15));
#9626 = VECTOR('',#9627,1.);
#9627 = DIRECTION('',(0.,1.));
#9628 = ( GEOMETRIC_REPRESENTATION_CONTEXT(2) 
PARAMETRIC_REPRESENTATION_CONTEXT() REPRESENTATION_CONTEXT('2D SPACE',''
  ) );
#9629 = PCURVE('',#9630,#9635);
#9630 = CYLINDRICAL_SURFACE('',#9631,10.);
#9631 = AXIS2_PLACEMENT_3D('',#9632,#9633,#9634);
#9632 = CARTESIAN_POINT('',(76.099731252801,-331.2938537371,
    47.16375096559));
#9633 = DIRECTION('',(0.951056516295,0.309016994375,0.));
#9634 = DIRECTION('',(0.307841091417,-0.947437459119,8.715574274766E-02)
  );
#9635 = DEFINITIONAL_REPRESENTATION('',(#9636),#9640);
#9636 = LINE('',#9637,#9638);
#9637 = CARTESIAN_POINT('',(-1.570796326795,0.));
#9638 = VECTOR('',#9639,1.);
#9639 = DIRECTION('',(-0.,1.));
#9640 = ( GEOMETRIC_REPRESENTATION_CONTEXT(2) 
PARAMETRIC_REPRESENTATION_CONTEXT() REPRESENTATION_CONTEXT('2D SPACE',''
  ) );
#9641 = ORIENTED_EDGE('',*,*,#9642,.F.);
#9642 = EDGE_CURVE('',#7736,#9615,#9643,.T.);
#9643 = SURFACE_CURVE('',#9644,(#9648,#9655),.PCURVE_S1.);
#9644 = LINE('',#9645,#9646);
#9645 = CARTESIAN_POINT('',(34.10931450009,-40.25724050322,
    31.850532549686));
#9646 = VECTOR('',#9647,1.);
#9647 = DIRECTION('',(0.307841091417,-0.947437459119,8.715574274766E-02)
  );
#9648 = PCURVE('',#7751,#9649);
#9649 = DEFINITIONAL_REPRESENTATION('',(#9650),#9654);
#9650 = LINE('',#9651,#9652);
#9651 = CARTESIAN_POINT('',(2.84217094304E-14,50.));
#9652 = VECTOR('',#9653,1.);
#9653 = DIRECTION('',(1.,0.));
#9654 = ( GEOMETRIC_REPRESENTATION_CONTEXT(2) 
PARAMETRIC_REPRESENTATION_CONTEXT() REPRESENTATION_CONTEXT('2D SPACE',''
  ) );
#9655 = PCURVE('',#9575,#9656);
#9656 = DEFINITIONAL_REPRESENTATION('',(#9657),#9661);
#9657 = LINE('',#9658,#9659);
#9658 = CARTESIAN_POINT('',(1.570796326795,0.));
#9659 = VECTOR('',#9660,1.);
#9660 = DIRECTION('',(0.,1.));
#9661 = ( GEOMETRIC_REPRESENTATION_CONTEXT(2) 
PARAMETRIC_REPRESENTATION_CONTEXT() REPRESENTATION_CONTEXT('2D SPACE',''
  ) );
#9662 = ADVANCED_FACE('',(#9663),#7814,.T.);
#9663 = FACE_BOUND('',#9664,.T.);
#9664 = EDGE_LOOP('',(#9665,#9666,#9691));
#9665 = ORIENTED_EDGE('',*,*,#7960,.F.);
#9666 = ORIENTED_EDGE('',*,*,#9667,.T.);
#9667 = EDGE_CURVE('',#7961,#7798,#9668,.T.);
#9668 = SURFACE_CURVE('',#9669,(#9674,#9680),.PCURVE_S1.);
#9669 = CIRCLE('',#9670,10.);
#9670 = AXIS2_PLACEMENT_3D('',#9671,#9672,#9673);
#9671 = CARTESIAN_POINT('',(61.404299694632,-20.,2.83624903441));
#9672 = DIRECTION('',(-0.996194698092,6.123233995737E-17,
    -8.715574274766E-02));
#9673 = DIRECTION('',(-6.099933241728E-17,-1.,-5.336750069161E-18));
#9674 = PCURVE('',#7814,#9675);
#9675 = DEFINITIONAL_REPRESENTATION('',(#9676),#9679);
#9676 = B_SPLINE_CURVE_WITH_KNOTS('',1,(#9677,#9678),.UNSPECIFIED.,.F.,
  .F.,(2,2),(4.712388980385,6.28318530718),.PIECEWISE_BEZIER_KNOTS.);
#9677 = CARTESIAN_POINT('',(1.570796326795,-1.570796326795));
#9678 = CARTESIAN_POINT('',(1.570796326795,0.));
#9679 = ( GEOMETRIC_REPRESENTATION_CONTEXT(2) 
PARAMETRIC_REPRESENTATION_CONTEXT() REPRESENTATION_CONTEXT('2D SPACE',''
  ) );
#9680 = PCURVE('',#9681,#9686);
#9681 = CYLINDRICAL_SURFACE('',#9682,10.);
#9682 = AXIS2_PLACEMENT_3D('',#9683,#9684,#9685);
#9683 = CARTESIAN_POINT('',(51.442352713715,-20.,1.964691606934));
#9684 = DIRECTION('',(0.996194698092,0.,8.715574274766E-02));
#9685 = DIRECTION('',(0.,-1.,0.));
#9686 = DEFINITIONAL_REPRESENTATION('',(#9687),#9690);
#9687 = B_SPLINE_CURVE_WITH_KNOTS('',1,(#9688,#9689),.UNSPECIFIED.,.F.,
  .F.,(2,2),(4.712388980385,6.28318530718),.PIECEWISE_BEZIER_KNOTS.);
#9688 = CARTESIAN_POINT('',(1.570796326795,10.));
#9689 = CARTESIAN_POINT('',(0.,10.));
#9690 = ( GEOMETRIC_REPRESENTATION_CONTEXT(2) 
PARAMETRIC_REPRESENTATION_CONTEXT() REPRESENTATION_CONTEXT('2D SPACE',''
  ) );
#9691 = ORIENTED_EDGE('',*,*,#7797,.F.);
#9692 = ADVANCED_FACE('',(#9693),#7842,.F.);
#9693 = FACE_BOUND('',#9694,.F.);
#9694 = EDGE_LOOP('',(#9695,#9696,#9719,#9747));
#9695 = ORIENTED_EDGE('',*,*,#7826,.T.);
#9696 = ORIENTED_EDGE('',*,*,#9697,.T.);
#9697 = EDGE_CURVE('',#7827,#9698,#9700,.T.);
#9698 = VERTEX_POINT('',#9699);
#9699 = CARTESIAN_POINT('',(338.59570030536,-30.,47.16375096559));
#9700 = SURFACE_CURVE('',#9701,(#9705,#9712),.PCURVE_S1.);
#9701 = LINE('',#9702,#9703);
#9702 = CARTESIAN_POINT('',(49.699237858762,-30.,21.888585568769));
#9703 = VECTOR('',#9704,1.);
#9704 = DIRECTION('',(0.996194698092,0.,8.715574274766E-02));
#9705 = PCURVE('',#7842,#9706);
#9706 = DEFINITIONAL_REPRESENTATION('',(#9707),#9711);
#9707 = LINE('',#9708,#9709);
#9708 = CARTESIAN_POINT('',(30.,-2.84217094304E-14));
#9709 = VECTOR('',#9710,1.);
#9710 = DIRECTION('',(0.,1.));
#9711 = ( GEOMETRIC_REPRESENTATION_CONTEXT(2) 
PARAMETRIC_REPRESENTATION_CONTEXT() REPRESENTATION_CONTEXT('2D SPACE',''
  ) );
#9712 = PCURVE('',#8049,#9713);
#9713 = DEFINITIONAL_REPRESENTATION('',(#9714),#9718);
#9714 = LINE('',#9715,#9716);
#9715 = CARTESIAN_POINT('',(-0.,0.));
#9716 = VECTOR('',#9717,1.);
#9717 = DIRECTION('',(-0.,1.));
#9718 = ( GEOMETRIC_REPRESENTATION_CONTEXT(2) 
PARAMETRIC_REPRESENTATION_CONTEXT() REPRESENTATION_CONTEXT('2D SPACE',''
  ) );
#9719 = ORIENTED_EDGE('',*,*,#9720,.F.);
#9720 = EDGE_CURVE('',#9721,#9698,#9723,.T.);
#9721 = VERTEX_POINT('',#9722);
#9722 = CARTESIAN_POINT('',(340.33881516032,-30.,27.239857003755));
#9723 = SURFACE_CURVE('',#9724,(#9728,#9735),.PCURVE_S1.);
#9724 = LINE('',#9725,#9726);
#9725 = CARTESIAN_POINT('',(341.21037258779,-30.,17.277910022837));
#9726 = VECTOR('',#9727,1.);
#9727 = DIRECTION('',(-8.715574274766E-02,0.,0.996194698092));
#9728 = PCURVE('',#7842,#9729);
#9729 = DEFINITIONAL_REPRESENTATION('',(#9730),#9734);
#9730 = LINE('',#9731,#9732);
#9731 = CARTESIAN_POINT('',(-3.552713678801E-15,290.));
#9732 = VECTOR('',#9733,1.);
#9733 = DIRECTION('',(1.,0.));
#9734 = ( GEOMETRIC_REPRESENTATION_CONTEXT(2) 
PARAMETRIC_REPRESENTATION_CONTEXT() REPRESENTATION_CONTEXT('2D SPACE',''
  ) );
#9735 = PCURVE('',#9736,#9741);
#9736 = CYLINDRICAL_SURFACE('',#9737,10.);
#9737 = AXIS2_PLACEMENT_3D('',#9738,#9739,#9740);
#9738 = CARTESIAN_POINT('',(341.21037258779,-20.,17.277910022837));
#9739 = DIRECTION('',(-8.715574274766E-02,0.,0.996194698092));
#9740 = DIRECTION('',(0.996194698092,0.,8.715574274766E-02));
#9741 = DEFINITIONAL_REPRESENTATION('',(#9742),#9746);
#9742 = LINE('',#9743,#9744);
#9743 = CARTESIAN_POINT('',(-1.570796326795,0.));
#9744 = VECTOR('',#9745,1.);
#9745 = DIRECTION('',(-0.,1.));
#9746 = ( GEOMETRIC_REPRESENTATION_CONTEXT(2) 
PARAMETRIC_REPRESENTATION_CONTEXT() REPRESENTATION_CONTEXT('2D SPACE',''
  ) );
#9747 = ORIENTED_EDGE('',*,*,#9748,.F.);
#9748 = EDGE_CURVE('',#7798,#9721,#9749,.T.);
#9749 = SURFACE_CURVE('',#9750,(#9754,#9761),.PCURVE_S1.);
#9750 = LINE('',#9751,#9752);
#9751 = CARTESIAN_POINT('',(51.442352713715,-30.,1.964691606934));
#9752 = VECTOR('',#9753,1.);
#9753 = DIRECTION('',(0.996194698092,0.,8.715574274766E-02));
#9754 = PCURVE('',#7842,#9755);
#9755 = DEFINITIONAL_REPRESENTATION('',(#9756),#9760);
#9756 = LINE('',#9757,#9758);
#9757 = CARTESIAN_POINT('',(10.,0.));
#9758 = VECTOR('',#9759,1.);
#9759 = DIRECTION('',(0.,1.));
#9760 = ( GEOMETRIC_REPRESENTATION_CONTEXT(2) 
PARAMETRIC_REPRESENTATION_CONTEXT() REPRESENTATION_CONTEXT('2D SPACE',''
  ) );
#9761 = PCURVE('',#9681,#9762);
#9762 = DEFINITIONAL_REPRESENTATION('',(#9763),#9767);
#9763 = LINE('',#9764,#9765);
#9764 = CARTESIAN_POINT('',(0.,0.));
#9765 = VECTOR('',#9766,1.);
#9766 = DIRECTION('',(0.,1.));
#9767 = ( GEOMETRIC_REPRESENTATION_CONTEXT(2) 
PARAMETRIC_REPRESENTATION_CONTEXT() REPRESENTATION_CONTEXT('2D SPACE',''
  ) );
#9768 = ADVANCED_FACE('',(#9769),#7897,.T.);
#9769 = FACE_BOUND('',#9770,.F.);
#9770 = EDGE_LOOP('',(#9771,#9772,#9797));
#9771 = ORIENTED_EDGE('',*,*,#8010,.F.);
#9772 = ORIENTED_EDGE('',*,*,#9773,.T.);
#9773 = EDGE_CURVE('',#7983,#7881,#9774,.T.);
#9774 = SURFACE_CURVE('',#9775,(#9780,#9786),.PCURVE_S1.);
#9775 = CIRCLE('',#9776,10.);
#9776 = AXIS2_PLACEMENT_3D('',#9777,#9778,#9779);
#9777 = CARTESIAN_POINT('',(61.404299694632,20.,2.83624903441));
#9778 = DIRECTION('',(0.996194698092,6.123233995737E-17,
    8.715574274766E-02));
#9779 = DIRECTION('',(-6.099933241728E-17,1.,-5.336750069161E-18));
#9780 = PCURVE('',#7897,#9781);
#9781 = DEFINITIONAL_REPRESENTATION('',(#9782),#9785);
#9782 = B_SPLINE_CURVE_WITH_KNOTS('',1,(#9783,#9784),.UNSPECIFIED.,.F.,
  .F.,(2,2),(4.712388980385,6.28318530718),.PIECEWISE_BEZIER_KNOTS.);
#9783 = CARTESIAN_POINT('',(-1.570796326795,-1.570796326795));
#9784 = CARTESIAN_POINT('',(-1.570796326795,0.));
#9785 = ( GEOMETRIC_REPRESENTATION_CONTEXT(2) 
PARAMETRIC_REPRESENTATION_CONTEXT() REPRESENTATION_CONTEXT('2D SPACE',''
  ) );
#9786 = PCURVE('',#9787,#9792);
#9787 = CYLINDRICAL_SURFACE('',#9788,10.);
#9788 = AXIS2_PLACEMENT_3D('',#9789,#9790,#9791);
#9789 = CARTESIAN_POINT('',(51.442352713715,20.,1.964691606934));
#9790 = DIRECTION('',(0.996194698092,0.,8.715574274766E-02));
#9791 = DIRECTION('',(0.,1.,-0.));
#9792 = DEFINITIONAL_REPRESENTATION('',(#9793),#9796);
#9793 = B_SPLINE_CURVE_WITH_KNOTS('',1,(#9794,#9795),.UNSPECIFIED.,.F.,
  .F.,(2,2),(4.712388980385,6.28318530718),.PIECEWISE_BEZIER_KNOTS.);
#9794 = CARTESIAN_POINT('',(-1.570796326795,10.));
#9795 = CARTESIAN_POINT('',(0.,10.));
#9796 = ( GEOMETRIC_REPRESENTATION_CONTEXT(2) 
PARAMETRIC_REPRESENTATION_CONTEXT() REPRESENTATION_CONTEXT('2D SPACE',''
  ) );
#9797 = ORIENTED_EDGE('',*,*,#7880,.F.);
#9798 = ADVANCED_FACE('',(#9799),#7925,.T.);
#9799 = FACE_BOUND('',#9800,.T.);
#9800 = EDGE_LOOP('',(#9801,#9802,#9825,#9853));
#9801 = ORIENTED_EDGE('',*,*,#7909,.T.);
#9802 = ORIENTED_EDGE('',*,*,#9803,.T.);
#9803 = EDGE_CURVE('',#7910,#9804,#9806,.T.);
#9804 = VERTEX_POINT('',#9805);
#9805 = CARTESIAN_POINT('',(338.59570030536,30.,47.16375096559));
#9806 = SURFACE_CURVE('',#9807,(#9811,#9818),.PCURVE_S1.);
#9807 = LINE('',#9808,#9809);
#9808 = CARTESIAN_POINT('',(49.699237858762,30.,21.888585568769));
#9809 = VECTOR('',#9810,1.);
#9810 = DIRECTION('',(0.996194698092,0.,8.715574274766E-02));
#9811 = PCURVE('',#7925,#9812);
#9812 = DEFINITIONAL_REPRESENTATION('',(#9813),#9817);
#9813 = LINE('',#9814,#9815);
#9814 = CARTESIAN_POINT('',(30.,-2.84217094304E-14));
#9815 = VECTOR('',#9816,1.);
#9816 = DIRECTION('',(0.,1.));
#9817 = ( GEOMETRIC_REPRESENTATION_CONTEXT(2) 
PARAMETRIC_REPRESENTATION_CONTEXT() REPRESENTATION_CONTEXT('2D SPACE',''
  ) );
#9818 = PCURVE('',#8079,#9819);
#9819 = DEFINITIONAL_REPRESENTATION('',(#9820),#9824);
#9820 = LINE('',#9821,#9822);
#9821 = CARTESIAN_POINT('',(0.,0.));
#9822 = VECTOR('',#9823,1.);
#9823 = DIRECTION('',(0.,1.));
#9824 = ( GEOMETRIC_REPRESENTATION_CONTEXT(2) 
PARAMETRIC_REPRESENTATION_CONTEXT() REPRESENTATION_CONTEXT('2D SPACE',''
  ) );
#9825 = ORIENTED_EDGE('',*,*,#9826,.F.);
#9826 = EDGE_CURVE('',#9827,#9804,#9829,.T.);
#9827 = VERTEX_POINT('',#9828);
#9828 = CARTESIAN_POINT('',(340.33881516032,30.,27.239857003755));
#9829 = SURFACE_CURVE('',#9830,(#9834,#9841),.PCURVE_S1.);
#9830 = LINE('',#9831,#9832);
#9831 = CARTESIAN_POINT('',(341.21037258779,30.,17.277910022837));
#9832 = VECTOR('',#9833,1.);
#9833 = DIRECTION('',(-8.715574274766E-02,0.,0.996194698092));
#9834 = PCURVE('',#7925,#9835);
#9835 = DEFINITIONAL_REPRESENTATION('',(#9836),#9840);
#9836 = LINE('',#9837,#9838);
#9837 = CARTESIAN_POINT('',(-3.552713678801E-15,290.));
#9838 = VECTOR('',#9839,1.);
#9839 = DIRECTION('',(1.,0.));
#9840 = ( GEOMETRIC_REPRESENTATION_CONTEXT(2) 
PARAMETRIC_REPRESENTATION_CONTEXT() REPRESENTATION_CONTEXT('2D SPACE',''
  ) );
#9841 = PCURVE('',#9842,#9847);
#9842 = CYLINDRICAL_SURFACE('',#9843,10.);
#9843 = AXIS2_PLACEMENT_3D('',#9844,#9845,#9846);
#9844 = CARTESIAN_POINT('',(341.21037258779,20.,17.277910022837));
#9845 = DIRECTION('',(-8.715574274766E-02,0.,0.996194698092));
#9846 = DIRECTION('',(0.996194698092,0.,8.715574274766E-02));
#9847 = DEFINITIONAL_REPRESENTATION('',(#9848),#9852);
#9848 = LINE('',#9849,#9850);
#9849 = CARTESIAN_POINT('',(1.570796326795,0.));
#9850 = VECTOR('',#9851,1.);
#9851 = DIRECTION('',(0.,1.));
#9852 = ( GEOMETRIC_REPRESENTATION_CONTEXT(2) 
PARAMETRIC_REPRESENTATION_CONTEXT() REPRESENTATION_CONTEXT('2D SPACE',''
  ) );
#9853 = ORIENTED_EDGE('',*,*,#9854,.F.);
#9854 = EDGE_CURVE('',#7881,#9827,#9855,.T.);
#9855 = SURFACE_CURVE('',#9856,(#9860,#9867),.PCURVE_S1.);
#9856 = LINE('',#9857,#9858);
#9857 = CARTESIAN_POINT('',(51.442352713715,30.,1.964691606934));
#9858 = VECTOR('',#9859,1.);
#9859 = DIRECTION('',(0.996194698092,0.,8.715574274766E-02));
#9860 = PCURVE('',#7925,#9861);
#9861 = DEFINITIONAL_REPRESENTATION('',(#9862),#9866);
#9862 = LINE('',#9863,#9864);
#9863 = CARTESIAN_POINT('',(10.,0.));
#9864 = VECTOR('',#9865,1.);
#9865 = DIRECTION('',(0.,1.));
#9866 = ( GEOMETRIC_REPRESENTATION_CONTEXT(2) 
PARAMETRIC_REPRESENTATION_CONTEXT() REPRESENTATION_CONTEXT('2D SPACE',''
  ) );
#9867 = PCURVE('',#9787,#9868);
#9868 = DEFINITIONAL_REPRESENTATION('',(#9869),#9873);
#9869 = LINE('',#9870,#9871);
#9870 = CARTESIAN_POINT('',(-0.,0.));
#9871 = VECTOR('',#9872,1.);
#9872 = DIRECTION('',(-0.,1.));
#9873 = ( GEOMETRIC_REPRESENTATION_CONTEXT(2) 
PARAMETRIC_REPRESENTATION_CONTEXT() REPRESENTATION_CONTEXT('2D SPACE',''
  ) );
#9874 = ADVANCED_FACE('',(#9875),#7998,.F.);
#9875 = FACE_BOUND('',#9876,.F.);
#9876 = EDGE_LOOP('',(#9877,#9878,#9901,#9929,#9955,#9981,#10007,#10030)
  );
#9877 = ORIENTED_EDGE('',*,*,#7982,.F.);
#9878 = ORIENTED_EDGE('',*,*,#9879,.T.);
#9879 = EDGE_CURVE('',#7961,#9880,#9882,.T.);
#9880 = VERTEX_POINT('',#9881);
#9881 = CARTESIAN_POINT('',(341.21037258779,-20.,17.277910022837));
#9882 = SURFACE_CURVE('',#9883,(#9887,#9894),.PCURVE_S1.);
#9883 = LINE('',#9884,#9885);
#9884 = CARTESIAN_POINT('',(52.313910141191,-20.,-7.997255373984));
#9885 = VECTOR('',#9886,1.);
#9886 = DIRECTION('',(0.996194698092,0.,8.715574274766E-02));
#9887 = PCURVE('',#7998,#9888);
#9888 = DEFINITIONAL_REPRESENTATION('',(#9889),#9893);
#9889 = LINE('',#9890,#9891);
#9890 = CARTESIAN_POINT('',(0.,10.));
#9891 = VECTOR('',#9892,1.);
#9892 = DIRECTION('',(1.,0.));
#9893 = ( GEOMETRIC_REPRESENTATION_CONTEXT(2) 
PARAMETRIC_REPRESENTATION_CONTEXT() REPRESENTATION_CONTEXT('2D SPACE',''
  ) );
#9894 = PCURVE('',#9681,#9895);
#9895 = DEFINITIONAL_REPRESENTATION('',(#9896),#9900);
#9896 = LINE('',#9897,#9898);
#9897 = CARTESIAN_POINT('',(1.570796326795,0.));
#9898 = VECTOR('',#9899,1.);
#9899 = DIRECTION('',(0.,1.));
#9900 = ( GEOMETRIC_REPRESENTATION_CONTEXT(2) 
PARAMETRIC_REPRESENTATION_CONTEXT() REPRESENTATION_CONTEXT('2D SPACE',''
  ) );
#9901 = ORIENTED_EDGE('',*,*,#9902,.T.);
#9902 = EDGE_CURVE('',#9880,#9903,#9905,.T.);
#9903 = VERTEX_POINT('',#9904);
#9904 = CARTESIAN_POINT('',(341.21037258779,-10.,17.277910022837));
#9905 = SURFACE_CURVE('',#9906,(#9910,#9917),.PCURVE_S1.);
#9906 = LINE('',#9907,#9908);
#9907 = CARTESIAN_POINT('',(341.21037258779,-30.,17.277910022837));
#9908 = VECTOR('',#9909,1.);
#9909 = DIRECTION('',(0.,1.,0.));
#9910 = PCURVE('',#7998,#9911);
#9911 = DEFINITIONAL_REPRESENTATION('',(#9912),#9916);
#9912 = LINE('',#9913,#9914);
#9913 = CARTESIAN_POINT('',(290.,0.));
#9914 = VECTOR('',#9915,1.);
#9915 = DIRECTION('',(0.,1.));
#9916 = ( GEOMETRIC_REPRESENTATION_CONTEXT(2) 
PARAMETRIC_REPRESENTATION_CONTEXT() REPRESENTATION_CONTEXT('2D SPACE',''
  ) );
#9917 = PCURVE('',#9918,#9923);
#9918 = CYLINDRICAL_SURFACE('',#9919,10.);
#9919 = AXIS2_PLACEMENT_3D('',#9920,#9921,#9922);
#9920 = CARTESIAN_POINT('',(340.33881516032,-30.,27.239857003755));
#9921 = DIRECTION('',(0.,1.,0.));
#9922 = DIRECTION('',(0.996194698092,-0.,8.715574274766E-02));
#9923 = DEFINITIONAL_REPRESENTATION('',(#9924),#9928);
#9924 = LINE('',#9925,#9926);
#9925 = CARTESIAN_POINT('',(1.570796326795,0.));
#9926 = VECTOR('',#9927,1.);
#9927 = DIRECTION('',(0.,1.));
#9928 = ( GEOMETRIC_REPRESENTATION_CONTEXT(2) 
PARAMETRIC_REPRESENTATION_CONTEXT() REPRESENTATION_CONTEXT('2D SPACE',''
  ) );
#9929 = ORIENTED_EDGE('',*,*,#9930,.F.);
#9930 = EDGE_CURVE('',#9931,#9903,#9933,.T.);
#9931 = VERTEX_POINT('',#9932);
#9932 = CARTESIAN_POINT('',(331.12728861644,-10.,16.395754481963));
#9933 = SURFACE_CURVE('',#9934,(#9938,#9944),.PCURVE_S1.);
#9934 = LINE('',#9935,#9936);
#9935 = CARTESIAN_POINT('',(200.37350212561,-10.,4.956280450927));
#9936 = VECTOR('',#9937,1.);
#9937 = DIRECTION('',(0.996194698092,9.676231232676E-18,
    8.715574274766E-02));
#9938 = PCURVE('',#7998,#9939);
#9939 = DEFINITIONAL_REPRESENTATION('',(#9940),#9943);
#9940 = B_SPLINE_CURVE_WITH_KNOTS('',1,(#9941,#9942),.UNSPECIFIED.,.F.,
  .F.,(2,2),(125.10255084986,141.37484442746),.PIECEWISE_BEZIER_KNOTS.);
#9941 = CARTESIAN_POINT('',(273.7277064224,20.));
#9942 = CARTESIAN_POINT('',(290.,20.));
#9943 = ( GEOMETRIC_REPRESENTATION_CONTEXT(2) 
PARAMETRIC_REPRESENTATION_CONTEXT() REPRESENTATION_CONTEXT('2D SPACE',''
  ) );
#9944 = PCURVE('',#9945,#9950);
#9945 = PLANE('',#9946);
#9946 = AXIS2_PLACEMENT_3D('',#9947,#9948,#9949);
#9947 = CARTESIAN_POINT('',(350.,-10.,1.110223024625E-15));
#9948 = DIRECTION('',(0.,-1.,1.110223024625E-16));
#9949 = DIRECTION('',(1.,0.,0.));
#9950 = DEFINITIONAL_REPRESENTATION('',(#9951),#9954);
#9951 = B_SPLINE_CURVE_WITH_KNOTS('',1,(#9952,#9953),.UNSPECIFIED.,.F.,
  .F.,(2,2),(125.10255084986,141.37484442746),.PIECEWISE_BEZIER_KNOTS.);
#9952 = CARTESIAN_POINT('',(-25.,15.859686189874));
#9953 = CARTESIAN_POINT('',(-8.789627412202,17.277910022837));
#9954 = ( GEOMETRIC_REPRESENTATION_CONTEXT(2) 
PARAMETRIC_REPRESENTATION_CONTEXT() REPRESENTATION_CONTEXT('2D SPACE',''
  ) );
#9955 = ORIENTED_EDGE('',*,*,#9956,.F.);
#9956 = EDGE_CURVE('',#9957,#9931,#9959,.T.);
#9957 = VERTEX_POINT('',#9958);
#9958 = CARTESIAN_POINT('',(331.12728861644,10.,16.395754481963));
#9959 = SURFACE_CURVE('',#9960,(#9964,#9970),.PCURVE_S1.);
#9960 = LINE('',#9961,#9962);
#9961 = CARTESIAN_POINT('',(331.12728861643,10.,16.395754481963));
#9962 = VECTOR('',#9963,1.);
#9963 = DIRECTION('',(0.,-1.,1.110223024625E-16));
#9964 = PCURVE('',#7998,#9965);
#9965 = DEFINITIONAL_REPRESENTATION('',(#9966),#9969);
#9966 = B_SPLINE_CURVE_WITH_KNOTS('',1,(#9967,#9968),.UNSPECIFIED.,.F.,
  .F.,(2,2),(-6.000000016826E-07,20.0000006),.PIECEWISE_BEZIER_KNOTS.);
#9967 = CARTESIAN_POINT('',(279.87840028593,40.0000006));
#9968 = CARTESIAN_POINT('',(279.87840028593,19.9999994));
#9969 = ( GEOMETRIC_REPRESENTATION_CONTEXT(2) 
PARAMETRIC_REPRESENTATION_CONTEXT() REPRESENTATION_CONTEXT('2D SPACE',''
  ) );
#9970 = PCURVE('',#9971,#9976);
#9971 = CYLINDRICAL_SURFACE('',#9972,25.);
#9972 = AXIS2_PLACEMENT_3D('',#9973,#9974,#9975);
#9973 = CARTESIAN_POINT('',(350.,10.,-1.110223024625E-15));
#9974 = DIRECTION('',(0.,-1.,1.110223024625E-16));
#9975 = DIRECTION('',(1.,0.,0.));
#9976 = DEFINITIONAL_REPRESENTATION('',(#9977),#9980);
#9977 = B_SPLINE_CURVE_WITH_KNOTS('',1,(#9978,#9979),.UNSPECIFIED.,.F.,
  .F.,(2,2),(-1.7763568394E-15,20.),.PIECEWISE_BEZIER_KNOTS.);
#9978 = CARTESIAN_POINT('',(2.426310849165,4.393757379744E-17));
#9979 = CARTESIAN_POINT('',(2.426310849165,20.));
#9980 = ( GEOMETRIC_REPRESENTATION_CONTEXT(2) 
PARAMETRIC_REPRESENTATION_CONTEXT() REPRESENTATION_CONTEXT('2D SPACE',''
  ) );
#9981 = ORIENTED_EDGE('',*,*,#9982,.T.);
#9982 = EDGE_CURVE('',#9957,#9983,#9985,.T.);
#9983 = VERTEX_POINT('',#9984);
#9984 = CARTESIAN_POINT('',(341.21037258779,10.,17.277910022837));
#9985 = SURFACE_CURVE('',#9986,(#9990,#9996),.PCURVE_S1.);
#9986 = LINE('',#9987,#9988);
#9987 = CARTESIAN_POINT('',(200.37350212561,10.,4.956280450927));
#9988 = VECTOR('',#9989,1.);
#9989 = DIRECTION('',(0.996194698092,9.676231232676E-18,
    8.715574274766E-02));
#9990 = PCURVE('',#7998,#9991);
#9991 = DEFINITIONAL_REPRESENTATION('',(#9992),#9995);
#9992 = B_SPLINE_CURVE_WITH_KNOTS('',1,(#9993,#9994),.UNSPECIFIED.,.F.,
  .F.,(2,2),(125.10255084986,141.37484442746),.PIECEWISE_BEZIER_KNOTS.);
#9993 = CARTESIAN_POINT('',(273.7277064224,40.));
#9994 = CARTESIAN_POINT('',(290.,40.));
#9995 = ( GEOMETRIC_REPRESENTATION_CONTEXT(2) 
PARAMETRIC_REPRESENTATION_CONTEXT() REPRESENTATION_CONTEXT('2D SPACE',''
  ) );
#9996 = PCURVE('',#9997,#10002);
#9997 = PLANE('',#9998);
#9998 = AXIS2_PLACEMENT_3D('',#9999,#10000,#10001);
#9999 = CARTESIAN_POINT('',(350.,10.,-1.110223024625E-15));
#10000 = DIRECTION('',(0.,-1.,1.110223024625E-16));
#10001 = DIRECTION('',(1.,0.,0.));
#10002 = DEFINITIONAL_REPRESENTATION('',(#10003),#10006);
#10003 = B_SPLINE_CURVE_WITH_KNOTS('',1,(#10004,#10005),.UNSPECIFIED.,
  .F.,.F.,(2,2),(125.10255084986,141.37484442746),
  .PIECEWISE_BEZIER_KNOTS.);
#10004 = CARTESIAN_POINT('',(-25.,15.859686189874));
#10005 = CARTESIAN_POINT('',(-8.789627412202,17.277910022837));
#10006 = ( GEOMETRIC_REPRESENTATION_CONTEXT(2) 
PARAMETRIC_REPRESENTATION_CONTEXT() REPRESENTATION_CONTEXT('2D SPACE',''
  ) );
#10007 = ORIENTED_EDGE('',*,*,#10008,.T.);
#10008 = EDGE_CURVE('',#9983,#10009,#10011,.T.);
#10009 = VERTEX_POINT('',#10010);
#10010 = CARTESIAN_POINT('',(341.21037258779,20.,17.277910022837));
#10011 = SURFACE_CURVE('',#10012,(#10016,#10023),.PCURVE_S1.);
#10012 = LINE('',#10013,#10014);
#10013 = CARTESIAN_POINT('',(341.21037258779,-30.,17.277910022837));
#10014 = VECTOR('',#10015,1.);
#10015 = DIRECTION('',(0.,1.,0.));
#10016 = PCURVE('',#7998,#10017);
#10017 = DEFINITIONAL_REPRESENTATION('',(#10018),#10022);
#10018 = LINE('',#10019,#10020);
#10019 = CARTESIAN_POINT('',(290.,0.));
#10020 = VECTOR('',#10021,1.);
#10021 = DIRECTION('',(0.,1.));
#10022 = ( GEOMETRIC_REPRESENTATION_CONTEXT(2) 
PARAMETRIC_REPRESENTATION_CONTEXT() REPRESENTATION_CONTEXT('2D SPACE',''
  ) );
#10023 = PCURVE('',#9918,#10024);
#10024 = DEFINITIONAL_REPRESENTATION('',(#10025),#10029);
#10025 = LINE('',#10026,#10027);
#10026 = CARTESIAN_POINT('',(1.570796326795,0.));
#10027 = VECTOR('',#10028,1.);
#10028 = DIRECTION('',(0.,1.));
#10029 = ( GEOMETRIC_REPRESENTATION_CONTEXT(2) 
PARAMETRIC_REPRESENTATION_CONTEXT() REPRESENTATION_CONTEXT('2D SPACE',''
  ) );
#10030 = ORIENTED_EDGE('',*,*,#10031,.F.);
#10031 = EDGE_CURVE('',#7983,#10009,#10032,.T.);
#10032 = SURFACE_CURVE('',#10033,(#10037,#10044),.PCURVE_S1.);
#10033 = LINE('',#10034,#10035);
#10034 = CARTESIAN_POINT('',(52.313910141191,20.,-7.997255373984));
#10035 = VECTOR('',#10036,1.);
#10036 = DIRECTION('',(0.996194698092,0.,8.715574274766E-02));
#10037 = PCURVE('',#7998,#10038);
#10038 = DEFINITIONAL_REPRESENTATION('',(#10039),#10043);
#10039 = LINE('',#10040,#10041);
#10040 = CARTESIAN_POINT('',(0.,50.));
#10041 = VECTOR('',#10042,1.);
#10042 = DIRECTION('',(1.,0.));
#10043 = ( GEOMETRIC_REPRESENTATION_CONTEXT(2) 
PARAMETRIC_REPRESENTATION_CONTEXT() REPRESENTATION_CONTEXT('2D SPACE',''
  ) );
#10044 = PCURVE('',#9787,#10045);
#10045 = DEFINITIONAL_REPRESENTATION('',(#10046),#10050);
#10046 = LINE('',#10047,#10048);
#10047 = CARTESIAN_POINT('',(-1.570796326795,0.));
#10048 = VECTOR('',#10049,1.);
#10049 = DIRECTION('',(-0.,1.));
#10050 = ( GEOMETRIC_REPRESENTATION_CONTEXT(2) 
PARAMETRIC_REPRESENTATION_CONTEXT() REPRESENTATION_CONTEXT('2D SPACE',''
  ) );
#10051 = ADVANCED_FACE('',(#10052),#8049,.T.);
#10052 = FACE_BOUND('',#10053,.F.);
#10053 = EDGE_LOOP('',(#10054,#10055,#10056,#10081));
#10054 = ORIENTED_EDGE('',*,*,#8035,.F.);
#10055 = ORIENTED_EDGE('',*,*,#8095,.T.);
#10056 = ORIENTED_EDGE('',*,*,#10057,.T.);
#10057 = EDGE_CURVE('',#8096,#9698,#10058,.T.);
#10058 = SURFACE_CURVE('',#10059,(#10064,#10070),.PCURVE_S1.);
#10059 = CIRCLE('',#10060,10.);
#10060 = AXIS2_PLACEMENT_3D('',#10061,#10062,#10063);
#10061 = CARTESIAN_POINT('',(338.59570030536,-20.,47.16375096559));
#10062 = DIRECTION('',(0.996194698092,6.123233995737E-17,
    8.715574274766E-02));
#10063 = DIRECTION('',(6.099933241728E-17,-1.,5.336750069161E-18));
#10064 = PCURVE('',#8049,#10065);
#10065 = DEFINITIONAL_REPRESENTATION('',(#10066),#10069);
#10066 = B_SPLINE_CURVE_WITH_KNOTS('',1,(#10067,#10068),.UNSPECIFIED.,
  .F.,.F.,(2,2),(4.712388980385,6.28318530718),
  .PIECEWISE_BEZIER_KNOTS.);
#10067 = CARTESIAN_POINT('',(-1.570796326795,290.));
#10068 = CARTESIAN_POINT('',(0.,290.));
#10069 = ( GEOMETRIC_REPRESENTATION_CONTEXT(2) 
PARAMETRIC_REPRESENTATION_CONTEXT() REPRESENTATION_CONTEXT('2D SPACE',''
  ) );
#10070 = PCURVE('',#10071,#10076);
#10071 = SPHERICAL_SURFACE('',#10072,10.);
#10072 = AXIS2_PLACEMENT_3D('',#10073,#10074,#10075);
#10073 = CARTESIAN_POINT('',(338.59570030536,-20.,47.16375096559));
#10074 = DIRECTION('',(8.715574274766E-02,-0.,-0.996194698092));
#10075 = DIRECTION('',(0.996194698092,0.,8.715574274766E-02));
#10076 = DEFINITIONAL_REPRESENTATION('',(#10077),#10080);
#10077 = B_SPLINE_CURVE_WITH_KNOTS('',1,(#10078,#10079),.UNSPECIFIED.,
  .F.,.F.,(2,2),(4.712388980385,6.28318530718),
  .PIECEWISE_BEZIER_KNOTS.);
#10078 = CARTESIAN_POINT('',(1.570796326795,-1.570796326795));
#10079 = CARTESIAN_POINT('',(1.570796326795,0.));
#10080 = ( GEOMETRIC_REPRESENTATION_CONTEXT(2) 
PARAMETRIC_REPRESENTATION_CONTEXT() REPRESENTATION_CONTEXT('2D SPACE',''
  ) );
#10081 = ORIENTED_EDGE('',*,*,#9697,.F.);
#10082 = ADVANCED_FACE('',(#10083),#8079,.T.);
#10083 = FACE_BOUND('',#10084,.T.);
#10084 = EDGE_LOOP('',(#10085,#10086,#10087,#10112));
#10085 = ORIENTED_EDGE('',*,*,#8065,.T.);
#10086 = ORIENTED_EDGE('',*,*,#8146,.T.);
#10087 = ORIENTED_EDGE('',*,*,#10088,.F.);
#10088 = EDGE_CURVE('',#9804,#8119,#10089,.T.);
#10089 = SURFACE_CURVE('',#10090,(#10095,#10101),.PCURVE_S1.);
#10090 = CIRCLE('',#10091,10.);
#10091 = AXIS2_PLACEMENT_3D('',#10092,#10093,#10094);
#10092 = CARTESIAN_POINT('',(338.59570030536,20.,47.16375096559));
#10093 = DIRECTION('',(0.996194698092,0.,8.715574274766E-02));
#10094 = DIRECTION('',(-8.715574274766E-02,0.,0.996194698092));
#10095 = PCURVE('',#8079,#10096);
#10096 = DEFINITIONAL_REPRESENTATION('',(#10097),#10100);
#10097 = B_SPLINE_CURVE_WITH_KNOTS('',1,(#10098,#10099),.UNSPECIFIED.,
  .F.,.F.,(2,2),(4.712388980385,6.28318530718),
  .PIECEWISE_BEZIER_KNOTS.);
#10098 = CARTESIAN_POINT('',(0.,290.));
#10099 = CARTESIAN_POINT('',(1.570796326795,290.));
#10100 = ( GEOMETRIC_REPRESENTATION_CONTEXT(2) 
PARAMETRIC_REPRESENTATION_CONTEXT() REPRESENTATION_CONTEXT('2D SPACE',''
  ) );
#10101 = PCURVE('',#10102,#10107);
#10102 = SPHERICAL_SURFACE('',#10103,10.);
#10103 = AXIS2_PLACEMENT_3D('',#10104,#10105,#10106);
#10104 = CARTESIAN_POINT('',(338.59570030536,20.,47.16375096559));
#10105 = DIRECTION('',(-0.,-1.,0.));
#10106 = DIRECTION('',(0.996194698092,0.,8.715574274766E-02));
#10107 = DEFINITIONAL_REPRESENTATION('',(#10108),#10111);
#10108 = B_SPLINE_CURVE_WITH_KNOTS('',1,(#10109,#10110),.UNSPECIFIED.,
  .F.,.F.,(2,2),(4.712388980385,6.28318530718),
  .PIECEWISE_BEZIER_KNOTS.);
#10109 = CARTESIAN_POINT('',(1.570796326795,-1.570796326795));
#10110 = CARTESIAN_POINT('',(1.570796326795,0.));
#10111 = ( GEOMETRIC_REPRESENTATION_CONTEXT(2) 
PARAMETRIC_REPRESENTATION_CONTEXT() REPRESENTATION_CONTEXT('2D SPACE',''
  ) );
#10112 = ORIENTED_EDGE('',*,*,#9803,.F.);
#10113 = ADVANCED_FACE('',(#10114),#8134,.T.);
#10114 = FACE_BOUND('',#10115,.F.);
#10115 = EDGE_LOOP('',(#10116,#10138,#10139,#10163));
#10116 = ORIENTED_EDGE('',*,*,#10117,.F.);
#10117 = EDGE_CURVE('',#8096,#10118,#10120,.T.);
#10118 = VERTEX_POINT('',#10119);
#10119 = CARTESIAN_POINT('',(348.55764728628,-20.,48.035308393066));
#10120 = SURFACE_CURVE('',#10121,(#10126,#10132),.PCURVE_S1.);
#10121 = CIRCLE('',#10122,10.);
#10122 = AXIS2_PLACEMENT_3D('',#10123,#10124,#10125);
#10123 = CARTESIAN_POINT('',(338.59570030536,-20.,47.16375096559));
#10124 = DIRECTION('',(0.,1.,-0.));
#10125 = DIRECTION('',(0.996194698092,0.,8.715574274766E-02));
#10126 = PCURVE('',#8134,#10127);
#10127 = DEFINITIONAL_REPRESENTATION('',(#10128),#10131);
#10128 = B_SPLINE_CURVE_WITH_KNOTS('',1,(#10129,#10130),.UNSPECIFIED.,
  .F.,.F.,(2,2),(4.712388980385,6.28318530718),
  .PIECEWISE_BEZIER_KNOTS.);
#10129 = CARTESIAN_POINT('',(-1.570796326795,10.));
#10130 = CARTESIAN_POINT('',(0.,10.));
#10131 = ( GEOMETRIC_REPRESENTATION_CONTEXT(2) 
PARAMETRIC_REPRESENTATION_CONTEXT() REPRESENTATION_CONTEXT('2D SPACE',''
  ) );
#10132 = PCURVE('',#10071,#10133);
#10133 = DEFINITIONAL_REPRESENTATION('',(#10134),#10137);
#10134 = B_SPLINE_CURVE_WITH_KNOTS('',1,(#10135,#10136),.UNSPECIFIED.,
  .F.,.F.,(2,2),(4.712388980385,6.28318530718),
  .PIECEWISE_BEZIER_KNOTS.);
#10135 = CARTESIAN_POINT('',(0.,-1.570796326795));
#10136 = CARTESIAN_POINT('',(0.,0.));
#10137 = ( GEOMETRIC_REPRESENTATION_CONTEXT(2) 
PARAMETRIC_REPRESENTATION_CONTEXT() REPRESENTATION_CONTEXT('2D SPACE',''
  ) );
#10138 = ORIENTED_EDGE('',*,*,#8118,.T.);
#10139 = ORIENTED_EDGE('',*,*,#10140,.F.);
#10140 = EDGE_CURVE('',#10141,#8119,#10143,.T.);
#10141 = VERTEX_POINT('',#10142);
#10142 = CARTESIAN_POINT('',(348.55764728628,20.,48.035308393066));
#10143 = SURFACE_CURVE('',#10144,(#10149,#10156),.PCURVE_S1.);
#10144 = CIRCLE('',#10145,10.);
#10145 = AXIS2_PLACEMENT_3D('',#10146,#10147,#10148);
#10146 = CARTESIAN_POINT('',(338.59570030536,20.,47.16375096559));
#10147 = DIRECTION('',(0.,-1.,0.));
#10148 = DIRECTION('',(0.996194698092,0.,8.715574274766E-02));
#10149 = PCURVE('',#8134,#10150);
#10150 = DEFINITIONAL_REPRESENTATION('',(#10151),#10155);
#10151 = LINE('',#10152,#10153);
#10152 = CARTESIAN_POINT('',(-0.,50.));
#10153 = VECTOR('',#10154,1.);
#10154 = DIRECTION('',(-1.,0.));
#10155 = ( GEOMETRIC_REPRESENTATION_CONTEXT(2) 
PARAMETRIC_REPRESENTATION_CONTEXT() REPRESENTATION_CONTEXT('2D SPACE',''
  ) );
#10156 = PCURVE('',#10102,#10157);
#10157 = DEFINITIONAL_REPRESENTATION('',(#10158),#10162);
#10158 = LINE('',#10159,#10160);
#10159 = CARTESIAN_POINT('',(0.,0.));
#10160 = VECTOR('',#10161,1.);
#10161 = DIRECTION('',(1.,0.));
#10162 = ( GEOMETRIC_REPRESENTATION_CONTEXT(2) 
PARAMETRIC_REPRESENTATION_CONTEXT() REPRESENTATION_CONTEXT('2D SPACE',''
  ) );
#10163 = ORIENTED_EDGE('',*,*,#10164,.F.);
#10164 = EDGE_CURVE('',#10118,#10141,#10165,.T.);
#10165 = SURFACE_CURVE('',#10166,(#10170,#10177),.PCURVE_S1.);
#10166 = LINE('',#10167,#10168);
#10167 = CARTESIAN_POINT('',(348.55764728628,-30.,48.035308393066));
#10168 = VECTOR('',#10169,1.);
#10169 = DIRECTION('',(0.,1.,0.));
#10170 = PCURVE('',#8134,#10171);
#10171 = DEFINITIONAL_REPRESENTATION('',(#10172),#10176);
#10172 = LINE('',#10173,#10174);
#10173 = CARTESIAN_POINT('',(-0.,0.));
#10174 = VECTOR('',#10175,1.);
#10175 = DIRECTION('',(-0.,1.));
#10176 = ( GEOMETRIC_REPRESENTATION_CONTEXT(2) 
PARAMETRIC_REPRESENTATION_CONTEXT() REPRESENTATION_CONTEXT('2D SPACE',''
  ) );
#10177 = PCURVE('',#10178,#10183);
#10178 = PLANE('',#10179);
#10179 = AXIS2_PLACEMENT_3D('',#10180,#10181,#10182);
#10180 = CARTESIAN_POINT('',(351.17231956871,-30.,18.149467450314));
#10181 = DIRECTION('',(0.996194698092,0.,8.715574274766E-02));
#10182 = DIRECTION('',(-8.715574274766E-02,0.,0.996194698092));
#10183 = DEFINITIONAL_REPRESENTATION('',(#10184),#10188);
#10184 = LINE('',#10185,#10186);
#10185 = CARTESIAN_POINT('',(30.,0.));
#10186 = VECTOR('',#10187,1.);
#10187 = DIRECTION('',(0.,-1.));
#10188 = ( GEOMETRIC_REPRESENTATION_CONTEXT(2) 
PARAMETRIC_REPRESENTATION_CONTEXT() REPRESENTATION_CONTEXT('2D SPACE',''
  ) );
#10189 = ADVANCED_FACE('',(#10190),#8188,.T.);
#10190 = FACE_BOUND('',#10191,.T.);
#10191 = EDGE_LOOP('',(#10192,#10193,#10218));
#10192 = ORIENTED_EDGE('',*,*,#8334,.F.);
#10193 = ORIENTED_EDGE('',*,*,#10194,.T.);
#10194 = EDGE_CURVE('',#8335,#8172,#10195,.T.);
#10195 = SURFACE_CURVE('',#10196,(#10201,#10207),.PCURVE_S1.);
#10196 = CIRCLE('',#10197,10.);
#10197 = AXIS2_PLACEMENT_3D('',#10198,#10199,#10200);
#10198 = CARTESIAN_POINT('',(37.995703584247,52.218316206591,
    2.83624903441));
#10199 = DIRECTION('',(-0.307841091417,-0.947437459119,
    -8.715574274766E-02));
#10200 = DIRECTION('',(0.951056516295,-0.309016994375,4.857225732735E-17
    ));
#10201 = PCURVE('',#8188,#10202);
#10202 = DEFINITIONAL_REPRESENTATION('',(#10203),#10206);
#10203 = B_SPLINE_CURVE_WITH_KNOTS('',1,(#10204,#10205),.UNSPECIFIED.,
  .F.,.F.,(2,2),(4.712388980385,6.28318530718),
  .PIECEWISE_BEZIER_KNOTS.);
#10204 = CARTESIAN_POINT('',(1.570796326795,-1.570796326795));
#10205 = CARTESIAN_POINT('',(1.570796326795,0.));
#10206 = ( GEOMETRIC_REPRESENTATION_CONTEXT(2) 
PARAMETRIC_REPRESENTATION_CONTEXT() REPRESENTATION_CONTEXT('2D SPACE',''
  ) );
#10207 = PCURVE('',#10208,#10213);
#10208 = CYLINDRICAL_SURFACE('',#10209,10.);
#10209 = AXIS2_PLACEMENT_3D('',#10210,#10211,#10212);
#10210 = CARTESIAN_POINT('',(34.917292670082,42.743941615402,
    1.964691606934));
#10211 = DIRECTION('',(0.307841091417,0.947437459119,8.715574274766E-02)
  );
#10212 = DIRECTION('',(0.951056516295,-0.309016994375,
    -3.469446951954E-18));
#10213 = DEFINITIONAL_REPRESENTATION('',(#10214),#10217);
#10214 = B_SPLINE_CURVE_WITH_KNOTS('',1,(#10215,#10216),.UNSPECIFIED.,
  .F.,.F.,(2,2),(4.712388980385,6.28318530718),
  .PIECEWISE_BEZIER_KNOTS.);
#10215 = CARTESIAN_POINT('',(1.570796326795,10.));
#10216 = CARTESIAN_POINT('',(0.,10.));
#10217 = ( GEOMETRIC_REPRESENTATION_CONTEXT(2) 
PARAMETRIC_REPRESENTATION_CONTEXT() REPRESENTATION_CONTEXT('2D SPACE',''
  ) );
#10218 = ORIENTED_EDGE('',*,*,#8171,.F.);
#10219 = ADVANCED_FACE('',(#10220),#8216,.F.);
#10220 = FACE_BOUND('',#10221,.F.);
#10221 = EDGE_LOOP('',(#10222,#10223,#10246,#10274));
#10222 = ORIENTED_EDGE('',*,*,#8200,.T.);
#10223 = ORIENTED_EDGE('',*,*,#10224,.T.);
#10224 = EDGE_CURVE('',#8201,#10225,#10227,.T.);
#10225 = VERTEX_POINT('',#10226);
#10226 = CARTESIAN_POINT('',(133.16312223051,312.75283407466,
    47.16375096559));
#10227 = SURFACE_CURVE('',#10228,(#10232,#10239),.PCURVE_S1.);
#10228 = LINE('',#10229,#10230);
#10229 = CARTESIAN_POINT('',(43.889205719705,37.995970930199,
    21.888585568769));
#10230 = VECTOR('',#10231,1.);
#10231 = DIRECTION('',(0.307841091417,0.947437459119,8.715574274766E-02)
  );
#10232 = PCURVE('',#8216,#10233);
#10233 = DEFINITIONAL_REPRESENTATION('',(#10234),#10238);
#10234 = LINE('',#10235,#10236);
#10235 = CARTESIAN_POINT('',(30.,-1.42108547152E-14));
#10236 = VECTOR('',#10237,1.);
#10237 = DIRECTION('',(0.,1.));
#10238 = ( GEOMETRIC_REPRESENTATION_CONTEXT(2) 
PARAMETRIC_REPRESENTATION_CONTEXT() REPRESENTATION_CONTEXT('2D SPACE',''
  ) );
#10239 = PCURVE('',#8423,#10240);
#10240 = DEFINITIONAL_REPRESENTATION('',(#10241),#10245);
#10241 = LINE('',#10242,#10243);
#10242 = CARTESIAN_POINT('',(-0.,0.));
#10243 = VECTOR('',#10244,1.);
#10244 = DIRECTION('',(-0.,1.));
#10245 = ( GEOMETRIC_REPRESENTATION_CONTEXT(2) 
PARAMETRIC_REPRESENTATION_CONTEXT() REPRESENTATION_CONTEXT('2D SPACE',''
  ) );
#10246 = ORIENTED_EDGE('',*,*,#10247,.F.);
#10247 = EDGE_CURVE('',#10248,#10225,#10250,.T.);
#10248 = VERTEX_POINT('',#10249);
#10249 = CARTESIAN_POINT('',(133.70177434383,314.41063481611,
    27.239857003755));
#10250 = SURFACE_CURVE('',#10251,(#10255,#10262),.PCURVE_S1.);
#10251 = LINE('',#10252,#10253);
#10252 = CARTESIAN_POINT('',(133.9711004005,315.23953518684,
    17.277910022837));
#10253 = VECTOR('',#10254,1.);
#10254 = DIRECTION('',(-2.69326056664E-02,-8.28900370727E-02,
    0.996194698092));
#10255 = PCURVE('',#8216,#10256);
#10256 = DEFINITIONAL_REPRESENTATION('',(#10257),#10261);
#10257 = LINE('',#10258,#10259);
#10258 = CARTESIAN_POINT('',(-3.552713678801E-15,290.));
#10259 = VECTOR('',#10260,1.);
#10260 = DIRECTION('',(1.,0.));
#10261 = ( GEOMETRIC_REPRESENTATION_CONTEXT(2) 
PARAMETRIC_REPRESENTATION_CONTEXT() REPRESENTATION_CONTEXT('2D SPACE',''
  ) );
#10262 = PCURVE('',#10263,#10268);
#10263 = CYLINDRICAL_SURFACE('',#10264,10.);
#10264 = AXIS2_PLACEMENT_3D('',#10265,#10266,#10267);
#10265 = CARTESIAN_POINT('',(124.46053523755,318.32970513059,
    17.277910022837));
#10266 = DIRECTION('',(-2.69326056664E-02,-8.28900370727E-02,
    0.996194698092));
#10267 = DIRECTION('',(0.307841091417,0.947437459119,8.715574274766E-02)
  );
#10268 = DEFINITIONAL_REPRESENTATION('',(#10269),#10273);
#10269 = LINE('',#10270,#10271);
#10270 = CARTESIAN_POINT('',(-1.570796326795,0.));
#10271 = VECTOR('',#10272,1.);
#10272 = DIRECTION('',(-0.,1.));
#10273 = ( GEOMETRIC_REPRESENTATION_CONTEXT(2) 
PARAMETRIC_REPRESENTATION_CONTEXT() REPRESENTATION_CONTEXT('2D SPACE',''
  ) );
#10274 = ORIENTED_EDGE('',*,*,#10275,.F.);
#10275 = EDGE_CURVE('',#8172,#10248,#10276,.T.);
#10276 = SURFACE_CURVE('',#10277,(#10281,#10288),.PCURVE_S1.);
#10277 = LINE('',#10278,#10279);
#10278 = CARTESIAN_POINT('',(44.427857833033,39.653771671653,
    1.964691606934));
#10279 = VECTOR('',#10280,1.);
#10280 = DIRECTION('',(0.307841091417,0.947437459119,8.715574274766E-02)
  );
#10281 = PCURVE('',#8216,#10282);
#10282 = DEFINITIONAL_REPRESENTATION('',(#10283),#10287);
#10283 = LINE('',#10284,#10285);
#10284 = CARTESIAN_POINT('',(10.,0.));
#10285 = VECTOR('',#10286,1.);
#10286 = DIRECTION('',(0.,1.));
#10287 = ( GEOMETRIC_REPRESENTATION_CONTEXT(2) 
PARAMETRIC_REPRESENTATION_CONTEXT() REPRESENTATION_CONTEXT('2D SPACE',''
  ) );
#10288 = PCURVE('',#10208,#10289);
#10289 = DEFINITIONAL_REPRESENTATION('',(#10290),#10294);
#10290 = LINE('',#10291,#10292);
#10291 = CARTESIAN_POINT('',(0.,0.));
#10292 = VECTOR('',#10293,1.);
#10293 = DIRECTION('',(0.,1.));
#10294 = ( GEOMETRIC_REPRESENTATION_CONTEXT(2) 
PARAMETRIC_REPRESENTATION_CONTEXT() REPRESENTATION_CONTEXT('2D SPACE',''
  ) );
#10295 = ADVANCED_FACE('',(#10296),#8271,.T.);
#10296 = FACE_BOUND('',#10297,.F.);
#10297 = EDGE_LOOP('',(#10298,#10299,#10324));
#10298 = ORIENTED_EDGE('',*,*,#8384,.F.);
#10299 = ORIENTED_EDGE('',*,*,#10300,.T.);
#10300 = EDGE_CURVE('',#8357,#8255,#10301,.T.);
#10301 = SURFACE_CURVE('',#10302,(#10307,#10313),.PCURVE_S1.);
#10302 = CIRCLE('',#10303,10.);
#10303 = AXIS2_PLACEMENT_3D('',#10304,#10305,#10306);
#10304 = CARTESIAN_POINT('',(-4.655706755883E-02,64.578995981589,
    2.83624903441));
#10305 = DIRECTION('',(0.307841091417,0.947437459119,8.715574274766E-02)
  );
#10306 = DIRECTION('',(-0.951056516295,0.309016994375,-4.51028103754E-17
    ));
#10307 = PCURVE('',#8271,#10308);
#10308 = DEFINITIONAL_REPRESENTATION('',(#10309),#10312);
#10309 = B_SPLINE_CURVE_WITH_KNOTS('',1,(#10310,#10311),.UNSPECIFIED.,
  .F.,.F.,(2,2),(4.712388980385,6.28318530718),
  .PIECEWISE_BEZIER_KNOTS.);
#10310 = CARTESIAN_POINT('',(-1.570796326795,-1.570796326795));
#10311 = CARTESIAN_POINT('',(-1.570796326795,0.));
#10312 = ( GEOMETRIC_REPRESENTATION_CONTEXT(2) 
PARAMETRIC_REPRESENTATION_CONTEXT() REPRESENTATION_CONTEXT('2D SPACE',''
  ) );
#10313 = PCURVE('',#10314,#10319);
#10314 = CYLINDRICAL_SURFACE('',#10315,10.);
#10315 = AXIS2_PLACEMENT_3D('',#10316,#10317,#10318);
#10316 = CARTESIAN_POINT('',(-3.124967981725,55.1046213904,
    1.964691606934));
#10317 = DIRECTION('',(0.307841091417,0.947437459119,8.715574274766E-02)
  );
#10318 = DIRECTION('',(-0.951056516295,0.309016994375,3.469446951954E-18
    ));
#10319 = DEFINITIONAL_REPRESENTATION('',(#10320),#10323);
#10320 = B_SPLINE_CURVE_WITH_KNOTS('',1,(#10321,#10322),.UNSPECIFIED.,
  .F.,.F.,(2,2),(4.712388980385,6.28318530718),
  .PIECEWISE_BEZIER_KNOTS.);
#10321 = CARTESIAN_POINT('',(-1.570796326795,10.));
#10322 = CARTESIAN_POINT('',(0.,10.));
#10323 = ( GEOMETRIC_REPRESENTATION_CONTEXT(2) 
PARAMETRIC_REPRESENTATION_CONTEXT() REPRESENTATION_CONTEXT('2D SPACE',''
  ) );
#10324 = ORIENTED_EDGE('',*,*,#8254,.F.);
#10325 = ADVANCED_FACE('',(#10326),#8299,.T.);
#10326 = FACE_BOUND('',#10327,.T.);
#10327 = EDGE_LOOP('',(#10328,#10329,#10352,#10380));
#10328 = ORIENTED_EDGE('',*,*,#8283,.T.);
#10329 = ORIENTED_EDGE('',*,*,#10330,.T.);
#10330 = EDGE_CURVE('',#8284,#10331,#10333,.T.);
#10331 = VERTEX_POINT('',#10332);
#10332 = CARTESIAN_POINT('',(76.099731252801,331.29385373715,
    47.16375096559));
#10333 = SURFACE_CURVE('',#10334,(#10338,#10345),.PCURVE_S1.);
#10334 = LINE('',#10335,#10336);
#10335 = CARTESIAN_POINT('',(-13.174185258,56.536990592696,
    21.888585568769));
#10336 = VECTOR('',#10337,1.);
#10337 = DIRECTION('',(0.307841091417,0.947437459119,8.715574274766E-02)
  );
#10338 = PCURVE('',#8299,#10339);
#10339 = DEFINITIONAL_REPRESENTATION('',(#10340),#10344);
#10340 = LINE('',#10341,#10342);
#10341 = CARTESIAN_POINT('',(30.,-2.13162820728E-14));
#10342 = VECTOR('',#10343,1.);
#10343 = DIRECTION('',(0.,1.));
#10344 = ( GEOMETRIC_REPRESENTATION_CONTEXT(2) 
PARAMETRIC_REPRESENTATION_CONTEXT() REPRESENTATION_CONTEXT('2D SPACE',''
  ) );
#10345 = PCURVE('',#8453,#10346);
#10346 = DEFINITIONAL_REPRESENTATION('',(#10347),#10351);
#10347 = LINE('',#10348,#10349);
#10348 = CARTESIAN_POINT('',(0.,0.));
#10349 = VECTOR('',#10350,1.);
#10350 = DIRECTION('',(0.,1.));
#10351 = ( GEOMETRIC_REPRESENTATION_CONTEXT(2) 
PARAMETRIC_REPRESENTATION_CONTEXT() REPRESENTATION_CONTEXT('2D SPACE',''
  ) );
#10352 = ORIENTED_EDGE('',*,*,#10353,.F.);
#10353 = EDGE_CURVE('',#10354,#10331,#10356,.T.);
#10354 = VERTEX_POINT('',#10355);
#10355 = CARTESIAN_POINT('',(76.638383366129,332.95165447861,
    27.239857003755));
#10356 = SURFACE_CURVE('',#10357,(#10361,#10368),.PCURVE_S1.);
#10357 = LINE('',#10358,#10359);
#10358 = CARTESIAN_POINT('',(76.907709422793,333.78055484934,
    17.277910022837));
#10359 = VECTOR('',#10360,1.);
#10360 = DIRECTION('',(-2.69326056664E-02,-8.28900370727E-02,
    0.996194698092));
#10361 = PCURVE('',#8299,#10362);
#10362 = DEFINITIONAL_REPRESENTATION('',(#10363),#10367);
#10363 = LINE('',#10364,#10365);
#10364 = CARTESIAN_POINT('',(0.,290.));
#10365 = VECTOR('',#10366,1.);
#10366 = DIRECTION('',(1.,0.));
#10367 = ( GEOMETRIC_REPRESENTATION_CONTEXT(2) 
PARAMETRIC_REPRESENTATION_CONTEXT() REPRESENTATION_CONTEXT('2D SPACE',''
  ) );
#10368 = PCURVE('',#10369,#10374);
#10369 = CYLINDRICAL_SURFACE('',#10370,10.);
#10370 = AXIS2_PLACEMENT_3D('',#10371,#10372,#10373);
#10371 = CARTESIAN_POINT('',(86.418274585745,330.69038490559,
    17.277910022837));
#10372 = DIRECTION('',(-2.69326056664E-02,-8.28900370727E-02,
    0.996194698092));
#10373 = DIRECTION('',(0.307841091417,0.947437459119,8.715574274766E-02)
  );
#10374 = DEFINITIONAL_REPRESENTATION('',(#10375),#10379);
#10375 = LINE('',#10376,#10377);
#10376 = CARTESIAN_POINT('',(1.570796326795,0.));
#10377 = VECTOR('',#10378,1.);
#10378 = DIRECTION('',(0.,1.));
#10379 = ( GEOMETRIC_REPRESENTATION_CONTEXT(2) 
PARAMETRIC_REPRESENTATION_CONTEXT() REPRESENTATION_CONTEXT('2D SPACE',''
  ) );
#10380 = ORIENTED_EDGE('',*,*,#10381,.F.);
#10381 = EDGE_CURVE('',#8255,#10354,#10382,.T.);
#10382 = SURFACE_CURVE('',#10383,(#10387,#10394),.PCURVE_S1.);
#10383 = LINE('',#10384,#10385);
#10384 = CARTESIAN_POINT('',(-12.63553314467,58.19479133415,
    1.964691606934));
#10385 = VECTOR('',#10386,1.);
#10386 = DIRECTION('',(0.307841091417,0.947437459119,8.715574274766E-02)
  );
#10387 = PCURVE('',#8299,#10388);
#10388 = DEFINITIONAL_REPRESENTATION('',(#10389),#10393);
#10389 = LINE('',#10390,#10391);
#10390 = CARTESIAN_POINT('',(10.,-1.42108547152E-14));
#10391 = VECTOR('',#10392,1.);
#10392 = DIRECTION('',(0.,1.));
#10393 = ( GEOMETRIC_REPRESENTATION_CONTEXT(2) 
PARAMETRIC_REPRESENTATION_CONTEXT() REPRESENTATION_CONTEXT('2D SPACE',''
  ) );
#10394 = PCURVE('',#10314,#10395);
#10395 = DEFINITIONAL_REPRESENTATION('',(#10396),#10400);
#10396 = LINE('',#10397,#10398);
#10397 = CARTESIAN_POINT('',(-0.,0.));
#10398 = VECTOR('',#10399,1.);
#10399 = DIRECTION('',(-0.,1.));
#10400 = ( GEOMETRIC_REPRESENTATION_CONTEXT(2) 
PARAMETRIC_REPRESENTATION_CONTEXT() REPRESENTATION_CONTEXT('2D SPACE',''
  ) );
#10401 = ADVANCED_FACE('',(#10402),#8372,.F.);
#10402 = FACE_BOUND('',#10403,.F.);
#10403 = EDGE_LOOP('',(#10404,#10405,#10428,#10456,#10482,#10508,#10534,
    #10557));
#10404 = ORIENTED_EDGE('',*,*,#8356,.F.);
#10405 = ORIENTED_EDGE('',*,*,#10406,.T.);
#10406 = EDGE_CURVE('',#8335,#10407,#10409,.T.);
#10407 = VERTEX_POINT('',#10408);
#10408 = CARTESIAN_POINT('',(124.46053523755,318.32970513059,
    17.277910022837));
#10409 = SURFACE_CURVE('',#10410,(#10414,#10421),.PCURVE_S1.);
#10410 = LINE('',#10411,#10412);
#10411 = CARTESIAN_POINT('',(35.186618726746,43.572841986129,
    -7.997255373984));
#10412 = VECTOR('',#10413,1.);
#10413 = DIRECTION('',(0.307841091417,0.947437459119,8.715574274766E-02)
  );
#10414 = PCURVE('',#8372,#10415);
#10415 = DEFINITIONAL_REPRESENTATION('',(#10416),#10420);
#10416 = LINE('',#10417,#10418);
#10417 = CARTESIAN_POINT('',(0.,10.));
#10418 = VECTOR('',#10419,1.);
#10419 = DIRECTION('',(1.,-5.551115123126E-17));
#10420 = ( GEOMETRIC_REPRESENTATION_CONTEXT(2) 
PARAMETRIC_REPRESENTATION_CONTEXT() REPRESENTATION_CONTEXT('2D SPACE',''
  ) );
#10421 = PCURVE('',#10208,#10422);
#10422 = DEFINITIONAL_REPRESENTATION('',(#10423),#10427);
#10423 = LINE('',#10424,#10425);
#10424 = CARTESIAN_POINT('',(1.570796326795,0.));
#10425 = VECTOR('',#10426,1.);
#10426 = DIRECTION('',(0.,1.));
#10427 = ( GEOMETRIC_REPRESENTATION_CONTEXT(2) 
PARAMETRIC_REPRESENTATION_CONTEXT() REPRESENTATION_CONTEXT('2D SPACE',''
  ) );
#10428 = ORIENTED_EDGE('',*,*,#10429,.T.);
#10429 = EDGE_CURVE('',#10407,#10430,#10432,.T.);
#10430 = VERTEX_POINT('',#10431);
#10431 = CARTESIAN_POINT('',(114.95022429133,321.41979247431,
    17.277910022837));
#10432 = SURFACE_CURVE('',#10433,(#10437,#10444),.PCURVE_S1.);
#10433 = LINE('',#10434,#10435);
#10434 = CARTESIAN_POINT('',(133.9711004005,315.23953518684,
    17.277910022837));
#10435 = VECTOR('',#10436,1.);
#10436 = DIRECTION('',(-0.951056516295,0.309016994375,0.));
#10437 = PCURVE('',#8372,#10438);
#10438 = DEFINITIONAL_REPRESENTATION('',(#10439),#10443);
#10439 = LINE('',#10440,#10441);
#10440 = CARTESIAN_POINT('',(290.,0.));
#10441 = VECTOR('',#10442,1.);
#10442 = DIRECTION('',(-5.551115123126E-17,1.));
#10443 = ( GEOMETRIC_REPRESENTATION_CONTEXT(2) 
PARAMETRIC_REPRESENTATION_CONTEXT() REPRESENTATION_CONTEXT('2D SPACE',''
  ) );
#10444 = PCURVE('',#10445,#10450);
#10445 = CYLINDRICAL_SURFACE('',#10446,10.);
#10446 = AXIS2_PLACEMENT_3D('',#10447,#10448,#10449);
#10447 = CARTESIAN_POINT('',(133.70177434383,314.41063481611,
    27.239857003755));
#10448 = DIRECTION('',(-0.951056516295,0.309016994375,0.));
#10449 = DIRECTION('',(0.307841091417,0.947437459119,8.715574274766E-02)
  );
#10450 = DEFINITIONAL_REPRESENTATION('',(#10451),#10455);
#10451 = LINE('',#10452,#10453);
#10452 = CARTESIAN_POINT('',(1.570796326795,0.));
#10453 = VECTOR('',#10454,1.);
#10454 = DIRECTION('',(0.,1.));
#10455 = ( GEOMETRIC_REPRESENTATION_CONTEXT(2) 
PARAMETRIC_REPRESENTATION_CONTEXT() REPRESENTATION_CONTEXT('2D SPACE',''
  ) );
#10456 = ORIENTED_EDGE('',*,*,#10457,.F.);
#10457 = EDGE_CURVE('',#10458,#10430,#10460,.T.);
#10458 = VERTEX_POINT('',#10459);
#10459 = CARTESIAN_POINT('',(111.83459278976,311.83086469402,
    16.395814730107));
#10460 = SURFACE_CURVE('',#10461,(#10465,#10471),.PCURVE_S1.);
#10461 = LINE('',#10462,#10463);
#10462 = CARTESIAN_POINT('',(71.429335450646,187.47626936609,
    4.956308073942));
#10463 = VECTOR('',#10464,1.);
#10464 = DIRECTION('',(0.307841091417,0.947437459119,8.715574274766E-02)
  );
#10465 = PCURVE('',#8372,#10466);
#10466 = DEFINITIONAL_REPRESENTATION('',(#10467),#10470);
#10467 = B_SPLINE_CURVE_WITH_KNOTS('',1,(#10468,#10469),.UNSPECIFIED.,
  .F.,.F.,(2,2),(125.10287264028,141.37452748891),
  .PIECEWISE_BEZIER_KNOTS.);
#10468 = CARTESIAN_POINT('',(273.72834515136,19.999732700706));
#10469 = CARTESIAN_POINT('',(290.,19.999732700706));
#10470 = ( GEOMETRIC_REPRESENTATION_CONTEXT(2) 
PARAMETRIC_REPRESENTATION_CONTEXT() REPRESENTATION_CONTEXT('2D SPACE',''
  ) );
#10471 = PCURVE('',#10472,#10477);
#10472 = PLANE('',#10473);
#10473 = AXIS2_PLACEMENT_3D('',#10474,#10475,#10476);
#10474 = CARTESIAN_POINT('',(117.66656516295,329.77983005625,
    1.110223024625E-15));
#10475 = DIRECTION('',(0.951056516295,-0.309016994375,1.110223024625E-16
    ));
#10476 = DIRECTION('',(0.309016994375,0.951056516295,0.));
#10477 = DEFINITIONAL_REPRESENTATION('',(#10478),#10481);
#10478 = B_SPLINE_CURVE_WITH_KNOTS('',1,(#10479,#10480),.UNSPECIFIED.,
  .F.,.F.,(2,2),(125.10287264028,141.37452748891),
  .PIECEWISE_BEZIER_KNOTS.);
#10479 = CARTESIAN_POINT('',(-25.,15.859741858771));
#10480 = CARTESIAN_POINT('',(-8.790263710615,17.277910022837));
#10481 = ( GEOMETRIC_REPRESENTATION_CONTEXT(2) 
PARAMETRIC_REPRESENTATION_CONTEXT() REPRESENTATION_CONTEXT('2D SPACE',''
  ) );
#10482 = ORIENTED_EDGE('',*,*,#10483,.F.);
#10483 = EDGE_CURVE('',#10484,#10458,#10486,.T.);
#10484 = VERTEX_POINT('',#10485);
#10485 = CARTESIAN_POINT('',(92.813462463859,318.01120458152,
    16.395814730107));
#10486 = SURFACE_CURVE('',#10487,(#10491,#10497),.PCURVE_S1.);
#10487 = LINE('',#10488,#10489);
#10488 = CARTESIAN_POINT('',(92.813462463859,318.01120458152,
    16.395814730107));
#10489 = VECTOR('',#10490,1.);
#10490 = DIRECTION('',(0.951056516295,-0.309016994375,1.110223024625E-16
    ));
#10491 = PCURVE('',#8372,#10492);
#10492 = DEFINITIONAL_REPRESENTATION('',(#10493),#10496);
#10493 = B_SPLINE_CURVE_WITH_KNOTS('',1,(#10494,#10495),.UNSPECIFIED.,
  .F.,.F.,(2,2),(-5.999999974059E-07,20.0000006),
  .PIECEWISE_BEZIER_KNOTS.);
#10494 = CARTESIAN_POINT('',(279.87909155585,39.999733300706));
#10495 = CARTESIAN_POINT('',(279.87909155585,19.999732100706));
#10496 = ( GEOMETRIC_REPRESENTATION_CONTEXT(2) 
PARAMETRIC_REPRESENTATION_CONTEXT() REPRESENTATION_CONTEXT('2D SPACE',''
  ) );
#10497 = PCURVE('',#10498,#10503);
#10498 = CYLINDRICAL_SURFACE('',#10499,25.);
#10499 = AXIS2_PLACEMENT_3D('',#10500,#10501,#10502);
#10500 = CARTESIAN_POINT('',(98.645434837048,335.96016994374,
    -1.110223024625E-15));
#10501 = DIRECTION('',(0.951056516295,-0.309016994375,1.110223024625E-16
    ));
#10502 = DIRECTION('',(0.309016994375,0.951056516295,0.));
#10503 = DEFINITIONAL_REPRESENTATION('',(#10504),#10507);
#10504 = B_SPLINE_CURVE_WITH_KNOTS('',1,(#10505,#10506),.UNSPECIFIED.,
  .F.,.F.,(2,2),(3.944304526105E-31,20.),.PIECEWISE_BEZIER_KNOTS.);
#10505 = CARTESIAN_POINT('',(2.426307656819,4.484836361186E-15));
#10506 = CARTESIAN_POINT('',(2.426307656819,20.));
#10507 = ( GEOMETRIC_REPRESENTATION_CONTEXT(2) 
PARAMETRIC_REPRESENTATION_CONTEXT() REPRESENTATION_CONTEXT('2D SPACE',''
  ) );
#10508 = ORIENTED_EDGE('',*,*,#10509,.T.);
#10509 = EDGE_CURVE('',#10484,#10510,#10512,.T.);
#10510 = VERTEX_POINT('',#10511);
#10511 = CARTESIAN_POINT('',(95.929093965431,327.60013236181,
    17.277910022837));
#10512 = SURFACE_CURVE('',#10513,(#10517,#10523),.PCURVE_S1.);
#10513 = LINE('',#10514,#10515);
#10514 = CARTESIAN_POINT('',(52.408205124743,193.65660925359,
    4.956308073942));
#10515 = VECTOR('',#10516,1.);
#10516 = DIRECTION('',(0.307841091417,0.947437459119,8.715574274766E-02)
  );
#10517 = PCURVE('',#8372,#10518);
#10518 = DEFINITIONAL_REPRESENTATION('',(#10519),#10522);
#10519 = B_SPLINE_CURVE_WITH_KNOTS('',1,(#10520,#10521),.UNSPECIFIED.,
  .F.,.F.,(2,2),(125.10287264028,141.37452748891),
  .PIECEWISE_BEZIER_KNOTS.);
#10520 = CARTESIAN_POINT('',(273.72834515136,39.999732700706));
#10521 = CARTESIAN_POINT('',(290.,39.999732700706));
#10522 = ( GEOMETRIC_REPRESENTATION_CONTEXT(2) 
PARAMETRIC_REPRESENTATION_CONTEXT() REPRESENTATION_CONTEXT('2D SPACE',''
  ) );
#10523 = PCURVE('',#10524,#10529);
#10524 = PLANE('',#10525);
#10525 = AXIS2_PLACEMENT_3D('',#10526,#10527,#10528);
#10526 = CARTESIAN_POINT('',(98.645434837048,335.96016994374,
    -1.110223024625E-15));
#10527 = DIRECTION('',(0.951056516295,-0.309016994375,1.110223024625E-16
    ));
#10528 = DIRECTION('',(0.309016994375,0.951056516295,0.));
#10529 = DEFINITIONAL_REPRESENTATION('',(#10530),#10533);
#10530 = B_SPLINE_CURVE_WITH_KNOTS('',1,(#10531,#10532),.UNSPECIFIED.,
  .F.,.F.,(2,2),(125.10287264028,141.37452748891),
  .PIECEWISE_BEZIER_KNOTS.);
#10531 = CARTESIAN_POINT('',(-25.,15.859741858771));
#10532 = CARTESIAN_POINT('',(-8.790263710615,17.277910022837));
#10533 = ( GEOMETRIC_REPRESENTATION_CONTEXT(2) 
PARAMETRIC_REPRESENTATION_CONTEXT() REPRESENTATION_CONTEXT('2D SPACE',''
  ) );
#10534 = ORIENTED_EDGE('',*,*,#10535,.T.);
#10535 = EDGE_CURVE('',#10510,#10536,#10538,.T.);
#10536 = VERTEX_POINT('',#10537);
#10537 = CARTESIAN_POINT('',(86.418274585745,330.69038490559,
    17.277910022837));
#10538 = SURFACE_CURVE('',#10539,(#10543,#10550),.PCURVE_S1.);
#10539 = LINE('',#10540,#10541);
#10540 = CARTESIAN_POINT('',(133.9711004005,315.23953518684,
    17.277910022837));
#10541 = VECTOR('',#10542,1.);
#10542 = DIRECTION('',(-0.951056516295,0.309016994375,0.));
#10543 = PCURVE('',#8372,#10544);
#10544 = DEFINITIONAL_REPRESENTATION('',(#10545),#10549);
#10545 = LINE('',#10546,#10547);
#10546 = CARTESIAN_POINT('',(290.,0.));
#10547 = VECTOR('',#10548,1.);
#10548 = DIRECTION('',(-5.551115123126E-17,1.));
#10549 = ( GEOMETRIC_REPRESENTATION_CONTEXT(2) 
PARAMETRIC_REPRESENTATION_CONTEXT() REPRESENTATION_CONTEXT('2D SPACE',''
  ) );
#10550 = PCURVE('',#10445,#10551);
#10551 = DEFINITIONAL_REPRESENTATION('',(#10552),#10556);
#10552 = LINE('',#10553,#10554);
#10553 = CARTESIAN_POINT('',(1.570796326795,0.));
#10554 = VECTOR('',#10555,1.);
#10555 = DIRECTION('',(0.,1.));
#10556 = ( GEOMETRIC_REPRESENTATION_CONTEXT(2) 
PARAMETRIC_REPRESENTATION_CONTEXT() REPRESENTATION_CONTEXT('2D SPACE',''
  ) );
#10557 = ORIENTED_EDGE('',*,*,#10558,.F.);
#10558 = EDGE_CURVE('',#8357,#10536,#10559,.T.);
#10559 = SURFACE_CURVE('',#10560,(#10564,#10571),.PCURVE_S1.);
#10560 = LINE('',#10561,#10562);
#10561 = CARTESIAN_POINT('',(-2.855641925061,55.933521761127,
    -7.997255373984));
#10562 = VECTOR('',#10563,1.);
#10563 = DIRECTION('',(0.307841091417,0.947437459119,8.715574274766E-02)
  );
#10564 = PCURVE('',#8372,#10565);
#10565 = DEFINITIONAL_REPRESENTATION('',(#10566),#10570);
#10566 = LINE('',#10567,#10568);
#10567 = CARTESIAN_POINT('',(7.105427357601E-15,50.));
#10568 = VECTOR('',#10569,1.);
#10569 = DIRECTION('',(1.,-5.551115123126E-17));
#10570 = ( GEOMETRIC_REPRESENTATION_CONTEXT(2) 
PARAMETRIC_REPRESENTATION_CONTEXT() REPRESENTATION_CONTEXT('2D SPACE',''
  ) );
#10571 = PCURVE('',#10314,#10572);
#10572 = DEFINITIONAL_REPRESENTATION('',(#10573),#10577);
#10573 = LINE('',#10574,#10575);
#10574 = CARTESIAN_POINT('',(-1.570796326795,0.));
#10575 = VECTOR('',#10576,1.);
#10576 = DIRECTION('',(-0.,1.));
#10577 = ( GEOMETRIC_REPRESENTATION_CONTEXT(2) 
PARAMETRIC_REPRESENTATION_CONTEXT() REPRESENTATION_CONTEXT('2D SPACE',''
  ) );
#10578 = ADVANCED_FACE('',(#10579),#8423,.T.);
#10579 = FACE_BOUND('',#10580,.F.);
#10580 = EDGE_LOOP('',(#10581,#10582,#10583,#10608));
#10581 = ORIENTED_EDGE('',*,*,#8409,.F.);
#10582 = ORIENTED_EDGE('',*,*,#8469,.T.);
#10583 = ORIENTED_EDGE('',*,*,#10584,.T.);
#10584 = EDGE_CURVE('',#8470,#10225,#10585,.T.);
#10585 = SURFACE_CURVE('',#10586,(#10591,#10597),.PCURVE_S1.);
#10586 = CIRCLE('',#10587,10.);
#10587 = AXIS2_PLACEMENT_3D('',#10588,#10589,#10590);
#10588 = CARTESIAN_POINT('',(123.65255706755,315.84300401841,
    47.16375096559));
#10589 = DIRECTION('',(0.307841091417,0.947437459119,8.715574274766E-02)
  );
#10590 = DIRECTION('',(0.951056516295,-0.309016994375,
    -1.561251128379E-16));
#10591 = PCURVE('',#8423,#10592);
#10592 = DEFINITIONAL_REPRESENTATION('',(#10593),#10596);
#10593 = B_SPLINE_CURVE_WITH_KNOTS('',1,(#10594,#10595),.UNSPECIFIED.,
  .F.,.F.,(2,2),(4.712388980385,6.28318530718),
  .PIECEWISE_BEZIER_KNOTS.);
#10594 = CARTESIAN_POINT('',(-1.570796326795,290.));
#10595 = CARTESIAN_POINT('',(0.,290.));
#10596 = ( GEOMETRIC_REPRESENTATION_CONTEXT(2) 
PARAMETRIC_REPRESENTATION_CONTEXT() REPRESENTATION_CONTEXT('2D SPACE',''
  ) );
#10597 = PCURVE('',#10598,#10603);
#10598 = SPHERICAL_SURFACE('',#10599,10.);
#10599 = AXIS2_PLACEMENT_3D('',#10600,#10601,#10602);
#10600 = CARTESIAN_POINT('',(123.65255706755,315.84300401841,
    47.16375096559));
#10601 = DIRECTION('',(2.69326056664E-02,8.28900370727E-02,
    -0.996194698092));
#10602 = DIRECTION('',(0.307841091417,0.947437459119,8.715574274766E-02)
  );
#10603 = DEFINITIONAL_REPRESENTATION('',(#10604),#10607);
#10604 = B_SPLINE_CURVE_WITH_KNOTS('',1,(#10605,#10606),.UNSPECIFIED.,
  .F.,.F.,(2,2),(4.712388980385,6.28318530718),
  .PIECEWISE_BEZIER_KNOTS.);
#10605 = CARTESIAN_POINT('',(1.570796326795,-1.570796326795));
#10606 = CARTESIAN_POINT('',(1.570796326795,0.));
#10607 = ( GEOMETRIC_REPRESENTATION_CONTEXT(2) 
PARAMETRIC_REPRESENTATION_CONTEXT() REPRESENTATION_CONTEXT('2D SPACE',''
  ) );
#10608 = ORIENTED_EDGE('',*,*,#10224,.F.);
#10609 = ADVANCED_FACE('',(#10610),#8453,.T.);
#10610 = FACE_BOUND('',#10611,.T.);
#10611 = EDGE_LOOP('',(#10612,#10613,#10614,#10639));
#10612 = ORIENTED_EDGE('',*,*,#8439,.T.);
#10613 = ORIENTED_EDGE('',*,*,#8520,.T.);
#10614 = ORIENTED_EDGE('',*,*,#10615,.F.);
#10615 = EDGE_CURVE('',#10331,#8493,#10616,.T.);
#10616 = SURFACE_CURVE('',#10617,(#10622,#10628),.PCURVE_S1.);
#10617 = CIRCLE('',#10618,10.);
#10618 = AXIS2_PLACEMENT_3D('',#10619,#10620,#10621);
#10619 = CARTESIAN_POINT('',(85.610296415753,328.2036837934,
    47.16375096559));
#10620 = DIRECTION('',(0.307841091417,0.947437459119,8.715574274765E-02)
  );
#10621 = DIRECTION('',(-2.69326056664E-02,-8.28900370727E-02,
    0.996194698092));
#10622 = PCURVE('',#8453,#10623);
#10623 = DEFINITIONAL_REPRESENTATION('',(#10624),#10627);
#10624 = B_SPLINE_CURVE_WITH_KNOTS('',1,(#10625,#10626),.UNSPECIFIED.,
  .F.,.F.,(2,2),(4.712388980385,6.28318530718),
  .PIECEWISE_BEZIER_KNOTS.);
#10625 = CARTESIAN_POINT('',(0.,290.));
#10626 = CARTESIAN_POINT('',(1.570796326795,290.));
#10627 = ( GEOMETRIC_REPRESENTATION_CONTEXT(2) 
PARAMETRIC_REPRESENTATION_CONTEXT() REPRESENTATION_CONTEXT('2D SPACE',''
  ) );
#10628 = PCURVE('',#10629,#10634);
#10629 = SPHERICAL_SURFACE('',#10630,10.);
#10630 = AXIS2_PLACEMENT_3D('',#10631,#10632,#10633);
#10631 = CARTESIAN_POINT('',(85.610296415753,328.2036837934,
    47.16375096559));
#10632 = DIRECTION('',(0.951056516295,-0.309016994375,
    -3.469446951954E-18));
#10633 = DIRECTION('',(0.307841091417,0.947437459119,8.715574274766E-02)
  );
#10634 = DEFINITIONAL_REPRESENTATION('',(#10635),#10638);
#10635 = B_SPLINE_CURVE_WITH_KNOTS('',1,(#10636,#10637),.UNSPECIFIED.,
  .F.,.F.,(2,2),(4.712388980385,6.28318530718),
  .PIECEWISE_BEZIER_KNOTS.);
#10636 = CARTESIAN_POINT('',(1.570796326795,-1.570796326795));
#10637 = CARTESIAN_POINT('',(1.570796326795,0.));
#10638 = ( GEOMETRIC_REPRESENTATION_CONTEXT(2) 
PARAMETRIC_REPRESENTATION_CONTEXT() REPRESENTATION_CONTEXT('2D SPACE',''
  ) );
#10639 = ORIENTED_EDGE('',*,*,#10330,.F.);
#10640 = ADVANCED_FACE('',(#10641),#8508,.T.);
#10641 = FACE_BOUND('',#10642,.F.);
#10642 = EDGE_LOOP('',(#10643,#10665,#10666,#10690));
#10643 = ORIENTED_EDGE('',*,*,#10644,.F.);
#10644 = EDGE_CURVE('',#8470,#10645,#10647,.T.);
#10645 = VERTEX_POINT('',#10646);
#10646 = CARTESIAN_POINT('',(126.73096798172,325.3173786096,
    48.035308393066));
#10647 = SURFACE_CURVE('',#10648,(#10653,#10659),.PCURVE_S1.);
#10648 = CIRCLE('',#10649,10.);
#10649 = AXIS2_PLACEMENT_3D('',#10650,#10651,#10652);
#10650 = CARTESIAN_POINT('',(123.65255706755,315.84300401841,
    47.16375096559));
#10651 = DIRECTION('',(-0.951056516295,0.309016994375,3.122502256758E-17
    ));
#10652 = DIRECTION('',(0.307841091417,0.947437459119,8.715574274766E-02)
  );
#10653 = PCURVE('',#8508,#10654);
#10654 = DEFINITIONAL_REPRESENTATION('',(#10655),#10658);
#10655 = B_SPLINE_CURVE_WITH_KNOTS('',1,(#10656,#10657),.UNSPECIFIED.,
  .F.,.F.,(2,2),(4.712388980385,6.28318530718),
  .PIECEWISE_BEZIER_KNOTS.);
#10656 = CARTESIAN_POINT('',(-1.570796326795,10.));
#10657 = CARTESIAN_POINT('',(0.,10.));
#10658 = ( GEOMETRIC_REPRESENTATION_CONTEXT(2) 
PARAMETRIC_REPRESENTATION_CONTEXT() REPRESENTATION_CONTEXT('2D SPACE',''
  ) );
#10659 = PCURVE('',#10598,#10660);
#10660 = DEFINITIONAL_REPRESENTATION('',(#10661),#10664);
#10661 = B_SPLINE_CURVE_WITH_KNOTS('',1,(#10662,#10663),.UNSPECIFIED.,
  .F.,.F.,(2,2),(4.712388980385,6.28318530718),
  .PIECEWISE_BEZIER_KNOTS.);
#10662 = CARTESIAN_POINT('',(0.,-1.570796326795));
#10663 = CARTESIAN_POINT('',(0.,0.));
#10664 = ( GEOMETRIC_REPRESENTATION_CONTEXT(2) 
PARAMETRIC_REPRESENTATION_CONTEXT() REPRESENTATION_CONTEXT('2D SPACE',''
  ) );
#10665 = ORIENTED_EDGE('',*,*,#8492,.T.);
#10666 = ORIENTED_EDGE('',*,*,#10667,.F.);
#10667 = EDGE_CURVE('',#10668,#8493,#10670,.T.);
#10668 = VERTEX_POINT('',#10669);
#10669 = CARTESIAN_POINT('',(88.688707329918,337.67805838459,
    48.035308393066));
#10670 = SURFACE_CURVE('',#10671,(#10676,#10683),.PCURVE_S1.);
#10671 = CIRCLE('',#10672,10.);
#10672 = AXIS2_PLACEMENT_3D('',#10673,#10674,#10675);
#10673 = CARTESIAN_POINT('',(85.610296415753,328.2036837934,
    47.16375096559));
#10674 = DIRECTION('',(0.951056516295,-0.309016994375,
    -6.938893903907E-18));
#10675 = DIRECTION('',(0.307841091417,0.947437459119,8.715574274766E-02)
  );
#10676 = PCURVE('',#8508,#10677);
#10677 = DEFINITIONAL_REPRESENTATION('',(#10678),#10682);
#10678 = LINE('',#10679,#10680);
#10679 = CARTESIAN_POINT('',(-0.,50.));
#10680 = VECTOR('',#10681,1.);
#10681 = DIRECTION('',(-1.,0.));
#10682 = ( GEOMETRIC_REPRESENTATION_CONTEXT(2) 
PARAMETRIC_REPRESENTATION_CONTEXT() REPRESENTATION_CONTEXT('2D SPACE',''
  ) );
#10683 = PCURVE('',#10629,#10684);
#10684 = DEFINITIONAL_REPRESENTATION('',(#10685),#10689);
#10685 = LINE('',#10686,#10687);
#10686 = CARTESIAN_POINT('',(0.,0.));
#10687 = VECTOR('',#10688,1.);
#10688 = DIRECTION('',(1.,0.));
#10689 = ( GEOMETRIC_REPRESENTATION_CONTEXT(2) 
PARAMETRIC_REPRESENTATION_CONTEXT() REPRESENTATION_CONTEXT('2D SPACE',''
  ) );
#10690 = ORIENTED_EDGE('',*,*,#10691,.F.);
#10691 = EDGE_CURVE('',#10645,#10668,#10692,.T.);
#10692 = SURFACE_CURVE('',#10693,(#10697,#10704),.PCURVE_S1.);
#10693 = LINE('',#10694,#10695);
#10694 = CARTESIAN_POINT('',(136.24153314467,322.22720866585,
    48.035308393066));
#10695 = VECTOR('',#10696,1.);
#10696 = DIRECTION('',(-0.951056516295,0.309016994375,0.));
#10697 = PCURVE('',#8508,#10698);
#10698 = DEFINITIONAL_REPRESENTATION('',(#10699),#10703);
#10699 = LINE('',#10700,#10701);
#10700 = CARTESIAN_POINT('',(-0.,0.));
#10701 = VECTOR('',#10702,1.);
#10702 = DIRECTION('',(-0.,1.));
#10703 = ( GEOMETRIC_REPRESENTATION_CONTEXT(2) 
PARAMETRIC_REPRESENTATION_CONTEXT() REPRESENTATION_CONTEXT('2D SPACE',''
  ) );
#10704 = PCURVE('',#10705,#10710);
#10705 = PLANE('',#10706);
#10706 = AXIS2_PLACEMENT_3D('',#10707,#10708,#10709);
#10707 = CARTESIAN_POINT('',(137.04951131466,324.71390977803,
    18.149467450314));
#10708 = DIRECTION('',(0.307841091417,0.947437459119,8.715574274766E-02)
  );
#10709 = DIRECTION('',(-2.69326056664E-02,-8.28900370727E-02,
    0.996194698092));
#10710 = DEFINITIONAL_REPRESENTATION('',(#10711),#10715);
#10711 = LINE('',#10712,#10713);
#10712 = CARTESIAN_POINT('',(30.,1.42108547152E-14));
#10713 = VECTOR('',#10714,1.);
#10714 = DIRECTION('',(-3.469446951954E-18,-1.));
#10715 = ( GEOMETRIC_REPRESENTATION_CONTEXT(2) 
PARAMETRIC_REPRESENTATION_CONTEXT() REPRESENTATION_CONTEXT('2D SPACE',''
  ) );
#10716 = ADVANCED_FACE('',(#10717),#8562,.T.);
#10717 = FACE_BOUND('',#10718,.T.);
#10718 = EDGE_LOOP('',(#10719,#10720,#10745));
#10719 = ORIENTED_EDGE('',*,*,#8708,.F.);
#10720 = ORIENTED_EDGE('',*,*,#10721,.T.);
#10721 = EDGE_CURVE('',#8709,#8546,#10722,.T.);
#10722 = SURFACE_CURVE('',#10723,(#10728,#10734),.PCURVE_S1.);
#10723 = CIRCLE('',#10724,10.);
#10724 = AXIS2_PLACEMENT_3D('',#10725,#10726,#10727);
#10725 = CARTESIAN_POINT('',(-37.92101805981,52.272831216856,
    2.83624903441));
#10726 = DIRECTION('',(0.805938440462,-0.58554855195,-8.715574274766E-02
    ));
#10727 = DIRECTION('',(0.587785252292,0.809016994375,-7.632783294298E-17
    ));
#10728 = PCURVE('',#8562,#10729);
#10729 = DEFINITIONAL_REPRESENTATION('',(#10730),#10733);
#10730 = B_SPLINE_CURVE_WITH_KNOTS('',1,(#10731,#10732),.UNSPECIFIED.,
  .F.,.F.,(2,2),(4.712388980385,6.28318530718),
  .PIECEWISE_BEZIER_KNOTS.);
#10731 = CARTESIAN_POINT('',(1.570796326795,-1.570796326795));
#10732 = CARTESIAN_POINT('',(1.570796326795,0.));
#10733 = ( GEOMETRIC_REPRESENTATION_CONTEXT(2) 
PARAMETRIC_REPRESENTATION_CONTEXT() REPRESENTATION_CONTEXT('2D SPACE',''
  ) );
#10734 = PCURVE('',#10735,#10740);
#10735 = CYLINDRICAL_SURFACE('',#10736,10.);
#10736 = AXIS2_PLACEMENT_3D('',#10737,#10738,#10739);
#10737 = CARTESIAN_POINT('',(-29.86163365518,46.417345697354,
    1.964691606934));
#10738 = DIRECTION('',(-0.805938440462,0.58554855195,8.715574274766E-02)
  );
#10739 = DIRECTION('',(0.587785252292,0.809016994375,0.));
#10740 = DEFINITIONAL_REPRESENTATION('',(#10741),#10744);
#10741 = B_SPLINE_CURVE_WITH_KNOTS('',1,(#10742,#10743),.UNSPECIFIED.,
  .F.,.F.,(2,2),(4.712388980385,6.28318530718),
  .PIECEWISE_BEZIER_KNOTS.);
#10742 = CARTESIAN_POINT('',(1.570796326795,10.));
#10743 = CARTESIAN_POINT('',(0.,10.));
#10744 = ( GEOMETRIC_REPRESENTATION_CONTEXT(2) 
PARAMETRIC_REPRESENTATION_CONTEXT() REPRESENTATION_CONTEXT('2D SPACE',''
  ) );
#10745 = ORIENTED_EDGE('',*,*,#8545,.F.);
#10746 = ADVANCED_FACE('',(#10747),#8590,.F.);
#10747 = FACE_BOUND('',#10748,.F.);
#10748 = EDGE_LOOP('',(#10749,#10750,#10773,#10801));
#10749 = ORIENTED_EDGE('',*,*,#8574,.T.);
#10750 = ORIENTED_EDGE('',*,*,#10751,.T.);
#10751 = EDGE_CURVE('',#8575,#10752,#10754,.T.);
#10752 = VERTEX_POINT('',#10753);
#10753 = CARTESIAN_POINT('',(-256.2957193255,223.29201850189,
    47.16375096559));
#10754 = SURFACE_CURVE('',#10755,(#10759,#10766),.PCURVE_S1.);
#10755 = LINE('',#10756,#10757);
#10756 = CARTESIAN_POINT('',(-22.57357159145,53.48293843631,
    21.888585568769));
#10757 = VECTOR('',#10758,1.);
#10758 = DIRECTION('',(-0.805938440462,0.58554855195,8.715574274766E-02)
  );
#10759 = PCURVE('',#8590,#10760);
#10760 = DEFINITIONAL_REPRESENTATION('',(#10761),#10765);
#10761 = LINE('',#10762,#10763);
#10762 = CARTESIAN_POINT('',(30.,-1.42108547152E-14));
#10763 = VECTOR('',#10764,1.);
#10764 = DIRECTION('',(-2.775557561563E-17,1.));
#10765 = ( GEOMETRIC_REPRESENTATION_CONTEXT(2) 
PARAMETRIC_REPRESENTATION_CONTEXT() REPRESENTATION_CONTEXT('2D SPACE',''
  ) );
#10766 = PCURVE('',#8797,#10767);
#10767 = DEFINITIONAL_REPRESENTATION('',(#10768),#10772);
#10768 = LINE('',#10769,#10770);
#10769 = CARTESIAN_POINT('',(-0.,0.));
#10770 = VECTOR('',#10771,1.);
#10771 = DIRECTION('',(-0.,1.));
#10772 = ( GEOMETRIC_REPRESENTATION_CONTEXT(2) 
PARAMETRIC_REPRESENTATION_CONTEXT() REPRESENTATION_CONTEXT('2D SPACE',''
  ) );
#10773 = ORIENTED_EDGE('',*,*,#10774,.F.);
#10774 = EDGE_CURVE('',#10775,#10752,#10777,.T.);
#10775 = VERTEX_POINT('',#10776);
#10776 = CARTESIAN_POINT('',(-257.7059288663,224.31659570668,
    27.239857003755));
#10777 = SURFACE_CURVE('',#10778,(#10782,#10789),.PCURVE_S1.);
#10778 = LINE('',#10779,#10780);
#10779 = CARTESIAN_POINT('',(-258.4110336367,224.82888430908,
    17.277910022837));
#10780 = VECTOR('',#10781,1.);
#10781 = DIRECTION('',(7.051047704023E-02,-5.122886023967E-02,
    0.996194698092));
#10782 = PCURVE('',#8590,#10783);
#10783 = DEFINITIONAL_REPRESENTATION('',(#10784),#10788);
#10784 = LINE('',#10785,#10786);
#10785 = CARTESIAN_POINT('',(-1.06581410364E-14,290.));
#10786 = VECTOR('',#10787,1.);
#10787 = DIRECTION('',(1.,-2.775557561563E-17));
#10788 = ( GEOMETRIC_REPRESENTATION_CONTEXT(2) 
PARAMETRIC_REPRESENTATION_CONTEXT() REPRESENTATION_CONTEXT('2D SPACE',''
  ) );
#10789 = PCURVE('',#10790,#10795);
#10790 = CYLINDRICAL_SURFACE('',#10791,10.);
#10791 = AXIS2_PLACEMENT_3D('',#10792,#10793,#10794);
#10792 = CARTESIAN_POINT('',(-264.2888861596,216.73871436533,
    17.277910022837));
#10793 = DIRECTION('',(7.051047704023E-02,-5.122886023967E-02,
    0.996194698092));
#10794 = DIRECTION('',(-0.805938440462,0.58554855195,8.715574274766E-02)
  );
#10795 = DEFINITIONAL_REPRESENTATION('',(#10796),#10800);
#10796 = LINE('',#10797,#10798);
#10797 = CARTESIAN_POINT('',(-1.570796326795,0.));
#10798 = VECTOR('',#10799,1.);
#10799 = DIRECTION('',(-0.,1.));
#10800 = ( GEOMETRIC_REPRESENTATION_CONTEXT(2) 
PARAMETRIC_REPRESENTATION_CONTEXT() REPRESENTATION_CONTEXT('2D SPACE',''
  ) );
#10801 = ORIENTED_EDGE('',*,*,#10802,.F.);
#10802 = EDGE_CURVE('',#8546,#10775,#10803,.T.);
#10803 = SURFACE_CURVE('',#10804,(#10808,#10815),.PCURVE_S1.);
#10804 = LINE('',#10805,#10806);
#10805 = CARTESIAN_POINT('',(-23.98378113226,54.507515641103,
    1.964691606934));
#10806 = VECTOR('',#10807,1.);
#10807 = DIRECTION('',(-0.805938440462,0.58554855195,8.715574274766E-02)
  );
#10808 = PCURVE('',#8590,#10809);
#10809 = DEFINITIONAL_REPRESENTATION('',(#10810),#10814);
#10810 = LINE('',#10811,#10812);
#10811 = CARTESIAN_POINT('',(10.,0.));
#10812 = VECTOR('',#10813,1.);
#10813 = DIRECTION('',(-2.775557561563E-17,1.));
#10814 = ( GEOMETRIC_REPRESENTATION_CONTEXT(2) 
PARAMETRIC_REPRESENTATION_CONTEXT() REPRESENTATION_CONTEXT('2D SPACE',''
  ) );
#10815 = PCURVE('',#10735,#10816);
#10816 = DEFINITIONAL_REPRESENTATION('',(#10817),#10821);
#10817 = LINE('',#10818,#10819);
#10818 = CARTESIAN_POINT('',(0.,0.));
#10819 = VECTOR('',#10820,1.);
#10820 = DIRECTION('',(0.,1.));
#10821 = ( GEOMETRIC_REPRESENTATION_CONTEXT(2) 
PARAMETRIC_REPRESENTATION_CONTEXT() REPRESENTATION_CONTEXT('2D SPACE',''
  ) );
#10822 = ADVANCED_FACE('',(#10823),#8645,.T.);
#10823 = FACE_BOUND('',#10824,.F.);
#10824 = EDGE_LOOP('',(#10825,#10826,#10851));
#10825 = ORIENTED_EDGE('',*,*,#8758,.F.);
#10826 = ORIENTED_EDGE('',*,*,#10827,.T.);
#10827 = EDGE_CURVE('',#8731,#8629,#10828,.T.);
#10828 = SURFACE_CURVE('',#10829,(#10834,#10840),.PCURVE_S1.);
#10829 = CIRCLE('',#10830,10.);
#10830 = AXIS2_PLACEMENT_3D('',#10831,#10832,#10833);
#10831 = CARTESIAN_POINT('',(-61.43242815151,19.912151441858,
    2.83624903441));
#10832 = DIRECTION('',(-0.805938440462,0.58554855195,8.715574274766E-02)
  );
#10833 = DIRECTION('',(-0.587785252292,-0.809016994375,0.));
#10834 = PCURVE('',#8645,#10835);
#10835 = DEFINITIONAL_REPRESENTATION('',(#10836),#10839);
#10836 = B_SPLINE_CURVE_WITH_KNOTS('',1,(#10837,#10838),.UNSPECIFIED.,
  .F.,.F.,(2,2),(4.712388980385,6.28318530718),
  .PIECEWISE_BEZIER_KNOTS.);
#10837 = CARTESIAN_POINT('',(-1.570796326795,-1.570796326795));
#10838 = CARTESIAN_POINT('',(-1.570796326795,0.));
#10839 = ( GEOMETRIC_REPRESENTATION_CONTEXT(2) 
PARAMETRIC_REPRESENTATION_CONTEXT() REPRESENTATION_CONTEXT('2D SPACE',''
  ) );
#10840 = PCURVE('',#10841,#10846);
#10841 = CYLINDRICAL_SURFACE('',#10842,10.);
#10842 = AXIS2_PLACEMENT_3D('',#10843,#10844,#10845);
#10843 = CARTESIAN_POINT('',(-53.37304374688,14.056665922356,
    1.964691606934));
#10844 = DIRECTION('',(-0.805938440462,0.58554855195,8.715574274766E-02)
  );
#10845 = DIRECTION('',(-0.587785252292,-0.809016994375,0.));
#10846 = DEFINITIONAL_REPRESENTATION('',(#10847),#10850);
#10847 = B_SPLINE_CURVE_WITH_KNOTS('',1,(#10848,#10849),.UNSPECIFIED.,
  .F.,.F.,(2,2),(4.712388980385,6.28318530718),
  .PIECEWISE_BEZIER_KNOTS.);
#10848 = CARTESIAN_POINT('',(-1.570796326795,10.));
#10849 = CARTESIAN_POINT('',(0.,10.));
#10850 = ( GEOMETRIC_REPRESENTATION_CONTEXT(2) 
PARAMETRIC_REPRESENTATION_CONTEXT() REPRESENTATION_CONTEXT('2D SPACE',''
  ) );
#10851 = ORIENTED_EDGE('',*,*,#8628,.F.);
#10852 = ADVANCED_FACE('',(#10853),#8673,.T.);
#10853 = FACE_BOUND('',#10854,.T.);
#10854 = EDGE_LOOP('',(#10855,#10856,#10879,#10907));
#10855 = ORIENTED_EDGE('',*,*,#8657,.T.);
#10856 = ORIENTED_EDGE('',*,*,#10857,.T.);
#10857 = EDGE_CURVE('',#8658,#10858,#10860,.T.);
#10858 = VERTEX_POINT('',#10859);
#10859 = CARTESIAN_POINT('',(-291.5628344631,174.75099883939,
    47.16375096559));
#10860 = SURFACE_CURVE('',#10861,(#10865,#10872),.PCURVE_S1.);
#10861 = LINE('',#10862,#10863);
#10862 = CARTESIAN_POINT('',(-57.840686729,4.941918773813,
    21.888585568769));
#10863 = VECTOR('',#10864,1.);
#10864 = DIRECTION('',(-0.805938440462,0.58554855195,8.715574274766E-02)
  );
#10865 = PCURVE('',#8673,#10866);
#10866 = DEFINITIONAL_REPRESENTATION('',(#10867),#10871);
#10867 = LINE('',#10868,#10869);
#10868 = CARTESIAN_POINT('',(30.,-1.42108547152E-14));
#10869 = VECTOR('',#10870,1.);
#10870 = DIRECTION('',(-2.775557561563E-17,1.));
#10871 = ( GEOMETRIC_REPRESENTATION_CONTEXT(2) 
PARAMETRIC_REPRESENTATION_CONTEXT() REPRESENTATION_CONTEXT('2D SPACE',''
  ) );
#10872 = PCURVE('',#8827,#10873);
#10873 = DEFINITIONAL_REPRESENTATION('',(#10874),#10878);
#10874 = LINE('',#10875,#10876);
#10875 = CARTESIAN_POINT('',(0.,0.));
#10876 = VECTOR('',#10877,1.);
#10877 = DIRECTION('',(0.,1.));
#10878 = ( GEOMETRIC_REPRESENTATION_CONTEXT(2) 
PARAMETRIC_REPRESENTATION_CONTEXT() REPRESENTATION_CONTEXT('2D SPACE',''
  ) );
#10879 = ORIENTED_EDGE('',*,*,#10880,.F.);
#10880 = EDGE_CURVE('',#10881,#10858,#10883,.T.);
#10881 = VERTEX_POINT('',#10882);
#10882 = CARTESIAN_POINT('',(-292.9730440039,175.77557604418,
    27.239857003755));
#10883 = SURFACE_CURVE('',#10884,(#10888,#10895),.PCURVE_S1.);
#10884 = LINE('',#10885,#10886);
#10885 = CARTESIAN_POINT('',(-293.6781487743,176.28786464658,
    17.277910022837));
#10886 = VECTOR('',#10887,1.);
#10887 = DIRECTION('',(7.051047704023E-02,-5.122886023967E-02,
    0.996194698092));
#10888 = PCURVE('',#8673,#10889);
#10889 = DEFINITIONAL_REPRESENTATION('',(#10890),#10894);
#10890 = LINE('',#10891,#10892);
#10891 = CARTESIAN_POINT('',(-7.105427357601E-15,290.));
#10892 = VECTOR('',#10893,1.);
#10893 = DIRECTION('',(1.,-2.775557561563E-17));
#10894 = ( GEOMETRIC_REPRESENTATION_CONTEXT(2) 
PARAMETRIC_REPRESENTATION_CONTEXT() REPRESENTATION_CONTEXT('2D SPACE',''
  ) );
#10895 = PCURVE('',#10896,#10901);
#10896 = CYLINDRICAL_SURFACE('',#10897,10.);
#10897 = AXIS2_PLACEMENT_3D('',#10898,#10899,#10900);
#10898 = CARTESIAN_POINT('',(-287.8002962513,184.37803459033,
    17.277910022837));
#10899 = DIRECTION('',(7.051047704023E-02,-5.122886023967E-02,
    0.996194698092));
#10900 = DIRECTION('',(-0.805938440462,0.58554855195,8.715574274766E-02)
  );
#10901 = DEFINITIONAL_REPRESENTATION('',(#10902),#10906);
#10902 = LINE('',#10903,#10904);
#10903 = CARTESIAN_POINT('',(1.570796326795,0.));
#10904 = VECTOR('',#10905,1.);
#10905 = DIRECTION('',(0.,1.));
#10906 = ( GEOMETRIC_REPRESENTATION_CONTEXT(2) 
PARAMETRIC_REPRESENTATION_CONTEXT() REPRESENTATION_CONTEXT('2D SPACE',''
  ) );
#10907 = ORIENTED_EDGE('',*,*,#10908,.F.);
#10908 = EDGE_CURVE('',#8629,#10881,#10909,.T.);
#10909 = SURFACE_CURVE('',#10910,(#10914,#10921),.PCURVE_S1.);
#10910 = LINE('',#10911,#10912);
#10911 = CARTESIAN_POINT('',(-59.25089626981,5.966495978606,
    1.964691606934));
#10912 = VECTOR('',#10913,1.);
#10913 = DIRECTION('',(-0.805938440462,0.58554855195,8.715574274766E-02)
  );
#10914 = PCURVE('',#8673,#10915);
#10915 = DEFINITIONAL_REPRESENTATION('',(#10916),#10920);
#10916 = LINE('',#10917,#10918);
#10917 = CARTESIAN_POINT('',(10.,-7.105427357601E-15));
#10918 = VECTOR('',#10919,1.);
#10919 = DIRECTION('',(-2.775557561563E-17,1.));
#10920 = ( GEOMETRIC_REPRESENTATION_CONTEXT(2) 
PARAMETRIC_REPRESENTATION_CONTEXT() REPRESENTATION_CONTEXT('2D SPACE',''
  ) );
#10921 = PCURVE('',#10841,#10922);
#10922 = DEFINITIONAL_REPRESENTATION('',(#10923),#10927);
#10923 = LINE('',#10924,#10925);
#10924 = CARTESIAN_POINT('',(-0.,0.));
#10925 = VECTOR('',#10926,1.);
#10926 = DIRECTION('',(-0.,1.));
#10927 = ( GEOMETRIC_REPRESENTATION_CONTEXT(2) 
PARAMETRIC_REPRESENTATION_CONTEXT() REPRESENTATION_CONTEXT('2D SPACE',''
  ) );
#10928 = ADVANCED_FACE('',(#10929),#8746,.F.);
#10929 = FACE_BOUND('',#10930,.F.);
#10930 = EDGE_LOOP('',(#10931,#10932,#10955,#10983,#11009,#11035,#11061,
    #11084));
#10931 = ORIENTED_EDGE('',*,*,#8730,.F.);
#10932 = ORIENTED_EDGE('',*,*,#10933,.T.);
#10933 = EDGE_CURVE('',#8709,#10934,#10936,.T.);
#10934 = VERTEX_POINT('',#10935);
#10935 = CARTESIAN_POINT('',(-264.2888861596,216.73871436533,
    17.277910022837));
#10936 = SURFACE_CURVE('',#10937,(#10941,#10948),.PCURVE_S1.);
#10937 = LINE('',#10938,#10939);
#10938 = CARTESIAN_POINT('',(-30.56673842558,46.92963429975,
    -7.997255373984));
#10939 = VECTOR('',#10940,1.);
#10940 = DIRECTION('',(-0.805938440462,0.58554855195,8.715574274766E-02)
  );
#10941 = PCURVE('',#8746,#10942);
#10942 = DEFINITIONAL_REPRESENTATION('',(#10943),#10947);
#10943 = LINE('',#10944,#10945);
#10944 = CARTESIAN_POINT('',(0.,10.));
#10945 = VECTOR('',#10946,1.);
#10946 = DIRECTION('',(1.,0.));
#10947 = ( GEOMETRIC_REPRESENTATION_CONTEXT(2) 
PARAMETRIC_REPRESENTATION_CONTEXT() REPRESENTATION_CONTEXT('2D SPACE',''
  ) );
#10948 = PCURVE('',#10735,#10949);
#10949 = DEFINITIONAL_REPRESENTATION('',(#10950),#10954);
#10950 = LINE('',#10951,#10952);
#10951 = CARTESIAN_POINT('',(1.570796326795,0.));
#10952 = VECTOR('',#10953,1.);
#10953 = DIRECTION('',(0.,1.));
#10954 = ( GEOMETRIC_REPRESENTATION_CONTEXT(2) 
PARAMETRIC_REPRESENTATION_CONTEXT() REPRESENTATION_CONTEXT('2D SPACE',''
  ) );
#10955 = ORIENTED_EDGE('',*,*,#10956,.T.);
#10956 = EDGE_CURVE('',#10934,#10957,#10959,.T.);
#10957 = VERTEX_POINT('',#10958);
#10958 = CARTESIAN_POINT('',(-270.166793559,208.64846889062,
    17.277910022837));
#10959 = SURFACE_CURVE('',#10960,(#10964,#10971),.PCURVE_S1.);
#10960 = LINE('',#10961,#10962);
#10961 = CARTESIAN_POINT('',(-258.4110336367,224.82888430908,
    17.277910022837));
#10962 = VECTOR('',#10963,1.);
#10963 = DIRECTION('',(-0.587785252292,-0.809016994375,0.));
#10964 = PCURVE('',#8746,#10965);
#10965 = DEFINITIONAL_REPRESENTATION('',(#10966),#10970);
#10966 = LINE('',#10967,#10968);
#10967 = CARTESIAN_POINT('',(290.,1.42108547152E-14));
#10968 = VECTOR('',#10969,1.);
#10969 = DIRECTION('',(0.,1.));
#10970 = ( GEOMETRIC_REPRESENTATION_CONTEXT(2) 
PARAMETRIC_REPRESENTATION_CONTEXT() REPRESENTATION_CONTEXT('2D SPACE',''
  ) );
#10971 = PCURVE('',#10972,#10977);
#10972 = CYLINDRICAL_SURFACE('',#10973,10.);
#10973 = AXIS2_PLACEMENT_3D('',#10974,#10975,#10976);
#10974 = CARTESIAN_POINT('',(-257.7059288663,224.31659570668,
    27.239857003755));
#10975 = DIRECTION('',(-0.587785252292,-0.809016994375,0.));
#10976 = DIRECTION('',(-0.805938440462,0.58554855195,8.715574274766E-02)
  );
#10977 = DEFINITIONAL_REPRESENTATION('',(#10978),#10982);
#10978 = LINE('',#10979,#10980);
#10979 = CARTESIAN_POINT('',(1.570796326795,0.));
#10980 = VECTOR('',#10981,1.);
#10981 = DIRECTION('',(0.,1.));
#10982 = ( GEOMETRIC_REPRESENTATION_CONTEXT(2) 
PARAMETRIC_REPRESENTATION_CONTEXT() REPRESENTATION_CONTEXT('2D SPACE',''
  ) );
#10983 = ORIENTED_EDGE('',*,*,#10984,.F.);
#10984 = EDGE_CURVE('',#10985,#10957,#10987,.T.);
#10985 = VERTEX_POINT('',#10986);
#10986 = CARTESIAN_POINT('',(-262.0098358095,202.72209218644,
    16.395800825));
#10987 = SURFACE_CURVE('',#10988,(#10992,#10998),.PCURVE_S1.);
#10988 = LINE('',#10989,#10990);
#10989 = CARTESIAN_POINT('',(-156.2275684003,125.86677620481,
    4.956301698627));
#10990 = VECTOR('',#10991,1.);
#10991 = DIRECTION('',(-0.805938440462,0.58554855195,8.715574274766E-02)
  );
#10992 = PCURVE('',#8746,#10993);
#10993 = DEFINITIONAL_REPRESENTATION('',(#10994),#10997);
#10994 = B_SPLINE_CURVE_WITH_KNOTS('',1,(#10995,#10996),.UNSPECIFIED.,
  .F.,.F.,(2,2),(125.10279837194,141.37460063745),
  .PIECEWISE_BEZIER_KNOTS.);
#10995 = CARTESIAN_POINT('',(273.72819773449,20.000093361398));
#10996 = CARTESIAN_POINT('',(290.,20.000093361398));
#10997 = ( GEOMETRIC_REPRESENTATION_CONTEXT(2) 
PARAMETRIC_REPRESENTATION_CONTEXT() REPRESENTATION_CONTEXT('2D SPACE',''
  ) );
#10998 = PCURVE('',#10999,#11004);
#10999 = PLANE('',#11000);
#11000 = AXIS2_PLACEMENT_3D('',#11001,#11002,#11003);
#11001 = CARTESIAN_POINT('',(-277.278147477,213.81516994374,
    1.110223024625E-15));
#11002 = DIRECTION('',(0.587785252292,0.809016994375,1.110223024625E-16)
  );
#11003 = DIRECTION('',(-0.809016994375,0.587785252292,0.));
#11004 = DEFINITIONAL_REPRESENTATION('',(#11005),#11008);
#11005 = B_SPLINE_CURVE_WITH_KNOTS('',1,(#11006,#11007),.UNSPECIFIED.,
  .F.,.F.,(2,2),(125.10279837194,141.37460063745),
  .PIECEWISE_BEZIER_KNOTS.);
#11006 = CARTESIAN_POINT('',(-25.,15.859729010544));
#11007 = CARTESIAN_POINT('',(-8.790116854708,17.277910022837));
#11008 = ( GEOMETRIC_REPRESENTATION_CONTEXT(2) 
PARAMETRIC_REPRESENTATION_CONTEXT() REPRESENTATION_CONTEXT('2D SPACE',''
  ) );
#11009 = ORIENTED_EDGE('',*,*,#11010,.F.);
#11010 = EDGE_CURVE('',#11011,#10985,#11013,.T.);
#11011 = VERTEX_POINT('',#11012);
#11012 = CARTESIAN_POINT('',(-273.7655408553,186.54175229894,
    16.395800825));
#11013 = SURFACE_CURVE('',#11014,(#11018,#11024),.PCURVE_S1.);
#11014 = LINE('',#11015,#11016);
#11015 = CARTESIAN_POINT('',(-273.7655408553,186.54175229894,
    16.395800825));
#11016 = VECTOR('',#11017,1.);
#11017 = DIRECTION('',(0.587785252292,0.809016994375,1.110223024625E-16)
  );
#11018 = PCURVE('',#8746,#11019);
#11019 = DEFINITIONAL_REPRESENTATION('',(#11020),#11023);
#11020 = B_SPLINE_CURVE_WITH_KNOTS('',1,(#11021,#11022),.UNSPECIFIED.,
  .F.,.F.,(2,2),(-6.000000066405E-07,20.0000006),
  .PIECEWISE_BEZIER_KNOTS.);
#11021 = CARTESIAN_POINT('',(279.87893201264,40.000093961398));
#11022 = CARTESIAN_POINT('',(279.87893201264,20.000092761398));
#11023 = ( GEOMETRIC_REPRESENTATION_CONTEXT(2) 
PARAMETRIC_REPRESENTATION_CONTEXT() REPRESENTATION_CONTEXT('2D SPACE',''
  ) );
#11024 = PCURVE('',#11025,#11030);
#11025 = CYLINDRICAL_SURFACE('',#11026,25.);
#11026 = AXIS2_PLACEMENT_3D('',#11027,#11028,#11029);
#11027 = CARTESIAN_POINT('',(-289.0338525229,197.63483005625,
    -1.110223024625E-15));
#11028 = DIRECTION('',(0.587785252292,0.809016994375,1.110223024625E-16)
  );
#11029 = DIRECTION('',(-0.809016994375,0.587785252292,0.));
#11030 = DEFINITIONAL_REPRESENTATION('',(#11031),#11034);
#11031 = B_SPLINE_CURVE_WITH_KNOTS('',1,(#11032,#11033),.UNSPECIFIED.,
  .F.,.F.,(2,2),(-2.299364593838E-14,20.),.PIECEWISE_BEZIER_KNOTS.);
#11032 = CARTESIAN_POINT('',(2.426308393604,-5.186134825473E-15));
#11033 = CARTESIAN_POINT('',(2.426308393604,20.));
#11034 = ( GEOMETRIC_REPRESENTATION_CONTEXT(2) 
PARAMETRIC_REPRESENTATION_CONTEXT() REPRESENTATION_CONTEXT('2D SPACE',''
  ) );
#11035 = ORIENTED_EDGE('',*,*,#11036,.T.);
#11036 = EDGE_CURVE('',#11011,#11037,#11039,.T.);
#11037 = VERTEX_POINT('',#11038);
#11038 = CARTESIAN_POINT('',(-281.9224986049,192.46812900312,
    17.277910022837));
#11039 = SURFACE_CURVE('',#11040,(#11044,#11050),.PCURVE_S1.);
#11040 = LINE('',#11041,#11042);
#11041 = CARTESIAN_POINT('',(-167.9832734461,109.68643631731,
    4.956301698627));
#11042 = VECTOR('',#11043,1.);
#11043 = DIRECTION('',(-0.805938440462,0.58554855195,8.715574274766E-02)
  );
#11044 = PCURVE('',#8746,#11045);
#11045 = DEFINITIONAL_REPRESENTATION('',(#11046),#11049);
#11046 = B_SPLINE_CURVE_WITH_KNOTS('',1,(#11047,#11048),.UNSPECIFIED.,
  .F.,.F.,(2,2),(125.10279837194,141.37460063745),
  .PIECEWISE_BEZIER_KNOTS.);
#11047 = CARTESIAN_POINT('',(273.72819773449,40.000093361398));
#11048 = CARTESIAN_POINT('',(290.,40.000093361398));
#11049 = ( GEOMETRIC_REPRESENTATION_CONTEXT(2) 
PARAMETRIC_REPRESENTATION_CONTEXT() REPRESENTATION_CONTEXT('2D SPACE',''
  ) );
#11050 = PCURVE('',#11051,#11056);
#11051 = PLANE('',#11052);
#11052 = AXIS2_PLACEMENT_3D('',#11053,#11054,#11055);
#11053 = CARTESIAN_POINT('',(-289.0338525229,197.63483005625,
    -1.110223024625E-15));
#11054 = DIRECTION('',(0.587785252292,0.809016994375,1.110223024625E-16)
  );
#11055 = DIRECTION('',(-0.809016994375,0.587785252292,0.));
#11056 = DEFINITIONAL_REPRESENTATION('',(#11057),#11060);
#11057 = B_SPLINE_CURVE_WITH_KNOTS('',1,(#11058,#11059),.UNSPECIFIED.,
  .F.,.F.,(2,2),(125.10279837194,141.37460063745),
  .PIECEWISE_BEZIER_KNOTS.);
#11058 = CARTESIAN_POINT('',(-25.,15.859729010544));
#11059 = CARTESIAN_POINT('',(-8.790116854708,17.277910022837));
#11060 = ( GEOMETRIC_REPRESENTATION_CONTEXT(2) 
PARAMETRIC_REPRESENTATION_CONTEXT() REPRESENTATION_CONTEXT('2D SPACE',''
  ) );
#11061 = ORIENTED_EDGE('',*,*,#11062,.T.);
#11062 = EDGE_CURVE('',#11037,#11063,#11065,.T.);
#11063 = VERTEX_POINT('',#11064);
#11064 = CARTESIAN_POINT('',(-287.8002962513,184.37803459033,
    17.277910022837));
#11065 = SURFACE_CURVE('',#11066,(#11070,#11077),.PCURVE_S1.);
#11066 = LINE('',#11067,#11068);
#11067 = CARTESIAN_POINT('',(-258.4110336367,224.82888430908,
    17.277910022837));
#11068 = VECTOR('',#11069,1.);
#11069 = DIRECTION('',(-0.587785252292,-0.809016994375,0.));
#11070 = PCURVE('',#8746,#11071);
#11071 = DEFINITIONAL_REPRESENTATION('',(#11072),#11076);
#11072 = LINE('',#11073,#11074);
#11073 = CARTESIAN_POINT('',(290.,1.42108547152E-14));
#11074 = VECTOR('',#11075,1.);
#11075 = DIRECTION('',(0.,1.));
#11076 = ( GEOMETRIC_REPRESENTATION_CONTEXT(2) 
PARAMETRIC_REPRESENTATION_CONTEXT() REPRESENTATION_CONTEXT('2D SPACE',''
  ) );
#11077 = PCURVE('',#10972,#11078);
#11078 = DEFINITIONAL_REPRESENTATION('',(#11079),#11083);
#11079 = LINE('',#11080,#11081);
#11080 = CARTESIAN_POINT('',(1.570796326795,0.));
#11081 = VECTOR('',#11082,1.);
#11082 = DIRECTION('',(0.,1.));
#11083 = ( GEOMETRIC_REPRESENTATION_CONTEXT(2) 
PARAMETRIC_REPRESENTATION_CONTEXT() REPRESENTATION_CONTEXT('2D SPACE',''
  ) );
#11084 = ORIENTED_EDGE('',*,*,#11085,.F.);
#11085 = EDGE_CURVE('',#8731,#11063,#11086,.T.);
#11086 = SURFACE_CURVE('',#11087,(#11091,#11098),.PCURVE_S1.);
#11087 = LINE('',#11088,#11089);
#11088 = CARTESIAN_POINT('',(-54.07814851728,14.568954524752,
    -7.997255373984));
#11089 = VECTOR('',#11090,1.);
#11090 = DIRECTION('',(-0.805938440462,0.58554855195,8.715574274766E-02)
  );
#11091 = PCURVE('',#8746,#11092);
#11092 = DEFINITIONAL_REPRESENTATION('',(#11093),#11097);
#11093 = LINE('',#11094,#11095);
#11094 = CARTESIAN_POINT('',(-7.105427357601E-15,50.));
#11095 = VECTOR('',#11096,1.);
#11096 = DIRECTION('',(1.,0.));
#11097 = ( GEOMETRIC_REPRESENTATION_CONTEXT(2) 
PARAMETRIC_REPRESENTATION_CONTEXT() REPRESENTATION_CONTEXT('2D SPACE',''
  ) );
#11098 = PCURVE('',#10841,#11099);
#11099 = DEFINITIONAL_REPRESENTATION('',(#11100),#11104);
#11100 = LINE('',#11101,#11102);
#11101 = CARTESIAN_POINT('',(-1.570796326795,0.));
#11102 = VECTOR('',#11103,1.);
#11103 = DIRECTION('',(-0.,1.));
#11104 = ( GEOMETRIC_REPRESENTATION_CONTEXT(2) 
PARAMETRIC_REPRESENTATION_CONTEXT() REPRESENTATION_CONTEXT('2D SPACE',''
  ) );
#11105 = ADVANCED_FACE('',(#11106),#8797,.T.);
#11106 = FACE_BOUND('',#11107,.F.);
#11107 = EDGE_LOOP('',(#11108,#11109,#11110,#11135));
#11108 = ORIENTED_EDGE('',*,*,#8783,.F.);
#11109 = ORIENTED_EDGE('',*,*,#8843,.T.);
#11110 = ORIENTED_EDGE('',*,*,#11111,.T.);
#11111 = EDGE_CURVE('',#8844,#10752,#11112,.T.);
#11112 = SURFACE_CURVE('',#11113,(#11118,#11124),.PCURVE_S1.);
#11113 = CIRCLE('',#11114,10.);
#11114 = AXIS2_PLACEMENT_3D('',#11115,#11116,#11117);
#11115 = CARTESIAN_POINT('',(-262.1735718484,215.20184855814,
    47.16375096559));
#11116 = DIRECTION('',(-0.805938440462,0.58554855195,8.715574274766E-02)
  );
#11117 = DIRECTION('',(0.587785252292,0.809016994375,8.049116928532E-16)
  );
#11118 = PCURVE('',#8797,#11119);
#11119 = DEFINITIONAL_REPRESENTATION('',(#11120),#11123);
#11120 = B_SPLINE_CURVE_WITH_KNOTS('',1,(#11121,#11122),.UNSPECIFIED.,
  .F.,.F.,(2,2),(4.712388980385,6.28318530718),
  .PIECEWISE_BEZIER_KNOTS.);
#11121 = CARTESIAN_POINT('',(-1.570796326795,290.));
#11122 = CARTESIAN_POINT('',(0.,290.));
#11123 = ( GEOMETRIC_REPRESENTATION_CONTEXT(2) 
PARAMETRIC_REPRESENTATION_CONTEXT() REPRESENTATION_CONTEXT('2D SPACE',''
  ) );
#11124 = PCURVE('',#11125,#11130);
#11125 = SPHERICAL_SURFACE('',#11126,10.);
#11126 = AXIS2_PLACEMENT_3D('',#11127,#11128,#11129);
#11127 = CARTESIAN_POINT('',(-262.1735718484,215.20184855814,
    47.16375096559));
#11128 = DIRECTION('',(-7.051047704023E-02,5.122886023967E-02,
    -0.996194698092));
#11129 = DIRECTION('',(-0.805938440462,0.58554855195,8.715574274766E-02)
  );
#11130 = DEFINITIONAL_REPRESENTATION('',(#11131),#11134);
#11131 = B_SPLINE_CURVE_WITH_KNOTS('',1,(#11132,#11133),.UNSPECIFIED.,
  .F.,.F.,(2,2),(4.712388980385,6.28318530718),
  .PIECEWISE_BEZIER_KNOTS.);
#11132 = CARTESIAN_POINT('',(1.570796326795,-1.570796326795));
#11133 = CARTESIAN_POINT('',(1.570796326795,0.));
#11134 = ( GEOMETRIC_REPRESENTATION_CONTEXT(2) 
PARAMETRIC_REPRESENTATION_CONTEXT() REPRESENTATION_CONTEXT('2D SPACE',''
  ) );
#11135 = ORIENTED_EDGE('',*,*,#10751,.F.);
#11136 = ADVANCED_FACE('',(#11137),#8827,.T.);
#11137 = FACE_BOUND('',#11138,.T.);
#11138 = EDGE_LOOP('',(#11139,#11140,#11141,#11166));
#11139 = ORIENTED_EDGE('',*,*,#8813,.T.);
#11140 = ORIENTED_EDGE('',*,*,#8894,.T.);
#11141 = ORIENTED_EDGE('',*,*,#11142,.F.);
#11142 = EDGE_CURVE('',#10858,#8867,#11143,.T.);
#11143 = SURFACE_CURVE('',#11144,(#11149,#11155),.PCURVE_S1.);
#11144 = CIRCLE('',#11145,10.);
#11145 = AXIS2_PLACEMENT_3D('',#11146,#11147,#11148);
#11146 = CARTESIAN_POINT('',(-285.6849819401,182.84116878314,
    47.16375096559));
#11147 = DIRECTION('',(-0.805938440462,0.58554855195,8.715574274765E-02)
  );
#11148 = DIRECTION('',(7.051047704022E-02,-5.122886023967E-02,
    0.996194698092));
#11149 = PCURVE('',#8827,#11150);
#11150 = DEFINITIONAL_REPRESENTATION('',(#11151),#11154);
#11151 = B_SPLINE_CURVE_WITH_KNOTS('',1,(#11152,#11153),.UNSPECIFIED.,
  .F.,.F.,(2,2),(4.712388980385,6.28318530718),
  .PIECEWISE_BEZIER_KNOTS.);
#11152 = CARTESIAN_POINT('',(0.,290.));
#11153 = CARTESIAN_POINT('',(1.570796326795,290.));
#11154 = ( GEOMETRIC_REPRESENTATION_CONTEXT(2) 
PARAMETRIC_REPRESENTATION_CONTEXT() REPRESENTATION_CONTEXT('2D SPACE',''
  ) );
#11155 = PCURVE('',#11156,#11161);
#11156 = SPHERICAL_SURFACE('',#11157,10.);
#11157 = AXIS2_PLACEMENT_3D('',#11158,#11159,#11160);
#11158 = CARTESIAN_POINT('',(-285.6849819401,182.84116878314,
    47.16375096559));
#11159 = DIRECTION('',(0.587785252292,0.809016994375,-0.));
#11160 = DIRECTION('',(-0.805938440462,0.58554855195,8.715574274766E-02)
  );
#11161 = DEFINITIONAL_REPRESENTATION('',(#11162),#11165);
#11162 = B_SPLINE_CURVE_WITH_KNOTS('',1,(#11163,#11164),.UNSPECIFIED.,
  .F.,.F.,(2,2),(4.712388980385,6.28318530718),
  .PIECEWISE_BEZIER_KNOTS.);
#11163 = CARTESIAN_POINT('',(1.570796326795,-1.570796326795));
#11164 = CARTESIAN_POINT('',(1.570796326795,0.));
#11165 = ( GEOMETRIC_REPRESENTATION_CONTEXT(2) 
PARAMETRIC_REPRESENTATION_CONTEXT() REPRESENTATION_CONTEXT('2D SPACE',''
  ) );
#11166 = ORIENTED_EDGE('',*,*,#10857,.F.);
#11167 = ADVANCED_FACE('',(#11168),#8882,.T.);
#11168 = FACE_BOUND('',#11169,.F.);
#11169 = EDGE_LOOP('',(#11170,#11192,#11193,#11217));
#11170 = ORIENTED_EDGE('',*,*,#11171,.F.);
#11171 = EDGE_CURVE('',#8844,#11172,#11174,.T.);
#11172 = VERTEX_POINT('',#11173);
#11173 = CARTESIAN_POINT('',(-270.2329562531,221.05733407764,
    48.035308393066));
#11174 = SURFACE_CURVE('',#11175,(#11180,#11186),.PCURVE_S1.);
#11175 = CIRCLE('',#11176,10.);
#11176 = AXIS2_PLACEMENT_3D('',#11177,#11178,#11179);
#11177 = CARTESIAN_POINT('',(-262.1735718484,215.20184855814,
    47.16375096559));
#11178 = DIRECTION('',(-0.587785252292,-0.809016994375,
    -1.318389841742E-16));
#11179 = DIRECTION('',(-0.805938440462,0.58554855195,8.715574274766E-02)
  );
#11180 = PCURVE('',#8882,#11181);
#11181 = DEFINITIONAL_REPRESENTATION('',(#11182),#11185);
#11182 = B_SPLINE_CURVE_WITH_KNOTS('',1,(#11183,#11184),.UNSPECIFIED.,
  .F.,.F.,(2,2),(4.712388980385,6.28318530718),
  .PIECEWISE_BEZIER_KNOTS.);
#11183 = CARTESIAN_POINT('',(-1.570796326795,10.));
#11184 = CARTESIAN_POINT('',(0.,10.));
#11185 = ( GEOMETRIC_REPRESENTATION_CONTEXT(2) 
PARAMETRIC_REPRESENTATION_CONTEXT() REPRESENTATION_CONTEXT('2D SPACE',''
  ) );
#11186 = PCURVE('',#11125,#11187);
#11187 = DEFINITIONAL_REPRESENTATION('',(#11188),#11191);
#11188 = B_SPLINE_CURVE_WITH_KNOTS('',1,(#11189,#11190),.UNSPECIFIED.,
  .F.,.F.,(2,2),(4.712388980385,6.28318530718),
  .PIECEWISE_BEZIER_KNOTS.);
#11189 = CARTESIAN_POINT('',(0.,-1.570796326795));
#11190 = CARTESIAN_POINT('',(0.,0.));
#11191 = ( GEOMETRIC_REPRESENTATION_CONTEXT(2) 
PARAMETRIC_REPRESENTATION_CONTEXT() REPRESENTATION_CONTEXT('2D SPACE',''
  ) );
#11192 = ORIENTED_EDGE('',*,*,#8866,.T.);
#11193 = ORIENTED_EDGE('',*,*,#11194,.F.);
#11194 = EDGE_CURVE('',#11195,#8867,#11197,.T.);
#11195 = VERTEX_POINT('',#11196);
#11196 = CARTESIAN_POINT('',(-293.7443663448,188.69665430264,
    48.035308393066));
#11197 = SURFACE_CURVE('',#11198,(#11203,#11210),.PCURVE_S1.);
#11198 = CIRCLE('',#11199,10.);
#11199 = AXIS2_PLACEMENT_3D('',#11200,#11201,#11202);
#11200 = CARTESIAN_POINT('',(-285.6849819401,182.84116878314,
    47.16375096559));
#11201 = DIRECTION('',(0.587785252292,0.809016994375,-6.938893903907E-18
    ));
#11202 = DIRECTION('',(-0.805938440462,0.58554855195,8.715574274766E-02)
  );
#11203 = PCURVE('',#8882,#11204);
#11204 = DEFINITIONAL_REPRESENTATION('',(#11205),#11209);
#11205 = LINE('',#11206,#11207);
#11206 = CARTESIAN_POINT('',(-0.,50.));
#11207 = VECTOR('',#11208,1.);
#11208 = DIRECTION('',(-1.,0.));
#11209 = ( GEOMETRIC_REPRESENTATION_CONTEXT(2) 
PARAMETRIC_REPRESENTATION_CONTEXT() REPRESENTATION_CONTEXT('2D SPACE',''
  ) );
#11210 = PCURVE('',#11156,#11211);
#11211 = DEFINITIONAL_REPRESENTATION('',(#11212),#11216);
#11212 = LINE('',#11213,#11214);
#11213 = CARTESIAN_POINT('',(0.,0.));
#11214 = VECTOR('',#11215,1.);
#11215 = DIRECTION('',(1.,0.));
#11216 = ( GEOMETRIC_REPRESENTATION_CONTEXT(2) 
PARAMETRIC_REPRESENTATION_CONTEXT() REPRESENTATION_CONTEXT('2D SPACE',''
  ) );
#11217 = ORIENTED_EDGE('',*,*,#11218,.F.);
#11218 = EDGE_CURVE('',#11172,#11195,#11219,.T.);
#11219 = SURFACE_CURVE('',#11220,(#11224,#11231),.PCURVE_S1.);
#11220 = LINE('',#11221,#11222);
#11221 = CARTESIAN_POINT('',(-264.3551037301,229.14750402139,
    48.035308393066));
#11222 = VECTOR('',#11223,1.);
#11223 = DIRECTION('',(-0.587785252292,-0.809016994375,0.));
#11224 = PCURVE('',#8882,#11225);
#11225 = DEFINITIONAL_REPRESENTATION('',(#11226),#11230);
#11226 = LINE('',#11227,#11228);
#11227 = CARTESIAN_POINT('',(-0.,0.));
#11228 = VECTOR('',#11229,1.);
#11229 = DIRECTION('',(-0.,1.));
#11230 = ( GEOMETRIC_REPRESENTATION_CONTEXT(2) 
PARAMETRIC_REPRESENTATION_CONTEXT() REPRESENTATION_CONTEXT('2D SPACE',''
  ) );
#11231 = PCURVE('',#11232,#11237);
#11232 = PLANE('',#11233);
#11233 = AXIS2_PLACEMENT_3D('',#11234,#11235,#11236);
#11234 = CARTESIAN_POINT('',(-266.4704180413,230.68436982858,
    18.149467450314));
#11235 = DIRECTION('',(-0.805938440462,0.58554855195,8.715574274766E-02)
  );
#11236 = DIRECTION('',(7.051047704023E-02,-5.122886023967E-02,
    0.996194698092));
#11237 = DEFINITIONAL_REPRESENTATION('',(#11238),#11242);
#11238 = LINE('',#11239,#11240);
#11239 = CARTESIAN_POINT('',(30.,5.684341886081E-14));
#11240 = VECTOR('',#11241,1.);
#11241 = DIRECTION('',(6.938893903907E-18,-1.));
#11242 = ( GEOMETRIC_REPRESENTATION_CONTEXT(2) 
PARAMETRIC_REPRESENTATION_CONTEXT() REPRESENTATION_CONTEXT('2D SPACE',''
  ) );
#11243 = ADVANCED_FACE('',(#11244),#8936,.T.);
#11244 = FACE_BOUND('',#11245,.T.);
#11245 = EDGE_LOOP('',(#11246,#11247,#11272));
#11246 = ORIENTED_EDGE('',*,*,#9082,.F.);
#11247 = ORIENTED_EDGE('',*,*,#11248,.T.);
#11248 = EDGE_CURVE('',#9083,#8920,#11249,.T.);
#11249 = SURFACE_CURVE('',#11250,(#11255,#11261),.PCURVE_S1.);
#11250 = CIRCLE('',#11251,10.);
#11251 = AXIS2_PLACEMENT_3D('',#11252,#11253,#11254);
#11252 = CARTESIAN_POINT('',(-61.43242815151,-19.91215144185,
    2.83624903441));
#11253 = DIRECTION('',(0.805938440462,0.58554855195,-8.715574274766E-02)
  );
#11254 = DIRECTION('',(-0.587785252292,0.809016994375,
    -6.938893903907E-18));
#11255 = PCURVE('',#8936,#11256);
#11256 = DEFINITIONAL_REPRESENTATION('',(#11257),#11260);
#11257 = B_SPLINE_CURVE_WITH_KNOTS('',1,(#11258,#11259),.UNSPECIFIED.,
  .F.,.F.,(2,2),(4.712388980385,6.28318530718),
  .PIECEWISE_BEZIER_KNOTS.);
#11258 = CARTESIAN_POINT('',(1.570796326795,-1.570796326795));
#11259 = CARTESIAN_POINT('',(1.570796326795,0.));
#11260 = ( GEOMETRIC_REPRESENTATION_CONTEXT(2) 
PARAMETRIC_REPRESENTATION_CONTEXT() REPRESENTATION_CONTEXT('2D SPACE',''
  ) );
#11261 = PCURVE('',#11262,#11267);
#11262 = CYLINDRICAL_SURFACE('',#11263,10.);
#11263 = AXIS2_PLACEMENT_3D('',#11264,#11265,#11266);
#11264 = CARTESIAN_POINT('',(-53.37304374688,-14.05666592235,
    1.964691606934));
#11265 = DIRECTION('',(-0.805938440462,-0.58554855195,8.715574274766E-02
    ));
#11266 = DIRECTION('',(-0.587785252292,0.809016994375,0.));
#11267 = DEFINITIONAL_REPRESENTATION('',(#11268),#11271);
#11268 = B_SPLINE_CURVE_WITH_KNOTS('',1,(#11269,#11270),.UNSPECIFIED.,
  .F.,.F.,(2,2),(4.712388980385,6.28318530718),
  .PIECEWISE_BEZIER_KNOTS.);
#11269 = CARTESIAN_POINT('',(1.570796326795,10.));
#11270 = CARTESIAN_POINT('',(0.,10.));
#11271 = ( GEOMETRIC_REPRESENTATION_CONTEXT(2) 
PARAMETRIC_REPRESENTATION_CONTEXT() REPRESENTATION_CONTEXT('2D SPACE',''
  ) );
#11272 = ORIENTED_EDGE('',*,*,#8919,.F.);
#11273 = ADVANCED_FACE('',(#11274),#8964,.F.);
#11274 = FACE_BOUND('',#11275,.F.);
#11275 = EDGE_LOOP('',(#11276,#11277,#11300,#11328));
#11276 = ORIENTED_EDGE('',*,*,#8948,.T.);
#11277 = ORIENTED_EDGE('',*,*,#11278,.T.);
#11278 = EDGE_CURVE('',#8949,#11279,#11281,.T.);
#11279 = VERTEX_POINT('',#11280);
#11280 = CARTESIAN_POINT('',(-291.5628344631,-174.7509988393,
    47.16375096559));
#11281 = SURFACE_CURVE('',#11282,(#11286,#11293),.PCURVE_S1.);
#11282 = LINE('',#11283,#11284);
#11283 = CARTESIAN_POINT('',(-57.840686729,-4.941918773813,
    21.888585568769));
#11284 = VECTOR('',#11285,1.);
#11285 = DIRECTION('',(-0.805938440462,-0.58554855195,8.715574274766E-02
    ));
#11286 = PCURVE('',#8964,#11287);
#11287 = DEFINITIONAL_REPRESENTATION('',(#11288),#11292);
#11288 = LINE('',#11289,#11290);
#11289 = CARTESIAN_POINT('',(30.,-2.13162820728E-14));
#11290 = VECTOR('',#11291,1.);
#11291 = DIRECTION('',(0.,1.));
#11292 = ( GEOMETRIC_REPRESENTATION_CONTEXT(2) 
PARAMETRIC_REPRESENTATION_CONTEXT() REPRESENTATION_CONTEXT('2D SPACE',''
  ) );
#11293 = PCURVE('',#9171,#11294);
#11294 = DEFINITIONAL_REPRESENTATION('',(#11295),#11299);
#11295 = LINE('',#11296,#11297);
#11296 = CARTESIAN_POINT('',(-0.,0.));
#11297 = VECTOR('',#11298,1.);
#11298 = DIRECTION('',(-0.,1.));
#11299 = ( GEOMETRIC_REPRESENTATION_CONTEXT(2) 
PARAMETRIC_REPRESENTATION_CONTEXT() REPRESENTATION_CONTEXT('2D SPACE',''
  ) );
#11300 = ORIENTED_EDGE('',*,*,#11301,.F.);
#11301 = EDGE_CURVE('',#11302,#11279,#11304,.T.);
#11302 = VERTEX_POINT('',#11303);
#11303 = CARTESIAN_POINT('',(-292.9730440039,-175.7755760441,
    27.239857003755));
#11304 = SURFACE_CURVE('',#11305,(#11309,#11316),.PCURVE_S1.);
#11305 = LINE('',#11306,#11307);
#11306 = CARTESIAN_POINT('',(-293.6781487743,-176.2878646465,
    17.277910022837));
#11307 = VECTOR('',#11308,1.);
#11308 = DIRECTION('',(7.051047704023E-02,5.122886023967E-02,
    0.996194698092));
#11309 = PCURVE('',#8964,#11310);
#11310 = DEFINITIONAL_REPRESENTATION('',(#11311),#11315);
#11311 = LINE('',#11312,#11313);
#11312 = CARTESIAN_POINT('',(0.,290.));
#11313 = VECTOR('',#11314,1.);
#11314 = DIRECTION('',(1.,0.));
#11315 = ( GEOMETRIC_REPRESENTATION_CONTEXT(2) 
PARAMETRIC_REPRESENTATION_CONTEXT() REPRESENTATION_CONTEXT('2D SPACE',''
  ) );
#11316 = PCURVE('',#11317,#11322);
#11317 = CYLINDRICAL_SURFACE('',#11318,10.);
#11318 = AXIS2_PLACEMENT_3D('',#11319,#11320,#11321);
#11319 = CARTESIAN_POINT('',(-287.8002962513,-184.3780345903,
    17.277910022837));
#11320 = DIRECTION('',(7.051047704023E-02,5.122886023967E-02,
    0.996194698092));
#11321 = DIRECTION('',(-0.805938440462,-0.58554855195,8.715574274766E-02
    ));
#11322 = DEFINITIONAL_REPRESENTATION('',(#11323),#11327);
#11323 = LINE('',#11324,#11325);
#11324 = CARTESIAN_POINT('',(-1.570796326795,0.));
#11325 = VECTOR('',#11326,1.);
#11326 = DIRECTION('',(-0.,1.));
#11327 = ( GEOMETRIC_REPRESENTATION_CONTEXT(2) 
PARAMETRIC_REPRESENTATION_CONTEXT() REPRESENTATION_CONTEXT('2D SPACE',''
  ) );
#11328 = ORIENTED_EDGE('',*,*,#11329,.F.);
#11329 = EDGE_CURVE('',#8920,#11302,#11330,.T.);
#11330 = SURFACE_CURVE('',#11331,(#11335,#11342),.PCURVE_S1.);
#11331 = LINE('',#11332,#11333);
#11332 = CARTESIAN_POINT('',(-59.25089626981,-5.966495978606,
    1.964691606934));
#11333 = VECTOR('',#11334,1.);
#11334 = DIRECTION('',(-0.805938440462,-0.58554855195,8.715574274766E-02
    ));
#11335 = PCURVE('',#8964,#11336);
#11336 = DEFINITIONAL_REPRESENTATION('',(#11337),#11341);
#11337 = LINE('',#11338,#11339);
#11338 = CARTESIAN_POINT('',(10.,0.));
#11339 = VECTOR('',#11340,1.);
#11340 = DIRECTION('',(0.,1.));
#11341 = ( GEOMETRIC_REPRESENTATION_CONTEXT(2) 
PARAMETRIC_REPRESENTATION_CONTEXT() REPRESENTATION_CONTEXT('2D SPACE',''
  ) );
#11342 = PCURVE('',#11262,#11343);
#11343 = DEFINITIONAL_REPRESENTATION('',(#11344),#11348);
#11344 = LINE('',#11345,#11346);
#11345 = CARTESIAN_POINT('',(0.,0.));
#11346 = VECTOR('',#11347,1.);
#11347 = DIRECTION('',(0.,1.));
#11348 = ( GEOMETRIC_REPRESENTATION_CONTEXT(2) 
PARAMETRIC_REPRESENTATION_CONTEXT() REPRESENTATION_CONTEXT('2D SPACE',''
  ) );
#11349 = ADVANCED_FACE('',(#11350),#9019,.T.);
#11350 = FACE_BOUND('',#11351,.F.);
#11351 = EDGE_LOOP('',(#11352,#11353,#11378));
#11352 = ORIENTED_EDGE('',*,*,#9132,.F.);
#11353 = ORIENTED_EDGE('',*,*,#11354,.T.);
#11354 = EDGE_CURVE('',#9105,#9003,#11355,.T.);
#11355 = SURFACE_CURVE('',#11356,(#11361,#11367),.PCURVE_S1.);
#11356 = CIRCLE('',#11357,10.);
#11357 = AXIS2_PLACEMENT_3D('',#11358,#11359,#11360);
#11358 = CARTESIAN_POINT('',(-37.92101805981,-52.27283121685,
    2.83624903441));
#11359 = DIRECTION('',(-0.805938440462,-0.58554855195,8.715574274766E-02
    ));
#11360 = DIRECTION('',(0.587785252292,-0.809016994375,
    -6.938893903907E-18));
#11361 = PCURVE('',#9019,#11362);
#11362 = DEFINITIONAL_REPRESENTATION('',(#11363),#11366);
#11363 = B_SPLINE_CURVE_WITH_KNOTS('',1,(#11364,#11365),.UNSPECIFIED.,
  .F.,.F.,(2,2),(4.712388980385,6.28318530718),
  .PIECEWISE_BEZIER_KNOTS.);
#11364 = CARTESIAN_POINT('',(-1.570796326795,-1.570796326795));
#11365 = CARTESIAN_POINT('',(-1.570796326795,0.));
#11366 = ( GEOMETRIC_REPRESENTATION_CONTEXT(2) 
PARAMETRIC_REPRESENTATION_CONTEXT() REPRESENTATION_CONTEXT('2D SPACE',''
  ) );
#11367 = PCURVE('',#11368,#11373);
#11368 = CYLINDRICAL_SURFACE('',#11369,10.);
#11369 = AXIS2_PLACEMENT_3D('',#11370,#11371,#11372);
#11370 = CARTESIAN_POINT('',(-29.86163365518,-46.41734569735,
    1.964691606934));
#11371 = DIRECTION('',(-0.805938440462,-0.58554855195,8.715574274766E-02
    ));
#11372 = DIRECTION('',(0.587785252292,-0.809016994375,0.));
#11373 = DEFINITIONAL_REPRESENTATION('',(#11374),#11377);
#11374 = B_SPLINE_CURVE_WITH_KNOTS('',1,(#11375,#11376),.UNSPECIFIED.,
  .F.,.F.,(2,2),(4.712388980385,6.28318530718),
  .PIECEWISE_BEZIER_KNOTS.);
#11375 = CARTESIAN_POINT('',(-1.570796326795,10.));
#11376 = CARTESIAN_POINT('',(0.,10.));
#11377 = ( GEOMETRIC_REPRESENTATION_CONTEXT(2) 
PARAMETRIC_REPRESENTATION_CONTEXT() REPRESENTATION_CONTEXT('2D SPACE',''
  ) );
#11378 = ORIENTED_EDGE('',*,*,#9002,.F.);
#11379 = ADVANCED_FACE('',(#11380),#9047,.T.);
#11380 = FACE_BOUND('',#11381,.T.);
#11381 = EDGE_LOOP('',(#11382,#11383,#11406,#11434));
#11382 = ORIENTED_EDGE('',*,*,#9031,.T.);
#11383 = ORIENTED_EDGE('',*,*,#11384,.T.);
#11384 = EDGE_CURVE('',#9032,#11385,#11387,.T.);
#11385 = VERTEX_POINT('',#11386);
#11386 = CARTESIAN_POINT('',(-256.2957193255,-223.2920185018,
    47.16375096559));
#11387 = SURFACE_CURVE('',#11388,(#11392,#11399),.PCURVE_S1.);
#11388 = LINE('',#11389,#11390);
#11389 = CARTESIAN_POINT('',(-22.57357159145,-53.48293843631,
    21.888585568769));
#11390 = VECTOR('',#11391,1.);
#11391 = DIRECTION('',(-0.805938440462,-0.58554855195,8.715574274766E-02
    ));
#11392 = PCURVE('',#9047,#11393);
#11393 = DEFINITIONAL_REPRESENTATION('',(#11394),#11398);
#11394 = LINE('',#11395,#11396);
#11395 = CARTESIAN_POINT('',(30.,-2.84217094304E-14));
#11396 = VECTOR('',#11397,1.);
#11397 = DIRECTION('',(0.,1.));
#11398 = ( GEOMETRIC_REPRESENTATION_CONTEXT(2) 
PARAMETRIC_REPRESENTATION_CONTEXT() REPRESENTATION_CONTEXT('2D SPACE',''
  ) );
#11399 = PCURVE('',#9201,#11400);
#11400 = DEFINITIONAL_REPRESENTATION('',(#11401),#11405);
#11401 = LINE('',#11402,#11403);
#11402 = CARTESIAN_POINT('',(0.,0.));
#11403 = VECTOR('',#11404,1.);
#11404 = DIRECTION('',(0.,1.));
#11405 = ( GEOMETRIC_REPRESENTATION_CONTEXT(2) 
PARAMETRIC_REPRESENTATION_CONTEXT() REPRESENTATION_CONTEXT('2D SPACE',''
  ) );
#11406 = ORIENTED_EDGE('',*,*,#11407,.F.);
#11407 = EDGE_CURVE('',#11408,#11385,#11410,.T.);
#11408 = VERTEX_POINT('',#11409);
#11409 = CARTESIAN_POINT('',(-257.7059288663,-224.3165957066,
    27.239857003755));
#11410 = SURFACE_CURVE('',#11411,(#11415,#11422),.PCURVE_S1.);
#11411 = LINE('',#11412,#11413);
#11412 = CARTESIAN_POINT('',(-258.4110336367,-224.828884309,
    17.277910022837));
#11413 = VECTOR('',#11414,1.);
#11414 = DIRECTION('',(7.051047704023E-02,5.122886023967E-02,
    0.996194698092));
#11415 = PCURVE('',#9047,#11416);
#11416 = DEFINITIONAL_REPRESENTATION('',(#11417),#11421);
#11417 = LINE('',#11418,#11419);
#11418 = CARTESIAN_POINT('',(0.,290.));
#11419 = VECTOR('',#11420,1.);
#11420 = DIRECTION('',(1.,0.));
#11421 = ( GEOMETRIC_REPRESENTATION_CONTEXT(2) 
PARAMETRIC_REPRESENTATION_CONTEXT() REPRESENTATION_CONTEXT('2D SPACE',''
  ) );
#11422 = PCURVE('',#11423,#11428);
#11423 = CYLINDRICAL_SURFACE('',#11424,10.);
#11424 = AXIS2_PLACEMENT_3D('',#11425,#11426,#11427);
#11425 = CARTESIAN_POINT('',(-264.2888861596,-216.7387143653,
    17.277910022837));
#11426 = DIRECTION('',(7.051047704023E-02,5.122886023967E-02,
    0.996194698092));
#11427 = DIRECTION('',(-0.805938440462,-0.58554855195,8.715574274766E-02
    ));
#11428 = DEFINITIONAL_REPRESENTATION('',(#11429),#11433);
#11429 = LINE('',#11430,#11431);
#11430 = CARTESIAN_POINT('',(1.570796326795,0.));
#11431 = VECTOR('',#11432,1.);
#11432 = DIRECTION('',(0.,1.));
#11433 = ( GEOMETRIC_REPRESENTATION_CONTEXT(2) 
PARAMETRIC_REPRESENTATION_CONTEXT() REPRESENTATION_CONTEXT('2D SPACE',''
  ) );
#11434 = ORIENTED_EDGE('',*,*,#11435,.F.);
#11435 = EDGE_CURVE('',#9003,#11408,#11436,.T.);
#11436 = SURFACE_CURVE('',#11437,(#11441,#11448),.PCURVE_S1.);
#11437 = LINE('',#11438,#11439);
#11438 = CARTESIAN_POINT('',(-23.98378113226,-54.5075156411,
    1.964691606934));
#11439 = VECTOR('',#11440,1.);
#11440 = DIRECTION('',(-0.805938440462,-0.58554855195,8.715574274766E-02
    ));
#11441 = PCURVE('',#9047,#11442);
#11442 = DEFINITIONAL_REPRESENTATION('',(#11443),#11447);
#11443 = LINE('',#11444,#11445);
#11444 = CARTESIAN_POINT('',(10.,0.));
#11445 = VECTOR('',#11446,1.);
#11446 = DIRECTION('',(0.,1.));
#11447 = ( GEOMETRIC_REPRESENTATION_CONTEXT(2) 
PARAMETRIC_REPRESENTATION_CONTEXT() REPRESENTATION_CONTEXT('2D SPACE',''
  ) );
#11448 = PCURVE('',#11368,#11449);
#11449 = DEFINITIONAL_REPRESENTATION('',(#11450),#11454);
#11450 = LINE('',#11451,#11452);
#11451 = CARTESIAN_POINT('',(-0.,0.));
#11452 = VECTOR('',#11453,1.);
#11453 = DIRECTION('',(-0.,1.));
#11454 = ( GEOMETRIC_REPRESENTATION_CONTEXT(2) 
PARAMETRIC_REPRESENTATION_CONTEXT() REPRESENTATION_CONTEXT('2D SPACE',''
  ) );
#11455 = ADVANCED_FACE('',(#11456),#9120,.F.);
#11456 = FACE_BOUND('',#11457,.F.);
#11457 = EDGE_LOOP('',(#11458,#11459,#11482,#11510,#11536,#11562,#11588,
    #11611));
#11458 = ORIENTED_EDGE('',*,*,#9104,.F.);
#11459 = ORIENTED_EDGE('',*,*,#11460,.T.);
#11460 = EDGE_CURVE('',#9083,#11461,#11463,.T.);
#11461 = VERTEX_POINT('',#11462);
#11462 = CARTESIAN_POINT('',(-287.8002962513,-184.3780345903,
    17.277910022837));
#11463 = SURFACE_CURVE('',#11464,(#11468,#11475),.PCURVE_S1.);
#11464 = LINE('',#11465,#11466);
#11465 = CARTESIAN_POINT('',(-54.07814851728,-14.56895452475,
    -7.997255373984));
#11466 = VECTOR('',#11467,1.);
#11467 = DIRECTION('',(-0.805938440462,-0.58554855195,8.715574274766E-02
    ));
#11468 = PCURVE('',#9120,#11469);
#11469 = DEFINITIONAL_REPRESENTATION('',(#11470),#11474);
#11470 = LINE('',#11471,#11472);
#11471 = CARTESIAN_POINT('',(0.,10.));
#11472 = VECTOR('',#11473,1.);
#11473 = DIRECTION('',(1.,-5.551115123126E-17));
#11474 = ( GEOMETRIC_REPRESENTATION_CONTEXT(2) 
PARAMETRIC_REPRESENTATION_CONTEXT() REPRESENTATION_CONTEXT('2D SPACE',''
  ) );
#11475 = PCURVE('',#11262,#11476);
#11476 = DEFINITIONAL_REPRESENTATION('',(#11477),#11481);
#11477 = LINE('',#11478,#11479);
#11478 = CARTESIAN_POINT('',(1.570796326795,0.));
#11479 = VECTOR('',#11480,1.);
#11480 = DIRECTION('',(0.,1.));
#11481 = ( GEOMETRIC_REPRESENTATION_CONTEXT(2) 
PARAMETRIC_REPRESENTATION_CONTEXT() REPRESENTATION_CONTEXT('2D SPACE',''
  ) );
#11482 = ORIENTED_EDGE('',*,*,#11483,.T.);
#11483 = EDGE_CURVE('',#11461,#11484,#11486,.T.);
#11484 = VERTEX_POINT('',#11485);
#11485 = CARTESIAN_POINT('',(-281.9224986049,-192.4681290031,
    17.277910022837));
#11486 = SURFACE_CURVE('',#11487,(#11491,#11498),.PCURVE_S1.);
#11487 = LINE('',#11488,#11489);
#11488 = CARTESIAN_POINT('',(-293.6781487743,-176.2878646465,
    17.277910022837));
#11489 = VECTOR('',#11490,1.);
#11490 = DIRECTION('',(0.587785252292,-0.809016994375,0.));
#11491 = PCURVE('',#9120,#11492);
#11492 = DEFINITIONAL_REPRESENTATION('',(#11493),#11497);
#11493 = LINE('',#11494,#11495);
#11494 = CARTESIAN_POINT('',(290.,1.42108547152E-14));
#11495 = VECTOR('',#11496,1.);
#11496 = DIRECTION('',(-5.551115123126E-17,1.));
#11497 = ( GEOMETRIC_REPRESENTATION_CONTEXT(2) 
PARAMETRIC_REPRESENTATION_CONTEXT() REPRESENTATION_CONTEXT('2D SPACE',''
  ) );
#11498 = PCURVE('',#11499,#11504);
#11499 = CYLINDRICAL_SURFACE('',#11500,10.);
#11500 = AXIS2_PLACEMENT_3D('',#11501,#11502,#11503);
#11501 = CARTESIAN_POINT('',(-292.9730440039,-175.7755760441,
    27.239857003755));
#11502 = DIRECTION('',(0.587785252292,-0.809016994375,0.));
#11503 = DIRECTION('',(-0.805938440462,-0.58554855195,8.715574274766E-02
    ));
#11504 = DEFINITIONAL_REPRESENTATION('',(#11505),#11509);
#11505 = LINE('',#11506,#11507);
#11506 = CARTESIAN_POINT('',(1.570796326795,0.));
#11507 = VECTOR('',#11508,1.);
#11508 = DIRECTION('',(0.,1.));
#11509 = ( GEOMETRIC_REPRESENTATION_CONTEXT(2) 
PARAMETRIC_REPRESENTATION_CONTEXT() REPRESENTATION_CONTEXT('2D SPACE',''
  ) );
#11510 = ORIENTED_EDGE('',*,*,#11511,.F.);
#11511 = EDGE_CURVE('',#11512,#11484,#11514,.T.);
#11512 = VERTEX_POINT('',#11513);
#11513 = CARTESIAN_POINT('',(-273.7655408553,-186.5417522989,
    16.395800825));
#11514 = SURFACE_CURVE('',#11515,(#11519,#11525),.PCURVE_S1.);
#11515 = LINE('',#11516,#11517);
#11516 = CARTESIAN_POINT('',(-167.9832734461,-109.6864363173,
    4.956301698627));
#11517 = VECTOR('',#11518,1.);
#11518 = DIRECTION('',(-0.805938440462,-0.58554855195,8.715574274766E-02
    ));
#11519 = PCURVE('',#9120,#11520);
#11520 = DEFINITIONAL_REPRESENTATION('',(#11521),#11524);
#11521 = B_SPLINE_CURVE_WITH_KNOTS('',1,(#11522,#11523),.UNSPECIFIED.,
  .F.,.F.,(2,2),(125.10279837194,141.37460063745),
  .PIECEWISE_BEZIER_KNOTS.);
#11522 = CARTESIAN_POINT('',(273.72819773449,19.999906638602));
#11523 = CARTESIAN_POINT('',(290.,19.999906638602));
#11524 = ( GEOMETRIC_REPRESENTATION_CONTEXT(2) 
PARAMETRIC_REPRESENTATION_CONTEXT() REPRESENTATION_CONTEXT('2D SPACE',''
  ) );
#11525 = PCURVE('',#11526,#11531);
#11526 = PLANE('',#11527);
#11527 = AXIS2_PLACEMENT_3D('',#11528,#11529,#11530);
#11528 = CARTESIAN_POINT('',(-289.0338525229,-197.6348300562,
    1.110223024625E-15));
#11529 = DIRECTION('',(-0.587785252292,0.809016994375,1.110223024625E-16
    ));
#11530 = DIRECTION('',(-0.809016994375,-0.587785252292,0.));
#11531 = DEFINITIONAL_REPRESENTATION('',(#11532),#11535);
#11532 = B_SPLINE_CURVE_WITH_KNOTS('',1,(#11533,#11534),.UNSPECIFIED.,
  .F.,.F.,(2,2),(125.10279837194,141.37460063745),
  .PIECEWISE_BEZIER_KNOTS.);
#11533 = CARTESIAN_POINT('',(-25.,15.859729010544));
#11534 = CARTESIAN_POINT('',(-8.790116854708,17.277910022837));
#11535 = ( GEOMETRIC_REPRESENTATION_CONTEXT(2) 
PARAMETRIC_REPRESENTATION_CONTEXT() REPRESENTATION_CONTEXT('2D SPACE',''
  ) );
#11536 = ORIENTED_EDGE('',*,*,#11537,.F.);
#11537 = EDGE_CURVE('',#11538,#11512,#11540,.T.);
#11538 = VERTEX_POINT('',#11539);
#11539 = CARTESIAN_POINT('',(-262.0098358095,-202.7220921864,
    16.395800825));
#11540 = SURFACE_CURVE('',#11541,(#11545,#11551),.PCURVE_S1.);
#11541 = LINE('',#11542,#11543);
#11542 = CARTESIAN_POINT('',(-262.0098358095,-202.7220921864,
    16.395800825));
#11543 = VECTOR('',#11544,1.);
#11544 = DIRECTION('',(-0.587785252292,0.809016994375,1.110223024625E-16
    ));
#11545 = PCURVE('',#9120,#11546);
#11546 = DEFINITIONAL_REPRESENTATION('',(#11547),#11550);
#11547 = B_SPLINE_CURVE_WITH_KNOTS('',1,(#11548,#11549),.UNSPECIFIED.,
  .F.,.F.,(2,2),(-6.000000170586E-07,20.0000006),
  .PIECEWISE_BEZIER_KNOTS.);
#11548 = CARTESIAN_POINT('',(279.87893201264,39.999907238602));
#11549 = CARTESIAN_POINT('',(279.87893201264,19.999906038602));
#11550 = ( GEOMETRIC_REPRESENTATION_CONTEXT(2) 
PARAMETRIC_REPRESENTATION_CONTEXT() REPRESENTATION_CONTEXT('2D SPACE',''
  ) );
#11551 = PCURVE('',#11552,#11557);
#11552 = CYLINDRICAL_SURFACE('',#11553,25.);
#11553 = AXIS2_PLACEMENT_3D('',#11554,#11555,#11556);
#11554 = CARTESIAN_POINT('',(-277.278147477,-213.8151699437,
    -1.110223024625E-15));
#11555 = DIRECTION('',(-0.587785252292,0.809016994375,1.110223024625E-16
    ));
#11556 = DIRECTION('',(-0.809016994375,-0.587785252292,0.));
#11557 = DEFINITIONAL_REPRESENTATION('',(#11558),#11561);
#11558 = B_SPLINE_CURVE_WITH_KNOTS('',1,(#11559,#11560),.UNSPECIFIED.,
  .F.,.F.,(2,2),(3.944304526105E-31,20.),.PIECEWISE_BEZIER_KNOTS.);
#11559 = CARTESIAN_POINT('',(2.426308393604,1.070208375531E-14));
#11560 = CARTESIAN_POINT('',(2.426308393604,20.));
#11561 = ( GEOMETRIC_REPRESENTATION_CONTEXT(2) 
PARAMETRIC_REPRESENTATION_CONTEXT() REPRESENTATION_CONTEXT('2D SPACE',''
  ) );
#11562 = ORIENTED_EDGE('',*,*,#11563,.T.);
#11563 = EDGE_CURVE('',#11538,#11564,#11566,.T.);
#11564 = VERTEX_POINT('',#11565);
#11565 = CARTESIAN_POINT('',(-270.166793559,-208.6484688906,
    17.277910022837));
#11566 = SURFACE_CURVE('',#11567,(#11571,#11577),.PCURVE_S1.);
#11567 = LINE('',#11568,#11569);
#11568 = CARTESIAN_POINT('',(-156.2275684003,-125.8667762048,
    4.956301698627));
#11569 = VECTOR('',#11570,1.);
#11570 = DIRECTION('',(-0.805938440462,-0.58554855195,8.715574274766E-02
    ));
#11571 = PCURVE('',#9120,#11572);
#11572 = DEFINITIONAL_REPRESENTATION('',(#11573),#11576);
#11573 = B_SPLINE_CURVE_WITH_KNOTS('',1,(#11574,#11575),.UNSPECIFIED.,
  .F.,.F.,(2,2),(125.10279837194,141.37460063745),
  .PIECEWISE_BEZIER_KNOTS.);
#11574 = CARTESIAN_POINT('',(273.72819773449,39.999906638602));
#11575 = CARTESIAN_POINT('',(290.,39.999906638602));
#11576 = ( GEOMETRIC_REPRESENTATION_CONTEXT(2) 
PARAMETRIC_REPRESENTATION_CONTEXT() REPRESENTATION_CONTEXT('2D SPACE',''
  ) );
#11577 = PCURVE('',#11578,#11583);
#11578 = PLANE('',#11579);
#11579 = AXIS2_PLACEMENT_3D('',#11580,#11581,#11582);
#11580 = CARTESIAN_POINT('',(-277.278147477,-213.8151699437,
    -1.110223024625E-15));
#11581 = DIRECTION('',(-0.587785252292,0.809016994375,1.110223024625E-16
    ));
#11582 = DIRECTION('',(-0.809016994375,-0.587785252292,0.));
#11583 = DEFINITIONAL_REPRESENTATION('',(#11584),#11587);
#11584 = B_SPLINE_CURVE_WITH_KNOTS('',1,(#11585,#11586),.UNSPECIFIED.,
  .F.,.F.,(2,2),(125.10279837194,141.37460063745),
  .PIECEWISE_BEZIER_KNOTS.);
#11585 = CARTESIAN_POINT('',(-25.,15.859729010544));
#11586 = CARTESIAN_POINT('',(-8.790116854708,17.277910022837));
#11587 = ( GEOMETRIC_REPRESENTATION_CONTEXT(2) 
PARAMETRIC_REPRESENTATION_CONTEXT() REPRESENTATION_CONTEXT('2D SPACE',''
  ) );
#11588 = ORIENTED_EDGE('',*,*,#11589,.T.);
#11589 = EDGE_CURVE('',#11564,#11590,#11592,.T.);
#11590 = VERTEX_POINT('',#11591);
#11591 = CARTESIAN_POINT('',(-264.2888861596,-216.7387143653,
    17.277910022837));
#11592 = SURFACE_CURVE('',#11593,(#11597,#11604),.PCURVE_S1.);
#11593 = LINE('',#11594,#11595);
#11594 = CARTESIAN_POINT('',(-293.6781487743,-176.2878646465,
    17.277910022837));
#11595 = VECTOR('',#11596,1.);
#11596 = DIRECTION('',(0.587785252292,-0.809016994375,0.));
#11597 = PCURVE('',#9120,#11598);
#11598 = DEFINITIONAL_REPRESENTATION('',(#11599),#11603);
#11599 = LINE('',#11600,#11601);
#11600 = CARTESIAN_POINT('',(290.,1.42108547152E-14));
#11601 = VECTOR('',#11602,1.);
#11602 = DIRECTION('',(-5.551115123126E-17,1.));
#11603 = ( GEOMETRIC_REPRESENTATION_CONTEXT(2) 
PARAMETRIC_REPRESENTATION_CONTEXT() REPRESENTATION_CONTEXT('2D SPACE',''
  ) );
#11604 = PCURVE('',#11499,#11605);
#11605 = DEFINITIONAL_REPRESENTATION('',(#11606),#11610);
#11606 = LINE('',#11607,#11608);
#11607 = CARTESIAN_POINT('',(1.570796326795,0.));
#11608 = VECTOR('',#11609,1.);
#11609 = DIRECTION('',(0.,1.));
#11610 = ( GEOMETRIC_REPRESENTATION_CONTEXT(2) 
PARAMETRIC_REPRESENTATION_CONTEXT() REPRESENTATION_CONTEXT('2D SPACE',''
  ) );
#11611 = ORIENTED_EDGE('',*,*,#11612,.F.);
#11612 = EDGE_CURVE('',#9105,#11590,#11613,.T.);
#11613 = SURFACE_CURVE('',#11614,(#11618,#11625),.PCURVE_S1.);
#11614 = LINE('',#11615,#11616);
#11615 = CARTESIAN_POINT('',(-30.56673842558,-46.92963429975,
    -7.997255373984));
#11616 = VECTOR('',#11617,1.);
#11617 = DIRECTION('',(-0.805938440462,-0.58554855195,8.715574274766E-02
    ));
#11618 = PCURVE('',#9120,#11619);
#11619 = DEFINITIONAL_REPRESENTATION('',(#11620),#11624);
#11620 = LINE('',#11621,#11622);
#11621 = CARTESIAN_POINT('',(7.105427357601E-15,50.));
#11622 = VECTOR('',#11623,1.);
#11623 = DIRECTION('',(1.,-5.551115123126E-17));
#11624 = ( GEOMETRIC_REPRESENTATION_CONTEXT(2) 
PARAMETRIC_REPRESENTATION_CONTEXT() REPRESENTATION_CONTEXT('2D SPACE',''
  ) );
#11625 = PCURVE('',#11368,#11626);
#11626 = DEFINITIONAL_REPRESENTATION('',(#11627),#11631);
#11627 = LINE('',#11628,#11629);
#11628 = CARTESIAN_POINT('',(-1.570796326795,0.));
#11629 = VECTOR('',#11630,1.);
#11630 = DIRECTION('',(-0.,1.));
#11631 = ( GEOMETRIC_REPRESENTATION_CONTEXT(2) 
PARAMETRIC_REPRESENTATION_CONTEXT() REPRESENTATION_CONTEXT('2D SPACE',''
  ) );
#11632 = ADVANCED_FACE('',(#11633),#9171,.T.);
#11633 = FACE_BOUND('',#11634,.F.);
#11634 = EDGE_LOOP('',(#11635,#11636,#11637,#11662));
#11635 = ORIENTED_EDGE('',*,*,#9157,.F.);
#11636 = ORIENTED_EDGE('',*,*,#9217,.T.);
#11637 = ORIENTED_EDGE('',*,*,#11638,.T.);
#11638 = EDGE_CURVE('',#9218,#11279,#11639,.T.);
#11639 = SURFACE_CURVE('',#11640,(#11645,#11651),.PCURVE_S1.);
#11640 = CIRCLE('',#11641,10.);
#11641 = AXIS2_PLACEMENT_3D('',#11642,#11643,#11644);
#11642 = CARTESIAN_POINT('',(-285.6849819401,-182.8411687831,
    47.16375096559));
#11643 = DIRECTION('',(-0.805938440462,-0.58554855195,8.715574274766E-02
    ));
#11644 = DIRECTION('',(-0.587785252292,0.809016994375,3.191891195797E-16
    ));
#11645 = PCURVE('',#9171,#11646);
#11646 = DEFINITIONAL_REPRESENTATION('',(#11647),#11650);
#11647 = B_SPLINE_CURVE_WITH_KNOTS('',1,(#11648,#11649),.UNSPECIFIED.,
  .F.,.F.,(2,2),(4.712388980385,6.28318530718),
  .PIECEWISE_BEZIER_KNOTS.);
#11648 = CARTESIAN_POINT('',(-1.570796326795,290.));
#11649 = CARTESIAN_POINT('',(0.,290.));
#11650 = ( GEOMETRIC_REPRESENTATION_CONTEXT(2) 
PARAMETRIC_REPRESENTATION_CONTEXT() REPRESENTATION_CONTEXT('2D SPACE',''
  ) );
#11651 = PCURVE('',#11652,#11657);
#11652 = SPHERICAL_SURFACE('',#11653,10.);
#11653 = AXIS2_PLACEMENT_3D('',#11654,#11655,#11656);
#11654 = CARTESIAN_POINT('',(-285.6849819401,-182.8411687831,
    47.16375096559));
#11655 = DIRECTION('',(-7.051047704023E-02,-5.122886023967E-02,
    -0.996194698092));
#11656 = DIRECTION('',(-0.805938440462,-0.58554855195,8.715574274766E-02
    ));
#11657 = DEFINITIONAL_REPRESENTATION('',(#11658),#11661);
#11658 = B_SPLINE_CURVE_WITH_KNOTS('',1,(#11659,#11660),.UNSPECIFIED.,
  .F.,.F.,(2,2),(4.712388980385,6.28318530718),
  .PIECEWISE_BEZIER_KNOTS.);
#11659 = CARTESIAN_POINT('',(1.570796326795,-1.570796326795));
#11660 = CARTESIAN_POINT('',(1.570796326795,0.));
#11661 = ( GEOMETRIC_REPRESENTATION_CONTEXT(2) 
PARAMETRIC_REPRESENTATION_CONTEXT() REPRESENTATION_CONTEXT('2D SPACE',''
  ) );
#11662 = ORIENTED_EDGE('',*,*,#11278,.F.);
#11663 = ADVANCED_FACE('',(#11664),#9201,.T.);
#11664 = FACE_BOUND('',#11665,.T.);
#11665 = EDGE_LOOP('',(#11666,#11667,#11668,#11693));
#11666 = ORIENTED_EDGE('',*,*,#9187,.T.);
#11667 = ORIENTED_EDGE('',*,*,#9268,.T.);
#11668 = ORIENTED_EDGE('',*,*,#11669,.F.);
#11669 = EDGE_CURVE('',#11385,#9241,#11670,.T.);
#11670 = SURFACE_CURVE('',#11671,(#11676,#11682),.PCURVE_S1.);
#11671 = CIRCLE('',#11672,10.);
#11672 = AXIS2_PLACEMENT_3D('',#11673,#11674,#11675);
#11673 = CARTESIAN_POINT('',(-262.1735718484,-215.2018485581,
    47.16375096559));
#11674 = DIRECTION('',(-0.805938440462,-0.58554855195,8.715574274766E-02
    ));
#11675 = DIRECTION('',(7.051047704023E-02,5.122886023967E-02,
    0.996194698092));
#11676 = PCURVE('',#9201,#11677);
#11677 = DEFINITIONAL_REPRESENTATION('',(#11678),#11681);
#11678 = B_SPLINE_CURVE_WITH_KNOTS('',1,(#11679,#11680),.UNSPECIFIED.,
  .F.,.F.,(2,2),(4.712388980385,6.28318530718),
  .PIECEWISE_BEZIER_KNOTS.);
#11679 = CARTESIAN_POINT('',(0.,290.));
#11680 = CARTESIAN_POINT('',(1.570796326795,290.));
#11681 = ( GEOMETRIC_REPRESENTATION_CONTEXT(2) 
PARAMETRIC_REPRESENTATION_CONTEXT() REPRESENTATION_CONTEXT('2D SPACE',''
  ) );
#11682 = PCURVE('',#11683,#11688);
#11683 = SPHERICAL_SURFACE('',#11684,10.);
#11684 = AXIS2_PLACEMENT_3D('',#11685,#11686,#11687);
#11685 = CARTESIAN_POINT('',(-262.1735718484,-215.2018485581,
    47.16375096559));
#11686 = DIRECTION('',(-0.587785252292,0.809016994375,-0.));
#11687 = DIRECTION('',(-0.805938440462,-0.58554855195,8.715574274766E-02
    ));
#11688 = DEFINITIONAL_REPRESENTATION('',(#11689),#11692);
#11689 = B_SPLINE_CURVE_WITH_KNOTS('',1,(#11690,#11691),.UNSPECIFIED.,
  .F.,.F.,(2,2),(4.712388980385,6.28318530718),
  .PIECEWISE_BEZIER_KNOTS.);
#11690 = CARTESIAN_POINT('',(1.570796326795,-1.570796326795));
#11691 = CARTESIAN_POINT('',(1.570796326795,0.));
#11692 = ( GEOMETRIC_REPRESENTATION_CONTEXT(2) 
PARAMETRIC_REPRESENTATION_CONTEXT() REPRESENTATION_CONTEXT('2D SPACE',''
  ) );
#11693 = ORIENTED_EDGE('',*,*,#11384,.F.);
#11694 = ADVANCED_FACE('',(#11695),#9256,.T.);
#11695 = FACE_BOUND('',#11696,.F.);
#11696 = EDGE_LOOP('',(#11697,#11719,#11720,#11744));
#11697 = ORIENTED_EDGE('',*,*,#11698,.F.);
#11698 = EDGE_CURVE('',#9218,#11699,#11701,.T.);
#11699 = VERTEX_POINT('',#11700);
#11700 = CARTESIAN_POINT('',(-293.7443663448,-188.6966543026,
    48.035308393066));
#11701 = SURFACE_CURVE('',#11702,(#11707,#11713),.PCURVE_S1.);
#11702 = CIRCLE('',#11703,10.);
#11703 = AXIS2_PLACEMENT_3D('',#11704,#11705,#11706);
#11704 = CARTESIAN_POINT('',(-285.6849819401,-182.8411687831,
    47.16375096559));
#11705 = DIRECTION('',(0.587785252292,-0.809016994375,
    -1.110223024625E-16));
#11706 = DIRECTION('',(-0.805938440462,-0.58554855195,8.715574274766E-02
    ));
#11707 = PCURVE('',#9256,#11708);
#11708 = DEFINITIONAL_REPRESENTATION('',(#11709),#11712);
#11709 = B_SPLINE_CURVE_WITH_KNOTS('',1,(#11710,#11711),.UNSPECIFIED.,
  .F.,.F.,(2,2),(4.712388980385,6.28318530718),
  .PIECEWISE_BEZIER_KNOTS.);
#11710 = CARTESIAN_POINT('',(-1.570796326795,10.));
#11711 = CARTESIAN_POINT('',(0.,10.));
#11712 = ( GEOMETRIC_REPRESENTATION_CONTEXT(2) 
PARAMETRIC_REPRESENTATION_CONTEXT() REPRESENTATION_CONTEXT('2D SPACE',''
  ) );
#11713 = PCURVE('',#11652,#11714);
#11714 = DEFINITIONAL_REPRESENTATION('',(#11715),#11718);
#11715 = B_SPLINE_CURVE_WITH_KNOTS('',1,(#11716,#11717),.UNSPECIFIED.,
  .F.,.F.,(2,2),(4.712388980385,6.28318530718),
  .PIECEWISE_BEZIER_KNOTS.);
#11716 = CARTESIAN_POINT('',(0.,-1.570796326795));
#11717 = CARTESIAN_POINT('',(0.,0.));
#11718 = ( GEOMETRIC_REPRESENTATION_CONTEXT(2) 
PARAMETRIC_REPRESENTATION_CONTEXT() REPRESENTATION_CONTEXT('2D SPACE',''
  ) );
#11719 = ORIENTED_EDGE('',*,*,#9240,.T.);
#11720 = ORIENTED_EDGE('',*,*,#11721,.F.);
#11721 = EDGE_CURVE('',#11722,#9241,#11724,.T.);
#11722 = VERTEX_POINT('',#11723);
#11723 = CARTESIAN_POINT('',(-270.2329562531,-221.0573340776,
    48.035308393066));
#11724 = SURFACE_CURVE('',#11725,(#11730,#11737),.PCURVE_S1.);
#11725 = CIRCLE('',#11726,10.);
#11726 = AXIS2_PLACEMENT_3D('',#11727,#11728,#11729);
#11727 = CARTESIAN_POINT('',(-262.1735718484,-215.2018485581,
    47.16375096559));
#11728 = DIRECTION('',(-0.587785252292,0.809016994375,6.938893903907E-18
    ));
#11729 = DIRECTION('',(-0.805938440462,-0.58554855195,8.715574274766E-02
    ));
#11730 = PCURVE('',#9256,#11731);
#11731 = DEFINITIONAL_REPRESENTATION('',(#11732),#11736);
#11732 = LINE('',#11733,#11734);
#11733 = CARTESIAN_POINT('',(-0.,50.));
#11734 = VECTOR('',#11735,1.);
#11735 = DIRECTION('',(-1.,0.));
#11736 = ( GEOMETRIC_REPRESENTATION_CONTEXT(2) 
PARAMETRIC_REPRESENTATION_CONTEXT() REPRESENTATION_CONTEXT('2D SPACE',''
  ) );
#11737 = PCURVE('',#11683,#11738);
#11738 = DEFINITIONAL_REPRESENTATION('',(#11739),#11743);
#11739 = LINE('',#11740,#11741);
#11740 = CARTESIAN_POINT('',(0.,0.));
#11741 = VECTOR('',#11742,1.);
#11742 = DIRECTION('',(1.,0.));
#11743 = ( GEOMETRIC_REPRESENTATION_CONTEXT(2) 
PARAMETRIC_REPRESENTATION_CONTEXT() REPRESENTATION_CONTEXT('2D SPACE',''
  ) );
#11744 = ORIENTED_EDGE('',*,*,#11745,.F.);
#11745 = EDGE_CURVE('',#11699,#11722,#11746,.T.);
#11746 = SURFACE_CURVE('',#11747,(#11751,#11758),.PCURVE_S1.);
#11747 = LINE('',#11748,#11749);
#11748 = CARTESIAN_POINT('',(-299.6222188677,-180.6064843588,
    48.035308393066));
#11749 = VECTOR('',#11750,1.);
#11750 = DIRECTION('',(0.587785252292,-0.809016994375,0.));
#11751 = PCURVE('',#9256,#11752);
#11752 = DEFINITIONAL_REPRESENTATION('',(#11753),#11757);
#11753 = LINE('',#11754,#11755);
#11754 = CARTESIAN_POINT('',(-0.,0.));
#11755 = VECTOR('',#11756,1.);
#11756 = DIRECTION('',(-0.,1.));
#11757 = ( GEOMETRIC_REPRESENTATION_CONTEXT(2) 
PARAMETRIC_REPRESENTATION_CONTEXT() REPRESENTATION_CONTEXT('2D SPACE',''
  ) );
#11758 = PCURVE('',#11759,#11764);
#11759 = PLANE('',#11760);
#11760 = AXIS2_PLACEMENT_3D('',#11761,#11762,#11763);
#11761 = CARTESIAN_POINT('',(-301.7375331789,-182.143350166,
    18.149467450314));
#11762 = DIRECTION('',(-0.805938440462,-0.58554855195,8.715574274766E-02
    ));
#11763 = DIRECTION('',(7.051047704023E-02,5.122886023967E-02,
    0.996194698092));
#11764 = DEFINITIONAL_REPRESENTATION('',(#11765),#11769);
#11765 = LINE('',#11766,#11767);
#11766 = CARTESIAN_POINT('',(30.,2.84217094304E-14));
#11767 = VECTOR('',#11768,1.);
#11768 = DIRECTION('',(0.,-1.));
#11769 = ( GEOMETRIC_REPRESENTATION_CONTEXT(2) 
PARAMETRIC_REPRESENTATION_CONTEXT() REPRESENTATION_CONTEXT('2D SPACE',''
  ) );
#11770 = ADVANCED_FACE('',(#11771),#9310,.T.);
#11771 = FACE_BOUND('',#11772,.T.);
#11772 = EDGE_LOOP('',(#11773,#11774,#11799));
#11773 = ORIENTED_EDGE('',*,*,#9456,.F.);
#11774 = ORIENTED_EDGE('',*,*,#11775,.T.);
#11775 = EDGE_CURVE('',#9457,#9294,#11776,.T.);
#11776 = SURFACE_CURVE('',#11777,(#11782,#11788),.PCURVE_S1.);
#11777 = CIRCLE('',#11778,10.);
#11778 = AXIS2_PLACEMENT_3D('',#11779,#11780,#11781);
#11779 = CARTESIAN_POINT('',(-4.655706755878E-02,-64.57899598158,
    2.83624903441));
#11780 = DIRECTION('',(-0.307841091417,0.947437459119,
    -8.715574274766E-02));
#11781 = DIRECTION('',(-0.951056516295,-0.309016994375,
    1.040834085586E-17));
#11782 = PCURVE('',#9310,#11783);
#11783 = DEFINITIONAL_REPRESENTATION('',(#11784),#11787);
#11784 = B_SPLINE_CURVE_WITH_KNOTS('',1,(#11785,#11786),.UNSPECIFIED.,
  .F.,.F.,(2,2),(4.712388980385,6.28318530718),
  .PIECEWISE_BEZIER_KNOTS.);
#11785 = CARTESIAN_POINT('',(1.570796326795,-1.570796326795));
#11786 = CARTESIAN_POINT('',(1.570796326795,0.));
#11787 = ( GEOMETRIC_REPRESENTATION_CONTEXT(2) 
PARAMETRIC_REPRESENTATION_CONTEXT() REPRESENTATION_CONTEXT('2D SPACE',''
  ) );
#11788 = PCURVE('',#11789,#11794);
#11789 = CYLINDRICAL_SURFACE('',#11790,10.);
#11790 = AXIS2_PLACEMENT_3D('',#11791,#11792,#11793);
#11791 = CARTESIAN_POINT('',(-3.124967981724,-55.1046213904,
    1.964691606934));
#11792 = DIRECTION('',(0.307841091417,-0.947437459119,8.715574274766E-02
    ));
#11793 = DIRECTION('',(-0.951056516295,-0.309016994375,
    3.469446951954E-18));
#11794 = DEFINITIONAL_REPRESENTATION('',(#11795),#11798);
#11795 = B_SPLINE_CURVE_WITH_KNOTS('',1,(#11796,#11797),.UNSPECIFIED.,
  .F.,.F.,(2,2),(4.712388980385,6.28318530718),
  .PIECEWISE_BEZIER_KNOTS.);
#11796 = CARTESIAN_POINT('',(1.570796326795,10.));
#11797 = CARTESIAN_POINT('',(0.,10.));
#11798 = ( GEOMETRIC_REPRESENTATION_CONTEXT(2) 
PARAMETRIC_REPRESENTATION_CONTEXT() REPRESENTATION_CONTEXT('2D SPACE',''
  ) );
#11799 = ORIENTED_EDGE('',*,*,#9293,.F.);
#11800 = ADVANCED_FACE('',(#11801),#9338,.F.);
#11801 = FACE_BOUND('',#11802,.F.);
#11802 = EDGE_LOOP('',(#11803,#11804,#11827,#11855));
#11803 = ORIENTED_EDGE('',*,*,#9322,.T.);
#11804 = ORIENTED_EDGE('',*,*,#11805,.T.);
#11805 = EDGE_CURVE('',#9323,#11806,#11808,.T.);
#11806 = VERTEX_POINT('',#11807);
#11807 = CARTESIAN_POINT('',(76.099731252801,-331.2938537371,
    47.16375096559));
#11808 = SURFACE_CURVE('',#11809,(#11813,#11820),.PCURVE_S1.);
#11809 = LINE('',#11810,#11811);
#11810 = CARTESIAN_POINT('',(-13.174185258,-56.53699059269,
    21.888585568769));
#11811 = VECTOR('',#11812,1.);
#11812 = DIRECTION('',(0.307841091417,-0.947437459119,8.715574274766E-02
    ));
#11813 = PCURVE('',#9338,#11814);
#11814 = DEFINITIONAL_REPRESENTATION('',(#11815),#11819);
#11815 = LINE('',#11816,#11817);
#11816 = CARTESIAN_POINT('',(30.,-2.84217094304E-14));
#11817 = VECTOR('',#11818,1.);
#11818 = DIRECTION('',(-1.387778780781E-17,1.));
#11819 = ( GEOMETRIC_REPRESENTATION_CONTEXT(2) 
PARAMETRIC_REPRESENTATION_CONTEXT() REPRESENTATION_CONTEXT('2D SPACE',''
  ) );
#11820 = PCURVE('',#9545,#11821);
#11821 = DEFINITIONAL_REPRESENTATION('',(#11822),#11826);
#11822 = LINE('',#11823,#11824);
#11823 = CARTESIAN_POINT('',(-0.,0.));
#11824 = VECTOR('',#11825,1.);
#11825 = DIRECTION('',(-0.,1.));
#11826 = ( GEOMETRIC_REPRESENTATION_CONTEXT(2) 
PARAMETRIC_REPRESENTATION_CONTEXT() REPRESENTATION_CONTEXT('2D SPACE',''
  ) );
#11827 = ORIENTED_EDGE('',*,*,#11828,.F.);
#11828 = EDGE_CURVE('',#11829,#11806,#11831,.T.);
#11829 = VERTEX_POINT('',#11830);
#11830 = CARTESIAN_POINT('',(76.638383366129,-332.9516544786,
    27.239857003755));
#11831 = SURFACE_CURVE('',#11832,(#11836,#11843),.PCURVE_S1.);
#11832 = LINE('',#11833,#11834);
#11833 = CARTESIAN_POINT('',(76.907709422793,-333.7805548493,
    17.277910022837));
#11834 = VECTOR('',#11835,1.);
#11835 = DIRECTION('',(-2.69326056664E-02,8.28900370727E-02,
    0.996194698092));
#11836 = PCURVE('',#9338,#11837);
#11837 = DEFINITIONAL_REPRESENTATION('',(#11838),#11842);
#11838 = LINE('',#11839,#11840);
#11839 = CARTESIAN_POINT('',(-3.552713678801E-15,290.));
#11840 = VECTOR('',#11841,1.);
#11841 = DIRECTION('',(1.,-1.387778780781E-17));
#11842 = ( GEOMETRIC_REPRESENTATION_CONTEXT(2) 
PARAMETRIC_REPRESENTATION_CONTEXT() REPRESENTATION_CONTEXT('2D SPACE',''
  ) );
#11843 = PCURVE('',#11844,#11849);
#11844 = CYLINDRICAL_SURFACE('',#11845,10.);
#11845 = AXIS2_PLACEMENT_3D('',#11846,#11847,#11848);
#11846 = CARTESIAN_POINT('',(86.418274585745,-330.6903849055,
    17.277910022837));
#11847 = DIRECTION('',(-2.69326056664E-02,8.28900370727E-02,
    0.996194698092));
#11848 = DIRECTION('',(0.307841091417,-0.947437459119,8.715574274766E-02
    ));
#11849 = DEFINITIONAL_REPRESENTATION('',(#11850),#11854);
#11850 = LINE('',#11851,#11852);
#11851 = CARTESIAN_POINT('',(-1.570796326795,0.));
#11852 = VECTOR('',#11853,1.);
#11853 = DIRECTION('',(-0.,1.));
#11854 = ( GEOMETRIC_REPRESENTATION_CONTEXT(2) 
PARAMETRIC_REPRESENTATION_CONTEXT() REPRESENTATION_CONTEXT('2D SPACE',''
  ) );
#11855 = ORIENTED_EDGE('',*,*,#11856,.F.);
#11856 = EDGE_CURVE('',#9294,#11829,#11857,.T.);
#11857 = SURFACE_CURVE('',#11858,(#11862,#11869),.PCURVE_S1.);
#11858 = LINE('',#11859,#11860);
#11859 = CARTESIAN_POINT('',(-12.63553314467,-58.19479133415,
    1.964691606934));
#11860 = VECTOR('',#11861,1.);
#11861 = DIRECTION('',(0.307841091417,-0.947437459119,8.715574274766E-02
    ));
#11862 = PCURVE('',#9338,#11863);
#11863 = DEFINITIONAL_REPRESENTATION('',(#11864),#11868);
#11864 = LINE('',#11865,#11866);
#11865 = CARTESIAN_POINT('',(10.,-7.105427357601E-15));
#11866 = VECTOR('',#11867,1.);
#11867 = DIRECTION('',(-1.387778780781E-17,1.));
#11868 = ( GEOMETRIC_REPRESENTATION_CONTEXT(2) 
PARAMETRIC_REPRESENTATION_CONTEXT() REPRESENTATION_CONTEXT('2D SPACE',''
  ) );
#11869 = PCURVE('',#11789,#11870);
#11870 = DEFINITIONAL_REPRESENTATION('',(#11871),#11875);
#11871 = LINE('',#11872,#11873);
#11872 = CARTESIAN_POINT('',(0.,0.));
#11873 = VECTOR('',#11874,1.);
#11874 = DIRECTION('',(0.,1.));
#11875 = ( GEOMETRIC_REPRESENTATION_CONTEXT(2) 
PARAMETRIC_REPRESENTATION_CONTEXT() REPRESENTATION_CONTEXT('2D SPACE',''
  ) );
#11876 = ADVANCED_FACE('',(#11877),#9393,.T.);
#11877 = FACE_BOUND('',#11878,.F.);
#11878 = EDGE_LOOP('',(#11879,#11880,#11905));
#11879 = ORIENTED_EDGE('',*,*,#9506,.F.);
#11880 = ORIENTED_EDGE('',*,*,#11881,.T.);
#11881 = EDGE_CURVE('',#9479,#9377,#11882,.T.);
#11882 = SURFACE_CURVE('',#11883,(#11888,#11894),.PCURVE_S1.);
#11883 = CIRCLE('',#11884,10.);
#11884 = AXIS2_PLACEMENT_3D('',#11885,#11886,#11887);
#11885 = CARTESIAN_POINT('',(37.995703584247,-52.21831620659,
    2.83624903441));
#11886 = DIRECTION('',(0.307841091417,-0.947437459119,8.715574274766E-02
    ));
#11887 = DIRECTION('',(0.951056516295,0.309016994375,-7.632783294298E-17
    ));
#11888 = PCURVE('',#9393,#11889);
#11889 = DEFINITIONAL_REPRESENTATION('',(#11890),#11893);
#11890 = B_SPLINE_CURVE_WITH_KNOTS('',1,(#11891,#11892),.UNSPECIFIED.,
  .F.,.F.,(2,2),(4.712388980385,6.28318530718),
  .PIECEWISE_BEZIER_KNOTS.);
#11891 = CARTESIAN_POINT('',(-1.570796326795,-1.570796326795));
#11892 = CARTESIAN_POINT('',(-1.570796326795,0.));
#11893 = ( GEOMETRIC_REPRESENTATION_CONTEXT(2) 
PARAMETRIC_REPRESENTATION_CONTEXT() REPRESENTATION_CONTEXT('2D SPACE',''
  ) );
#11894 = PCURVE('',#11895,#11900);
#11895 = CYLINDRICAL_SURFACE('',#11896,10.);
#11896 = AXIS2_PLACEMENT_3D('',#11897,#11898,#11899);
#11897 = CARTESIAN_POINT('',(34.917292670082,-42.7439416154,
    1.964691606934));
#11898 = DIRECTION('',(0.307841091417,-0.947437459119,8.715574274766E-02
    ));
#11899 = DIRECTION('',(0.951056516295,0.309016994375,-3.469446951954E-18
    ));
#11900 = DEFINITIONAL_REPRESENTATION('',(#11901),#11904);
#11901 = B_SPLINE_CURVE_WITH_KNOTS('',1,(#11902,#11903),.UNSPECIFIED.,
  .F.,.F.,(2,2),(4.712388980385,6.28318530718),
  .PIECEWISE_BEZIER_KNOTS.);
#11902 = CARTESIAN_POINT('',(-1.570796326795,10.));
#11903 = CARTESIAN_POINT('',(0.,10.));
#11904 = ( GEOMETRIC_REPRESENTATION_CONTEXT(2) 
PARAMETRIC_REPRESENTATION_CONTEXT() REPRESENTATION_CONTEXT('2D SPACE',''
  ) );
#11905 = ORIENTED_EDGE('',*,*,#9376,.F.);
#11906 = ADVANCED_FACE('',(#11907),#9421,.T.);
#11907 = FACE_BOUND('',#11908,.T.);
#11908 = EDGE_LOOP('',(#11909,#11910,#11933,#11961));
#11909 = ORIENTED_EDGE('',*,*,#9405,.T.);
#11910 = ORIENTED_EDGE('',*,*,#11911,.T.);
#11911 = EDGE_CURVE('',#9406,#11912,#11914,.T.);
#11912 = VERTEX_POINT('',#11913);
#11913 = CARTESIAN_POINT('',(133.16312223051,-312.7528340746,
    47.16375096559));
#11914 = SURFACE_CURVE('',#11915,(#11919,#11926),.PCURVE_S1.);
#11915 = LINE('',#11916,#11917);
#11916 = CARTESIAN_POINT('',(43.889205719705,-37.99597093019,
    21.888585568769));
#11917 = VECTOR('',#11918,1.);
#11918 = DIRECTION('',(0.307841091417,-0.947437459119,8.715574274766E-02
    ));
#11919 = PCURVE('',#9421,#11920);
#11920 = DEFINITIONAL_REPRESENTATION('',(#11921),#11925);
#11921 = LINE('',#11922,#11923);
#11922 = CARTESIAN_POINT('',(30.,-2.13162820728E-14));
#11923 = VECTOR('',#11924,1.);
#11924 = DIRECTION('',(-1.387778780781E-17,1.));
#11925 = ( GEOMETRIC_REPRESENTATION_CONTEXT(2) 
PARAMETRIC_REPRESENTATION_CONTEXT() REPRESENTATION_CONTEXT('2D SPACE',''
  ) );
#11926 = PCURVE('',#9575,#11927);
#11927 = DEFINITIONAL_REPRESENTATION('',(#11928),#11932);
#11928 = LINE('',#11929,#11930);
#11929 = CARTESIAN_POINT('',(0.,0.));
#11930 = VECTOR('',#11931,1.);
#11931 = DIRECTION('',(0.,1.));
#11932 = ( GEOMETRIC_REPRESENTATION_CONTEXT(2) 
PARAMETRIC_REPRESENTATION_CONTEXT() REPRESENTATION_CONTEXT('2D SPACE',''
  ) );
#11933 = ORIENTED_EDGE('',*,*,#11934,.F.);
#11934 = EDGE_CURVE('',#11935,#11912,#11937,.T.);
#11935 = VERTEX_POINT('',#11936);
#11936 = CARTESIAN_POINT('',(133.70177434383,-314.4106348161,
    27.239857003755));
#11937 = SURFACE_CURVE('',#11938,(#11942,#11949),.PCURVE_S1.);
#11938 = LINE('',#11939,#11940);
#11939 = CARTESIAN_POINT('',(133.9711004005,-315.2395351868,
    17.277910022837));
#11940 = VECTOR('',#11941,1.);
#11941 = DIRECTION('',(-2.69326056664E-02,8.28900370727E-02,
    0.996194698092));
#11942 = PCURVE('',#9421,#11943);
#11943 = DEFINITIONAL_REPRESENTATION('',(#11944),#11948);
#11944 = LINE('',#11945,#11946);
#11945 = CARTESIAN_POINT('',(-8.881784197001E-15,290.));
#11946 = VECTOR('',#11947,1.);
#11947 = DIRECTION('',(1.,-1.387778780781E-17));
#11948 = ( GEOMETRIC_REPRESENTATION_CONTEXT(2) 
PARAMETRIC_REPRESENTATION_CONTEXT() REPRESENTATION_CONTEXT('2D SPACE',''
  ) );
#11949 = PCURVE('',#11950,#11955);
#11950 = CYLINDRICAL_SURFACE('',#11951,10.);
#11951 = AXIS2_PLACEMENT_3D('',#11952,#11953,#11954);
#11952 = CARTESIAN_POINT('',(124.46053523755,-318.3297051305,
    17.277910022837));
#11953 = DIRECTION('',(-2.69326056664E-02,8.28900370727E-02,
    0.996194698092));
#11954 = DIRECTION('',(0.307841091417,-0.947437459119,8.715574274766E-02
    ));
#11955 = DEFINITIONAL_REPRESENTATION('',(#11956),#11960);
#11956 = LINE('',#11957,#11958);
#11957 = CARTESIAN_POINT('',(1.570796326795,0.));
#11958 = VECTOR('',#11959,1.);
#11959 = DIRECTION('',(0.,1.));
#11960 = ( GEOMETRIC_REPRESENTATION_CONTEXT(2) 
PARAMETRIC_REPRESENTATION_CONTEXT() REPRESENTATION_CONTEXT('2D SPACE',''
  ) );
#11961 = ORIENTED_EDGE('',*,*,#11962,.F.);
#11962 = EDGE_CURVE('',#9377,#11935,#11963,.T.);
#11963 = SURFACE_CURVE('',#11964,(#11968,#11975),.PCURVE_S1.);
#11964 = LINE('',#11965,#11966);
#11965 = CARTESIAN_POINT('',(44.427857833033,-39.65377167165,
    1.964691606934));
#11966 = VECTOR('',#11967,1.);
#11967 = DIRECTION('',(0.307841091417,-0.947437459119,8.715574274766E-02
    ));
#11968 = PCURVE('',#9421,#11969);
#11969 = DEFINITIONAL_REPRESENTATION('',(#11970),#11974);
#11970 = LINE('',#11971,#11972);
#11971 = CARTESIAN_POINT('',(10.,0.));
#11972 = VECTOR('',#11973,1.);
#11973 = DIRECTION('',(-1.387778780781E-17,1.));
#11974 = ( GEOMETRIC_REPRESENTATION_CONTEXT(2) 
PARAMETRIC_REPRESENTATION_CONTEXT() REPRESENTATION_CONTEXT('2D SPACE',''
  ) );
#11975 = PCURVE('',#11895,#11976);
#11976 = DEFINITIONAL_REPRESENTATION('',(#11977),#11981);
#11977 = LINE('',#11978,#11979);
#11978 = CARTESIAN_POINT('',(-0.,0.));
#11979 = VECTOR('',#11980,1.);
#11980 = DIRECTION('',(-0.,1.));
#11981 = ( GEOMETRIC_REPRESENTATION_CONTEXT(2) 
PARAMETRIC_REPRESENTATION_CONTEXT() REPRESENTATION_CONTEXT('2D SPACE',''
  ) );
#11982 = ADVANCED_FACE('',(#11983),#9494,.F.);
#11983 = FACE_BOUND('',#11984,.F.);
#11984 = EDGE_LOOP('',(#11985,#11986,#12009,#12037,#12063,#12089,#12115,
    #12138));
#11985 = ORIENTED_EDGE('',*,*,#9478,.F.);
#11986 = ORIENTED_EDGE('',*,*,#11987,.T.);
#11987 = EDGE_CURVE('',#9457,#11988,#11990,.T.);
#11988 = VERTEX_POINT('',#11989);
#11989 = CARTESIAN_POINT('',(86.418274585745,-330.6903849055,
    17.277910022837));
#11990 = SURFACE_CURVE('',#11991,(#11995,#12002),.PCURVE_S1.);
#11991 = LINE('',#11992,#11993);
#11992 = CARTESIAN_POINT('',(-2.85564192506,-55.93352176112,
    -7.997255373984));
#11993 = VECTOR('',#11994,1.);
#11994 = DIRECTION('',(0.307841091417,-0.947437459119,8.715574274766E-02
    ));
#11995 = PCURVE('',#9494,#11996);
#11996 = DEFINITIONAL_REPRESENTATION('',(#11997),#12001);
#11997 = LINE('',#11998,#11999);
#11998 = CARTESIAN_POINT('',(0.,10.));
#11999 = VECTOR('',#12000,1.);
#12000 = DIRECTION('',(1.,0.));
#12001 = ( GEOMETRIC_REPRESENTATION_CONTEXT(2) 
PARAMETRIC_REPRESENTATION_CONTEXT() REPRESENTATION_CONTEXT('2D SPACE',''
  ) );
#12002 = PCURVE('',#11789,#12003);
#12003 = DEFINITIONAL_REPRESENTATION('',(#12004),#12008);
#12004 = LINE('',#12005,#12006);
#12005 = CARTESIAN_POINT('',(1.570796326795,0.));
#12006 = VECTOR('',#12007,1.);
#12007 = DIRECTION('',(0.,1.));
#12008 = ( GEOMETRIC_REPRESENTATION_CONTEXT(2) 
PARAMETRIC_REPRESENTATION_CONTEXT() REPRESENTATION_CONTEXT('2D SPACE',''
  ) );
#12009 = ORIENTED_EDGE('',*,*,#12010,.T.);
#12010 = EDGE_CURVE('',#11988,#12011,#12013,.T.);
#12011 = VERTEX_POINT('',#12012);
#12012 = CARTESIAN_POINT('',(95.929093965431,-327.6001323618,
    17.277910022837));
#12013 = SURFACE_CURVE('',#12014,(#12018,#12025),.PCURVE_S1.);
#12014 = LINE('',#12015,#12016);
#12015 = CARTESIAN_POINT('',(76.907709422793,-333.7805548493,
    17.277910022837));
#12016 = VECTOR('',#12017,1.);
#12017 = DIRECTION('',(0.951056516295,0.309016994375,0.));
#12018 = PCURVE('',#9494,#12019);
#12019 = DEFINITIONAL_REPRESENTATION('',(#12020),#12024);
#12020 = LINE('',#12021,#12022);
#12021 = CARTESIAN_POINT('',(290.,-2.84217094304E-14));
#12022 = VECTOR('',#12023,1.);
#12023 = DIRECTION('',(0.,1.));
#12024 = ( GEOMETRIC_REPRESENTATION_CONTEXT(2) 
PARAMETRIC_REPRESENTATION_CONTEXT() REPRESENTATION_CONTEXT('2D SPACE',''
  ) );
#12025 = PCURVE('',#12026,#12031);
#12026 = CYLINDRICAL_SURFACE('',#12027,10.);
#12027 = AXIS2_PLACEMENT_3D('',#12028,#12029,#12030);
#12028 = CARTESIAN_POINT('',(76.638383366129,-332.9516544786,
    27.239857003755));
#12029 = DIRECTION('',(0.951056516295,0.309016994375,0.));
#12030 = DIRECTION('',(0.307841091417,-0.947437459119,8.715574274766E-02
    ));
#12031 = DEFINITIONAL_REPRESENTATION('',(#12032),#12036);
#12032 = LINE('',#12033,#12034);
#12033 = CARTESIAN_POINT('',(1.570796326795,0.));
#12034 = VECTOR('',#12035,1.);
#12035 = DIRECTION('',(0.,1.));
#12036 = ( GEOMETRIC_REPRESENTATION_CONTEXT(2) 
PARAMETRIC_REPRESENTATION_CONTEXT() REPRESENTATION_CONTEXT('2D SPACE',''
  ) );
#12037 = ORIENTED_EDGE('',*,*,#12038,.F.);
#12038 = EDGE_CURVE('',#12039,#12011,#12041,.T.);
#12039 = VERTEX_POINT('',#12040);
#12040 = CARTESIAN_POINT('',(92.813462463859,-318.0112045815,
    16.395814730107));
#12041 = SURFACE_CURVE('',#12042,(#12046,#12052),.PCURVE_S1.);
#12042 = LINE('',#12043,#12044);
#12043 = CARTESIAN_POINT('',(52.408205124743,-193.6566092535,
    4.956308073942));
#12044 = VECTOR('',#12045,1.);
#12045 = DIRECTION('',(0.307841091417,-0.947437459119,8.715574274766E-02
    ));
#12046 = PCURVE('',#9494,#12047);
#12047 = DEFINITIONAL_REPRESENTATION('',(#12048),#12051);
#12048 = B_SPLINE_CURVE_WITH_KNOTS('',1,(#12049,#12050),.UNSPECIFIED.,
  .F.,.F.,(2,2),(125.10287264028,141.37452748891),
  .PIECEWISE_BEZIER_KNOTS.);
#12049 = CARTESIAN_POINT('',(273.72834515136,20.000267299294));
#12050 = CARTESIAN_POINT('',(290.,20.000267299294));
#12051 = ( GEOMETRIC_REPRESENTATION_CONTEXT(2) 
PARAMETRIC_REPRESENTATION_CONTEXT() REPRESENTATION_CONTEXT('2D SPACE',''
  ) );
#12052 = PCURVE('',#12053,#12058);
#12053 = PLANE('',#12054);
#12054 = AXIS2_PLACEMENT_3D('',#12055,#12056,#12057);
#12055 = CARTESIAN_POINT('',(98.645434837048,-335.9601699437,
    1.110223024625E-15));
#12056 = DIRECTION('',(-0.951056516295,-0.309016994375,
    1.110223024625E-16));
#12057 = DIRECTION('',(0.309016994375,-0.951056516295,0.));
#12058 = DEFINITIONAL_REPRESENTATION('',(#12059),#12062);
#12059 = B_SPLINE_CURVE_WITH_KNOTS('',1,(#12060,#12061),.UNSPECIFIED.,
  .F.,.F.,(2,2),(125.10287264028,141.37452748891),
  .PIECEWISE_BEZIER_KNOTS.);
#12060 = CARTESIAN_POINT('',(-25.,15.859741858771));
#12061 = CARTESIAN_POINT('',(-8.790263710615,17.277910022837));
#12062 = ( GEOMETRIC_REPRESENTATION_CONTEXT(2) 
PARAMETRIC_REPRESENTATION_CONTEXT() REPRESENTATION_CONTEXT('2D SPACE',''
  ) );
#12063 = ORIENTED_EDGE('',*,*,#12064,.F.);
#12064 = EDGE_CURVE('',#12065,#12039,#12067,.T.);
#12065 = VERTEX_POINT('',#12066);
#12066 = CARTESIAN_POINT('',(111.83459278976,-311.830864694,
    16.395814730107));
#12067 = SURFACE_CURVE('',#12068,(#12072,#12078),.PCURVE_S1.);
#12068 = LINE('',#12069,#12070);
#12069 = CARTESIAN_POINT('',(111.83459278976,-311.830864694,
    16.395814730107));
#12070 = VECTOR('',#12071,1.);
#12071 = DIRECTION('',(-0.951056516295,-0.309016994375,
    1.110223024625E-16));
#12072 = PCURVE('',#9494,#12073);
#12073 = DEFINITIONAL_REPRESENTATION('',(#12074),#12077);
#12074 = B_SPLINE_CURVE_WITH_KNOTS('',1,(#12075,#12076),.UNSPECIFIED.,
  .F.,.F.,(2,2),(-5.999999933557E-07,20.0000006),
  .PIECEWISE_BEZIER_KNOTS.);
#12075 = CARTESIAN_POINT('',(279.87909155585,40.000267899294));
#12076 = CARTESIAN_POINT('',(279.87909155585,20.000266699294));
#12077 = ( GEOMETRIC_REPRESENTATION_CONTEXT(2) 
PARAMETRIC_REPRESENTATION_CONTEXT() REPRESENTATION_CONTEXT('2D SPACE',''
  ) );
#12078 = PCURVE('',#12079,#12084);
#12079 = CYLINDRICAL_SURFACE('',#12080,25.);
#12080 = AXIS2_PLACEMENT_3D('',#12081,#12082,#12083);
#12081 = CARTESIAN_POINT('',(117.66656516295,-329.7798300562,
    -1.110223024625E-15));
#12082 = DIRECTION('',(-0.951056516295,-0.309016994375,
    1.110223024625E-16));
#12083 = DIRECTION('',(0.309016994375,-0.951056516295,0.));
#12084 = DEFINITIONAL_REPRESENTATION('',(#12085),#12088);
#12085 = B_SPLINE_CURVE_WITH_KNOTS('',1,(#12086,#12087),.UNSPECIFIED.,
  .F.,.F.,(2,2),(-1.351532597902E-14,20.),.PIECEWISE_BEZIER_KNOTS.);
#12086 = CARTESIAN_POINT('',(2.426307656819,-9.918668037531E-15));
#12087 = CARTESIAN_POINT('',(2.426307656819,20.));
#12088 = ( GEOMETRIC_REPRESENTATION_CONTEXT(2) 
PARAMETRIC_REPRESENTATION_CONTEXT() REPRESENTATION_CONTEXT('2D SPACE',''
  ) );
#12089 = ORIENTED_EDGE('',*,*,#12090,.T.);
#12090 = EDGE_CURVE('',#12065,#12091,#12093,.T.);
#12091 = VERTEX_POINT('',#12092);
#12092 = CARTESIAN_POINT('',(114.95022429133,-321.4197924743,
    17.277910022837));
#12093 = SURFACE_CURVE('',#12094,(#12098,#12104),.PCURVE_S1.);
#12094 = LINE('',#12095,#12096);
#12095 = CARTESIAN_POINT('',(71.429335450646,-187.476269366,
    4.956308073942));
#12096 = VECTOR('',#12097,1.);
#12097 = DIRECTION('',(0.307841091417,-0.947437459119,8.715574274766E-02
    ));
#12098 = PCURVE('',#9494,#12099);
#12099 = DEFINITIONAL_REPRESENTATION('',(#12100),#12103);
#12100 = B_SPLINE_CURVE_WITH_KNOTS('',1,(#12101,#12102),.UNSPECIFIED.,
  .F.,.F.,(2,2),(125.10287264028,141.37452748891),
  .PIECEWISE_BEZIER_KNOTS.);
#12101 = CARTESIAN_POINT('',(273.72834515136,40.000267299294));
#12102 = CARTESIAN_POINT('',(290.,40.000267299294));
#12103 = ( GEOMETRIC_REPRESENTATION_CONTEXT(2) 
PARAMETRIC_REPRESENTATION_CONTEXT() REPRESENTATION_CONTEXT('2D SPACE',''
  ) );
#12104 = PCURVE('',#12105,#12110);
#12105 = PLANE('',#12106);
#12106 = AXIS2_PLACEMENT_3D('',#12107,#12108,#12109);
#12107 = CARTESIAN_POINT('',(117.66656516295,-329.7798300562,
    -1.110223024625E-15));
#12108 = DIRECTION('',(-0.951056516295,-0.309016994375,
    1.110223024625E-16));
#12109 = DIRECTION('',(0.309016994375,-0.951056516295,0.));
#12110 = DEFINITIONAL_REPRESENTATION('',(#12111),#12114);
#12111 = B_SPLINE_CURVE_WITH_KNOTS('',1,(#12112,#12113),.UNSPECIFIED.,
  .F.,.F.,(2,2),(125.10287264028,141.37452748891),
  .PIECEWISE_BEZIER_KNOTS.);
#12112 = CARTESIAN_POINT('',(-25.,15.859741858771));
#12113 = CARTESIAN_POINT('',(-8.790263710615,17.277910022837));
#12114 = ( GEOMETRIC_REPRESENTATION_CONTEXT(2) 
PARAMETRIC_REPRESENTATION_CONTEXT() REPRESENTATION_CONTEXT('2D SPACE',''
  ) );
#12115 = ORIENTED_EDGE('',*,*,#12116,.T.);
#12116 = EDGE_CURVE('',#12091,#12117,#12119,.T.);
#12117 = VERTEX_POINT('',#12118);
#12118 = CARTESIAN_POINT('',(124.46053523755,-318.3297051305,
    17.277910022837));
#12119 = SURFACE_CURVE('',#12120,(#12124,#12131),.PCURVE_S1.);
#12120 = LINE('',#12121,#12122);
#12121 = CARTESIAN_POINT('',(76.907709422793,-333.7805548493,
    17.277910022837));
#12122 = VECTOR('',#12123,1.);
#12123 = DIRECTION('',(0.951056516295,0.309016994375,0.));
#12124 = PCURVE('',#9494,#12125);
#12125 = DEFINITIONAL_REPRESENTATION('',(#12126),#12130);
#12126 = LINE('',#12127,#12128);
#12127 = CARTESIAN_POINT('',(290.,-2.84217094304E-14));
#12128 = VECTOR('',#12129,1.);
#12129 = DIRECTION('',(0.,1.));
#12130 = ( GEOMETRIC_REPRESENTATION_CONTEXT(2) 
PARAMETRIC_REPRESENTATION_CONTEXT() REPRESENTATION_CONTEXT('2D SPACE',''
  ) );
#12131 = PCURVE('',#12026,#12132);
#12132 = DEFINITIONAL_REPRESENTATION('',(#12133),#12137);
#12133 = LINE('',#12134,#12135);
#12134 = CARTESIAN_POINT('',(1.570796326795,0.));
#12135 = VECTOR('',#12136,1.);
#12136 = DIRECTION('',(0.,1.));
#12137 = ( GEOMETRIC_REPRESENTATION_CONTEXT(2) 
PARAMETRIC_REPRESENTATION_CONTEXT() REPRESENTATION_CONTEXT('2D SPACE',''
  ) );
#12138 = ORIENTED_EDGE('',*,*,#12139,.F.);
#12139 = EDGE_CURVE('',#9479,#12117,#12140,.T.);
#12140 = SURFACE_CURVE('',#12141,(#12145,#12152),.PCURVE_S1.);
#12141 = LINE('',#12142,#12143);
#12142 = CARTESIAN_POINT('',(35.186618726746,-43.57284198612,
    -7.997255373984));
#12143 = VECTOR('',#12144,1.);
#12144 = DIRECTION('',(0.307841091417,-0.947437459119,8.715574274766E-02
    ));
#12145 = PCURVE('',#9494,#12146);
#12146 = DEFINITIONAL_REPRESENTATION('',(#12147),#12151);
#12147 = LINE('',#12148,#12149);
#12148 = CARTESIAN_POINT('',(2.84217094304E-14,50.));
#12149 = VECTOR('',#12150,1.);
#12150 = DIRECTION('',(1.,0.));
#12151 = ( GEOMETRIC_REPRESENTATION_CONTEXT(2) 
PARAMETRIC_REPRESENTATION_CONTEXT() REPRESENTATION_CONTEXT('2D SPACE',''
  ) );
#12152 = PCURVE('',#11895,#12153);
#12153 = DEFINITIONAL_REPRESENTATION('',(#12154),#12158);
#12154 = LINE('',#12155,#12156);
#12155 = CARTESIAN_POINT('',(-1.570796326795,0.));
#12156 = VECTOR('',#12157,1.);
#12157 = DIRECTION('',(-0.,1.));
#12158 = ( GEOMETRIC_REPRESENTATION_CONTEXT(2) 
PARAMETRIC_REPRESENTATION_CONTEXT() REPRESENTATION_CONTEXT('2D SPACE',''
  ) );
#12159 = ADVANCED_FACE('',(#12160),#9545,.T.);
#12160 = FACE_BOUND('',#12161,.F.);
#12161 = EDGE_LOOP('',(#12162,#12163,#12164,#12189));
#12162 = ORIENTED_EDGE('',*,*,#9531,.F.);
#12163 = ORIENTED_EDGE('',*,*,#9591,.T.);
#12164 = ORIENTED_EDGE('',*,*,#12165,.T.);
#12165 = EDGE_CURVE('',#9592,#11806,#12166,.T.);
#12166 = SURFACE_CURVE('',#12167,(#12172,#12178),.PCURVE_S1.);
#12167 = CIRCLE('',#12168,10.);
#12168 = AXIS2_PLACEMENT_3D('',#12169,#12170,#12171);
#12169 = CARTESIAN_POINT('',(85.610296415753,-328.2036837934,
    47.16375096559));
#12170 = DIRECTION('',(0.307841091417,-0.947437459119,8.715574274766E-02
    ));
#12171 = DIRECTION('',(-0.951056516295,-0.309016994375,
    7.216449660064E-16));
#12172 = PCURVE('',#9545,#12173);
#12173 = DEFINITIONAL_REPRESENTATION('',(#12174),#12177);
#12174 = B_SPLINE_CURVE_WITH_KNOTS('',1,(#12175,#12176),.UNSPECIFIED.,
  .F.,.F.,(2,2),(4.712388980385,6.28318530718),
  .PIECEWISE_BEZIER_KNOTS.);
#12175 = CARTESIAN_POINT('',(-1.570796326795,290.));
#12176 = CARTESIAN_POINT('',(0.,290.));
#12177 = ( GEOMETRIC_REPRESENTATION_CONTEXT(2) 
PARAMETRIC_REPRESENTATION_CONTEXT() REPRESENTATION_CONTEXT('2D SPACE',''
  ) );
#12178 = PCURVE('',#12179,#12184);
#12179 = SPHERICAL_SURFACE('',#12180,10.);
#12180 = AXIS2_PLACEMENT_3D('',#12181,#12182,#12183);
#12181 = CARTESIAN_POINT('',(85.610296415753,-328.2036837934,
    47.16375096559));
#12182 = DIRECTION('',(2.69326056664E-02,-8.28900370727E-02,
    -0.996194698092));
#12183 = DIRECTION('',(0.307841091417,-0.947437459119,8.715574274766E-02
    ));
#12184 = DEFINITIONAL_REPRESENTATION('',(#12185),#12188);
#12185 = B_SPLINE_CURVE_WITH_KNOTS('',1,(#12186,#12187),.UNSPECIFIED.,
  .F.,.F.,(2,2),(4.712388980385,6.28318530718),
  .PIECEWISE_BEZIER_KNOTS.);
#12186 = CARTESIAN_POINT('',(1.570796326795,-1.570796326795));
#12187 = CARTESIAN_POINT('',(1.570796326795,0.));
#12188 = ( GEOMETRIC_REPRESENTATION_CONTEXT(2) 
PARAMETRIC_REPRESENTATION_CONTEXT() REPRESENTATION_CONTEXT('2D SPACE',''
  ) );
#12189 = ORIENTED_EDGE('',*,*,#11805,.F.);
#12190 = ADVANCED_FACE('',(#12191),#9575,.T.);
#12191 = FACE_BOUND('',#12192,.T.);
#12192 = EDGE_LOOP('',(#12193,#12194,#12195,#12220));
#12193 = ORIENTED_EDGE('',*,*,#9561,.T.);
#12194 = ORIENTED_EDGE('',*,*,#9642,.T.);
#12195 = ORIENTED_EDGE('',*,*,#12196,.F.);
#12196 = EDGE_CURVE('',#11912,#9615,#12197,.T.);
#12197 = SURFACE_CURVE('',#12198,(#12203,#12209),.PCURVE_S1.);
#12198 = CIRCLE('',#12199,10.);
#12199 = AXIS2_PLACEMENT_3D('',#12200,#12201,#12202);
#12200 = CARTESIAN_POINT('',(123.65255706755,-315.8430040184,
    47.16375096559));
#12201 = DIRECTION('',(0.307841091417,-0.947437459119,8.715574274766E-02
    ));
#12202 = DIRECTION('',(-2.69326056664E-02,8.289003707271E-02,
    0.996194698092));
#12203 = PCURVE('',#9575,#12204);
#12204 = DEFINITIONAL_REPRESENTATION('',(#12205),#12208);
#12205 = B_SPLINE_CURVE_WITH_KNOTS('',1,(#12206,#12207),.UNSPECIFIED.,
  .F.,.F.,(2,2),(4.712388980385,6.28318530718),
  .PIECEWISE_BEZIER_KNOTS.);
#12206 = CARTESIAN_POINT('',(0.,290.));
#12207 = CARTESIAN_POINT('',(1.570796326795,290.));
#12208 = ( GEOMETRIC_REPRESENTATION_CONTEXT(2) 
PARAMETRIC_REPRESENTATION_CONTEXT() REPRESENTATION_CONTEXT('2D SPACE',''
  ) );
#12209 = PCURVE('',#12210,#12215);
#12210 = SPHERICAL_SURFACE('',#12211,10.);
#12211 = AXIS2_PLACEMENT_3D('',#12212,#12213,#12214);
#12212 = CARTESIAN_POINT('',(123.65255706755,-315.8430040184,
    47.16375096559));
#12213 = DIRECTION('',(-0.951056516295,-0.309016994375,
    3.469446951954E-18));
#12214 = DIRECTION('',(0.307841091417,-0.947437459119,8.715574274766E-02
    ));
#12215 = DEFINITIONAL_REPRESENTATION('',(#12216),#12219);
#12216 = B_SPLINE_CURVE_WITH_KNOTS('',1,(#12217,#12218),.UNSPECIFIED.,
  .F.,.F.,(2,2),(4.712388980385,6.28318530718),
  .PIECEWISE_BEZIER_KNOTS.);
#12217 = CARTESIAN_POINT('',(1.570796326795,-1.570796326795));
#12218 = CARTESIAN_POINT('',(1.570796326795,0.));
#12219 = ( GEOMETRIC_REPRESENTATION_CONTEXT(2) 
PARAMETRIC_REPRESENTATION_CONTEXT() REPRESENTATION_CONTEXT('2D SPACE',''
  ) );
#12220 = ORIENTED_EDGE('',*,*,#11911,.F.);
#12221 = ADVANCED_FACE('',(#12222),#9630,.T.);
#12222 = FACE_BOUND('',#12223,.F.);
#12223 = EDGE_LOOP('',(#12224,#12246,#12247,#12271));
#12224 = ORIENTED_EDGE('',*,*,#12225,.F.);
#12225 = EDGE_CURVE('',#9592,#12226,#12228,.T.);
#12226 = VERTEX_POINT('',#12227);
#12227 = CARTESIAN_POINT('',(88.688707329918,-337.6780583845,
    48.035308393066));
#12228 = SURFACE_CURVE('',#12229,(#12234,#12240),.PCURVE_S1.);
#12229 = CIRCLE('',#12230,10.);
#12230 = AXIS2_PLACEMENT_3D('',#12231,#12232,#12233);
#12231 = CARTESIAN_POINT('',(85.610296415753,-328.2036837934,
    47.16375096559));
#12232 = DIRECTION('',(0.951056516295,0.309016994375,-1.942890293094E-16
    ));
#12233 = DIRECTION('',(0.307841091417,-0.947437459119,8.715574274766E-02
    ));
#12234 = PCURVE('',#9630,#12235);
#12235 = DEFINITIONAL_REPRESENTATION('',(#12236),#12239);
#12236 = B_SPLINE_CURVE_WITH_KNOTS('',1,(#12237,#12238),.UNSPECIFIED.,
  .F.,.F.,(2,2),(4.712388980385,6.28318530718),
  .PIECEWISE_BEZIER_KNOTS.);
#12237 = CARTESIAN_POINT('',(-1.570796326795,10.));
#12238 = CARTESIAN_POINT('',(0.,10.));
#12239 = ( GEOMETRIC_REPRESENTATION_CONTEXT(2) 
PARAMETRIC_REPRESENTATION_CONTEXT() REPRESENTATION_CONTEXT('2D SPACE',''
  ) );
#12240 = PCURVE('',#12179,#12241);
#12241 = DEFINITIONAL_REPRESENTATION('',(#12242),#12245);
#12242 = B_SPLINE_CURVE_WITH_KNOTS('',1,(#12243,#12244),.UNSPECIFIED.,
  .F.,.F.,(2,2),(4.712388980385,6.28318530718),
  .PIECEWISE_BEZIER_KNOTS.);
#12243 = CARTESIAN_POINT('',(0.,-1.570796326795));
#12244 = CARTESIAN_POINT('',(0.,0.));
#12245 = ( GEOMETRIC_REPRESENTATION_CONTEXT(2) 
PARAMETRIC_REPRESENTATION_CONTEXT() REPRESENTATION_CONTEXT('2D SPACE',''
  ) );
#12246 = ORIENTED_EDGE('',*,*,#9614,.T.);
#12247 = ORIENTED_EDGE('',*,*,#12248,.F.);
#12248 = EDGE_CURVE('',#12249,#9615,#12251,.T.);
#12249 = VERTEX_POINT('',#12250);
#12250 = CARTESIAN_POINT('',(126.73096798172,-325.3173786096,
    48.035308393066));
#12251 = SURFACE_CURVE('',#12252,(#12257,#12264),.PCURVE_S1.);
#12252 = CIRCLE('',#12253,10.);
#12253 = AXIS2_PLACEMENT_3D('',#12254,#12255,#12256);
#12254 = CARTESIAN_POINT('',(123.65255706755,-315.8430040184,
    47.16375096559));
#12255 = DIRECTION('',(-0.951056516295,-0.309016994375,
    6.938893903907E-18));
#12256 = DIRECTION('',(0.307841091417,-0.947437459119,8.715574274766E-02
    ));
#12257 = PCURVE('',#9630,#12258);
#12258 = DEFINITIONAL_REPRESENTATION('',(#12259),#12263);
#12259 = LINE('',#12260,#12261);
#12260 = CARTESIAN_POINT('',(-0.,50.));
#12261 = VECTOR('',#12262,1.);
#12262 = DIRECTION('',(-1.,0.));
#12263 = ( GEOMETRIC_REPRESENTATION_CONTEXT(2) 
PARAMETRIC_REPRESENTATION_CONTEXT() REPRESENTATION_CONTEXT('2D SPACE',''
  ) );
#12264 = PCURVE('',#12210,#12265);
#12265 = DEFINITIONAL_REPRESENTATION('',(#12266),#12270);
#12266 = LINE('',#12267,#12268);
#12267 = CARTESIAN_POINT('',(0.,0.));
#12268 = VECTOR('',#12269,1.);
#12269 = DIRECTION('',(1.,0.));
#12270 = ( GEOMETRIC_REPRESENTATION_CONTEXT(2) 
PARAMETRIC_REPRESENTATION_CONTEXT() REPRESENTATION_CONTEXT('2D SPACE',''
  ) );
#12271 = ORIENTED_EDGE('',*,*,#12272,.F.);
#12272 = EDGE_CURVE('',#12226,#12249,#12273,.T.);
#12273 = SURFACE_CURVE('',#12274,(#12278,#12285),.PCURVE_S1.);
#12274 = LINE('',#12275,#12276);
#12275 = CARTESIAN_POINT('',(79.178142166967,-340.7682283283,
    48.035308393066));
#12276 = VECTOR('',#12277,1.);
#12277 = DIRECTION('',(0.951056516295,0.309016994375,0.));
#12278 = PCURVE('',#9630,#12279);
#12279 = DEFINITIONAL_REPRESENTATION('',(#12280),#12284);
#12280 = LINE('',#12281,#12282);
#12281 = CARTESIAN_POINT('',(-0.,0.));
#12282 = VECTOR('',#12283,1.);
#12283 = DIRECTION('',(-0.,1.));
#12284 = ( GEOMETRIC_REPRESENTATION_CONTEXT(2) 
PARAMETRIC_REPRESENTATION_CONTEXT() REPRESENTATION_CONTEXT('2D SPACE',''
  ) );
#12285 = PCURVE('',#12286,#12291);
#12286 = PLANE('',#12287);
#12287 = AXIS2_PLACEMENT_3D('',#12288,#12289,#12290);
#12288 = CARTESIAN_POINT('',(79.986120336959,-343.2549294405,
    18.149467450314));
#12289 = DIRECTION('',(0.307841091417,-0.947437459119,8.715574274766E-02
    ));
#12290 = DIRECTION('',(-2.69326056664E-02,8.28900370727E-02,
    0.996194698092));
#12291 = DEFINITIONAL_REPRESENTATION('',(#12292),#12296);
#12292 = LINE('',#12293,#12294);
#12293 = CARTESIAN_POINT('',(30.,1.42108547152E-14));
#12294 = VECTOR('',#12295,1.);
#12295 = DIRECTION('',(3.469446951954E-18,-1.));
#12296 = ( GEOMETRIC_REPRESENTATION_CONTEXT(2) 
PARAMETRIC_REPRESENTATION_CONTEXT() REPRESENTATION_CONTEXT('2D SPACE',''
  ) );
#12297 = ADVANCED_FACE('',(#12298),#9681,.T.);
#12298 = FACE_BOUND('',#12299,.T.);
#12299 = EDGE_LOOP('',(#12300,#12301,#12302,#12327));
#12300 = ORIENTED_EDGE('',*,*,#9667,.F.);
#12301 = ORIENTED_EDGE('',*,*,#9879,.T.);
#12302 = ORIENTED_EDGE('',*,*,#12303,.T.);
#12303 = EDGE_CURVE('',#9880,#9721,#12304,.T.);
#12304 = SURFACE_CURVE('',#12305,(#12310,#12316),.PCURVE_S1.);
#12305 = CIRCLE('',#12306,10.);
#12306 = AXIS2_PLACEMENT_3D('',#12307,#12308,#12309);
#12307 = CARTESIAN_POINT('',(340.33881516032,-20.,27.239857003755));
#12308 = DIRECTION('',(-0.996194698092,5.489882783168E-15,
    -8.715574274766E-02));
#12309 = DIRECTION('',(-5.468992121738E-15,-1.,-4.784748115646E-16));
#12310 = PCURVE('',#9681,#12311);
#12311 = DEFINITIONAL_REPRESENTATION('',(#12312),#12315);
#12312 = B_SPLINE_CURVE_WITH_KNOTS('',1,(#12313,#12314),.UNSPECIFIED.,
  .F.,.F.,(2,2),(4.712388980385,6.28318530718),
  .PIECEWISE_BEZIER_KNOTS.);
#12313 = CARTESIAN_POINT('',(1.570796326795,290.));
#12314 = CARTESIAN_POINT('',(0.,290.));
#12315 = ( GEOMETRIC_REPRESENTATION_CONTEXT(2) 
PARAMETRIC_REPRESENTATION_CONTEXT() REPRESENTATION_CONTEXT('2D SPACE',''
  ) );
#12316 = PCURVE('',#12317,#12322);
#12317 = SPHERICAL_SURFACE('',#12318,10.);
#12318 = AXIS2_PLACEMENT_3D('',#12319,#12320,#12321);
#12319 = CARTESIAN_POINT('',(340.33881516032,-20.,27.239857003755));
#12320 = DIRECTION('',(-8.715574274766E-02,0.,0.996194698092));
#12321 = DIRECTION('',(0.996194698092,0.,8.715574274766E-02));
#12322 = DEFINITIONAL_REPRESENTATION('',(#12323),#12326);
#12323 = B_SPLINE_CURVE_WITH_KNOTS('',1,(#12324,#12325),.UNSPECIFIED.,
  .F.,.F.,(2,2),(4.712388980385,6.28318530718),
  .PIECEWISE_BEZIER_KNOTS.);
#12324 = CARTESIAN_POINT('',(-1.570796326795,-1.570796326795));
#12325 = CARTESIAN_POINT('',(-1.570796326795,0.));
#12326 = ( GEOMETRIC_REPRESENTATION_CONTEXT(2) 
PARAMETRIC_REPRESENTATION_CONTEXT() REPRESENTATION_CONTEXT('2D SPACE',''
  ) );
#12327 = ORIENTED_EDGE('',*,*,#9748,.F.);
#12328 = ADVANCED_FACE('',(#12329),#9736,.T.);
#12329 = FACE_BOUND('',#12330,.F.);
#12330 = EDGE_LOOP('',(#12331,#12354,#12376,#12377));
#12331 = ORIENTED_EDGE('',*,*,#12332,.F.);
#12332 = EDGE_CURVE('',#12333,#10118,#12335,.T.);
#12333 = VERTEX_POINT('',#12334);
#12334 = CARTESIAN_POINT('',(350.30076214123,-20.,28.111414431231));
#12335 = SURFACE_CURVE('',#12336,(#12340,#12347),.PCURVE_S1.);
#12336 = LINE('',#12337,#12338);
#12337 = CARTESIAN_POINT('',(351.17231956871,-20.,18.149467450314));
#12338 = VECTOR('',#12339,1.);
#12339 = DIRECTION('',(-8.715574274766E-02,0.,0.996194698092));
#12340 = PCURVE('',#9736,#12341);
#12341 = DEFINITIONAL_REPRESENTATION('',(#12342),#12346);
#12342 = LINE('',#12343,#12344);
#12343 = CARTESIAN_POINT('',(-0.,0.));
#12344 = VECTOR('',#12345,1.);
#12345 = DIRECTION('',(-0.,1.));
#12346 = ( GEOMETRIC_REPRESENTATION_CONTEXT(2) 
PARAMETRIC_REPRESENTATION_CONTEXT() REPRESENTATION_CONTEXT('2D SPACE',''
  ) );
#12347 = PCURVE('',#10178,#12348);
#12348 = DEFINITIONAL_REPRESENTATION('',(#12349),#12353);
#12349 = LINE('',#12350,#12351);
#12350 = CARTESIAN_POINT('',(0.,-10.));
#12351 = VECTOR('',#12352,1.);
#12352 = DIRECTION('',(1.,0.));
#12353 = ( GEOMETRIC_REPRESENTATION_CONTEXT(2) 
PARAMETRIC_REPRESENTATION_CONTEXT() REPRESENTATION_CONTEXT('2D SPACE',''
  ) );
#12354 = ORIENTED_EDGE('',*,*,#12355,.T.);
#12355 = EDGE_CURVE('',#12333,#9721,#12356,.T.);
#12356 = SURFACE_CURVE('',#12357,(#12362,#12369),.PCURVE_S1.);
#12357 = CIRCLE('',#12358,10.);
#12358 = AXIS2_PLACEMENT_3D('',#12359,#12360,#12361);
#12359 = CARTESIAN_POINT('',(340.33881516032,-20.,27.239857003755));
#12360 = DIRECTION('',(8.715574274766E-02,0.,-0.996194698092));
#12361 = DIRECTION('',(0.996194698092,0.,8.715574274766E-02));
#12362 = PCURVE('',#9736,#12363);
#12363 = DEFINITIONAL_REPRESENTATION('',(#12364),#12368);
#12364 = LINE('',#12365,#12366);
#12365 = CARTESIAN_POINT('',(-0.,10.));
#12366 = VECTOR('',#12367,1.);
#12367 = DIRECTION('',(-1.,0.));
#12368 = ( GEOMETRIC_REPRESENTATION_CONTEXT(2) 
PARAMETRIC_REPRESENTATION_CONTEXT() REPRESENTATION_CONTEXT('2D SPACE',''
  ) );
#12369 = PCURVE('',#12317,#12370);
#12370 = DEFINITIONAL_REPRESENTATION('',(#12371),#12375);
#12371 = LINE('',#12372,#12373);
#12372 = CARTESIAN_POINT('',(-0.,0.));
#12373 = VECTOR('',#12374,1.);
#12374 = DIRECTION('',(-1.,0.));
#12375 = ( GEOMETRIC_REPRESENTATION_CONTEXT(2) 
PARAMETRIC_REPRESENTATION_CONTEXT() REPRESENTATION_CONTEXT('2D SPACE',''
  ) );
#12376 = ORIENTED_EDGE('',*,*,#9720,.T.);
#12377 = ORIENTED_EDGE('',*,*,#12378,.F.);
#12378 = EDGE_CURVE('',#10118,#9698,#12379,.T.);
#12379 = SURFACE_CURVE('',#12380,(#12385,#12392),.PCURVE_S1.);
#12380 = CIRCLE('',#12381,10.);
#12381 = AXIS2_PLACEMENT_3D('',#12382,#12383,#12384);
#12382 = CARTESIAN_POINT('',(338.59570030536,-20.,47.16375096559));
#12383 = DIRECTION('',(8.715574274766E-02,0.,-0.996194698092));
#12384 = DIRECTION('',(0.996194698092,0.,8.715574274766E-02));
#12385 = PCURVE('',#9736,#12386);
#12386 = DEFINITIONAL_REPRESENTATION('',(#12387),#12391);
#12387 = LINE('',#12388,#12389);
#12388 = CARTESIAN_POINT('',(-0.,30.));
#12389 = VECTOR('',#12390,1.);
#12390 = DIRECTION('',(-1.,0.));
#12391 = ( GEOMETRIC_REPRESENTATION_CONTEXT(2) 
PARAMETRIC_REPRESENTATION_CONTEXT() REPRESENTATION_CONTEXT('2D SPACE',''
  ) );
#12392 = PCURVE('',#10071,#12393);
#12393 = DEFINITIONAL_REPRESENTATION('',(#12394),#12398);
#12394 = LINE('',#12395,#12396);
#12395 = CARTESIAN_POINT('',(0.,0.));
#12396 = VECTOR('',#12397,1.);
#12397 = DIRECTION('',(1.,0.));
#12398 = ( GEOMETRIC_REPRESENTATION_CONTEXT(2) 
PARAMETRIC_REPRESENTATION_CONTEXT() REPRESENTATION_CONTEXT('2D SPACE',''
  ) );
#12399 = ADVANCED_FACE('',(#12400),#9787,.T.);
#12400 = FACE_BOUND('',#12401,.F.);
#12401 = EDGE_LOOP('',(#12402,#12403,#12404,#12429));
#12402 = ORIENTED_EDGE('',*,*,#9773,.F.);
#12403 = ORIENTED_EDGE('',*,*,#10031,.T.);
#12404 = ORIENTED_EDGE('',*,*,#12405,.T.);
#12405 = EDGE_CURVE('',#10009,#9827,#12406,.T.);
#12406 = SURFACE_CURVE('',#12407,(#12412,#12418),.PCURVE_S1.);
#12407 = CIRCLE('',#12408,10.);
#12408 = AXIS2_PLACEMENT_3D('',#12409,#12410,#12411);
#12409 = CARTESIAN_POINT('',(340.33881516032,20.,27.239857003755));
#12410 = DIRECTION('',(0.996194698092,5.489882783168E-15,
    8.715574274766E-02));
#12411 = DIRECTION('',(-5.468992121738E-15,1.,-4.784748115646E-16));
#12412 = PCURVE('',#9787,#12413);
#12413 = DEFINITIONAL_REPRESENTATION('',(#12414),#12417);
#12414 = B_SPLINE_CURVE_WITH_KNOTS('',1,(#12415,#12416),.UNSPECIFIED.,
  .F.,.F.,(2,2),(4.712388980385,6.28318530718),
  .PIECEWISE_BEZIER_KNOTS.);
#12415 = CARTESIAN_POINT('',(-1.570796326795,290.));
#12416 = CARTESIAN_POINT('',(0.,290.));
#12417 = ( GEOMETRIC_REPRESENTATION_CONTEXT(2) 
PARAMETRIC_REPRESENTATION_CONTEXT() REPRESENTATION_CONTEXT('2D SPACE',''
  ) );
#12418 = PCURVE('',#12419,#12424);
#12419 = SPHERICAL_SURFACE('',#12420,10.);
#12420 = AXIS2_PLACEMENT_3D('',#12421,#12422,#12423);
#12421 = CARTESIAN_POINT('',(340.33881516032,20.,27.239857003755));
#12422 = DIRECTION('',(-8.715574274766E-02,0.,0.996194698092));
#12423 = DIRECTION('',(0.996194698092,0.,8.715574274766E-02));
#12424 = DEFINITIONAL_REPRESENTATION('',(#12425),#12428);
#12425 = B_SPLINE_CURVE_WITH_KNOTS('',1,(#12426,#12427),.UNSPECIFIED.,
  .F.,.F.,(2,2),(4.712388980385,6.28318530718),
  .PIECEWISE_BEZIER_KNOTS.);
#12426 = CARTESIAN_POINT('',(1.570796326795,-1.570796326795));
#12427 = CARTESIAN_POINT('',(1.570796326795,0.));
#12428 = ( GEOMETRIC_REPRESENTATION_CONTEXT(2) 
PARAMETRIC_REPRESENTATION_CONTEXT() REPRESENTATION_CONTEXT('2D SPACE',''
  ) );
#12429 = ORIENTED_EDGE('',*,*,#9854,.F.);
#12430 = ADVANCED_FACE('',(#12431),#9842,.T.);
#12431 = FACE_BOUND('',#12432,.T.);
#12432 = EDGE_LOOP('',(#12433,#12456,#12478,#12479));
#12433 = ORIENTED_EDGE('',*,*,#12434,.F.);
#12434 = EDGE_CURVE('',#12435,#10141,#12437,.T.);
#12435 = VERTEX_POINT('',#12436);
#12436 = CARTESIAN_POINT('',(350.30076214123,20.,28.111414431231));
#12437 = SURFACE_CURVE('',#12438,(#12442,#12449),.PCURVE_S1.);
#12438 = LINE('',#12439,#12440);
#12439 = CARTESIAN_POINT('',(351.17231956871,20.,18.149467450314));
#12440 = VECTOR('',#12441,1.);
#12441 = DIRECTION('',(-8.715574274766E-02,0.,0.996194698092));
#12442 = PCURVE('',#9842,#12443);
#12443 = DEFINITIONAL_REPRESENTATION('',(#12444),#12448);
#12444 = LINE('',#12445,#12446);
#12445 = CARTESIAN_POINT('',(0.,0.));
#12446 = VECTOR('',#12447,1.);
#12447 = DIRECTION('',(0.,1.));
#12448 = ( GEOMETRIC_REPRESENTATION_CONTEXT(2) 
PARAMETRIC_REPRESENTATION_CONTEXT() REPRESENTATION_CONTEXT('2D SPACE',''
  ) );
#12449 = PCURVE('',#10178,#12450);
#12450 = DEFINITIONAL_REPRESENTATION('',(#12451),#12455);
#12451 = LINE('',#12452,#12453);
#12452 = CARTESIAN_POINT('',(0.,-50.));
#12453 = VECTOR('',#12454,1.);
#12454 = DIRECTION('',(1.,0.));
#12455 = ( GEOMETRIC_REPRESENTATION_CONTEXT(2) 
PARAMETRIC_REPRESENTATION_CONTEXT() REPRESENTATION_CONTEXT('2D SPACE',''
  ) );
#12456 = ORIENTED_EDGE('',*,*,#12457,.T.);
#12457 = EDGE_CURVE('',#12435,#9827,#12458,.T.);
#12458 = SURFACE_CURVE('',#12459,(#12464,#12471),.PCURVE_S1.);
#12459 = CIRCLE('',#12460,10.);
#12460 = AXIS2_PLACEMENT_3D('',#12461,#12462,#12463);
#12461 = CARTESIAN_POINT('',(340.33881516032,20.,27.239857003755));
#12462 = DIRECTION('',(-8.715574274766E-02,0.,0.996194698092));
#12463 = DIRECTION('',(0.996194698092,0.,8.715574274766E-02));
#12464 = PCURVE('',#9842,#12465);
#12465 = DEFINITIONAL_REPRESENTATION('',(#12466),#12470);
#12466 = LINE('',#12467,#12468);
#12467 = CARTESIAN_POINT('',(0.,10.));
#12468 = VECTOR('',#12469,1.);
#12469 = DIRECTION('',(1.,0.));
#12470 = ( GEOMETRIC_REPRESENTATION_CONTEXT(2) 
PARAMETRIC_REPRESENTATION_CONTEXT() REPRESENTATION_CONTEXT('2D SPACE',''
  ) );
#12471 = PCURVE('',#12419,#12472);
#12472 = DEFINITIONAL_REPRESENTATION('',(#12473),#12477);
#12473 = LINE('',#12474,#12475);
#12474 = CARTESIAN_POINT('',(0.,0.));
#12475 = VECTOR('',#12476,1.);
#12476 = DIRECTION('',(1.,0.));
#12477 = ( GEOMETRIC_REPRESENTATION_CONTEXT(2) 
PARAMETRIC_REPRESENTATION_CONTEXT() REPRESENTATION_CONTEXT('2D SPACE',''
  ) );
#12478 = ORIENTED_EDGE('',*,*,#9826,.T.);
#12479 = ORIENTED_EDGE('',*,*,#12480,.T.);
#12480 = EDGE_CURVE('',#9804,#10141,#12481,.T.);
#12481 = SURFACE_CURVE('',#12482,(#12487,#12493),.PCURVE_S1.);
#12482 = CIRCLE('',#12483,10.);
#12483 = AXIS2_PLACEMENT_3D('',#12484,#12485,#12486);
#12484 = CARTESIAN_POINT('',(338.59570030536,20.,47.16375096559));
#12485 = DIRECTION('',(8.715574274766E-02,0.,-0.996194698092));
#12486 = DIRECTION('',(0.996194698092,0.,8.715574274766E-02));
#12487 = PCURVE('',#9842,#12488);
#12488 = DEFINITIONAL_REPRESENTATION('',(#12489),#12492);
#12489 = B_SPLINE_CURVE_WITH_KNOTS('',1,(#12490,#12491),.UNSPECIFIED.,
  .F.,.F.,(2,2),(4.712388980385,6.28318530718),
  .PIECEWISE_BEZIER_KNOTS.);
#12490 = CARTESIAN_POINT('',(1.570796326795,30.));
#12491 = CARTESIAN_POINT('',(0.,30.));
#12492 = ( GEOMETRIC_REPRESENTATION_CONTEXT(2) 
PARAMETRIC_REPRESENTATION_CONTEXT() REPRESENTATION_CONTEXT('2D SPACE',''
  ) );
#12493 = PCURVE('',#10102,#12494);
#12494 = DEFINITIONAL_REPRESENTATION('',(#12495),#12498);
#12495 = B_SPLINE_CURVE_WITH_KNOTS('',1,(#12496,#12497),.UNSPECIFIED.,
  .F.,.F.,(2,2),(4.712388980385,6.28318530718),
  .PIECEWISE_BEZIER_KNOTS.);
#12496 = CARTESIAN_POINT('',(0.,-1.570796326795));
#12497 = CARTESIAN_POINT('',(0.,0.));
#12498 = ( GEOMETRIC_REPRESENTATION_CONTEXT(2) 
PARAMETRIC_REPRESENTATION_CONTEXT() REPRESENTATION_CONTEXT('2D SPACE',''
  ) );
#12499 = ADVANCED_FACE('',(#12500),#9918,.T.);
#12500 = FACE_BOUND('',#12501,.T.);
#12501 = EDGE_LOOP('',(#12502,#12522,#12523,#12551,#12572,#12598,#12599,
    #12619));
#12502 = ORIENTED_EDGE('',*,*,#12503,.F.);
#12503 = EDGE_CURVE('',#9880,#12333,#12504,.T.);
#12504 = SURFACE_CURVE('',#12505,(#12510,#12516),.PCURVE_S1.);
#12505 = CIRCLE('',#12506,10.);
#12506 = AXIS2_PLACEMENT_3D('',#12507,#12508,#12509);
#12507 = CARTESIAN_POINT('',(340.33881516032,-20.,27.239857003755));
#12508 = DIRECTION('',(0.,-1.,0.));
#12509 = DIRECTION('',(0.996194698092,0.,8.715574274766E-02));
#12510 = PCURVE('',#9918,#12511);
#12511 = DEFINITIONAL_REPRESENTATION('',(#12512),#12515);
#12512 = B_SPLINE_CURVE_WITH_KNOTS('',1,(#12513,#12514),.UNSPECIFIED.,
  .F.,.F.,(2,2),(4.712388980385,6.28318530718),
  .PIECEWISE_BEZIER_KNOTS.);
#12513 = CARTESIAN_POINT('',(1.570796326795,10.));
#12514 = CARTESIAN_POINT('',(0.,10.));
#12515 = ( GEOMETRIC_REPRESENTATION_CONTEXT(2) 
PARAMETRIC_REPRESENTATION_CONTEXT() REPRESENTATION_CONTEXT('2D SPACE',''
  ) );
#12516 = PCURVE('',#12317,#12517);
#12517 = DEFINITIONAL_REPRESENTATION('',(#12518),#12521);
#12518 = B_SPLINE_CURVE_WITH_KNOTS('',1,(#12519,#12520),.UNSPECIFIED.,
  .F.,.F.,(2,2),(4.712388980385,6.28318530718),
  .PIECEWISE_BEZIER_KNOTS.);
#12519 = CARTESIAN_POINT('',(0.,-1.570796326795));
#12520 = CARTESIAN_POINT('',(0.,0.));
#12521 = ( GEOMETRIC_REPRESENTATION_CONTEXT(2) 
PARAMETRIC_REPRESENTATION_CONTEXT() REPRESENTATION_CONTEXT('2D SPACE',''
  ) );
#12522 = ORIENTED_EDGE('',*,*,#9902,.T.);
#12523 = ORIENTED_EDGE('',*,*,#12524,.F.);
#12524 = EDGE_CURVE('',#12525,#9903,#12527,.T.);
#12525 = VERTEX_POINT('',#12526);
#12526 = CARTESIAN_POINT('',(350.08470648561,-10.,24.999856495814));
#12527 = SURFACE_CURVE('',#12528,(#12533,#12540),.PCURVE_S1.);
#12528 = CIRCLE('',#12529,10.);
#12529 = AXIS2_PLACEMENT_3D('',#12530,#12531,#12532);
#12530 = CARTESIAN_POINT('',(340.33881516032,-10.,27.239857003755));
#12531 = DIRECTION('',(0.,1.,0.));
#12532 = DIRECTION('',(0.996194698092,-0.,8.715574274766E-02));
#12533 = PCURVE('',#9918,#12534);
#12534 = DEFINITIONAL_REPRESENTATION('',(#12535),#12539);
#12535 = LINE('',#12536,#12537);
#12536 = CARTESIAN_POINT('',(0.,20.));
#12537 = VECTOR('',#12538,1.);
#12538 = DIRECTION('',(1.,0.));
#12539 = ( GEOMETRIC_REPRESENTATION_CONTEXT(2) 
PARAMETRIC_REPRESENTATION_CONTEXT() REPRESENTATION_CONTEXT('2D SPACE',''
  ) );
#12540 = PCURVE('',#9945,#12541);
#12541 = DEFINITIONAL_REPRESENTATION('',(#12542),#12550);
#12542 = ( BOUNDED_CURVE() B_SPLINE_CURVE(2,(#12543,#12544,#12545,#12546
    ,#12547,#12548,#12549),.UNSPECIFIED.,.T.,.F.) 
B_SPLINE_CURVE_WITH_KNOTS((1,2,2,2,2,1),(-2.094395102393,0.,
    2.094395102393,4.188790204786,6.28318530718,8.377580409573),
.UNSPECIFIED.) CURVE() GEOMETRIC_REPRESENTATION_ITEM() 
RATIONAL_B_SPLINE_CURVE((1.,0.5,1.,0.5,1.,0.5,1.)) REPRESENTATION_ITEM(
  '') );
#12543 = CARTESIAN_POINT('',(0.300762141238,28.111414431231));
#12544 = CARTESIAN_POINT('',(1.810343887342,10.856816117975));
#12545 = CARTESIAN_POINT('',(-13.88736745708,18.176779133388));
#12546 = CARTESIAN_POINT('',(-29.58507880151,25.496742148802));
#12547 = CARTESIAN_POINT('',(-15.39694920319,35.431377446645));
#12548 = CARTESIAN_POINT('',(-1.208819604865,45.366012744488));
#12549 = CARTESIAN_POINT('',(0.300762141238,28.111414431231));
#12550 = ( GEOMETRIC_REPRESENTATION_CONTEXT(2) 
PARAMETRIC_REPRESENTATION_CONTEXT() REPRESENTATION_CONTEXT('2D SPACE',''
  ) );
#12551 = ORIENTED_EDGE('',*,*,#12552,.T.);
#12552 = EDGE_CURVE('',#12525,#12553,#12555,.T.);
#12553 = VERTEX_POINT('',#12554);
#12554 = CARTESIAN_POINT('',(350.08470648561,10.,24.999856495814));
#12555 = SURFACE_CURVE('',#12556,(#12560,#12566),.PCURVE_S1.);
#12556 = LINE('',#12557,#12558);
#12557 = CARTESIAN_POINT('',(350.08470648561,-30.,24.999856495814));
#12558 = VECTOR('',#12559,1.);
#12559 = DIRECTION('',(0.,1.,0.));
#12560 = PCURVE('',#9918,#12561);
#12561 = DEFINITIONAL_REPRESENTATION('',(#12562),#12565);
#12562 = B_SPLINE_CURVE_WITH_KNOTS('',1,(#12563,#12564),.UNSPECIFIED.,
  .F.,.F.,(2,2),(19.9999994,40.0000006),.PIECEWISE_BEZIER_KNOTS.);
#12563 = CARTESIAN_POINT('',(0.313183356294,19.9999994));
#12564 = CARTESIAN_POINT('',(0.313183356294,40.0000006));
#12565 = ( GEOMETRIC_REPRESENTATION_CONTEXT(2) 
PARAMETRIC_REPRESENTATION_CONTEXT() REPRESENTATION_CONTEXT('2D SPACE',''
  ) );
#12566 = PCURVE('',#9971,#12567);
#12567 = DEFINITIONAL_REPRESENTATION('',(#12568),#12571);
#12568 = B_SPLINE_CURVE_WITH_KNOTS('',1,(#12569,#12570),.UNSPECIFIED.,
  .F.,.F.,(2,2),(20.,40.),.PIECEWISE_BEZIER_KNOTS.);
#12569 = CARTESIAN_POINT('',(7.850593368067,20.));
#12570 = CARTESIAN_POINT('',(7.850593368067,0.));
#12571 = ( GEOMETRIC_REPRESENTATION_CONTEXT(2) 
PARAMETRIC_REPRESENTATION_CONTEXT() REPRESENTATION_CONTEXT('2D SPACE',''
  ) );
#12572 = ORIENTED_EDGE('',*,*,#12573,.T.);
#12573 = EDGE_CURVE('',#12553,#9983,#12574,.T.);
#12574 = SURFACE_CURVE('',#12575,(#12580,#12587),.PCURVE_S1.);
#12575 = CIRCLE('',#12576,10.);
#12576 = AXIS2_PLACEMENT_3D('',#12577,#12578,#12579);
#12577 = CARTESIAN_POINT('',(340.33881516032,10.,27.239857003755));
#12578 = DIRECTION('',(0.,1.,0.));
#12579 = DIRECTION('',(0.996194698092,-0.,8.715574274766E-02));
#12580 = PCURVE('',#9918,#12581);
#12581 = DEFINITIONAL_REPRESENTATION('',(#12582),#12586);
#12582 = LINE('',#12583,#12584);
#12583 = CARTESIAN_POINT('',(0.,40.));
#12584 = VECTOR('',#12585,1.);
#12585 = DIRECTION('',(1.,0.));
#12586 = ( GEOMETRIC_REPRESENTATION_CONTEXT(2) 
PARAMETRIC_REPRESENTATION_CONTEXT() REPRESENTATION_CONTEXT('2D SPACE',''
  ) );
#12587 = PCURVE('',#9997,#12588);
#12588 = DEFINITIONAL_REPRESENTATION('',(#12589),#12597);
#12589 = ( BOUNDED_CURVE() B_SPLINE_CURVE(2,(#12590,#12591,#12592,#12593
    ,#12594,#12595,#12596),.UNSPECIFIED.,.T.,.F.) 
B_SPLINE_CURVE_WITH_KNOTS((1,2,2,2,2,1),(-2.094395102393,0.,
    2.094395102393,4.188790204786,6.28318530718,8.377580409573),
.UNSPECIFIED.) CURVE() GEOMETRIC_REPRESENTATION_ITEM() 
RATIONAL_B_SPLINE_CURVE((1.,0.5,1.,0.5,1.,0.5,1.)) REPRESENTATION_ITEM(
  '') );
#12590 = CARTESIAN_POINT('',(0.300762141238,28.111414431231));
#12591 = CARTESIAN_POINT('',(1.810343887342,10.856816117975));
#12592 = CARTESIAN_POINT('',(-13.88736745708,18.176779133388));
#12593 = CARTESIAN_POINT('',(-29.58507880151,25.496742148802));
#12594 = CARTESIAN_POINT('',(-15.39694920319,35.431377446645));
#12595 = CARTESIAN_POINT('',(-1.208819604865,45.366012744488));
#12596 = CARTESIAN_POINT('',(0.300762141238,28.111414431231));
#12597 = ( GEOMETRIC_REPRESENTATION_CONTEXT(2) 
PARAMETRIC_REPRESENTATION_CONTEXT() REPRESENTATION_CONTEXT('2D SPACE',''
  ) );
#12598 = ORIENTED_EDGE('',*,*,#10008,.T.);
#12599 = ORIENTED_EDGE('',*,*,#12600,.T.);
#12600 = EDGE_CURVE('',#10009,#12435,#12601,.T.);
#12601 = SURFACE_CURVE('',#12602,(#12607,#12613),.PCURVE_S1.);
#12602 = CIRCLE('',#12603,10.);
#12603 = AXIS2_PLACEMENT_3D('',#12604,#12605,#12606);
#12604 = CARTESIAN_POINT('',(340.33881516032,20.,27.239857003755));
#12605 = DIRECTION('',(0.,-1.,0.));
#12606 = DIRECTION('',(0.996194698092,0.,8.715574274766E-02));
#12607 = PCURVE('',#9918,#12608);
#12608 = DEFINITIONAL_REPRESENTATION('',(#12609),#12612);
#12609 = B_SPLINE_CURVE_WITH_KNOTS('',1,(#12610,#12611),.UNSPECIFIED.,
  .F.,.F.,(2,2),(4.712388980385,6.28318530718),
  .PIECEWISE_BEZIER_KNOTS.);
#12610 = CARTESIAN_POINT('',(1.570796326795,50.));
#12611 = CARTESIAN_POINT('',(0.,50.));
#12612 = ( GEOMETRIC_REPRESENTATION_CONTEXT(2) 
PARAMETRIC_REPRESENTATION_CONTEXT() REPRESENTATION_CONTEXT('2D SPACE',''
  ) );
#12613 = PCURVE('',#12419,#12614);
#12614 = DEFINITIONAL_REPRESENTATION('',(#12615),#12618);
#12615 = B_SPLINE_CURVE_WITH_KNOTS('',1,(#12616,#12617),.UNSPECIFIED.,
  .F.,.F.,(2,2),(4.712388980385,6.28318530718),
  .PIECEWISE_BEZIER_KNOTS.);
#12616 = CARTESIAN_POINT('',(0.,-1.570796326795));
#12617 = CARTESIAN_POINT('',(0.,0.));
#12618 = ( GEOMETRIC_REPRESENTATION_CONTEXT(2) 
PARAMETRIC_REPRESENTATION_CONTEXT() REPRESENTATION_CONTEXT('2D SPACE',''
  ) );
#12619 = ORIENTED_EDGE('',*,*,#12620,.F.);
#12620 = EDGE_CURVE('',#12333,#12435,#12621,.T.);
#12621 = SURFACE_CURVE('',#12622,(#12626,#12633),.PCURVE_S1.);
#12622 = LINE('',#12623,#12624);
#12623 = CARTESIAN_POINT('',(350.30076214123,-30.,28.111414431231));
#12624 = VECTOR('',#12625,1.);
#12625 = DIRECTION('',(0.,1.,0.));
#12626 = PCURVE('',#9918,#12627);
#12627 = DEFINITIONAL_REPRESENTATION('',(#12628),#12632);
#12628 = LINE('',#12629,#12630);
#12629 = CARTESIAN_POINT('',(0.,0.));
#12630 = VECTOR('',#12631,1.);
#12631 = DIRECTION('',(0.,1.));
#12632 = ( GEOMETRIC_REPRESENTATION_CONTEXT(2) 
PARAMETRIC_REPRESENTATION_CONTEXT() REPRESENTATION_CONTEXT('2D SPACE',''
  ) );
#12633 = PCURVE('',#10178,#12634);
#12634 = DEFINITIONAL_REPRESENTATION('',(#12635),#12639);
#12635 = LINE('',#12636,#12637);
#12636 = CARTESIAN_POINT('',(10.,0.));
#12637 = VECTOR('',#12638,1.);
#12638 = DIRECTION('',(0.,-1.));
#12639 = ( GEOMETRIC_REPRESENTATION_CONTEXT(2) 
PARAMETRIC_REPRESENTATION_CONTEXT() REPRESENTATION_CONTEXT('2D SPACE',''
  ) );
#12640 = ADVANCED_FACE('',(#12641),#9997,.F.);
#12641 = FACE_BOUND('',#12642,.F.);
#12642 = EDGE_LOOP('',(#12643,#12644,#12670));
#12643 = ORIENTED_EDGE('',*,*,#9982,.F.);
#12644 = ORIENTED_EDGE('',*,*,#12645,.F.);
#12645 = EDGE_CURVE('',#12553,#9957,#12646,.T.);
#12646 = SURFACE_CURVE('',#12647,(#12652,#12663),.PCURVE_S1.);
#12647 = CIRCLE('',#12648,25.);
#12648 = AXIS2_PLACEMENT_3D('',#12649,#12650,#12651);
#12649 = CARTESIAN_POINT('',(350.,10.,-1.110223024625E-15));
#12650 = DIRECTION('',(-9.629649721936E-35,1.,-1.421093628836E-16));
#12651 = DIRECTION('',(3.388259424637E-03,1.42108547152E-16,
    0.999994259833));
#12652 = PCURVE('',#9997,#12653);
#12653 = DEFINITIONAL_REPRESENTATION('',(#12654),#12662);
#12654 = ( BOUNDED_CURVE() B_SPLINE_CURVE(2,(#12655,#12656,#12657,#12658
    ,#12659,#12660,#12661),.UNSPECIFIED.,.T.,.F.) 
B_SPLINE_CURVE_WITH_KNOTS((1,2,2,2,2,1),(-2.094395102393,0.,
    2.094395102393,4.188790204786,6.28318530718,8.377580409573),
.UNSPECIFIED.) CURVE() GEOMETRIC_REPRESENTATION_ITEM() 
RATIONAL_B_SPLINE_CURVE((1.,0.5,1.,0.5,1.,0.5,1.)) REPRESENTATION_ITEM(
  '') );
#12655 = CARTESIAN_POINT('',(8.470648561592E-02,24.999856495814));
#12656 = CARTESIAN_POINT('',(43.385728118297,24.853140558997));
#12657 = CARTESIAN_POINT('',(21.608157573532,-12.57328621631));
#12658 = CARTESIAN_POINT('',(-0.169412971232,-49.99971299162));
#12659 = CARTESIAN_POINT('',(-21.69286405914,-12.42657027949));
#12660 = CARTESIAN_POINT('',(-43.21631514706,25.146572432631));
#12661 = CARTESIAN_POINT('',(8.470648561592E-02,24.999856495814));
#12662 = ( GEOMETRIC_REPRESENTATION_CONTEXT(2) 
PARAMETRIC_REPRESENTATION_CONTEXT() REPRESENTATION_CONTEXT('2D SPACE',''
  ) );
#12663 = PCURVE('',#9971,#12664);
#12664 = DEFINITIONAL_REPRESENTATION('',(#12665),#12669);
#12665 = LINE('',#12666,#12667);
#12666 = CARTESIAN_POINT('',(7.850593368067,0.));
#12667 = VECTOR('',#12668,1.);
#12668 = DIRECTION('',(-1.,-0.));
#12669 = ( GEOMETRIC_REPRESENTATION_CONTEXT(2) 
PARAMETRIC_REPRESENTATION_CONTEXT() REPRESENTATION_CONTEXT('2D SPACE',''
  ) );
#12670 = ORIENTED_EDGE('',*,*,#12573,.T.);
#12671 = ADVANCED_FACE('',(#12672),#9971,.T.);
#12672 = FACE_BOUND('',#12673,.T.);
#12673 = EDGE_LOOP('',(#12674,#12675,#12676,#12702));
#12674 = ORIENTED_EDGE('',*,*,#12645,.F.);
#12675 = ORIENTED_EDGE('',*,*,#12552,.F.);
#12676 = ORIENTED_EDGE('',*,*,#12677,.T.);
#12677 = EDGE_CURVE('',#12525,#9931,#12678,.T.);
#12678 = SURFACE_CURVE('',#12679,(#12684,#12691),.PCURVE_S1.);
#12679 = CIRCLE('',#12680,25.);
#12680 = AXIS2_PLACEMENT_3D('',#12681,#12682,#12683);
#12681 = CARTESIAN_POINT('',(350.,-10.,1.110223024625E-15));
#12682 = DIRECTION('',(-9.629649721936E-35,1.,-1.421093628836E-16));
#12683 = DIRECTION('',(3.388259424637E-03,1.42108547152E-16,
    0.999994259833));
#12684 = PCURVE('',#9971,#12685);
#12685 = DEFINITIONAL_REPRESENTATION('',(#12686),#12690);
#12686 = LINE('',#12687,#12688);
#12687 = CARTESIAN_POINT('',(7.850593368067,20.));
#12688 = VECTOR('',#12689,1.);
#12689 = DIRECTION('',(-1.,-0.));
#12690 = ( GEOMETRIC_REPRESENTATION_CONTEXT(2) 
PARAMETRIC_REPRESENTATION_CONTEXT() REPRESENTATION_CONTEXT('2D SPACE',''
  ) );
#12691 = PCURVE('',#9945,#12692);
#12692 = DEFINITIONAL_REPRESENTATION('',(#12693),#12701);
#12693 = ( BOUNDED_CURVE() B_SPLINE_CURVE(2,(#12694,#12695,#12696,#12697
    ,#12698,#12699,#12700),.UNSPECIFIED.,.T.,.F.) 
B_SPLINE_CURVE_WITH_KNOTS((1,2,2,2,2,1),(-2.094395102393,0.,
    2.094395102393,4.188790204786,6.28318530718,8.377580409573),
.UNSPECIFIED.) CURVE() GEOMETRIC_REPRESENTATION_ITEM() 
RATIONAL_B_SPLINE_CURVE((1.,0.5,1.,0.5,1.,0.5,1.)) REPRESENTATION_ITEM(
  '') );
#12694 = CARTESIAN_POINT('',(8.470648561592E-02,24.999856495814));
#12695 = CARTESIAN_POINT('',(43.385728118297,24.853140558997));
#12696 = CARTESIAN_POINT('',(21.608157573532,-12.57328621631));
#12697 = CARTESIAN_POINT('',(-0.169412971232,-49.99971299162));
#12698 = CARTESIAN_POINT('',(-21.69286405914,-12.42657027949));
#12699 = CARTESIAN_POINT('',(-43.21631514706,25.146572432631));
#12700 = CARTESIAN_POINT('',(8.470648561592E-02,24.999856495814));
#12701 = ( GEOMETRIC_REPRESENTATION_CONTEXT(2) 
PARAMETRIC_REPRESENTATION_CONTEXT() REPRESENTATION_CONTEXT('2D SPACE',''
  ) );
#12702 = ORIENTED_EDGE('',*,*,#9956,.F.);
#12703 = ADVANCED_FACE('',(#12704),#9945,.T.);
#12704 = FACE_BOUND('',#12705,.T.);
#12705 = EDGE_LOOP('',(#12706,#12707,#12708));
#12706 = ORIENTED_EDGE('',*,*,#9930,.F.);
#12707 = ORIENTED_EDGE('',*,*,#12677,.F.);
#12708 = ORIENTED_EDGE('',*,*,#12524,.T.);
#12709 = ADVANCED_FACE('',(#12710),#10071,.T.);
#12710 = FACE_BOUND('',#12711,.T.);
#12711 = EDGE_LOOP('',(#12712,#12713,#12714));
#12712 = ORIENTED_EDGE('',*,*,#10117,.F.);
#12713 = ORIENTED_EDGE('',*,*,#10057,.T.);
#12714 = ORIENTED_EDGE('',*,*,#12378,.F.);
#12715 = ADVANCED_FACE('',(#12716),#10102,.T.);
#12716 = FACE_BOUND('',#12717,.T.);
#12717 = EDGE_LOOP('',(#12718,#12719,#12720));
#12718 = ORIENTED_EDGE('',*,*,#12480,.F.);
#12719 = ORIENTED_EDGE('',*,*,#10088,.T.);
#12720 = ORIENTED_EDGE('',*,*,#10140,.F.);
#12721 = ADVANCED_FACE('',(#12722),#10178,.T.);
#12722 = FACE_BOUND('',#12723,.T.);
#12723 = EDGE_LOOP('',(#12724,#12725,#12726,#12727));
#12724 = ORIENTED_EDGE('',*,*,#12332,.F.);
#12725 = ORIENTED_EDGE('',*,*,#12620,.T.);
#12726 = ORIENTED_EDGE('',*,*,#12434,.T.);
#12727 = ORIENTED_EDGE('',*,*,#10164,.F.);
#12728 = ADVANCED_FACE('',(#12729),#10208,.T.);
#12729 = FACE_BOUND('',#12730,.T.);
#12730 = EDGE_LOOP('',(#12731,#12732,#12733,#12758));
#12731 = ORIENTED_EDGE('',*,*,#10194,.F.);
#12732 = ORIENTED_EDGE('',*,*,#10406,.T.);
#12733 = ORIENTED_EDGE('',*,*,#12734,.T.);
#12734 = EDGE_CURVE('',#10407,#10248,#12735,.T.);
#12735 = SURFACE_CURVE('',#12736,(#12741,#12747),.PCURVE_S1.);
#12736 = CIRCLE('',#12737,10.);
#12737 = AXIS2_PLACEMENT_3D('',#12738,#12739,#12740);
#12738 = CARTESIAN_POINT('',(124.19120918088,317.50080475986,
    27.239857003755));
#12739 = DIRECTION('',(-0.307841091417,-0.947437459119,
    -8.715574274766E-02));
#12740 = DIRECTION('',(0.951056516295,-0.309016994375,1.179611963664E-16
    ));
#12741 = PCURVE('',#10208,#12742);
#12742 = DEFINITIONAL_REPRESENTATION('',(#12743),#12746);
#12743 = B_SPLINE_CURVE_WITH_KNOTS('',1,(#12744,#12745),.UNSPECIFIED.,
  .F.,.F.,(2,2),(4.712388980385,6.28318530718),
  .PIECEWISE_BEZIER_KNOTS.);
#12744 = CARTESIAN_POINT('',(1.570796326795,290.));
#12745 = CARTESIAN_POINT('',(0.,290.));
#12746 = ( GEOMETRIC_REPRESENTATION_CONTEXT(2) 
PARAMETRIC_REPRESENTATION_CONTEXT() REPRESENTATION_CONTEXT('2D SPACE',''
  ) );
#12747 = PCURVE('',#12748,#12753);
#12748 = SPHERICAL_SURFACE('',#12749,10.);
#12749 = AXIS2_PLACEMENT_3D('',#12750,#12751,#12752);
#12750 = CARTESIAN_POINT('',(124.19120918088,317.50080475986,
    27.239857003755));
#12751 = DIRECTION('',(-2.69326056664E-02,-8.28900370727E-02,
    0.996194698092));
#12752 = DIRECTION('',(0.307841091417,0.947437459119,8.715574274766E-02)
  );
#12753 = DEFINITIONAL_REPRESENTATION('',(#12754),#12757);
#12754 = B_SPLINE_CURVE_WITH_KNOTS('',1,(#12755,#12756),.UNSPECIFIED.,
  .F.,.F.,(2,2),(4.712388980385,6.28318530718),
  .PIECEWISE_BEZIER_KNOTS.);
#12755 = CARTESIAN_POINT('',(-1.570796326795,-1.570796326795));
#12756 = CARTESIAN_POINT('',(-1.570796326795,0.));
#12757 = ( GEOMETRIC_REPRESENTATION_CONTEXT(2) 
PARAMETRIC_REPRESENTATION_CONTEXT() REPRESENTATION_CONTEXT('2D SPACE',''
  ) );
#12758 = ORIENTED_EDGE('',*,*,#10275,.F.);
#12759 = ADVANCED_FACE('',(#12760),#10263,.T.);
#12760 = FACE_BOUND('',#12761,.F.);
#12761 = EDGE_LOOP('',(#12762,#12785,#12807,#12808));
#12762 = ORIENTED_EDGE('',*,*,#12763,.F.);
#12763 = EDGE_CURVE('',#12764,#10645,#12766,.T.);
#12764 = VERTEX_POINT('',#12765);
#12765 = CARTESIAN_POINT('',(127.26962009505,326.97517935105,
    28.111414431231));
#12766 = SURFACE_CURVE('',#12767,(#12771,#12778),.PCURVE_S1.);
#12767 = LINE('',#12768,#12769);
#12768 = CARTESIAN_POINT('',(127.53894615171,327.80407972178,
    18.149467450314));
#12769 = VECTOR('',#12770,1.);
#12770 = DIRECTION('',(-2.69326056664E-02,-8.28900370727E-02,
    0.996194698092));
#12771 = PCURVE('',#10263,#12772);
#12772 = DEFINITIONAL_REPRESENTATION('',(#12773),#12777);
#12773 = LINE('',#12774,#12775);
#12774 = CARTESIAN_POINT('',(-0.,0.));
#12775 = VECTOR('',#12776,1.);
#12776 = DIRECTION('',(-0.,1.));
#12777 = ( GEOMETRIC_REPRESENTATION_CONTEXT(2) 
PARAMETRIC_REPRESENTATION_CONTEXT() REPRESENTATION_CONTEXT('2D SPACE',''
  ) );
#12778 = PCURVE('',#10705,#12779);
#12779 = DEFINITIONAL_REPRESENTATION('',(#12780),#12784);
#12780 = LINE('',#12781,#12782);
#12781 = CARTESIAN_POINT('',(-3.552713678801E-15,-10.));
#12782 = VECTOR('',#12783,1.);
#12783 = DIRECTION('',(1.,3.469446951954E-18));
#12784 = ( GEOMETRIC_REPRESENTATION_CONTEXT(2) 
PARAMETRIC_REPRESENTATION_CONTEXT() REPRESENTATION_CONTEXT('2D SPACE',''
  ) );
#12785 = ORIENTED_EDGE('',*,*,#12786,.T.);
#12786 = EDGE_CURVE('',#12764,#10248,#12787,.T.);
#12787 = SURFACE_CURVE('',#12788,(#12793,#12800),.PCURVE_S1.);
#12788 = CIRCLE('',#12789,10.);
#12789 = AXIS2_PLACEMENT_3D('',#12790,#12791,#12792);
#12790 = CARTESIAN_POINT('',(124.19120918088,317.50080475986,
    27.239857003755));
#12791 = DIRECTION('',(2.69326056664E-02,8.28900370727E-02,
    -0.996194698092));
#12792 = DIRECTION('',(0.307841091417,0.947437459119,8.715574274766E-02)
  );
#12793 = PCURVE('',#10263,#12794);
#12794 = DEFINITIONAL_REPRESENTATION('',(#12795),#12799);
#12795 = LINE('',#12796,#12797);
#12796 = CARTESIAN_POINT('',(-0.,10.));
#12797 = VECTOR('',#12798,1.);
#12798 = DIRECTION('',(-1.,0.));
#12799 = ( GEOMETRIC_REPRESENTATION_CONTEXT(2) 
PARAMETRIC_REPRESENTATION_CONTEXT() REPRESENTATION_CONTEXT('2D SPACE',''
  ) );
#12800 = PCURVE('',#12748,#12801);
#12801 = DEFINITIONAL_REPRESENTATION('',(#12802),#12806);
#12802 = LINE('',#12803,#12804);
#12803 = CARTESIAN_POINT('',(-0.,0.));
#12804 = VECTOR('',#12805,1.);
#12805 = DIRECTION('',(-1.,0.));
#12806 = ( GEOMETRIC_REPRESENTATION_CONTEXT(2) 
PARAMETRIC_REPRESENTATION_CONTEXT() REPRESENTATION_CONTEXT('2D SPACE',''
  ) );
#12807 = ORIENTED_EDGE('',*,*,#10247,.T.);
#12808 = ORIENTED_EDGE('',*,*,#12809,.F.);
#12809 = EDGE_CURVE('',#10645,#10225,#12810,.T.);
#12810 = SURFACE_CURVE('',#12811,(#12816,#12823),.PCURVE_S1.);
#12811 = CIRCLE('',#12812,10.);
#12812 = AXIS2_PLACEMENT_3D('',#12813,#12814,#12815);
#12813 = CARTESIAN_POINT('',(123.65255706755,315.84300401841,
    47.16375096559));
#12814 = DIRECTION('',(2.69326056664E-02,8.28900370727E-02,
    -0.996194698092));
#12815 = DIRECTION('',(0.307841091417,0.947437459119,8.715574274766E-02)
  );
#12816 = PCURVE('',#10263,#12817);
#12817 = DEFINITIONAL_REPRESENTATION('',(#12818),#12822);
#12818 = LINE('',#12819,#12820);
#12819 = CARTESIAN_POINT('',(-0.,30.));
#12820 = VECTOR('',#12821,1.);
#12821 = DIRECTION('',(-1.,0.));
#12822 = ( GEOMETRIC_REPRESENTATION_CONTEXT(2) 
PARAMETRIC_REPRESENTATION_CONTEXT() REPRESENTATION_CONTEXT('2D SPACE',''
  ) );
#12823 = PCURVE('',#10598,#12824);
#12824 = DEFINITIONAL_REPRESENTATION('',(#12825),#12829);
#12825 = LINE('',#12826,#12827);
#12826 = CARTESIAN_POINT('',(0.,0.));
#12827 = VECTOR('',#12828,1.);
#12828 = DIRECTION('',(1.,0.));
#12829 = ( GEOMETRIC_REPRESENTATION_CONTEXT(2) 
PARAMETRIC_REPRESENTATION_CONTEXT() REPRESENTATION_CONTEXT('2D SPACE',''
  ) );
#12830 = ADVANCED_FACE('',(#12831),#10314,.T.);
#12831 = FACE_BOUND('',#12832,.F.);
#12832 = EDGE_LOOP('',(#12833,#12834,#12835,#12860));
#12833 = ORIENTED_EDGE('',*,*,#10300,.F.);
#12834 = ORIENTED_EDGE('',*,*,#10558,.T.);
#12835 = ORIENTED_EDGE('',*,*,#12836,.T.);
#12836 = EDGE_CURVE('',#10536,#10354,#12837,.T.);
#12837 = SURFACE_CURVE('',#12838,(#12843,#12849),.PCURVE_S1.);
#12838 = CIRCLE('',#12839,10.);
#12839 = AXIS2_PLACEMENT_3D('',#12840,#12841,#12842);
#12840 = CARTESIAN_POINT('',(86.148948529081,329.86148453486,
    27.239857003755));
#12841 = DIRECTION('',(0.307841091417,0.947437459119,8.715574274766E-02)
  );
#12842 = DIRECTION('',(-0.951056516295,0.309016994375,2.740863092043E-16
    ));
#12843 = PCURVE('',#10314,#12844);
#12844 = DEFINITIONAL_REPRESENTATION('',(#12845),#12848);
#12845 = B_SPLINE_CURVE_WITH_KNOTS('',1,(#12846,#12847),.UNSPECIFIED.,
  .F.,.F.,(2,2),(4.712388980385,6.28318530718),
  .PIECEWISE_BEZIER_KNOTS.);
#12846 = CARTESIAN_POINT('',(-1.570796326795,290.));
#12847 = CARTESIAN_POINT('',(0.,290.));
#12848 = ( GEOMETRIC_REPRESENTATION_CONTEXT(2) 
PARAMETRIC_REPRESENTATION_CONTEXT() REPRESENTATION_CONTEXT('2D SPACE',''
  ) );
#12849 = PCURVE('',#12850,#12855);
#12850 = SPHERICAL_SURFACE('',#12851,10.);
#12851 = AXIS2_PLACEMENT_3D('',#12852,#12853,#12854);
#12852 = CARTESIAN_POINT('',(86.148948529081,329.86148453486,
    27.239857003755));
#12853 = DIRECTION('',(-2.69326056664E-02,-8.28900370727E-02,
    0.996194698092));
#12854 = DIRECTION('',(0.307841091417,0.947437459119,8.715574274766E-02)
  );
#12855 = DEFINITIONAL_REPRESENTATION('',(#12856),#12859);
#12856 = B_SPLINE_CURVE_WITH_KNOTS('',1,(#12857,#12858),.UNSPECIFIED.,
  .F.,.F.,(2,2),(4.712388980385,6.28318530718),
  .PIECEWISE_BEZIER_KNOTS.);
#12857 = CARTESIAN_POINT('',(1.570796326795,-1.570796326795));
#12858 = CARTESIAN_POINT('',(1.570796326795,0.));
#12859 = ( GEOMETRIC_REPRESENTATION_CONTEXT(2) 
PARAMETRIC_REPRESENTATION_CONTEXT() REPRESENTATION_CONTEXT('2D SPACE',''
  ) );
#12860 = ORIENTED_EDGE('',*,*,#10381,.F.);
#12861 = ADVANCED_FACE('',(#12862),#10369,.T.);
#12862 = FACE_BOUND('',#12863,.T.);
#12863 = EDGE_LOOP('',(#12864,#12887,#12909,#12910));
#12864 = ORIENTED_EDGE('',*,*,#12865,.F.);
#12865 = EDGE_CURVE('',#12866,#10668,#12868,.T.);
#12866 = VERTEX_POINT('',#12867);
#12867 = CARTESIAN_POINT('',(89.227359443246,339.33585912605,
    28.111414431231));
#12868 = SURFACE_CURVE('',#12869,(#12873,#12880),.PCURVE_S1.);
#12869 = LINE('',#12870,#12871);
#12870 = CARTESIAN_POINT('',(89.49668549991,340.16475949677,
    18.149467450314));
#12871 = VECTOR('',#12872,1.);
#12872 = DIRECTION('',(-2.69326056664E-02,-8.28900370727E-02,
    0.996194698092));
#12873 = PCURVE('',#10369,#12874);
#12874 = DEFINITIONAL_REPRESENTATION('',(#12875),#12879);
#12875 = LINE('',#12876,#12877);
#12876 = CARTESIAN_POINT('',(0.,0.));
#12877 = VECTOR('',#12878,1.);
#12878 = DIRECTION('',(0.,1.));
#12879 = ( GEOMETRIC_REPRESENTATION_CONTEXT(2) 
PARAMETRIC_REPRESENTATION_CONTEXT() REPRESENTATION_CONTEXT('2D SPACE',''
  ) );
#12880 = PCURVE('',#10705,#12881);
#12881 = DEFINITIONAL_REPRESENTATION('',(#12882),#12886);
#12882 = LINE('',#12883,#12884);
#12883 = CARTESIAN_POINT('',(-3.552713678801E-15,-50.));
#12884 = VECTOR('',#12885,1.);
#12885 = DIRECTION('',(1.,3.469446951954E-18));
#12886 = ( GEOMETRIC_REPRESENTATION_CONTEXT(2) 
PARAMETRIC_REPRESENTATION_CONTEXT() REPRESENTATION_CONTEXT('2D SPACE',''
  ) );
#12887 = ORIENTED_EDGE('',*,*,#12888,.T.);
#12888 = EDGE_CURVE('',#12866,#10354,#12889,.T.);
#12889 = SURFACE_CURVE('',#12890,(#12895,#12902),.PCURVE_S1.);
#12890 = CIRCLE('',#12891,10.);
#12891 = AXIS2_PLACEMENT_3D('',#12892,#12893,#12894);
#12892 = CARTESIAN_POINT('',(86.148948529081,329.86148453486,
    27.239857003755));
#12893 = DIRECTION('',(-2.69326056664E-02,-8.28900370727E-02,
    0.996194698092));
#12894 = DIRECTION('',(0.307841091417,0.947437459119,8.715574274766E-02)
  );
#12895 = PCURVE('',#10369,#12896);
#12896 = DEFINITIONAL_REPRESENTATION('',(#12897),#12901);
#12897 = LINE('',#12898,#12899);
#12898 = CARTESIAN_POINT('',(0.,10.));
#12899 = VECTOR('',#12900,1.);
#12900 = DIRECTION('',(1.,0.));
#12901 = ( GEOMETRIC_REPRESENTATION_CONTEXT(2) 
PARAMETRIC_REPRESENTATION_CONTEXT() REPRESENTATION_CONTEXT('2D SPACE',''
  ) );
#12902 = PCURVE('',#12850,#12903);
#12903 = DEFINITIONAL_REPRESENTATION('',(#12904),#12908);
#12904 = LINE('',#12905,#12906);
#12905 = CARTESIAN_POINT('',(0.,0.));
#12906 = VECTOR('',#12907,1.);
#12907 = DIRECTION('',(1.,0.));
#12908 = ( GEOMETRIC_REPRESENTATION_CONTEXT(2) 
PARAMETRIC_REPRESENTATION_CONTEXT() REPRESENTATION_CONTEXT('2D SPACE',''
  ) );
#12909 = ORIENTED_EDGE('',*,*,#10353,.T.);
#12910 = ORIENTED_EDGE('',*,*,#12911,.T.);
#12911 = EDGE_CURVE('',#10331,#10668,#12912,.T.);
#12912 = SURFACE_CURVE('',#12913,(#12918,#12924),.PCURVE_S1.);
#12913 = CIRCLE('',#12914,10.);
#12914 = AXIS2_PLACEMENT_3D('',#12915,#12916,#12917);
#12915 = CARTESIAN_POINT('',(85.610296415753,328.2036837934,
    47.16375096559));
#12916 = DIRECTION('',(2.69326056664E-02,8.28900370727E-02,
    -0.996194698092));
#12917 = DIRECTION('',(0.307841091417,0.947437459119,8.715574274766E-02)
  );
#12918 = PCURVE('',#10369,#12919);
#12919 = DEFINITIONAL_REPRESENTATION('',(#12920),#12923);
#12920 = B_SPLINE_CURVE_WITH_KNOTS('',1,(#12921,#12922),.UNSPECIFIED.,
  .F.,.F.,(2,2),(4.712388980385,6.28318530718),
  .PIECEWISE_BEZIER_KNOTS.);
#12921 = CARTESIAN_POINT('',(1.570796326795,30.));
#12922 = CARTESIAN_POINT('',(0.,30.));
#12923 = ( GEOMETRIC_REPRESENTATION_CONTEXT(2) 
PARAMETRIC_REPRESENTATION_CONTEXT() REPRESENTATION_CONTEXT('2D SPACE',''
  ) );
#12924 = PCURVE('',#10629,#12925);
#12925 = DEFINITIONAL_REPRESENTATION('',(#12926),#12929);
#12926 = B_SPLINE_CURVE_WITH_KNOTS('',1,(#12927,#12928),.UNSPECIFIED.,
  .F.,.F.,(2,2),(4.712388980385,6.28318530718),
  .PIECEWISE_BEZIER_KNOTS.);
#12927 = CARTESIAN_POINT('',(0.,-1.570796326795));
#12928 = CARTESIAN_POINT('',(0.,0.));
#12929 = ( GEOMETRIC_REPRESENTATION_CONTEXT(2) 
PARAMETRIC_REPRESENTATION_CONTEXT() REPRESENTATION_CONTEXT('2D SPACE',''
  ) );
#12930 = ADVANCED_FACE('',(#12931),#10445,.T.);
#12931 = FACE_BOUND('',#12932,.T.);
#12932 = EDGE_LOOP('',(#12933,#12953,#12954,#12982,#13003,#13029,#13030,
    #13050));
#12933 = ORIENTED_EDGE('',*,*,#12934,.F.);
#12934 = EDGE_CURVE('',#10407,#12764,#12935,.T.);
#12935 = SURFACE_CURVE('',#12936,(#12941,#12947),.PCURVE_S1.);
#12936 = CIRCLE('',#12937,10.);
#12937 = AXIS2_PLACEMENT_3D('',#12938,#12939,#12940);
#12938 = CARTESIAN_POINT('',(124.19120918088,317.50080475986,
    27.239857003755));
#12939 = DIRECTION('',(0.951056516295,-0.309016994375,9.020562075079E-17
    ));
#12940 = DIRECTION('',(0.307841091417,0.947437459119,8.715574274766E-02)
  );
#12941 = PCURVE('',#10445,#12942);
#12942 = DEFINITIONAL_REPRESENTATION('',(#12943),#12946);
#12943 = B_SPLINE_CURVE_WITH_KNOTS('',1,(#12944,#12945),.UNSPECIFIED.,
  .F.,.F.,(2,2),(4.712388980385,6.28318530718),
  .PIECEWISE_BEZIER_KNOTS.);
#12944 = CARTESIAN_POINT('',(1.570796326795,10.));
#12945 = CARTESIAN_POINT('',(0.,10.));
#12946 = ( GEOMETRIC_REPRESENTATION_CONTEXT(2) 
PARAMETRIC_REPRESENTATION_CONTEXT() REPRESENTATION_CONTEXT('2D SPACE',''
  ) );
#12947 = PCURVE('',#12748,#12948);
#12948 = DEFINITIONAL_REPRESENTATION('',(#12949),#12952);
#12949 = B_SPLINE_CURVE_WITH_KNOTS('',1,(#12950,#12951),.UNSPECIFIED.,
  .F.,.F.,(2,2),(4.712388980385,6.28318530718),
  .PIECEWISE_BEZIER_KNOTS.);
#12950 = CARTESIAN_POINT('',(0.,-1.570796326795));
#12951 = CARTESIAN_POINT('',(0.,0.));
#12952 = ( GEOMETRIC_REPRESENTATION_CONTEXT(2) 
PARAMETRIC_REPRESENTATION_CONTEXT() REPRESENTATION_CONTEXT('2D SPACE',''
  ) );
#12953 = ORIENTED_EDGE('',*,*,#10429,.T.);
#12954 = ORIENTED_EDGE('',*,*,#12955,.F.);
#12955 = EDGE_CURVE('',#12956,#10430,#12958,.T.);
#12956 = VERTEX_POINT('',#12957);
#12957 = CARTESIAN_POINT('',(117.69254443195,329.85978602475,
    24.999858642014));
#12958 = SURFACE_CURVE('',#12959,(#12964,#12971),.PCURVE_S1.);
#12959 = CIRCLE('',#12960,10.);
#12960 = AXIS2_PLACEMENT_3D('',#12961,#12962,#12963);
#12961 = CARTESIAN_POINT('',(114.68089823467,320.59089210359,
    27.239857003755));
#12962 = DIRECTION('',(-0.951056516295,0.309016994375,0.));
#12963 = DIRECTION('',(0.307841091417,0.947437459119,8.715574274766E-02)
  );
#12964 = PCURVE('',#10445,#12965);
#12965 = DEFINITIONAL_REPRESENTATION('',(#12966),#12970);
#12966 = LINE('',#12967,#12968);
#12967 = CARTESIAN_POINT('',(0.,19.999732700706));
#12968 = VECTOR('',#12969,1.);
#12969 = DIRECTION('',(1.,0.));
#12970 = ( GEOMETRIC_REPRESENTATION_CONTEXT(2) 
PARAMETRIC_REPRESENTATION_CONTEXT() REPRESENTATION_CONTEXT('2D SPACE',''
  ) );
#12971 = PCURVE('',#10472,#12972);
#12972 = DEFINITIONAL_REPRESENTATION('',(#12973),#12981);
#12973 = ( BOUNDED_CURVE() B_SPLINE_CURVE(2,(#12974,#12975,#12976,#12977
    ,#12978,#12979,#12980),.UNSPECIFIED.,.T.,.F.) 
B_SPLINE_CURVE_WITH_KNOTS((1,2,2,2,2,1),(-2.094395102393,0.,
    2.094395102393,4.188790204786,6.28318530718,8.377580409573),
.UNSPECIFIED.) CURVE() GEOMETRIC_REPRESENTATION_ITEM() 
RATIONAL_B_SPLINE_CURVE((1.,0.5,1.,0.5,1.,0.5,1.)) REPRESENTATION_ITEM(
  '') );
#12974 = CARTESIAN_POINT('',(0.300125842826,28.111414431231));
#12975 = CARTESIAN_POINT('',(1.80970758893,10.856816117975));
#12976 = CARTESIAN_POINT('',(-13.88800375549,18.176779133388));
#12977 = CARTESIAN_POINT('',(-29.58571509992,25.496742148802));
#12978 = CARTESIAN_POINT('',(-15.3975855016,35.431377446645));
#12979 = CARTESIAN_POINT('',(-1.209455903277,45.366012744488));
#12980 = CARTESIAN_POINT('',(0.300125842826,28.111414431231));
#12981 = ( GEOMETRIC_REPRESENTATION_CONTEXT(2) 
PARAMETRIC_REPRESENTATION_CONTEXT() REPRESENTATION_CONTEXT('2D SPACE',''
  ) );
#12982 = ORIENTED_EDGE('',*,*,#12983,.T.);
#12983 = EDGE_CURVE('',#12956,#12984,#12986,.T.);
#12984 = VERTEX_POINT('',#12985);
#12985 = CARTESIAN_POINT('',(98.671414106047,336.04012591225,
    24.999858642014));
#12986 = SURFACE_CURVE('',#12987,(#12991,#12997),.PCURVE_S1.);
#12987 = LINE('',#12988,#12989);
#12988 = CARTESIAN_POINT('',(136.71342054111,323.67952873728,
    24.999858642014));
#12989 = VECTOR('',#12990,1.);
#12990 = DIRECTION('',(-0.951056516295,0.309016994375,0.));
#12991 = PCURVE('',#10445,#12992);
#12992 = DEFINITIONAL_REPRESENTATION('',(#12993),#12996);
#12993 = B_SPLINE_CURVE_WITH_KNOTS('',1,(#12994,#12995),.UNSPECIFIED.,
  .F.,.F.,(2,2),(19.999732100706,39.999733300706),
  .PIECEWISE_BEZIER_KNOTS.);
#12994 = CARTESIAN_POINT('',(0.313183136078,19.999732100706));
#12995 = CARTESIAN_POINT('',(0.313183136078,39.999733300706));
#12996 = ( GEOMETRIC_REPRESENTATION_CONTEXT(2) 
PARAMETRIC_REPRESENTATION_CONTEXT() REPRESENTATION_CONTEXT('2D SPACE',''
  ) );
#12997 = PCURVE('',#10498,#12998);
#12998 = DEFINITIONAL_REPRESENTATION('',(#12999),#13002);
#12999 = B_SPLINE_CURVE_WITH_KNOTS('',1,(#13000,#13001),.UNSPECIFIED.,
  .F.,.F.,(2,2),(19.999732700706,39.999732700706),
  .PIECEWISE_BEZIER_KNOTS.);
#13000 = CARTESIAN_POINT('',(7.850618800417,20.));
#13001 = CARTESIAN_POINT('',(7.850618800417,-1.42108547152E-14));
#13002 = ( GEOMETRIC_REPRESENTATION_CONTEXT(2) 
PARAMETRIC_REPRESENTATION_CONTEXT() REPRESENTATION_CONTEXT('2D SPACE',''
  ) );
#13003 = ORIENTED_EDGE('',*,*,#13004,.T.);
#13004 = EDGE_CURVE('',#12984,#10510,#13005,.T.);
#13005 = SURFACE_CURVE('',#13006,(#13011,#13018),.PCURVE_S1.);
#13006 = CIRCLE('',#13007,10.);
#13007 = AXIS2_PLACEMENT_3D('',#13008,#13009,#13010);
#13008 = CARTESIAN_POINT('',(95.659767908767,326.77123199109,
    27.239857003755));
#13009 = DIRECTION('',(-0.951056516295,0.309016994375,0.));
#13010 = DIRECTION('',(0.307841091417,0.947437459119,8.715574274766E-02)
  );
#13011 = PCURVE('',#10445,#13012);
#13012 = DEFINITIONAL_REPRESENTATION('',(#13013),#13017);
#13013 = LINE('',#13014,#13015);
#13014 = CARTESIAN_POINT('',(-5.732467154385E-17,39.999732700706));
#13015 = VECTOR('',#13016,1.);
#13016 = DIRECTION('',(1.,0.));
#13017 = ( GEOMETRIC_REPRESENTATION_CONTEXT(2) 
PARAMETRIC_REPRESENTATION_CONTEXT() REPRESENTATION_CONTEXT('2D SPACE',''
  ) );
#13018 = PCURVE('',#10524,#13019);
#13019 = DEFINITIONAL_REPRESENTATION('',(#13020),#13028);
#13020 = ( BOUNDED_CURVE() B_SPLINE_CURVE(2,(#13021,#13022,#13023,#13024
    ,#13025,#13026,#13027),.UNSPECIFIED.,.T.,.F.) 
B_SPLINE_CURVE_WITH_KNOTS((1,2,2,2,2,1),(-2.094395102393,0.,
    2.094395102393,4.188790204786,6.28318530718,8.377580409573),
.UNSPECIFIED.) CURVE() GEOMETRIC_REPRESENTATION_ITEM() 
RATIONAL_B_SPLINE_CURVE((1.,0.5,1.,0.5,1.,0.5,1.)) REPRESENTATION_ITEM(
  '') );
#13021 = CARTESIAN_POINT('',(0.300125842826,28.111414431231));
#13022 = CARTESIAN_POINT('',(1.80970758893,10.856816117975));
#13023 = CARTESIAN_POINT('',(-13.88800375549,18.176779133388));
#13024 = CARTESIAN_POINT('',(-29.58571509992,25.496742148802));
#13025 = CARTESIAN_POINT('',(-15.3975855016,35.431377446645));
#13026 = CARTESIAN_POINT('',(-1.209455903277,45.366012744488));
#13027 = CARTESIAN_POINT('',(0.300125842826,28.111414431231));
#13028 = ( GEOMETRIC_REPRESENTATION_CONTEXT(2) 
PARAMETRIC_REPRESENTATION_CONTEXT() REPRESENTATION_CONTEXT('2D SPACE',''
  ) );
#13029 = ORIENTED_EDGE('',*,*,#10535,.T.);
#13030 = ORIENTED_EDGE('',*,*,#13031,.T.);
#13031 = EDGE_CURVE('',#10536,#12866,#13032,.T.);
#13032 = SURFACE_CURVE('',#13033,(#13038,#13044),.PCURVE_S1.);
#13033 = CIRCLE('',#13034,10.);
#13034 = AXIS2_PLACEMENT_3D('',#13035,#13036,#13037);
#13035 = CARTESIAN_POINT('',(86.148948529081,329.86148453486,
    27.239857003755));
#13036 = DIRECTION('',(0.951056516295,-0.309016994375,5.898059818321E-17
    ));
#13037 = DIRECTION('',(0.307841091417,0.947437459119,8.715574274766E-02)
  );
#13038 = PCURVE('',#10445,#13039);
#13039 = DEFINITIONAL_REPRESENTATION('',(#13040),#13043);
#13040 = B_SPLINE_CURVE_WITH_KNOTS('',1,(#13041,#13042),.UNSPECIFIED.,
  .F.,.F.,(2,2),(4.712388980385,6.28318530718),
  .PIECEWISE_BEZIER_KNOTS.);
#13041 = CARTESIAN_POINT('',(1.570796326795,50.));
#13042 = CARTESIAN_POINT('',(0.,50.));
#13043 = ( GEOMETRIC_REPRESENTATION_CONTEXT(2) 
PARAMETRIC_REPRESENTATION_CONTEXT() REPRESENTATION_CONTEXT('2D SPACE',''
  ) );
#13044 = PCURVE('',#12850,#13045);
#13045 = DEFINITIONAL_REPRESENTATION('',(#13046),#13049);
#13046 = B_SPLINE_CURVE_WITH_KNOTS('',1,(#13047,#13048),.UNSPECIFIED.,
  .F.,.F.,(2,2),(4.712388980385,6.28318530718),
  .PIECEWISE_BEZIER_KNOTS.);
#13047 = CARTESIAN_POINT('',(0.,-1.570796326795));
#13048 = CARTESIAN_POINT('',(0.,0.));
#13049 = ( GEOMETRIC_REPRESENTATION_CONTEXT(2) 
PARAMETRIC_REPRESENTATION_CONTEXT() REPRESENTATION_CONTEXT('2D SPACE',''
  ) );
#13050 = ORIENTED_EDGE('',*,*,#13051,.F.);
#13051 = EDGE_CURVE('',#12764,#12866,#13052,.T.);
#13052 = SURFACE_CURVE('',#13053,(#13057,#13064),.PCURVE_S1.);
#13053 = LINE('',#13054,#13055);
#13054 = CARTESIAN_POINT('',(136.780185258,323.8850094073,
    28.111414431231));
#13055 = VECTOR('',#13056,1.);
#13056 = DIRECTION('',(-0.951056516295,0.309016994375,0.));
#13057 = PCURVE('',#10445,#13058);
#13058 = DEFINITIONAL_REPRESENTATION('',(#13059),#13063);
#13059 = LINE('',#13060,#13061);
#13060 = CARTESIAN_POINT('',(0.,0.));
#13061 = VECTOR('',#13062,1.);
#13062 = DIRECTION('',(0.,1.));
#13063 = ( GEOMETRIC_REPRESENTATION_CONTEXT(2) 
PARAMETRIC_REPRESENTATION_CONTEXT() REPRESENTATION_CONTEXT('2D SPACE',''
  ) );
#13064 = PCURVE('',#10705,#13065);
#13065 = DEFINITIONAL_REPRESENTATION('',(#13066),#13070);
#13066 = LINE('',#13067,#13068);
#13067 = CARTESIAN_POINT('',(10.,1.42108547152E-14));
#13068 = VECTOR('',#13069,1.);
#13069 = DIRECTION('',(-3.469446951954E-18,-1.));
#13070 = ( GEOMETRIC_REPRESENTATION_CONTEXT(2) 
PARAMETRIC_REPRESENTATION_CONTEXT() REPRESENTATION_CONTEXT('2D SPACE',''
  ) );
#13071 = ADVANCED_FACE('',(#13072),#10524,.F.);
#13072 = FACE_BOUND('',#13073,.F.);
#13073 = EDGE_LOOP('',(#13074,#13075,#13101));
#13074 = ORIENTED_EDGE('',*,*,#10509,.F.);
#13075 = ORIENTED_EDGE('',*,*,#13076,.F.);
#13076 = EDGE_CURVE('',#12984,#10484,#13077,.T.);
#13077 = SURFACE_CURVE('',#13078,(#13083,#13094),.PCURVE_S1.);
#13078 = CIRCLE('',#13079,25.);
#13079 = AXIS2_PLACEMENT_3D('',#13080,#13081,#13082);
#13080 = CARTESIAN_POINT('',(98.645434837048,335.96016994374,
    -1.110223024625E-15));
#13081 = DIRECTION('',(-0.951056516295,0.309016994375,
    -3.408731630294E-16));
#13082 = DIRECTION('',(1.039170759954E-03,3.198238740224E-03,
    0.999994345681));
#13083 = PCURVE('',#10524,#13084);
#13084 = DEFINITIONAL_REPRESENTATION('',(#13085),#13093);
#13085 = ( BOUNDED_CURVE() B_SPLINE_CURVE(2,(#13086,#13087,#13088,#13089
    ,#13090,#13091,#13092),.UNSPECIFIED.,.T.,.F.) 
B_SPLINE_CURVE_WITH_KNOTS((1,2,2,2,2,1),(-2.094395102393,0.,
    2.094395102393,4.188790204786,6.28318530718,8.377580409573),
.UNSPECIFIED.) CURVE() GEOMETRIC_REPRESENTATION_ITEM() 
RATIONAL_B_SPLINE_CURVE((1.,0.5,1.,0.5,1.,0.5,1.)) REPRESENTATION_ITEM(
  '') );
#13086 = CARTESIAN_POINT('',(8.407068048602E-02,24.999858642014));
#13087 = CARTESIAN_POINT('',(43.385096030494,24.854243951985));
#13088 = CARTESIAN_POINT('',(21.608477334761,-12.57273666602));
#13089 = CARTESIAN_POINT('',(-0.168141360972,-49.99971728402));
#13090 = CARTESIAN_POINT('',(-21.69254801524,-12.42712197599));
#13091 = CARTESIAN_POINT('',(-43.21695466952,25.145473332043));
#13092 = CARTESIAN_POINT('',(8.407068048602E-02,24.999858642014));
#13093 = ( GEOMETRIC_REPRESENTATION_CONTEXT(2) 
PARAMETRIC_REPRESENTATION_CONTEXT() REPRESENTATION_CONTEXT('2D SPACE',''
  ) );
#13094 = PCURVE('',#10498,#13095);
#13095 = DEFINITIONAL_REPRESENTATION('',(#13096),#13100);
#13096 = LINE('',#13097,#13098);
#13097 = CARTESIAN_POINT('',(7.850618800417,0.));
#13098 = VECTOR('',#13099,1.);
#13099 = DIRECTION('',(-1.,-0.));
#13100 = ( GEOMETRIC_REPRESENTATION_CONTEXT(2) 
PARAMETRIC_REPRESENTATION_CONTEXT() REPRESENTATION_CONTEXT('2D SPACE',''
  ) );
#13101 = ORIENTED_EDGE('',*,*,#13004,.T.);
#13102 = ADVANCED_FACE('',(#13103),#10498,.T.);
#13103 = FACE_BOUND('',#13104,.T.);
#13104 = EDGE_LOOP('',(#13105,#13106,#13107,#13133));
#13105 = ORIENTED_EDGE('',*,*,#13076,.F.);
#13106 = ORIENTED_EDGE('',*,*,#12983,.F.);
#13107 = ORIENTED_EDGE('',*,*,#13108,.T.);
#13108 = EDGE_CURVE('',#12956,#10458,#13109,.T.);
#13109 = SURFACE_CURVE('',#13110,(#13115,#13122),.PCURVE_S1.);
#13110 = CIRCLE('',#13111,25.);
#13111 = AXIS2_PLACEMENT_3D('',#13112,#13113,#13114);
#13112 = CARTESIAN_POINT('',(117.66656516295,329.77983005625,
    1.110223024625E-15));
#13113 = DIRECTION('',(-0.951056516295,0.309016994375,-7.48099499015E-17
    ));
#13114 = DIRECTION('',(1.039170759935E-03,3.198238740167E-03,
    0.999994345681));
#13115 = PCURVE('',#10498,#13116);
#13116 = DEFINITIONAL_REPRESENTATION('',(#13117),#13121);
#13117 = LINE('',#13118,#13119);
#13118 = CARTESIAN_POINT('',(7.850618800417,20.));
#13119 = VECTOR('',#13120,1.);
#13120 = DIRECTION('',(-1.,-0.));
#13121 = ( GEOMETRIC_REPRESENTATION_CONTEXT(2) 
PARAMETRIC_REPRESENTATION_CONTEXT() REPRESENTATION_CONTEXT('2D SPACE',''
  ) );
#13122 = PCURVE('',#10472,#13123);
#13123 = DEFINITIONAL_REPRESENTATION('',(#13124),#13132);
#13124 = ( BOUNDED_CURVE() B_SPLINE_CURVE(2,(#13125,#13126,#13127,#13128
    ,#13129,#13130,#13131),.UNSPECIFIED.,.T.,.F.) 
B_SPLINE_CURVE_WITH_KNOTS((1,2,2,2,2,1),(-2.094395102393,0.,
    2.094395102393,4.188790204786,6.28318530718,8.377580409573),
.UNSPECIFIED.) CURVE() GEOMETRIC_REPRESENTATION_ITEM() 
RATIONAL_B_SPLINE_CURVE((1.,0.5,1.,0.5,1.,0.5,1.)) REPRESENTATION_ITEM(
  '') );
#13125 = CARTESIAN_POINT('',(8.407068048453E-02,24.999858642014));
#13126 = CARTESIAN_POINT('',(43.385096030493,24.854243951988));
#13127 = CARTESIAN_POINT('',(21.608477334762,-12.57273666602));
#13128 = CARTESIAN_POINT('',(-0.168141360969,-49.99971728402));
#13129 = CARTESIAN_POINT('',(-21.69254801524,-12.42712197599));
#13130 = CARTESIAN_POINT('',(-43.21695466952,25.14547333204));
#13131 = CARTESIAN_POINT('',(8.407068048453E-02,24.999858642014));
#13132 = ( GEOMETRIC_REPRESENTATION_CONTEXT(2) 
PARAMETRIC_REPRESENTATION_CONTEXT() REPRESENTATION_CONTEXT('2D SPACE',''
  ) );
#13133 = ORIENTED_EDGE('',*,*,#10483,.F.);
#13134 = ADVANCED_FACE('',(#13135),#10472,.T.);
#13135 = FACE_BOUND('',#13136,.T.);
#13136 = EDGE_LOOP('',(#13137,#13138,#13139));
#13137 = ORIENTED_EDGE('',*,*,#10457,.F.);
#13138 = ORIENTED_EDGE('',*,*,#13108,.F.);
#13139 = ORIENTED_EDGE('',*,*,#12955,.T.);
#13140 = ADVANCED_FACE('',(#13141),#10598,.T.);
#13141 = FACE_BOUND('',#13142,.T.);
#13142 = EDGE_LOOP('',(#13143,#13144,#13145));
#13143 = ORIENTED_EDGE('',*,*,#10644,.F.);
#13144 = ORIENTED_EDGE('',*,*,#10584,.T.);
#13145 = ORIENTED_EDGE('',*,*,#12809,.F.);
#13146 = ADVANCED_FACE('',(#13147),#10629,.T.);
#13147 = FACE_BOUND('',#13148,.T.);
#13148 = EDGE_LOOP('',(#13149,#13150,#13151));
#13149 = ORIENTED_EDGE('',*,*,#12911,.F.);
#13150 = ORIENTED_EDGE('',*,*,#10615,.T.);
#13151 = ORIENTED_EDGE('',*,*,#10667,.F.);
#13152 = ADVANCED_FACE('',(#13153),#10705,.T.);
#13153 = FACE_BOUND('',#13154,.T.);
#13154 = EDGE_LOOP('',(#13155,#13156,#13157,#13158));
#13155 = ORIENTED_EDGE('',*,*,#12763,.F.);
#13156 = ORIENTED_EDGE('',*,*,#13051,.T.);
#13157 = ORIENTED_EDGE('',*,*,#12865,.T.);
#13158 = ORIENTED_EDGE('',*,*,#10691,.F.);
#13159 = ADVANCED_FACE('',(#13160),#10735,.T.);
#13160 = FACE_BOUND('',#13161,.T.);
#13161 = EDGE_LOOP('',(#13162,#13163,#13164,#13189));
#13162 = ORIENTED_EDGE('',*,*,#10721,.F.);
#13163 = ORIENTED_EDGE('',*,*,#10933,.T.);
#13164 = ORIENTED_EDGE('',*,*,#13165,.T.);
#13165 = EDGE_CURVE('',#10934,#10775,#13166,.T.);
#13166 = SURFACE_CURVE('',#13167,(#13172,#13178),.PCURVE_S1.);
#13167 = CIRCLE('',#13168,10.);
#13168 = AXIS2_PLACEMENT_3D('',#13169,#13170,#13171);
#13169 = CARTESIAN_POINT('',(-263.5837813892,216.22642576293,
    27.239857003755));
#13170 = DIRECTION('',(0.805938440462,-0.58554855195,-8.715574274766E-02
    ));
#13171 = DIRECTION('',(0.587785252292,0.809016994375,-2.359223927328E-16
    ));
#13172 = PCURVE('',#10735,#13173);
#13173 = DEFINITIONAL_REPRESENTATION('',(#13174),#13177);
#13174 = B_SPLINE_CURVE_WITH_KNOTS('',1,(#13175,#13176),.UNSPECIFIED.,
  .F.,.F.,(2,2),(4.712388980385,6.28318530718),
  .PIECEWISE_BEZIER_KNOTS.);
#13175 = CARTESIAN_POINT('',(1.570796326795,290.));
#13176 = CARTESIAN_POINT('',(0.,290.));
#13177 = ( GEOMETRIC_REPRESENTATION_CONTEXT(2) 
PARAMETRIC_REPRESENTATION_CONTEXT() REPRESENTATION_CONTEXT('2D SPACE',''
  ) );
#13178 = PCURVE('',#13179,#13184);
#13179 = SPHERICAL_SURFACE('',#13180,10.);
#13180 = AXIS2_PLACEMENT_3D('',#13181,#13182,#13183);
#13181 = CARTESIAN_POINT('',(-263.5837813892,216.22642576293,
    27.239857003755));
#13182 = DIRECTION('',(7.051047704023E-02,-5.122886023967E-02,
    0.996194698092));
#13183 = DIRECTION('',(-0.805938440462,0.58554855195,8.715574274766E-02)
  );
#13184 = DEFINITIONAL_REPRESENTATION('',(#13185),#13188);
#13185 = B_SPLINE_CURVE_WITH_KNOTS('',1,(#13186,#13187),.UNSPECIFIED.,
  .F.,.F.,(2,2),(4.712388980385,6.28318530718),
  .PIECEWISE_BEZIER_KNOTS.);
#13186 = CARTESIAN_POINT('',(-1.570796326795,-1.570796326795));
#13187 = CARTESIAN_POINT('',(-1.570796326795,0.));
#13188 = ( GEOMETRIC_REPRESENTATION_CONTEXT(2) 
PARAMETRIC_REPRESENTATION_CONTEXT() REPRESENTATION_CONTEXT('2D SPACE',''
  ) );
#13189 = ORIENTED_EDGE('',*,*,#10802,.F.);
#13190 = ADVANCED_FACE('',(#13191),#10790,.T.);
#13191 = FACE_BOUND('',#13192,.F.);
#13192 = EDGE_LOOP('',(#13193,#13216,#13238,#13239));
#13193 = ORIENTED_EDGE('',*,*,#13194,.F.);
#13194 = EDGE_CURVE('',#13195,#11172,#13197,.T.);
#13195 = VERTEX_POINT('',#13196);
#13196 = CARTESIAN_POINT('',(-271.6431657939,222.08191128243,
    28.111414431231));
#13197 = SURFACE_CURVE('',#13198,(#13202,#13209),.PCURVE_S1.);
#13198 = LINE('',#13199,#13200);
#13199 = CARTESIAN_POINT('',(-272.3482705643,222.59419988483,
    18.149467450314));
#13200 = VECTOR('',#13201,1.);
#13201 = DIRECTION('',(7.051047704023E-02,-5.122886023967E-02,
    0.996194698092));
#13202 = PCURVE('',#10790,#13203);
#13203 = DEFINITIONAL_REPRESENTATION('',(#13204),#13208);
#13204 = LINE('',#13205,#13206);
#13205 = CARTESIAN_POINT('',(-0.,0.));
#13206 = VECTOR('',#13207,1.);
#13207 = DIRECTION('',(-0.,1.));
#13208 = ( GEOMETRIC_REPRESENTATION_CONTEXT(2) 
PARAMETRIC_REPRESENTATION_CONTEXT() REPRESENTATION_CONTEXT('2D SPACE',''
  ) );
#13209 = PCURVE('',#11232,#13210);
#13210 = DEFINITIONAL_REPRESENTATION('',(#13211),#13215);
#13211 = LINE('',#13212,#13213);
#13212 = CARTESIAN_POINT('',(-7.105427357601E-15,-10.));
#13213 = VECTOR('',#13214,1.);
#13214 = DIRECTION('',(1.,-6.938893903907E-18));
#13215 = ( GEOMETRIC_REPRESENTATION_CONTEXT(2) 
PARAMETRIC_REPRESENTATION_CONTEXT() REPRESENTATION_CONTEXT('2D SPACE',''
  ) );
#13216 = ORIENTED_EDGE('',*,*,#13217,.T.);
#13217 = EDGE_CURVE('',#13195,#10775,#13218,.T.);
#13218 = SURFACE_CURVE('',#13219,(#13224,#13231),.PCURVE_S1.);
#13219 = CIRCLE('',#13220,10.);
#13220 = AXIS2_PLACEMENT_3D('',#13221,#13222,#13223);
#13221 = CARTESIAN_POINT('',(-263.5837813892,216.22642576293,
    27.239857003755));
#13222 = DIRECTION('',(-7.051047704023E-02,5.122886023967E-02,
    -0.996194698092));
#13223 = DIRECTION('',(-0.805938440462,0.58554855195,8.715574274766E-02)
  );
#13224 = PCURVE('',#10790,#13225);
#13225 = DEFINITIONAL_REPRESENTATION('',(#13226),#13230);
#13226 = LINE('',#13227,#13228);
#13227 = CARTESIAN_POINT('',(-0.,10.));
#13228 = VECTOR('',#13229,1.);
#13229 = DIRECTION('',(-1.,0.));
#13230 = ( GEOMETRIC_REPRESENTATION_CONTEXT(2) 
PARAMETRIC_REPRESENTATION_CONTEXT() REPRESENTATION_CONTEXT('2D SPACE',''
  ) );
#13231 = PCURVE('',#13179,#13232);
#13232 = DEFINITIONAL_REPRESENTATION('',(#13233),#13237);
#13233 = LINE('',#13234,#13235);
#13234 = CARTESIAN_POINT('',(-0.,0.));
#13235 = VECTOR('',#13236,1.);
#13236 = DIRECTION('',(-1.,0.));
#13237 = ( GEOMETRIC_REPRESENTATION_CONTEXT(2) 
PARAMETRIC_REPRESENTATION_CONTEXT() REPRESENTATION_CONTEXT('2D SPACE',''
  ) );
#13238 = ORIENTED_EDGE('',*,*,#10774,.T.);
#13239 = ORIENTED_EDGE('',*,*,#13240,.F.);
#13240 = EDGE_CURVE('',#11172,#10752,#13241,.T.);
#13241 = SURFACE_CURVE('',#13242,(#13247,#13254),.PCURVE_S1.);
#13242 = CIRCLE('',#13243,10.);
#13243 = AXIS2_PLACEMENT_3D('',#13244,#13245,#13246);
#13244 = CARTESIAN_POINT('',(-262.1735718484,215.20184855814,
    47.16375096559));
#13245 = DIRECTION('',(-7.051047704023E-02,5.122886023967E-02,
    -0.996194698092));
#13246 = DIRECTION('',(-0.805938440462,0.58554855195,8.715574274766E-02)
  );
#13247 = PCURVE('',#10790,#13248);
#13248 = DEFINITIONAL_REPRESENTATION('',(#13249),#13253);
#13249 = LINE('',#13250,#13251);
#13250 = CARTESIAN_POINT('',(-0.,30.));
#13251 = VECTOR('',#13252,1.);
#13252 = DIRECTION('',(-1.,0.));
#13253 = ( GEOMETRIC_REPRESENTATION_CONTEXT(2) 
PARAMETRIC_REPRESENTATION_CONTEXT() REPRESENTATION_CONTEXT('2D SPACE',''
  ) );
#13254 = PCURVE('',#11125,#13255);
#13255 = DEFINITIONAL_REPRESENTATION('',(#13256),#13260);
#13256 = LINE('',#13257,#13258);
#13257 = CARTESIAN_POINT('',(0.,0.));
#13258 = VECTOR('',#13259,1.);
#13259 = DIRECTION('',(1.,0.));
#13260 = ( GEOMETRIC_REPRESENTATION_CONTEXT(2) 
PARAMETRIC_REPRESENTATION_CONTEXT() REPRESENTATION_CONTEXT('2D SPACE',''
  ) );
#13261 = ADVANCED_FACE('',(#13262),#10841,.T.);
#13262 = FACE_BOUND('',#13263,.F.);
#13263 = EDGE_LOOP('',(#13264,#13265,#13266,#13291));
#13264 = ORIENTED_EDGE('',*,*,#10827,.F.);
#13265 = ORIENTED_EDGE('',*,*,#11085,.T.);
#13266 = ORIENTED_EDGE('',*,*,#13267,.T.);
#13267 = EDGE_CURVE('',#11063,#10881,#13268,.T.);
#13268 = SURFACE_CURVE('',#13269,(#13274,#13280),.PCURVE_S1.);
#13269 = CIRCLE('',#13270,10.);
#13270 = AXIS2_PLACEMENT_3D('',#13271,#13272,#13273);
#13271 = CARTESIAN_POINT('',(-287.0951914809,183.86574598793,
    27.239857003755));
#13272 = DIRECTION('',(-0.805938440462,0.58554855195,8.715574274766E-02)
  );
#13273 = DIRECTION('',(-0.587785252292,-0.809016994375,
    -3.330669073875E-16));
#13274 = PCURVE('',#10841,#13275);
#13275 = DEFINITIONAL_REPRESENTATION('',(#13276),#13279);
#13276 = B_SPLINE_CURVE_WITH_KNOTS('',1,(#13277,#13278),.UNSPECIFIED.,
  .F.,.F.,(2,2),(4.712388980385,6.28318530718),
  .PIECEWISE_BEZIER_KNOTS.);
#13277 = CARTESIAN_POINT('',(-1.570796326795,290.));
#13278 = CARTESIAN_POINT('',(0.,290.));
#13279 = ( GEOMETRIC_REPRESENTATION_CONTEXT(2) 
PARAMETRIC_REPRESENTATION_CONTEXT() REPRESENTATION_CONTEXT('2D SPACE',''
  ) );
#13280 = PCURVE('',#13281,#13286);
#13281 = SPHERICAL_SURFACE('',#13282,10.);
#13282 = AXIS2_PLACEMENT_3D('',#13283,#13284,#13285);
#13283 = CARTESIAN_POINT('',(-287.0951914809,183.86574598793,
    27.239857003755));
#13284 = DIRECTION('',(7.051047704023E-02,-5.122886023967E-02,
    0.996194698092));
#13285 = DIRECTION('',(-0.805938440462,0.58554855195,8.715574274766E-02)
  );
#13286 = DEFINITIONAL_REPRESENTATION('',(#13287),#13290);
#13287 = B_SPLINE_CURVE_WITH_KNOTS('',1,(#13288,#13289),.UNSPECIFIED.,
  .F.,.F.,(2,2),(4.712388980385,6.28318530718),
  .PIECEWISE_BEZIER_KNOTS.);
#13288 = CARTESIAN_POINT('',(1.570796326795,-1.570796326795));
#13289 = CARTESIAN_POINT('',(1.570796326795,0.));
#13290 = ( GEOMETRIC_REPRESENTATION_CONTEXT(2) 
PARAMETRIC_REPRESENTATION_CONTEXT() REPRESENTATION_CONTEXT('2D SPACE',''
  ) );
#13291 = ORIENTED_EDGE('',*,*,#10908,.F.);
#13292 = ADVANCED_FACE('',(#13293),#10896,.T.);
#13293 = FACE_BOUND('',#13294,.T.);
#13294 = EDGE_LOOP('',(#13295,#13318,#13340,#13341));
#13295 = ORIENTED_EDGE('',*,*,#13296,.F.);
#13296 = EDGE_CURVE('',#13297,#11195,#13299,.T.);
#13297 = VERTEX_POINT('',#13298);
#13298 = CARTESIAN_POINT('',(-295.1545758856,189.72123150744,
    28.111414431231));
#13299 = SURFACE_CURVE('',#13300,(#13304,#13311),.PCURVE_S1.);
#13300 = LINE('',#13301,#13302);
#13301 = CARTESIAN_POINT('',(-295.859680656,190.23352010983,
    18.149467450314));
#13302 = VECTOR('',#13303,1.);
#13303 = DIRECTION('',(7.051047704023E-02,-5.122886023967E-02,
    0.996194698092));
#13304 = PCURVE('',#10896,#13305);
#13305 = DEFINITIONAL_REPRESENTATION('',(#13306),#13310);
#13306 = LINE('',#13307,#13308);
#13307 = CARTESIAN_POINT('',(0.,0.));
#13308 = VECTOR('',#13309,1.);
#13309 = DIRECTION('',(0.,1.));
#13310 = ( GEOMETRIC_REPRESENTATION_CONTEXT(2) 
PARAMETRIC_REPRESENTATION_CONTEXT() REPRESENTATION_CONTEXT('2D SPACE',''
  ) );
#13311 = PCURVE('',#11232,#13312);
#13312 = DEFINITIONAL_REPRESENTATION('',(#13313),#13317);
#13313 = LINE('',#13314,#13315);
#13314 = CARTESIAN_POINT('',(-3.552713678801E-15,-50.));
#13315 = VECTOR('',#13316,1.);
#13316 = DIRECTION('',(1.,-6.938893903907E-18));
#13317 = ( GEOMETRIC_REPRESENTATION_CONTEXT(2) 
PARAMETRIC_REPRESENTATION_CONTEXT() REPRESENTATION_CONTEXT('2D SPACE',''
  ) );
#13318 = ORIENTED_EDGE('',*,*,#13319,.T.);
#13319 = EDGE_CURVE('',#13297,#10881,#13320,.T.);
#13320 = SURFACE_CURVE('',#13321,(#13326,#13333),.PCURVE_S1.);
#13321 = CIRCLE('',#13322,10.);
#13322 = AXIS2_PLACEMENT_3D('',#13323,#13324,#13325);
#13323 = CARTESIAN_POINT('',(-287.0951914809,183.86574598793,
    27.239857003755));
#13324 = DIRECTION('',(7.051047704023E-02,-5.122886023967E-02,
    0.996194698092));
#13325 = DIRECTION('',(-0.805938440462,0.58554855195,8.715574274766E-02)
  );
#13326 = PCURVE('',#10896,#13327);
#13327 = DEFINITIONAL_REPRESENTATION('',(#13328),#13332);
#13328 = LINE('',#13329,#13330);
#13329 = CARTESIAN_POINT('',(2.84217094304E-15,10.));
#13330 = VECTOR('',#13331,1.);
#13331 = DIRECTION('',(1.,0.));
#13332 = ( GEOMETRIC_REPRESENTATION_CONTEXT(2) 
PARAMETRIC_REPRESENTATION_CONTEXT() REPRESENTATION_CONTEXT('2D SPACE',''
  ) );
#13333 = PCURVE('',#13281,#13334);
#13334 = DEFINITIONAL_REPRESENTATION('',(#13335),#13339);
#13335 = LINE('',#13336,#13337);
#13336 = CARTESIAN_POINT('',(0.,0.));
#13337 = VECTOR('',#13338,1.);
#13338 = DIRECTION('',(1.,0.));
#13339 = ( GEOMETRIC_REPRESENTATION_CONTEXT(2) 
PARAMETRIC_REPRESENTATION_CONTEXT() REPRESENTATION_CONTEXT('2D SPACE',''
  ) );
#13340 = ORIENTED_EDGE('',*,*,#10880,.T.);
#13341 = ORIENTED_EDGE('',*,*,#13342,.T.);
#13342 = EDGE_CURVE('',#10858,#11195,#13343,.T.);
#13343 = SURFACE_CURVE('',#13344,(#13349,#13355),.PCURVE_S1.);
#13344 = CIRCLE('',#13345,10.);
#13345 = AXIS2_PLACEMENT_3D('',#13346,#13347,#13348);
#13346 = CARTESIAN_POINT('',(-285.6849819401,182.84116878314,
    47.16375096559));
#13347 = DIRECTION('',(-7.051047704023E-02,5.122886023967E-02,
    -0.996194698092));
#13348 = DIRECTION('',(-0.805938440462,0.58554855195,8.715574274766E-02)
  );
#13349 = PCURVE('',#10896,#13350);
#13350 = DEFINITIONAL_REPRESENTATION('',(#13351),#13354);
#13351 = B_SPLINE_CURVE_WITH_KNOTS('',1,(#13352,#13353),.UNSPECIFIED.,
  .F.,.F.,(2,2),(4.712388980385,6.28318530718),
  .PIECEWISE_BEZIER_KNOTS.);
#13352 = CARTESIAN_POINT('',(1.570796326795,30.));
#13353 = CARTESIAN_POINT('',(0.,30.));
#13354 = ( GEOMETRIC_REPRESENTATION_CONTEXT(2) 
PARAMETRIC_REPRESENTATION_CONTEXT() REPRESENTATION_CONTEXT('2D SPACE',''
  ) );
#13355 = PCURVE('',#11156,#13356);
#13356 = DEFINITIONAL_REPRESENTATION('',(#13357),#13360);
#13357 = B_SPLINE_CURVE_WITH_KNOTS('',1,(#13358,#13359),.UNSPECIFIED.,
  .F.,.F.,(2,2),(4.712388980385,6.28318530718),
  .PIECEWISE_BEZIER_KNOTS.);
#13358 = CARTESIAN_POINT('',(0.,-1.570796326795));
#13359 = CARTESIAN_POINT('',(0.,0.));
#13360 = ( GEOMETRIC_REPRESENTATION_CONTEXT(2) 
PARAMETRIC_REPRESENTATION_CONTEXT() REPRESENTATION_CONTEXT('2D SPACE',''
  ) );
#13361 = ADVANCED_FACE('',(#13362),#10972,.T.);
#13362 = FACE_BOUND('',#13363,.T.);
#13363 = EDGE_LOOP('',(#13364,#13384,#13385,#13413,#13434,#13460,#13461,
    #13481));
#13364 = ORIENTED_EDGE('',*,*,#13365,.F.);
#13365 = EDGE_CURVE('',#10934,#13195,#13366,.T.);
#13366 = SURFACE_CURVE('',#13367,(#13372,#13378),.PCURVE_S1.);
#13367 = CIRCLE('',#13368,10.);
#13368 = AXIS2_PLACEMENT_3D('',#13369,#13370,#13371);
#13369 = CARTESIAN_POINT('',(-263.5837813892,216.22642576293,
    27.239857003755));
#13370 = DIRECTION('',(0.587785252292,0.809016994375,-9.020562075079E-17
    ));
#13371 = DIRECTION('',(-0.805938440462,0.58554855195,8.715574274766E-02)
  );
#13372 = PCURVE('',#10972,#13373);
#13373 = DEFINITIONAL_REPRESENTATION('',(#13374),#13377);
#13374 = B_SPLINE_CURVE_WITH_KNOTS('',1,(#13375,#13376),.UNSPECIFIED.,
  .F.,.F.,(2,2),(4.712388980385,6.28318530718),
  .PIECEWISE_BEZIER_KNOTS.);
#13375 = CARTESIAN_POINT('',(1.570796326795,10.));
#13376 = CARTESIAN_POINT('',(0.,10.));
#13377 = ( GEOMETRIC_REPRESENTATION_CONTEXT(2) 
PARAMETRIC_REPRESENTATION_CONTEXT() REPRESENTATION_CONTEXT('2D SPACE',''
  ) );
#13378 = PCURVE('',#13179,#13379);
#13379 = DEFINITIONAL_REPRESENTATION('',(#13380),#13383);
#13380 = B_SPLINE_CURVE_WITH_KNOTS('',1,(#13381,#13382),.UNSPECIFIED.,
  .F.,.F.,(2,2),(4.712388980385,6.28318530718),
  .PIECEWISE_BEZIER_KNOTS.);
#13381 = CARTESIAN_POINT('',(0.,-1.570796326795));
#13382 = CARTESIAN_POINT('',(0.,0.));
#13383 = ( GEOMETRIC_REPRESENTATION_CONTEXT(2) 
PARAMETRIC_REPRESENTATION_CONTEXT() REPRESENTATION_CONTEXT('2D SPACE',''
  ) );
#13384 = ORIENTED_EDGE('',*,*,#10956,.T.);
#13385 = ORIENTED_EDGE('',*,*,#13386,.F.);
#13386 = EDGE_CURVE('',#13387,#10957,#13389,.T.);
#13387 = VERTEX_POINT('',#13388);
#13388 = CARTESIAN_POINT('',(-277.3462808034,213.8646717029,
    24.999858148111));
#13389 = SURFACE_CURVE('',#13390,(#13395,#13402),.PCURVE_S1.);
#13390 = CIRCLE('',#13391,10.);
#13391 = AXIS2_PLACEMENT_3D('',#13392,#13393,#13394);
#13392 = CARTESIAN_POINT('',(-269.4616887886,208.13618028822,
    27.239857003755));
#13393 = DIRECTION('',(-0.587785252292,-0.809016994375,
    6.938893903907E-18));
#13394 = DIRECTION('',(-0.805938440462,0.58554855195,8.715574274766E-02)
  );
#13395 = PCURVE('',#10972,#13396);
#13396 = DEFINITIONAL_REPRESENTATION('',(#13397),#13401);
#13397 = LINE('',#13398,#13399);
#13398 = CARTESIAN_POINT('',(0.,20.000093361398));
#13399 = VECTOR('',#13400,1.);
#13400 = DIRECTION('',(1.,0.));
#13401 = ( GEOMETRIC_REPRESENTATION_CONTEXT(2) 
PARAMETRIC_REPRESENTATION_CONTEXT() REPRESENTATION_CONTEXT('2D SPACE',''
  ) );
#13402 = PCURVE('',#10999,#13403);
#13403 = DEFINITIONAL_REPRESENTATION('',(#13404),#13412);
#13404 = ( BOUNDED_CURVE() B_SPLINE_CURVE(2,(#13405,#13406,#13407,#13408
    ,#13409,#13410,#13411),.UNSPECIFIED.,.T.,.F.) 
B_SPLINE_CURVE_WITH_KNOTS((1,2,2,2,2,1),(-2.094395102393,0.,
    2.094395102393,4.188790204786,6.28318530718,8.377580409573),
.UNSPECIFIED.) CURVE() GEOMETRIC_REPRESENTATION_ITEM() 
RATIONAL_B_SPLINE_CURVE((1.,0.5,1.,0.5,1.,0.5,1.)) REPRESENTATION_ITEM(
  '') );
#13405 = CARTESIAN_POINT('',(0.300272698733,28.111414431231));
#13406 = CARTESIAN_POINT('',(1.809854444836,10.856816117975));
#13407 = CARTESIAN_POINT('',(-13.88785689959,18.176779133388));
#13408 = CARTESIAN_POINT('',(-29.58556824402,25.496742148802));
#13409 = CARTESIAN_POINT('',(-15.39743864569,35.431377446645));
#13410 = CARTESIAN_POINT('',(-1.209309047371,45.366012744488));
#13411 = CARTESIAN_POINT('',(0.300272698733,28.111414431231));
#13412 = ( GEOMETRIC_REPRESENTATION_CONTEXT(2) 
PARAMETRIC_REPRESENTATION_CONTEXT() REPRESENTATION_CONTEXT('2D SPACE',''
  ) );
#13413 = ORIENTED_EDGE('',*,*,#13414,.T.);
#13414 = EDGE_CURVE('',#13387,#13415,#13417,.T.);
#13415 = VERTEX_POINT('',#13416);
#13416 = CARTESIAN_POINT('',(-289.1019858492,197.6843318154,
    24.999858148111));
#13417 = SURFACE_CURVE('',#13418,(#13422,#13428),.PCURVE_S1.);
#13418 = LINE('',#13419,#13420);
#13419 = CARTESIAN_POINT('',(-265.5905208811,230.04508712135,
    24.999858148111));
#13420 = VECTOR('',#13421,1.);
#13421 = DIRECTION('',(-0.587785252292,-0.809016994375,0.));
#13422 = PCURVE('',#10972,#13423);
#13423 = DEFINITIONAL_REPRESENTATION('',(#13424),#13427);
#13424 = B_SPLINE_CURVE_WITH_KNOTS('',1,(#13425,#13426),.UNSPECIFIED.,
  .F.,.F.,(2,2),(20.000092761398,40.000093961398),
  .PIECEWISE_BEZIER_KNOTS.);
#13425 = CARTESIAN_POINT('',(0.313183186756,20.000092761398));
#13426 = CARTESIAN_POINT('',(0.313183186756,40.000093961398));
#13427 = ( GEOMETRIC_REPRESENTATION_CONTEXT(2) 
PARAMETRIC_REPRESENTATION_CONTEXT() REPRESENTATION_CONTEXT('2D SPACE',''
  ) );
#13428 = PCURVE('',#11025,#13429);
#13429 = DEFINITIONAL_REPRESENTATION('',(#13430),#13433);
#13430 = B_SPLINE_CURVE_WITH_KNOTS('',1,(#13431,#13432),.UNSPECIFIED.,
  .F.,.F.,(2,2),(20.000093361398,40.000093361398),
  .PIECEWISE_BEZIER_KNOTS.);
#13431 = CARTESIAN_POINT('',(7.850612930688,20.));
#13432 = CARTESIAN_POINT('',(7.850612930688,-1.42108547152E-14));
#13433 = ( GEOMETRIC_REPRESENTATION_CONTEXT(2) 
PARAMETRIC_REPRESENTATION_CONTEXT() REPRESENTATION_CONTEXT('2D SPACE',''
  ) );
#13434 = ORIENTED_EDGE('',*,*,#13435,.T.);
#13435 = EDGE_CURVE('',#13415,#11037,#13436,.T.);
#13436 = SURFACE_CURVE('',#13437,(#13442,#13449),.PCURVE_S1.);
#13437 = CIRCLE('',#13438,10.);
#13438 = AXIS2_PLACEMENT_3D('',#13439,#13440,#13441);
#13439 = CARTESIAN_POINT('',(-281.2173938345,191.95584040072,
    27.239857003755));
#13440 = DIRECTION('',(-0.587785252292,-0.809016994375,
    6.938893903907E-18));
#13441 = DIRECTION('',(-0.805938440462,0.58554855195,8.715574274766E-02)
  );
#13442 = PCURVE('',#10972,#13443);
#13443 = DEFINITIONAL_REPRESENTATION('',(#13444),#13448);
#13444 = LINE('',#13445,#13446);
#13445 = CARTESIAN_POINT('',(0.,40.000093361398));
#13446 = VECTOR('',#13447,1.);
#13447 = DIRECTION('',(1.,0.));
#13448 = ( GEOMETRIC_REPRESENTATION_CONTEXT(2) 
PARAMETRIC_REPRESENTATION_CONTEXT() REPRESENTATION_CONTEXT('2D SPACE',''
  ) );
#13449 = PCURVE('',#11051,#13450);
#13450 = DEFINITIONAL_REPRESENTATION('',(#13451),#13459);
#13451 = ( BOUNDED_CURVE() B_SPLINE_CURVE(2,(#13452,#13453,#13454,#13455
    ,#13456,#13457,#13458),.UNSPECIFIED.,.T.,.F.) 
B_SPLINE_CURVE_WITH_KNOTS((1,2,2,2,2,1),(-2.094395102393,0.,
    2.094395102393,4.188790204786,6.28318530718,8.377580409573),
.UNSPECIFIED.) CURVE() GEOMETRIC_REPRESENTATION_ITEM() 
RATIONAL_B_SPLINE_CURVE((1.,0.5,1.,0.5,1.,0.5,1.)) REPRESENTATION_ITEM(
  '') );
#13452 = CARTESIAN_POINT('',(0.300272698733,28.111414431231));
#13453 = CARTESIAN_POINT('',(1.809854444836,10.856816117975));
#13454 = CARTESIAN_POINT('',(-13.88785689959,18.176779133388));
#13455 = CARTESIAN_POINT('',(-29.58556824402,25.496742148802));
#13456 = CARTESIAN_POINT('',(-15.39743864569,35.431377446645));
#13457 = CARTESIAN_POINT('',(-1.209309047371,45.366012744488));
#13458 = CARTESIAN_POINT('',(0.300272698733,28.111414431231));
#13459 = ( GEOMETRIC_REPRESENTATION_CONTEXT(2) 
PARAMETRIC_REPRESENTATION_CONTEXT() REPRESENTATION_CONTEXT('2D SPACE',''
  ) );
#13460 = ORIENTED_EDGE('',*,*,#11062,.T.);
#13461 = ORIENTED_EDGE('',*,*,#13462,.T.);
#13462 = EDGE_CURVE('',#11063,#13297,#13463,.T.);
#13463 = SURFACE_CURVE('',#13464,(#13469,#13475),.PCURVE_S1.);
#13464 = CIRCLE('',#13465,10.);
#13465 = AXIS2_PLACEMENT_3D('',#13466,#13467,#13468);
#13466 = CARTESIAN_POINT('',(-287.0951914809,183.86574598793,
    27.239857003755));
#13467 = DIRECTION('',(0.587785252292,0.809016994375,-1.804112415016E-16
    ));
#13468 = DIRECTION('',(-0.805938440462,0.58554855195,8.715574274766E-02)
  );
#13469 = PCURVE('',#10972,#13470);
#13470 = DEFINITIONAL_REPRESENTATION('',(#13471),#13474);
#13471 = B_SPLINE_CURVE_WITH_KNOTS('',1,(#13472,#13473),.UNSPECIFIED.,
  .F.,.F.,(2,2),(4.712388980385,6.28318530718),
  .PIECEWISE_BEZIER_KNOTS.);
#13472 = CARTESIAN_POINT('',(1.570796326795,50.));
#13473 = CARTESIAN_POINT('',(0.,50.));
#13474 = ( GEOMETRIC_REPRESENTATION_CONTEXT(2) 
PARAMETRIC_REPRESENTATION_CONTEXT() REPRESENTATION_CONTEXT('2D SPACE',''
  ) );
#13475 = PCURVE('',#13281,#13476);
#13476 = DEFINITIONAL_REPRESENTATION('',(#13477),#13480);
#13477 = B_SPLINE_CURVE_WITH_KNOTS('',1,(#13478,#13479),.UNSPECIFIED.,
  .F.,.F.,(2,2),(4.712388980385,6.28318530718),
  .PIECEWISE_BEZIER_KNOTS.);
#13478 = CARTESIAN_POINT('',(0.,-1.570796326795));
#13479 = CARTESIAN_POINT('',(0.,0.));
#13480 = ( GEOMETRIC_REPRESENTATION_CONTEXT(2) 
PARAMETRIC_REPRESENTATION_CONTEXT() REPRESENTATION_CONTEXT('2D SPACE',''
  ) );
#13481 = ORIENTED_EDGE('',*,*,#13482,.F.);
#13482 = EDGE_CURVE('',#13195,#13297,#13483,.T.);
#13483 = SURFACE_CURVE('',#13484,(#13488,#13495),.PCURVE_S1.);
#13484 = LINE('',#13485,#13486);
#13485 = CARTESIAN_POINT('',(-265.7653132709,230.17208122618,
    28.111414431231));
#13486 = VECTOR('',#13487,1.);
#13487 = DIRECTION('',(-0.587785252292,-0.809016994375,0.));
#13488 = PCURVE('',#10972,#13489);
#13489 = DEFINITIONAL_REPRESENTATION('',(#13490),#13494);
#13490 = LINE('',#13491,#13492);
#13491 = CARTESIAN_POINT('',(0.,0.));
#13492 = VECTOR('',#13493,1.);
#13493 = DIRECTION('',(0.,1.));
#13494 = ( GEOMETRIC_REPRESENTATION_CONTEXT(2) 
PARAMETRIC_REPRESENTATION_CONTEXT() REPRESENTATION_CONTEXT('2D SPACE',''
  ) );
#13495 = PCURVE('',#11232,#13496);
#13496 = DEFINITIONAL_REPRESENTATION('',(#13497),#13501);
#13497 = LINE('',#13498,#13499);
#13498 = CARTESIAN_POINT('',(10.,0.));
#13499 = VECTOR('',#13500,1.);
#13500 = DIRECTION('',(6.938893903907E-18,-1.));
#13501 = ( GEOMETRIC_REPRESENTATION_CONTEXT(2) 
PARAMETRIC_REPRESENTATION_CONTEXT() REPRESENTATION_CONTEXT('2D SPACE',''
  ) );
#13502 = ADVANCED_FACE('',(#13503),#11051,.F.);
#13503 = FACE_BOUND('',#13504,.F.);
#13504 = EDGE_LOOP('',(#13505,#13506,#13532));
#13505 = ORIENTED_EDGE('',*,*,#11036,.F.);
#13506 = ORIENTED_EDGE('',*,*,#13507,.F.);
#13507 = EDGE_CURVE('',#13415,#11011,#13508,.T.);
#13508 = SURFACE_CURVE('',#13509,(#13514,#13525),.PCURVE_S1.);
#13509 = CIRCLE('',#13510,25.);
#13510 = AXIS2_PLACEMENT_3D('',#13511,#13512,#13513);
#13511 = CARTESIAN_POINT('',(-289.0338525229,197.63483005625,
    -1.110223024625E-15));
#13512 = DIRECTION('',(-0.587785252292,-0.809016994375,
    -5.045876910748E-16));
#13513 = DIRECTION('',(-2.725333053027E-03,1.980070366002E-03,
    0.999994325924));
#13514 = PCURVE('',#11051,#13515);
#13515 = DEFINITIONAL_REPRESENTATION('',(#13516),#13524);
#13516 = ( BOUNDED_CURVE() B_SPLINE_CURVE(2,(#13517,#13518,#13519,#13520
    ,#13521,#13522,#13523),.UNSPECIFIED.,.T.,.F.) 
B_SPLINE_CURVE_WITH_KNOTS((1,2,2,2,2,1),(-2.094395102393,0.,
    2.094395102393,4.188790204786,6.28318530718,8.377580409573),
.UNSPECIFIED.) CURVE() GEOMETRIC_REPRESENTATION_ITEM() 
RATIONAL_B_SPLINE_CURVE((1.,0.5,1.,0.5,1.,0.5,1.)) REPRESENTATION_ITEM(
  '') );
#13517 = CARTESIAN_POINT('',(8.421742287169E-02,24.999858148111));
#13518 = CARTESIAN_POINT('',(43.385241917415,24.853989292815));
#13519 = CARTESIAN_POINT('',(21.608403535836,-12.5728635017));
#13520 = CARTESIAN_POINT('',(-0.168434845743,-49.99971629622));
#13521 = CARTESIAN_POINT('',(-21.6926209587,-12.4269946464));
#13522 = CARTESIAN_POINT('',(-43.21680707167,25.145727003407));
#13523 = CARTESIAN_POINT('',(8.421742287169E-02,24.999858148111));
#13524 = ( GEOMETRIC_REPRESENTATION_CONTEXT(2) 
PARAMETRIC_REPRESENTATION_CONTEXT() REPRESENTATION_CONTEXT('2D SPACE',''
  ) );
#13525 = PCURVE('',#11025,#13526);
#13526 = DEFINITIONAL_REPRESENTATION('',(#13527),#13531);
#13527 = LINE('',#13528,#13529);
#13528 = CARTESIAN_POINT('',(7.850612930688,0.));
#13529 = VECTOR('',#13530,1.);
#13530 = DIRECTION('',(-1.,-0.));
#13531 = ( GEOMETRIC_REPRESENTATION_CONTEXT(2) 
PARAMETRIC_REPRESENTATION_CONTEXT() REPRESENTATION_CONTEXT('2D SPACE',''
  ) );
#13532 = ORIENTED_EDGE('',*,*,#13435,.T.);
#13533 = ADVANCED_FACE('',(#13534),#11025,.T.);
#13534 = FACE_BOUND('',#13535,.T.);
#13535 = EDGE_LOOP('',(#13536,#13537,#13538,#13564));
#13536 = ORIENTED_EDGE('',*,*,#13507,.F.);
#13537 = ORIENTED_EDGE('',*,*,#13414,.F.);
#13538 = ORIENTED_EDGE('',*,*,#13539,.T.);
#13539 = EDGE_CURVE('',#13387,#10985,#13540,.T.);
#13540 = SURFACE_CURVE('',#13541,(#13546,#13553),.PCURVE_S1.);
#13541 = CIRCLE('',#13542,25.);
#13542 = AXIS2_PLACEMENT_3D('',#13543,#13544,#13545);
#13543 = CARTESIAN_POINT('',(-277.278147477,213.81516994374,
    1.110223024625E-15));
#13544 = DIRECTION('',(-0.587785252292,-0.809016994375,
    -5.045876910748E-16));
#13545 = DIRECTION('',(-2.725333053027E-03,1.980070366002E-03,
    0.999994325924));
#13546 = PCURVE('',#11025,#13547);
#13547 = DEFINITIONAL_REPRESENTATION('',(#13548),#13552);
#13548 = LINE('',#13549,#13550);
#13549 = CARTESIAN_POINT('',(7.850612930688,20.));
#13550 = VECTOR('',#13551,1.);
#13551 = DIRECTION('',(-1.,-0.));
#13552 = ( GEOMETRIC_REPRESENTATION_CONTEXT(2) 
PARAMETRIC_REPRESENTATION_CONTEXT() REPRESENTATION_CONTEXT('2D SPACE',''
  ) );
#13553 = PCURVE('',#10999,#13554);
#13554 = DEFINITIONAL_REPRESENTATION('',(#13555),#13563);
#13555 = ( BOUNDED_CURVE() B_SPLINE_CURVE(2,(#13556,#13557,#13558,#13559
    ,#13560,#13561,#13562),.UNSPECIFIED.,.T.,.F.) 
B_SPLINE_CURVE_WITH_KNOTS((1,2,2,2,2,1),(-2.094395102393,0.,
    2.094395102393,4.188790204786,6.28318530718,8.377580409573),
.UNSPECIFIED.) CURVE() GEOMETRIC_REPRESENTATION_ITEM() 
RATIONAL_B_SPLINE_CURVE((1.,0.5,1.,0.5,1.,0.5,1.)) REPRESENTATION_ITEM(
  '') );
#13556 = CARTESIAN_POINT('',(8.421742287169E-02,24.999858148111));
#13557 = CARTESIAN_POINT('',(43.385241917415,24.853989292815));
#13558 = CARTESIAN_POINT('',(21.608403535836,-12.5728635017));
#13559 = CARTESIAN_POINT('',(-0.168434845743,-49.99971629622));
#13560 = CARTESIAN_POINT('',(-21.6926209587,-12.4269946464));
#13561 = CARTESIAN_POINT('',(-43.21680707167,25.145727003407));
#13562 = CARTESIAN_POINT('',(8.421742287169E-02,24.999858148111));
#13563 = ( GEOMETRIC_REPRESENTATION_CONTEXT(2) 
PARAMETRIC_REPRESENTATION_CONTEXT() REPRESENTATION_CONTEXT('2D SPACE',''
  ) );
#13564 = ORIENTED_EDGE('',*,*,#11010,.F.);
#13565 = ADVANCED_FACE('',(#13566),#10999,.T.);
#13566 = FACE_BOUND('',#13567,.T.);
#13567 = EDGE_LOOP('',(#13568,#13569,#13570));
#13568 = ORIENTED_EDGE('',*,*,#10984,.F.);
#13569 = ORIENTED_EDGE('',*,*,#13539,.F.);
#13570 = ORIENTED_EDGE('',*,*,#13386,.T.);
#13571 = ADVANCED_FACE('',(#13572),#11125,.T.);
#13572 = FACE_BOUND('',#13573,.T.);
#13573 = EDGE_LOOP('',(#13574,#13575,#13576));
#13574 = ORIENTED_EDGE('',*,*,#11171,.F.);
#13575 = ORIENTED_EDGE('',*,*,#11111,.T.);
#13576 = ORIENTED_EDGE('',*,*,#13240,.F.);
#13577 = ADVANCED_FACE('',(#13578),#11156,.T.);
#13578 = FACE_BOUND('',#13579,.T.);
#13579 = EDGE_LOOP('',(#13580,#13581,#13582));
#13580 = ORIENTED_EDGE('',*,*,#13342,.F.);
#13581 = ORIENTED_EDGE('',*,*,#11142,.T.);
#13582 = ORIENTED_EDGE('',*,*,#11194,.F.);
#13583 = ADVANCED_FACE('',(#13584),#11232,.T.);
#13584 = FACE_BOUND('',#13585,.T.);
#13585 = EDGE_LOOP('',(#13586,#13587,#13588,#13589));
#13586 = ORIENTED_EDGE('',*,*,#13194,.F.);
#13587 = ORIENTED_EDGE('',*,*,#13482,.T.);
#13588 = ORIENTED_EDGE('',*,*,#13296,.T.);
#13589 = ORIENTED_EDGE('',*,*,#11218,.F.);
#13590 = ADVANCED_FACE('',(#13591),#11262,.T.);
#13591 = FACE_BOUND('',#13592,.T.);
#13592 = EDGE_LOOP('',(#13593,#13594,#13595,#13620));
#13593 = ORIENTED_EDGE('',*,*,#11248,.F.);
#13594 = ORIENTED_EDGE('',*,*,#11460,.T.);
#13595 = ORIENTED_EDGE('',*,*,#13596,.T.);
#13596 = EDGE_CURVE('',#11461,#11302,#13597,.T.);
#13597 = SURFACE_CURVE('',#13598,(#13603,#13609),.PCURVE_S1.);
#13598 = CIRCLE('',#13599,10.);
#13599 = AXIS2_PLACEMENT_3D('',#13600,#13601,#13602);
#13600 = CARTESIAN_POINT('',(-287.0951914809,-183.8657459879,
    27.239857003755));
#13601 = DIRECTION('',(0.805938440462,0.58554855195,-8.715574274766E-02)
  );
#13602 = DIRECTION('',(-0.587785252292,0.809016994375,1.249000902703E-16
    ));
#13603 = PCURVE('',#11262,#13604);
#13604 = DEFINITIONAL_REPRESENTATION('',(#13605),#13608);
#13605 = B_SPLINE_CURVE_WITH_KNOTS('',1,(#13606,#13607),.UNSPECIFIED.,
  .F.,.F.,(2,2),(4.712388980385,6.28318530718),
  .PIECEWISE_BEZIER_KNOTS.);
#13606 = CARTESIAN_POINT('',(1.570796326795,290.));
#13607 = CARTESIAN_POINT('',(0.,290.));
#13608 = ( GEOMETRIC_REPRESENTATION_CONTEXT(2) 
PARAMETRIC_REPRESENTATION_CONTEXT() REPRESENTATION_CONTEXT('2D SPACE',''
  ) );
#13609 = PCURVE('',#13610,#13615);
#13610 = SPHERICAL_SURFACE('',#13611,10.);
#13611 = AXIS2_PLACEMENT_3D('',#13612,#13613,#13614);
#13612 = CARTESIAN_POINT('',(-287.0951914809,-183.8657459879,
    27.239857003755));
#13613 = DIRECTION('',(7.051047704023E-02,5.122886023967E-02,
    0.996194698092));
#13614 = DIRECTION('',(-0.805938440462,-0.58554855195,8.715574274766E-02
    ));
#13615 = DEFINITIONAL_REPRESENTATION('',(#13616),#13619);
#13616 = B_SPLINE_CURVE_WITH_KNOTS('',1,(#13617,#13618),.UNSPECIFIED.,
  .F.,.F.,(2,2),(4.712388980385,6.28318530718),
  .PIECEWISE_BEZIER_KNOTS.);
#13617 = CARTESIAN_POINT('',(-1.570796326795,-1.570796326795));
#13618 = CARTESIAN_POINT('',(-1.570796326795,0.));
#13619 = ( GEOMETRIC_REPRESENTATION_CONTEXT(2) 
PARAMETRIC_REPRESENTATION_CONTEXT() REPRESENTATION_CONTEXT('2D SPACE',''
  ) );
#13620 = ORIENTED_EDGE('',*,*,#11329,.F.);
#13621 = ADVANCED_FACE('',(#13622),#11317,.T.);
#13622 = FACE_BOUND('',#13623,.F.);
#13623 = EDGE_LOOP('',(#13624,#13647,#13669,#13670));
#13624 = ORIENTED_EDGE('',*,*,#13625,.F.);
#13625 = EDGE_CURVE('',#13626,#11699,#13628,.T.);
#13626 = VERTEX_POINT('',#13627);
#13627 = CARTESIAN_POINT('',(-295.1545758856,-189.7212315074,
    28.111414431231));
#13628 = SURFACE_CURVE('',#13629,(#13633,#13640),.PCURVE_S1.);
#13629 = LINE('',#13630,#13631);
#13630 = CARTESIAN_POINT('',(-295.859680656,-190.2335201098,
    18.149467450314));
#13631 = VECTOR('',#13632,1.);
#13632 = DIRECTION('',(7.051047704023E-02,5.122886023967E-02,
    0.996194698092));
#13633 = PCURVE('',#11317,#13634);
#13634 = DEFINITIONAL_REPRESENTATION('',(#13635),#13639);
#13635 = LINE('',#13636,#13637);
#13636 = CARTESIAN_POINT('',(-0.,0.));
#13637 = VECTOR('',#13638,1.);
#13638 = DIRECTION('',(-0.,1.));
#13639 = ( GEOMETRIC_REPRESENTATION_CONTEXT(2) 
PARAMETRIC_REPRESENTATION_CONTEXT() REPRESENTATION_CONTEXT('2D SPACE',''
  ) );
#13640 = PCURVE('',#11759,#13641);
#13641 = DEFINITIONAL_REPRESENTATION('',(#13642),#13646);
#13642 = LINE('',#13643,#13644);
#13643 = CARTESIAN_POINT('',(-3.552713678801E-15,-10.));
#13644 = VECTOR('',#13645,1.);
#13645 = DIRECTION('',(1.,0.));
#13646 = ( GEOMETRIC_REPRESENTATION_CONTEXT(2) 
PARAMETRIC_REPRESENTATION_CONTEXT() REPRESENTATION_CONTEXT('2D SPACE',''
  ) );
#13647 = ORIENTED_EDGE('',*,*,#13648,.T.);
#13648 = EDGE_CURVE('',#13626,#11302,#13649,.T.);
#13649 = SURFACE_CURVE('',#13650,(#13655,#13662),.PCURVE_S1.);
#13650 = CIRCLE('',#13651,10.);
#13651 = AXIS2_PLACEMENT_3D('',#13652,#13653,#13654);
#13652 = CARTESIAN_POINT('',(-287.0951914809,-183.8657459879,
    27.239857003755));
#13653 = DIRECTION('',(-7.051047704023E-02,-5.122886023967E-02,
    -0.996194698092));
#13654 = DIRECTION('',(-0.805938440462,-0.58554855195,8.715574274766E-02
    ));
#13655 = PCURVE('',#11317,#13656);
#13656 = DEFINITIONAL_REPRESENTATION('',(#13657),#13661);
#13657 = LINE('',#13658,#13659);
#13658 = CARTESIAN_POINT('',(-0.,10.));
#13659 = VECTOR('',#13660,1.);
#13660 = DIRECTION('',(-1.,0.));
#13661 = ( GEOMETRIC_REPRESENTATION_CONTEXT(2) 
PARAMETRIC_REPRESENTATION_CONTEXT() REPRESENTATION_CONTEXT('2D SPACE',''
  ) );
#13662 = PCURVE('',#13610,#13663);
#13663 = DEFINITIONAL_REPRESENTATION('',(#13664),#13668);
#13664 = LINE('',#13665,#13666);
#13665 = CARTESIAN_POINT('',(-0.,0.));
#13666 = VECTOR('',#13667,1.);
#13667 = DIRECTION('',(-1.,0.));
#13668 = ( GEOMETRIC_REPRESENTATION_CONTEXT(2) 
PARAMETRIC_REPRESENTATION_CONTEXT() REPRESENTATION_CONTEXT('2D SPACE',''
  ) );
#13669 = ORIENTED_EDGE('',*,*,#11301,.T.);
#13670 = ORIENTED_EDGE('',*,*,#13671,.F.);
#13671 = EDGE_CURVE('',#11699,#11279,#13672,.T.);
#13672 = SURFACE_CURVE('',#13673,(#13678,#13685),.PCURVE_S1.);
#13673 = CIRCLE('',#13674,10.);
#13674 = AXIS2_PLACEMENT_3D('',#13675,#13676,#13677);
#13675 = CARTESIAN_POINT('',(-285.6849819401,-182.8411687831,
    47.16375096559));
#13676 = DIRECTION('',(-7.051047704023E-02,-5.122886023967E-02,
    -0.996194698092));
#13677 = DIRECTION('',(-0.805938440462,-0.58554855195,8.715574274766E-02
    ));
#13678 = PCURVE('',#11317,#13679);
#13679 = DEFINITIONAL_REPRESENTATION('',(#13680),#13684);
#13680 = LINE('',#13681,#13682);
#13681 = CARTESIAN_POINT('',(-0.,30.));
#13682 = VECTOR('',#13683,1.);
#13683 = DIRECTION('',(-1.,0.));
#13684 = ( GEOMETRIC_REPRESENTATION_CONTEXT(2) 
PARAMETRIC_REPRESENTATION_CONTEXT() REPRESENTATION_CONTEXT('2D SPACE',''
  ) );
#13685 = PCURVE('',#11652,#13686);
#13686 = DEFINITIONAL_REPRESENTATION('',(#13687),#13691);
#13687 = LINE('',#13688,#13689);
#13688 = CARTESIAN_POINT('',(0.,0.));
#13689 = VECTOR('',#13690,1.);
#13690 = DIRECTION('',(1.,0.));
#13691 = ( GEOMETRIC_REPRESENTATION_CONTEXT(2) 
PARAMETRIC_REPRESENTATION_CONTEXT() REPRESENTATION_CONTEXT('2D SPACE',''
  ) );
#13692 = ADVANCED_FACE('',(#13693),#11368,.T.);
#13693 = FACE_BOUND('',#13694,.F.);
#13694 = EDGE_LOOP('',(#13695,#13696,#13697,#13722));
#13695 = ORIENTED_EDGE('',*,*,#11354,.F.);
#13696 = ORIENTED_EDGE('',*,*,#11612,.T.);
#13697 = ORIENTED_EDGE('',*,*,#13698,.T.);
#13698 = EDGE_CURVE('',#11590,#11408,#13699,.T.);
#13699 = SURFACE_CURVE('',#13700,(#13705,#13711),.PCURVE_S1.);
#13700 = CIRCLE('',#13701,10.);
#13701 = AXIS2_PLACEMENT_3D('',#13702,#13703,#13704);
#13702 = CARTESIAN_POINT('',(-263.5837813892,-216.2264257629,
    27.239857003755));
#13703 = DIRECTION('',(-0.805938440462,-0.58554855195,8.715574274766E-02
    ));
#13704 = DIRECTION('',(0.587785252292,-0.809016994375,
    -5.273559366969E-16));
#13705 = PCURVE('',#11368,#13706);
#13706 = DEFINITIONAL_REPRESENTATION('',(#13707),#13710);
#13707 = B_SPLINE_CURVE_WITH_KNOTS('',1,(#13708,#13709),.UNSPECIFIED.,
  .F.,.F.,(2,2),(4.712388980385,6.28318530718),
  .PIECEWISE_BEZIER_KNOTS.);
#13708 = CARTESIAN_POINT('',(-1.570796326795,290.));
#13709 = CARTESIAN_POINT('',(0.,290.));
#13710 = ( GEOMETRIC_REPRESENTATION_CONTEXT(2) 
PARAMETRIC_REPRESENTATION_CONTEXT() REPRESENTATION_CONTEXT('2D SPACE',''
  ) );
#13711 = PCURVE('',#13712,#13717);
#13712 = SPHERICAL_SURFACE('',#13713,10.);
#13713 = AXIS2_PLACEMENT_3D('',#13714,#13715,#13716);
#13714 = CARTESIAN_POINT('',(-263.5837813892,-216.2264257629,
    27.239857003755));
#13715 = DIRECTION('',(7.051047704023E-02,5.122886023967E-02,
    0.996194698092));
#13716 = DIRECTION('',(-0.805938440462,-0.58554855195,8.715574274766E-02
    ));
#13717 = DEFINITIONAL_REPRESENTATION('',(#13718),#13721);
#13718 = B_SPLINE_CURVE_WITH_KNOTS('',1,(#13719,#13720),.UNSPECIFIED.,
  .F.,.F.,(2,2),(4.712388980385,6.28318530718),
  .PIECEWISE_BEZIER_KNOTS.);
#13719 = CARTESIAN_POINT('',(1.570796326795,-1.570796326795));
#13720 = CARTESIAN_POINT('',(1.570796326795,0.));
#13721 = ( GEOMETRIC_REPRESENTATION_CONTEXT(2) 
PARAMETRIC_REPRESENTATION_CONTEXT() REPRESENTATION_CONTEXT('2D SPACE',''
  ) );
#13722 = ORIENTED_EDGE('',*,*,#11435,.F.);
#13723 = ADVANCED_FACE('',(#13724),#11423,.T.);
#13724 = FACE_BOUND('',#13725,.T.);
#13725 = EDGE_LOOP('',(#13726,#13749,#13771,#13772));
#13726 = ORIENTED_EDGE('',*,*,#13727,.F.);
#13727 = EDGE_CURVE('',#13728,#11722,#13730,.T.);
#13728 = VERTEX_POINT('',#13729);
#13729 = CARTESIAN_POINT('',(-271.6431657939,-222.0819112824,
    28.111414431231));
#13730 = SURFACE_CURVE('',#13731,(#13735,#13742),.PCURVE_S1.);
#13731 = LINE('',#13732,#13733);
#13732 = CARTESIAN_POINT('',(-272.3482705643,-222.5941998848,
    18.149467450314));
#13733 = VECTOR('',#13734,1.);
#13734 = DIRECTION('',(7.051047704023E-02,5.122886023967E-02,
    0.996194698092));
#13735 = PCURVE('',#11423,#13736);
#13736 = DEFINITIONAL_REPRESENTATION('',(#13737),#13741);
#13737 = LINE('',#13738,#13739);
#13738 = CARTESIAN_POINT('',(0.,0.));
#13739 = VECTOR('',#13740,1.);
#13740 = DIRECTION('',(0.,1.));
#13741 = ( GEOMETRIC_REPRESENTATION_CONTEXT(2) 
PARAMETRIC_REPRESENTATION_CONTEXT() REPRESENTATION_CONTEXT('2D SPACE',''
  ) );
#13742 = PCURVE('',#11759,#13743);
#13743 = DEFINITIONAL_REPRESENTATION('',(#13744),#13748);
#13744 = LINE('',#13745,#13746);
#13745 = CARTESIAN_POINT('',(-3.552713678801E-15,-50.));
#13746 = VECTOR('',#13747,1.);
#13747 = DIRECTION('',(1.,0.));
#13748 = ( GEOMETRIC_REPRESENTATION_CONTEXT(2) 
PARAMETRIC_REPRESENTATION_CONTEXT() REPRESENTATION_CONTEXT('2D SPACE',''
  ) );
#13749 = ORIENTED_EDGE('',*,*,#13750,.T.);
#13750 = EDGE_CURVE('',#13728,#11408,#13751,.T.);
#13751 = SURFACE_CURVE('',#13752,(#13757,#13764),.PCURVE_S1.);
#13752 = CIRCLE('',#13753,10.);
#13753 = AXIS2_PLACEMENT_3D('',#13754,#13755,#13756);
#13754 = CARTESIAN_POINT('',(-263.5837813892,-216.2264257629,
    27.239857003755));
#13755 = DIRECTION('',(7.051047704023E-02,5.122886023967E-02,
    0.996194698092));
#13756 = DIRECTION('',(-0.805938440462,-0.58554855195,8.715574274766E-02
    ));
#13757 = PCURVE('',#11423,#13758);
#13758 = DEFINITIONAL_REPRESENTATION('',(#13759),#13763);
#13759 = LINE('',#13760,#13761);
#13760 = CARTESIAN_POINT('',(0.,10.));
#13761 = VECTOR('',#13762,1.);
#13762 = DIRECTION('',(1.,0.));
#13763 = ( GEOMETRIC_REPRESENTATION_CONTEXT(2) 
PARAMETRIC_REPRESENTATION_CONTEXT() REPRESENTATION_CONTEXT('2D SPACE',''
  ) );
#13764 = PCURVE('',#13712,#13765);
#13765 = DEFINITIONAL_REPRESENTATION('',(#13766),#13770);
#13766 = LINE('',#13767,#13768);
#13767 = CARTESIAN_POINT('',(0.,0.));
#13768 = VECTOR('',#13769,1.);
#13769 = DIRECTION('',(1.,0.));
#13770 = ( GEOMETRIC_REPRESENTATION_CONTEXT(2) 
PARAMETRIC_REPRESENTATION_CONTEXT() REPRESENTATION_CONTEXT('2D SPACE',''
  ) );
#13771 = ORIENTED_EDGE('',*,*,#11407,.T.);
#13772 = ORIENTED_EDGE('',*,*,#13773,.T.);
#13773 = EDGE_CURVE('',#11385,#11722,#13774,.T.);
#13774 = SURFACE_CURVE('',#13775,(#13780,#13786),.PCURVE_S1.);
#13775 = CIRCLE('',#13776,10.);
#13776 = AXIS2_PLACEMENT_3D('',#13777,#13778,#13779);
#13777 = CARTESIAN_POINT('',(-262.1735718484,-215.2018485581,
    47.16375096559));
#13778 = DIRECTION('',(-7.051047704023E-02,-5.122886023967E-02,
    -0.996194698092));
#13779 = DIRECTION('',(-0.805938440462,-0.58554855195,8.715574274766E-02
    ));
#13780 = PCURVE('',#11423,#13781);
#13781 = DEFINITIONAL_REPRESENTATION('',(#13782),#13785);
#13782 = B_SPLINE_CURVE_WITH_KNOTS('',1,(#13783,#13784),.UNSPECIFIED.,
  .F.,.F.,(2,2),(4.712388980385,6.28318530718),
  .PIECEWISE_BEZIER_KNOTS.);
#13783 = CARTESIAN_POINT('',(1.570796326795,30.));
#13784 = CARTESIAN_POINT('',(0.,30.));
#13785 = ( GEOMETRIC_REPRESENTATION_CONTEXT(2) 
PARAMETRIC_REPRESENTATION_CONTEXT() REPRESENTATION_CONTEXT('2D SPACE',''
  ) );
#13786 = PCURVE('',#11683,#13787);
#13787 = DEFINITIONAL_REPRESENTATION('',(#13788),#13791);
#13788 = B_SPLINE_CURVE_WITH_KNOTS('',1,(#13789,#13790),.UNSPECIFIED.,
  .F.,.F.,(2,2),(4.712388980385,6.28318530718),
  .PIECEWISE_BEZIER_KNOTS.);
#13789 = CARTESIAN_POINT('',(0.,-1.570796326795));
#13790 = CARTESIAN_POINT('',(0.,0.));
#13791 = ( GEOMETRIC_REPRESENTATION_CONTEXT(2) 
PARAMETRIC_REPRESENTATION_CONTEXT() REPRESENTATION_CONTEXT('2D SPACE',''
  ) );
#13792 = ADVANCED_FACE('',(#13793),#11499,.T.);
#13793 = FACE_BOUND('',#13794,.T.);
#13794 = EDGE_LOOP('',(#13795,#13815,#13816,#13844,#13865,#13891,#13892,
    #13912));
#13795 = ORIENTED_EDGE('',*,*,#13796,.F.);
#13796 = EDGE_CURVE('',#11461,#13626,#13797,.T.);
#13797 = SURFACE_CURVE('',#13798,(#13803,#13809),.PCURVE_S1.);
#13798 = CIRCLE('',#13799,10.);
#13799 = AXIS2_PLACEMENT_3D('',#13800,#13801,#13802);
#13800 = CARTESIAN_POINT('',(-287.0951914809,-183.8657459879,
    27.239857003755));
#13801 = DIRECTION('',(-0.587785252292,0.809016994375,
    -6.245004513517E-17));
#13802 = DIRECTION('',(-0.805938440462,-0.58554855195,8.715574274766E-02
    ));
#13803 = PCURVE('',#11499,#13804);
#13804 = DEFINITIONAL_REPRESENTATION('',(#13805),#13808);
#13805 = B_SPLINE_CURVE_WITH_KNOTS('',1,(#13806,#13807),.UNSPECIFIED.,
  .F.,.F.,(2,2),(4.712388980385,6.28318530718),
  .PIECEWISE_BEZIER_KNOTS.);
#13806 = CARTESIAN_POINT('',(1.570796326795,10.));
#13807 = CARTESIAN_POINT('',(0.,10.));
#13808 = ( GEOMETRIC_REPRESENTATION_CONTEXT(2) 
PARAMETRIC_REPRESENTATION_CONTEXT() REPRESENTATION_CONTEXT('2D SPACE',''
  ) );
#13809 = PCURVE('',#13610,#13810);
#13810 = DEFINITIONAL_REPRESENTATION('',(#13811),#13814);
#13811 = B_SPLINE_CURVE_WITH_KNOTS('',1,(#13812,#13813),.UNSPECIFIED.,
  .F.,.F.,(2,2),(4.712388980385,6.28318530718),
  .PIECEWISE_BEZIER_KNOTS.);
#13812 = CARTESIAN_POINT('',(0.,-1.570796326795));
#13813 = CARTESIAN_POINT('',(0.,0.));
#13814 = ( GEOMETRIC_REPRESENTATION_CONTEXT(2) 
PARAMETRIC_REPRESENTATION_CONTEXT() REPRESENTATION_CONTEXT('2D SPACE',''
  ) );
#13815 = ORIENTED_EDGE('',*,*,#11483,.T.);
#13816 = ORIENTED_EDGE('',*,*,#13817,.F.);
#13817 = EDGE_CURVE('',#13818,#11484,#13820,.T.);
#13818 = VERTEX_POINT('',#13819);
#13819 = CARTESIAN_POINT('',(-289.1019858492,-197.6843318154,
    24.999858148111));
#13820 = SURFACE_CURVE('',#13821,(#13826,#13833),.PCURVE_S1.);
#13821 = CIRCLE('',#13822,10.);
#13822 = AXIS2_PLACEMENT_3D('',#13823,#13824,#13825);
#13823 = CARTESIAN_POINT('',(-281.2173938345,-191.9558404007,
    27.239857003755));
#13824 = DIRECTION('',(0.587785252292,-0.809016994375,
    -6.938893903907E-18));
#13825 = DIRECTION('',(-0.805938440462,-0.58554855195,8.715574274766E-02
    ));
#13826 = PCURVE('',#11499,#13827);
#13827 = DEFINITIONAL_REPRESENTATION('',(#13828),#13832);
#13828 = LINE('',#13829,#13830);
#13829 = CARTESIAN_POINT('',(0.,19.999906638602));
#13830 = VECTOR('',#13831,1.);
#13831 = DIRECTION('',(1.,0.));
#13832 = ( GEOMETRIC_REPRESENTATION_CONTEXT(2) 
PARAMETRIC_REPRESENTATION_CONTEXT() REPRESENTATION_CONTEXT('2D SPACE',''
  ) );
#13833 = PCURVE('',#11526,#13834);
#13834 = DEFINITIONAL_REPRESENTATION('',(#13835),#13843);
#13835 = ( BOUNDED_CURVE() B_SPLINE_CURVE(2,(#13836,#13837,#13838,#13839
    ,#13840,#13841,#13842),.UNSPECIFIED.,.T.,.F.) 
B_SPLINE_CURVE_WITH_KNOTS((1,2,2,2,2,1),(-2.094395102393,0.,
    2.094395102393,4.188790204786,6.28318530718,8.377580409573),
.UNSPECIFIED.) CURVE() GEOMETRIC_REPRESENTATION_ITEM() 
RATIONAL_B_SPLINE_CURVE((1.,0.5,1.,0.5,1.,0.5,1.)) REPRESENTATION_ITEM(
  '') );
#13836 = CARTESIAN_POINT('',(0.300272698733,28.111414431231));
#13837 = CARTESIAN_POINT('',(1.809854444836,10.856816117975));
#13838 = CARTESIAN_POINT('',(-13.88785689959,18.176779133388));
#13839 = CARTESIAN_POINT('',(-29.58556824402,25.496742148802));
#13840 = CARTESIAN_POINT('',(-15.39743864569,35.431377446645));
#13841 = CARTESIAN_POINT('',(-1.209309047371,45.366012744488));
#13842 = CARTESIAN_POINT('',(0.300272698733,28.111414431231));
#13843 = ( GEOMETRIC_REPRESENTATION_CONTEXT(2) 
PARAMETRIC_REPRESENTATION_CONTEXT() REPRESENTATION_CONTEXT('2D SPACE',''
  ) );
#13844 = ORIENTED_EDGE('',*,*,#13845,.T.);
#13845 = EDGE_CURVE('',#13818,#13846,#13848,.T.);
#13846 = VERTEX_POINT('',#13847);
#13847 = CARTESIAN_POINT('',(-277.3462808034,-213.8646717029,
    24.999858148111));
#13848 = SURFACE_CURVE('',#13849,(#13853,#13859),.PCURVE_S1.);
#13849 = LINE('',#13850,#13851);
#13850 = CARTESIAN_POINT('',(-300.8576360186,-181.5040674588,
    24.999858148111));
#13851 = VECTOR('',#13852,1.);
#13852 = DIRECTION('',(0.587785252292,-0.809016994375,0.));
#13853 = PCURVE('',#11499,#13854);
#13854 = DEFINITIONAL_REPRESENTATION('',(#13855),#13858);
#13855 = B_SPLINE_CURVE_WITH_KNOTS('',1,(#13856,#13857),.UNSPECIFIED.,
  .F.,.F.,(2,2),(19.999906038602,39.999907238602),
  .PIECEWISE_BEZIER_KNOTS.);
#13856 = CARTESIAN_POINT('',(0.313183186756,19.999906038602));
#13857 = CARTESIAN_POINT('',(0.313183186756,39.999907238602));
#13858 = ( GEOMETRIC_REPRESENTATION_CONTEXT(2) 
PARAMETRIC_REPRESENTATION_CONTEXT() REPRESENTATION_CONTEXT('2D SPACE',''
  ) );
#13859 = PCURVE('',#11552,#13860);
#13860 = DEFINITIONAL_REPRESENTATION('',(#13861),#13864);
#13861 = B_SPLINE_CURVE_WITH_KNOTS('',1,(#13862,#13863),.UNSPECIFIED.,
  .F.,.F.,(2,2),(19.999906638602,39.999906638602),
  .PIECEWISE_BEZIER_KNOTS.);
#13862 = CARTESIAN_POINT('',(7.850612930688,20.));
#13863 = CARTESIAN_POINT('',(7.850612930688,0.));
#13864 = ( GEOMETRIC_REPRESENTATION_CONTEXT(2) 
PARAMETRIC_REPRESENTATION_CONTEXT() REPRESENTATION_CONTEXT('2D SPACE',''
  ) );
#13865 = ORIENTED_EDGE('',*,*,#13866,.T.);
#13866 = EDGE_CURVE('',#13846,#11564,#13867,.T.);
#13867 = SURFACE_CURVE('',#13868,(#13873,#13880),.PCURVE_S1.);
#13868 = CIRCLE('',#13869,10.);
#13869 = AXIS2_PLACEMENT_3D('',#13870,#13871,#13872);
#13870 = CARTESIAN_POINT('',(-269.4616887886,-208.1361802882,
    27.239857003755));
#13871 = DIRECTION('',(0.587785252292,-0.809016994375,
    -6.938893903907E-18));
#13872 = DIRECTION('',(-0.805938440462,-0.58554855195,8.715574274766E-02
    ));
#13873 = PCURVE('',#11499,#13874);
#13874 = DEFINITIONAL_REPRESENTATION('',(#13875),#13879);
#13875 = LINE('',#13876,#13877);
#13876 = CARTESIAN_POINT('',(0.,39.999906638602));
#13877 = VECTOR('',#13878,1.);
#13878 = DIRECTION('',(1.,0.));
#13879 = ( GEOMETRIC_REPRESENTATION_CONTEXT(2) 
PARAMETRIC_REPRESENTATION_CONTEXT() REPRESENTATION_CONTEXT('2D SPACE',''
  ) );
#13880 = PCURVE('',#11578,#13881);
#13881 = DEFINITIONAL_REPRESENTATION('',(#13882),#13890);
#13882 = ( BOUNDED_CURVE() B_SPLINE_CURVE(2,(#13883,#13884,#13885,#13886
    ,#13887,#13888,#13889),.UNSPECIFIED.,.T.,.F.) 
B_SPLINE_CURVE_WITH_KNOTS((1,2,2,2,2,1),(-2.094395102393,0.,
    2.094395102393,4.188790204786,6.28318530718,8.377580409573),
.UNSPECIFIED.) CURVE() GEOMETRIC_REPRESENTATION_ITEM() 
RATIONAL_B_SPLINE_CURVE((1.,0.5,1.,0.5,1.,0.5,1.)) REPRESENTATION_ITEM(
  '') );
#13883 = CARTESIAN_POINT('',(0.300272698733,28.111414431231));
#13884 = CARTESIAN_POINT('',(1.809854444836,10.856816117975));
#13885 = CARTESIAN_POINT('',(-13.88785689959,18.176779133388));
#13886 = CARTESIAN_POINT('',(-29.58556824402,25.496742148802));
#13887 = CARTESIAN_POINT('',(-15.39743864569,35.431377446645));
#13888 = CARTESIAN_POINT('',(-1.209309047371,45.366012744488));
#13889 = CARTESIAN_POINT('',(0.300272698733,28.111414431231));
#13890 = ( GEOMETRIC_REPRESENTATION_CONTEXT(2) 
PARAMETRIC_REPRESENTATION_CONTEXT() REPRESENTATION_CONTEXT('2D SPACE',''
  ) );
#13891 = ORIENTED_EDGE('',*,*,#11589,.T.);
#13892 = ORIENTED_EDGE('',*,*,#13893,.T.);
#13893 = EDGE_CURVE('',#11590,#13728,#13894,.T.);
#13894 = SURFACE_CURVE('',#13895,(#13900,#13906),.PCURVE_S1.);
#13895 = CIRCLE('',#13896,10.);
#13896 = AXIS2_PLACEMENT_3D('',#13897,#13898,#13899);
#13897 = CARTESIAN_POINT('',(-263.5837813892,-216.2264257629,
    27.239857003755));
#13898 = DIRECTION('',(-0.587785252292,0.809016994375,
    -1.665334536938E-16));
#13899 = DIRECTION('',(-0.805938440462,-0.58554855195,8.715574274766E-02
    ));
#13900 = PCURVE('',#11499,#13901);
#13901 = DEFINITIONAL_REPRESENTATION('',(#13902),#13905);
#13902 = B_SPLINE_CURVE_WITH_KNOTS('',1,(#13903,#13904),.UNSPECIFIED.,
  .F.,.F.,(2,2),(4.712388980385,6.28318530718),
  .PIECEWISE_BEZIER_KNOTS.);
#13903 = CARTESIAN_POINT('',(1.570796326795,50.));
#13904 = CARTESIAN_POINT('',(0.,50.));
#13905 = ( GEOMETRIC_REPRESENTATION_CONTEXT(2) 
PARAMETRIC_REPRESENTATION_CONTEXT() REPRESENTATION_CONTEXT('2D SPACE',''
  ) );
#13906 = PCURVE('',#13712,#13907);
#13907 = DEFINITIONAL_REPRESENTATION('',(#13908),#13911);
#13908 = B_SPLINE_CURVE_WITH_KNOTS('',1,(#13909,#13910),.UNSPECIFIED.,
  .F.,.F.,(2,2),(4.712388980385,6.28318530718),
  .PIECEWISE_BEZIER_KNOTS.);
#13909 = CARTESIAN_POINT('',(0.,-1.570796326795));
#13910 = CARTESIAN_POINT('',(0.,0.));
#13911 = ( GEOMETRIC_REPRESENTATION_CONTEXT(2) 
PARAMETRIC_REPRESENTATION_CONTEXT() REPRESENTATION_CONTEXT('2D SPACE',''
  ) );
#13912 = ORIENTED_EDGE('',*,*,#13913,.F.);
#13913 = EDGE_CURVE('',#13626,#13728,#13914,.T.);
#13914 = SURFACE_CURVE('',#13915,(#13919,#13926),.PCURVE_S1.);
#13915 = LINE('',#13916,#13917);
#13916 = CARTESIAN_POINT('',(-301.0324284085,-181.6310615636,
    28.111414431231));
#13917 = VECTOR('',#13918,1.);
#13918 = DIRECTION('',(0.587785252292,-0.809016994375,0.));
#13919 = PCURVE('',#11499,#13920);
#13920 = DEFINITIONAL_REPRESENTATION('',(#13921),#13925);
#13921 = LINE('',#13922,#13923);
#13922 = CARTESIAN_POINT('',(0.,0.));
#13923 = VECTOR('',#13924,1.);
#13924 = DIRECTION('',(0.,1.));
#13925 = ( GEOMETRIC_REPRESENTATION_CONTEXT(2) 
PARAMETRIC_REPRESENTATION_CONTEXT() REPRESENTATION_CONTEXT('2D SPACE',''
  ) );
#13926 = PCURVE('',#11759,#13927);
#13927 = DEFINITIONAL_REPRESENTATION('',(#13928),#13932);
#13928 = LINE('',#13929,#13930);
#13929 = CARTESIAN_POINT('',(10.,0.));
#13930 = VECTOR('',#13931,1.);
#13931 = DIRECTION('',(0.,-1.));
#13932 = ( GEOMETRIC_REPRESENTATION_CONTEXT(2) 
PARAMETRIC_REPRESENTATION_CONTEXT() REPRESENTATION_CONTEXT('2D SPACE',''
  ) );
#13933 = ADVANCED_FACE('',(#13934),#11578,.F.);
#13934 = FACE_BOUND('',#13935,.F.);
#13935 = EDGE_LOOP('',(#13936,#13937,#13963));
#13936 = ORIENTED_EDGE('',*,*,#11563,.F.);
#13937 = ORIENTED_EDGE('',*,*,#13938,.F.);
#13938 = EDGE_CURVE('',#13846,#11538,#13939,.T.);
#13939 = SURFACE_CURVE('',#13940,(#13945,#13956),.PCURVE_S1.);
#13940 = CIRCLE('',#13941,25.);
#13941 = AXIS2_PLACEMENT_3D('',#13942,#13943,#13944);
#13942 = CARTESIAN_POINT('',(-277.278147477,-213.8151699437,
    -1.110223024625E-15));
#13943 = DIRECTION('',(0.587785252292,-0.809016994375,5.767955557623E-17
    ));
#13944 = DIRECTION('',(-2.725333053074E-03,-1.980070366037E-03,
    0.999994325924));
#13945 = PCURVE('',#11578,#13946);
#13946 = DEFINITIONAL_REPRESENTATION('',(#13947),#13955);
#13947 = ( BOUNDED_CURVE() B_SPLINE_CURVE(2,(#13948,#13949,#13950,#13951
    ,#13952,#13953,#13954),.UNSPECIFIED.,.T.,.F.) 
B_SPLINE_CURVE_WITH_KNOTS((1,2,2,2,2,1),(-2.094395102393,0.,
    2.094395102393,4.188790204786,6.28318530718,8.377580409573),
.UNSPECIFIED.) CURVE() GEOMETRIC_REPRESENTATION_ITEM() 
RATIONAL_B_SPLINE_CURVE((1.,0.5,1.,0.5,1.,0.5,1.)) REPRESENTATION_ITEM(
  '') );
#13948 = CARTESIAN_POINT('',(8.421742287317E-02,24.999858148111));
#13949 = CARTESIAN_POINT('',(43.385241917417,24.853989292812));
#13950 = CARTESIAN_POINT('',(21.608403535835,-12.5728635017));
#13951 = CARTESIAN_POINT('',(-0.168434845746,-49.99971629622));
#13952 = CARTESIAN_POINT('',(-21.6926209587,-12.4269946464));
#13953 = CARTESIAN_POINT('',(-43.21680707167,25.14572700341));
#13954 = CARTESIAN_POINT('',(8.421742287317E-02,24.999858148111));
#13955 = ( GEOMETRIC_REPRESENTATION_CONTEXT(2) 
PARAMETRIC_REPRESENTATION_CONTEXT() REPRESENTATION_CONTEXT('2D SPACE',''
  ) );
#13956 = PCURVE('',#11552,#13957);
#13957 = DEFINITIONAL_REPRESENTATION('',(#13958),#13962);
#13958 = LINE('',#13959,#13960);
#13959 = CARTESIAN_POINT('',(7.850612930688,0.));
#13960 = VECTOR('',#13961,1.);
#13961 = DIRECTION('',(-1.,-0.));
#13962 = ( GEOMETRIC_REPRESENTATION_CONTEXT(2) 
PARAMETRIC_REPRESENTATION_CONTEXT() REPRESENTATION_CONTEXT('2D SPACE',''
  ) );
#13963 = ORIENTED_EDGE('',*,*,#13866,.T.);
#13964 = ADVANCED_FACE('',(#13965),#11552,.T.);
#13965 = FACE_BOUND('',#13966,.T.);
#13966 = EDGE_LOOP('',(#13967,#13968,#13969,#13995));
#13967 = ORIENTED_EDGE('',*,*,#13938,.F.);
#13968 = ORIENTED_EDGE('',*,*,#13845,.F.);
#13969 = ORIENTED_EDGE('',*,*,#13970,.T.);
#13970 = EDGE_CURVE('',#13818,#11512,#13971,.T.);
#13971 = SURFACE_CURVE('',#13972,(#13977,#13984),.PCURVE_S1.);
#13972 = CIRCLE('',#13973,25.);
#13973 = AXIS2_PLACEMENT_3D('',#13974,#13975,#13976);
#13974 = CARTESIAN_POINT('',(-289.0338525229,-197.6348300562,
    1.110223024625E-15));
#13975 = DIRECTION('',(0.587785252292,-0.809016994375,5.767955557623E-17
    ));
#13976 = DIRECTION('',(-2.725333053074E-03,-1.980070366037E-03,
    0.999994325924));
#13977 = PCURVE('',#11552,#13978);
#13978 = DEFINITIONAL_REPRESENTATION('',(#13979),#13983);
#13979 = LINE('',#13980,#13981);
#13980 = CARTESIAN_POINT('',(7.850612930688,20.));
#13981 = VECTOR('',#13982,1.);
#13982 = DIRECTION('',(-1.,-0.));
#13983 = ( GEOMETRIC_REPRESENTATION_CONTEXT(2) 
PARAMETRIC_REPRESENTATION_CONTEXT() REPRESENTATION_CONTEXT('2D SPACE',''
  ) );
#13984 = PCURVE('',#11526,#13985);
#13985 = DEFINITIONAL_REPRESENTATION('',(#13986),#13994);
#13986 = ( BOUNDED_CURVE() B_SPLINE_CURVE(2,(#13987,#13988,#13989,#13990
    ,#13991,#13992,#13993),.UNSPECIFIED.,.T.,.F.) 
B_SPLINE_CURVE_WITH_KNOTS((1,2,2,2,2,1),(-2.094395102393,0.,
    2.094395102393,4.188790204786,6.28318530718,8.377580409573),
.UNSPECIFIED.) CURVE() GEOMETRIC_REPRESENTATION_ITEM() 
RATIONAL_B_SPLINE_CURVE((1.,0.5,1.,0.5,1.,0.5,1.)) REPRESENTATION_ITEM(
  '') );
#13987 = CARTESIAN_POINT('',(8.421742287317E-02,24.999858148111));
#13988 = CARTESIAN_POINT('',(43.385241917417,24.853989292812));
#13989 = CARTESIAN_POINT('',(21.608403535835,-12.5728635017));
#13990 = CARTESIAN_POINT('',(-0.168434845746,-49.99971629622));
#13991 = CARTESIAN_POINT('',(-21.6926209587,-12.4269946464));
#13992 = CARTESIAN_POINT('',(-43.21680707167,25.14572700341));
#13993 = CARTESIAN_POINT('',(8.421742287317E-02,24.999858148111));
#13994 = ( GEOMETRIC_REPRESENTATION_CONTEXT(2) 
PARAMETRIC_REPRESENTATION_CONTEXT() REPRESENTATION_CONTEXT('2D SPACE',''
  ) );
#13995 = ORIENTED_EDGE('',*,*,#11537,.F.);
#13996 = ADVANCED_FACE('',(#13997),#11526,.T.);
#13997 = FACE_BOUND('',#13998,.T.);
#13998 = EDGE_LOOP('',(#13999,#14000,#14001));
#13999 = ORIENTED_EDGE('',*,*,#11511,.F.);
#14000 = ORIENTED_EDGE('',*,*,#13970,.F.);
#14001 = ORIENTED_EDGE('',*,*,#13817,.T.);
#14002 = ADVANCED_FACE('',(#14003),#11652,.T.);
#14003 = FACE_BOUND('',#14004,.T.);
#14004 = EDGE_LOOP('',(#14005,#14006,#14007));
#14005 = ORIENTED_EDGE('',*,*,#11698,.F.);
#14006 = ORIENTED_EDGE('',*,*,#11638,.T.);
#14007 = ORIENTED_EDGE('',*,*,#13671,.F.);
#14008 = ADVANCED_FACE('',(#14009),#11683,.T.);
#14009 = FACE_BOUND('',#14010,.T.);
#14010 = EDGE_LOOP('',(#14011,#14012,#14013));
#14011 = ORIENTED_EDGE('',*,*,#13773,.F.);
#14012 = ORIENTED_EDGE('',*,*,#11669,.T.);
#14013 = ORIENTED_EDGE('',*,*,#11721,.F.);
#14014 = ADVANCED_FACE('',(#14015),#11759,.T.);
#14015 = FACE_BOUND('',#14016,.T.);
#14016 = EDGE_LOOP('',(#14017,#14018,#14019,#14020));
#14017 = ORIENTED_EDGE('',*,*,#13625,.F.);
#14018 = ORIENTED_EDGE('',*,*,#13913,.T.);
#14019 = ORIENTED_EDGE('',*,*,#13727,.T.);
#14020 = ORIENTED_EDGE('',*,*,#11745,.F.);
#14021 = ADVANCED_FACE('',(#14022),#11789,.T.);
#14022 = FACE_BOUND('',#14023,.T.);
#14023 = EDGE_LOOP('',(#14024,#14025,#14026,#14051));
#14024 = ORIENTED_EDGE('',*,*,#11775,.F.);
#14025 = ORIENTED_EDGE('',*,*,#11987,.T.);
#14026 = ORIENTED_EDGE('',*,*,#14027,.T.);
#14027 = EDGE_CURVE('',#11988,#11829,#14028,.T.);
#14028 = SURFACE_CURVE('',#14029,(#14034,#14040),.PCURVE_S1.);
#14029 = CIRCLE('',#14030,10.);
#14030 = AXIS2_PLACEMENT_3D('',#14031,#14032,#14033);
#14031 = CARTESIAN_POINT('',(86.148948529081,-329.8614845348,
    27.239857003755));
#14032 = DIRECTION('',(-0.307841091417,0.947437459119,
    -8.715574274766E-02));
#14033 = DIRECTION('',(-0.951056516295,-0.309016994375,
    2.289834988289E-16));
#14034 = PCURVE('',#11789,#14035);
#14035 = DEFINITIONAL_REPRESENTATION('',(#14036),#14039);
#14036 = B_SPLINE_CURVE_WITH_KNOTS('',1,(#14037,#14038),.UNSPECIFIED.,
  .F.,.F.,(2,2),(4.712388980385,6.28318530718),
  .PIECEWISE_BEZIER_KNOTS.);
#14037 = CARTESIAN_POINT('',(1.570796326795,290.));
#14038 = CARTESIAN_POINT('',(0.,290.));
#14039 = ( GEOMETRIC_REPRESENTATION_CONTEXT(2) 
PARAMETRIC_REPRESENTATION_CONTEXT() REPRESENTATION_CONTEXT('2D SPACE',''
  ) );
#14040 = PCURVE('',#14041,#14046);
#14041 = SPHERICAL_SURFACE('',#14042,10.);
#14042 = AXIS2_PLACEMENT_3D('',#14043,#14044,#14045);
#14043 = CARTESIAN_POINT('',(86.148948529081,-329.8614845348,
    27.239857003755));
#14044 = DIRECTION('',(-2.69326056664E-02,8.28900370727E-02,
    0.996194698092));
#14045 = DIRECTION('',(0.307841091417,-0.947437459119,8.715574274766E-02
    ));
#14046 = DEFINITIONAL_REPRESENTATION('',(#14047),#14050);
#14047 = B_SPLINE_CURVE_WITH_KNOTS('',1,(#14048,#14049),.UNSPECIFIED.,
  .F.,.F.,(2,2),(4.712388980385,6.28318530718),
  .PIECEWISE_BEZIER_KNOTS.);
#14048 = CARTESIAN_POINT('',(-1.570796326795,-1.570796326795));
#14049 = CARTESIAN_POINT('',(-1.570796326795,0.));
#14050 = ( GEOMETRIC_REPRESENTATION_CONTEXT(2) 
PARAMETRIC_REPRESENTATION_CONTEXT() REPRESENTATION_CONTEXT('2D SPACE',''
  ) );
#14051 = ORIENTED_EDGE('',*,*,#11856,.F.);
#14052 = ADVANCED_FACE('',(#14053),#11844,.T.);
#14053 = FACE_BOUND('',#14054,.F.);
#14054 = EDGE_LOOP('',(#14055,#14078,#14100,#14101));
#14055 = ORIENTED_EDGE('',*,*,#14056,.F.);
#14056 = EDGE_CURVE('',#14057,#12226,#14059,.T.);
#14057 = VERTEX_POINT('',#14058);
#14058 = CARTESIAN_POINT('',(89.227359443246,-339.335859126,
    28.111414431231));
#14059 = SURFACE_CURVE('',#14060,(#14064,#14071),.PCURVE_S1.);
#14060 = LINE('',#14061,#14062);
#14061 = CARTESIAN_POINT('',(89.49668549991,-340.1647594967,
    18.149467450314));
#14062 = VECTOR('',#14063,1.);
#14063 = DIRECTION('',(-2.69326056664E-02,8.28900370727E-02,
    0.996194698092));
#14064 = PCURVE('',#11844,#14065);
#14065 = DEFINITIONAL_REPRESENTATION('',(#14066),#14070);
#14066 = LINE('',#14067,#14068);
#14067 = CARTESIAN_POINT('',(-0.,0.));
#14068 = VECTOR('',#14069,1.);
#14069 = DIRECTION('',(-0.,1.));
#14070 = ( GEOMETRIC_REPRESENTATION_CONTEXT(2) 
PARAMETRIC_REPRESENTATION_CONTEXT() REPRESENTATION_CONTEXT('2D SPACE',''
  ) );
#14071 = PCURVE('',#12286,#14072);
#14072 = DEFINITIONAL_REPRESENTATION('',(#14073),#14077);
#14073 = LINE('',#14074,#14075);
#14074 = CARTESIAN_POINT('',(0.,-10.));
#14075 = VECTOR('',#14076,1.);
#14076 = DIRECTION('',(1.,-3.469446951954E-18));
#14077 = ( GEOMETRIC_REPRESENTATION_CONTEXT(2) 
PARAMETRIC_REPRESENTATION_CONTEXT() REPRESENTATION_CONTEXT('2D SPACE',''
  ) );
#14078 = ORIENTED_EDGE('',*,*,#14079,.T.);
#14079 = EDGE_CURVE('',#14057,#11829,#14080,.T.);
#14080 = SURFACE_CURVE('',#14081,(#14086,#14093),.PCURVE_S1.);
#14081 = CIRCLE('',#14082,10.);
#14082 = AXIS2_PLACEMENT_3D('',#14083,#14084,#14085);
#14083 = CARTESIAN_POINT('',(86.148948529081,-329.8614845348,
    27.239857003755));
#14084 = DIRECTION('',(2.69326056664E-02,-8.28900370727E-02,
    -0.996194698092));
#14085 = DIRECTION('',(0.307841091417,-0.947437459119,8.715574274766E-02
    ));
#14086 = PCURVE('',#11844,#14087);
#14087 = DEFINITIONAL_REPRESENTATION('',(#14088),#14092);
#14088 = LINE('',#14089,#14090);
#14089 = CARTESIAN_POINT('',(-0.,10.));
#14090 = VECTOR('',#14091,1.);
#14091 = DIRECTION('',(-1.,0.));
#14092 = ( GEOMETRIC_REPRESENTATION_CONTEXT(2) 
PARAMETRIC_REPRESENTATION_CONTEXT() REPRESENTATION_CONTEXT('2D SPACE',''
  ) );
#14093 = PCURVE('',#14041,#14094);
#14094 = DEFINITIONAL_REPRESENTATION('',(#14095),#14099);
#14095 = LINE('',#14096,#14097);
#14096 = CARTESIAN_POINT('',(-0.,0.));
#14097 = VECTOR('',#14098,1.);
#14098 = DIRECTION('',(-1.,0.));
#14099 = ( GEOMETRIC_REPRESENTATION_CONTEXT(2) 
PARAMETRIC_REPRESENTATION_CONTEXT() REPRESENTATION_CONTEXT('2D SPACE',''
  ) );
#14100 = ORIENTED_EDGE('',*,*,#11828,.T.);
#14101 = ORIENTED_EDGE('',*,*,#14102,.F.);
#14102 = EDGE_CURVE('',#12226,#11806,#14103,.T.);
#14103 = SURFACE_CURVE('',#14104,(#14109,#14116),.PCURVE_S1.);
#14104 = CIRCLE('',#14105,10.);
#14105 = AXIS2_PLACEMENT_3D('',#14106,#14107,#14108);
#14106 = CARTESIAN_POINT('',(85.610296415753,-328.2036837934,
    47.16375096559));
#14107 = DIRECTION('',(2.69326056664E-02,-8.28900370727E-02,
    -0.996194698092));
#14108 = DIRECTION('',(0.307841091417,-0.947437459119,8.715574274766E-02
    ));
#14109 = PCURVE('',#11844,#14110);
#14110 = DEFINITIONAL_REPRESENTATION('',(#14111),#14115);
#14111 = LINE('',#14112,#14113);
#14112 = CARTESIAN_POINT('',(-0.,30.));
#14113 = VECTOR('',#14114,1.);
#14114 = DIRECTION('',(-1.,0.));
#14115 = ( GEOMETRIC_REPRESENTATION_CONTEXT(2) 
PARAMETRIC_REPRESENTATION_CONTEXT() REPRESENTATION_CONTEXT('2D SPACE',''
  ) );
#14116 = PCURVE('',#12179,#14117);
#14117 = DEFINITIONAL_REPRESENTATION('',(#14118),#14122);
#14118 = LINE('',#14119,#14120);
#14119 = CARTESIAN_POINT('',(0.,0.));
#14120 = VECTOR('',#14121,1.);
#14121 = DIRECTION('',(1.,0.));
#14122 = ( GEOMETRIC_REPRESENTATION_CONTEXT(2) 
PARAMETRIC_REPRESENTATION_CONTEXT() REPRESENTATION_CONTEXT('2D SPACE',''
  ) );
#14123 = ADVANCED_FACE('',(#14124),#11895,.T.);
#14124 = FACE_BOUND('',#14125,.F.);
#14125 = EDGE_LOOP('',(#14126,#14127,#14128,#14153));
#14126 = ORIENTED_EDGE('',*,*,#11881,.F.);
#14127 = ORIENTED_EDGE('',*,*,#12139,.T.);
#14128 = ORIENTED_EDGE('',*,*,#14129,.T.);
#14129 = EDGE_CURVE('',#12117,#11935,#14130,.T.);
#14130 = SURFACE_CURVE('',#14131,(#14136,#14142),.PCURVE_S1.);
#14131 = CIRCLE('',#14132,10.);
#14132 = AXIS2_PLACEMENT_3D('',#14133,#14134,#14135);
#14133 = CARTESIAN_POINT('',(124.19120918088,-317.5008047598,
    27.239857003755));
#14134 = DIRECTION('',(0.307841091417,-0.947437459119,8.715574274766E-02
    ));
#14135 = DIRECTION('',(0.951056516295,0.309016994375,4.579669976579E-16)
  );
#14136 = PCURVE('',#11895,#14137);
#14137 = DEFINITIONAL_REPRESENTATION('',(#14138),#14141);
#14138 = B_SPLINE_CURVE_WITH_KNOTS('',1,(#14139,#14140),.UNSPECIFIED.,
  .F.,.F.,(2,2),(4.712388980385,6.28318530718),
  .PIECEWISE_BEZIER_KNOTS.);
#14139 = CARTESIAN_POINT('',(-1.570796326795,290.));
#14140 = CARTESIAN_POINT('',(0.,290.));
#14141 = ( GEOMETRIC_REPRESENTATION_CONTEXT(2) 
PARAMETRIC_REPRESENTATION_CONTEXT() REPRESENTATION_CONTEXT('2D SPACE',''
  ) );
#14142 = PCURVE('',#14143,#14148);
#14143 = SPHERICAL_SURFACE('',#14144,10.);
#14144 = AXIS2_PLACEMENT_3D('',#14145,#14146,#14147);
#14145 = CARTESIAN_POINT('',(124.19120918088,-317.5008047598,
    27.239857003755));
#14146 = DIRECTION('',(-2.69326056664E-02,8.28900370727E-02,
    0.996194698092));
#14147 = DIRECTION('',(0.307841091417,-0.947437459119,8.715574274766E-02
    ));
#14148 = DEFINITIONAL_REPRESENTATION('',(#14149),#14152);
#14149 = B_SPLINE_CURVE_WITH_KNOTS('',1,(#14150,#14151),.UNSPECIFIED.,
  .F.,.F.,(2,2),(4.712388980385,6.28318530718),
  .PIECEWISE_BEZIER_KNOTS.);
#14150 = CARTESIAN_POINT('',(1.570796326795,-1.570796326795));
#14151 = CARTESIAN_POINT('',(1.570796326795,0.));
#14152 = ( GEOMETRIC_REPRESENTATION_CONTEXT(2) 
PARAMETRIC_REPRESENTATION_CONTEXT() REPRESENTATION_CONTEXT('2D SPACE',''
  ) );
#14153 = ORIENTED_EDGE('',*,*,#11962,.F.);
#14154 = ADVANCED_FACE('',(#14155),#11950,.T.);
#14155 = FACE_BOUND('',#14156,.T.);
#14156 = EDGE_LOOP('',(#14157,#14180,#14202,#14203));
#14157 = ORIENTED_EDGE('',*,*,#14158,.F.);
#14158 = EDGE_CURVE('',#14159,#12249,#14161,.T.);
#14159 = VERTEX_POINT('',#14160);
#14160 = CARTESIAN_POINT('',(127.26962009505,-326.975179351,
    28.111414431231));
#14161 = SURFACE_CURVE('',#14162,(#14166,#14173),.PCURVE_S1.);
#14162 = LINE('',#14163,#14164);
#14163 = CARTESIAN_POINT('',(127.53894615171,-327.8040797217,
    18.149467450314));
#14164 = VECTOR('',#14165,1.);
#14165 = DIRECTION('',(-2.69326056664E-02,8.28900370727E-02,
    0.996194698092));
#14166 = PCURVE('',#11950,#14167);
#14167 = DEFINITIONAL_REPRESENTATION('',(#14168),#14172);
#14168 = LINE('',#14169,#14170);
#14169 = CARTESIAN_POINT('',(0.,0.));
#14170 = VECTOR('',#14171,1.);
#14171 = DIRECTION('',(0.,1.));
#14172 = ( GEOMETRIC_REPRESENTATION_CONTEXT(2) 
PARAMETRIC_REPRESENTATION_CONTEXT() REPRESENTATION_CONTEXT('2D SPACE',''
  ) );
#14173 = PCURVE('',#12286,#14174);
#14174 = DEFINITIONAL_REPRESENTATION('',(#14175),#14179);
#14175 = LINE('',#14176,#14177);
#14176 = CARTESIAN_POINT('',(-3.552713678801E-15,-50.));
#14177 = VECTOR('',#14178,1.);
#14178 = DIRECTION('',(1.,-3.469446951954E-18));
#14179 = ( GEOMETRIC_REPRESENTATION_CONTEXT(2) 
PARAMETRIC_REPRESENTATION_CONTEXT() REPRESENTATION_CONTEXT('2D SPACE',''
  ) );
#14180 = ORIENTED_EDGE('',*,*,#14181,.T.);
#14181 = EDGE_CURVE('',#14159,#11935,#14182,.T.);
#14182 = SURFACE_CURVE('',#14183,(#14188,#14195),.PCURVE_S1.);
#14183 = CIRCLE('',#14184,10.);
#14184 = AXIS2_PLACEMENT_3D('',#14185,#14186,#14187);
#14185 = CARTESIAN_POINT('',(124.19120918088,-317.5008047598,
    27.239857003755));
#14186 = DIRECTION('',(-2.69326056664E-02,8.28900370727E-02,
    0.996194698092));
#14187 = DIRECTION('',(0.307841091417,-0.947437459119,8.715574274766E-02
    ));
#14188 = PCURVE('',#11950,#14189);
#14189 = DEFINITIONAL_REPRESENTATION('',(#14190),#14194);
#14190 = LINE('',#14191,#14192);
#14191 = CARTESIAN_POINT('',(0.,10.));
#14192 = VECTOR('',#14193,1.);
#14193 = DIRECTION('',(1.,0.));
#14194 = ( GEOMETRIC_REPRESENTATION_CONTEXT(2) 
PARAMETRIC_REPRESENTATION_CONTEXT() REPRESENTATION_CONTEXT('2D SPACE',''
  ) );
#14195 = PCURVE('',#14143,#14196);
#14196 = DEFINITIONAL_REPRESENTATION('',(#14197),#14201);
#14197 = LINE('',#14198,#14199);
#14198 = CARTESIAN_POINT('',(0.,0.));
#14199 = VECTOR('',#14200,1.);
#14200 = DIRECTION('',(1.,0.));
#14201 = ( GEOMETRIC_REPRESENTATION_CONTEXT(2) 
PARAMETRIC_REPRESENTATION_CONTEXT() REPRESENTATION_CONTEXT('2D SPACE',''
  ) );
#14202 = ORIENTED_EDGE('',*,*,#11934,.T.);
#14203 = ORIENTED_EDGE('',*,*,#14204,.T.);
#14204 = EDGE_CURVE('',#11912,#12249,#14205,.T.);
#14205 = SURFACE_CURVE('',#14206,(#14211,#14217),.PCURVE_S1.);
#14206 = CIRCLE('',#14207,10.);
#14207 = AXIS2_PLACEMENT_3D('',#14208,#14209,#14210);
#14208 = CARTESIAN_POINT('',(123.65255706755,-315.8430040184,
    47.16375096559));
#14209 = DIRECTION('',(2.69326056664E-02,-8.28900370727E-02,
    -0.996194698092));
#14210 = DIRECTION('',(0.307841091417,-0.947437459119,8.715574274766E-02
    ));
#14211 = PCURVE('',#11950,#14212);
#14212 = DEFINITIONAL_REPRESENTATION('',(#14213),#14216);
#14213 = B_SPLINE_CURVE_WITH_KNOTS('',1,(#14214,#14215),.UNSPECIFIED.,
  .F.,.F.,(2,2),(4.712388980385,6.28318530718),
  .PIECEWISE_BEZIER_KNOTS.);
#14214 = CARTESIAN_POINT('',(1.570796326795,30.));
#14215 = CARTESIAN_POINT('',(0.,30.));
#14216 = ( GEOMETRIC_REPRESENTATION_CONTEXT(2) 
PARAMETRIC_REPRESENTATION_CONTEXT() REPRESENTATION_CONTEXT('2D SPACE',''
  ) );
#14217 = PCURVE('',#12210,#14218);
#14218 = DEFINITIONAL_REPRESENTATION('',(#14219),#14222);
#14219 = B_SPLINE_CURVE_WITH_KNOTS('',1,(#14220,#14221),.UNSPECIFIED.,
  .F.,.F.,(2,2),(4.712388980385,6.28318530718),
  .PIECEWISE_BEZIER_KNOTS.);
#14220 = CARTESIAN_POINT('',(0.,-1.570796326795));
#14221 = CARTESIAN_POINT('',(0.,0.));
#14222 = ( GEOMETRIC_REPRESENTATION_CONTEXT(2) 
PARAMETRIC_REPRESENTATION_CONTEXT() REPRESENTATION_CONTEXT('2D SPACE',''
  ) );
#14223 = ADVANCED_FACE('',(#14224),#12026,.T.);
#14224 = FACE_BOUND('',#14225,.T.);
#14225 = EDGE_LOOP('',(#14226,#14246,#14247,#14275,#14296,#14322,#14323,
    #14343));
#14226 = ORIENTED_EDGE('',*,*,#14227,.F.);
#14227 = EDGE_CURVE('',#11988,#14057,#14228,.T.);
#14228 = SURFACE_CURVE('',#14229,(#14234,#14240),.PCURVE_S1.);
#14229 = CIRCLE('',#14230,10.);
#14230 = AXIS2_PLACEMENT_3D('',#14231,#14232,#14233);
#14231 = CARTESIAN_POINT('',(86.148948529081,-329.8614845348,
    27.239857003755));
#14232 = DIRECTION('',(-0.951056516295,-0.309016994375,
    -2.22044604925E-16));
#14233 = DIRECTION('',(0.307841091417,-0.947437459119,8.715574274766E-02
    ));
#14234 = PCURVE('',#12026,#14235);
#14235 = DEFINITIONAL_REPRESENTATION('',(#14236),#14239);
#14236 = B_SPLINE_CURVE_WITH_KNOTS('',1,(#14237,#14238),.UNSPECIFIED.,
  .F.,.F.,(2,2),(4.712388980385,6.28318530718),
  .PIECEWISE_BEZIER_KNOTS.);
#14237 = CARTESIAN_POINT('',(1.570796326795,10.));
#14238 = CARTESIAN_POINT('',(0.,10.));
#14239 = ( GEOMETRIC_REPRESENTATION_CONTEXT(2) 
PARAMETRIC_REPRESENTATION_CONTEXT() REPRESENTATION_CONTEXT('2D SPACE',''
  ) );
#14240 = PCURVE('',#14041,#14241);
#14241 = DEFINITIONAL_REPRESENTATION('',(#14242),#14245);
#14242 = B_SPLINE_CURVE_WITH_KNOTS('',1,(#14243,#14244),.UNSPECIFIED.,
  .F.,.F.,(2,2),(4.712388980385,6.28318530718),
  .PIECEWISE_BEZIER_KNOTS.);
#14243 = CARTESIAN_POINT('',(0.,-1.570796326795));
#14244 = CARTESIAN_POINT('',(0.,0.));
#14245 = ( GEOMETRIC_REPRESENTATION_CONTEXT(2) 
PARAMETRIC_REPRESENTATION_CONTEXT() REPRESENTATION_CONTEXT('2D SPACE',''
  ) );
#14246 = ORIENTED_EDGE('',*,*,#12010,.T.);
#14247 = ORIENTED_EDGE('',*,*,#14248,.F.);
#14248 = EDGE_CURVE('',#14249,#12011,#14251,.T.);
#14249 = VERTEX_POINT('',#14250);
#14250 = CARTESIAN_POINT('',(98.671414106048,-336.0401259122,
    24.999858642014));
#14251 = SURFACE_CURVE('',#14252,(#14257,#14264),.PCURVE_S1.);
#14252 = CIRCLE('',#14253,10.);
#14253 = AXIS2_PLACEMENT_3D('',#14254,#14255,#14256);
#14254 = CARTESIAN_POINT('',(95.659767908767,-326.771231991,
    27.239857003755));
#14255 = DIRECTION('',(0.951056516295,0.309016994375,-3.469446951954E-18
    ));
#14256 = DIRECTION('',(0.307841091417,-0.947437459119,8.715574274766E-02
    ));
#14257 = PCURVE('',#12026,#14258);
#14258 = DEFINITIONAL_REPRESENTATION('',(#14259),#14263);
#14259 = LINE('',#14260,#14261);
#14260 = CARTESIAN_POINT('',(0.,20.000267299294));
#14261 = VECTOR('',#14262,1.);
#14262 = DIRECTION('',(1.,0.));
#14263 = ( GEOMETRIC_REPRESENTATION_CONTEXT(2) 
PARAMETRIC_REPRESENTATION_CONTEXT() REPRESENTATION_CONTEXT('2D SPACE',''
  ) );
#14264 = PCURVE('',#12053,#14265);
#14265 = DEFINITIONAL_REPRESENTATION('',(#14266),#14274);
#14266 = ( BOUNDED_CURVE() B_SPLINE_CURVE(2,(#14267,#14268,#14269,#14270
    ,#14271,#14272,#14273),.UNSPECIFIED.,.T.,.F.) 
B_SPLINE_CURVE_WITH_KNOTS((1,2,2,2,2,1),(-2.094395102393,0.,
    2.094395102393,4.188790204786,6.28318530718,8.377580409573),
.UNSPECIFIED.) CURVE() GEOMETRIC_REPRESENTATION_ITEM() 
RATIONAL_B_SPLINE_CURVE((1.,0.5,1.,0.5,1.,0.5,1.)) REPRESENTATION_ITEM(
  '') );
#14267 = CARTESIAN_POINT('',(0.300125842826,28.111414431231));
#14268 = CARTESIAN_POINT('',(1.80970758893,10.856816117975));
#14269 = CARTESIAN_POINT('',(-13.88800375549,18.176779133388));
#14270 = CARTESIAN_POINT('',(-29.58571509992,25.496742148802));
#14271 = CARTESIAN_POINT('',(-15.3975855016,35.431377446645));
#14272 = CARTESIAN_POINT('',(-1.209455903277,45.366012744488));
#14273 = CARTESIAN_POINT('',(0.300125842826,28.111414431231));
#14274 = ( GEOMETRIC_REPRESENTATION_CONTEXT(2) 
PARAMETRIC_REPRESENTATION_CONTEXT() REPRESENTATION_CONTEXT('2D SPACE',''
  ) );
#14275 = ORIENTED_EDGE('',*,*,#14276,.T.);
#14276 = EDGE_CURVE('',#14249,#14277,#14279,.T.);
#14277 = VERTEX_POINT('',#14278);
#14278 = CARTESIAN_POINT('',(117.69254443195,-329.8597860247,
    24.999858642014));
#14279 = SURFACE_CURVE('',#14280,(#14284,#14290),.PCURVE_S1.);
#14280 = LINE('',#14281,#14282);
#14281 = CARTESIAN_POINT('',(79.650029563409,-342.2205483997,
    24.999858642014));
#14282 = VECTOR('',#14283,1.);
#14283 = DIRECTION('',(0.951056516295,0.309016994375,0.));
#14284 = PCURVE('',#12026,#14285);
#14285 = DEFINITIONAL_REPRESENTATION('',(#14286),#14289);
#14286 = B_SPLINE_CURVE_WITH_KNOTS('',1,(#14287,#14288),.UNSPECIFIED.,
  .F.,.F.,(2,2),(20.000266699294,40.000267899294),
  .PIECEWISE_BEZIER_KNOTS.);
#14287 = CARTESIAN_POINT('',(0.313183136078,20.000266699294));
#14288 = CARTESIAN_POINT('',(0.313183136078,40.000267899294));
#14289 = ( GEOMETRIC_REPRESENTATION_CONTEXT(2) 
PARAMETRIC_REPRESENTATION_CONTEXT() REPRESENTATION_CONTEXT('2D SPACE',''
  ) );
#14290 = PCURVE('',#12079,#14291);
#14291 = DEFINITIONAL_REPRESENTATION('',(#14292),#14295);
#14292 = B_SPLINE_CURVE_WITH_KNOTS('',1,(#14293,#14294),.UNSPECIFIED.,
  .F.,.F.,(2,2),(20.000267299294,40.000267299294),
  .PIECEWISE_BEZIER_KNOTS.);
#14293 = CARTESIAN_POINT('',(7.850618800417,20.));
#14294 = CARTESIAN_POINT('',(7.850618800417,-1.42108547152E-14));
#14295 = ( GEOMETRIC_REPRESENTATION_CONTEXT(2) 
PARAMETRIC_REPRESENTATION_CONTEXT() REPRESENTATION_CONTEXT('2D SPACE',''
  ) );
#14296 = ORIENTED_EDGE('',*,*,#14297,.T.);
#14297 = EDGE_CURVE('',#14277,#12091,#14298,.T.);
#14298 = SURFACE_CURVE('',#14299,(#14304,#14311),.PCURVE_S1.);
#14299 = CIRCLE('',#14300,10.);
#14300 = AXIS2_PLACEMENT_3D('',#14301,#14302,#14303);
#14301 = CARTESIAN_POINT('',(114.68089823467,-320.5908921035,
    27.239857003755));
#14302 = DIRECTION('',(0.951056516295,0.309016994375,-3.469446951954E-18
    ));
#14303 = DIRECTION('',(0.307841091417,-0.947437459119,8.715574274766E-02
    ));
#14304 = PCURVE('',#12026,#14305);
#14305 = DEFINITIONAL_REPRESENTATION('',(#14306),#14310);
#14306 = LINE('',#14307,#14308);
#14307 = CARTESIAN_POINT('',(0.,40.000267299294));
#14308 = VECTOR('',#14309,1.);
#14309 = DIRECTION('',(1.,0.));
#14310 = ( GEOMETRIC_REPRESENTATION_CONTEXT(2) 
PARAMETRIC_REPRESENTATION_CONTEXT() REPRESENTATION_CONTEXT('2D SPACE',''
  ) );
#14311 = PCURVE('',#12105,#14312);
#14312 = DEFINITIONAL_REPRESENTATION('',(#14313),#14321);
#14313 = ( BOUNDED_CURVE() B_SPLINE_CURVE(2,(#14314,#14315,#14316,#14317
    ,#14318,#14319,#14320),.UNSPECIFIED.,.T.,.F.) 
B_SPLINE_CURVE_WITH_KNOTS((1,2,2,2,2,1),(-2.094395102393,0.,
    2.094395102393,4.188790204786,6.28318530718,8.377580409573),
.UNSPECIFIED.) CURVE() GEOMETRIC_REPRESENTATION_ITEM() 
RATIONAL_B_SPLINE_CURVE((1.,0.5,1.,0.5,1.,0.5,1.)) REPRESENTATION_ITEM(
  '') );
#14314 = CARTESIAN_POINT('',(0.300125842826,28.111414431231));
#14315 = CARTESIAN_POINT('',(1.80970758893,10.856816117975));
#14316 = CARTESIAN_POINT('',(-13.88800375549,18.176779133388));
#14317 = CARTESIAN_POINT('',(-29.58571509992,25.496742148802));
#14318 = CARTESIAN_POINT('',(-15.3975855016,35.431377446645));
#14319 = CARTESIAN_POINT('',(-1.209455903277,45.366012744488));
#14320 = CARTESIAN_POINT('',(0.300125842826,28.111414431231));
#14321 = ( GEOMETRIC_REPRESENTATION_CONTEXT(2) 
PARAMETRIC_REPRESENTATION_CONTEXT() REPRESENTATION_CONTEXT('2D SPACE',''
  ) );
#14322 = ORIENTED_EDGE('',*,*,#12116,.T.);
#14323 = ORIENTED_EDGE('',*,*,#14324,.T.);
#14324 = EDGE_CURVE('',#12117,#14159,#14325,.T.);
#14325 = SURFACE_CURVE('',#14326,(#14331,#14337),.PCURVE_S1.);
#14326 = CIRCLE('',#14327,10.);
#14327 = AXIS2_PLACEMENT_3D('',#14328,#14329,#14330);
#14328 = CARTESIAN_POINT('',(124.19120918088,-317.5008047598,
    27.239857003755));
#14329 = DIRECTION('',(-0.951056516295,-0.309016994375,
    -5.898059818321E-17));
#14330 = DIRECTION('',(0.307841091417,-0.947437459119,8.715574274766E-02
    ));
#14331 = PCURVE('',#12026,#14332);
#14332 = DEFINITIONAL_REPRESENTATION('',(#14333),#14336);
#14333 = B_SPLINE_CURVE_WITH_KNOTS('',1,(#14334,#14335),.UNSPECIFIED.,
  .F.,.F.,(2,2),(4.712388980385,6.28318530718),
  .PIECEWISE_BEZIER_KNOTS.);
#14334 = CARTESIAN_POINT('',(1.570796326795,50.));
#14335 = CARTESIAN_POINT('',(0.,50.));
#14336 = ( GEOMETRIC_REPRESENTATION_CONTEXT(2) 
PARAMETRIC_REPRESENTATION_CONTEXT() REPRESENTATION_CONTEXT('2D SPACE',''
  ) );
#14337 = PCURVE('',#14143,#14338);
#14338 = DEFINITIONAL_REPRESENTATION('',(#14339),#14342);
#14339 = B_SPLINE_CURVE_WITH_KNOTS('',1,(#14340,#14341),.UNSPECIFIED.,
  .F.,.F.,(2,2),(4.712388980385,6.28318530718),
  .PIECEWISE_BEZIER_KNOTS.);
#14340 = CARTESIAN_POINT('',(0.,-1.570796326795));
#14341 = CARTESIAN_POINT('',(0.,0.));
#14342 = ( GEOMETRIC_REPRESENTATION_CONTEXT(2) 
PARAMETRIC_REPRESENTATION_CONTEXT() REPRESENTATION_CONTEXT('2D SPACE',''
  ) );
#14343 = ORIENTED_EDGE('',*,*,#14344,.F.);
#14344 = EDGE_CURVE('',#14057,#14159,#14345,.T.);
#14345 = SURFACE_CURVE('',#14346,(#14350,#14357),.PCURVE_S1.);
#14346 = LINE('',#14347,#14348);
#14347 = CARTESIAN_POINT('',(79.716794280295,-342.4260290698,
    28.111414431231));
#14348 = VECTOR('',#14349,1.);
#14349 = DIRECTION('',(0.951056516295,0.309016994375,0.));
#14350 = PCURVE('',#12026,#14351);
#14351 = DEFINITIONAL_REPRESENTATION('',(#14352),#14356);
#14352 = LINE('',#14353,#14354);
#14353 = CARTESIAN_POINT('',(0.,0.));
#14354 = VECTOR('',#14355,1.);
#14355 = DIRECTION('',(0.,1.));
#14356 = ( GEOMETRIC_REPRESENTATION_CONTEXT(2) 
PARAMETRIC_REPRESENTATION_CONTEXT() REPRESENTATION_CONTEXT('2D SPACE',''
  ) );
#14357 = PCURVE('',#12286,#14358);
#14358 = DEFINITIONAL_REPRESENTATION('',(#14359),#14363);
#14359 = LINE('',#14360,#14361);
#14360 = CARTESIAN_POINT('',(10.,1.42108547152E-14));
#14361 = VECTOR('',#14362,1.);
#14362 = DIRECTION('',(3.469446951954E-18,-1.));
#14363 = ( GEOMETRIC_REPRESENTATION_CONTEXT(2) 
PARAMETRIC_REPRESENTATION_CONTEXT() REPRESENTATION_CONTEXT('2D SPACE',''
  ) );
#14364 = ADVANCED_FACE('',(#14365),#12105,.F.);
#14365 = FACE_BOUND('',#14366,.F.);
#14366 = EDGE_LOOP('',(#14367,#14368,#14394));
#14367 = ORIENTED_EDGE('',*,*,#12090,.F.);
#14368 = ORIENTED_EDGE('',*,*,#14369,.F.);
#14369 = EDGE_CURVE('',#14277,#12065,#14370,.T.);
#14370 = SURFACE_CURVE('',#14371,(#14376,#14387),.PCURVE_S1.);
#14371 = CIRCLE('',#14372,25.);
#14372 = AXIS2_PLACEMENT_3D('',#14373,#14374,#14375);
#14373 = CARTESIAN_POINT('',(117.66656516295,-329.7798300562,
    -1.110223024625E-15));
#14374 = DIRECTION('',(0.951056516295,0.309016994375,-3.634245682171E-16
    ));
#14375 = DIRECTION('',(1.039170759954E-03,-3.198238740222E-03,
    0.999994345681));
#14376 = PCURVE('',#12105,#14377);
#14377 = DEFINITIONAL_REPRESENTATION('',(#14378),#14386);
#14378 = ( BOUNDED_CURVE() B_SPLINE_CURVE(2,(#14379,#14380,#14381,#14382
    ,#14383,#14384,#14385),.UNSPECIFIED.,.T.,.F.) 
B_SPLINE_CURVE_WITH_KNOTS((1,2,2,2,2,1),(-2.094395102393,0.,
    2.094395102393,4.188790204786,6.28318530718,8.377580409573),
.UNSPECIFIED.) CURVE() GEOMETRIC_REPRESENTATION_ITEM() 
RATIONAL_B_SPLINE_CURVE((1.,0.5,1.,0.5,1.,0.5,1.)) REPRESENTATION_ITEM(
  '') );
#14379 = CARTESIAN_POINT('',(8.407068048597E-02,24.999858642014));
#14380 = CARTESIAN_POINT('',(43.385096030494,24.854243951985));
#14381 = CARTESIAN_POINT('',(21.608477334761,-12.57273666602));
#14382 = CARTESIAN_POINT('',(-0.168141360972,-49.99971728402));
#14383 = CARTESIAN_POINT('',(-21.69254801524,-12.42712197599));
#14384 = CARTESIAN_POINT('',(-43.21695466952,25.145473332043));
#14385 = CARTESIAN_POINT('',(8.407068048597E-02,24.999858642014));
#14386 = ( GEOMETRIC_REPRESENTATION_CONTEXT(2) 
PARAMETRIC_REPRESENTATION_CONTEXT() REPRESENTATION_CONTEXT('2D SPACE',''
  ) );
#14387 = PCURVE('',#12079,#14388);
#14388 = DEFINITIONAL_REPRESENTATION('',(#14389),#14393);
#14389 = LINE('',#14390,#14391);
#14390 = CARTESIAN_POINT('',(7.850618800417,0.));
#14391 = VECTOR('',#14392,1.);
#14392 = DIRECTION('',(-1.,-0.));
#14393 = ( GEOMETRIC_REPRESENTATION_CONTEXT(2) 
PARAMETRIC_REPRESENTATION_CONTEXT() REPRESENTATION_CONTEXT('2D SPACE',''
  ) );
#14394 = ORIENTED_EDGE('',*,*,#14297,.T.);
#14395 = ADVANCED_FACE('',(#14396),#12079,.T.);
#14396 = FACE_BOUND('',#14397,.T.);
#14397 = EDGE_LOOP('',(#14398,#14399,#14400,#14426));
#14398 = ORIENTED_EDGE('',*,*,#14369,.F.);
#14399 = ORIENTED_EDGE('',*,*,#14276,.F.);
#14400 = ORIENTED_EDGE('',*,*,#14401,.T.);
#14401 = EDGE_CURVE('',#14249,#12039,#14402,.T.);
#14402 = SURFACE_CURVE('',#14403,(#14408,#14415),.PCURVE_S1.);
#14403 = CIRCLE('',#14404,25.);
#14404 = AXIS2_PLACEMENT_3D('',#14405,#14406,#14407);
#14405 = CARTESIAN_POINT('',(98.645434837048,-335.9601699437,
    1.110223024625E-15));
#14406 = DIRECTION('',(0.951056516295,0.309016994375,-9.779503595819E-17
    ));
#14407 = DIRECTION('',(1.039170759972E-03,-3.198238740279E-03,
    0.999994345681));
#14408 = PCURVE('',#12079,#14409);
#14409 = DEFINITIONAL_REPRESENTATION('',(#14410),#14414);
#14410 = LINE('',#14411,#14412);
#14411 = CARTESIAN_POINT('',(7.850618800417,20.));
#14412 = VECTOR('',#14413,1.);
#14413 = DIRECTION('',(-1.,-0.));
#14414 = ( GEOMETRIC_REPRESENTATION_CONTEXT(2) 
PARAMETRIC_REPRESENTATION_CONTEXT() REPRESENTATION_CONTEXT('2D SPACE',''
  ) );
#14415 = PCURVE('',#12053,#14416);
#14416 = DEFINITIONAL_REPRESENTATION('',(#14417),#14425);
#14417 = ( BOUNDED_CURVE() B_SPLINE_CURVE(2,(#14418,#14419,#14420,#14421
    ,#14422,#14423,#14424),.UNSPECIFIED.,.T.,.F.) 
B_SPLINE_CURVE_WITH_KNOTS((1,2,2,2,2,1),(-2.094395102393,0.,
    2.094395102393,4.188790204786,6.28318530718,8.377580409573),
.UNSPECIFIED.) CURVE() GEOMETRIC_REPRESENTATION_ITEM() 
RATIONAL_B_SPLINE_CURVE((1.,0.5,1.,0.5,1.,0.5,1.)) REPRESENTATION_ITEM(
  '') );
#14418 = CARTESIAN_POINT('',(8.407068048746E-02,24.999858642014));
#14419 = CARTESIAN_POINT('',(43.385096030496,24.854243951983));
#14420 = CARTESIAN_POINT('',(21.60847733476,-12.57273666602));
#14421 = CARTESIAN_POINT('',(-0.168141360975,-49.99971728402));
#14422 = CARTESIAN_POINT('',(-21.69254801524,-12.42712197599));
#14423 = CARTESIAN_POINT('',(-43.21695466952,25.145473332045));
#14424 = CARTESIAN_POINT('',(8.407068048746E-02,24.999858642014));
#14425 = ( GEOMETRIC_REPRESENTATION_CONTEXT(2) 
PARAMETRIC_REPRESENTATION_CONTEXT() REPRESENTATION_CONTEXT('2D SPACE',''
  ) );
#14426 = ORIENTED_EDGE('',*,*,#12064,.F.);
#14427 = ADVANCED_FACE('',(#14428),#12053,.T.);
#14428 = FACE_BOUND('',#14429,.T.);
#14429 = EDGE_LOOP('',(#14430,#14431,#14432));
#14430 = ORIENTED_EDGE('',*,*,#12038,.F.);
#14431 = ORIENTED_EDGE('',*,*,#14401,.F.);
#14432 = ORIENTED_EDGE('',*,*,#14248,.T.);
#14433 = ADVANCED_FACE('',(#14434),#12179,.T.);
#14434 = FACE_BOUND('',#14435,.T.);
#14435 = EDGE_LOOP('',(#14436,#14437,#14438));
#14436 = ORIENTED_EDGE('',*,*,#12225,.F.);
#14437 = ORIENTED_EDGE('',*,*,#12165,.T.);
#14438 = ORIENTED_EDGE('',*,*,#14102,.F.);
#14439 = ADVANCED_FACE('',(#14440),#12210,.T.);
#14440 = FACE_BOUND('',#14441,.T.);
#14441 = EDGE_LOOP('',(#14442,#14443,#14444));
#14442 = ORIENTED_EDGE('',*,*,#14204,.F.);
#14443 = ORIENTED_EDGE('',*,*,#12196,.T.);
#14444 = ORIENTED_EDGE('',*,*,#12248,.F.);
#14445 = ADVANCED_FACE('',(#14446),#12286,.T.);
#14446 = FACE_BOUND('',#14447,.T.);
#14447 = EDGE_LOOP('',(#14448,#14449,#14450,#14451));
#14448 = ORIENTED_EDGE('',*,*,#14056,.F.);
#14449 = ORIENTED_EDGE('',*,*,#14344,.T.);
#14450 = ORIENTED_EDGE('',*,*,#14158,.T.);
#14451 = ORIENTED_EDGE('',*,*,#12272,.F.);
#14452 = ADVANCED_FACE('',(#14453),#12317,.T.);
#14453 = FACE_BOUND('',#14454,.F.);
#14454 = EDGE_LOOP('',(#14455,#14456,#14457));
#14455 = ORIENTED_EDGE('',*,*,#12503,.F.);
#14456 = ORIENTED_EDGE('',*,*,#12303,.T.);
#14457 = ORIENTED_EDGE('',*,*,#12355,.F.);
#14458 = ADVANCED_FACE('',(#14459),#12419,.T.);
#14459 = FACE_BOUND('',#14460,.T.);
#14460 = EDGE_LOOP('',(#14461,#14462,#14463));
#14461 = ORIENTED_EDGE('',*,*,#12600,.F.);
#14462 = ORIENTED_EDGE('',*,*,#12405,.T.);
#14463 = ORIENTED_EDGE('',*,*,#12457,.F.);
#14464 = ADVANCED_FACE('',(#14465),#12748,.T.);
#14465 = FACE_BOUND('',#14466,.F.);
#14466 = EDGE_LOOP('',(#14467,#14468,#14469));
#14467 = ORIENTED_EDGE('',*,*,#12934,.F.);
#14468 = ORIENTED_EDGE('',*,*,#12734,.T.);
#14469 = ORIENTED_EDGE('',*,*,#12786,.F.);
#14470 = ADVANCED_FACE('',(#14471),#12850,.T.);
#14471 = FACE_BOUND('',#14472,.T.);
#14472 = EDGE_LOOP('',(#14473,#14474,#14475));
#14473 = ORIENTED_EDGE('',*,*,#13031,.F.);
#14474 = ORIENTED_EDGE('',*,*,#12836,.T.);
#14475 = ORIENTED_EDGE('',*,*,#12888,.F.);
#14476 = ADVANCED_FACE('',(#14477),#13179,.T.);
#14477 = FACE_BOUND('',#14478,.F.);
#14478 = EDGE_LOOP('',(#14479,#14480,#14481));
#14479 = ORIENTED_EDGE('',*,*,#13365,.F.);
#14480 = ORIENTED_EDGE('',*,*,#13165,.T.);
#14481 = ORIENTED_EDGE('',*,*,#13217,.F.);
#14482 = ADVANCED_FACE('',(#14483),#13281,.T.);
#14483 = FACE_BOUND('',#14484,.T.);
#14484 = EDGE_LOOP('',(#14485,#14486,#14487));
#14485 = ORIENTED_EDGE('',*,*,#13462,.F.);
#14486 = ORIENTED_EDGE('',*,*,#13267,.T.);
#14487 = ORIENTED_EDGE('',*,*,#13319,.F.);
#14488 = ADVANCED_FACE('',(#14489),#13610,.T.);
#14489 = FACE_BOUND('',#14490,.F.);
#14490 = EDGE_LOOP('',(#14491,#14492,#14493));
#14491 = ORIENTED_EDGE('',*,*,#13796,.F.);
#14492 = ORIENTED_EDGE('',*,*,#13596,.T.);
#14493 = ORIENTED_EDGE('',*,*,#13648,.F.);
#14494 = ADVANCED_FACE('',(#14495),#13712,.T.);
#14495 = FACE_BOUND('',#14496,.T.);
#14496 = EDGE_LOOP('',(#14497,#14498,#14499));
#14497 = ORIENTED_EDGE('',*,*,#13893,.F.);
#14498 = ORIENTED_EDGE('',*,*,#13698,.T.);
#14499 = ORIENTED_EDGE('',*,*,#13750,.F.);
#14500 = ADVANCED_FACE('',(#14501),#14041,.T.);
#14501 = FACE_BOUND('',#14502,.F.);
#14502 = EDGE_LOOP('',(#14503,#14504,#14505));
#14503 = ORIENTED_EDGE('',*,*,#14227,.F.);
#14504 = ORIENTED_EDGE('',*,*,#14027,.T.);
#14505 = ORIENTED_EDGE('',*,*,#14079,.F.);
#14506 = ADVANCED_FACE('',(#14507),#14143,.T.);
#14507 = FACE_BOUND('',#14508,.T.);
#14508 = EDGE_LOOP('',(#14509,#14510,#14511));
#14509 = ORIENTED_EDGE('',*,*,#14324,.F.);
#14510 = ORIENTED_EDGE('',*,*,#14129,.T.);
#14511 = ORIENTED_EDGE('',*,*,#14181,.F.);
#14512 = ( GEOMETRIC_REPRESENTATION_CONTEXT(3) 
GLOBAL_UNCERTAINTY_ASSIGNED_CONTEXT((#14516)) 
GLOBAL_UNIT_ASSIGNED_CONTEXT((#14513,#14514,#14515)) 
REPRESENTATION_CONTEXT('Context #1',
  '3D Context with UNIT and UNCERTAINTY') );
#14513 = ( LENGTH_UNIT() NAMED_UNIT(*) SI_UNIT(.MILLI.,.METRE.) );
#14514 = ( NAMED_UNIT(*) PLANE_ANGLE_UNIT() SI_UNIT($,.RADIAN.) );
#14515 = ( NAMED_UNIT(*) SI_UNIT($,.STERADIAN.) SOLID_ANGLE_UNIT() );
#14516 = UNCERTAINTY_MEASURE_WITH_UNIT(LENGTH_MEASURE(1.E-07),#14513,
  'distance_accuracy_value','confusion accuracy');
#14517 = CONTEXT_DEPENDENT_SHAPE_REPRESENTATION(#14518,#14520);
#14518 = ( REPRESENTATION_RELATIONSHIP('','',#3019,#10) 
REPRESENTATION_RELATIONSHIP_WITH_TRANSFORMATION(#14519) 
SHAPE_REPRESENTATION_RELATIONSHIP() );
#14519 = ITEM_DEFINED_TRANSFORMATION('','',#11,#19);
#14520 = PRODUCT_DEFINITION_SHAPE('Placement','Placement of an item',
  #14521);
#14521 = NEXT_ASSEMBLY_USAGE_OCCURRENCE('2','','',#5,#3014,$);
#14522 = PRODUCT_RELATED_PRODUCT_CATEGORY('part',$,(#3016));
#14523 = SHAPE_DEFINITION_REPRESENTATION(#14524,#14530);
#14524 = PRODUCT_DEFINITION_SHAPE('','',#14525);
#14525 = PRODUCT_DEFINITION('design','',#14526,#14529);
#14526 = PRODUCT_DEFINITION_FORMATION('','',#14527);
#14527 = PRODUCT('Open CASCADE STEP translator 7.8 1.3',
  'Open CASCADE STEP translator 7.8 1.3','',(#14528));
#14528 = PRODUCT_CONTEXT('',#2,'mechanical');
#14529 = PRODUCT_DEFINITION_CONTEXT('part definition',#2,'design');
#14530 = ADVANCED_BREP_SHAPE_REPRESENTATION('',(#11,#14531),#15837);
#14531 = MANIFOLD_SOLID_BREP('',#14532);
#14532 = CLOSED_SHELL('',(#14533,#14653,#14741,#14820,#14901,#14977,
    #15007,#15037,#15113,#15194,#15219,#15300,#15325,#15401,#15432,
    #15463,#15541,#15572,#15639,#15670,#15739,#15806,#15812,#15818,
    #15825,#15831));
#14533 = ADVANCED_FACE('',(#14534),#14548,.F.);
#14534 = FACE_BOUND('',#14535,.F.);
#14535 = EDGE_LOOP('',(#14536,#14571,#14599,#14627));
#14536 = ORIENTED_EDGE('',*,*,#14537,.F.);
#14537 = EDGE_CURVE('',#14538,#14540,#14542,.T.);
#14538 = VERTEX_POINT('',#14539);
#14539 = CARTESIAN_POINT('',(-75.,260.,710.));
#14540 = VERTEX_POINT('',#14541);
#14541 = CARTESIAN_POINT('',(-75.,260.,750.));
#14542 = SURFACE_CURVE('',#14543,(#14547,#14559),.PCURVE_S1.);
#14543 = LINE('',#14544,#14545);
#14544 = CARTESIAN_POINT('',(-75.,260.,700.));
#14545 = VECTOR('',#14546,1.);
#14546 = DIRECTION('',(0.,0.,1.));
#14547 = PCURVE('',#14548,#14553);
#14548 = PLANE('',#14549);
#14549 = AXIS2_PLACEMENT_3D('',#14550,#14551,#14552);
#14550 = CARTESIAN_POINT('',(-75.,250.,700.));
#14551 = DIRECTION('',(1.,0.,0.));
#14552 = DIRECTION('',(0.,0.,1.));
#14553 = DEFINITIONAL_REPRESENTATION('',(#14554),#14558);
#14554 = LINE('',#14555,#14556);
#14555 = CARTESIAN_POINT('',(0.,-10.));
#14556 = VECTOR('',#14557,1.);
#14557 = DIRECTION('',(1.,0.));
#14558 = ( GEOMETRIC_REPRESENTATION_CONTEXT(2) 
PARAMETRIC_REPRESENTATION_CONTEXT() REPRESENTATION_CONTEXT('2D SPACE',''
  ) );
#14559 = PCURVE('',#14560,#14565);
#14560 = CYLINDRICAL_SURFACE('',#14561,10.);
#14561 = AXIS2_PLACEMENT_3D('',#14562,#14563,#14564);
#14562 = CARTESIAN_POINT('',(-65.,260.,700.));
#14563 = DIRECTION('',(0.,0.,1.));
#14564 = DIRECTION('',(-1.,-0.,0.));
#14565 = DEFINITIONAL_REPRESENTATION('',(#14566),#14570);
#14566 = LINE('',#14567,#14568);
#14567 = CARTESIAN_POINT('',(0.,0.));
#14568 = VECTOR('',#14569,1.);
#14569 = DIRECTION('',(0.,1.));
#14570 = ( GEOMETRIC_REPRESENTATION_CONTEXT(2) 
PARAMETRIC_REPRESENTATION_CONTEXT() REPRESENTATION_CONTEXT('2D SPACE',''
  ) );
#14571 = ORIENTED_EDGE('',*,*,#14572,.T.);
#14572 = EDGE_CURVE('',#14538,#14573,#14575,.T.);
#14573 = VERTEX_POINT('',#14574);
#14574 = CARTESIAN_POINT('',(-75.,320.,710.));
#14575 = SURFACE_CURVE('',#14576,(#14580,#14587),.PCURVE_S1.);
#14576 = LINE('',#14577,#14578);
#14577 = CARTESIAN_POINT('',(-75.,250.,710.));
#14578 = VECTOR('',#14579,1.);
#14579 = DIRECTION('',(0.,1.,0.));
#14580 = PCURVE('',#14548,#14581);
#14581 = DEFINITIONAL_REPRESENTATION('',(#14582),#14586);
#14582 = LINE('',#14583,#14584);
#14583 = CARTESIAN_POINT('',(10.,0.));
#14584 = VECTOR('',#14585,1.);
#14585 = DIRECTION('',(0.,-1.));
#14586 = ( GEOMETRIC_REPRESENTATION_CONTEXT(2) 
PARAMETRIC_REPRESENTATION_CONTEXT() REPRESENTATION_CONTEXT('2D SPACE',''
  ) );
#14587 = PCURVE('',#14588,#14593);
#14588 = CYLINDRICAL_SURFACE('',#14589,10.);
#14589 = AXIS2_PLACEMENT_3D('',#14590,#14591,#14592);
#14590 = CARTESIAN_POINT('',(-65.,250.,710.));
#14591 = DIRECTION('',(0.,1.,0.));
#14592 = DIRECTION('',(-1.,0.,0.));
#14593 = DEFINITIONAL_REPRESENTATION('',(#14594),#14598);
#14594 = LINE('',#14595,#14596);
#14595 = CARTESIAN_POINT('',(-0.,0.));
#14596 = VECTOR('',#14597,1.);
#14597 = DIRECTION('',(-0.,1.));
#14598 = ( GEOMETRIC_REPRESENTATION_CONTEXT(2) 
PARAMETRIC_REPRESENTATION_CONTEXT() REPRESENTATION_CONTEXT('2D SPACE',''
  ) );
#14599 = ORIENTED_EDGE('',*,*,#14600,.T.);
#14600 = EDGE_CURVE('',#14573,#14601,#14603,.T.);
#14601 = VERTEX_POINT('',#14602);
#14602 = CARTESIAN_POINT('',(-75.,320.,750.));
#14603 = SURFACE_CURVE('',#14604,(#14608,#14615),.PCURVE_S1.);
#14604 = LINE('',#14605,#14606);
#14605 = CARTESIAN_POINT('',(-75.,320.,700.));
#14606 = VECTOR('',#14607,1.);
#14607 = DIRECTION('',(0.,0.,1.));
#14608 = PCURVE('',#14548,#14609);
#14609 = DEFINITIONAL_REPRESENTATION('',(#14610),#14614);
#14610 = LINE('',#14611,#14612);
#14611 = CARTESIAN_POINT('',(0.,-70.));
#14612 = VECTOR('',#14613,1.);
#14613 = DIRECTION('',(1.,0.));
#14614 = ( GEOMETRIC_REPRESENTATION_CONTEXT(2) 
PARAMETRIC_REPRESENTATION_CONTEXT() REPRESENTATION_CONTEXT('2D SPACE',''
  ) );
#14615 = PCURVE('',#14616,#14621);
#14616 = CYLINDRICAL_SURFACE('',#14617,10.);
#14617 = AXIS2_PLACEMENT_3D('',#14618,#14619,#14620);
#14618 = CARTESIAN_POINT('',(-65.,320.,700.));
#14619 = DIRECTION('',(0.,0.,1.));
#14620 = DIRECTION('',(-1.,-0.,0.));
#14621 = DEFINITIONAL_REPRESENTATION('',(#14622),#14626);
#14622 = LINE('',#14623,#14624);
#14623 = CARTESIAN_POINT('',(-0.,0.));
#14624 = VECTOR('',#14625,1.);
#14625 = DIRECTION('',(-0.,1.));
#14626 = ( GEOMETRIC_REPRESENTATION_CONTEXT(2) 
PARAMETRIC_REPRESENTATION_CONTEXT() REPRESENTATION_CONTEXT('2D SPACE',''
  ) );
#14627 = ORIENTED_EDGE('',*,*,#14628,.F.);
#14628 = EDGE_CURVE('',#14540,#14601,#14629,.T.);
#14629 = SURFACE_CURVE('',#14630,(#14634,#14641),.PCURVE_S1.);
#14630 = LINE('',#14631,#14632);
#14631 = CARTESIAN_POINT('',(-75.,250.,750.));
#14632 = VECTOR('',#14633,1.);
#14633 = DIRECTION('',(0.,1.,0.));
#14634 = PCURVE('',#14548,#14635);
#14635 = DEFINITIONAL_REPRESENTATION('',(#14636),#14640);
#14636 = LINE('',#14637,#14638);
#14637 = CARTESIAN_POINT('',(50.,0.));
#14638 = VECTOR('',#14639,1.);
#14639 = DIRECTION('',(0.,-1.));
#14640 = ( GEOMETRIC_REPRESENTATION_CONTEXT(2) 
PARAMETRIC_REPRESENTATION_CONTEXT() REPRESENTATION_CONTEXT('2D SPACE',''
  ) );
#14641 = PCURVE('',#14642,#14647);
#14642 = CYLINDRICAL_SURFACE('',#14643,10.);
#14643 = AXIS2_PLACEMENT_3D('',#14644,#14645,#14646);
#14644 = CARTESIAN_POINT('',(-65.,250.,750.));
#14645 = DIRECTION('',(0.,1.,0.));
#14646 = DIRECTION('',(-1.,0.,0.));
#14647 = DEFINITIONAL_REPRESENTATION('',(#14648),#14652);
#14648 = LINE('',#14649,#14650);
#14649 = CARTESIAN_POINT('',(0.,0.));
#14650 = VECTOR('',#14651,1.);
#14651 = DIRECTION('',(0.,1.));
#14652 = ( GEOMETRIC_REPRESENTATION_CONTEXT(2) 
PARAMETRIC_REPRESENTATION_CONTEXT() REPRESENTATION_CONTEXT('2D SPACE',''
  ) );
#14653 = ADVANCED_FACE('',(#14654),#14560,.T.);
#14654 = FACE_BOUND('',#14655,.T.);
#14655 = EDGE_LOOP('',(#14656,#14657,#14686,#14714));
#14656 = ORIENTED_EDGE('',*,*,#14537,.F.);
#14657 = ORIENTED_EDGE('',*,*,#14658,.T.);
#14658 = EDGE_CURVE('',#14538,#14659,#14661,.T.);
#14659 = VERTEX_POINT('',#14660);
#14660 = CARTESIAN_POINT('',(-65.,250.,710.));
#14661 = SURFACE_CURVE('',#14662,(#14667,#14674),.PCURVE_S1.);
#14662 = CIRCLE('',#14663,10.);
#14663 = AXIS2_PLACEMENT_3D('',#14664,#14665,#14666);
#14664 = CARTESIAN_POINT('',(-65.,260.,710.));
#14665 = DIRECTION('',(0.,0.,1.));
#14666 = DIRECTION('',(-1.,0.,0.));
#14667 = PCURVE('',#14560,#14668);
#14668 = DEFINITIONAL_REPRESENTATION('',(#14669),#14673);
#14669 = LINE('',#14670,#14671);
#14670 = CARTESIAN_POINT('',(0.,10.));
#14671 = VECTOR('',#14672,1.);
#14672 = DIRECTION('',(1.,0.));
#14673 = ( GEOMETRIC_REPRESENTATION_CONTEXT(2) 
PARAMETRIC_REPRESENTATION_CONTEXT() REPRESENTATION_CONTEXT('2D SPACE',''
  ) );
#14674 = PCURVE('',#14675,#14680);
#14675 = SPHERICAL_SURFACE('',#14676,10.);
#14676 = AXIS2_PLACEMENT_3D('',#14677,#14678,#14679);
#14677 = CARTESIAN_POINT('',(-65.,260.,710.));
#14678 = DIRECTION('',(0.,0.,1.));
#14679 = DIRECTION('',(-1.,0.,0.));
#14680 = DEFINITIONAL_REPRESENTATION('',(#14681),#14685);
#14681 = LINE('',#14682,#14683);
#14682 = CARTESIAN_POINT('',(0.,0.));
#14683 = VECTOR('',#14684,1.);
#14684 = DIRECTION('',(1.,0.));
#14685 = ( GEOMETRIC_REPRESENTATION_CONTEXT(2) 
PARAMETRIC_REPRESENTATION_CONTEXT() REPRESENTATION_CONTEXT('2D SPACE',''
  ) );
#14686 = ORIENTED_EDGE('',*,*,#14687,.T.);
#14687 = EDGE_CURVE('',#14659,#14688,#14690,.T.);
#14688 = VERTEX_POINT('',#14689);
#14689 = CARTESIAN_POINT('',(-65.,250.,750.));
#14690 = SURFACE_CURVE('',#14691,(#14695,#14702),.PCURVE_S1.);
#14691 = LINE('',#14692,#14693);
#14692 = CARTESIAN_POINT('',(-65.,250.,700.));
#14693 = VECTOR('',#14694,1.);
#14694 = DIRECTION('',(0.,0.,1.));
#14695 = PCURVE('',#14560,#14696);
#14696 = DEFINITIONAL_REPRESENTATION('',(#14697),#14701);
#14697 = LINE('',#14698,#14699);
#14698 = CARTESIAN_POINT('',(1.570796326795,0.));
#14699 = VECTOR('',#14700,1.);
#14700 = DIRECTION('',(0.,1.));
#14701 = ( GEOMETRIC_REPRESENTATION_CONTEXT(2) 
PARAMETRIC_REPRESENTATION_CONTEXT() REPRESENTATION_CONTEXT('2D SPACE',''
  ) );
#14702 = PCURVE('',#14703,#14708);
#14703 = PLANE('',#14704);
#14704 = AXIS2_PLACEMENT_3D('',#14705,#14706,#14707);
#14705 = CARTESIAN_POINT('',(-75.,250.,700.));
#14706 = DIRECTION('',(0.,1.,0.));
#14707 = DIRECTION('',(0.,0.,1.));
#14708 = DEFINITIONAL_REPRESENTATION('',(#14709),#14713);
#14709 = LINE('',#14710,#14711);
#14710 = CARTESIAN_POINT('',(0.,10.));
#14711 = VECTOR('',#14712,1.);
#14712 = DIRECTION('',(1.,0.));
#14713 = ( GEOMETRIC_REPRESENTATION_CONTEXT(2) 
PARAMETRIC_REPRESENTATION_CONTEXT() REPRESENTATION_CONTEXT('2D SPACE',''
  ) );
#14714 = ORIENTED_EDGE('',*,*,#14715,.F.);
#14715 = EDGE_CURVE('',#14540,#14688,#14716,.T.);
#14716 = SURFACE_CURVE('',#14717,(#14722,#14729),.PCURVE_S1.);
#14717 = CIRCLE('',#14718,10.);
#14718 = AXIS2_PLACEMENT_3D('',#14719,#14720,#14721);
#14719 = CARTESIAN_POINT('',(-65.,260.,750.));
#14720 = DIRECTION('',(0.,0.,1.));
#14721 = DIRECTION('',(-1.,0.,0.));
#14722 = PCURVE('',#14560,#14723);
#14723 = DEFINITIONAL_REPRESENTATION('',(#14724),#14728);
#14724 = LINE('',#14725,#14726);
#14725 = CARTESIAN_POINT('',(0.,50.));
#14726 = VECTOR('',#14727,1.);
#14727 = DIRECTION('',(1.,0.));
#14728 = ( GEOMETRIC_REPRESENTATION_CONTEXT(2) 
PARAMETRIC_REPRESENTATION_CONTEXT() REPRESENTATION_CONTEXT('2D SPACE',''
  ) );
#14729 = PCURVE('',#14730,#14735);
#14730 = SPHERICAL_SURFACE('',#14731,10.);
#14731 = AXIS2_PLACEMENT_3D('',#14732,#14733,#14734);
#14732 = CARTESIAN_POINT('',(-65.,260.,750.));
#14733 = DIRECTION('',(-0.,-0.,-1.));
#14734 = DIRECTION('',(-1.,0.,0.));
#14735 = DEFINITIONAL_REPRESENTATION('',(#14736),#14740);
#14736 = LINE('',#14737,#14738);
#14737 = CARTESIAN_POINT('',(-0.,0.));
#14738 = VECTOR('',#14739,1.);
#14739 = DIRECTION('',(-1.,0.));
#14740 = ( GEOMETRIC_REPRESENTATION_CONTEXT(2) 
PARAMETRIC_REPRESENTATION_CONTEXT() REPRESENTATION_CONTEXT('2D SPACE',''
  ) );
#14741 = ADVANCED_FACE('',(#14742),#14588,.T.);
#14742 = FACE_BOUND('',#14743,.F.);
#14743 = EDGE_LOOP('',(#14744,#14766,#14794,#14819));
#14744 = ORIENTED_EDGE('',*,*,#14745,.F.);
#14745 = EDGE_CURVE('',#14746,#14538,#14748,.T.);
#14746 = VERTEX_POINT('',#14747);
#14747 = CARTESIAN_POINT('',(-65.,260.,700.));
#14748 = SURFACE_CURVE('',#14749,(#14754,#14760),.PCURVE_S1.);
#14749 = CIRCLE('',#14750,10.);
#14750 = AXIS2_PLACEMENT_3D('',#14751,#14752,#14753);
#14751 = CARTESIAN_POINT('',(-65.,260.,710.));
#14752 = DIRECTION('',(0.,1.,-0.));
#14753 = DIRECTION('',(-1.,0.,0.));
#14754 = PCURVE('',#14588,#14755);
#14755 = DEFINITIONAL_REPRESENTATION('',(#14756),#14759);
#14756 = B_SPLINE_CURVE_WITH_KNOTS('',1,(#14757,#14758),.UNSPECIFIED.,
  .F.,.F.,(2,2),(4.712388980385,6.28318530718),
  .PIECEWISE_BEZIER_KNOTS.);
#14757 = CARTESIAN_POINT('',(-1.570796326795,10.));
#14758 = CARTESIAN_POINT('',(0.,10.));
#14759 = ( GEOMETRIC_REPRESENTATION_CONTEXT(2) 
PARAMETRIC_REPRESENTATION_CONTEXT() REPRESENTATION_CONTEXT('2D SPACE',''
  ) );
#14760 = PCURVE('',#14675,#14761);
#14761 = DEFINITIONAL_REPRESENTATION('',(#14762),#14765);
#14762 = B_SPLINE_CURVE_WITH_KNOTS('',1,(#14763,#14764),.UNSPECIFIED.,
  .F.,.F.,(2,2),(4.712388980385,6.28318530718),
  .PIECEWISE_BEZIER_KNOTS.);
#14763 = CARTESIAN_POINT('',(0.,-1.570796326795));
#14764 = CARTESIAN_POINT('',(0.,0.));
#14765 = ( GEOMETRIC_REPRESENTATION_CONTEXT(2) 
PARAMETRIC_REPRESENTATION_CONTEXT() REPRESENTATION_CONTEXT('2D SPACE',''
  ) );
#14766 = ORIENTED_EDGE('',*,*,#14767,.T.);
#14767 = EDGE_CURVE('',#14746,#14768,#14770,.T.);
#14768 = VERTEX_POINT('',#14769);
#14769 = CARTESIAN_POINT('',(-65.,320.,700.));
#14770 = SURFACE_CURVE('',#14771,(#14775,#14782),.PCURVE_S1.);
#14771 = LINE('',#14772,#14773);
#14772 = CARTESIAN_POINT('',(-65.,250.,700.));
#14773 = VECTOR('',#14774,1.);
#14774 = DIRECTION('',(0.,1.,0.));
#14775 = PCURVE('',#14588,#14776);
#14776 = DEFINITIONAL_REPRESENTATION('',(#14777),#14781);
#14777 = LINE('',#14778,#14779);
#14778 = CARTESIAN_POINT('',(-1.570796326795,0.));
#14779 = VECTOR('',#14780,1.);
#14780 = DIRECTION('',(-0.,1.));
#14781 = ( GEOMETRIC_REPRESENTATION_CONTEXT(2) 
PARAMETRIC_REPRESENTATION_CONTEXT() REPRESENTATION_CONTEXT('2D SPACE',''
  ) );
#14782 = PCURVE('',#14783,#14788);
#14783 = PLANE('',#14784);
#14784 = AXIS2_PLACEMENT_3D('',#14785,#14786,#14787);
#14785 = CARTESIAN_POINT('',(-75.,250.,700.));
#14786 = DIRECTION('',(0.,0.,1.));
#14787 = DIRECTION('',(1.,0.,0.));
#14788 = DEFINITIONAL_REPRESENTATION('',(#14789),#14793);
#14789 = LINE('',#14790,#14791);
#14790 = CARTESIAN_POINT('',(10.,0.));
#14791 = VECTOR('',#14792,1.);
#14792 = DIRECTION('',(0.,1.));
#14793 = ( GEOMETRIC_REPRESENTATION_CONTEXT(2) 
PARAMETRIC_REPRESENTATION_CONTEXT() REPRESENTATION_CONTEXT('2D SPACE',''
  ) );
#14794 = ORIENTED_EDGE('',*,*,#14795,.T.);
#14795 = EDGE_CURVE('',#14768,#14573,#14796,.T.);
#14796 = SURFACE_CURVE('',#14797,(#14802,#14808),.PCURVE_S1.);
#14797 = CIRCLE('',#14798,10.);
#14798 = AXIS2_PLACEMENT_3D('',#14799,#14800,#14801);
#14799 = CARTESIAN_POINT('',(-65.,320.,710.));
#14800 = DIRECTION('',(0.,1.,-0.));
#14801 = DIRECTION('',(-1.,0.,0.));
#14802 = PCURVE('',#14588,#14803);
#14803 = DEFINITIONAL_REPRESENTATION('',(#14804),#14807);
#14804 = B_SPLINE_CURVE_WITH_KNOTS('',1,(#14805,#14806),.UNSPECIFIED.,
  .F.,.F.,(2,2),(4.712388980385,6.28318530718),
  .PIECEWISE_BEZIER_KNOTS.);
#14805 = CARTESIAN_POINT('',(-1.570796326795,70.));
#14806 = CARTESIAN_POINT('',(0.,70.));
#14807 = ( GEOMETRIC_REPRESENTATION_CONTEXT(2) 
PARAMETRIC_REPRESENTATION_CONTEXT() REPRESENTATION_CONTEXT('2D SPACE',''
  ) );
#14808 = PCURVE('',#14809,#14814);
#14809 = SPHERICAL_SURFACE('',#14810,10.);
#14810 = AXIS2_PLACEMENT_3D('',#14811,#14812,#14813);
#14811 = CARTESIAN_POINT('',(-65.,320.,710.));
#14812 = DIRECTION('',(0.,0.,1.));
#14813 = DIRECTION('',(-1.,0.,0.));
#14814 = DEFINITIONAL_REPRESENTATION('',(#14815),#14818);
#14815 = B_SPLINE_CURVE_WITH_KNOTS('',1,(#14816,#14817),.UNSPECIFIED.,
  .F.,.F.,(2,2),(4.712388980385,6.28318530718),
  .PIECEWISE_BEZIER_KNOTS.);
#14816 = CARTESIAN_POINT('',(0.,-1.570796326795));
#14817 = CARTESIAN_POINT('',(0.,0.));
#14818 = ( GEOMETRIC_REPRESENTATION_CONTEXT(2) 
PARAMETRIC_REPRESENTATION_CONTEXT() REPRESENTATION_CONTEXT('2D SPACE',''
  ) );
#14819 = ORIENTED_EDGE('',*,*,#14572,.F.);
#14820 = ADVANCED_FACE('',(#14821),#14642,.T.);
#14821 = FACE_BOUND('',#14822,.T.);
#14822 = EDGE_LOOP('',(#14823,#14845,#14873,#14900));
#14823 = ORIENTED_EDGE('',*,*,#14824,.F.);
#14824 = EDGE_CURVE('',#14825,#14540,#14827,.T.);
#14825 = VERTEX_POINT('',#14826);
#14826 = CARTESIAN_POINT('',(-65.,260.,760.));
#14827 = SURFACE_CURVE('',#14828,(#14833,#14839),.PCURVE_S1.);
#14828 = CIRCLE('',#14829,10.);
#14829 = AXIS2_PLACEMENT_3D('',#14830,#14831,#14832);
#14830 = CARTESIAN_POINT('',(-65.,260.,750.));
#14831 = DIRECTION('',(0.,-1.,0.));
#14832 = DIRECTION('',(-1.,0.,0.));
#14833 = PCURVE('',#14642,#14834);
#14834 = DEFINITIONAL_REPRESENTATION('',(#14835),#14838);
#14835 = B_SPLINE_CURVE_WITH_KNOTS('',1,(#14836,#14837),.UNSPECIFIED.,
  .F.,.F.,(2,2),(4.712388980385,6.28318530718),
  .PIECEWISE_BEZIER_KNOTS.);
#14836 = CARTESIAN_POINT('',(1.570796326795,10.));
#14837 = CARTESIAN_POINT('',(0.,10.));
#14838 = ( GEOMETRIC_REPRESENTATION_CONTEXT(2) 
PARAMETRIC_REPRESENTATION_CONTEXT() REPRESENTATION_CONTEXT('2D SPACE',''
  ) );
#14839 = PCURVE('',#14730,#14840);
#14840 = DEFINITIONAL_REPRESENTATION('',(#14841),#14844);
#14841 = B_SPLINE_CURVE_WITH_KNOTS('',1,(#14842,#14843),.UNSPECIFIED.,
  .F.,.F.,(2,2),(4.712388980385,6.28318530718),
  .PIECEWISE_BEZIER_KNOTS.);
#14842 = CARTESIAN_POINT('',(0.,-1.570796326795));
#14843 = CARTESIAN_POINT('',(0.,0.));
#14844 = ( GEOMETRIC_REPRESENTATION_CONTEXT(2) 
PARAMETRIC_REPRESENTATION_CONTEXT() REPRESENTATION_CONTEXT('2D SPACE',''
  ) );
#14845 = ORIENTED_EDGE('',*,*,#14846,.T.);
#14846 = EDGE_CURVE('',#14825,#14847,#14849,.T.);
#14847 = VERTEX_POINT('',#14848);
#14848 = CARTESIAN_POINT('',(-65.,320.,760.));
#14849 = SURFACE_CURVE('',#14850,(#14854,#14861),.PCURVE_S1.);
#14850 = LINE('',#14851,#14852);
#14851 = CARTESIAN_POINT('',(-65.,250.,760.));
#14852 = VECTOR('',#14853,1.);
#14853 = DIRECTION('',(0.,1.,0.));
#14854 = PCURVE('',#14642,#14855);
#14855 = DEFINITIONAL_REPRESENTATION('',(#14856),#14860);
#14856 = LINE('',#14857,#14858);
#14857 = CARTESIAN_POINT('',(1.570796326795,0.));
#14858 = VECTOR('',#14859,1.);
#14859 = DIRECTION('',(0.,1.));
#14860 = ( GEOMETRIC_REPRESENTATION_CONTEXT(2) 
PARAMETRIC_REPRESENTATION_CONTEXT() REPRESENTATION_CONTEXT('2D SPACE',''
  ) );
#14861 = PCURVE('',#14862,#14867);
#14862 = PLANE('',#14863);
#14863 = AXIS2_PLACEMENT_3D('',#14864,#14865,#14866);
#14864 = CARTESIAN_POINT('',(-75.,250.,760.));
#14865 = DIRECTION('',(0.,0.,1.));
#14866 = DIRECTION('',(1.,0.,0.));
#14867 = DEFINITIONAL_REPRESENTATION('',(#14868),#14872);
#14868 = LINE('',#14869,#14870);
#14869 = CARTESIAN_POINT('',(10.,0.));
#14870 = VECTOR('',#14871,1.);
#14871 = DIRECTION('',(0.,1.));
#14872 = ( GEOMETRIC_REPRESENTATION_CONTEXT(2) 
PARAMETRIC_REPRESENTATION_CONTEXT() REPRESENTATION_CONTEXT('2D SPACE',''
  ) );
#14873 = ORIENTED_EDGE('',*,*,#14874,.F.);
#14874 = EDGE_CURVE('',#14601,#14847,#14875,.T.);
#14875 = SURFACE_CURVE('',#14876,(#14881,#14888),.PCURVE_S1.);
#14876 = CIRCLE('',#14877,10.);
#14877 = AXIS2_PLACEMENT_3D('',#14878,#14879,#14880);
#14878 = CARTESIAN_POINT('',(-65.,320.,750.));
#14879 = DIRECTION('',(0.,1.,0.));
#14880 = DIRECTION('',(-1.,0.,0.));
#14881 = PCURVE('',#14642,#14882);
#14882 = DEFINITIONAL_REPRESENTATION('',(#14883),#14887);
#14883 = LINE('',#14884,#14885);
#14884 = CARTESIAN_POINT('',(0.,70.));
#14885 = VECTOR('',#14886,1.);
#14886 = DIRECTION('',(1.,0.));
#14887 = ( GEOMETRIC_REPRESENTATION_CONTEXT(2) 
PARAMETRIC_REPRESENTATION_CONTEXT() REPRESENTATION_CONTEXT('2D SPACE',''
  ) );
#14888 = PCURVE('',#14889,#14894);
#14889 = SPHERICAL_SURFACE('',#14890,10.);
#14890 = AXIS2_PLACEMENT_3D('',#14891,#14892,#14893);
#14891 = CARTESIAN_POINT('',(-65.,320.,750.));
#14892 = DIRECTION('',(-0.,-1.,-0.));
#14893 = DIRECTION('',(-1.,0.,0.));
#14894 = DEFINITIONAL_REPRESENTATION('',(#14895),#14899);
#14895 = LINE('',#14896,#14897);
#14896 = CARTESIAN_POINT('',(-0.,0.));
#14897 = VECTOR('',#14898,1.);
#14898 = DIRECTION('',(-1.,0.));
#14899 = ( GEOMETRIC_REPRESENTATION_CONTEXT(2) 
PARAMETRIC_REPRESENTATION_CONTEXT() REPRESENTATION_CONTEXT('2D SPACE',''
  ) );
#14900 = ORIENTED_EDGE('',*,*,#14628,.F.);
#14901 = ADVANCED_FACE('',(#14902),#14616,.T.);
#14902 = FACE_BOUND('',#14903,.F.);
#14903 = EDGE_LOOP('',(#14904,#14905,#14929,#14957));
#14904 = ORIENTED_EDGE('',*,*,#14600,.F.);
#14905 = ORIENTED_EDGE('',*,*,#14906,.T.);
#14906 = EDGE_CURVE('',#14573,#14907,#14909,.T.);
#14907 = VERTEX_POINT('',#14908);
#14908 = CARTESIAN_POINT('',(-65.,330.,710.));
#14909 = SURFACE_CURVE('',#14910,(#14915,#14922),.PCURVE_S1.);
#14910 = CIRCLE('',#14911,10.);
#14911 = AXIS2_PLACEMENT_3D('',#14912,#14913,#14914);
#14912 = CARTESIAN_POINT('',(-65.,320.,710.));
#14913 = DIRECTION('',(-0.,0.,-1.));
#14914 = DIRECTION('',(-1.,0.,0.));
#14915 = PCURVE('',#14616,#14916);
#14916 = DEFINITIONAL_REPRESENTATION('',(#14917),#14921);
#14917 = LINE('',#14918,#14919);
#14918 = CARTESIAN_POINT('',(-0.,10.));
#14919 = VECTOR('',#14920,1.);
#14920 = DIRECTION('',(-1.,0.));
#14921 = ( GEOMETRIC_REPRESENTATION_CONTEXT(2) 
PARAMETRIC_REPRESENTATION_CONTEXT() REPRESENTATION_CONTEXT('2D SPACE',''
  ) );
#14922 = PCURVE('',#14809,#14923);
#14923 = DEFINITIONAL_REPRESENTATION('',(#14924),#14928);
#14924 = LINE('',#14925,#14926);
#14925 = CARTESIAN_POINT('',(-0.,0.));
#14926 = VECTOR('',#14927,1.);
#14927 = DIRECTION('',(-1.,0.));
#14928 = ( GEOMETRIC_REPRESENTATION_CONTEXT(2) 
PARAMETRIC_REPRESENTATION_CONTEXT() REPRESENTATION_CONTEXT('2D SPACE',''
  ) );
#14929 = ORIENTED_EDGE('',*,*,#14930,.T.);
#14930 = EDGE_CURVE('',#14907,#14931,#14933,.T.);
#14931 = VERTEX_POINT('',#14932);
#14932 = CARTESIAN_POINT('',(-65.,330.,750.));
#14933 = SURFACE_CURVE('',#14934,(#14938,#14945),.PCURVE_S1.);
#14934 = LINE('',#14935,#14936);
#14935 = CARTESIAN_POINT('',(-65.,330.,700.));
#14936 = VECTOR('',#14937,1.);
#14937 = DIRECTION('',(0.,0.,1.));
#14938 = PCURVE('',#14616,#14939);
#14939 = DEFINITIONAL_REPRESENTATION('',(#14940),#14944);
#14940 = LINE('',#14941,#14942);
#14941 = CARTESIAN_POINT('',(-1.570796326795,0.));
#14942 = VECTOR('',#14943,1.);
#14943 = DIRECTION('',(-0.,1.));
#14944 = ( GEOMETRIC_REPRESENTATION_CONTEXT(2) 
PARAMETRIC_REPRESENTATION_CONTEXT() REPRESENTATION_CONTEXT('2D SPACE',''
  ) );
#14945 = PCURVE('',#14946,#14951);
#14946 = PLANE('',#14947);
#14947 = AXIS2_PLACEMENT_3D('',#14948,#14949,#14950);
#14948 = CARTESIAN_POINT('',(-75.,330.,700.));
#14949 = DIRECTION('',(0.,1.,0.));
#14950 = DIRECTION('',(0.,0.,1.));
#14951 = DEFINITIONAL_REPRESENTATION('',(#14952),#14956);
#14952 = LINE('',#14953,#14954);
#14953 = CARTESIAN_POINT('',(0.,10.));
#14954 = VECTOR('',#14955,1.);
#14955 = DIRECTION('',(1.,0.));
#14956 = ( GEOMETRIC_REPRESENTATION_CONTEXT(2) 
PARAMETRIC_REPRESENTATION_CONTEXT() REPRESENTATION_CONTEXT('2D SPACE',''
  ) );
#14957 = ORIENTED_EDGE('',*,*,#14958,.T.);
#14958 = EDGE_CURVE('',#14931,#14601,#14959,.T.);
#14959 = SURFACE_CURVE('',#14960,(#14965,#14971),.PCURVE_S1.);
#14960 = CIRCLE('',#14961,10.);
#14961 = AXIS2_PLACEMENT_3D('',#14962,#14963,#14964);
#14962 = CARTESIAN_POINT('',(-65.,320.,750.));
#14963 = DIRECTION('',(0.,0.,1.));
#14964 = DIRECTION('',(-1.,0.,0.));
#14965 = PCURVE('',#14616,#14966);
#14966 = DEFINITIONAL_REPRESENTATION('',(#14967),#14970);
#14967 = B_SPLINE_CURVE_WITH_KNOTS('',1,(#14968,#14969),.UNSPECIFIED.,
  .F.,.F.,(2,2),(4.712388980385,6.28318530718),
  .PIECEWISE_BEZIER_KNOTS.);
#14968 = CARTESIAN_POINT('',(-1.570796326795,50.));
#14969 = CARTESIAN_POINT('',(0.,50.));
#14970 = ( GEOMETRIC_REPRESENTATION_CONTEXT(2) 
PARAMETRIC_REPRESENTATION_CONTEXT() REPRESENTATION_CONTEXT('2D SPACE',''
  ) );
#14971 = PCURVE('',#14889,#14972);
#14972 = DEFINITIONAL_REPRESENTATION('',(#14973),#14976);
#14973 = B_SPLINE_CURVE_WITH_KNOTS('',1,(#14974,#14975),.UNSPECIFIED.,
  .F.,.F.,(2,2),(4.712388980385,6.28318530718),
  .PIECEWISE_BEZIER_KNOTS.);
#14974 = CARTESIAN_POINT('',(0.,-1.570796326795));
#14975 = CARTESIAN_POINT('',(0.,0.));
#14976 = ( GEOMETRIC_REPRESENTATION_CONTEXT(2) 
PARAMETRIC_REPRESENTATION_CONTEXT() REPRESENTATION_CONTEXT('2D SPACE',''
  ) );
#14977 = ADVANCED_FACE('',(#14978),#14675,.T.);
#14978 = FACE_BOUND('',#14979,.T.);
#14979 = EDGE_LOOP('',(#14980,#14981,#15006));
#14980 = ORIENTED_EDGE('',*,*,#14745,.F.);
#14981 = ORIENTED_EDGE('',*,*,#14982,.T.);
#14982 = EDGE_CURVE('',#14746,#14659,#14983,.T.);
#14983 = SURFACE_CURVE('',#14984,(#14989,#14995),.PCURVE_S1.);
#14984 = CIRCLE('',#14985,10.);
#14985 = AXIS2_PLACEMENT_3D('',#14986,#14987,#14988);
#14986 = CARTESIAN_POINT('',(-65.,260.,710.));
#14987 = DIRECTION('',(-1.,6.123233995737E-17,0.));
#14988 = DIRECTION('',(-6.123233995737E-17,-1.,0.));
#14989 = PCURVE('',#14675,#14990);
#14990 = DEFINITIONAL_REPRESENTATION('',(#14991),#14994);
#14991 = B_SPLINE_CURVE_WITH_KNOTS('',1,(#14992,#14993),.UNSPECIFIED.,
  .F.,.F.,(2,2),(4.712388980385,6.28318530718),
  .PIECEWISE_BEZIER_KNOTS.);
#14992 = CARTESIAN_POINT('',(1.570796326795,-1.570796326795));
#14993 = CARTESIAN_POINT('',(1.570796326795,0.));
#14994 = ( GEOMETRIC_REPRESENTATION_CONTEXT(2) 
PARAMETRIC_REPRESENTATION_CONTEXT() REPRESENTATION_CONTEXT('2D SPACE',''
  ) );
#14995 = PCURVE('',#14996,#15001);
#14996 = CYLINDRICAL_SURFACE('',#14997,10.);
#14997 = AXIS2_PLACEMENT_3D('',#14998,#14999,#15000);
#14998 = CARTESIAN_POINT('',(-75.,260.,710.));
#14999 = DIRECTION('',(1.,0.,0.));
#15000 = DIRECTION('',(0.,-1.,0.));
#15001 = DEFINITIONAL_REPRESENTATION('',(#15002),#15005);
#15002 = B_SPLINE_CURVE_WITH_KNOTS('',1,(#15003,#15004),.UNSPECIFIED.,
  .F.,.F.,(2,2),(4.712388980385,6.28318530718),
  .PIECEWISE_BEZIER_KNOTS.);
#15003 = CARTESIAN_POINT('',(1.570796326795,10.));
#15004 = CARTESIAN_POINT('',(0.,10.));
#15005 = ( GEOMETRIC_REPRESENTATION_CONTEXT(2) 
PARAMETRIC_REPRESENTATION_CONTEXT() REPRESENTATION_CONTEXT('2D SPACE',''
  ) );
#15006 = ORIENTED_EDGE('',*,*,#14658,.F.);
#15007 = ADVANCED_FACE('',(#15008),#14730,.T.);
#15008 = FACE_BOUND('',#15009,.F.);
#15009 = EDGE_LOOP('',(#15010,#15011,#15036));
#15010 = ORIENTED_EDGE('',*,*,#14824,.F.);
#15011 = ORIENTED_EDGE('',*,*,#15012,.T.);
#15012 = EDGE_CURVE('',#14825,#14688,#15013,.T.);
#15013 = SURFACE_CURVE('',#15014,(#15019,#15025),.PCURVE_S1.);
#15014 = CIRCLE('',#15015,10.);
#15015 = AXIS2_PLACEMENT_3D('',#15016,#15017,#15018);
#15016 = CARTESIAN_POINT('',(-65.,260.,750.));
#15017 = DIRECTION('',(1.,-6.123233995737E-17,0.));
#15018 = DIRECTION('',(-6.123233995737E-17,-1.,0.));
#15019 = PCURVE('',#14730,#15020);
#15020 = DEFINITIONAL_REPRESENTATION('',(#15021),#15024);
#15021 = B_SPLINE_CURVE_WITH_KNOTS('',1,(#15022,#15023),.UNSPECIFIED.,
  .F.,.F.,(2,2),(4.712388980385,6.28318530718),
  .PIECEWISE_BEZIER_KNOTS.);
#15022 = CARTESIAN_POINT('',(-1.570796326795,-1.570796326795));
#15023 = CARTESIAN_POINT('',(-1.570796326795,0.));
#15024 = ( GEOMETRIC_REPRESENTATION_CONTEXT(2) 
PARAMETRIC_REPRESENTATION_CONTEXT() REPRESENTATION_CONTEXT('2D SPACE',''
  ) );
#15025 = PCURVE('',#15026,#15031);
#15026 = CYLINDRICAL_SURFACE('',#15027,10.);
#15027 = AXIS2_PLACEMENT_3D('',#15028,#15029,#15030);
#15028 = CARTESIAN_POINT('',(-75.,260.,750.));
#15029 = DIRECTION('',(1.,0.,0.));
#15030 = DIRECTION('',(0.,-1.,0.));
#15031 = DEFINITIONAL_REPRESENTATION('',(#15032),#15035);
#15032 = B_SPLINE_CURVE_WITH_KNOTS('',1,(#15033,#15034),.UNSPECIFIED.,
  .F.,.F.,(2,2),(4.712388980385,6.28318530718),
  .PIECEWISE_BEZIER_KNOTS.);
#15033 = CARTESIAN_POINT('',(-1.570796326795,10.));
#15034 = CARTESIAN_POINT('',(0.,10.));
#15035 = ( GEOMETRIC_REPRESENTATION_CONTEXT(2) 
PARAMETRIC_REPRESENTATION_CONTEXT() REPRESENTATION_CONTEXT('2D SPACE',''
  ) );
#15036 = ORIENTED_EDGE('',*,*,#14715,.F.);
#15037 = ADVANCED_FACE('',(#15038),#14703,.F.);
#15038 = FACE_BOUND('',#15039,.F.);
#15039 = EDGE_LOOP('',(#15040,#15041,#15064,#15092));
#15040 = ORIENTED_EDGE('',*,*,#14687,.T.);
#15041 = ORIENTED_EDGE('',*,*,#15042,.T.);
#15042 = EDGE_CURVE('',#14688,#15043,#15045,.T.);
#15043 = VERTEX_POINT('',#15044);
#15044 = CARTESIAN_POINT('',(265.,250.,750.));
#15045 = SURFACE_CURVE('',#15046,(#15050,#15057),.PCURVE_S1.);
#15046 = LINE('',#15047,#15048);
#15047 = CARTESIAN_POINT('',(-75.,250.,750.));
#15048 = VECTOR('',#15049,1.);
#15049 = DIRECTION('',(1.,0.,0.));
#15050 = PCURVE('',#14703,#15051);
#15051 = DEFINITIONAL_REPRESENTATION('',(#15052),#15056);
#15052 = LINE('',#15053,#15054);
#15053 = CARTESIAN_POINT('',(50.,0.));
#15054 = VECTOR('',#15055,1.);
#15055 = DIRECTION('',(0.,1.));
#15056 = ( GEOMETRIC_REPRESENTATION_CONTEXT(2) 
PARAMETRIC_REPRESENTATION_CONTEXT() REPRESENTATION_CONTEXT('2D SPACE',''
  ) );
#15057 = PCURVE('',#15026,#15058);
#15058 = DEFINITIONAL_REPRESENTATION('',(#15059),#15063);
#15059 = LINE('',#15060,#15061);
#15060 = CARTESIAN_POINT('',(-0.,0.));
#15061 = VECTOR('',#15062,1.);
#15062 = DIRECTION('',(-0.,1.));
#15063 = ( GEOMETRIC_REPRESENTATION_CONTEXT(2) 
PARAMETRIC_REPRESENTATION_CONTEXT() REPRESENTATION_CONTEXT('2D SPACE',''
  ) );
#15064 = ORIENTED_EDGE('',*,*,#15065,.F.);
#15065 = EDGE_CURVE('',#15066,#15043,#15068,.T.);
#15066 = VERTEX_POINT('',#15067);
#15067 = CARTESIAN_POINT('',(265.,250.,710.));
#15068 = SURFACE_CURVE('',#15069,(#15073,#15080),.PCURVE_S1.);
#15069 = LINE('',#15070,#15071);
#15070 = CARTESIAN_POINT('',(265.,250.,700.));
#15071 = VECTOR('',#15072,1.);
#15072 = DIRECTION('',(0.,0.,1.));
#15073 = PCURVE('',#14703,#15074);
#15074 = DEFINITIONAL_REPRESENTATION('',(#15075),#15079);
#15075 = LINE('',#15076,#15077);
#15076 = CARTESIAN_POINT('',(0.,340.));
#15077 = VECTOR('',#15078,1.);
#15078 = DIRECTION('',(1.,0.));
#15079 = ( GEOMETRIC_REPRESENTATION_CONTEXT(2) 
PARAMETRIC_REPRESENTATION_CONTEXT() REPRESENTATION_CONTEXT('2D SPACE',''
  ) );
#15080 = PCURVE('',#15081,#15086);
#15081 = CYLINDRICAL_SURFACE('',#15082,10.);
#15082 = AXIS2_PLACEMENT_3D('',#15083,#15084,#15085);
#15083 = CARTESIAN_POINT('',(265.,260.,700.));
#15084 = DIRECTION('',(0.,0.,1.));
#15085 = DIRECTION('',(1.,0.,-0.));
#15086 = DEFINITIONAL_REPRESENTATION('',(#15087),#15091);
#15087 = LINE('',#15088,#15089);
#15088 = CARTESIAN_POINT('',(-1.570796326795,0.));
#15089 = VECTOR('',#15090,1.);
#15090 = DIRECTION('',(-0.,1.));
#15091 = ( GEOMETRIC_REPRESENTATION_CONTEXT(2) 
PARAMETRIC_REPRESENTATION_CONTEXT() REPRESENTATION_CONTEXT('2D SPACE',''
  ) );
#15092 = ORIENTED_EDGE('',*,*,#15093,.F.);
#15093 = EDGE_CURVE('',#14659,#15066,#15094,.T.);
#15094 = SURFACE_CURVE('',#15095,(#15099,#15106),.PCURVE_S1.);
#15095 = LINE('',#15096,#15097);
#15096 = CARTESIAN_POINT('',(-75.,250.,710.));
#15097 = VECTOR('',#15098,1.);
#15098 = DIRECTION('',(1.,0.,0.));
#15099 = PCURVE('',#14703,#15100);
#15100 = DEFINITIONAL_REPRESENTATION('',(#15101),#15105);
#15101 = LINE('',#15102,#15103);
#15102 = CARTESIAN_POINT('',(10.,0.));
#15103 = VECTOR('',#15104,1.);
#15104 = DIRECTION('',(0.,1.));
#15105 = ( GEOMETRIC_REPRESENTATION_CONTEXT(2) 
PARAMETRIC_REPRESENTATION_CONTEXT() REPRESENTATION_CONTEXT('2D SPACE',''
  ) );
#15106 = PCURVE('',#14996,#15107);
#15107 = DEFINITIONAL_REPRESENTATION('',(#15108),#15112);
#15108 = LINE('',#15109,#15110);
#15109 = CARTESIAN_POINT('',(0.,0.));
#15110 = VECTOR('',#15111,1.);
#15111 = DIRECTION('',(0.,1.));
#15112 = ( GEOMETRIC_REPRESENTATION_CONTEXT(2) 
PARAMETRIC_REPRESENTATION_CONTEXT() REPRESENTATION_CONTEXT('2D SPACE',''
  ) );
#15113 = ADVANCED_FACE('',(#15114),#14783,.F.);
#15114 = FACE_BOUND('',#15115,.F.);
#15115 = EDGE_LOOP('',(#15116,#15117,#15140,#15168));
#15116 = ORIENTED_EDGE('',*,*,#14767,.F.);
#15117 = ORIENTED_EDGE('',*,*,#15118,.T.);
#15118 = EDGE_CURVE('',#14746,#15119,#15121,.T.);
#15119 = VERTEX_POINT('',#15120);
#15120 = CARTESIAN_POINT('',(265.,260.,700.));
#15121 = SURFACE_CURVE('',#15122,(#15126,#15133),.PCURVE_S1.);
#15122 = LINE('',#15123,#15124);
#15123 = CARTESIAN_POINT('',(-75.,260.,700.));
#15124 = VECTOR('',#15125,1.);
#15125 = DIRECTION('',(1.,0.,0.));
#15126 = PCURVE('',#14783,#15127);
#15127 = DEFINITIONAL_REPRESENTATION('',(#15128),#15132);
#15128 = LINE('',#15129,#15130);
#15129 = CARTESIAN_POINT('',(0.,10.));
#15130 = VECTOR('',#15131,1.);
#15131 = DIRECTION('',(1.,0.));
#15132 = ( GEOMETRIC_REPRESENTATION_CONTEXT(2) 
PARAMETRIC_REPRESENTATION_CONTEXT() REPRESENTATION_CONTEXT('2D SPACE',''
  ) );
#15133 = PCURVE('',#14996,#15134);
#15134 = DEFINITIONAL_REPRESENTATION('',(#15135),#15139);
#15135 = LINE('',#15136,#15137);
#15136 = CARTESIAN_POINT('',(1.570796326795,0.));
#15137 = VECTOR('',#15138,1.);
#15138 = DIRECTION('',(0.,1.));
#15139 = ( GEOMETRIC_REPRESENTATION_CONTEXT(2) 
PARAMETRIC_REPRESENTATION_CONTEXT() REPRESENTATION_CONTEXT('2D SPACE',''
  ) );
#15140 = ORIENTED_EDGE('',*,*,#15141,.T.);
#15141 = EDGE_CURVE('',#15119,#15142,#15144,.T.);
#15142 = VERTEX_POINT('',#15143);
#15143 = CARTESIAN_POINT('',(265.,320.,700.));
#15144 = SURFACE_CURVE('',#15145,(#15149,#15156),.PCURVE_S1.);
#15145 = LINE('',#15146,#15147);
#15146 = CARTESIAN_POINT('',(265.,250.,700.));
#15147 = VECTOR('',#15148,1.);
#15148 = DIRECTION('',(0.,1.,0.));
#15149 = PCURVE('',#14783,#15150);
#15150 = DEFINITIONAL_REPRESENTATION('',(#15151),#15155);
#15151 = LINE('',#15152,#15153);
#15152 = CARTESIAN_POINT('',(340.,0.));
#15153 = VECTOR('',#15154,1.);
#15154 = DIRECTION('',(0.,1.));
#15155 = ( GEOMETRIC_REPRESENTATION_CONTEXT(2) 
PARAMETRIC_REPRESENTATION_CONTEXT() REPRESENTATION_CONTEXT('2D SPACE',''
  ) );
#15156 = PCURVE('',#15157,#15162);
#15157 = CYLINDRICAL_SURFACE('',#15158,10.);
#15158 = AXIS2_PLACEMENT_3D('',#15159,#15160,#15161);
#15159 = CARTESIAN_POINT('',(265.,250.,710.));
#15160 = DIRECTION('',(0.,1.,0.));
#15161 = DIRECTION('',(1.,0.,-0.));
#15162 = DEFINITIONAL_REPRESENTATION('',(#15163),#15167);
#15163 = LINE('',#15164,#15165);
#15164 = CARTESIAN_POINT('',(1.570796326795,0.));
#15165 = VECTOR('',#15166,1.);
#15166 = DIRECTION('',(0.,1.));
#15167 = ( GEOMETRIC_REPRESENTATION_CONTEXT(2) 
PARAMETRIC_REPRESENTATION_CONTEXT() REPRESENTATION_CONTEXT('2D SPACE',''
  ) );
#15168 = ORIENTED_EDGE('',*,*,#15169,.F.);
#15169 = EDGE_CURVE('',#14768,#15142,#15170,.T.);
#15170 = SURFACE_CURVE('',#15171,(#15175,#15182),.PCURVE_S1.);
#15171 = LINE('',#15172,#15173);
#15172 = CARTESIAN_POINT('',(-75.,320.,700.));
#15173 = VECTOR('',#15174,1.);
#15174 = DIRECTION('',(1.,0.,0.));
#15175 = PCURVE('',#14783,#15176);
#15176 = DEFINITIONAL_REPRESENTATION('',(#15177),#15181);
#15177 = LINE('',#15178,#15179);
#15178 = CARTESIAN_POINT('',(0.,70.));
#15179 = VECTOR('',#15180,1.);
#15180 = DIRECTION('',(1.,0.));
#15181 = ( GEOMETRIC_REPRESENTATION_CONTEXT(2) 
PARAMETRIC_REPRESENTATION_CONTEXT() REPRESENTATION_CONTEXT('2D SPACE',''
  ) );
#15182 = PCURVE('',#15183,#15188);
#15183 = CYLINDRICAL_SURFACE('',#15184,10.);
#15184 = AXIS2_PLACEMENT_3D('',#15185,#15186,#15187);
#15185 = CARTESIAN_POINT('',(-75.,320.,710.));
#15186 = DIRECTION('',(1.,0.,0.));
#15187 = DIRECTION('',(-0.,1.,0.));
#15188 = DEFINITIONAL_REPRESENTATION('',(#15189),#15193);
#15189 = LINE('',#15190,#15191);
#15190 = CARTESIAN_POINT('',(-1.570796326795,0.));
#15191 = VECTOR('',#15192,1.);
#15192 = DIRECTION('',(-0.,1.));
#15193 = ( GEOMETRIC_REPRESENTATION_CONTEXT(2) 
PARAMETRIC_REPRESENTATION_CONTEXT() REPRESENTATION_CONTEXT('2D SPACE',''
  ) );
#15194 = ADVANCED_FACE('',(#15195),#14809,.T.);
#15195 = FACE_BOUND('',#15196,.F.);
#15196 = EDGE_LOOP('',(#15197,#15198,#15218));
#15197 = ORIENTED_EDGE('',*,*,#14795,.F.);
#15198 = ORIENTED_EDGE('',*,*,#15199,.T.);
#15199 = EDGE_CURVE('',#14768,#14907,#15200,.T.);
#15200 = SURFACE_CURVE('',#15201,(#15206,#15212),.PCURVE_S1.);
#15201 = CIRCLE('',#15202,10.);
#15202 = AXIS2_PLACEMENT_3D('',#15203,#15204,#15205);
#15203 = CARTESIAN_POINT('',(-65.,320.,710.));
#15204 = DIRECTION('',(1.,6.123233995737E-17,-0.));
#15205 = DIRECTION('',(-6.123233995737E-17,1.,0.));
#15206 = PCURVE('',#14809,#15207);
#15207 = DEFINITIONAL_REPRESENTATION('',(#15208),#15211);
#15208 = B_SPLINE_CURVE_WITH_KNOTS('',1,(#15209,#15210),.UNSPECIFIED.,
  .F.,.F.,(2,2),(4.712388980385,6.28318530718),
  .PIECEWISE_BEZIER_KNOTS.);
#15209 = CARTESIAN_POINT('',(-1.570796326795,-1.570796326795));
#15210 = CARTESIAN_POINT('',(-1.570796326795,0.));
#15211 = ( GEOMETRIC_REPRESENTATION_CONTEXT(2) 
PARAMETRIC_REPRESENTATION_CONTEXT() REPRESENTATION_CONTEXT('2D SPACE',''
  ) );
#15212 = PCURVE('',#15183,#15213);
#15213 = DEFINITIONAL_REPRESENTATION('',(#15214),#15217);
#15214 = B_SPLINE_CURVE_WITH_KNOTS('',1,(#15215,#15216),.UNSPECIFIED.,
  .F.,.F.,(2,2),(4.712388980385,6.28318530718),
  .PIECEWISE_BEZIER_KNOTS.);
#15215 = CARTESIAN_POINT('',(-1.570796326795,10.));
#15216 = CARTESIAN_POINT('',(0.,10.));
#15217 = ( GEOMETRIC_REPRESENTATION_CONTEXT(2) 
PARAMETRIC_REPRESENTATION_CONTEXT() REPRESENTATION_CONTEXT('2D SPACE',''
  ) );
#15218 = ORIENTED_EDGE('',*,*,#14906,.F.);
#15219 = ADVANCED_FACE('',(#15220),#14862,.T.);
#15220 = FACE_BOUND('',#15221,.T.);
#15221 = EDGE_LOOP('',(#15222,#15223,#15246,#15274));
#15222 = ORIENTED_EDGE('',*,*,#14846,.F.);
#15223 = ORIENTED_EDGE('',*,*,#15224,.T.);
#15224 = EDGE_CURVE('',#14825,#15225,#15227,.T.);
#15225 = VERTEX_POINT('',#15226);
#15226 = CARTESIAN_POINT('',(265.,260.,760.));
#15227 = SURFACE_CURVE('',#15228,(#15232,#15239),.PCURVE_S1.);
#15228 = LINE('',#15229,#15230);
#15229 = CARTESIAN_POINT('',(-75.,260.,760.));
#15230 = VECTOR('',#15231,1.);
#15231 = DIRECTION('',(1.,0.,0.));
#15232 = PCURVE('',#14862,#15233);
#15233 = DEFINITIONAL_REPRESENTATION('',(#15234),#15238);
#15234 = LINE('',#15235,#15236);
#15235 = CARTESIAN_POINT('',(0.,10.));
#15236 = VECTOR('',#15237,1.);
#15237 = DIRECTION('',(1.,0.));
#15238 = ( GEOMETRIC_REPRESENTATION_CONTEXT(2) 
PARAMETRIC_REPRESENTATION_CONTEXT() REPRESENTATION_CONTEXT('2D SPACE',''
  ) );
#15239 = PCURVE('',#15026,#15240);
#15240 = DEFINITIONAL_REPRESENTATION('',(#15241),#15245);
#15241 = LINE('',#15242,#15243);
#15242 = CARTESIAN_POINT('',(-1.570796326795,0.));
#15243 = VECTOR('',#15244,1.);
#15244 = DIRECTION('',(-0.,1.));
#15245 = ( GEOMETRIC_REPRESENTATION_CONTEXT(2) 
PARAMETRIC_REPRESENTATION_CONTEXT() REPRESENTATION_CONTEXT('2D SPACE',''
  ) );
#15246 = ORIENTED_EDGE('',*,*,#15247,.T.);
#15247 = EDGE_CURVE('',#15225,#15248,#15250,.T.);
#15248 = VERTEX_POINT('',#15249);
#15249 = CARTESIAN_POINT('',(265.,320.,760.));
#15250 = SURFACE_CURVE('',#15251,(#15255,#15262),.PCURVE_S1.);
#15251 = LINE('',#15252,#15253);
#15252 = CARTESIAN_POINT('',(265.,250.,760.));
#15253 = VECTOR('',#15254,1.);
#15254 = DIRECTION('',(0.,1.,0.));
#15255 = PCURVE('',#14862,#15256);
#15256 = DEFINITIONAL_REPRESENTATION('',(#15257),#15261);
#15257 = LINE('',#15258,#15259);
#15258 = CARTESIAN_POINT('',(340.,0.));
#15259 = VECTOR('',#15260,1.);
#15260 = DIRECTION('',(0.,1.));
#15261 = ( GEOMETRIC_REPRESENTATION_CONTEXT(2) 
PARAMETRIC_REPRESENTATION_CONTEXT() REPRESENTATION_CONTEXT('2D SPACE',''
  ) );
#15262 = PCURVE('',#15263,#15268);
#15263 = CYLINDRICAL_SURFACE('',#15264,10.);
#15264 = AXIS2_PLACEMENT_3D('',#15265,#15266,#15267);
#15265 = CARTESIAN_POINT('',(265.,250.,750.));
#15266 = DIRECTION('',(0.,1.,0.));
#15267 = DIRECTION('',(1.,0.,-0.));
#15268 = DEFINITIONAL_REPRESENTATION('',(#15269),#15273);
#15269 = LINE('',#15270,#15271);
#15270 = CARTESIAN_POINT('',(-1.570796326795,0.));
#15271 = VECTOR('',#15272,1.);
#15272 = DIRECTION('',(-0.,1.));
#15273 = ( GEOMETRIC_REPRESENTATION_CONTEXT(2) 
PARAMETRIC_REPRESENTATION_CONTEXT() REPRESENTATION_CONTEXT('2D SPACE',''
  ) );
#15274 = ORIENTED_EDGE('',*,*,#15275,.F.);
#15275 = EDGE_CURVE('',#14847,#15248,#15276,.T.);
#15276 = SURFACE_CURVE('',#15277,(#15281,#15288),.PCURVE_S1.);
#15277 = LINE('',#15278,#15279);
#15278 = CARTESIAN_POINT('',(-75.,320.,760.));
#15279 = VECTOR('',#15280,1.);
#15280 = DIRECTION('',(1.,0.,0.));
#15281 = PCURVE('',#14862,#15282);
#15282 = DEFINITIONAL_REPRESENTATION('',(#15283),#15287);
#15283 = LINE('',#15284,#15285);
#15284 = CARTESIAN_POINT('',(0.,70.));
#15285 = VECTOR('',#15286,1.);
#15286 = DIRECTION('',(1.,0.));
#15287 = ( GEOMETRIC_REPRESENTATION_CONTEXT(2) 
PARAMETRIC_REPRESENTATION_CONTEXT() REPRESENTATION_CONTEXT('2D SPACE',''
  ) );
#15288 = PCURVE('',#15289,#15294);
#15289 = CYLINDRICAL_SURFACE('',#15290,10.);
#15290 = AXIS2_PLACEMENT_3D('',#15291,#15292,#15293);
#15291 = CARTESIAN_POINT('',(-75.,320.,750.));
#15292 = DIRECTION('',(1.,0.,0.));
#15293 = DIRECTION('',(-0.,1.,0.));
#15294 = DEFINITIONAL_REPRESENTATION('',(#15295),#15299);
#15295 = LINE('',#15296,#15297);
#15296 = CARTESIAN_POINT('',(1.570796326795,0.));
#15297 = VECTOR('',#15298,1.);
#15298 = DIRECTION('',(0.,1.));
#15299 = ( GEOMETRIC_REPRESENTATION_CONTEXT(2) 
PARAMETRIC_REPRESENTATION_CONTEXT() REPRESENTATION_CONTEXT('2D SPACE',''
  ) );
#15300 = ADVANCED_FACE('',(#15301),#14889,.T.);
#15301 = FACE_BOUND('',#15302,.F.);
#15302 = EDGE_LOOP('',(#15303,#15304,#15324));
#15303 = ORIENTED_EDGE('',*,*,#14958,.F.);
#15304 = ORIENTED_EDGE('',*,*,#15305,.T.);
#15305 = EDGE_CURVE('',#14931,#14847,#15306,.T.);
#15306 = SURFACE_CURVE('',#15307,(#15312,#15318),.PCURVE_S1.);
#15307 = CIRCLE('',#15308,10.);
#15308 = AXIS2_PLACEMENT_3D('',#15309,#15310,#15311);
#15309 = CARTESIAN_POINT('',(-65.,320.,750.));
#15310 = DIRECTION('',(1.,0.,6.123233995737E-17));
#15311 = DIRECTION('',(-6.123233995737E-17,0.,1.));
#15312 = PCURVE('',#14889,#15313);
#15313 = DEFINITIONAL_REPRESENTATION('',(#15314),#15317);
#15314 = B_SPLINE_CURVE_WITH_KNOTS('',1,(#15315,#15316),.UNSPECIFIED.,
  .F.,.F.,(2,2),(4.712388980385,6.28318530718),
  .PIECEWISE_BEZIER_KNOTS.);
#15315 = CARTESIAN_POINT('',(-1.570796326795,-1.570796326795));
#15316 = CARTESIAN_POINT('',(-1.570796326795,0.));
#15317 = ( GEOMETRIC_REPRESENTATION_CONTEXT(2) 
PARAMETRIC_REPRESENTATION_CONTEXT() REPRESENTATION_CONTEXT('2D SPACE',''
  ) );
#15318 = PCURVE('',#15289,#15319);
#15319 = DEFINITIONAL_REPRESENTATION('',(#15320),#15323);
#15320 = B_SPLINE_CURVE_WITH_KNOTS('',1,(#15321,#15322),.UNSPECIFIED.,
  .F.,.F.,(2,2),(4.712388980385,6.28318530718),
  .PIECEWISE_BEZIER_KNOTS.);
#15321 = CARTESIAN_POINT('',(0.,10.));
#15322 = CARTESIAN_POINT('',(1.570796326795,10.));
#15323 = ( GEOMETRIC_REPRESENTATION_CONTEXT(2) 
PARAMETRIC_REPRESENTATION_CONTEXT() REPRESENTATION_CONTEXT('2D SPACE',''
  ) );
#15324 = ORIENTED_EDGE('',*,*,#14874,.F.);
#15325 = ADVANCED_FACE('',(#15326),#14946,.T.);
#15326 = FACE_BOUND('',#15327,.T.);
#15327 = EDGE_LOOP('',(#15328,#15329,#15352,#15380));
#15328 = ORIENTED_EDGE('',*,*,#14930,.T.);
#15329 = ORIENTED_EDGE('',*,*,#15330,.T.);
#15330 = EDGE_CURVE('',#14931,#15331,#15333,.T.);
#15331 = VERTEX_POINT('',#15332);
#15332 = CARTESIAN_POINT('',(265.,330.,750.));
#15333 = SURFACE_CURVE('',#15334,(#15338,#15345),.PCURVE_S1.);
#15334 = LINE('',#15335,#15336);
#15335 = CARTESIAN_POINT('',(-75.,330.,750.));
#15336 = VECTOR('',#15337,1.);
#15337 = DIRECTION('',(1.,0.,0.));
#15338 = PCURVE('',#14946,#15339);
#15339 = DEFINITIONAL_REPRESENTATION('',(#15340),#15344);
#15340 = LINE('',#15341,#15342);
#15341 = CARTESIAN_POINT('',(50.,0.));
#15342 = VECTOR('',#15343,1.);
#15343 = DIRECTION('',(0.,1.));
#15344 = ( GEOMETRIC_REPRESENTATION_CONTEXT(2) 
PARAMETRIC_REPRESENTATION_CONTEXT() REPRESENTATION_CONTEXT('2D SPACE',''
  ) );
#15345 = PCURVE('',#15289,#15346);
#15346 = DEFINITIONAL_REPRESENTATION('',(#15347),#15351);
#15347 = LINE('',#15348,#15349);
#15348 = CARTESIAN_POINT('',(0.,0.));
#15349 = VECTOR('',#15350,1.);
#15350 = DIRECTION('',(0.,1.));
#15351 = ( GEOMETRIC_REPRESENTATION_CONTEXT(2) 
PARAMETRIC_REPRESENTATION_CONTEXT() REPRESENTATION_CONTEXT('2D SPACE',''
  ) );
#15352 = ORIENTED_EDGE('',*,*,#15353,.F.);
#15353 = EDGE_CURVE('',#15354,#15331,#15356,.T.);
#15354 = VERTEX_POINT('',#15355);
#15355 = CARTESIAN_POINT('',(265.,330.,710.));
#15356 = SURFACE_CURVE('',#15357,(#15361,#15368),.PCURVE_S1.);
#15357 = LINE('',#15358,#15359);
#15358 = CARTESIAN_POINT('',(265.,330.,700.));
#15359 = VECTOR('',#15360,1.);
#15360 = DIRECTION('',(0.,0.,1.));
#15361 = PCURVE('',#14946,#15362);
#15362 = DEFINITIONAL_REPRESENTATION('',(#15363),#15367);
#15363 = LINE('',#15364,#15365);
#15364 = CARTESIAN_POINT('',(0.,340.));
#15365 = VECTOR('',#15366,1.);
#15366 = DIRECTION('',(1.,0.));
#15367 = ( GEOMETRIC_REPRESENTATION_CONTEXT(2) 
PARAMETRIC_REPRESENTATION_CONTEXT() REPRESENTATION_CONTEXT('2D SPACE',''
  ) );
#15368 = PCURVE('',#15369,#15374);
#15369 = CYLINDRICAL_SURFACE('',#15370,10.);
#15370 = AXIS2_PLACEMENT_3D('',#15371,#15372,#15373);
#15371 = CARTESIAN_POINT('',(265.,320.,700.));
#15372 = DIRECTION('',(0.,0.,1.));
#15373 = DIRECTION('',(1.,0.,-0.));
#15374 = DEFINITIONAL_REPRESENTATION('',(#15375),#15379);
#15375 = LINE('',#15376,#15377);
#15376 = CARTESIAN_POINT('',(1.570796326795,0.));
#15377 = VECTOR('',#15378,1.);
#15378 = DIRECTION('',(0.,1.));
#15379 = ( GEOMETRIC_REPRESENTATION_CONTEXT(2) 
PARAMETRIC_REPRESENTATION_CONTEXT() REPRESENTATION_CONTEXT('2D SPACE',''
  ) );
#15380 = ORIENTED_EDGE('',*,*,#15381,.F.);
#15381 = EDGE_CURVE('',#14907,#15354,#15382,.T.);
#15382 = SURFACE_CURVE('',#15383,(#15387,#15394),.PCURVE_S1.);
#15383 = LINE('',#15384,#15385);
#15384 = CARTESIAN_POINT('',(-75.,330.,710.));
#15385 = VECTOR('',#15386,1.);
#15386 = DIRECTION('',(1.,0.,0.));
#15387 = PCURVE('',#14946,#15388);
#15388 = DEFINITIONAL_REPRESENTATION('',(#15389),#15393);
#15389 = LINE('',#15390,#15391);
#15390 = CARTESIAN_POINT('',(10.,0.));
#15391 = VECTOR('',#15392,1.);
#15392 = DIRECTION('',(0.,1.));
#15393 = ( GEOMETRIC_REPRESENTATION_CONTEXT(2) 
PARAMETRIC_REPRESENTATION_CONTEXT() REPRESENTATION_CONTEXT('2D SPACE',''
  ) );
#15394 = PCURVE('',#15183,#15395);
#15395 = DEFINITIONAL_REPRESENTATION('',(#15396),#15400);
#15396 = LINE('',#15397,#15398);
#15397 = CARTESIAN_POINT('',(-0.,0.));
#15398 = VECTOR('',#15399,1.);
#15399 = DIRECTION('',(-0.,1.));
#15400 = ( GEOMETRIC_REPRESENTATION_CONTEXT(2) 
PARAMETRIC_REPRESENTATION_CONTEXT() REPRESENTATION_CONTEXT('2D SPACE',''
  ) );
#15401 = ADVANCED_FACE('',(#15402),#14996,.T.);
#15402 = FACE_BOUND('',#15403,.T.);
#15403 = EDGE_LOOP('',(#15404,#15405,#15406,#15431));
#15404 = ORIENTED_EDGE('',*,*,#14982,.F.);
#15405 = ORIENTED_EDGE('',*,*,#15118,.T.);
#15406 = ORIENTED_EDGE('',*,*,#15407,.T.);
#15407 = EDGE_CURVE('',#15119,#15066,#15408,.T.);
#15408 = SURFACE_CURVE('',#15409,(#15414,#15420),.PCURVE_S1.);
#15409 = CIRCLE('',#15410,10.);
#15410 = AXIS2_PLACEMENT_3D('',#15411,#15412,#15413);
#15411 = CARTESIAN_POINT('',(265.,260.,710.));
#15412 = DIRECTION('',(-1.,-6.123233995737E-17,0.));
#15413 = DIRECTION('',(6.123233995737E-17,-1.,-0.));
#15414 = PCURVE('',#14996,#15415);
#15415 = DEFINITIONAL_REPRESENTATION('',(#15416),#15419);
#15416 = B_SPLINE_CURVE_WITH_KNOTS('',1,(#15417,#15418),.UNSPECIFIED.,
  .F.,.F.,(2,2),(4.712388980385,6.28318530718),
  .PIECEWISE_BEZIER_KNOTS.);
#15417 = CARTESIAN_POINT('',(1.570796326795,340.));
#15418 = CARTESIAN_POINT('',(0.,340.));
#15419 = ( GEOMETRIC_REPRESENTATION_CONTEXT(2) 
PARAMETRIC_REPRESENTATION_CONTEXT() REPRESENTATION_CONTEXT('2D SPACE',''
  ) );
#15420 = PCURVE('',#15421,#15426);
#15421 = SPHERICAL_SURFACE('',#15422,10.);
#15422 = AXIS2_PLACEMENT_3D('',#15423,#15424,#15425);
#15423 = CARTESIAN_POINT('',(265.,260.,710.));
#15424 = DIRECTION('',(0.,0.,1.));
#15425 = DIRECTION('',(1.,0.,-0.));
#15426 = DEFINITIONAL_REPRESENTATION('',(#15427),#15430);
#15427 = B_SPLINE_CURVE_WITH_KNOTS('',1,(#15428,#15429),.UNSPECIFIED.,
  .F.,.F.,(2,2),(4.712388980385,6.28318530718),
  .PIECEWISE_BEZIER_KNOTS.);
#15428 = CARTESIAN_POINT('',(-1.570796326795,-1.570796326795));
#15429 = CARTESIAN_POINT('',(-1.570796326795,0.));
#15430 = ( GEOMETRIC_REPRESENTATION_CONTEXT(2) 
PARAMETRIC_REPRESENTATION_CONTEXT() REPRESENTATION_CONTEXT('2D SPACE',''
  ) );
#15431 = ORIENTED_EDGE('',*,*,#15093,.F.);
#15432 = ADVANCED_FACE('',(#15433),#15026,.T.);
#15433 = FACE_BOUND('',#15434,.F.);
#15434 = EDGE_LOOP('',(#15435,#15436,#15437,#15462));
#15435 = ORIENTED_EDGE('',*,*,#15012,.F.);
#15436 = ORIENTED_EDGE('',*,*,#15224,.T.);
#15437 = ORIENTED_EDGE('',*,*,#15438,.T.);
#15438 = EDGE_CURVE('',#15225,#15043,#15439,.T.);
#15439 = SURFACE_CURVE('',#15440,(#15445,#15451),.PCURVE_S1.);
#15440 = CIRCLE('',#15441,10.);
#15441 = AXIS2_PLACEMENT_3D('',#15442,#15443,#15444);
#15442 = CARTESIAN_POINT('',(265.,260.,750.));
#15443 = DIRECTION('',(1.,6.123233995737E-17,0.));
#15444 = DIRECTION('',(6.123233995737E-17,-1.,0.));
#15445 = PCURVE('',#15026,#15446);
#15446 = DEFINITIONAL_REPRESENTATION('',(#15447),#15450);
#15447 = B_SPLINE_CURVE_WITH_KNOTS('',1,(#15448,#15449),.UNSPECIFIED.,
  .F.,.F.,(2,2),(4.712388980385,6.28318530718),
  .PIECEWISE_BEZIER_KNOTS.);
#15448 = CARTESIAN_POINT('',(-1.570796326795,340.));
#15449 = CARTESIAN_POINT('',(0.,340.));
#15450 = ( GEOMETRIC_REPRESENTATION_CONTEXT(2) 
PARAMETRIC_REPRESENTATION_CONTEXT() REPRESENTATION_CONTEXT('2D SPACE',''
  ) );
#15451 = PCURVE('',#15452,#15457);
#15452 = SPHERICAL_SURFACE('',#15453,10.);
#15453 = AXIS2_PLACEMENT_3D('',#15454,#15455,#15456);
#15454 = CARTESIAN_POINT('',(265.,260.,750.));
#15455 = DIRECTION('',(-0.,-0.,-1.));
#15456 = DIRECTION('',(1.,0.,0.));
#15457 = DEFINITIONAL_REPRESENTATION('',(#15458),#15461);
#15458 = B_SPLINE_CURVE_WITH_KNOTS('',1,(#15459,#15460),.UNSPECIFIED.,
  .F.,.F.,(2,2),(4.712388980385,6.28318530718),
  .PIECEWISE_BEZIER_KNOTS.);
#15459 = CARTESIAN_POINT('',(1.570796326795,-1.570796326795));
#15460 = CARTESIAN_POINT('',(1.570796326795,0.));
#15461 = ( GEOMETRIC_REPRESENTATION_CONTEXT(2) 
PARAMETRIC_REPRESENTATION_CONTEXT() REPRESENTATION_CONTEXT('2D SPACE',''
  ) );
#15462 = ORIENTED_EDGE('',*,*,#15042,.F.);
#15463 = ADVANCED_FACE('',(#15464),#15081,.T.);
#15464 = FACE_BOUND('',#15465,.F.);
#15465 = EDGE_LOOP('',(#15466,#15496,#15518,#15519));
#15466 = ORIENTED_EDGE('',*,*,#15467,.F.);
#15467 = EDGE_CURVE('',#15468,#15470,#15472,.T.);
#15468 = VERTEX_POINT('',#15469);
#15469 = CARTESIAN_POINT('',(275.,260.,710.));
#15470 = VERTEX_POINT('',#15471);
#15471 = CARTESIAN_POINT('',(275.,260.,750.));
#15472 = SURFACE_CURVE('',#15473,(#15477,#15484),.PCURVE_S1.);
#15473 = LINE('',#15474,#15475);
#15474 = CARTESIAN_POINT('',(275.,260.,700.));
#15475 = VECTOR('',#15476,1.);
#15476 = DIRECTION('',(0.,0.,1.));
#15477 = PCURVE('',#15081,#15478);
#15478 = DEFINITIONAL_REPRESENTATION('',(#15479),#15483);
#15479 = LINE('',#15480,#15481);
#15480 = CARTESIAN_POINT('',(-0.,0.));
#15481 = VECTOR('',#15482,1.);
#15482 = DIRECTION('',(-0.,1.));
#15483 = ( GEOMETRIC_REPRESENTATION_CONTEXT(2) 
PARAMETRIC_REPRESENTATION_CONTEXT() REPRESENTATION_CONTEXT('2D SPACE',''
  ) );
#15484 = PCURVE('',#15485,#15490);
#15485 = PLANE('',#15486);
#15486 = AXIS2_PLACEMENT_3D('',#15487,#15488,#15489);
#15487 = CARTESIAN_POINT('',(275.,250.,700.));
#15488 = DIRECTION('',(1.,0.,0.));
#15489 = DIRECTION('',(0.,0.,1.));
#15490 = DEFINITIONAL_REPRESENTATION('',(#15491),#15495);
#15491 = LINE('',#15492,#15493);
#15492 = CARTESIAN_POINT('',(0.,-10.));
#15493 = VECTOR('',#15494,1.);
#15494 = DIRECTION('',(1.,0.));
#15495 = ( GEOMETRIC_REPRESENTATION_CONTEXT(2) 
PARAMETRIC_REPRESENTATION_CONTEXT() REPRESENTATION_CONTEXT('2D SPACE',''
  ) );
#15496 = ORIENTED_EDGE('',*,*,#15497,.T.);
#15497 = EDGE_CURVE('',#15468,#15066,#15498,.T.);
#15498 = SURFACE_CURVE('',#15499,(#15504,#15511),.PCURVE_S1.);
#15499 = CIRCLE('',#15500,10.);
#15500 = AXIS2_PLACEMENT_3D('',#15501,#15502,#15503);
#15501 = CARTESIAN_POINT('',(265.,260.,710.));
#15502 = DIRECTION('',(0.,-0.,-1.));
#15503 = DIRECTION('',(1.,0.,-0.));
#15504 = PCURVE('',#15081,#15505);
#15505 = DEFINITIONAL_REPRESENTATION('',(#15506),#15510);
#15506 = LINE('',#15507,#15508);
#15507 = CARTESIAN_POINT('',(-0.,10.));
#15508 = VECTOR('',#15509,1.);
#15509 = DIRECTION('',(-1.,0.));
#15510 = ( GEOMETRIC_REPRESENTATION_CONTEXT(2) 
PARAMETRIC_REPRESENTATION_CONTEXT() REPRESENTATION_CONTEXT('2D SPACE',''
  ) );
#15511 = PCURVE('',#15421,#15512);
#15512 = DEFINITIONAL_REPRESENTATION('',(#15513),#15517);
#15513 = LINE('',#15514,#15515);
#15514 = CARTESIAN_POINT('',(-0.,0.));
#15515 = VECTOR('',#15516,1.);
#15516 = DIRECTION('',(-1.,0.));
#15517 = ( GEOMETRIC_REPRESENTATION_CONTEXT(2) 
PARAMETRIC_REPRESENTATION_CONTEXT() REPRESENTATION_CONTEXT('2D SPACE',''
  ) );
#15518 = ORIENTED_EDGE('',*,*,#15065,.T.);
#15519 = ORIENTED_EDGE('',*,*,#15520,.F.);
#15520 = EDGE_CURVE('',#15470,#15043,#15521,.T.);
#15521 = SURFACE_CURVE('',#15522,(#15527,#15534),.PCURVE_S1.);
#15522 = CIRCLE('',#15523,10.);
#15523 = AXIS2_PLACEMENT_3D('',#15524,#15525,#15526);
#15524 = CARTESIAN_POINT('',(265.,260.,750.));
#15525 = DIRECTION('',(0.,0.,-1.));
#15526 = DIRECTION('',(1.,0.,0.));
#15527 = PCURVE('',#15081,#15528);
#15528 = DEFINITIONAL_REPRESENTATION('',(#15529),#15533);
#15529 = LINE('',#15530,#15531);
#15530 = CARTESIAN_POINT('',(-0.,50.));
#15531 = VECTOR('',#15532,1.);
#15532 = DIRECTION('',(-1.,0.));
#15533 = ( GEOMETRIC_REPRESENTATION_CONTEXT(2) 
PARAMETRIC_REPRESENTATION_CONTEXT() REPRESENTATION_CONTEXT('2D SPACE',''
  ) );
#15534 = PCURVE('',#15452,#15535);
#15535 = DEFINITIONAL_REPRESENTATION('',(#15536),#15540);
#15536 = LINE('',#15537,#15538);
#15537 = CARTESIAN_POINT('',(0.,0.));
#15538 = VECTOR('',#15539,1.);
#15539 = DIRECTION('',(1.,0.));
#15540 = ( GEOMETRIC_REPRESENTATION_CONTEXT(2) 
PARAMETRIC_REPRESENTATION_CONTEXT() REPRESENTATION_CONTEXT('2D SPACE',''
  ) );
#15541 = ADVANCED_FACE('',(#15542),#15183,.T.);
#15542 = FACE_BOUND('',#15543,.F.);
#15543 = EDGE_LOOP('',(#15544,#15545,#15546,#15571));
#15544 = ORIENTED_EDGE('',*,*,#15199,.F.);
#15545 = ORIENTED_EDGE('',*,*,#15169,.T.);
#15546 = ORIENTED_EDGE('',*,*,#15547,.T.);
#15547 = EDGE_CURVE('',#15142,#15354,#15548,.T.);
#15548 = SURFACE_CURVE('',#15549,(#15554,#15560),.PCURVE_S1.);
#15549 = CIRCLE('',#15550,10.);
#15550 = AXIS2_PLACEMENT_3D('',#15551,#15552,#15553);
#15551 = CARTESIAN_POINT('',(265.,320.,710.));
#15552 = DIRECTION('',(1.,-6.123233995737E-17,0.));
#15553 = DIRECTION('',(6.123233995737E-17,1.,0.));
#15554 = PCURVE('',#15183,#15555);
#15555 = DEFINITIONAL_REPRESENTATION('',(#15556),#15559);
#15556 = B_SPLINE_CURVE_WITH_KNOTS('',1,(#15557,#15558),.UNSPECIFIED.,
  .F.,.F.,(2,2),(4.712388980385,6.28318530718),
  .PIECEWISE_BEZIER_KNOTS.);
#15557 = CARTESIAN_POINT('',(-1.570796326795,340.));
#15558 = CARTESIAN_POINT('',(0.,340.));
#15559 = ( GEOMETRIC_REPRESENTATION_CONTEXT(2) 
PARAMETRIC_REPRESENTATION_CONTEXT() REPRESENTATION_CONTEXT('2D SPACE',''
  ) );
#15560 = PCURVE('',#15561,#15566);
#15561 = SPHERICAL_SURFACE('',#15562,10.);
#15562 = AXIS2_PLACEMENT_3D('',#15563,#15564,#15565);
#15563 = CARTESIAN_POINT('',(265.,320.,710.));
#15564 = DIRECTION('',(0.,0.,1.));
#15565 = DIRECTION('',(1.,0.,-0.));
#15566 = DEFINITIONAL_REPRESENTATION('',(#15567),#15570);
#15567 = B_SPLINE_CURVE_WITH_KNOTS('',1,(#15568,#15569),.UNSPECIFIED.,
  .F.,.F.,(2,2),(4.712388980385,6.28318530718),
  .PIECEWISE_BEZIER_KNOTS.);
#15568 = CARTESIAN_POINT('',(1.570796326795,-1.570796326795));
#15569 = CARTESIAN_POINT('',(1.570796326795,0.));
#15570 = ( GEOMETRIC_REPRESENTATION_CONTEXT(2) 
PARAMETRIC_REPRESENTATION_CONTEXT() REPRESENTATION_CONTEXT('2D SPACE',''
  ) );
#15571 = ORIENTED_EDGE('',*,*,#15381,.F.);
#15572 = ADVANCED_FACE('',(#15573),#15157,.T.);
#15573 = FACE_BOUND('',#15574,.T.);
#15574 = EDGE_LOOP('',(#15575,#15595,#15596,#15618));
#15575 = ORIENTED_EDGE('',*,*,#15576,.F.);
#15576 = EDGE_CURVE('',#15119,#15468,#15577,.T.);
#15577 = SURFACE_CURVE('',#15578,(#15583,#15589),.PCURVE_S1.);
#15578 = CIRCLE('',#15579,10.);
#15579 = AXIS2_PLACEMENT_3D('',#15580,#15581,#15582);
#15580 = CARTESIAN_POINT('',(265.,260.,710.));
#15581 = DIRECTION('',(0.,-1.,0.));
#15582 = DIRECTION('',(1.,0.,0.));
#15583 = PCURVE('',#15157,#15584);
#15584 = DEFINITIONAL_REPRESENTATION('',(#15585),#15588);
#15585 = B_SPLINE_CURVE_WITH_KNOTS('',1,(#15586,#15587),.UNSPECIFIED.,
  .F.,.F.,(2,2),(4.712388980385,6.28318530718),
  .PIECEWISE_BEZIER_KNOTS.);
#15586 = CARTESIAN_POINT('',(1.570796326795,10.));
#15587 = CARTESIAN_POINT('',(0.,10.));
#15588 = ( GEOMETRIC_REPRESENTATION_CONTEXT(2) 
PARAMETRIC_REPRESENTATION_CONTEXT() REPRESENTATION_CONTEXT('2D SPACE',''
  ) );
#15589 = PCURVE('',#15421,#15590);
#15590 = DEFINITIONAL_REPRESENTATION('',(#15591),#15594);
#15591 = B_SPLINE_CURVE_WITH_KNOTS('',1,(#15592,#15593),.UNSPECIFIED.,
  .F.,.F.,(2,2),(4.712388980385,6.28318530718),
  .PIECEWISE_BEZIER_KNOTS.);
#15592 = CARTESIAN_POINT('',(0.,-1.570796326795));
#15593 = CARTESIAN_POINT('',(0.,0.));
#15594 = ( GEOMETRIC_REPRESENTATION_CONTEXT(2) 
PARAMETRIC_REPRESENTATION_CONTEXT() REPRESENTATION_CONTEXT('2D SPACE',''
  ) );
#15595 = ORIENTED_EDGE('',*,*,#15141,.T.);
#15596 = ORIENTED_EDGE('',*,*,#15597,.T.);
#15597 = EDGE_CURVE('',#15142,#15598,#15600,.T.);
#15598 = VERTEX_POINT('',#15599);
#15599 = CARTESIAN_POINT('',(275.,320.,710.));
#15600 = SURFACE_CURVE('',#15601,(#15606,#15612),.PCURVE_S1.);
#15601 = CIRCLE('',#15602,10.);
#15602 = AXIS2_PLACEMENT_3D('',#15603,#15604,#15605);
#15603 = CARTESIAN_POINT('',(265.,320.,710.));
#15604 = DIRECTION('',(0.,-1.,0.));
#15605 = DIRECTION('',(1.,0.,0.));
#15606 = PCURVE('',#15157,#15607);
#15607 = DEFINITIONAL_REPRESENTATION('',(#15608),#15611);
#15608 = B_SPLINE_CURVE_WITH_KNOTS('',1,(#15609,#15610),.UNSPECIFIED.,
  .F.,.F.,(2,2),(4.712388980385,6.28318530718),
  .PIECEWISE_BEZIER_KNOTS.);
#15609 = CARTESIAN_POINT('',(1.570796326795,70.));
#15610 = CARTESIAN_POINT('',(0.,70.));
#15611 = ( GEOMETRIC_REPRESENTATION_CONTEXT(2) 
PARAMETRIC_REPRESENTATION_CONTEXT() REPRESENTATION_CONTEXT('2D SPACE',''
  ) );
#15612 = PCURVE('',#15561,#15613);
#15613 = DEFINITIONAL_REPRESENTATION('',(#15614),#15617);
#15614 = B_SPLINE_CURVE_WITH_KNOTS('',1,(#15615,#15616),.UNSPECIFIED.,
  .F.,.F.,(2,2),(4.712388980385,6.28318530718),
  .PIECEWISE_BEZIER_KNOTS.);
#15615 = CARTESIAN_POINT('',(0.,-1.570796326795));
#15616 = CARTESIAN_POINT('',(0.,0.));
#15617 = ( GEOMETRIC_REPRESENTATION_CONTEXT(2) 
PARAMETRIC_REPRESENTATION_CONTEXT() REPRESENTATION_CONTEXT('2D SPACE',''
  ) );
#15618 = ORIENTED_EDGE('',*,*,#15619,.F.);
#15619 = EDGE_CURVE('',#15468,#15598,#15620,.T.);
#15620 = SURFACE_CURVE('',#15621,(#15625,#15632),.PCURVE_S1.);
#15621 = LINE('',#15622,#15623);
#15622 = CARTESIAN_POINT('',(275.,250.,710.));
#15623 = VECTOR('',#15624,1.);
#15624 = DIRECTION('',(0.,1.,0.));
#15625 = PCURVE('',#15157,#15626);
#15626 = DEFINITIONAL_REPRESENTATION('',(#15627),#15631);
#15627 = LINE('',#15628,#15629);
#15628 = CARTESIAN_POINT('',(0.,0.));
#15629 = VECTOR('',#15630,1.);
#15630 = DIRECTION('',(0.,1.));
#15631 = ( GEOMETRIC_REPRESENTATION_CONTEXT(2) 
PARAMETRIC_REPRESENTATION_CONTEXT() REPRESENTATION_CONTEXT('2D SPACE',''
  ) );
#15632 = PCURVE('',#15485,#15633);
#15633 = DEFINITIONAL_REPRESENTATION('',(#15634),#15638);
#15634 = LINE('',#15635,#15636);
#15635 = CARTESIAN_POINT('',(10.,0.));
#15636 = VECTOR('',#15637,1.);
#15637 = DIRECTION('',(0.,-1.));
#15638 = ( GEOMETRIC_REPRESENTATION_CONTEXT(2) 
PARAMETRIC_REPRESENTATION_CONTEXT() REPRESENTATION_CONTEXT('2D SPACE',''
  ) );
#15639 = ADVANCED_FACE('',(#15640),#15289,.T.);
#15640 = FACE_BOUND('',#15641,.T.);
#15641 = EDGE_LOOP('',(#15642,#15643,#15644,#15669));
#15642 = ORIENTED_EDGE('',*,*,#15305,.T.);
#15643 = ORIENTED_EDGE('',*,*,#15275,.T.);
#15644 = ORIENTED_EDGE('',*,*,#15645,.F.);
#15645 = EDGE_CURVE('',#15331,#15248,#15646,.T.);
#15646 = SURFACE_CURVE('',#15647,(#15652,#15658),.PCURVE_S1.);
#15647 = CIRCLE('',#15648,10.);
#15648 = AXIS2_PLACEMENT_3D('',#15649,#15650,#15651);
#15649 = CARTESIAN_POINT('',(265.,320.,750.));
#15650 = DIRECTION('',(1.,0.,-6.123233995737E-17));
#15651 = DIRECTION('',(6.123233995737E-17,0.,1.));
#15652 = PCURVE('',#15289,#15653);
#15653 = DEFINITIONAL_REPRESENTATION('',(#15654),#15657);
#15654 = B_SPLINE_CURVE_WITH_KNOTS('',1,(#15655,#15656),.UNSPECIFIED.,
  .F.,.F.,(2,2),(4.712388980385,6.28318530718),
  .PIECEWISE_BEZIER_KNOTS.);
#15655 = CARTESIAN_POINT('',(0.,340.));
#15656 = CARTESIAN_POINT('',(1.570796326795,340.));
#15657 = ( GEOMETRIC_REPRESENTATION_CONTEXT(2) 
PARAMETRIC_REPRESENTATION_CONTEXT() REPRESENTATION_CONTEXT('2D SPACE',''
  ) );
#15658 = PCURVE('',#15659,#15664);
#15659 = SPHERICAL_SURFACE('',#15660,10.);
#15660 = AXIS2_PLACEMENT_3D('',#15661,#15662,#15663);
#15661 = CARTESIAN_POINT('',(265.,320.,750.));
#15662 = DIRECTION('',(-0.,-1.,-0.));
#15663 = DIRECTION('',(1.,-0.,0.));
#15664 = DEFINITIONAL_REPRESENTATION('',(#15665),#15668);
#15665 = B_SPLINE_CURVE_WITH_KNOTS('',1,(#15666,#15667),.UNSPECIFIED.,
  .F.,.F.,(2,2),(4.712388980385,6.28318530718),
  .PIECEWISE_BEZIER_KNOTS.);
#15666 = CARTESIAN_POINT('',(1.570796326795,-1.570796326795));
#15667 = CARTESIAN_POINT('',(1.570796326795,0.));
#15668 = ( GEOMETRIC_REPRESENTATION_CONTEXT(2) 
PARAMETRIC_REPRESENTATION_CONTEXT() REPRESENTATION_CONTEXT('2D SPACE',''
  ) );
#15669 = ORIENTED_EDGE('',*,*,#15330,.F.);
#15670 = ADVANCED_FACE('',(#15671),#15263,.T.);
#15671 = FACE_BOUND('',#15672,.F.);
#15672 = EDGE_LOOP('',(#15673,#15693,#15694,#15718));
#15673 = ORIENTED_EDGE('',*,*,#15674,.F.);
#15674 = EDGE_CURVE('',#15225,#15470,#15675,.T.);
#15675 = SURFACE_CURVE('',#15676,(#15681,#15687),.PCURVE_S1.);
#15676 = CIRCLE('',#15677,10.);
#15677 = AXIS2_PLACEMENT_3D('',#15678,#15679,#15680);
#15678 = CARTESIAN_POINT('',(265.,260.,750.));
#15679 = DIRECTION('',(-0.,1.,0.));
#15680 = DIRECTION('',(1.,0.,0.));
#15681 = PCURVE('',#15263,#15682);
#15682 = DEFINITIONAL_REPRESENTATION('',(#15683),#15686);
#15683 = B_SPLINE_CURVE_WITH_KNOTS('',1,(#15684,#15685),.UNSPECIFIED.,
  .F.,.F.,(2,2),(4.712388980385,6.28318530718),
  .PIECEWISE_BEZIER_KNOTS.);
#15684 = CARTESIAN_POINT('',(-1.570796326795,10.));
#15685 = CARTESIAN_POINT('',(0.,10.));
#15686 = ( GEOMETRIC_REPRESENTATION_CONTEXT(2) 
PARAMETRIC_REPRESENTATION_CONTEXT() REPRESENTATION_CONTEXT('2D SPACE',''
  ) );
#15687 = PCURVE('',#15452,#15688);
#15688 = DEFINITIONAL_REPRESENTATION('',(#15689),#15692);
#15689 = B_SPLINE_CURVE_WITH_KNOTS('',1,(#15690,#15691),.UNSPECIFIED.,
  .F.,.F.,(2,2),(4.712388980385,6.28318530718),
  .PIECEWISE_BEZIER_KNOTS.);
#15690 = CARTESIAN_POINT('',(0.,-1.570796326795));
#15691 = CARTESIAN_POINT('',(0.,0.));
#15692 = ( GEOMETRIC_REPRESENTATION_CONTEXT(2) 
PARAMETRIC_REPRESENTATION_CONTEXT() REPRESENTATION_CONTEXT('2D SPACE',''
  ) );
#15693 = ORIENTED_EDGE('',*,*,#15247,.T.);
#15694 = ORIENTED_EDGE('',*,*,#15695,.F.);
#15695 = EDGE_CURVE('',#15696,#15248,#15698,.T.);
#15696 = VERTEX_POINT('',#15697);
#15697 = CARTESIAN_POINT('',(275.,320.,750.));
#15698 = SURFACE_CURVE('',#15699,(#15704,#15711),.PCURVE_S1.);
#15699 = CIRCLE('',#15700,10.);
#15700 = AXIS2_PLACEMENT_3D('',#15701,#15702,#15703);
#15701 = CARTESIAN_POINT('',(265.,320.,750.));
#15702 = DIRECTION('',(-0.,-1.,0.));
#15703 = DIRECTION('',(1.,-0.,0.));
#15704 = PCURVE('',#15263,#15705);
#15705 = DEFINITIONAL_REPRESENTATION('',(#15706),#15710);
#15706 = LINE('',#15707,#15708);
#15707 = CARTESIAN_POINT('',(-0.,70.));
#15708 = VECTOR('',#15709,1.);
#15709 = DIRECTION('',(-1.,0.));
#15710 = ( GEOMETRIC_REPRESENTATION_CONTEXT(2) 
PARAMETRIC_REPRESENTATION_CONTEXT() REPRESENTATION_CONTEXT('2D SPACE',''
  ) );
#15711 = PCURVE('',#15659,#15712);
#15712 = DEFINITIONAL_REPRESENTATION('',(#15713),#15717);
#15713 = LINE('',#15714,#15715);
#15714 = CARTESIAN_POINT('',(0.,0.));
#15715 = VECTOR('',#15716,1.);
#15716 = DIRECTION('',(1.,0.));
#15717 = ( GEOMETRIC_REPRESENTATION_CONTEXT(2) 
PARAMETRIC_REPRESENTATION_CONTEXT() REPRESENTATION_CONTEXT('2D SPACE',''
  ) );
#15718 = ORIENTED_EDGE('',*,*,#15719,.F.);
#15719 = EDGE_CURVE('',#15470,#15696,#15720,.T.);
#15720 = SURFACE_CURVE('',#15721,(#15725,#15732),.PCURVE_S1.);
#15721 = LINE('',#15722,#15723);
#15722 = CARTESIAN_POINT('',(275.,250.,750.));
#15723 = VECTOR('',#15724,1.);
#15724 = DIRECTION('',(0.,1.,0.));
#15725 = PCURVE('',#15263,#15726);
#15726 = DEFINITIONAL_REPRESENTATION('',(#15727),#15731);
#15727 = LINE('',#15728,#15729);
#15728 = CARTESIAN_POINT('',(-0.,0.));
#15729 = VECTOR('',#15730,1.);
#15730 = DIRECTION('',(-0.,1.));
#15731 = ( GEOMETRIC_REPRESENTATION_CONTEXT(2) 
PARAMETRIC_REPRESENTATION_CONTEXT() REPRESENTATION_CONTEXT('2D SPACE',''
  ) );
#15732 = PCURVE('',#15485,#15733);
#15733 = DEFINITIONAL_REPRESENTATION('',(#15734),#15738);
#15734 = LINE('',#15735,#15736);
#15735 = CARTESIAN_POINT('',(50.,0.));
#15736 = VECTOR('',#15737,1.);
#15737 = DIRECTION('',(0.,-1.));
#15738 = ( GEOMETRIC_REPRESENTATION_CONTEXT(2) 
PARAMETRIC_REPRESENTATION_CONTEXT() REPRESENTATION_CONTEXT('2D SPACE',''
  ) );
#15739 = ADVANCED_FACE('',(#15740),#15369,.T.);
#15740 = FACE_BOUND('',#15741,.T.);
#15741 = EDGE_LOOP('',(#15742,#15763,#15785,#15786));
#15742 = ORIENTED_EDGE('',*,*,#15743,.F.);
#15743 = EDGE_CURVE('',#15598,#15696,#15744,.T.);
#15744 = SURFACE_CURVE('',#15745,(#15749,#15756),.PCURVE_S1.);
#15745 = LINE('',#15746,#15747);
#15746 = CARTESIAN_POINT('',(275.,320.,700.));
#15747 = VECTOR('',#15748,1.);
#15748 = DIRECTION('',(0.,0.,1.));
#15749 = PCURVE('',#15369,#15750);
#15750 = DEFINITIONAL_REPRESENTATION('',(#15751),#15755);
#15751 = LINE('',#15752,#15753);
#15752 = CARTESIAN_POINT('',(0.,0.));
#15753 = VECTOR('',#15754,1.);
#15754 = DIRECTION('',(0.,1.));
#15755 = ( GEOMETRIC_REPRESENTATION_CONTEXT(2) 
PARAMETRIC_REPRESENTATION_CONTEXT() REPRESENTATION_CONTEXT('2D SPACE',''
  ) );
#15756 = PCURVE('',#15485,#15757);
#15757 = DEFINITIONAL_REPRESENTATION('',(#15758),#15762);
#15758 = LINE('',#15759,#15760);
#15759 = CARTESIAN_POINT('',(0.,-70.));
#15760 = VECTOR('',#15761,1.);
#15761 = DIRECTION('',(1.,0.));
#15762 = ( GEOMETRIC_REPRESENTATION_CONTEXT(2) 
PARAMETRIC_REPRESENTATION_CONTEXT() REPRESENTATION_CONTEXT('2D SPACE',''
  ) );
#15763 = ORIENTED_EDGE('',*,*,#15764,.T.);
#15764 = EDGE_CURVE('',#15598,#15354,#15765,.T.);
#15765 = SURFACE_CURVE('',#15766,(#15771,#15778),.PCURVE_S1.);
#15766 = CIRCLE('',#15767,10.);
#15767 = AXIS2_PLACEMENT_3D('',#15768,#15769,#15770);
#15768 = CARTESIAN_POINT('',(265.,320.,710.));
#15769 = DIRECTION('',(0.,0.,1.));
#15770 = DIRECTION('',(1.,0.,-0.));
#15771 = PCURVE('',#15369,#15772);
#15772 = DEFINITIONAL_REPRESENTATION('',(#15773),#15777);
#15773 = LINE('',#15774,#15775);
#15774 = CARTESIAN_POINT('',(0.,10.));
#15775 = VECTOR('',#15776,1.);
#15776 = DIRECTION('',(1.,0.));
#15777 = ( GEOMETRIC_REPRESENTATION_CONTEXT(2) 
PARAMETRIC_REPRESENTATION_CONTEXT() REPRESENTATION_CONTEXT('2D SPACE',''
  ) );
#15778 = PCURVE('',#15561,#15779);
#15779 = DEFINITIONAL_REPRESENTATION('',(#15780),#15784);
#15780 = LINE('',#15781,#15782);
#15781 = CARTESIAN_POINT('',(0.,0.));
#15782 = VECTOR('',#15783,1.);
#15783 = DIRECTION('',(1.,0.));
#15784 = ( GEOMETRIC_REPRESENTATION_CONTEXT(2) 
PARAMETRIC_REPRESENTATION_CONTEXT() REPRESENTATION_CONTEXT('2D SPACE',''
  ) );
#15785 = ORIENTED_EDGE('',*,*,#15353,.T.);
#15786 = ORIENTED_EDGE('',*,*,#15787,.T.);
#15787 = EDGE_CURVE('',#15331,#15696,#15788,.T.);
#15788 = SURFACE_CURVE('',#15789,(#15794,#15800),.PCURVE_S1.);
#15789 = CIRCLE('',#15790,10.);
#15790 = AXIS2_PLACEMENT_3D('',#15791,#15792,#15793);
#15791 = CARTESIAN_POINT('',(265.,320.,750.));
#15792 = DIRECTION('',(0.,0.,-1.));
#15793 = DIRECTION('',(1.,0.,0.));
#15794 = PCURVE('',#15369,#15795);
#15795 = DEFINITIONAL_REPRESENTATION('',(#15796),#15799);
#15796 = B_SPLINE_CURVE_WITH_KNOTS('',1,(#15797,#15798),.UNSPECIFIED.,
  .F.,.F.,(2,2),(4.712388980385,6.28318530718),
  .PIECEWISE_BEZIER_KNOTS.);
#15797 = CARTESIAN_POINT('',(1.570796326795,50.));
#15798 = CARTESIAN_POINT('',(0.,50.));
#15799 = ( GEOMETRIC_REPRESENTATION_CONTEXT(2) 
PARAMETRIC_REPRESENTATION_CONTEXT() REPRESENTATION_CONTEXT('2D SPACE',''
  ) );
#15800 = PCURVE('',#15659,#15801);
#15801 = DEFINITIONAL_REPRESENTATION('',(#15802),#15805);
#15802 = B_SPLINE_CURVE_WITH_KNOTS('',1,(#15803,#15804),.UNSPECIFIED.,
  .F.,.F.,(2,2),(4.712388980385,6.28318530718),
  .PIECEWISE_BEZIER_KNOTS.);
#15803 = CARTESIAN_POINT('',(0.,-1.570796326795));
#15804 = CARTESIAN_POINT('',(0.,0.));
#15805 = ( GEOMETRIC_REPRESENTATION_CONTEXT(2) 
PARAMETRIC_REPRESENTATION_CONTEXT() REPRESENTATION_CONTEXT('2D SPACE',''
  ) );
#15806 = ADVANCED_FACE('',(#15807),#15421,.T.);
#15807 = FACE_BOUND('',#15808,.F.);
#15808 = EDGE_LOOP('',(#15809,#15810,#15811));
#15809 = ORIENTED_EDGE('',*,*,#15576,.F.);
#15810 = ORIENTED_EDGE('',*,*,#15407,.T.);
#15811 = ORIENTED_EDGE('',*,*,#15497,.F.);
#15812 = ADVANCED_FACE('',(#15813),#15452,.T.);
#15813 = FACE_BOUND('',#15814,.T.);
#15814 = EDGE_LOOP('',(#15815,#15816,#15817));
#15815 = ORIENTED_EDGE('',*,*,#15674,.F.);
#15816 = ORIENTED_EDGE('',*,*,#15438,.T.);
#15817 = ORIENTED_EDGE('',*,*,#15520,.F.);
#15818 = ADVANCED_FACE('',(#15819),#15485,.T.);
#15819 = FACE_BOUND('',#15820,.T.);
#15820 = EDGE_LOOP('',(#15821,#15822,#15823,#15824));
#15821 = ORIENTED_EDGE('',*,*,#15467,.F.);
#15822 = ORIENTED_EDGE('',*,*,#15619,.T.);
#15823 = ORIENTED_EDGE('',*,*,#15743,.T.);
#15824 = ORIENTED_EDGE('',*,*,#15719,.F.);
#15825 = ADVANCED_FACE('',(#15826),#15561,.T.);
#15826 = FACE_BOUND('',#15827,.T.);
#15827 = EDGE_LOOP('',(#15828,#15829,#15830));
#15828 = ORIENTED_EDGE('',*,*,#15597,.F.);
#15829 = ORIENTED_EDGE('',*,*,#15547,.T.);
#15830 = ORIENTED_EDGE('',*,*,#15764,.F.);
#15831 = ADVANCED_FACE('',(#15832),#15659,.T.);
#15832 = FACE_BOUND('',#15833,.T.);
#15833 = EDGE_LOOP('',(#15834,#15835,#15836));
#15834 = ORIENTED_EDGE('',*,*,#15787,.F.);
#15835 = ORIENTED_EDGE('',*,*,#15645,.T.);
#15836 = ORIENTED_EDGE('',*,*,#15695,.F.);
#15837 = ( GEOMETRIC_REPRESENTATION_CONTEXT(3) 
GLOBAL_UNCERTAINTY_ASSIGNED_CONTEXT((#15841)) 
GLOBAL_UNIT_ASSIGNED_CONTEXT((#15838,#15839,#15840)) 
REPRESENTATION_CONTEXT('Context #1',
  '3D Context with UNIT and UNCERTAINTY') );
#15838 = ( LENGTH_UNIT() NAMED_UNIT(*) SI_UNIT(.MILLI.,.METRE.) );
#15839 = ( NAMED_UNIT(*) PLANE_ANGLE_UNIT() SI_UNIT($,.RADIAN.) );
#15840 = ( NAMED_UNIT(*) SI_UNIT($,.STERADIAN.) SOLID_ANGLE_UNIT() );
#15841 = UNCERTAINTY_MEASURE_WITH_UNIT(LENGTH_MEASURE(1.E-07),#15838,
  'distance_accuracy_value','confusion accuracy');
#15842 = CONTEXT_DEPENDENT_SHAPE_REPRESENTATION(#15843,#15845);
#15843 = ( REPRESENTATION_RELATIONSHIP('','',#14530,#10) 
REPRESENTATION_RELATIONSHIP_WITH_TRANSFORMATION(#15844) 
SHAPE_REPRESENTATION_RELATIONSHIP() );
#15844 = ITEM_DEFINED_TRANSFORMATION('','',#11,#23);
#15845 = PRODUCT_DEFINITION_SHAPE('Placement','Placement of an item',
  #15846);
#15846 = NEXT_ASSEMBLY_USAGE_OCCURRENCE('3','','',#5,#14525,$);
#15847 = PRODUCT_RELATED_PRODUCT_CATEGORY('part',$,(#14527));
ENDSEC;
END-ISO-10303-21;
