ISO-10303-21;
HEADER;
FILE_DESCRIPTION(('Open CASCADE Model'),'2;1');
FILE_NAME('Open CASCADE Shape Model','2026-03-19T03:28:06',('Author'),(
    'Open CASCADE'),'Open CASCADE STEP processor 7.8','Open CASCADE 7.8'
  ,'Unknown');
FILE_SCHEMA(('AUTOMOTIVE_DESIGN { 1 0 10303 214 1 1 1 1 }'));
ENDSEC;
DATA;
#1 = APPLICATION_PROTOCOL_DEFINITION('international standard',
  'automotive_design',2000,#2);
#2 = APPLICATION_CONTEXT(
  'core data for automotive mechanical design processes');
#3 = SHAPE_DEFINITION_REPRESENTATION(#4,#10);
#4 = PRODUCT_DEFINITION_SHAPE('','',#5);
#5 = PRODUCT_DEFINITION('design','',#6,#9);
#6 = PRODUCT_DEFINITION_FORMATION('','',#7);
#7 = PRODUCT('Open CASCADE STEP translator 7.8 1',
  'Open CASCADE STEP translator 7.8 1','',(#8));
#8 = PRODUCT_CONTEXT('',#2,'mechanical');
#9 = PRODUCT_DEFINITION_CONTEXT('part definition',#2,'design');
#10 = SHAPE_REPRESENTATION('',(#11,#15,#19),#23);
#11 = AXIS2_PLACEMENT_3D('',#12,#13,#14);
#12 = CARTESIAN_POINT('',(0.,0.,0.));
#13 = DIRECTION('',(0.,0.,1.));
#14 = DIRECTION('',(1.,0.,-0.));
#15 = AXIS2_PLACEMENT_3D('',#16,#17,#18);
#16 = CARTESIAN_POINT('',(0.,0.,0.));
#17 = DIRECTION('',(0.,0.,1.));
#18 = DIRECTION('',(1.,0.,-0.));
#19 = AXIS2_PLACEMENT_3D('',#20,#21,#22);
#20 = CARTESIAN_POINT('',(95.,0.,17.5));
#21 = DIRECTION('',(0.,0.,1.));
#22 = DIRECTION('',(1.,0.,0.));
#23 = ( GEOMETRIC_REPRESENTATION_CONTEXT(3) 
GLOBAL_UNCERTAINTY_ASSIGNED_CONTEXT((#27)) GLOBAL_UNIT_ASSIGNED_CONTEXT(
(#24,#25,#26)) REPRESENTATION_CONTEXT('Context #1',
  '3D Context with UNIT and UNCERTAINTY') );
#24 = ( LENGTH_UNIT() NAMED_UNIT(*) SI_UNIT(.MILLI.,.METRE.) );
#25 = ( NAMED_UNIT(*) PLANE_ANGLE_UNIT() SI_UNIT($,.RADIAN.) );
#26 = ( NAMED_UNIT(*) SI_UNIT($,.STERADIAN.) SOLID_ANGLE_UNIT() );
#27 = UNCERTAINTY_MEASURE_WITH_UNIT(LENGTH_MEASURE(1.E-07),#24,
  'distance_accuracy_value','confusion accuracy');
#28 = PRODUCT_RELATED_PRODUCT_CATEGORY('part',$,(#7));
#29 = SHAPE_DEFINITION_REPRESENTATION(#30,#36);
#30 = PRODUCT_DEFINITION_SHAPE('','',#31);
#31 = PRODUCT_DEFINITION('design','',#32,#35);
#32 = PRODUCT_DEFINITION_FORMATION('','',#33);
#33 = PRODUCT('Open CASCADE STEP translator 7.8 1.1',
  'Open CASCADE STEP translator 7.8 1.1','',(#34));
#34 = PRODUCT_CONTEXT('',#2,'mechanical');
#35 = PRODUCT_DEFINITION_CONTEXT('part definition',#2,'design');
#36 = ADVANCED_BREP_SHAPE_REPRESENTATION('',(#11,#37),#11183);
#37 = BREP_WITH_VOIDS('',#38,(#11085));
#38 = CLOSED_SHELL('',(#39,#159,#247,#326,#407,#483,#513,#543,#619,#700,
    #725,#2744,#2769,#2845,#2876,#2907,#2985,#3016,#3083,#3114,#3261,
    #3365,#3414,#3463,#3512,#3589,#3665,#3714,#3763,#3790,#3845,#3900,
    #4011,#4060,#4109,#4158,#4207,#4256,#4305,#4384,#4554,#4630,#4679,
    #4728,#4777,#4826,#4875,#4924,#4973,#5022,#5071,#5098,#5174,#5223,
    #5272,#5321,#5370,#5419,#5468,#5495,#5571,#5620,#5669,#5718,#5767,
    #5816,#5865,#5914,#5963,#6012,#6039,#6115,#6164,#6213,#6262,#6311,
    #6360,#6409,#6458,#6507,#6556,#6605,#6654,#6703,#6752,#6779,#6846,
    #6852,#6858,#6896,#6902,#6908,#7101,#7177,#7226,#7396,#7423,#7536,
    #7602,#7668,#7746,#7916,#8216,#8243,#8407,#8473,#8759,#8770,#9056,
    #9074,#9129,#9177,#9204,#9231,#9259,#9266,#9273,#9349,#9426,#9475,
    #9525,#9580,#9635,#9690,#9745,#9752,#9800,#9827,#9854,#9882,#9909,
    #9936,#9963,#9990,#9997,#10052,#10107,#10183,#10232,#10281,#10330,
    #10379,#10428,#10477,#10526,#10553,#10629,#10678,#10727,#10776,
    #10825,#10874,#10923,#10972,#10999,#11003,#11030,#11037,#11041,
    #11045,#11049,#11053,#11057,#11061,#11073));
#39 = ADVANCED_FACE('',(#40),#54,.F.);
#40 = FACE_BOUND('',#41,.F.);
#41 = EDGE_LOOP('',(#42,#77,#105,#133));
#42 = ORIENTED_EDGE('',*,*,#43,.F.);
#43 = EDGE_CURVE('',#44,#46,#48,.T.);
#44 = VERTEX_POINT('',#45);
#45 = CARTESIAN_POINT('',(-120.,-24.5,-14.5));
#46 = VERTEX_POINT('',#47);
#47 = CARTESIAN_POINT('',(-120.,-24.5,14.5));
#48 = SURFACE_CURVE('',#49,(#53,#65),.PCURVE_S1.);
#49 = LINE('',#50,#51);
#50 = CARTESIAN_POINT('',(-120.,-24.5,-17.5));
#51 = VECTOR('',#52,1.);
#52 = DIRECTION('',(0.,0.,1.));
#53 = PCURVE('',#54,#59);
#54 = PLANE('',#55);
#55 = AXIS2_PLACEMENT_3D('',#56,#57,#58);
#56 = CARTESIAN_POINT('',(-120.,-27.5,-17.5));
#57 = DIRECTION('',(1.,0.,0.));
#58 = DIRECTION('',(0.,0.,1.));
#59 = DEFINITIONAL_REPRESENTATION('',(#60),#64);
#60 = LINE('',#61,#62);
#61 = CARTESIAN_POINT('',(0.,-3.));
#62 = VECTOR('',#63,1.);
#63 = DIRECTION('',(1.,0.));
#64 = ( GEOMETRIC_REPRESENTATION_CONTEXT(2) 
PARAMETRIC_REPRESENTATION_CONTEXT() REPRESENTATION_CONTEXT('2D SPACE',''
  ) );
#65 = PCURVE('',#66,#71);
#66 = CYLINDRICAL_SURFACE('',#67,3.);
#67 = AXIS2_PLACEMENT_3D('',#68,#69,#70);
#68 = CARTESIAN_POINT('',(-117.,-24.5,-17.5));
#69 = DIRECTION('',(0.,0.,1.));
#70 = DIRECTION('',(-1.,-0.,0.));
#71 = DEFINITIONAL_REPRESENTATION('',(#72),#76);
#72 = LINE('',#73,#74);
#73 = CARTESIAN_POINT('',(0.,0.));
#74 = VECTOR('',#75,1.);
#75 = DIRECTION('',(0.,1.));
#76 = ( GEOMETRIC_REPRESENTATION_CONTEXT(2) 
PARAMETRIC_REPRESENTATION_CONTEXT() REPRESENTATION_CONTEXT('2D SPACE',''
  ) );
#77 = ORIENTED_EDGE('',*,*,#78,.T.);
#78 = EDGE_CURVE('',#44,#79,#81,.T.);
#79 = VERTEX_POINT('',#80);
#80 = CARTESIAN_POINT('',(-120.,24.5,-14.5));
#81 = SURFACE_CURVE('',#82,(#86,#93),.PCURVE_S1.);
#82 = LINE('',#83,#84);
#83 = CARTESIAN_POINT('',(-120.,-27.5,-14.5));
#84 = VECTOR('',#85,1.);
#85 = DIRECTION('',(0.,1.,0.));
#86 = PCURVE('',#54,#87);
#87 = DEFINITIONAL_REPRESENTATION('',(#88),#92);
#88 = LINE('',#89,#90);
#89 = CARTESIAN_POINT('',(3.,0.));
#90 = VECTOR('',#91,1.);
#91 = DIRECTION('',(0.,-1.));
#92 = ( GEOMETRIC_REPRESENTATION_CONTEXT(2) 
PARAMETRIC_REPRESENTATION_CONTEXT() REPRESENTATION_CONTEXT('2D SPACE',''
  ) );
#93 = PCURVE('',#94,#99);
#94 = CYLINDRICAL_SURFACE('',#95,3.);
#95 = AXIS2_PLACEMENT_3D('',#96,#97,#98);
#96 = CARTESIAN_POINT('',(-117.,-27.5,-14.5));
#97 = DIRECTION('',(0.,1.,0.));
#98 = DIRECTION('',(-1.,0.,0.));
#99 = DEFINITIONAL_REPRESENTATION('',(#100),#104);
#100 = LINE('',#101,#102);
#101 = CARTESIAN_POINT('',(-0.,0.));
#102 = VECTOR('',#103,1.);
#103 = DIRECTION('',(-0.,1.));
#104 = ( GEOMETRIC_REPRESENTATION_CONTEXT(2) 
PARAMETRIC_REPRESENTATION_CONTEXT() REPRESENTATION_CONTEXT('2D SPACE',''
  ) );
#105 = ORIENTED_EDGE('',*,*,#106,.T.);
#106 = EDGE_CURVE('',#79,#107,#109,.T.);
#107 = VERTEX_POINT('',#108);
#108 = CARTESIAN_POINT('',(-120.,24.5,14.5));
#109 = SURFACE_CURVE('',#110,(#114,#121),.PCURVE_S1.);
#110 = LINE('',#111,#112);
#111 = CARTESIAN_POINT('',(-120.,24.5,-17.5));
#112 = VECTOR('',#113,1.);
#113 = DIRECTION('',(0.,0.,1.));
#114 = PCURVE('',#54,#115);
#115 = DEFINITIONAL_REPRESENTATION('',(#116),#120);
#116 = LINE('',#117,#118);
#117 = CARTESIAN_POINT('',(0.,-52.));
#118 = VECTOR('',#119,1.);
#119 = DIRECTION('',(1.,0.));
#120 = ( GEOMETRIC_REPRESENTATION_CONTEXT(2) 
PARAMETRIC_REPRESENTATION_CONTEXT() REPRESENTATION_CONTEXT('2D SPACE',''
  ) );
#121 = PCURVE('',#122,#127);
#122 = CYLINDRICAL_SURFACE('',#123,3.);
#123 = AXIS2_PLACEMENT_3D('',#124,#125,#126);
#124 = CARTESIAN_POINT('',(-117.,24.5,-17.5));
#125 = DIRECTION('',(0.,0.,1.));
#126 = DIRECTION('',(-1.,-0.,0.));
#127 = DEFINITIONAL_REPRESENTATION('',(#128),#132);
#128 = LINE('',#129,#130);
#129 = CARTESIAN_POINT('',(-0.,0.));
#130 = VECTOR('',#131,1.);
#131 = DIRECTION('',(-0.,1.));
#132 = ( GEOMETRIC_REPRESENTATION_CONTEXT(2) 
PARAMETRIC_REPRESENTATION_CONTEXT() REPRESENTATION_CONTEXT('2D SPACE',''
  ) );
#133 = ORIENTED_EDGE('',*,*,#134,.F.);
#134 = EDGE_CURVE('',#46,#107,#135,.T.);
#135 = SURFACE_CURVE('',#136,(#140,#147),.PCURVE_S1.);
#136 = LINE('',#137,#138);
#137 = CARTESIAN_POINT('',(-120.,-27.5,14.5));
#138 = VECTOR('',#139,1.);
#139 = DIRECTION('',(0.,1.,0.));
#140 = PCURVE('',#54,#141);
#141 = DEFINITIONAL_REPRESENTATION('',(#142),#146);
#142 = LINE('',#143,#144);
#143 = CARTESIAN_POINT('',(32.,0.));
#144 = VECTOR('',#145,1.);
#145 = DIRECTION('',(0.,-1.));
#146 = ( GEOMETRIC_REPRESENTATION_CONTEXT(2) 
PARAMETRIC_REPRESENTATION_CONTEXT() REPRESENTATION_CONTEXT('2D SPACE',''
  ) );
#147 = PCURVE('',#148,#153);
#148 = CYLINDRICAL_SURFACE('',#149,3.);
#149 = AXIS2_PLACEMENT_3D('',#150,#151,#152);
#150 = CARTESIAN_POINT('',(-117.,-27.5,14.5));
#151 = DIRECTION('',(0.,1.,0.));
#152 = DIRECTION('',(-1.,0.,0.));
#153 = DEFINITIONAL_REPRESENTATION('',(#154),#158);
#154 = LINE('',#155,#156);
#155 = CARTESIAN_POINT('',(0.,0.));
#156 = VECTOR('',#157,1.);
#157 = DIRECTION('',(0.,1.));
#158 = ( GEOMETRIC_REPRESENTATION_CONTEXT(2) 
PARAMETRIC_REPRESENTATION_CONTEXT() REPRESENTATION_CONTEXT('2D SPACE',''
  ) );
#159 = ADVANCED_FACE('',(#160),#66,.T.);
#160 = FACE_BOUND('',#161,.T.);
#161 = EDGE_LOOP('',(#162,#163,#192,#220));
#162 = ORIENTED_EDGE('',*,*,#43,.F.);
#163 = ORIENTED_EDGE('',*,*,#164,.T.);
#164 = EDGE_CURVE('',#44,#165,#167,.T.);
#165 = VERTEX_POINT('',#166);
#166 = CARTESIAN_POINT('',(-117.,-27.5,-14.5));
#167 = SURFACE_CURVE('',#168,(#173,#180),.PCURVE_S1.);
#168 = CIRCLE('',#169,3.);
#169 = AXIS2_PLACEMENT_3D('',#170,#171,#172);
#170 = CARTESIAN_POINT('',(-117.,-24.5,-14.5));
#171 = DIRECTION('',(0.,0.,1.));
#172 = DIRECTION('',(-1.,0.,0.));
#173 = PCURVE('',#66,#174);
#174 = DEFINITIONAL_REPRESENTATION('',(#175),#179);
#175 = LINE('',#176,#177);
#176 = CARTESIAN_POINT('',(0.,3.));
#177 = VECTOR('',#178,1.);
#178 = DIRECTION('',(1.,0.));
#179 = ( GEOMETRIC_REPRESENTATION_CONTEXT(2) 
PARAMETRIC_REPRESENTATION_CONTEXT() REPRESENTATION_CONTEXT('2D SPACE',''
  ) );
#180 = PCURVE('',#181,#186);
#181 = SPHERICAL_SURFACE('',#182,3.);
#182 = AXIS2_PLACEMENT_3D('',#183,#184,#185);
#183 = CARTESIAN_POINT('',(-117.,-24.5,-14.5));
#184 = DIRECTION('',(0.,0.,1.));
#185 = DIRECTION('',(-1.,0.,0.));
#186 = DEFINITIONAL_REPRESENTATION('',(#187),#191);
#187 = LINE('',#188,#189);
#188 = CARTESIAN_POINT('',(0.,0.));
#189 = VECTOR('',#190,1.);
#190 = DIRECTION('',(1.,0.));
#191 = ( GEOMETRIC_REPRESENTATION_CONTEXT(2) 
PARAMETRIC_REPRESENTATION_CONTEXT() REPRESENTATION_CONTEXT('2D SPACE',''
  ) );
#192 = ORIENTED_EDGE('',*,*,#193,.T.);
#193 = EDGE_CURVE('',#165,#194,#196,.T.);
#194 = VERTEX_POINT('',#195);
#195 = CARTESIAN_POINT('',(-117.,-27.5,14.5));
#196 = SURFACE_CURVE('',#197,(#201,#208),.PCURVE_S1.);
#197 = LINE('',#198,#199);
#198 = CARTESIAN_POINT('',(-117.,-27.5,-17.5));
#199 = VECTOR('',#200,1.);
#200 = DIRECTION('',(0.,0.,1.));
#201 = PCURVE('',#66,#202);
#202 = DEFINITIONAL_REPRESENTATION('',(#203),#207);
#203 = LINE('',#204,#205);
#204 = CARTESIAN_POINT('',(1.570796326795,0.));
#205 = VECTOR('',#206,1.);
#206 = DIRECTION('',(0.,1.));
#207 = ( GEOMETRIC_REPRESENTATION_CONTEXT(2) 
PARAMETRIC_REPRESENTATION_CONTEXT() REPRESENTATION_CONTEXT('2D SPACE',''
  ) );
#208 = PCURVE('',#209,#214);
#209 = PLANE('',#210);
#210 = AXIS2_PLACEMENT_3D('',#211,#212,#213);
#211 = CARTESIAN_POINT('',(-120.,-27.5,-17.5));
#212 = DIRECTION('',(0.,1.,0.));
#213 = DIRECTION('',(0.,0.,1.));
#214 = DEFINITIONAL_REPRESENTATION('',(#215),#219);
#215 = LINE('',#216,#217);
#216 = CARTESIAN_POINT('',(0.,3.));
#217 = VECTOR('',#218,1.);
#218 = DIRECTION('',(1.,0.));
#219 = ( GEOMETRIC_REPRESENTATION_CONTEXT(2) 
PARAMETRIC_REPRESENTATION_CONTEXT() REPRESENTATION_CONTEXT('2D SPACE',''
  ) );
#220 = ORIENTED_EDGE('',*,*,#221,.F.);
#221 = EDGE_CURVE('',#46,#194,#222,.T.);
#222 = SURFACE_CURVE('',#223,(#228,#235),.PCURVE_S1.);
#223 = CIRCLE('',#224,3.);
#224 = AXIS2_PLACEMENT_3D('',#225,#226,#227);
#225 = CARTESIAN_POINT('',(-117.,-24.5,14.5));
#226 = DIRECTION('',(0.,0.,1.));
#227 = DIRECTION('',(-1.,0.,0.));
#228 = PCURVE('',#66,#229);
#229 = DEFINITIONAL_REPRESENTATION('',(#230),#234);
#230 = LINE('',#231,#232);
#231 = CARTESIAN_POINT('',(0.,32.));
#232 = VECTOR('',#233,1.);
#233 = DIRECTION('',(1.,0.));
#234 = ( GEOMETRIC_REPRESENTATION_CONTEXT(2) 
PARAMETRIC_REPRESENTATION_CONTEXT() REPRESENTATION_CONTEXT('2D SPACE',''
  ) );
#235 = PCURVE('',#236,#241);
#236 = SPHERICAL_SURFACE('',#237,3.);
#237 = AXIS2_PLACEMENT_3D('',#238,#239,#240);
#238 = CARTESIAN_POINT('',(-117.,-24.5,14.5));
#239 = DIRECTION('',(-0.,-0.,-1.));
#240 = DIRECTION('',(-1.,0.,0.));
#241 = DEFINITIONAL_REPRESENTATION('',(#242),#246);
#242 = LINE('',#243,#244);
#243 = CARTESIAN_POINT('',(-0.,0.));
#244 = VECTOR('',#245,1.);
#245 = DIRECTION('',(-1.,0.));
#246 = ( GEOMETRIC_REPRESENTATION_CONTEXT(2) 
PARAMETRIC_REPRESENTATION_CONTEXT() REPRESENTATION_CONTEXT('2D SPACE',''
  ) );
#247 = ADVANCED_FACE('',(#248),#94,.T.);
#248 = FACE_BOUND('',#249,.F.);
#249 = EDGE_LOOP('',(#250,#272,#300,#325));
#250 = ORIENTED_EDGE('',*,*,#251,.F.);
#251 = EDGE_CURVE('',#252,#44,#254,.T.);
#252 = VERTEX_POINT('',#253);
#253 = CARTESIAN_POINT('',(-117.,-24.5,-17.5));
#254 = SURFACE_CURVE('',#255,(#260,#266),.PCURVE_S1.);
#255 = CIRCLE('',#256,3.);
#256 = AXIS2_PLACEMENT_3D('',#257,#258,#259);
#257 = CARTESIAN_POINT('',(-117.,-24.5,-14.5));
#258 = DIRECTION('',(0.,1.,-0.));
#259 = DIRECTION('',(-1.,0.,0.));
#260 = PCURVE('',#94,#261);
#261 = DEFINITIONAL_REPRESENTATION('',(#262),#265);
#262 = B_SPLINE_CURVE_WITH_KNOTS('',1,(#263,#264),.UNSPECIFIED.,.F.,.F.,
  (2,2),(4.712388980385,6.28318530718),.PIECEWISE_BEZIER_KNOTS.);
#263 = CARTESIAN_POINT('',(-1.570796326795,3.));
#264 = CARTESIAN_POINT('',(0.,3.));
#265 = ( GEOMETRIC_REPRESENTATION_CONTEXT(2) 
PARAMETRIC_REPRESENTATION_CONTEXT() REPRESENTATION_CONTEXT('2D SPACE',''
  ) );
#266 = PCURVE('',#181,#267);
#267 = DEFINITIONAL_REPRESENTATION('',(#268),#271);
#268 = B_SPLINE_CURVE_WITH_KNOTS('',1,(#269,#270),.UNSPECIFIED.,.F.,.F.,
  (2,2),(4.712388980385,6.28318530718),.PIECEWISE_BEZIER_KNOTS.);
#269 = CARTESIAN_POINT('',(0.,-1.570796326795));
#270 = CARTESIAN_POINT('',(0.,0.));
#271 = ( GEOMETRIC_REPRESENTATION_CONTEXT(2) 
PARAMETRIC_REPRESENTATION_CONTEXT() REPRESENTATION_CONTEXT('2D SPACE',''
  ) );
#272 = ORIENTED_EDGE('',*,*,#273,.T.);
#273 = EDGE_CURVE('',#252,#274,#276,.T.);
#274 = VERTEX_POINT('',#275);
#275 = CARTESIAN_POINT('',(-117.,24.5,-17.5));
#276 = SURFACE_CURVE('',#277,(#281,#288),.PCURVE_S1.);
#277 = LINE('',#278,#279);
#278 = CARTESIAN_POINT('',(-117.,-27.5,-17.5));
#279 = VECTOR('',#280,1.);
#280 = DIRECTION('',(0.,1.,0.));
#281 = PCURVE('',#94,#282);
#282 = DEFINITIONAL_REPRESENTATION('',(#283),#287);
#283 = LINE('',#284,#285);
#284 = CARTESIAN_POINT('',(-1.570796326795,0.));
#285 = VECTOR('',#286,1.);
#286 = DIRECTION('',(-0.,1.));
#287 = ( GEOMETRIC_REPRESENTATION_CONTEXT(2) 
PARAMETRIC_REPRESENTATION_CONTEXT() REPRESENTATION_CONTEXT('2D SPACE',''
  ) );
#288 = PCURVE('',#289,#294);
#289 = PLANE('',#290);
#290 = AXIS2_PLACEMENT_3D('',#291,#292,#293);
#291 = CARTESIAN_POINT('',(-120.,-27.5,-17.5));
#292 = DIRECTION('',(0.,0.,1.));
#293 = DIRECTION('',(1.,0.,0.));
#294 = DEFINITIONAL_REPRESENTATION('',(#295),#299);
#295 = LINE('',#296,#297);
#296 = CARTESIAN_POINT('',(3.,0.));
#297 = VECTOR('',#298,1.);
#298 = DIRECTION('',(0.,1.));
#299 = ( GEOMETRIC_REPRESENTATION_CONTEXT(2) 
PARAMETRIC_REPRESENTATION_CONTEXT() REPRESENTATION_CONTEXT('2D SPACE',''
  ) );
#300 = ORIENTED_EDGE('',*,*,#301,.T.);
#301 = EDGE_CURVE('',#274,#79,#302,.T.);
#302 = SURFACE_CURVE('',#303,(#308,#314),.PCURVE_S1.);
#303 = CIRCLE('',#304,3.);
#304 = AXIS2_PLACEMENT_3D('',#305,#306,#307);
#305 = CARTESIAN_POINT('',(-117.,24.5,-14.5));
#306 = DIRECTION('',(0.,1.,-0.));
#307 = DIRECTION('',(-1.,0.,0.));
#308 = PCURVE('',#94,#309);
#309 = DEFINITIONAL_REPRESENTATION('',(#310),#313);
#310 = B_SPLINE_CURVE_WITH_KNOTS('',1,(#311,#312),.UNSPECIFIED.,.F.,.F.,
  (2,2),(4.712388980385,6.28318530718),.PIECEWISE_BEZIER_KNOTS.);
#311 = CARTESIAN_POINT('',(-1.570796326795,52.));
#312 = CARTESIAN_POINT('',(0.,52.));
#313 = ( GEOMETRIC_REPRESENTATION_CONTEXT(2) 
PARAMETRIC_REPRESENTATION_CONTEXT() REPRESENTATION_CONTEXT('2D SPACE',''
  ) );
#314 = PCURVE('',#315,#320);
#315 = SPHERICAL_SURFACE('',#316,3.);
#316 = AXIS2_PLACEMENT_3D('',#317,#318,#319);
#317 = CARTESIAN_POINT('',(-117.,24.5,-14.5));
#318 = DIRECTION('',(0.,0.,1.));
#319 = DIRECTION('',(-1.,0.,0.));
#320 = DEFINITIONAL_REPRESENTATION('',(#321),#324);
#321 = B_SPLINE_CURVE_WITH_KNOTS('',1,(#322,#323),.UNSPECIFIED.,.F.,.F.,
  (2,2),(4.712388980385,6.28318530718),.PIECEWISE_BEZIER_KNOTS.);
#322 = CARTESIAN_POINT('',(0.,-1.570796326795));
#323 = CARTESIAN_POINT('',(0.,0.));
#324 = ( GEOMETRIC_REPRESENTATION_CONTEXT(2) 
PARAMETRIC_REPRESENTATION_CONTEXT() REPRESENTATION_CONTEXT('2D SPACE',''
  ) );
#325 = ORIENTED_EDGE('',*,*,#78,.F.);
#326 = ADVANCED_FACE('',(#327),#148,.T.);
#327 = FACE_BOUND('',#328,.T.);
#328 = EDGE_LOOP('',(#329,#351,#379,#406));
#329 = ORIENTED_EDGE('',*,*,#330,.F.);
#330 = EDGE_CURVE('',#331,#46,#333,.T.);
#331 = VERTEX_POINT('',#332);
#332 = CARTESIAN_POINT('',(-117.,-24.5,17.5));
#333 = SURFACE_CURVE('',#334,(#339,#345),.PCURVE_S1.);
#334 = CIRCLE('',#335,3.);
#335 = AXIS2_PLACEMENT_3D('',#336,#337,#338);
#336 = CARTESIAN_POINT('',(-117.,-24.5,14.5));
#337 = DIRECTION('',(0.,-1.,0.));
#338 = DIRECTION('',(-1.,0.,0.));
#339 = PCURVE('',#148,#340);
#340 = DEFINITIONAL_REPRESENTATION('',(#341),#344);
#341 = B_SPLINE_CURVE_WITH_KNOTS('',1,(#342,#343),.UNSPECIFIED.,.F.,.F.,
  (2,2),(4.712388980385,6.28318530718),.PIECEWISE_BEZIER_KNOTS.);
#342 = CARTESIAN_POINT('',(1.570796326795,3.));
#343 = CARTESIAN_POINT('',(0.,3.));
#344 = ( GEOMETRIC_REPRESENTATION_CONTEXT(2) 
PARAMETRIC_REPRESENTATION_CONTEXT() REPRESENTATION_CONTEXT('2D SPACE',''
  ) );
#345 = PCURVE('',#236,#346);
#346 = DEFINITIONAL_REPRESENTATION('',(#347),#350);
#347 = B_SPLINE_CURVE_WITH_KNOTS('',1,(#348,#349),.UNSPECIFIED.,.F.,.F.,
  (2,2),(4.712388980385,6.28318530718),.PIECEWISE_BEZIER_KNOTS.);
#348 = CARTESIAN_POINT('',(0.,-1.570796326795));
#349 = CARTESIAN_POINT('',(0.,0.));
#350 = ( GEOMETRIC_REPRESENTATION_CONTEXT(2) 
PARAMETRIC_REPRESENTATION_CONTEXT() REPRESENTATION_CONTEXT('2D SPACE',''
  ) );
#351 = ORIENTED_EDGE('',*,*,#352,.T.);
#352 = EDGE_CURVE('',#331,#353,#355,.T.);
#353 = VERTEX_POINT('',#354);
#354 = CARTESIAN_POINT('',(-117.,24.5,17.5));
#355 = SURFACE_CURVE('',#356,(#360,#367),.PCURVE_S1.);
#356 = LINE('',#357,#358);
#357 = CARTESIAN_POINT('',(-117.,-27.5,17.5));
#358 = VECTOR('',#359,1.);
#359 = DIRECTION('',(0.,1.,0.));
#360 = PCURVE('',#148,#361);
#361 = DEFINITIONAL_REPRESENTATION('',(#362),#366);
#362 = LINE('',#363,#364);
#363 = CARTESIAN_POINT('',(1.570796326795,0.));
#364 = VECTOR('',#365,1.);
#365 = DIRECTION('',(0.,1.));
#366 = ( GEOMETRIC_REPRESENTATION_CONTEXT(2) 
PARAMETRIC_REPRESENTATION_CONTEXT() REPRESENTATION_CONTEXT('2D SPACE',''
  ) );
#367 = PCURVE('',#368,#373);
#368 = PLANE('',#369);
#369 = AXIS2_PLACEMENT_3D('',#370,#371,#372);
#370 = CARTESIAN_POINT('',(-120.,-27.5,17.5));
#371 = DIRECTION('',(0.,0.,1.));
#372 = DIRECTION('',(1.,0.,0.));
#373 = DEFINITIONAL_REPRESENTATION('',(#374),#378);
#374 = LINE('',#375,#376);
#375 = CARTESIAN_POINT('',(3.,0.));
#376 = VECTOR('',#377,1.);
#377 = DIRECTION('',(0.,1.));
#378 = ( GEOMETRIC_REPRESENTATION_CONTEXT(2) 
PARAMETRIC_REPRESENTATION_CONTEXT() REPRESENTATION_CONTEXT('2D SPACE',''
  ) );
#379 = ORIENTED_EDGE('',*,*,#380,.F.);
#380 = EDGE_CURVE('',#107,#353,#381,.T.);
#381 = SURFACE_CURVE('',#382,(#387,#394),.PCURVE_S1.);
#382 = CIRCLE('',#383,3.);
#383 = AXIS2_PLACEMENT_3D('',#384,#385,#386);
#384 = CARTESIAN_POINT('',(-117.,24.5,14.5));
#385 = DIRECTION('',(0.,1.,0.));
#386 = DIRECTION('',(-1.,0.,0.));
#387 = PCURVE('',#148,#388);
#388 = DEFINITIONAL_REPRESENTATION('',(#389),#393);
#389 = LINE('',#390,#391);
#390 = CARTESIAN_POINT('',(0.,52.));
#391 = VECTOR('',#392,1.);
#392 = DIRECTION('',(1.,0.));
#393 = ( GEOMETRIC_REPRESENTATION_CONTEXT(2) 
PARAMETRIC_REPRESENTATION_CONTEXT() REPRESENTATION_CONTEXT('2D SPACE',''
  ) );
#394 = PCURVE('',#395,#400);
#395 = SPHERICAL_SURFACE('',#396,3.);
#396 = AXIS2_PLACEMENT_3D('',#397,#398,#399);
#397 = CARTESIAN_POINT('',(-117.,24.5,14.5));
#398 = DIRECTION('',(-0.,-1.,-0.));
#399 = DIRECTION('',(-1.,0.,0.));
#400 = DEFINITIONAL_REPRESENTATION('',(#401),#405);
#401 = LINE('',#402,#403);
#402 = CARTESIAN_POINT('',(-0.,0.));
#403 = VECTOR('',#404,1.);
#404 = DIRECTION('',(-1.,0.));
#405 = ( GEOMETRIC_REPRESENTATION_CONTEXT(2) 
PARAMETRIC_REPRESENTATION_CONTEXT() REPRESENTATION_CONTEXT('2D SPACE',''
  ) );
#406 = ORIENTED_EDGE('',*,*,#134,.F.);
#407 = ADVANCED_FACE('',(#408),#122,.T.);
#408 = FACE_BOUND('',#409,.F.);
#409 = EDGE_LOOP('',(#410,#411,#435,#463));
#410 = ORIENTED_EDGE('',*,*,#106,.F.);
#411 = ORIENTED_EDGE('',*,*,#412,.T.);
#412 = EDGE_CURVE('',#79,#413,#415,.T.);
#413 = VERTEX_POINT('',#414);
#414 = CARTESIAN_POINT('',(-117.,27.5,-14.5));
#415 = SURFACE_CURVE('',#416,(#421,#428),.PCURVE_S1.);
#416 = CIRCLE('',#417,3.);
#417 = AXIS2_PLACEMENT_3D('',#418,#419,#420);
#418 = CARTESIAN_POINT('',(-117.,24.5,-14.5));
#419 = DIRECTION('',(-0.,0.,-1.));
#420 = DIRECTION('',(-1.,0.,0.));
#421 = PCURVE('',#122,#422);
#422 = DEFINITIONAL_REPRESENTATION('',(#423),#427);
#423 = LINE('',#424,#425);
#424 = CARTESIAN_POINT('',(-0.,3.));
#425 = VECTOR('',#426,1.);
#426 = DIRECTION('',(-1.,0.));
#427 = ( GEOMETRIC_REPRESENTATION_CONTEXT(2) 
PARAMETRIC_REPRESENTATION_CONTEXT() REPRESENTATION_CONTEXT('2D SPACE',''
  ) );
#428 = PCURVE('',#315,#429);
#429 = DEFINITIONAL_REPRESENTATION('',(#430),#434);
#430 = LINE('',#431,#432);
#431 = CARTESIAN_POINT('',(-0.,0.));
#432 = VECTOR('',#433,1.);
#433 = DIRECTION('',(-1.,0.));
#434 = ( GEOMETRIC_REPRESENTATION_CONTEXT(2) 
PARAMETRIC_REPRESENTATION_CONTEXT() REPRESENTATION_CONTEXT('2D SPACE',''
  ) );
#435 = ORIENTED_EDGE('',*,*,#436,.T.);
#436 = EDGE_CURVE('',#413,#437,#439,.T.);
#437 = VERTEX_POINT('',#438);
#438 = CARTESIAN_POINT('',(-117.,27.5,14.5));
#439 = SURFACE_CURVE('',#440,(#444,#451),.PCURVE_S1.);
#440 = LINE('',#441,#442);
#441 = CARTESIAN_POINT('',(-117.,27.5,-17.5));
#442 = VECTOR('',#443,1.);
#443 = DIRECTION('',(0.,0.,1.));
#444 = PCURVE('',#122,#445);
#445 = DEFINITIONAL_REPRESENTATION('',(#446),#450);
#446 = LINE('',#447,#448);
#447 = CARTESIAN_POINT('',(-1.570796326795,0.));
#448 = VECTOR('',#449,1.);
#449 = DIRECTION('',(-0.,1.));
#450 = ( GEOMETRIC_REPRESENTATION_CONTEXT(2) 
PARAMETRIC_REPRESENTATION_CONTEXT() REPRESENTATION_CONTEXT('2D SPACE',''
  ) );
#451 = PCURVE('',#452,#457);
#452 = PLANE('',#453);
#453 = AXIS2_PLACEMENT_3D('',#454,#455,#456);
#454 = CARTESIAN_POINT('',(-120.,27.5,-17.5));
#455 = DIRECTION('',(0.,1.,0.));
#456 = DIRECTION('',(0.,0.,1.));
#457 = DEFINITIONAL_REPRESENTATION('',(#458),#462);
#458 = LINE('',#459,#460);
#459 = CARTESIAN_POINT('',(0.,3.));
#460 = VECTOR('',#461,1.);
#461 = DIRECTION('',(1.,0.));
#462 = ( GEOMETRIC_REPRESENTATION_CONTEXT(2) 
PARAMETRIC_REPRESENTATION_CONTEXT() REPRESENTATION_CONTEXT('2D SPACE',''
  ) );
#463 = ORIENTED_EDGE('',*,*,#464,.T.);
#464 = EDGE_CURVE('',#437,#107,#465,.T.);
#465 = SURFACE_CURVE('',#466,(#471,#477),.PCURVE_S1.);
#466 = CIRCLE('',#467,3.);
#467 = AXIS2_PLACEMENT_3D('',#468,#469,#470);
#468 = CARTESIAN_POINT('',(-117.,24.5,14.5));
#469 = DIRECTION('',(0.,0.,1.));
#470 = DIRECTION('',(-1.,0.,0.));
#471 = PCURVE('',#122,#472);
#472 = DEFINITIONAL_REPRESENTATION('',(#473),#476);
#473 = B_SPLINE_CURVE_WITH_KNOTS('',1,(#474,#475),.UNSPECIFIED.,.F.,.F.,
  (2,2),(4.712388980385,6.28318530718),.PIECEWISE_BEZIER_KNOTS.);
#474 = CARTESIAN_POINT('',(-1.570796326795,32.));
#475 = CARTESIAN_POINT('',(0.,32.));
#476 = ( GEOMETRIC_REPRESENTATION_CONTEXT(2) 
PARAMETRIC_REPRESENTATION_CONTEXT() REPRESENTATION_CONTEXT('2D SPACE',''
  ) );
#477 = PCURVE('',#395,#478);
#478 = DEFINITIONAL_REPRESENTATION('',(#479),#482);
#479 = B_SPLINE_CURVE_WITH_KNOTS('',1,(#480,#481),.UNSPECIFIED.,.F.,.F.,
  (2,2),(4.712388980385,6.28318530718),.PIECEWISE_BEZIER_KNOTS.);
#480 = CARTESIAN_POINT('',(0.,-1.570796326795));
#481 = CARTESIAN_POINT('',(0.,0.));
#482 = ( GEOMETRIC_REPRESENTATION_CONTEXT(2) 
PARAMETRIC_REPRESENTATION_CONTEXT() REPRESENTATION_CONTEXT('2D SPACE',''
  ) );
#483 = ADVANCED_FACE('',(#484),#181,.T.);
#484 = FACE_BOUND('',#485,.T.);
#485 = EDGE_LOOP('',(#486,#487,#512));
#486 = ORIENTED_EDGE('',*,*,#251,.F.);
#487 = ORIENTED_EDGE('',*,*,#488,.T.);
#488 = EDGE_CURVE('',#252,#165,#489,.T.);
#489 = SURFACE_CURVE('',#490,(#495,#501),.PCURVE_S1.);
#490 = CIRCLE('',#491,3.);
#491 = AXIS2_PLACEMENT_3D('',#492,#493,#494);
#492 = CARTESIAN_POINT('',(-117.,-24.5,-14.5));
#493 = DIRECTION('',(-1.,6.123233995737E-17,0.));
#494 = DIRECTION('',(-6.123233995737E-17,-1.,0.));
#495 = PCURVE('',#181,#496);
#496 = DEFINITIONAL_REPRESENTATION('',(#497),#500);
#497 = B_SPLINE_CURVE_WITH_KNOTS('',1,(#498,#499),.UNSPECIFIED.,.F.,.F.,
  (2,2),(4.712388980385,6.28318530718),.PIECEWISE_BEZIER_KNOTS.);
#498 = CARTESIAN_POINT('',(1.570796326795,-1.570796326795));
#499 = CARTESIAN_POINT('',(1.570796326795,0.));
#500 = ( GEOMETRIC_REPRESENTATION_CONTEXT(2) 
PARAMETRIC_REPRESENTATION_CONTEXT() REPRESENTATION_CONTEXT('2D SPACE',''
  ) );
#501 = PCURVE('',#502,#507);
#502 = CYLINDRICAL_SURFACE('',#503,3.);
#503 = AXIS2_PLACEMENT_3D('',#504,#505,#506);
#504 = CARTESIAN_POINT('',(-120.,-24.5,-14.5));
#505 = DIRECTION('',(1.,0.,0.));
#506 = DIRECTION('',(0.,-1.,0.));
#507 = DEFINITIONAL_REPRESENTATION('',(#508),#511);
#508 = B_SPLINE_CURVE_WITH_KNOTS('',1,(#509,#510),.UNSPECIFIED.,.F.,.F.,
  (2,2),(4.712388980385,6.28318530718),.PIECEWISE_BEZIER_KNOTS.);
#509 = CARTESIAN_POINT('',(1.570796326795,3.));
#510 = CARTESIAN_POINT('',(0.,3.));
#511 = ( GEOMETRIC_REPRESENTATION_CONTEXT(2) 
PARAMETRIC_REPRESENTATION_CONTEXT() REPRESENTATION_CONTEXT('2D SPACE',''
  ) );
#512 = ORIENTED_EDGE('',*,*,#164,.F.);
#513 = ADVANCED_FACE('',(#514),#236,.T.);
#514 = FACE_BOUND('',#515,.F.);
#515 = EDGE_LOOP('',(#516,#517,#542));
#516 = ORIENTED_EDGE('',*,*,#330,.F.);
#517 = ORIENTED_EDGE('',*,*,#518,.T.);
#518 = EDGE_CURVE('',#331,#194,#519,.T.);
#519 = SURFACE_CURVE('',#520,(#525,#531),.PCURVE_S1.);
#520 = CIRCLE('',#521,3.);
#521 = AXIS2_PLACEMENT_3D('',#522,#523,#524);
#522 = CARTESIAN_POINT('',(-117.,-24.5,14.5));
#523 = DIRECTION('',(1.,-6.123233995737E-17,0.));
#524 = DIRECTION('',(-6.123233995737E-17,-1.,0.));
#525 = PCURVE('',#236,#526);
#526 = DEFINITIONAL_REPRESENTATION('',(#527),#530);
#527 = B_SPLINE_CURVE_WITH_KNOTS('',1,(#528,#529),.UNSPECIFIED.,.F.,.F.,
  (2,2),(4.712388980385,6.28318530718),.PIECEWISE_BEZIER_KNOTS.);
#528 = CARTESIAN_POINT('',(-1.570796326795,-1.570796326795));
#529 = CARTESIAN_POINT('',(-1.570796326795,0.));
#530 = ( GEOMETRIC_REPRESENTATION_CONTEXT(2) 
PARAMETRIC_REPRESENTATION_CONTEXT() REPRESENTATION_CONTEXT('2D SPACE',''
  ) );
#531 = PCURVE('',#532,#537);
#532 = CYLINDRICAL_SURFACE('',#533,3.);
#533 = AXIS2_PLACEMENT_3D('',#534,#535,#536);
#534 = CARTESIAN_POINT('',(-120.,-24.5,14.5));
#535 = DIRECTION('',(1.,0.,0.));
#536 = DIRECTION('',(0.,-1.,0.));
#537 = DEFINITIONAL_REPRESENTATION('',(#538),#541);
#538 = B_SPLINE_CURVE_WITH_KNOTS('',1,(#539,#540),.UNSPECIFIED.,.F.,.F.,
  (2,2),(4.712388980385,6.28318530718),.PIECEWISE_BEZIER_KNOTS.);
#539 = CARTESIAN_POINT('',(-1.570796326795,3.));
#540 = CARTESIAN_POINT('',(0.,3.));
#541 = ( GEOMETRIC_REPRESENTATION_CONTEXT(2) 
PARAMETRIC_REPRESENTATION_CONTEXT() REPRESENTATION_CONTEXT('2D SPACE',''
  ) );
#542 = ORIENTED_EDGE('',*,*,#221,.F.);
#543 = ADVANCED_FACE('',(#544),#209,.F.);
#544 = FACE_BOUND('',#545,.F.);
#545 = EDGE_LOOP('',(#546,#547,#570,#598));
#546 = ORIENTED_EDGE('',*,*,#193,.T.);
#547 = ORIENTED_EDGE('',*,*,#548,.T.);
#548 = EDGE_CURVE('',#194,#549,#551,.T.);
#549 = VERTEX_POINT('',#550);
#550 = CARTESIAN_POINT('',(117.,-27.5,14.5));
#551 = SURFACE_CURVE('',#552,(#556,#563),.PCURVE_S1.);
#552 = LINE('',#553,#554);
#553 = CARTESIAN_POINT('',(-120.,-27.5,14.5));
#554 = VECTOR('',#555,1.);
#555 = DIRECTION('',(1.,0.,0.));
#556 = PCURVE('',#209,#557);
#557 = DEFINITIONAL_REPRESENTATION('',(#558),#562);
#558 = LINE('',#559,#560);
#559 = CARTESIAN_POINT('',(32.,0.));
#560 = VECTOR('',#561,1.);
#561 = DIRECTION('',(0.,1.));
#562 = ( GEOMETRIC_REPRESENTATION_CONTEXT(2) 
PARAMETRIC_REPRESENTATION_CONTEXT() REPRESENTATION_CONTEXT('2D SPACE',''
  ) );
#563 = PCURVE('',#532,#564);
#564 = DEFINITIONAL_REPRESENTATION('',(#565),#569);
#565 = LINE('',#566,#567);
#566 = CARTESIAN_POINT('',(-0.,0.));
#567 = VECTOR('',#568,1.);
#568 = DIRECTION('',(-0.,1.));
#569 = ( GEOMETRIC_REPRESENTATION_CONTEXT(2) 
PARAMETRIC_REPRESENTATION_CONTEXT() REPRESENTATION_CONTEXT('2D SPACE',''
  ) );
#570 = ORIENTED_EDGE('',*,*,#571,.F.);
#571 = EDGE_CURVE('',#572,#549,#574,.T.);
#572 = VERTEX_POINT('',#573);
#573 = CARTESIAN_POINT('',(117.,-27.5,-14.5));
#574 = SURFACE_CURVE('',#575,(#579,#586),.PCURVE_S1.);
#575 = LINE('',#576,#577);
#576 = CARTESIAN_POINT('',(117.,-27.5,-17.5));
#577 = VECTOR('',#578,1.);
#578 = DIRECTION('',(0.,0.,1.));
#579 = PCURVE('',#209,#580);
#580 = DEFINITIONAL_REPRESENTATION('',(#581),#585);
#581 = LINE('',#582,#583);
#582 = CARTESIAN_POINT('',(0.,237.));
#583 = VECTOR('',#584,1.);
#584 = DIRECTION('',(1.,0.));
#585 = ( GEOMETRIC_REPRESENTATION_CONTEXT(2) 
PARAMETRIC_REPRESENTATION_CONTEXT() REPRESENTATION_CONTEXT('2D SPACE',''
  ) );
#586 = PCURVE('',#587,#592);
#587 = CYLINDRICAL_SURFACE('',#588,3.);
#588 = AXIS2_PLACEMENT_3D('',#589,#590,#591);
#589 = CARTESIAN_POINT('',(117.,-24.5,-17.5));
#590 = DIRECTION('',(0.,0.,1.));
#591 = DIRECTION('',(1.,0.,-0.));
#592 = DEFINITIONAL_REPRESENTATION('',(#593),#597);
#593 = LINE('',#594,#595);
#594 = CARTESIAN_POINT('',(-1.570796326795,0.));
#595 = VECTOR('',#596,1.);
#596 = DIRECTION('',(-0.,1.));
#597 = ( GEOMETRIC_REPRESENTATION_CONTEXT(2) 
PARAMETRIC_REPRESENTATION_CONTEXT() REPRESENTATION_CONTEXT('2D SPACE',''
  ) );
#598 = ORIENTED_EDGE('',*,*,#599,.F.);
#599 = EDGE_CURVE('',#165,#572,#600,.T.);
#600 = SURFACE_CURVE('',#601,(#605,#612),.PCURVE_S1.);
#601 = LINE('',#602,#603);
#602 = CARTESIAN_POINT('',(-120.,-27.5,-14.5));
#603 = VECTOR('',#604,1.);
#604 = DIRECTION('',(1.,0.,0.));
#605 = PCURVE('',#209,#606);
#606 = DEFINITIONAL_REPRESENTATION('',(#607),#611);
#607 = LINE('',#608,#609);
#608 = CARTESIAN_POINT('',(3.,0.));
#609 = VECTOR('',#610,1.);
#610 = DIRECTION('',(0.,1.));
#611 = ( GEOMETRIC_REPRESENTATION_CONTEXT(2) 
PARAMETRIC_REPRESENTATION_CONTEXT() REPRESENTATION_CONTEXT('2D SPACE',''
  ) );
#612 = PCURVE('',#502,#613);
#613 = DEFINITIONAL_REPRESENTATION('',(#614),#618);
#614 = LINE('',#615,#616);
#615 = CARTESIAN_POINT('',(0.,0.));
#616 = VECTOR('',#617,1.);
#617 = DIRECTION('',(0.,1.));
#618 = ( GEOMETRIC_REPRESENTATION_CONTEXT(2) 
PARAMETRIC_REPRESENTATION_CONTEXT() REPRESENTATION_CONTEXT('2D SPACE',''
  ) );
#619 = ADVANCED_FACE('',(#620),#289,.F.);
#620 = FACE_BOUND('',#621,.F.);
#621 = EDGE_LOOP('',(#622,#623,#646,#674));
#622 = ORIENTED_EDGE('',*,*,#273,.F.);
#623 = ORIENTED_EDGE('',*,*,#624,.T.);
#624 = EDGE_CURVE('',#252,#625,#627,.T.);
#625 = VERTEX_POINT('',#626);
#626 = CARTESIAN_POINT('',(117.,-24.5,-17.5));
#627 = SURFACE_CURVE('',#628,(#632,#639),.PCURVE_S1.);
#628 = LINE('',#629,#630);
#629 = CARTESIAN_POINT('',(-120.,-24.5,-17.5));
#630 = VECTOR('',#631,1.);
#631 = DIRECTION('',(1.,0.,0.));
#632 = PCURVE('',#289,#633);
#633 = DEFINITIONAL_REPRESENTATION('',(#634),#638);
#634 = LINE('',#635,#636);
#635 = CARTESIAN_POINT('',(0.,3.));
#636 = VECTOR('',#637,1.);
#637 = DIRECTION('',(1.,0.));
#638 = ( GEOMETRIC_REPRESENTATION_CONTEXT(2) 
PARAMETRIC_REPRESENTATION_CONTEXT() REPRESENTATION_CONTEXT('2D SPACE',''
  ) );
#639 = PCURVE('',#502,#640);
#640 = DEFINITIONAL_REPRESENTATION('',(#641),#645);
#641 = LINE('',#642,#643);
#642 = CARTESIAN_POINT('',(1.570796326795,0.));
#643 = VECTOR('',#644,1.);
#644 = DIRECTION('',(0.,1.));
#645 = ( GEOMETRIC_REPRESENTATION_CONTEXT(2) 
PARAMETRIC_REPRESENTATION_CONTEXT() REPRESENTATION_CONTEXT('2D SPACE',''
  ) );
#646 = ORIENTED_EDGE('',*,*,#647,.T.);
#647 = EDGE_CURVE('',#625,#648,#650,.T.);
#648 = VERTEX_POINT('',#649);
#649 = CARTESIAN_POINT('',(117.,24.5,-17.5));
#650 = SURFACE_CURVE('',#651,(#655,#662),.PCURVE_S1.);
#651 = LINE('',#652,#653);
#652 = CARTESIAN_POINT('',(117.,-27.5,-17.5));
#653 = VECTOR('',#654,1.);
#654 = DIRECTION('',(0.,1.,0.));
#655 = PCURVE('',#289,#656);
#656 = DEFINITIONAL_REPRESENTATION('',(#657),#661);
#657 = LINE('',#658,#659);
#658 = CARTESIAN_POINT('',(237.,0.));
#659 = VECTOR('',#660,1.);
#660 = DIRECTION('',(0.,1.));
#661 = ( GEOMETRIC_REPRESENTATION_CONTEXT(2) 
PARAMETRIC_REPRESENTATION_CONTEXT() REPRESENTATION_CONTEXT('2D SPACE',''
  ) );
#662 = PCURVE('',#663,#668);
#663 = CYLINDRICAL_SURFACE('',#664,3.);
#664 = AXIS2_PLACEMENT_3D('',#665,#666,#667);
#665 = CARTESIAN_POINT('',(117.,-27.5,-14.5));
#666 = DIRECTION('',(0.,1.,0.));
#667 = DIRECTION('',(1.,0.,-0.));
#668 = DEFINITIONAL_REPRESENTATION('',(#669),#673);
#669 = LINE('',#670,#671);
#670 = CARTESIAN_POINT('',(1.570796326795,0.));
#671 = VECTOR('',#672,1.);
#672 = DIRECTION('',(0.,1.));
#673 = ( GEOMETRIC_REPRESENTATION_CONTEXT(2) 
PARAMETRIC_REPRESENTATION_CONTEXT() REPRESENTATION_CONTEXT('2D SPACE',''
  ) );
#674 = ORIENTED_EDGE('',*,*,#675,.F.);
#675 = EDGE_CURVE('',#274,#648,#676,.T.);
#676 = SURFACE_CURVE('',#677,(#681,#688),.PCURVE_S1.);
#677 = LINE('',#678,#679);
#678 = CARTESIAN_POINT('',(-120.,24.5,-17.5));
#679 = VECTOR('',#680,1.);
#680 = DIRECTION('',(1.,0.,0.));
#681 = PCURVE('',#289,#682);
#682 = DEFINITIONAL_REPRESENTATION('',(#683),#687);
#683 = LINE('',#684,#685);
#684 = CARTESIAN_POINT('',(0.,52.));
#685 = VECTOR('',#686,1.);
#686 = DIRECTION('',(1.,0.));
#687 = ( GEOMETRIC_REPRESENTATION_CONTEXT(2) 
PARAMETRIC_REPRESENTATION_CONTEXT() REPRESENTATION_CONTEXT('2D SPACE',''
  ) );
#688 = PCURVE('',#689,#694);
#689 = CYLINDRICAL_SURFACE('',#690,3.);
#690 = AXIS2_PLACEMENT_3D('',#691,#692,#693);
#691 = CARTESIAN_POINT('',(-120.,24.5,-14.5));
#692 = DIRECTION('',(1.,0.,0.));
#693 = DIRECTION('',(-0.,1.,0.));
#694 = DEFINITIONAL_REPRESENTATION('',(#695),#699);
#695 = LINE('',#696,#697);
#696 = CARTESIAN_POINT('',(-1.570796326795,0.));
#697 = VECTOR('',#698,1.);
#698 = DIRECTION('',(-0.,1.));
#699 = ( GEOMETRIC_REPRESENTATION_CONTEXT(2) 
PARAMETRIC_REPRESENTATION_CONTEXT() REPRESENTATION_CONTEXT('2D SPACE',''
  ) );
#700 = ADVANCED_FACE('',(#701),#315,.T.);
#701 = FACE_BOUND('',#702,.F.);
#702 = EDGE_LOOP('',(#703,#704,#724));
#703 = ORIENTED_EDGE('',*,*,#301,.F.);
#704 = ORIENTED_EDGE('',*,*,#705,.T.);
#705 = EDGE_CURVE('',#274,#413,#706,.T.);
#706 = SURFACE_CURVE('',#707,(#712,#718),.PCURVE_S1.);
#707 = CIRCLE('',#708,3.);
#708 = AXIS2_PLACEMENT_3D('',#709,#710,#711);
#709 = CARTESIAN_POINT('',(-117.,24.5,-14.5));
#710 = DIRECTION('',(1.,6.123233995737E-17,-0.));
#711 = DIRECTION('',(-6.123233995737E-17,1.,0.));
#712 = PCURVE('',#315,#713);
#713 = DEFINITIONAL_REPRESENTATION('',(#714),#717);
#714 = B_SPLINE_CURVE_WITH_KNOTS('',1,(#715,#716),.UNSPECIFIED.,.F.,.F.,
  (2,2),(4.712388980385,6.28318530718),.PIECEWISE_BEZIER_KNOTS.);
#715 = CARTESIAN_POINT('',(-1.570796326795,-1.570796326795));
#716 = CARTESIAN_POINT('',(-1.570796326795,0.));
#717 = ( GEOMETRIC_REPRESENTATION_CONTEXT(2) 
PARAMETRIC_REPRESENTATION_CONTEXT() REPRESENTATION_CONTEXT('2D SPACE',''
  ) );
#718 = PCURVE('',#689,#719);
#719 = DEFINITIONAL_REPRESENTATION('',(#720),#723);
#720 = B_SPLINE_CURVE_WITH_KNOTS('',1,(#721,#722),.UNSPECIFIED.,.F.,.F.,
  (2,2),(4.712388980385,6.28318530718),.PIECEWISE_BEZIER_KNOTS.);
#721 = CARTESIAN_POINT('',(-1.570796326795,3.));
#722 = CARTESIAN_POINT('',(0.,3.));
#723 = ( GEOMETRIC_REPRESENTATION_CONTEXT(2) 
PARAMETRIC_REPRESENTATION_CONTEXT() REPRESENTATION_CONTEXT('2D SPACE',''
  ) );
#724 = ORIENTED_EDGE('',*,*,#412,.F.);
#725 = ADVANCED_FACE('',(#726,#969,#1083,#1118,#1153,#1428,#1760,#1986,
    #2318),#368,.T.);
#726 = FACE_BOUND('',#727,.T.);
#727 = EDGE_LOOP('',(#728,#729,#752,#780,#808,#836,#864,#892,#920,#943)
  );
#728 = ORIENTED_EDGE('',*,*,#352,.F.);
#729 = ORIENTED_EDGE('',*,*,#730,.T.);
#730 = EDGE_CURVE('',#331,#731,#733,.T.);
#731 = VERTEX_POINT('',#732);
#732 = CARTESIAN_POINT('',(117.,-24.5,17.5));
#733 = SURFACE_CURVE('',#734,(#738,#745),.PCURVE_S1.);
#734 = LINE('',#735,#736);
#735 = CARTESIAN_POINT('',(-120.,-24.5,17.5));
#736 = VECTOR('',#737,1.);
#737 = DIRECTION('',(1.,0.,0.));
#738 = PCURVE('',#368,#739);
#739 = DEFINITIONAL_REPRESENTATION('',(#740),#744);
#740 = LINE('',#741,#742);
#741 = CARTESIAN_POINT('',(0.,3.));
#742 = VECTOR('',#743,1.);
#743 = DIRECTION('',(1.,0.));
#744 = ( GEOMETRIC_REPRESENTATION_CONTEXT(2) 
PARAMETRIC_REPRESENTATION_CONTEXT() REPRESENTATION_CONTEXT('2D SPACE',''
  ) );
#745 = PCURVE('',#532,#746);
#746 = DEFINITIONAL_REPRESENTATION('',(#747),#751);
#747 = LINE('',#748,#749);
#748 = CARTESIAN_POINT('',(-1.570796326795,0.));
#749 = VECTOR('',#750,1.);
#750 = DIRECTION('',(-0.,1.));
#751 = ( GEOMETRIC_REPRESENTATION_CONTEXT(2) 
PARAMETRIC_REPRESENTATION_CONTEXT() REPRESENTATION_CONTEXT('2D SPACE',''
  ) );
#752 = ORIENTED_EDGE('',*,*,#753,.T.);
#753 = EDGE_CURVE('',#731,#754,#756,.T.);
#754 = VERTEX_POINT('',#755);
#755 = CARTESIAN_POINT('',(117.,-1.13525390625,17.5));
#756 = SURFACE_CURVE('',#757,(#761,#768),.PCURVE_S1.);
#757 = LINE('',#758,#759);
#758 = CARTESIAN_POINT('',(117.,-27.5,17.5));
#759 = VECTOR('',#760,1.);
#760 = DIRECTION('',(0.,1.,0.));
#761 = PCURVE('',#368,#762);
#762 = DEFINITIONAL_REPRESENTATION('',(#763),#767);
#763 = LINE('',#764,#765);
#764 = CARTESIAN_POINT('',(237.,0.));
#765 = VECTOR('',#766,1.);
#766 = DIRECTION('',(0.,1.));
#767 = ( GEOMETRIC_REPRESENTATION_CONTEXT(2) 
PARAMETRIC_REPRESENTATION_CONTEXT() REPRESENTATION_CONTEXT('2D SPACE',''
  ) );
#768 = PCURVE('',#769,#774);
#769 = CYLINDRICAL_SURFACE('',#770,3.);
#770 = AXIS2_PLACEMENT_3D('',#771,#772,#773);
#771 = CARTESIAN_POINT('',(117.,-27.5,14.5));
#772 = DIRECTION('',(0.,1.,0.));
#773 = DIRECTION('',(1.,0.,-0.));
#774 = DEFINITIONAL_REPRESENTATION('',(#775),#779);
#775 = LINE('',#776,#777);
#776 = CARTESIAN_POINT('',(-1.570796326795,0.));
#777 = VECTOR('',#778,1.);
#778 = DIRECTION('',(-0.,1.));
#779 = ( GEOMETRIC_REPRESENTATION_CONTEXT(2) 
PARAMETRIC_REPRESENTATION_CONTEXT() REPRESENTATION_CONTEXT('2D SPACE',''
  ) );
#780 = ORIENTED_EDGE('',*,*,#781,.T.);
#781 = EDGE_CURVE('',#754,#782,#784,.T.);
#782 = VERTEX_POINT('',#783);
#783 = CARTESIAN_POINT('',(115.849609375,-1.13525390625,17.5));
#784 = SURFACE_CURVE('',#785,(#789,#796),.PCURVE_S1.);
#785 = LINE('',#786,#787);
#786 = CARTESIAN_POINT('',(118.8427734375,-1.13525390625,17.5));
#787 = VECTOR('',#788,1.);
#788 = DIRECTION('',(-1.,0.,0.));
#789 = PCURVE('',#368,#790);
#790 = DEFINITIONAL_REPRESENTATION('',(#791),#795);
#791 = LINE('',#792,#793);
#792 = CARTESIAN_POINT('',(238.8427734375,26.36474609375));
#793 = VECTOR('',#794,1.);
#794 = DIRECTION('',(-1.,0.));
#795 = ( GEOMETRIC_REPRESENTATION_CONTEXT(2) 
PARAMETRIC_REPRESENTATION_CONTEXT() REPRESENTATION_CONTEXT('2D SPACE',''
  ) );
#796 = PCURVE('',#797,#802);
#797 = PLANE('',#798);
#798 = AXIS2_PLACEMENT_3D('',#799,#800,#801);
#799 = CARTESIAN_POINT('',(118.8427734375,-1.13525390625,17.5));
#800 = DIRECTION('',(0.,-1.,0.));
#801 = DIRECTION('',(-1.,0.,0.));
#802 = DEFINITIONAL_REPRESENTATION('',(#803),#807);
#803 = LINE('',#804,#805);
#804 = CARTESIAN_POINT('',(0.,-0.));
#805 = VECTOR('',#806,1.);
#806 = DIRECTION('',(1.,0.));
#807 = ( GEOMETRIC_REPRESENTATION_CONTEXT(2) 
PARAMETRIC_REPRESENTATION_CONTEXT() REPRESENTATION_CONTEXT('2D SPACE',''
  ) );
#808 = ORIENTED_EDGE('',*,*,#809,.T.);
#809 = EDGE_CURVE('',#782,#810,#812,.T.);
#810 = VERTEX_POINT('',#811);
#811 = CARTESIAN_POINT('',(115.0634765625,-3.30322265625,17.5));
#812 = SURFACE_CURVE('',#813,(#817,#824),.PCURVE_S1.);
#813 = LINE('',#814,#815);
#814 = CARTESIAN_POINT('',(115.849609375,-1.13525390625,17.5));
#815 = VECTOR('',#816,1.);
#816 = DIRECTION('',(-0.340892893414,-0.940102140844,0.));
#817 = PCURVE('',#368,#818);
#818 = DEFINITIONAL_REPRESENTATION('',(#819),#823);
#819 = LINE('',#820,#821);
#820 = CARTESIAN_POINT('',(235.849609375,26.36474609375));
#821 = VECTOR('',#822,1.);
#822 = DIRECTION('',(-0.340892893414,-0.940102140844));
#823 = ( GEOMETRIC_REPRESENTATION_CONTEXT(2) 
PARAMETRIC_REPRESENTATION_CONTEXT() REPRESENTATION_CONTEXT('2D SPACE',''
  ) );
#824 = PCURVE('',#825,#830);
#825 = PLANE('',#826);
#826 = AXIS2_PLACEMENT_3D('',#827,#828,#829);
#827 = CARTESIAN_POINT('',(115.849609375,-1.13525390625,17.5));
#828 = DIRECTION('',(0.940102140844,-0.340892893414,0.));
#829 = DIRECTION('',(-0.340892893414,-0.940102140844,0.));
#830 = DEFINITIONAL_REPRESENTATION('',(#831),#835);
#831 = LINE('',#832,#833);
#832 = CARTESIAN_POINT('',(0.,0.));
#833 = VECTOR('',#834,1.);
#834 = DIRECTION('',(1.,0.));
#835 = ( GEOMETRIC_REPRESENTATION_CONTEXT(2) 
PARAMETRIC_REPRESENTATION_CONTEXT() REPRESENTATION_CONTEXT('2D SPACE',''
  ) );
#836 = ORIENTED_EDGE('',*,*,#837,.T.);
#837 = EDGE_CURVE('',#810,#838,#840,.T.);
#838 = VERTEX_POINT('',#839);
#839 = CARTESIAN_POINT('',(114.0576171875,-3.30322265625,17.5));
#840 = SURFACE_CURVE('',#841,(#845,#852),.PCURVE_S1.);
#841 = LINE('',#842,#843);
#842 = CARTESIAN_POINT('',(115.0634765625,-3.30322265625,17.5));
#843 = VECTOR('',#844,1.);
#844 = DIRECTION('',(-1.,0.,0.));
#845 = PCURVE('',#368,#846);
#846 = DEFINITIONAL_REPRESENTATION('',(#847),#851);
#847 = LINE('',#848,#849);
#848 = CARTESIAN_POINT('',(235.0634765625,24.19677734375));
#849 = VECTOR('',#850,1.);
#850 = DIRECTION('',(-1.,0.));
#851 = ( GEOMETRIC_REPRESENTATION_CONTEXT(2) 
PARAMETRIC_REPRESENTATION_CONTEXT() REPRESENTATION_CONTEXT('2D SPACE',''
  ) );
#852 = PCURVE('',#853,#858);
#853 = PLANE('',#854);
#854 = AXIS2_PLACEMENT_3D('',#855,#856,#857);
#855 = CARTESIAN_POINT('',(115.0634765625,-3.30322265625,17.5));
#856 = DIRECTION('',(0.,-1.,0.));
#857 = DIRECTION('',(-1.,0.,0.));
#858 = DEFINITIONAL_REPRESENTATION('',(#859),#863);
#859 = LINE('',#860,#861);
#860 = CARTESIAN_POINT('',(0.,-0.));
#861 = VECTOR('',#862,1.);
#862 = DIRECTION('',(1.,0.));
#863 = ( GEOMETRIC_REPRESENTATION_CONTEXT(2) 
PARAMETRIC_REPRESENTATION_CONTEXT() REPRESENTATION_CONTEXT('2D SPACE',''
  ) );
#864 = ORIENTED_EDGE('',*,*,#865,.T.);
#865 = EDGE_CURVE('',#838,#866,#868,.T.);
#866 = VERTEX_POINT('',#867);
#867 = CARTESIAN_POINT('',(116.806640625,3.85498046875,17.5));
#868 = SURFACE_CURVE('',#869,(#873,#880),.PCURVE_S1.);
#869 = LINE('',#870,#871);
#870 = CARTESIAN_POINT('',(114.0576171875,-3.30322265625,17.5));
#871 = VECTOR('',#872,1.);
#872 = DIRECTION('',(0.358509651553,0.933526019853,0.));
#873 = PCURVE('',#368,#874);
#874 = DEFINITIONAL_REPRESENTATION('',(#875),#879);
#875 = LINE('',#876,#877);
#876 = CARTESIAN_POINT('',(234.0576171875,24.19677734375));
#877 = VECTOR('',#878,1.);
#878 = DIRECTION('',(0.358509651553,0.933526019853));
#879 = ( GEOMETRIC_REPRESENTATION_CONTEXT(2) 
PARAMETRIC_REPRESENTATION_CONTEXT() REPRESENTATION_CONTEXT('2D SPACE',''
  ) );
#880 = PCURVE('',#881,#886);
#881 = PLANE('',#882);
#882 = AXIS2_PLACEMENT_3D('',#883,#884,#885);
#883 = CARTESIAN_POINT('',(114.0576171875,-3.30322265625,17.5));
#884 = DIRECTION('',(-0.933526019853,0.358509651553,0.));
#885 = DIRECTION('',(0.358509651553,0.933526019853,0.));
#886 = DEFINITIONAL_REPRESENTATION('',(#887),#891);
#887 = LINE('',#888,#889);
#888 = CARTESIAN_POINT('',(0.,0.));
#889 = VECTOR('',#890,1.);
#890 = DIRECTION('',(1.,0.));
#891 = ( GEOMETRIC_REPRESENTATION_CONTEXT(2) 
PARAMETRIC_REPRESENTATION_CONTEXT() REPRESENTATION_CONTEXT('2D SPACE',''
  ) );
#892 = ORIENTED_EDGE('',*,*,#893,.T.);
#893 = EDGE_CURVE('',#866,#894,#896,.T.);
#894 = VERTEX_POINT('',#895);
#895 = CARTESIAN_POINT('',(117.,3.85498046875,17.5));
#896 = SURFACE_CURVE('',#897,(#901,#908),.PCURVE_S1.);
#897 = LINE('',#898,#899);
#898 = CARTESIAN_POINT('',(116.806640625,3.85498046875,17.5));
#899 = VECTOR('',#900,1.);
#900 = DIRECTION('',(1.,0.,0.));
#901 = PCURVE('',#368,#902);
#902 = DEFINITIONAL_REPRESENTATION('',(#903),#907);
#903 = LINE('',#904,#905);
#904 = CARTESIAN_POINT('',(236.806640625,31.35498046875));
#905 = VECTOR('',#906,1.);
#906 = DIRECTION('',(1.,0.));
#907 = ( GEOMETRIC_REPRESENTATION_CONTEXT(2) 
PARAMETRIC_REPRESENTATION_CONTEXT() REPRESENTATION_CONTEXT('2D SPACE',''
  ) );
#908 = PCURVE('',#909,#914);
#909 = PLANE('',#910);
#910 = AXIS2_PLACEMENT_3D('',#911,#912,#913);
#911 = CARTESIAN_POINT('',(116.806640625,3.85498046875,17.5));
#912 = DIRECTION('',(0.,1.,0.));
#913 = DIRECTION('',(1.,0.,0.));
#914 = DEFINITIONAL_REPRESENTATION('',(#915),#919);
#915 = LINE('',#916,#917);
#916 = CARTESIAN_POINT('',(0.,0.));
#917 = VECTOR('',#918,1.);
#918 = DIRECTION('',(1.,0.));
#919 = ( GEOMETRIC_REPRESENTATION_CONTEXT(2) 
PARAMETRIC_REPRESENTATION_CONTEXT() REPRESENTATION_CONTEXT('2D SPACE',''
  ) );
#920 = ORIENTED_EDGE('',*,*,#921,.T.);
#921 = EDGE_CURVE('',#894,#922,#924,.T.);
#922 = VERTEX_POINT('',#923);
#923 = CARTESIAN_POINT('',(117.,24.5,17.5));
#924 = SURFACE_CURVE('',#925,(#929,#936),.PCURVE_S1.);
#925 = LINE('',#926,#927);
#926 = CARTESIAN_POINT('',(117.,-27.5,17.5));
#927 = VECTOR('',#928,1.);
#928 = DIRECTION('',(0.,1.,0.));
#929 = PCURVE('',#368,#930);
#930 = DEFINITIONAL_REPRESENTATION('',(#931),#935);
#931 = LINE('',#932,#933);
#932 = CARTESIAN_POINT('',(237.,0.));
#933 = VECTOR('',#934,1.);
#934 = DIRECTION('',(0.,1.));
#935 = ( GEOMETRIC_REPRESENTATION_CONTEXT(2) 
PARAMETRIC_REPRESENTATION_CONTEXT() REPRESENTATION_CONTEXT('2D SPACE',''
  ) );
#936 = PCURVE('',#769,#937);
#937 = DEFINITIONAL_REPRESENTATION('',(#938),#942);
#938 = LINE('',#939,#940);
#939 = CARTESIAN_POINT('',(-1.570796326795,0.));
#940 = VECTOR('',#941,1.);
#941 = DIRECTION('',(-0.,1.));
#942 = ( GEOMETRIC_REPRESENTATION_CONTEXT(2) 
PARAMETRIC_REPRESENTATION_CONTEXT() REPRESENTATION_CONTEXT('2D SPACE',''
  ) );
#943 = ORIENTED_EDGE('',*,*,#944,.F.);
#944 = EDGE_CURVE('',#353,#922,#945,.T.);
#945 = SURFACE_CURVE('',#946,(#950,#957),.PCURVE_S1.);
#946 = LINE('',#947,#948);
#947 = CARTESIAN_POINT('',(-120.,24.5,17.5));
#948 = VECTOR('',#949,1.);
#949 = DIRECTION('',(1.,0.,0.));
#950 = PCURVE('',#368,#951);
#951 = DEFINITIONAL_REPRESENTATION('',(#952),#956);
#952 = LINE('',#953,#954);
#953 = CARTESIAN_POINT('',(0.,52.));
#954 = VECTOR('',#955,1.);
#955 = DIRECTION('',(1.,0.));
#956 = ( GEOMETRIC_REPRESENTATION_CONTEXT(2) 
PARAMETRIC_REPRESENTATION_CONTEXT() REPRESENTATION_CONTEXT('2D SPACE',''
  ) );
#957 = PCURVE('',#958,#963);
#958 = CYLINDRICAL_SURFACE('',#959,3.);
#959 = AXIS2_PLACEMENT_3D('',#960,#961,#962);
#960 = CARTESIAN_POINT('',(-120.,24.5,14.5));
#961 = DIRECTION('',(1.,0.,0.));
#962 = DIRECTION('',(-0.,1.,0.));
#963 = DEFINITIONAL_REPRESENTATION('',(#964),#968);
#964 = LINE('',#965,#966);
#965 = CARTESIAN_POINT('',(1.570796326795,0.));
#966 = VECTOR('',#967,1.);
#967 = DIRECTION('',(0.,1.));
#968 = ( GEOMETRIC_REPRESENTATION_CONTEXT(2) 
PARAMETRIC_REPRESENTATION_CONTEXT() REPRESENTATION_CONTEXT('2D SPACE',''
  ) );
#969 = FACE_BOUND('',#970,.T.);
#970 = EDGE_LOOP('',(#971,#1001,#1029,#1057));
#971 = ORIENTED_EDGE('',*,*,#972,.T.);
#972 = EDGE_CURVE('',#973,#975,#977,.T.);
#973 = VERTEX_POINT('',#974);
#974 = CARTESIAN_POINT('',(-111.,-8.5,17.5));
#975 = VERTEX_POINT('',#976);
#976 = CARTESIAN_POINT('',(-111.,8.5,17.5));
#977 = SURFACE_CURVE('',#978,(#982,#989),.PCURVE_S1.);
#978 = LINE('',#979,#980);
#979 = CARTESIAN_POINT('',(-111.,-8.5,17.5));
#980 = VECTOR('',#981,1.);
#981 = DIRECTION('',(0.,1.,0.));
#982 = PCURVE('',#368,#983);
#983 = DEFINITIONAL_REPRESENTATION('',(#984),#988);
#984 = LINE('',#985,#986);
#985 = CARTESIAN_POINT('',(9.,19.));
#986 = VECTOR('',#987,1.);
#987 = DIRECTION('',(0.,1.));
#988 = ( GEOMETRIC_REPRESENTATION_CONTEXT(2) 
PARAMETRIC_REPRESENTATION_CONTEXT() REPRESENTATION_CONTEXT('2D SPACE',''
  ) );
#989 = PCURVE('',#990,#995);
#990 = PLANE('',#991);
#991 = AXIS2_PLACEMENT_3D('',#992,#993,#994);
#992 = CARTESIAN_POINT('',(-111.,-8.5,15.5));
#993 = DIRECTION('',(1.,0.,0.));
#994 = DIRECTION('',(0.,0.,1.));
#995 = DEFINITIONAL_REPRESENTATION('',(#996),#1000);
#996 = LINE('',#997,#998);
#997 = CARTESIAN_POINT('',(2.,0.));
#998 = VECTOR('',#999,1.);
#999 = DIRECTION('',(0.,-1.));
#1000 = ( GEOMETRIC_REPRESENTATION_CONTEXT(2) 
PARAMETRIC_REPRESENTATION_CONTEXT() REPRESENTATION_CONTEXT('2D SPACE',''
  ) );
#1001 = ORIENTED_EDGE('',*,*,#1002,.T.);
#1002 = EDGE_CURVE('',#975,#1003,#1005,.T.);
#1003 = VERTEX_POINT('',#1004);
#1004 = CARTESIAN_POINT('',(-89.,8.5,17.5));
#1005 = SURFACE_CURVE('',#1006,(#1010,#1017),.PCURVE_S1.);
#1006 = LINE('',#1007,#1008);
#1007 = CARTESIAN_POINT('',(-111.,8.5,17.5));
#1008 = VECTOR('',#1009,1.);
#1009 = DIRECTION('',(1.,0.,0.));
#1010 = PCURVE('',#368,#1011);
#1011 = DEFINITIONAL_REPRESENTATION('',(#1012),#1016);
#1012 = LINE('',#1013,#1014);
#1013 = CARTESIAN_POINT('',(9.,36.));
#1014 = VECTOR('',#1015,1.);
#1015 = DIRECTION('',(1.,0.));
#1016 = ( GEOMETRIC_REPRESENTATION_CONTEXT(2) 
PARAMETRIC_REPRESENTATION_CONTEXT() REPRESENTATION_CONTEXT('2D SPACE',''
  ) );
#1017 = PCURVE('',#1018,#1023);
#1018 = PLANE('',#1019);
#1019 = AXIS2_PLACEMENT_3D('',#1020,#1021,#1022);
#1020 = CARTESIAN_POINT('',(-111.,8.5,15.5));
#1021 = DIRECTION('',(0.,1.,0.));
#1022 = DIRECTION('',(0.,0.,1.));
#1023 = DEFINITIONAL_REPRESENTATION('',(#1024),#1028);
#1024 = LINE('',#1025,#1026);
#1025 = CARTESIAN_POINT('',(2.,0.));
#1026 = VECTOR('',#1027,1.);
#1027 = DIRECTION('',(0.,1.));
#1028 = ( GEOMETRIC_REPRESENTATION_CONTEXT(2) 
PARAMETRIC_REPRESENTATION_CONTEXT() REPRESENTATION_CONTEXT('2D SPACE',''
  ) );
#1029 = ORIENTED_EDGE('',*,*,#1030,.F.);
#1030 = EDGE_CURVE('',#1031,#1003,#1033,.T.);
#1031 = VERTEX_POINT('',#1032);
#1032 = CARTESIAN_POINT('',(-89.,-8.5,17.5));
#1033 = SURFACE_CURVE('',#1034,(#1038,#1045),.PCURVE_S1.);
#1034 = LINE('',#1035,#1036);
#1035 = CARTESIAN_POINT('',(-89.,-8.5,17.5));
#1036 = VECTOR('',#1037,1.);
#1037 = DIRECTION('',(0.,1.,0.));
#1038 = PCURVE('',#368,#1039);
#1039 = DEFINITIONAL_REPRESENTATION('',(#1040),#1044);
#1040 = LINE('',#1041,#1042);
#1041 = CARTESIAN_POINT('',(31.,19.));
#1042 = VECTOR('',#1043,1.);
#1043 = DIRECTION('',(0.,1.));
#1044 = ( GEOMETRIC_REPRESENTATION_CONTEXT(2) 
PARAMETRIC_REPRESENTATION_CONTEXT() REPRESENTATION_CONTEXT('2D SPACE',''
  ) );
#1045 = PCURVE('',#1046,#1051);
#1046 = PLANE('',#1047);
#1047 = AXIS2_PLACEMENT_3D('',#1048,#1049,#1050);
#1048 = CARTESIAN_POINT('',(-89.,-8.5,15.5));
#1049 = DIRECTION('',(1.,0.,0.));
#1050 = DIRECTION('',(0.,0.,1.));
#1051 = DEFINITIONAL_REPRESENTATION('',(#1052),#1056);
#1052 = LINE('',#1053,#1054);
#1053 = CARTESIAN_POINT('',(2.,0.));
#1054 = VECTOR('',#1055,1.);
#1055 = DIRECTION('',(0.,-1.));
#1056 = ( GEOMETRIC_REPRESENTATION_CONTEXT(2) 
PARAMETRIC_REPRESENTATION_CONTEXT() REPRESENTATION_CONTEXT('2D SPACE',''
  ) );
#1057 = ORIENTED_EDGE('',*,*,#1058,.F.);
#1058 = EDGE_CURVE('',#973,#1031,#1059,.T.);
#1059 = SURFACE_CURVE('',#1060,(#1064,#1071),.PCURVE_S1.);
#1060 = LINE('',#1061,#1062);
#1061 = CARTESIAN_POINT('',(-111.,-8.5,17.5));
#1062 = VECTOR('',#1063,1.);
#1063 = DIRECTION('',(1.,0.,0.));
#1064 = PCURVE('',#368,#1065);
#1065 = DEFINITIONAL_REPRESENTATION('',(#1066),#1070);
#1066 = LINE('',#1067,#1068);
#1067 = CARTESIAN_POINT('',(9.,19.));
#1068 = VECTOR('',#1069,1.);
#1069 = DIRECTION('',(1.,0.));
#1070 = ( GEOMETRIC_REPRESENTATION_CONTEXT(2) 
PARAMETRIC_REPRESENTATION_CONTEXT() REPRESENTATION_CONTEXT('2D SPACE',''
  ) );
#1071 = PCURVE('',#1072,#1077);
#1072 = PLANE('',#1073);
#1073 = AXIS2_PLACEMENT_3D('',#1074,#1075,#1076);
#1074 = CARTESIAN_POINT('',(-111.,-8.5,15.5));
#1075 = DIRECTION('',(0.,1.,0.));
#1076 = DIRECTION('',(0.,0.,1.));
#1077 = DEFINITIONAL_REPRESENTATION('',(#1078),#1082);
#1078 = LINE('',#1079,#1080);
#1079 = CARTESIAN_POINT('',(2.,0.));
#1080 = VECTOR('',#1081,1.);
#1081 = DIRECTION('',(0.,1.));
#1082 = ( GEOMETRIC_REPRESENTATION_CONTEXT(2) 
PARAMETRIC_REPRESENTATION_CONTEXT() REPRESENTATION_CONTEXT('2D SPACE',''
  ) );
#1083 = FACE_BOUND('',#1084,.T.);
#1084 = EDGE_LOOP('',(#1085));
#1085 = ORIENTED_EDGE('',*,*,#1086,.T.);
#1086 = EDGE_CURVE('',#1087,#1087,#1089,.T.);
#1087 = VERTEX_POINT('',#1088);
#1088 = CARTESIAN_POINT('',(-40.,-4.898587196589E-15,17.5));
#1089 = SURFACE_CURVE('',#1090,(#1095,#1106),.PCURVE_S1.);
#1090 = CIRCLE('',#1091,20.);
#1091 = AXIS2_PLACEMENT_3D('',#1092,#1093,#1094);
#1092 = CARTESIAN_POINT('',(-60.,-6.661338147751E-16,17.5));
#1093 = DIRECTION('',(0.,0.,-1.));
#1094 = DIRECTION('',(1.,-2.116226690907E-16,0.));
#1095 = PCURVE('',#368,#1096);
#1096 = DEFINITIONAL_REPRESENTATION('',(#1097),#1105);
#1097 = ( BOUNDED_CURVE() B_SPLINE_CURVE(2,(#1098,#1099,#1100,#1101,
#1102,#1103,#1104),.UNSPECIFIED.,.T.,.F.) B_SPLINE_CURVE_WITH_KNOTS((1,2
    ,2,2,2,1),(-2.094395102393,0.,2.094395102393,4.188790204786,
6.28318530718,8.377580409573),.UNSPECIFIED.) CURVE() 
GEOMETRIC_REPRESENTATION_ITEM() RATIONAL_B_SPLINE_CURVE((1.,0.5,1.,0.5,
1.,0.5,1.)) REPRESENTATION_ITEM('') );
#1098 = CARTESIAN_POINT('',(80.,27.5));
#1099 = CARTESIAN_POINT('',(80.,-7.141016151378));
#1100 = CARTESIAN_POINT('',(50.,10.179491924311));
#1101 = CARTESIAN_POINT('',(20.,27.5));
#1102 = CARTESIAN_POINT('',(50.,44.820508075689));
#1103 = CARTESIAN_POINT('',(80.,62.141016151378));
#1104 = CARTESIAN_POINT('',(80.,27.5));
#1105 = ( GEOMETRIC_REPRESENTATION_CONTEXT(2) 
PARAMETRIC_REPRESENTATION_CONTEXT() REPRESENTATION_CONTEXT('2D SPACE',''
  ) );
#1106 = PCURVE('',#1107,#1112);
#1107 = CYLINDRICAL_SURFACE('',#1108,20.);
#1108 = AXIS2_PLACEMENT_3D('',#1109,#1110,#1111);
#1109 = CARTESIAN_POINT('',(-60.,0.,5.5));
#1110 = DIRECTION('',(0.,0.,1.));
#1111 = DIRECTION('',(1.,0.,0.));
#1112 = DEFINITIONAL_REPRESENTATION('',(#1113),#1117);
#1113 = LINE('',#1114,#1115);
#1114 = CARTESIAN_POINT('',(6.28318530718,12.));
#1115 = VECTOR('',#1116,1.);
#1116 = DIRECTION('',(-1.,-0.));
#1117 = ( GEOMETRIC_REPRESENTATION_CONTEXT(2) 
PARAMETRIC_REPRESENTATION_CONTEXT() REPRESENTATION_CONTEXT('2D SPACE',''
  ) );
#1118 = FACE_BOUND('',#1119,.T.);
#1119 = EDGE_LOOP('',(#1120));
#1120 = ORIENTED_EDGE('',*,*,#1121,.T.);
#1121 = EDGE_CURVE('',#1122,#1122,#1124,.T.);
#1122 = VERTEX_POINT('',#1123);
#1123 = CARTESIAN_POINT('',(20.,-4.898587196589E-15,17.5));
#1124 = SURFACE_CURVE('',#1125,(#1130,#1141),.PCURVE_S1.);
#1125 = CIRCLE('',#1126,20.);
#1126 = AXIS2_PLACEMENT_3D('',#1127,#1128,#1129);
#1127 = CARTESIAN_POINT('',(8.881784197001E-15,-6.661338147751E-16,17.5)
  );
#1128 = DIRECTION('',(0.,0.,-1.));
#1129 = DIRECTION('',(1.,-2.116226690907E-16,0.));
#1130 = PCURVE('',#368,#1131);
#1131 = DEFINITIONAL_REPRESENTATION('',(#1132),#1140);
#1132 = ( BOUNDED_CURVE() B_SPLINE_CURVE(2,(#1133,#1134,#1135,#1136,
#1137,#1138,#1139),.UNSPECIFIED.,.T.,.F.) B_SPLINE_CURVE_WITH_KNOTS((1,2
    ,2,2,2,1),(-2.094395102393,0.,2.094395102393,4.188790204786,
6.28318530718,8.377580409573),.UNSPECIFIED.) CURVE() 
GEOMETRIC_REPRESENTATION_ITEM() RATIONAL_B_SPLINE_CURVE((1.,0.5,1.,0.5,
1.,0.5,1.)) REPRESENTATION_ITEM('') );
#1133 = CARTESIAN_POINT('',(140.,27.5));
#1134 = CARTESIAN_POINT('',(140.,-7.141016151378));
#1135 = CARTESIAN_POINT('',(110.,10.179491924311));
#1136 = CARTESIAN_POINT('',(80.,27.5));
#1137 = CARTESIAN_POINT('',(110.,44.820508075689));
#1138 = CARTESIAN_POINT('',(140.,62.141016151378));
#1139 = CARTESIAN_POINT('',(140.,27.5));
#1140 = ( GEOMETRIC_REPRESENTATION_CONTEXT(2) 
PARAMETRIC_REPRESENTATION_CONTEXT() REPRESENTATION_CONTEXT('2D SPACE',''
  ) );
#1141 = PCURVE('',#1142,#1147);
#1142 = CYLINDRICAL_SURFACE('',#1143,20.);
#1143 = AXIS2_PLACEMENT_3D('',#1144,#1145,#1146);
#1144 = CARTESIAN_POINT('',(0.,0.,5.5));
#1145 = DIRECTION('',(0.,0.,1.));
#1146 = DIRECTION('',(1.,0.,0.));
#1147 = DEFINITIONAL_REPRESENTATION('',(#1148),#1152);
#1148 = LINE('',#1149,#1150);
#1149 = CARTESIAN_POINT('',(6.28318530718,12.));
#1150 = VECTOR('',#1151,1.);
#1151 = DIRECTION('',(-1.,-0.));
#1152 = ( GEOMETRIC_REPRESENTATION_CONTEXT(2) 
PARAMETRIC_REPRESENTATION_CONTEXT() REPRESENTATION_CONTEXT('2D SPACE',''
  ) );
#1153 = FACE_BOUND('',#1154,.T.);
#1154 = EDGE_LOOP('',(#1155,#1187,#1220,#1250,#1280,#1310,#1340,#1370,
    #1400));
#1155 = ORIENTED_EDGE('',*,*,#1156,.T.);
#1156 = EDGE_CURVE('',#1157,#1159,#1161,.T.);
#1157 = VERTEX_POINT('',#1158);
#1158 = CARTESIAN_POINT('',(80.3857421875,-3.42529296875,17.5));
#1159 = VERTEX_POINT('',#1160);
#1160 = CARTESIAN_POINT('',(79.714497444957,-3.367282360118,17.5));
#1161 = SURFACE_CURVE('',#1162,(#1166,#1173),.PCURVE_S1.);
#1162 = B_SPLINE_CURVE_WITH_KNOTS('',2,(#1163,#1164,#1165),
  .UNSPECIFIED.,.F.,.F.,(3,3),(0.,1.),.PIECEWISE_BEZIER_KNOTS.);
#1163 = CARTESIAN_POINT('',(80.3857421875,-3.42529296875,17.5));
#1164 = CARTESIAN_POINT('',(79.375,-3.42529296875,17.5));
#1165 = CARTESIAN_POINT('',(78.5791015625,-2.93701171875,17.5));
#1166 = PCURVE('',#368,#1167);
#1167 = DEFINITIONAL_REPRESENTATION('',(#1168),#1172);
#1168 = B_SPLINE_CURVE_WITH_KNOTS('',2,(#1169,#1170,#1171),
  .UNSPECIFIED.,.F.,.F.,(3,3),(0.,1.),.PIECEWISE_BEZIER_KNOTS.);
#1169 = CARTESIAN_POINT('',(200.3857421875,24.07470703125));
#1170 = CARTESIAN_POINT('',(199.375,24.07470703125));
#1171 = CARTESIAN_POINT('',(198.5791015625,24.56298828125));
#1172 = ( GEOMETRIC_REPRESENTATION_CONTEXT(2) 
PARAMETRIC_REPRESENTATION_CONTEXT() REPRESENTATION_CONTEXT('2D SPACE',''
  ) );
#1173 = PCURVE('',#1174,#1181);
#1174 = SURFACE_OF_LINEAR_EXTRUSION('',#1175,#1179);
#1175 = B_SPLINE_CURVE_WITH_KNOTS('',2,(#1176,#1177,#1178),
  .UNSPECIFIED.,.F.,.F.,(3,3),(0.,1.),.PIECEWISE_BEZIER_KNOTS.);
#1176 = CARTESIAN_POINT('',(80.3857421875,-3.42529296875,17.5));
#1177 = CARTESIAN_POINT('',(79.375,-3.42529296875,17.5));
#1178 = CARTESIAN_POINT('',(78.5791015625,-2.93701171875,17.5));
#1179 = VECTOR('',#1180,1.);
#1180 = DIRECTION('',(-0.,-0.,-1.));
#1181 = DEFINITIONAL_REPRESENTATION('',(#1182),#1186);
#1182 = LINE('',#1183,#1184);
#1183 = CARTESIAN_POINT('',(0.,0.));
#1184 = VECTOR('',#1185,1.);
#1185 = DIRECTION('',(1.,0.));
#1186 = ( GEOMETRIC_REPRESENTATION_CONTEXT(2) 
PARAMETRIC_REPRESENTATION_CONTEXT() REPRESENTATION_CONTEXT('2D SPACE',''
  ) );
#1187 = ORIENTED_EDGE('',*,*,#1188,.T.);
#1188 = EDGE_CURVE('',#1159,#1189,#1191,.T.);
#1189 = VERTEX_POINT('',#1190);
#1190 = CARTESIAN_POINT('',(79.614365594174,3.908537109722,17.5));
#1191 = SURFACE_CURVE('',#1192,(#1197,#1208),.PCURVE_S1.);
#1192 = CIRCLE('',#1193,20.);
#1193 = AXIS2_PLACEMENT_3D('',#1194,#1195,#1196);
#1194 = CARTESIAN_POINT('',(60.,-6.661338147751E-16,17.5));
#1195 = DIRECTION('',(0.,0.,-1.));
#1196 = DIRECTION('',(1.,-2.116226690907E-16,0.));
#1197 = PCURVE('',#368,#1198);
#1198 = DEFINITIONAL_REPRESENTATION('',(#1199),#1207);
#1199 = ( BOUNDED_CURVE() B_SPLINE_CURVE(2,(#1200,#1201,#1202,#1203,
#1204,#1205,#1206),.UNSPECIFIED.,.T.,.F.) B_SPLINE_CURVE_WITH_KNOTS((1,2
    ,2,2,2,1),(-2.094395102393,0.,2.094395102393,4.188790204786,
6.28318530718,8.377580409573),.UNSPECIFIED.) CURVE() 
GEOMETRIC_REPRESENTATION_ITEM() RATIONAL_B_SPLINE_CURVE((1.,0.5,1.,0.5,
1.,0.5,1.)) REPRESENTATION_ITEM('') );
#1200 = CARTESIAN_POINT('',(200.,27.5));
#1201 = CARTESIAN_POINT('',(200.,-7.141016151378));
#1202 = CARTESIAN_POINT('',(170.,10.179491924311));
#1203 = CARTESIAN_POINT('',(140.,27.5));
#1204 = CARTESIAN_POINT('',(170.,44.820508075689));
#1205 = CARTESIAN_POINT('',(200.,62.141016151378));
#1206 = CARTESIAN_POINT('',(200.,27.5));
#1207 = ( GEOMETRIC_REPRESENTATION_CONTEXT(2) 
PARAMETRIC_REPRESENTATION_CONTEXT() REPRESENTATION_CONTEXT('2D SPACE',''
  ) );
#1208 = PCURVE('',#1209,#1214);
#1209 = CYLINDRICAL_SURFACE('',#1210,20.);
#1210 = AXIS2_PLACEMENT_3D('',#1211,#1212,#1213);
#1211 = CARTESIAN_POINT('',(60.,0.,5.5));
#1212 = DIRECTION('',(0.,0.,1.));
#1213 = DIRECTION('',(1.,0.,0.));
#1214 = DEFINITIONAL_REPRESENTATION('',(#1215),#1219);
#1215 = LINE('',#1216,#1217);
#1216 = CARTESIAN_POINT('',(6.28318530718,12.));
#1217 = VECTOR('',#1218,1.);
#1218 = DIRECTION('',(-1.,-0.));
#1219 = ( GEOMETRIC_REPRESENTATION_CONTEXT(2) 
PARAMETRIC_REPRESENTATION_CONTEXT() REPRESENTATION_CONTEXT('2D SPACE',''
  ) );
#1220 = ORIENTED_EDGE('',*,*,#1221,.T.);
#1221 = EDGE_CURVE('',#1189,#1222,#1224,.T.);
#1222 = VERTEX_POINT('',#1223);
#1223 = CARTESIAN_POINT('',(80.390625,3.98193359375,17.5));
#1224 = SURFACE_CURVE('',#1225,(#1229,#1236),.PCURVE_S1.);
#1225 = B_SPLINE_CURVE_WITH_KNOTS('',2,(#1226,#1227,#1228),
  .UNSPECIFIED.,.F.,.F.,(3,3),(0.,1.),.PIECEWISE_BEZIER_KNOTS.);
#1226 = CARTESIAN_POINT('',(77.919921875,2.9736328125,17.5));
#1227 = CARTESIAN_POINT('',(78.876953125,3.98193359375,17.5));
#1228 = CARTESIAN_POINT('',(80.390625,3.98193359375,17.5));
#1229 = PCURVE('',#368,#1230);
#1230 = DEFINITIONAL_REPRESENTATION('',(#1231),#1235);
#1231 = B_SPLINE_CURVE_WITH_KNOTS('',2,(#1232,#1233,#1234),
  .UNSPECIFIED.,.F.,.F.,(3,3),(0.,1.),.PIECEWISE_BEZIER_KNOTS.);
#1232 = CARTESIAN_POINT('',(197.919921875,30.4736328125));
#1233 = CARTESIAN_POINT('',(198.876953125,31.48193359375));
#1234 = CARTESIAN_POINT('',(200.390625,31.48193359375));
#1235 = ( GEOMETRIC_REPRESENTATION_CONTEXT(2) 
PARAMETRIC_REPRESENTATION_CONTEXT() REPRESENTATION_CONTEXT('2D SPACE',''
  ) );
#1236 = PCURVE('',#1237,#1244);
#1237 = SURFACE_OF_LINEAR_EXTRUSION('',#1238,#1242);
#1238 = B_SPLINE_CURVE_WITH_KNOTS('',2,(#1239,#1240,#1241),
  .UNSPECIFIED.,.F.,.F.,(3,3),(0.,1.),.PIECEWISE_BEZIER_KNOTS.);
#1239 = CARTESIAN_POINT('',(77.919921875,2.9736328125,17.5));
#1240 = CARTESIAN_POINT('',(78.876953125,3.98193359375,17.5));
#1241 = CARTESIAN_POINT('',(80.390625,3.98193359375,17.5));
#1242 = VECTOR('',#1243,1.);
#1243 = DIRECTION('',(-0.,-0.,-1.));
#1244 = DEFINITIONAL_REPRESENTATION('',(#1245),#1249);
#1245 = LINE('',#1246,#1247);
#1246 = CARTESIAN_POINT('',(0.,0.));
#1247 = VECTOR('',#1248,1.);
#1248 = DIRECTION('',(1.,0.));
#1249 = ( GEOMETRIC_REPRESENTATION_CONTEXT(2) 
PARAMETRIC_REPRESENTATION_CONTEXT() REPRESENTATION_CONTEXT('2D SPACE',''
  ) );
#1250 = ORIENTED_EDGE('',*,*,#1251,.T.);
#1251 = EDGE_CURVE('',#1222,#1252,#1254,.T.);
#1252 = VERTEX_POINT('',#1253);
#1253 = CARTESIAN_POINT('',(82.177734375,3.50830078125,17.5));
#1254 = SURFACE_CURVE('',#1255,(#1259,#1266),.PCURVE_S1.);
#1255 = B_SPLINE_CURVE_WITH_KNOTS('',2,(#1256,#1257,#1258),
  .UNSPECIFIED.,.F.,.F.,(3,3),(0.,1.),.PIECEWISE_BEZIER_KNOTS.);
#1256 = CARTESIAN_POINT('',(80.390625,3.98193359375,17.5));
#1257 = CARTESIAN_POINT('',(81.3818359375,3.98193359375,17.5));
#1258 = CARTESIAN_POINT('',(82.177734375,3.50830078125,17.5));
#1259 = PCURVE('',#368,#1260);
#1260 = DEFINITIONAL_REPRESENTATION('',(#1261),#1265);
#1261 = B_SPLINE_CURVE_WITH_KNOTS('',2,(#1262,#1263,#1264),
  .UNSPECIFIED.,.F.,.F.,(3,3),(0.,1.),.PIECEWISE_BEZIER_KNOTS.);
#1262 = CARTESIAN_POINT('',(200.390625,31.48193359375));
#1263 = CARTESIAN_POINT('',(201.3818359375,31.48193359375));
#1264 = CARTESIAN_POINT('',(202.177734375,31.00830078125));
#1265 = ( GEOMETRIC_REPRESENTATION_CONTEXT(2) 
PARAMETRIC_REPRESENTATION_CONTEXT() REPRESENTATION_CONTEXT('2D SPACE',''
  ) );
#1266 = PCURVE('',#1267,#1274);
#1267 = SURFACE_OF_LINEAR_EXTRUSION('',#1268,#1272);
#1268 = B_SPLINE_CURVE_WITH_KNOTS('',2,(#1269,#1270,#1271),
  .UNSPECIFIED.,.F.,.F.,(3,3),(0.,1.),.PIECEWISE_BEZIER_KNOTS.);
#1269 = CARTESIAN_POINT('',(80.390625,3.98193359375,17.5));
#1270 = CARTESIAN_POINT('',(81.3818359375,3.98193359375,17.5));
#1271 = CARTESIAN_POINT('',(82.177734375,3.50830078125,17.5));
#1272 = VECTOR('',#1273,1.);
#1273 = DIRECTION('',(-0.,-0.,-1.));
#1274 = DEFINITIONAL_REPRESENTATION('',(#1275),#1279);
#1275 = LINE('',#1276,#1277);
#1276 = CARTESIAN_POINT('',(0.,0.));
#1277 = VECTOR('',#1278,1.);
#1278 = DIRECTION('',(1.,0.));
#1279 = ( GEOMETRIC_REPRESENTATION_CONTEXT(2) 
PARAMETRIC_REPRESENTATION_CONTEXT() REPRESENTATION_CONTEXT('2D SPACE',''
  ) );
#1280 = ORIENTED_EDGE('',*,*,#1281,.T.);
#1281 = EDGE_CURVE('',#1252,#1282,#1284,.T.);
#1282 = VERTEX_POINT('',#1283);
#1283 = CARTESIAN_POINT('',(83.39111328125,2.1875,17.5));
#1284 = SURFACE_CURVE('',#1285,(#1289,#1296),.PCURVE_S1.);
#1285 = B_SPLINE_CURVE_WITH_KNOTS('',2,(#1286,#1287,#1288),
  .UNSPECIFIED.,.F.,.F.,(3,3),(0.,1.),.PIECEWISE_BEZIER_KNOTS.);
#1286 = CARTESIAN_POINT('',(82.177734375,3.50830078125,17.5));
#1287 = CARTESIAN_POINT('',(82.9736328125,3.03466796875,17.5));
#1288 = CARTESIAN_POINT('',(83.39111328125,2.1875,17.5));
#1289 = PCURVE('',#368,#1290);
#1290 = DEFINITIONAL_REPRESENTATION('',(#1291),#1295);
#1291 = B_SPLINE_CURVE_WITH_KNOTS('',2,(#1292,#1293,#1294),
  .UNSPECIFIED.,.F.,.F.,(3,3),(0.,1.),.PIECEWISE_BEZIER_KNOTS.);
#1292 = CARTESIAN_POINT('',(202.177734375,31.00830078125));
#1293 = CARTESIAN_POINT('',(202.9736328125,30.53466796875));
#1294 = CARTESIAN_POINT('',(203.39111328125,29.6875));
#1295 = ( GEOMETRIC_REPRESENTATION_CONTEXT(2) 
PARAMETRIC_REPRESENTATION_CONTEXT() REPRESENTATION_CONTEXT('2D SPACE',''
  ) );
#1296 = PCURVE('',#1297,#1304);
#1297 = SURFACE_OF_LINEAR_EXTRUSION('',#1298,#1302);
#1298 = B_SPLINE_CURVE_WITH_KNOTS('',2,(#1299,#1300,#1301),
  .UNSPECIFIED.,.F.,.F.,(3,3),(0.,1.),.PIECEWISE_BEZIER_KNOTS.);
#1299 = CARTESIAN_POINT('',(82.177734375,3.50830078125,17.5));
#1300 = CARTESIAN_POINT('',(82.9736328125,3.03466796875,17.5));
#1301 = CARTESIAN_POINT('',(83.39111328125,2.1875,17.5));
#1302 = VECTOR('',#1303,1.);
#1303 = DIRECTION('',(-0.,-0.,-1.));
#1304 = DEFINITIONAL_REPRESENTATION('',(#1305),#1309);
#1305 = LINE('',#1306,#1307);
#1306 = CARTESIAN_POINT('',(0.,0.));
#1307 = VECTOR('',#1308,1.);
#1308 = DIRECTION('',(1.,0.));
#1309 = ( GEOMETRIC_REPRESENTATION_CONTEXT(2) 
PARAMETRIC_REPRESENTATION_CONTEXT() REPRESENTATION_CONTEXT('2D SPACE',''
  ) );
#1310 = ORIENTED_EDGE('',*,*,#1311,.T.);
#1311 = EDGE_CURVE('',#1282,#1312,#1314,.T.);
#1312 = VERTEX_POINT('',#1313);
#1313 = CARTESIAN_POINT('',(83.80859375,0.26611328125,17.5));
#1314 = SURFACE_CURVE('',#1315,(#1319,#1326),.PCURVE_S1.);
#1315 = B_SPLINE_CURVE_WITH_KNOTS('',2,(#1316,#1317,#1318),
  .UNSPECIFIED.,.F.,.F.,(3,3),(0.,1.),.PIECEWISE_BEZIER_KNOTS.);
#1316 = CARTESIAN_POINT('',(83.39111328125,2.1875,17.5));
#1317 = CARTESIAN_POINT('',(83.80859375,1.34033203125,17.5));
#1318 = CARTESIAN_POINT('',(83.80859375,0.26611328125,17.5));
#1319 = PCURVE('',#368,#1320);
#1320 = DEFINITIONAL_REPRESENTATION('',(#1321),#1325);
#1321 = B_SPLINE_CURVE_WITH_KNOTS('',2,(#1322,#1323,#1324),
  .UNSPECIFIED.,.F.,.F.,(3,3),(0.,1.),.PIECEWISE_BEZIER_KNOTS.);
#1322 = CARTESIAN_POINT('',(203.39111328125,29.6875));
#1323 = CARTESIAN_POINT('',(203.80859375,28.84033203125));
#1324 = CARTESIAN_POINT('',(203.80859375,27.76611328125));
#1325 = ( GEOMETRIC_REPRESENTATION_CONTEXT(2) 
PARAMETRIC_REPRESENTATION_CONTEXT() REPRESENTATION_CONTEXT('2D SPACE',''
  ) );
#1326 = PCURVE('',#1327,#1334);
#1327 = SURFACE_OF_LINEAR_EXTRUSION('',#1328,#1332);
#1328 = B_SPLINE_CURVE_WITH_KNOTS('',2,(#1329,#1330,#1331),
  .UNSPECIFIED.,.F.,.F.,(3,3),(0.,1.),.PIECEWISE_BEZIER_KNOTS.);
#1329 = CARTESIAN_POINT('',(83.39111328125,2.1875,17.5));
#1330 = CARTESIAN_POINT('',(83.80859375,1.34033203125,17.5));
#1331 = CARTESIAN_POINT('',(83.80859375,0.26611328125,17.5));
#1332 = VECTOR('',#1333,1.);
#1333 = DIRECTION('',(-0.,-0.,-1.));
#1334 = DEFINITIONAL_REPRESENTATION('',(#1335),#1339);
#1335 = LINE('',#1336,#1337);
#1336 = CARTESIAN_POINT('',(0.,0.));
#1337 = VECTOR('',#1338,1.);
#1338 = DIRECTION('',(1.,0.));
#1339 = ( GEOMETRIC_REPRESENTATION_CONTEXT(2) 
PARAMETRIC_REPRESENTATION_CONTEXT() REPRESENTATION_CONTEXT('2D SPACE',''
  ) );
#1340 = ORIENTED_EDGE('',*,*,#1341,.T.);
#1341 = EDGE_CURVE('',#1312,#1342,#1344,.T.);
#1342 = VERTEX_POINT('',#1343);
#1343 = CARTESIAN_POINT('',(83.369140625,-1.68212890625,17.5));
#1344 = SURFACE_CURVE('',#1345,(#1349,#1356),.PCURVE_S1.);
#1345 = B_SPLINE_CURVE_WITH_KNOTS('',2,(#1346,#1347,#1348),
  .UNSPECIFIED.,.F.,.F.,(3,3),(0.,1.),.PIECEWISE_BEZIER_KNOTS.);
#1346 = CARTESIAN_POINT('',(83.80859375,0.26611328125,17.5));
#1347 = CARTESIAN_POINT('',(83.80859375,-0.82275390625,17.5));
#1348 = CARTESIAN_POINT('',(83.369140625,-1.68212890625,17.5));
#1349 = PCURVE('',#368,#1350);
#1350 = DEFINITIONAL_REPRESENTATION('',(#1351),#1355);
#1351 = B_SPLINE_CURVE_WITH_KNOTS('',2,(#1352,#1353,#1354),
  .UNSPECIFIED.,.F.,.F.,(3,3),(0.,1.),.PIECEWISE_BEZIER_KNOTS.);
#1352 = CARTESIAN_POINT('',(203.80859375,27.76611328125));
#1353 = CARTESIAN_POINT('',(203.80859375,26.67724609375));
#1354 = CARTESIAN_POINT('',(203.369140625,25.81787109375));
#1355 = ( GEOMETRIC_REPRESENTATION_CONTEXT(2) 
PARAMETRIC_REPRESENTATION_CONTEXT() REPRESENTATION_CONTEXT('2D SPACE',''
  ) );
#1356 = PCURVE('',#1357,#1364);
#1357 = SURFACE_OF_LINEAR_EXTRUSION('',#1358,#1362);
#1358 = B_SPLINE_CURVE_WITH_KNOTS('',2,(#1359,#1360,#1361),
  .UNSPECIFIED.,.F.,.F.,(3,3),(0.,1.),.PIECEWISE_BEZIER_KNOTS.);
#1359 = CARTESIAN_POINT('',(83.80859375,0.26611328125,17.5));
#1360 = CARTESIAN_POINT('',(83.80859375,-0.82275390625,17.5));
#1361 = CARTESIAN_POINT('',(83.369140625,-1.68212890625,17.5));
#1362 = VECTOR('',#1363,1.);
#1363 = DIRECTION('',(-0.,-0.,-1.));
#1364 = DEFINITIONAL_REPRESENTATION('',(#1365),#1369);
#1365 = LINE('',#1366,#1367);
#1366 = CARTESIAN_POINT('',(0.,0.));
#1367 = VECTOR('',#1368,1.);
#1368 = DIRECTION('',(1.,0.));
#1369 = ( GEOMETRIC_REPRESENTATION_CONTEXT(2) 
PARAMETRIC_REPRESENTATION_CONTEXT() REPRESENTATION_CONTEXT('2D SPACE',''
  ) );
#1370 = ORIENTED_EDGE('',*,*,#1371,.T.);
#1371 = EDGE_CURVE('',#1342,#1372,#1374,.T.);
#1372 = VERTEX_POINT('',#1373);
#1373 = CARTESIAN_POINT('',(82.1240234375,-2.9833984375,17.5));
#1374 = SURFACE_CURVE('',#1375,(#1379,#1386),.PCURVE_S1.);
#1375 = B_SPLINE_CURVE_WITH_KNOTS('',2,(#1376,#1377,#1378),
  .UNSPECIFIED.,.F.,.F.,(3,3),(0.,1.),.PIECEWISE_BEZIER_KNOTS.);
#1376 = CARTESIAN_POINT('',(83.369140625,-1.68212890625,17.5));
#1377 = CARTESIAN_POINT('',(82.9296875,-2.54150390625,17.5));
#1378 = CARTESIAN_POINT('',(82.1240234375,-2.9833984375,17.5));
#1379 = PCURVE('',#368,#1380);
#1380 = DEFINITIONAL_REPRESENTATION('',(#1381),#1385);
#1381 = B_SPLINE_CURVE_WITH_KNOTS('',2,(#1382,#1383,#1384),
  .UNSPECIFIED.,.F.,.F.,(3,3),(0.,1.),.PIECEWISE_BEZIER_KNOTS.);
#1382 = CARTESIAN_POINT('',(203.369140625,25.81787109375));
#1383 = CARTESIAN_POINT('',(202.9296875,24.95849609375));
#1384 = CARTESIAN_POINT('',(202.1240234375,24.5166015625));
#1385 = ( GEOMETRIC_REPRESENTATION_CONTEXT(2) 
PARAMETRIC_REPRESENTATION_CONTEXT() REPRESENTATION_CONTEXT('2D SPACE',''
  ) );
#1386 = PCURVE('',#1387,#1394);
#1387 = SURFACE_OF_LINEAR_EXTRUSION('',#1388,#1392);
#1388 = B_SPLINE_CURVE_WITH_KNOTS('',2,(#1389,#1390,#1391),
  .UNSPECIFIED.,.F.,.F.,(3,3),(0.,1.),.PIECEWISE_BEZIER_KNOTS.);
#1389 = CARTESIAN_POINT('',(83.369140625,-1.68212890625,17.5));
#1390 = CARTESIAN_POINT('',(82.9296875,-2.54150390625,17.5));
#1391 = CARTESIAN_POINT('',(82.1240234375,-2.9833984375,17.5));
#1392 = VECTOR('',#1393,1.);
#1393 = DIRECTION('',(-0.,-0.,-1.));
#1394 = DEFINITIONAL_REPRESENTATION('',(#1395),#1399);
#1395 = LINE('',#1396,#1397);
#1396 = CARTESIAN_POINT('',(0.,0.));
#1397 = VECTOR('',#1398,1.);
#1398 = DIRECTION('',(1.,0.));
#1399 = ( GEOMETRIC_REPRESENTATION_CONTEXT(2) 
PARAMETRIC_REPRESENTATION_CONTEXT() REPRESENTATION_CONTEXT('2D SPACE',''
  ) );
#1400 = ORIENTED_EDGE('',*,*,#1401,.T.);
#1401 = EDGE_CURVE('',#1372,#1157,#1402,.T.);
#1402 = SURFACE_CURVE('',#1403,(#1407,#1414),.PCURVE_S1.);
#1403 = B_SPLINE_CURVE_WITH_KNOTS('',2,(#1404,#1405,#1406),
  .UNSPECIFIED.,.F.,.F.,(3,3),(0.,1.),.PIECEWISE_BEZIER_KNOTS.);
#1404 = CARTESIAN_POINT('',(82.1240234375,-2.9833984375,17.5));
#1405 = CARTESIAN_POINT('',(81.318359375,-3.42529296875,17.5));
#1406 = CARTESIAN_POINT('',(80.3857421875,-3.42529296875,17.5));
#1407 = PCURVE('',#368,#1408);
#1408 = DEFINITIONAL_REPRESENTATION('',(#1409),#1413);
#1409 = B_SPLINE_CURVE_WITH_KNOTS('',2,(#1410,#1411,#1412),
  .UNSPECIFIED.,.F.,.F.,(3,3),(0.,1.),.PIECEWISE_BEZIER_KNOTS.);
#1410 = CARTESIAN_POINT('',(202.1240234375,24.5166015625));
#1411 = CARTESIAN_POINT('',(201.318359375,24.07470703125));
#1412 = CARTESIAN_POINT('',(200.3857421875,24.07470703125));
#1413 = ( GEOMETRIC_REPRESENTATION_CONTEXT(2) 
PARAMETRIC_REPRESENTATION_CONTEXT() REPRESENTATION_CONTEXT('2D SPACE',''
  ) );
#1414 = PCURVE('',#1415,#1422);
#1415 = SURFACE_OF_LINEAR_EXTRUSION('',#1416,#1420);
#1416 = B_SPLINE_CURVE_WITH_KNOTS('',2,(#1417,#1418,#1419),
  .UNSPECIFIED.,.F.,.F.,(3,3),(0.,1.),.PIECEWISE_BEZIER_KNOTS.);
#1417 = CARTESIAN_POINT('',(82.1240234375,-2.9833984375,17.5));
#1418 = CARTESIAN_POINT('',(81.318359375,-3.42529296875,17.5));
#1419 = CARTESIAN_POINT('',(80.3857421875,-3.42529296875,17.5));
#1420 = VECTOR('',#1421,1.);
#1421 = DIRECTION('',(-0.,-0.,-1.));
#1422 = DEFINITIONAL_REPRESENTATION('',(#1423),#1427);
#1423 = LINE('',#1424,#1425);
#1424 = CARTESIAN_POINT('',(0.,0.));
#1425 = VECTOR('',#1426,1.);
#1426 = DIRECTION('',(1.,0.));
#1427 = ( GEOMETRIC_REPRESENTATION_CONTEXT(2) 
PARAMETRIC_REPRESENTATION_CONTEXT() REPRESENTATION_CONTEXT('2D SPACE',''
  ) );
#1428 = FACE_BOUND('',#1429,.T.);
#1429 = EDGE_LOOP('',(#1430,#1462,#1492,#1522,#1552,#1582,#1612,#1642,
    #1672,#1702,#1732));
#1430 = ORIENTED_EDGE('',*,*,#1431,.T.);
#1431 = EDGE_CURVE('',#1432,#1434,#1436,.T.);
#1432 = VERTEX_POINT('',#1433);
#1433 = CARTESIAN_POINT('',(85.1513671875,-1.60400390625,17.5));
#1434 = VERTEX_POINT('',#1435);
#1435 = CARTESIAN_POINT('',(84.7412109375,0.18310546875,17.5));
#1436 = SURFACE_CURVE('',#1437,(#1441,#1448),.PCURVE_S1.);
#1437 = B_SPLINE_CURVE_WITH_KNOTS('',2,(#1438,#1439,#1440),
  .UNSPECIFIED.,.F.,.F.,(3,3),(0.,1.),.PIECEWISE_BEZIER_KNOTS.);
#1438 = CARTESIAN_POINT('',(85.1513671875,-1.60400390625,17.5));
#1439 = CARTESIAN_POINT('',(84.7412109375,-0.75927734375,17.5));
#1440 = CARTESIAN_POINT('',(84.7412109375,0.18310546875,17.5));
#1441 = PCURVE('',#368,#1442);
#1442 = DEFINITIONAL_REPRESENTATION('',(#1443),#1447);
#1443 = B_SPLINE_CURVE_WITH_KNOTS('',2,(#1444,#1445,#1446),
  .UNSPECIFIED.,.F.,.F.,(3,3),(0.,1.),.PIECEWISE_BEZIER_KNOTS.);
#1444 = CARTESIAN_POINT('',(205.1513671875,25.89599609375));
#1445 = CARTESIAN_POINT('',(204.7412109375,26.74072265625));
#1446 = CARTESIAN_POINT('',(204.7412109375,27.68310546875));
#1447 = ( GEOMETRIC_REPRESENTATION_CONTEXT(2) 
PARAMETRIC_REPRESENTATION_CONTEXT() REPRESENTATION_CONTEXT('2D SPACE',''
  ) );
#1448 = PCURVE('',#1449,#1456);
#1449 = SURFACE_OF_LINEAR_EXTRUSION('',#1450,#1454);
#1450 = B_SPLINE_CURVE_WITH_KNOTS('',2,(#1451,#1452,#1453),
  .UNSPECIFIED.,.F.,.F.,(3,3),(0.,1.),.PIECEWISE_BEZIER_KNOTS.);
#1451 = CARTESIAN_POINT('',(85.1513671875,-1.60400390625,17.5));
#1452 = CARTESIAN_POINT('',(84.7412109375,-0.75927734375,17.5));
#1453 = CARTESIAN_POINT('',(84.7412109375,0.18310546875,17.5));
#1454 = VECTOR('',#1455,1.);
#1455 = DIRECTION('',(-0.,-0.,-1.));
#1456 = DEFINITIONAL_REPRESENTATION('',(#1457),#1461);
#1457 = LINE('',#1458,#1459);
#1458 = CARTESIAN_POINT('',(0.,0.));
#1459 = VECTOR('',#1460,1.);
#1460 = DIRECTION('',(1.,0.));
#1461 = ( GEOMETRIC_REPRESENTATION_CONTEXT(2) 
PARAMETRIC_REPRESENTATION_CONTEXT() REPRESENTATION_CONTEXT('2D SPACE',''
  ) );
#1462 = ORIENTED_EDGE('',*,*,#1463,.T.);
#1463 = EDGE_CURVE('',#1434,#1464,#1466,.T.);
#1464 = VERTEX_POINT('',#1465);
#1465 = CARTESIAN_POINT('',(85.6982421875,2.9736328125,17.5));
#1466 = SURFACE_CURVE('',#1467,(#1471,#1478),.PCURVE_S1.);
#1467 = B_SPLINE_CURVE_WITH_KNOTS('',2,(#1468,#1469,#1470),
  .UNSPECIFIED.,.F.,.F.,(3,3),(0.,1.),.PIECEWISE_BEZIER_KNOTS.);
#1468 = CARTESIAN_POINT('',(84.7412109375,0.18310546875,17.5));
#1469 = CARTESIAN_POINT('',(84.7412109375,1.96533203125,17.5));
#1470 = CARTESIAN_POINT('',(85.6982421875,2.9736328125,17.5));
#1471 = PCURVE('',#368,#1472);
#1472 = DEFINITIONAL_REPRESENTATION('',(#1473),#1477);
#1473 = B_SPLINE_CURVE_WITH_KNOTS('',2,(#1474,#1475,#1476),
  .UNSPECIFIED.,.F.,.F.,(3,3),(0.,1.),.PIECEWISE_BEZIER_KNOTS.);
#1474 = CARTESIAN_POINT('',(204.7412109375,27.68310546875));
#1475 = CARTESIAN_POINT('',(204.7412109375,29.46533203125));
#1476 = CARTESIAN_POINT('',(205.6982421875,30.4736328125));
#1477 = ( GEOMETRIC_REPRESENTATION_CONTEXT(2) 
PARAMETRIC_REPRESENTATION_CONTEXT() REPRESENTATION_CONTEXT('2D SPACE',''
  ) );
#1478 = PCURVE('',#1479,#1486);
#1479 = SURFACE_OF_LINEAR_EXTRUSION('',#1480,#1484);
#1480 = B_SPLINE_CURVE_WITH_KNOTS('',2,(#1481,#1482,#1483),
  .UNSPECIFIED.,.F.,.F.,(3,3),(0.,1.),.PIECEWISE_BEZIER_KNOTS.);
#1481 = CARTESIAN_POINT('',(84.7412109375,0.18310546875,17.5));
#1482 = CARTESIAN_POINT('',(84.7412109375,1.96533203125,17.5));
#1483 = CARTESIAN_POINT('',(85.6982421875,2.9736328125,17.5));
#1484 = VECTOR('',#1485,1.);
#1485 = DIRECTION('',(-0.,-0.,-1.));
#1486 = DEFINITIONAL_REPRESENTATION('',(#1487),#1491);
#1487 = LINE('',#1488,#1489);
#1488 = CARTESIAN_POINT('',(0.,0.));
#1489 = VECTOR('',#1490,1.);
#1490 = DIRECTION('',(1.,0.));
#1491 = ( GEOMETRIC_REPRESENTATION_CONTEXT(2) 
PARAMETRIC_REPRESENTATION_CONTEXT() REPRESENTATION_CONTEXT('2D SPACE',''
  ) );
#1492 = ORIENTED_EDGE('',*,*,#1493,.T.);
#1493 = EDGE_CURVE('',#1464,#1494,#1496,.T.);
#1494 = VERTEX_POINT('',#1495);
#1495 = CARTESIAN_POINT('',(88.1689453125,3.98193359375,17.5));
#1496 = SURFACE_CURVE('',#1497,(#1501,#1508),.PCURVE_S1.);
#1497 = B_SPLINE_CURVE_WITH_KNOTS('',2,(#1498,#1499,#1500),
  .UNSPECIFIED.,.F.,.F.,(3,3),(0.,1.),.PIECEWISE_BEZIER_KNOTS.);
#1498 = CARTESIAN_POINT('',(85.6982421875,2.9736328125,17.5));
#1499 = CARTESIAN_POINT('',(86.6552734375,3.98193359375,17.5));
#1500 = CARTESIAN_POINT('',(88.1689453125,3.98193359375,17.5));
#1501 = PCURVE('',#368,#1502);
#1502 = DEFINITIONAL_REPRESENTATION('',(#1503),#1507);
#1503 = B_SPLINE_CURVE_WITH_KNOTS('',2,(#1504,#1505,#1506),
  .UNSPECIFIED.,.F.,.F.,(3,3),(0.,1.),.PIECEWISE_BEZIER_KNOTS.);
#1504 = CARTESIAN_POINT('',(205.6982421875,30.4736328125));
#1505 = CARTESIAN_POINT('',(206.6552734375,31.48193359375));
#1506 = CARTESIAN_POINT('',(208.1689453125,31.48193359375));
#1507 = ( GEOMETRIC_REPRESENTATION_CONTEXT(2) 
PARAMETRIC_REPRESENTATION_CONTEXT() REPRESENTATION_CONTEXT('2D SPACE',''
  ) );
#1508 = PCURVE('',#1509,#1516);
#1509 = SURFACE_OF_LINEAR_EXTRUSION('',#1510,#1514);
#1510 = B_SPLINE_CURVE_WITH_KNOTS('',2,(#1511,#1512,#1513),
  .UNSPECIFIED.,.F.,.F.,(3,3),(0.,1.),.PIECEWISE_BEZIER_KNOTS.);
#1511 = CARTESIAN_POINT('',(85.6982421875,2.9736328125,17.5));
#1512 = CARTESIAN_POINT('',(86.6552734375,3.98193359375,17.5));
#1513 = CARTESIAN_POINT('',(88.1689453125,3.98193359375,17.5));
#1514 = VECTOR('',#1515,1.);
#1515 = DIRECTION('',(-0.,-0.,-1.));
#1516 = DEFINITIONAL_REPRESENTATION('',(#1517),#1521);
#1517 = LINE('',#1518,#1519);
#1518 = CARTESIAN_POINT('',(0.,0.));
#1519 = VECTOR('',#1520,1.);
#1520 = DIRECTION('',(1.,0.));
#1521 = ( GEOMETRIC_REPRESENTATION_CONTEXT(2) 
PARAMETRIC_REPRESENTATION_CONTEXT() REPRESENTATION_CONTEXT('2D SPACE',''
  ) );
#1522 = ORIENTED_EDGE('',*,*,#1523,.T.);
#1523 = EDGE_CURVE('',#1494,#1524,#1526,.T.);
#1524 = VERTEX_POINT('',#1525);
#1525 = CARTESIAN_POINT('',(89.9560546875,3.50830078125,17.5));
#1526 = SURFACE_CURVE('',#1527,(#1531,#1538),.PCURVE_S1.);
#1527 = B_SPLINE_CURVE_WITH_KNOTS('',2,(#1528,#1529,#1530),
  .UNSPECIFIED.,.F.,.F.,(3,3),(0.,1.),.PIECEWISE_BEZIER_KNOTS.);
#1528 = CARTESIAN_POINT('',(88.1689453125,3.98193359375,17.5));
#1529 = CARTESIAN_POINT('',(89.16015625,3.98193359375,17.5));
#1530 = CARTESIAN_POINT('',(89.9560546875,3.50830078125,17.5));
#1531 = PCURVE('',#368,#1532);
#1532 = DEFINITIONAL_REPRESENTATION('',(#1533),#1537);
#1533 = B_SPLINE_CURVE_WITH_KNOTS('',2,(#1534,#1535,#1536),
  .UNSPECIFIED.,.F.,.F.,(3,3),(0.,1.),.PIECEWISE_BEZIER_KNOTS.);
#1534 = CARTESIAN_POINT('',(208.1689453125,31.48193359375));
#1535 = CARTESIAN_POINT('',(209.16015625,31.48193359375));
#1536 = CARTESIAN_POINT('',(209.9560546875,31.00830078125));
#1537 = ( GEOMETRIC_REPRESENTATION_CONTEXT(2) 
PARAMETRIC_REPRESENTATION_CONTEXT() REPRESENTATION_CONTEXT('2D SPACE',''
  ) );
#1538 = PCURVE('',#1539,#1546);
#1539 = SURFACE_OF_LINEAR_EXTRUSION('',#1540,#1544);
#1540 = B_SPLINE_CURVE_WITH_KNOTS('',2,(#1541,#1542,#1543),
  .UNSPECIFIED.,.F.,.F.,(3,3),(0.,1.),.PIECEWISE_BEZIER_KNOTS.);
#1541 = CARTESIAN_POINT('',(88.1689453125,3.98193359375,17.5));
#1542 = CARTESIAN_POINT('',(89.16015625,3.98193359375,17.5));
#1543 = CARTESIAN_POINT('',(89.9560546875,3.50830078125,17.5));
#1544 = VECTOR('',#1545,1.);
#1545 = DIRECTION('',(-0.,-0.,-1.));
#1546 = DEFINITIONAL_REPRESENTATION('',(#1547),#1551);
#1547 = LINE('',#1548,#1549);
#1548 = CARTESIAN_POINT('',(0.,0.));
#1549 = VECTOR('',#1550,1.);
#1550 = DIRECTION('',(1.,0.));
#1551 = ( GEOMETRIC_REPRESENTATION_CONTEXT(2) 
PARAMETRIC_REPRESENTATION_CONTEXT() REPRESENTATION_CONTEXT('2D SPACE',''
  ) );
#1552 = ORIENTED_EDGE('',*,*,#1553,.T.);
#1553 = EDGE_CURVE('',#1524,#1554,#1556,.T.);
#1554 = VERTEX_POINT('',#1555);
#1555 = CARTESIAN_POINT('',(91.16943359375,2.1875,17.5));
#1556 = SURFACE_CURVE('',#1557,(#1561,#1568),.PCURVE_S1.);
#1557 = B_SPLINE_CURVE_WITH_KNOTS('',2,(#1558,#1559,#1560),
  .UNSPECIFIED.,.F.,.F.,(3,3),(0.,1.),.PIECEWISE_BEZIER_KNOTS.);
#1558 = CARTESIAN_POINT('',(89.9560546875,3.50830078125,17.5));
#1559 = CARTESIAN_POINT('',(90.751953125,3.03466796875,17.5));
#1560 = CARTESIAN_POINT('',(91.16943359375,2.1875,17.5));
#1561 = PCURVE('',#368,#1562);
#1562 = DEFINITIONAL_REPRESENTATION('',(#1563),#1567);
#1563 = B_SPLINE_CURVE_WITH_KNOTS('',2,(#1564,#1565,#1566),
  .UNSPECIFIED.,.F.,.F.,(3,3),(0.,1.),.PIECEWISE_BEZIER_KNOTS.);
#1564 = CARTESIAN_POINT('',(209.9560546875,31.00830078125));
#1565 = CARTESIAN_POINT('',(210.751953125,30.53466796875));
#1566 = CARTESIAN_POINT('',(211.16943359375,29.6875));
#1567 = ( GEOMETRIC_REPRESENTATION_CONTEXT(2) 
PARAMETRIC_REPRESENTATION_CONTEXT() REPRESENTATION_CONTEXT('2D SPACE',''
  ) );
#1568 = PCURVE('',#1569,#1576);
#1569 = SURFACE_OF_LINEAR_EXTRUSION('',#1570,#1574);
#1570 = B_SPLINE_CURVE_WITH_KNOTS('',2,(#1571,#1572,#1573),
  .UNSPECIFIED.,.F.,.F.,(3,3),(0.,1.),.PIECEWISE_BEZIER_KNOTS.);
#1571 = CARTESIAN_POINT('',(89.9560546875,3.50830078125,17.5));
#1572 = CARTESIAN_POINT('',(90.751953125,3.03466796875,17.5));
#1573 = CARTESIAN_POINT('',(91.16943359375,2.1875,17.5));
#1574 = VECTOR('',#1575,1.);
#1575 = DIRECTION('',(-0.,-0.,-1.));
#1576 = DEFINITIONAL_REPRESENTATION('',(#1577),#1581);
#1577 = LINE('',#1578,#1579);
#1578 = CARTESIAN_POINT('',(0.,0.));
#1579 = VECTOR('',#1580,1.);
#1580 = DIRECTION('',(1.,0.));
#1581 = ( GEOMETRIC_REPRESENTATION_CONTEXT(2) 
PARAMETRIC_REPRESENTATION_CONTEXT() REPRESENTATION_CONTEXT('2D SPACE',''
  ) );
#1582 = ORIENTED_EDGE('',*,*,#1583,.T.);
#1583 = EDGE_CURVE('',#1554,#1584,#1586,.T.);
#1584 = VERTEX_POINT('',#1585);
#1585 = CARTESIAN_POINT('',(91.5869140625,0.26611328125,17.5));
#1586 = SURFACE_CURVE('',#1587,(#1591,#1598),.PCURVE_S1.);
#1587 = B_SPLINE_CURVE_WITH_KNOTS('',2,(#1588,#1589,#1590),
  .UNSPECIFIED.,.F.,.F.,(3,3),(0.,1.),.PIECEWISE_BEZIER_KNOTS.);
#1588 = CARTESIAN_POINT('',(91.16943359375,2.1875,17.5));
#1589 = CARTESIAN_POINT('',(91.5869140625,1.34033203125,17.5));
#1590 = CARTESIAN_POINT('',(91.5869140625,0.26611328125,17.5));
#1591 = PCURVE('',#368,#1592);
#1592 = DEFINITIONAL_REPRESENTATION('',(#1593),#1597);
#1593 = B_SPLINE_CURVE_WITH_KNOTS('',2,(#1594,#1595,#1596),
  .UNSPECIFIED.,.F.,.F.,(3,3),(0.,1.),.PIECEWISE_BEZIER_KNOTS.);
#1594 = CARTESIAN_POINT('',(211.16943359375,29.6875));
#1595 = CARTESIAN_POINT('',(211.5869140625,28.84033203125));
#1596 = CARTESIAN_POINT('',(211.5869140625,27.76611328125));
#1597 = ( GEOMETRIC_REPRESENTATION_CONTEXT(2) 
PARAMETRIC_REPRESENTATION_CONTEXT() REPRESENTATION_CONTEXT('2D SPACE',''
  ) );
#1598 = PCURVE('',#1599,#1606);
#1599 = SURFACE_OF_LINEAR_EXTRUSION('',#1600,#1604);
#1600 = B_SPLINE_CURVE_WITH_KNOTS('',2,(#1601,#1602,#1603),
  .UNSPECIFIED.,.F.,.F.,(3,3),(0.,1.),.PIECEWISE_BEZIER_KNOTS.);
#1601 = CARTESIAN_POINT('',(91.16943359375,2.1875,17.5));
#1602 = CARTESIAN_POINT('',(91.5869140625,1.34033203125,17.5));
#1603 = CARTESIAN_POINT('',(91.5869140625,0.26611328125,17.5));
#1604 = VECTOR('',#1605,1.);
#1605 = DIRECTION('',(-0.,-0.,-1.));
#1606 = DEFINITIONAL_REPRESENTATION('',(#1607),#1611);
#1607 = LINE('',#1608,#1609);
#1608 = CARTESIAN_POINT('',(0.,0.));
#1609 = VECTOR('',#1610,1.);
#1610 = DIRECTION('',(1.,0.));
#1611 = ( GEOMETRIC_REPRESENTATION_CONTEXT(2) 
PARAMETRIC_REPRESENTATION_CONTEXT() REPRESENTATION_CONTEXT('2D SPACE',''
  ) );
#1612 = ORIENTED_EDGE('',*,*,#1613,.T.);
#1613 = EDGE_CURVE('',#1584,#1614,#1616,.T.);
#1614 = VERTEX_POINT('',#1615);
#1615 = CARTESIAN_POINT('',(91.1474609375,-1.68212890625,17.5));
#1616 = SURFACE_CURVE('',#1617,(#1621,#1628),.PCURVE_S1.);
#1617 = B_SPLINE_CURVE_WITH_KNOTS('',2,(#1618,#1619,#1620),
  .UNSPECIFIED.,.F.,.F.,(3,3),(0.,1.),.PIECEWISE_BEZIER_KNOTS.);
#1618 = CARTESIAN_POINT('',(91.5869140625,0.26611328125,17.5));
#1619 = CARTESIAN_POINT('',(91.5869140625,-0.82275390625,17.5));
#1620 = CARTESIAN_POINT('',(91.1474609375,-1.68212890625,17.5));
#1621 = PCURVE('',#368,#1622);
#1622 = DEFINITIONAL_REPRESENTATION('',(#1623),#1627);
#1623 = B_SPLINE_CURVE_WITH_KNOTS('',2,(#1624,#1625,#1626),
  .UNSPECIFIED.,.F.,.F.,(3,3),(0.,1.),.PIECEWISE_BEZIER_KNOTS.);
#1624 = CARTESIAN_POINT('',(211.5869140625,27.76611328125));
#1625 = CARTESIAN_POINT('',(211.5869140625,26.67724609375));
#1626 = CARTESIAN_POINT('',(211.1474609375,25.81787109375));
#1627 = ( GEOMETRIC_REPRESENTATION_CONTEXT(2) 
PARAMETRIC_REPRESENTATION_CONTEXT() REPRESENTATION_CONTEXT('2D SPACE',''
  ) );
#1628 = PCURVE('',#1629,#1636);
#1629 = SURFACE_OF_LINEAR_EXTRUSION('',#1630,#1634);
#1630 = B_SPLINE_CURVE_WITH_KNOTS('',2,(#1631,#1632,#1633),
  .UNSPECIFIED.,.F.,.F.,(3,3),(0.,1.),.PIECEWISE_BEZIER_KNOTS.);
#1631 = CARTESIAN_POINT('',(91.5869140625,0.26611328125,17.5));
#1632 = CARTESIAN_POINT('',(91.5869140625,-0.82275390625,17.5));
#1633 = CARTESIAN_POINT('',(91.1474609375,-1.68212890625,17.5));
#1634 = VECTOR('',#1635,1.);
#1635 = DIRECTION('',(-0.,-0.,-1.));
#1636 = DEFINITIONAL_REPRESENTATION('',(#1637),#1641);
#1637 = LINE('',#1638,#1639);
#1638 = CARTESIAN_POINT('',(0.,0.));
#1639 = VECTOR('',#1640,1.);
#1640 = DIRECTION('',(1.,0.));
#1641 = ( GEOMETRIC_REPRESENTATION_CONTEXT(2) 
PARAMETRIC_REPRESENTATION_CONTEXT() REPRESENTATION_CONTEXT('2D SPACE',''
  ) );
#1642 = ORIENTED_EDGE('',*,*,#1643,.T.);
#1643 = EDGE_CURVE('',#1614,#1644,#1646,.T.);
#1644 = VERTEX_POINT('',#1645);
#1645 = CARTESIAN_POINT('',(89.90234375,-2.9833984375,17.5));
#1646 = SURFACE_CURVE('',#1647,(#1651,#1658),.PCURVE_S1.);
#1647 = B_SPLINE_CURVE_WITH_KNOTS('',2,(#1648,#1649,#1650),
  .UNSPECIFIED.,.F.,.F.,(3,3),(0.,1.),.PIECEWISE_BEZIER_KNOTS.);
#1648 = CARTESIAN_POINT('',(91.1474609375,-1.68212890625,17.5));
#1649 = CARTESIAN_POINT('',(90.7080078125,-2.54150390625,17.5));
#1650 = CARTESIAN_POINT('',(89.90234375,-2.9833984375,17.5));
#1651 = PCURVE('',#368,#1652);
#1652 = DEFINITIONAL_REPRESENTATION('',(#1653),#1657);
#1653 = B_SPLINE_CURVE_WITH_KNOTS('',2,(#1654,#1655,#1656),
  .UNSPECIFIED.,.F.,.F.,(3,3),(0.,1.),.PIECEWISE_BEZIER_KNOTS.);
#1654 = CARTESIAN_POINT('',(211.1474609375,25.81787109375));
#1655 = CARTESIAN_POINT('',(210.7080078125,24.95849609375));
#1656 = CARTESIAN_POINT('',(209.90234375,24.5166015625));
#1657 = ( GEOMETRIC_REPRESENTATION_CONTEXT(2) 
PARAMETRIC_REPRESENTATION_CONTEXT() REPRESENTATION_CONTEXT('2D SPACE',''
  ) );
#1658 = PCURVE('',#1659,#1666);
#1659 = SURFACE_OF_LINEAR_EXTRUSION('',#1660,#1664);
#1660 = B_SPLINE_CURVE_WITH_KNOTS('',2,(#1661,#1662,#1663),
  .UNSPECIFIED.,.F.,.F.,(3,3),(0.,1.),.PIECEWISE_BEZIER_KNOTS.);
#1661 = CARTESIAN_POINT('',(91.1474609375,-1.68212890625,17.5));
#1662 = CARTESIAN_POINT('',(90.7080078125,-2.54150390625,17.5));
#1663 = CARTESIAN_POINT('',(89.90234375,-2.9833984375,17.5));
#1664 = VECTOR('',#1665,1.);
#1665 = DIRECTION('',(-0.,-0.,-1.));
#1666 = DEFINITIONAL_REPRESENTATION('',(#1667),#1671);
#1667 = LINE('',#1668,#1669);
#1668 = CARTESIAN_POINT('',(0.,0.));
#1669 = VECTOR('',#1670,1.);
#1670 = DIRECTION('',(1.,0.));
#1671 = ( GEOMETRIC_REPRESENTATION_CONTEXT(2) 
PARAMETRIC_REPRESENTATION_CONTEXT() REPRESENTATION_CONTEXT('2D SPACE',''
  ) );
#1672 = ORIENTED_EDGE('',*,*,#1673,.T.);
#1673 = EDGE_CURVE('',#1644,#1674,#1676,.T.);
#1674 = VERTEX_POINT('',#1675);
#1675 = CARTESIAN_POINT('',(88.1640625,-3.42529296875,17.5));
#1676 = SURFACE_CURVE('',#1677,(#1681,#1688),.PCURVE_S1.);
#1677 = B_SPLINE_CURVE_WITH_KNOTS('',2,(#1678,#1679,#1680),
  .UNSPECIFIED.,.F.,.F.,(3,3),(0.,1.),.PIECEWISE_BEZIER_KNOTS.);
#1678 = CARTESIAN_POINT('',(89.90234375,-2.9833984375,17.5));
#1679 = CARTESIAN_POINT('',(89.0966796875,-3.42529296875,17.5));
#1680 = CARTESIAN_POINT('',(88.1640625,-3.42529296875,17.5));
#1681 = PCURVE('',#368,#1682);
#1682 = DEFINITIONAL_REPRESENTATION('',(#1683),#1687);
#1683 = B_SPLINE_CURVE_WITH_KNOTS('',2,(#1684,#1685,#1686),
  .UNSPECIFIED.,.F.,.F.,(3,3),(0.,1.),.PIECEWISE_BEZIER_KNOTS.);
#1684 = CARTESIAN_POINT('',(209.90234375,24.5166015625));
#1685 = CARTESIAN_POINT('',(209.0966796875,24.07470703125));
#1686 = CARTESIAN_POINT('',(208.1640625,24.07470703125));
#1687 = ( GEOMETRIC_REPRESENTATION_CONTEXT(2) 
PARAMETRIC_REPRESENTATION_CONTEXT() REPRESENTATION_CONTEXT('2D SPACE',''
  ) );
#1688 = PCURVE('',#1689,#1696);
#1689 = SURFACE_OF_LINEAR_EXTRUSION('',#1690,#1694);
#1690 = B_SPLINE_CURVE_WITH_KNOTS('',2,(#1691,#1692,#1693),
  .UNSPECIFIED.,.F.,.F.,(3,3),(0.,1.),.PIECEWISE_BEZIER_KNOTS.);
#1691 = CARTESIAN_POINT('',(89.90234375,-2.9833984375,17.5));
#1692 = CARTESIAN_POINT('',(89.0966796875,-3.42529296875,17.5));
#1693 = CARTESIAN_POINT('',(88.1640625,-3.42529296875,17.5));
#1694 = VECTOR('',#1695,1.);
#1695 = DIRECTION('',(-0.,-0.,-1.));
#1696 = DEFINITIONAL_REPRESENTATION('',(#1697),#1701);
#1697 = LINE('',#1698,#1699);
#1698 = CARTESIAN_POINT('',(0.,0.));
#1699 = VECTOR('',#1700,1.);
#1700 = DIRECTION('',(1.,0.));
#1701 = ( GEOMETRIC_REPRESENTATION_CONTEXT(2) 
PARAMETRIC_REPRESENTATION_CONTEXT() REPRESENTATION_CONTEXT('2D SPACE',''
  ) );
#1702 = ORIENTED_EDGE('',*,*,#1703,.T.);
#1703 = EDGE_CURVE('',#1674,#1704,#1706,.T.);
#1704 = VERTEX_POINT('',#1705);
#1705 = CARTESIAN_POINT('',(86.357421875,-2.93701171875,17.5));
#1706 = SURFACE_CURVE('',#1707,(#1711,#1718),.PCURVE_S1.);
#1707 = B_SPLINE_CURVE_WITH_KNOTS('',2,(#1708,#1709,#1710),
  .UNSPECIFIED.,.F.,.F.,(3,3),(0.,1.),.PIECEWISE_BEZIER_KNOTS.);
#1708 = CARTESIAN_POINT('',(88.1640625,-3.42529296875,17.5));
#1709 = CARTESIAN_POINT('',(87.1533203125,-3.42529296875,17.5));
#1710 = CARTESIAN_POINT('',(86.357421875,-2.93701171875,17.5));
#1711 = PCURVE('',#368,#1712);
#1712 = DEFINITIONAL_REPRESENTATION('',(#1713),#1717);
#1713 = B_SPLINE_CURVE_WITH_KNOTS('',2,(#1714,#1715,#1716),
  .UNSPECIFIED.,.F.,.F.,(3,3),(0.,1.),.PIECEWISE_BEZIER_KNOTS.);
#1714 = CARTESIAN_POINT('',(208.1640625,24.07470703125));
#1715 = CARTESIAN_POINT('',(207.1533203125,24.07470703125));
#1716 = CARTESIAN_POINT('',(206.357421875,24.56298828125));
#1717 = ( GEOMETRIC_REPRESENTATION_CONTEXT(2) 
PARAMETRIC_REPRESENTATION_CONTEXT() REPRESENTATION_CONTEXT('2D SPACE',''
  ) );
#1718 = PCURVE('',#1719,#1726);
#1719 = SURFACE_OF_LINEAR_EXTRUSION('',#1720,#1724);
#1720 = B_SPLINE_CURVE_WITH_KNOTS('',2,(#1721,#1722,#1723),
  .UNSPECIFIED.,.F.,.F.,(3,3),(0.,1.),.PIECEWISE_BEZIER_KNOTS.);
#1721 = CARTESIAN_POINT('',(88.1640625,-3.42529296875,17.5));
#1722 = CARTESIAN_POINT('',(87.1533203125,-3.42529296875,17.5));
#1723 = CARTESIAN_POINT('',(86.357421875,-2.93701171875,17.5));
#1724 = VECTOR('',#1725,1.);
#1725 = DIRECTION('',(-0.,-0.,-1.));
#1726 = DEFINITIONAL_REPRESENTATION('',(#1727),#1731);
#1727 = LINE('',#1728,#1729);
#1728 = CARTESIAN_POINT('',(0.,0.));
#1729 = VECTOR('',#1730,1.);
#1730 = DIRECTION('',(1.,0.));
#1731 = ( GEOMETRIC_REPRESENTATION_CONTEXT(2) 
PARAMETRIC_REPRESENTATION_CONTEXT() REPRESENTATION_CONTEXT('2D SPACE',''
  ) );
#1732 = ORIENTED_EDGE('',*,*,#1733,.T.);
#1733 = EDGE_CURVE('',#1704,#1432,#1734,.T.);
#1734 = SURFACE_CURVE('',#1735,(#1739,#1746),.PCURVE_S1.);
#1735 = B_SPLINE_CURVE_WITH_KNOTS('',2,(#1736,#1737,#1738),
  .UNSPECIFIED.,.F.,.F.,(3,3),(0.,1.),.PIECEWISE_BEZIER_KNOTS.);
#1736 = CARTESIAN_POINT('',(86.357421875,-2.93701171875,17.5));
#1737 = CARTESIAN_POINT('',(85.5615234375,-2.44873046875,17.5));
#1738 = CARTESIAN_POINT('',(85.1513671875,-1.60400390625,17.5));
#1739 = PCURVE('',#368,#1740);
#1740 = DEFINITIONAL_REPRESENTATION('',(#1741),#1745);
#1741 = B_SPLINE_CURVE_WITH_KNOTS('',2,(#1742,#1743,#1744),
  .UNSPECIFIED.,.F.,.F.,(3,3),(0.,1.),.PIECEWISE_BEZIER_KNOTS.);
#1742 = CARTESIAN_POINT('',(206.357421875,24.56298828125));
#1743 = CARTESIAN_POINT('',(205.5615234375,25.05126953125));
#1744 = CARTESIAN_POINT('',(205.1513671875,25.89599609375));
#1745 = ( GEOMETRIC_REPRESENTATION_CONTEXT(2) 
PARAMETRIC_REPRESENTATION_CONTEXT() REPRESENTATION_CONTEXT('2D SPACE',''
  ) );
#1746 = PCURVE('',#1747,#1754);
#1747 = SURFACE_OF_LINEAR_EXTRUSION('',#1748,#1752);
#1748 = B_SPLINE_CURVE_WITH_KNOTS('',2,(#1749,#1750,#1751),
  .UNSPECIFIED.,.F.,.F.,(3,3),(0.,1.),.PIECEWISE_BEZIER_KNOTS.);
#1749 = CARTESIAN_POINT('',(86.357421875,-2.93701171875,17.5));
#1750 = CARTESIAN_POINT('',(85.5615234375,-2.44873046875,17.5));
#1751 = CARTESIAN_POINT('',(85.1513671875,-1.60400390625,17.5));
#1752 = VECTOR('',#1753,1.);
#1753 = DIRECTION('',(-0.,-0.,-1.));
#1754 = DEFINITIONAL_REPRESENTATION('',(#1755),#1759);
#1755 = LINE('',#1756,#1757);
#1756 = CARTESIAN_POINT('',(0.,0.));
#1757 = VECTOR('',#1758,1.);
#1758 = DIRECTION('',(1.,0.));
#1759 = ( GEOMETRIC_REPRESENTATION_CONTEXT(2) 
PARAMETRIC_REPRESENTATION_CONTEXT() REPRESENTATION_CONTEXT('2D SPACE',''
  ) );
#1760 = FACE_BOUND('',#1761,.T.);
#1761 = EDGE_LOOP('',(#1762,#1792,#1820,#1848,#1876,#1904,#1932,#1960));
#1762 = ORIENTED_EDGE('',*,*,#1763,.T.);
#1763 = EDGE_CURVE('',#1764,#1766,#1768,.T.);
#1764 = VERTEX_POINT('',#1765);
#1765 = CARTESIAN_POINT('',(95.576171875,3.01025390625,17.5));
#1766 = VERTEX_POINT('',#1767);
#1767 = CARTESIAN_POINT('',(95.576171875,-3.30322265625,17.5));
#1768 = SURFACE_CURVE('',#1769,(#1773,#1780),.PCURVE_S1.);
#1769 = LINE('',#1770,#1771);
#1770 = CARTESIAN_POINT('',(95.576171875,3.01025390625,17.5));
#1771 = VECTOR('',#1772,1.);
#1772 = DIRECTION('',(0.,-1.,0.));
#1773 = PCURVE('',#368,#1774);
#1774 = DEFINITIONAL_REPRESENTATION('',(#1775),#1779);
#1775 = LINE('',#1776,#1777);
#1776 = CARTESIAN_POINT('',(215.576171875,30.51025390625));
#1777 = VECTOR('',#1778,1.);
#1778 = DIRECTION('',(0.,-1.));
#1779 = ( GEOMETRIC_REPRESENTATION_CONTEXT(2) 
PARAMETRIC_REPRESENTATION_CONTEXT() REPRESENTATION_CONTEXT('2D SPACE',''
  ) );
#1780 = PCURVE('',#1781,#1786);
#1781 = PLANE('',#1782);
#1782 = AXIS2_PLACEMENT_3D('',#1783,#1784,#1785);
#1783 = CARTESIAN_POINT('',(95.576171875,3.01025390625,17.5));
#1784 = DIRECTION('',(1.,0.,0.));
#1785 = DIRECTION('',(0.,-1.,0.));
#1786 = DEFINITIONAL_REPRESENTATION('',(#1787),#1791);
#1787 = LINE('',#1788,#1789);
#1788 = CARTESIAN_POINT('',(0.,0.));
#1789 = VECTOR('',#1790,1.);
#1790 = DIRECTION('',(1.,0.));
#1791 = ( GEOMETRIC_REPRESENTATION_CONTEXT(2) 
PARAMETRIC_REPRESENTATION_CONTEXT() REPRESENTATION_CONTEXT('2D SPACE',''
  ) );
#1792 = ORIENTED_EDGE('',*,*,#1793,.T.);
#1793 = EDGE_CURVE('',#1766,#1794,#1796,.T.);
#1794 = VERTEX_POINT('',#1795);
#1795 = CARTESIAN_POINT('',(94.62890625,-3.30322265625,17.5));
#1796 = SURFACE_CURVE('',#1797,(#1801,#1808),.PCURVE_S1.);
#1797 = LINE('',#1798,#1799);
#1798 = CARTESIAN_POINT('',(95.576171875,-3.30322265625,17.5));
#1799 = VECTOR('',#1800,1.);
#1800 = DIRECTION('',(-1.,0.,0.));
#1801 = PCURVE('',#368,#1802);
#1802 = DEFINITIONAL_REPRESENTATION('',(#1803),#1807);
#1803 = LINE('',#1804,#1805);
#1804 = CARTESIAN_POINT('',(215.576171875,24.19677734375));
#1805 = VECTOR('',#1806,1.);
#1806 = DIRECTION('',(-1.,0.));
#1807 = ( GEOMETRIC_REPRESENTATION_CONTEXT(2) 
PARAMETRIC_REPRESENTATION_CONTEXT() REPRESENTATION_CONTEXT('2D SPACE',''
  ) );
#1808 = PCURVE('',#1809,#1814);
#1809 = PLANE('',#1810);
#1810 = AXIS2_PLACEMENT_3D('',#1811,#1812,#1813);
#1811 = CARTESIAN_POINT('',(95.576171875,-3.30322265625,17.5));
#1812 = DIRECTION('',(0.,-1.,0.));
#1813 = DIRECTION('',(-1.,0.,0.));
#1814 = DEFINITIONAL_REPRESENTATION('',(#1815),#1819);
#1815 = LINE('',#1816,#1817);
#1816 = CARTESIAN_POINT('',(0.,-0.));
#1817 = VECTOR('',#1818,1.);
#1818 = DIRECTION('',(1.,0.));
#1819 = ( GEOMETRIC_REPRESENTATION_CONTEXT(2) 
PARAMETRIC_REPRESENTATION_CONTEXT() REPRESENTATION_CONTEXT('2D SPACE',''
  ) );
#1820 = ORIENTED_EDGE('',*,*,#1821,.T.);
#1821 = EDGE_CURVE('',#1794,#1822,#1824,.T.);
#1822 = VERTEX_POINT('',#1823);
#1823 = CARTESIAN_POINT('',(94.62890625,3.01025390625,17.5));
#1824 = SURFACE_CURVE('',#1825,(#1829,#1836),.PCURVE_S1.);
#1825 = LINE('',#1826,#1827);
#1826 = CARTESIAN_POINT('',(94.62890625,-3.30322265625,17.5));
#1827 = VECTOR('',#1828,1.);
#1828 = DIRECTION('',(0.,1.,0.));
#1829 = PCURVE('',#368,#1830);
#1830 = DEFINITIONAL_REPRESENTATION('',(#1831),#1835);
#1831 = LINE('',#1832,#1833);
#1832 = CARTESIAN_POINT('',(214.62890625,24.19677734375));
#1833 = VECTOR('',#1834,1.);
#1834 = DIRECTION('',(0.,1.));
#1835 = ( GEOMETRIC_REPRESENTATION_CONTEXT(2) 
PARAMETRIC_REPRESENTATION_CONTEXT() REPRESENTATION_CONTEXT('2D SPACE',''
  ) );
#1836 = PCURVE('',#1837,#1842);
#1837 = PLANE('',#1838);
#1838 = AXIS2_PLACEMENT_3D('',#1839,#1840,#1841);
#1839 = CARTESIAN_POINT('',(94.62890625,-3.30322265625,17.5));
#1840 = DIRECTION('',(-1.,0.,0.));
#1841 = DIRECTION('',(0.,1.,0.));
#1842 = DEFINITIONAL_REPRESENTATION('',(#1843),#1847);
#1843 = LINE('',#1844,#1845);
#1844 = CARTESIAN_POINT('',(0.,0.));
#1845 = VECTOR('',#1846,1.);
#1846 = DIRECTION('',(1.,0.));
#1847 = ( GEOMETRIC_REPRESENTATION_CONTEXT(2) 
PARAMETRIC_REPRESENTATION_CONTEXT() REPRESENTATION_CONTEXT('2D SPACE',''
  ) );
#1848 = ORIENTED_EDGE('',*,*,#1849,.T.);
#1849 = EDGE_CURVE('',#1822,#1850,#1852,.T.);
#1850 = VERTEX_POINT('',#1851);
#1851 = CARTESIAN_POINT('',(92.2705078125,3.01025390625,17.5));
#1852 = SURFACE_CURVE('',#1853,(#1857,#1864),.PCURVE_S1.);
#1853 = LINE('',#1854,#1855);
#1854 = CARTESIAN_POINT('',(94.62890625,3.01025390625,17.5));
#1855 = VECTOR('',#1856,1.);
#1856 = DIRECTION('',(-1.,0.,0.));
#1857 = PCURVE('',#368,#1858);
#1858 = DEFINITIONAL_REPRESENTATION('',(#1859),#1863);
#1859 = LINE('',#1860,#1861);
#1860 = CARTESIAN_POINT('',(214.62890625,30.51025390625));
#1861 = VECTOR('',#1862,1.);
#1862 = DIRECTION('',(-1.,0.));
#1863 = ( GEOMETRIC_REPRESENTATION_CONTEXT(2) 
PARAMETRIC_REPRESENTATION_CONTEXT() REPRESENTATION_CONTEXT('2D SPACE',''
  ) );
#1864 = PCURVE('',#1865,#1870);
#1865 = PLANE('',#1866);
#1866 = AXIS2_PLACEMENT_3D('',#1867,#1868,#1869);
#1867 = CARTESIAN_POINT('',(94.62890625,3.01025390625,17.5));
#1868 = DIRECTION('',(0.,-1.,0.));
#1869 = DIRECTION('',(-1.,0.,0.));
#1870 = DEFINITIONAL_REPRESENTATION('',(#1871),#1875);
#1871 = LINE('',#1872,#1873);
#1872 = CARTESIAN_POINT('',(0.,-0.));
#1873 = VECTOR('',#1874,1.);
#1874 = DIRECTION('',(1.,0.));
#1875 = ( GEOMETRIC_REPRESENTATION_CONTEXT(2) 
PARAMETRIC_REPRESENTATION_CONTEXT() REPRESENTATION_CONTEXT('2D SPACE',''
  ) );
#1876 = ORIENTED_EDGE('',*,*,#1877,.T.);
#1877 = EDGE_CURVE('',#1850,#1878,#1880,.T.);
#1878 = VERTEX_POINT('',#1879);
#1879 = CARTESIAN_POINT('',(92.2705078125,3.85498046875,17.5));
#1880 = SURFACE_CURVE('',#1881,(#1885,#1892),.PCURVE_S1.);
#1881 = LINE('',#1882,#1883);
#1882 = CARTESIAN_POINT('',(92.2705078125,3.01025390625,17.5));
#1883 = VECTOR('',#1884,1.);
#1884 = DIRECTION('',(0.,1.,0.));
#1885 = PCURVE('',#368,#1886);
#1886 = DEFINITIONAL_REPRESENTATION('',(#1887),#1891);
#1887 = LINE('',#1888,#1889);
#1888 = CARTESIAN_POINT('',(212.2705078125,30.51025390625));
#1889 = VECTOR('',#1890,1.);
#1890 = DIRECTION('',(0.,1.));
#1891 = ( GEOMETRIC_REPRESENTATION_CONTEXT(2) 
PARAMETRIC_REPRESENTATION_CONTEXT() REPRESENTATION_CONTEXT('2D SPACE',''
  ) );
#1892 = PCURVE('',#1893,#1898);
#1893 = PLANE('',#1894);
#1894 = AXIS2_PLACEMENT_3D('',#1895,#1896,#1897);
#1895 = CARTESIAN_POINT('',(92.2705078125,3.01025390625,17.5));
#1896 = DIRECTION('',(-1.,0.,0.));
#1897 = DIRECTION('',(0.,1.,0.));
#1898 = DEFINITIONAL_REPRESENTATION('',(#1899),#1903);
#1899 = LINE('',#1900,#1901);
#1900 = CARTESIAN_POINT('',(0.,0.));
#1901 = VECTOR('',#1902,1.);
#1902 = DIRECTION('',(1.,0.));
#1903 = ( GEOMETRIC_REPRESENTATION_CONTEXT(2) 
PARAMETRIC_REPRESENTATION_CONTEXT() REPRESENTATION_CONTEXT('2D SPACE',''
  ) );
#1904 = ORIENTED_EDGE('',*,*,#1905,.T.);
#1905 = EDGE_CURVE('',#1878,#1906,#1908,.T.);
#1906 = VERTEX_POINT('',#1907);
#1907 = CARTESIAN_POINT('',(97.9443359375,3.85498046875,17.5));
#1908 = SURFACE_CURVE('',#1909,(#1913,#1920),.PCURVE_S1.);
#1909 = LINE('',#1910,#1911);
#1910 = CARTESIAN_POINT('',(92.2705078125,3.85498046875,17.5));
#1911 = VECTOR('',#1912,1.);
#1912 = DIRECTION('',(1.,0.,0.));
#1913 = PCURVE('',#368,#1914);
#1914 = DEFINITIONAL_REPRESENTATION('',(#1915),#1919);
#1915 = LINE('',#1916,#1917);
#1916 = CARTESIAN_POINT('',(212.2705078125,31.35498046875));
#1917 = VECTOR('',#1918,1.);
#1918 = DIRECTION('',(1.,0.));
#1919 = ( GEOMETRIC_REPRESENTATION_CONTEXT(2) 
PARAMETRIC_REPRESENTATION_CONTEXT() REPRESENTATION_CONTEXT('2D SPACE',''
  ) );
#1920 = PCURVE('',#1921,#1926);
#1921 = PLANE('',#1922);
#1922 = AXIS2_PLACEMENT_3D('',#1923,#1924,#1925);
#1923 = CARTESIAN_POINT('',(92.2705078125,3.85498046875,17.5));
#1924 = DIRECTION('',(0.,1.,0.));
#1925 = DIRECTION('',(1.,0.,0.));
#1926 = DEFINITIONAL_REPRESENTATION('',(#1927),#1931);
#1927 = LINE('',#1928,#1929);
#1928 = CARTESIAN_POINT('',(0.,0.));
#1929 = VECTOR('',#1930,1.);
#1930 = DIRECTION('',(1.,0.));
#1931 = ( GEOMETRIC_REPRESENTATION_CONTEXT(2) 
PARAMETRIC_REPRESENTATION_CONTEXT() REPRESENTATION_CONTEXT('2D SPACE',''
  ) );
#1932 = ORIENTED_EDGE('',*,*,#1933,.T.);
#1933 = EDGE_CURVE('',#1906,#1934,#1936,.T.);
#1934 = VERTEX_POINT('',#1935);
#1935 = CARTESIAN_POINT('',(97.9443359375,3.01025390625,17.5));
#1936 = SURFACE_CURVE('',#1937,(#1941,#1948),.PCURVE_S1.);
#1937 = LINE('',#1938,#1939);
#1938 = CARTESIAN_POINT('',(97.9443359375,3.85498046875,17.5));
#1939 = VECTOR('',#1940,1.);
#1940 = DIRECTION('',(0.,-1.,0.));
#1941 = PCURVE('',#368,#1942);
#1942 = DEFINITIONAL_REPRESENTATION('',(#1943),#1947);
#1943 = LINE('',#1944,#1945);
#1944 = CARTESIAN_POINT('',(217.9443359375,31.35498046875));
#1945 = VECTOR('',#1946,1.);
#1946 = DIRECTION('',(0.,-1.));
#1947 = ( GEOMETRIC_REPRESENTATION_CONTEXT(2) 
PARAMETRIC_REPRESENTATION_CONTEXT() REPRESENTATION_CONTEXT('2D SPACE',''
  ) );
#1948 = PCURVE('',#1949,#1954);
#1949 = PLANE('',#1950);
#1950 = AXIS2_PLACEMENT_3D('',#1951,#1952,#1953);
#1951 = CARTESIAN_POINT('',(97.9443359375,3.85498046875,17.5));
#1952 = DIRECTION('',(1.,0.,0.));
#1953 = DIRECTION('',(0.,-1.,0.));
#1954 = DEFINITIONAL_REPRESENTATION('',(#1955),#1959);
#1955 = LINE('',#1956,#1957);
#1956 = CARTESIAN_POINT('',(0.,0.));
#1957 = VECTOR('',#1958,1.);
#1958 = DIRECTION('',(1.,0.));
#1959 = ( GEOMETRIC_REPRESENTATION_CONTEXT(2) 
PARAMETRIC_REPRESENTATION_CONTEXT() REPRESENTATION_CONTEXT('2D SPACE',''
  ) );
#1960 = ORIENTED_EDGE('',*,*,#1961,.T.);
#1961 = EDGE_CURVE('',#1934,#1764,#1962,.T.);
#1962 = SURFACE_CURVE('',#1963,(#1967,#1974),.PCURVE_S1.);
#1963 = LINE('',#1964,#1965);
#1964 = CARTESIAN_POINT('',(97.9443359375,3.01025390625,17.5));
#1965 = VECTOR('',#1966,1.);
#1966 = DIRECTION('',(-1.,0.,0.));
#1967 = PCURVE('',#368,#1968);
#1968 = DEFINITIONAL_REPRESENTATION('',(#1969),#1973);
#1969 = LINE('',#1970,#1971);
#1970 = CARTESIAN_POINT('',(217.9443359375,30.51025390625));
#1971 = VECTOR('',#1972,1.);
#1972 = DIRECTION('',(-1.,0.));
#1973 = ( GEOMETRIC_REPRESENTATION_CONTEXT(2) 
PARAMETRIC_REPRESENTATION_CONTEXT() REPRESENTATION_CONTEXT('2D SPACE',''
  ) );
#1974 = PCURVE('',#1975,#1980);
#1975 = PLANE('',#1976);
#1976 = AXIS2_PLACEMENT_3D('',#1977,#1978,#1979);
#1977 = CARTESIAN_POINT('',(97.9443359375,3.01025390625,17.5));
#1978 = DIRECTION('',(0.,-1.,0.));
#1979 = DIRECTION('',(-1.,0.,0.));
#1980 = DEFINITIONAL_REPRESENTATION('',(#1981),#1985);
#1981 = LINE('',#1982,#1983);
#1982 = CARTESIAN_POINT('',(0.,-0.));
#1983 = VECTOR('',#1984,1.);
#1984 = DIRECTION('',(1.,0.));
#1985 = ( GEOMETRIC_REPRESENTATION_CONTEXT(2) 
PARAMETRIC_REPRESENTATION_CONTEXT() REPRESENTATION_CONTEXT('2D SPACE',''
  ) );
#1986 = FACE_BOUND('',#1987,.T.);
#1987 = EDGE_LOOP('',(#1988,#2020,#2050,#2080,#2110,#2140,#2170,#2200,
    #2230,#2260,#2290));
#1988 = ORIENTED_EDGE('',*,*,#1989,.T.);
#1989 = EDGE_CURVE('',#1990,#1992,#1994,.T.);
#1990 = VERTEX_POINT('',#1991);
#1991 = CARTESIAN_POINT('',(98.857421875,-1.60400390625,17.5));
#1992 = VERTEX_POINT('',#1993);
#1993 = CARTESIAN_POINT('',(98.447265625,0.18310546875,17.5));
#1994 = SURFACE_CURVE('',#1995,(#1999,#2006),.PCURVE_S1.);
#1995 = B_SPLINE_CURVE_WITH_KNOTS('',2,(#1996,#1997,#1998),
  .UNSPECIFIED.,.F.,.F.,(3,3),(0.,1.),.PIECEWISE_BEZIER_KNOTS.);
#1996 = CARTESIAN_POINT('',(98.857421875,-1.60400390625,17.5));
#1997 = CARTESIAN_POINT('',(98.447265625,-0.75927734375,17.5));
#1998 = CARTESIAN_POINT('',(98.447265625,0.18310546875,17.5));
#1999 = PCURVE('',#368,#2000);
#2000 = DEFINITIONAL_REPRESENTATION('',(#2001),#2005);
#2001 = B_SPLINE_CURVE_WITH_KNOTS('',2,(#2002,#2003,#2004),
  .UNSPECIFIED.,.F.,.F.,(3,3),(0.,1.),.PIECEWISE_BEZIER_KNOTS.);
#2002 = CARTESIAN_POINT('',(218.857421875,25.89599609375));
#2003 = CARTESIAN_POINT('',(218.447265625,26.74072265625));
#2004 = CARTESIAN_POINT('',(218.447265625,27.68310546875));
#2005 = ( GEOMETRIC_REPRESENTATION_CONTEXT(2) 
PARAMETRIC_REPRESENTATION_CONTEXT() REPRESENTATION_CONTEXT('2D SPACE',''
  ) );
#2006 = PCURVE('',#2007,#2014);
#2007 = SURFACE_OF_LINEAR_EXTRUSION('',#2008,#2012);
#2008 = B_SPLINE_CURVE_WITH_KNOTS('',2,(#2009,#2010,#2011),
  .UNSPECIFIED.,.F.,.F.,(3,3),(0.,1.),.PIECEWISE_BEZIER_KNOTS.);
#2009 = CARTESIAN_POINT('',(98.857421875,-1.60400390625,17.5));
#2010 = CARTESIAN_POINT('',(98.447265625,-0.75927734375,17.5));
#2011 = CARTESIAN_POINT('',(98.447265625,0.18310546875,17.5));
#2012 = VECTOR('',#2013,1.);
#2013 = DIRECTION('',(-0.,-0.,-1.));
#2014 = DEFINITIONAL_REPRESENTATION('',(#2015),#2019);
#2015 = LINE('',#2016,#2017);
#2016 = CARTESIAN_POINT('',(0.,0.));
#2017 = VECTOR('',#2018,1.);
#2018 = DIRECTION('',(1.,0.));
#2019 = ( GEOMETRIC_REPRESENTATION_CONTEXT(2) 
PARAMETRIC_REPRESENTATION_CONTEXT() REPRESENTATION_CONTEXT('2D SPACE',''
  ) );
#2020 = ORIENTED_EDGE('',*,*,#2021,.T.);
#2021 = EDGE_CURVE('',#1992,#2022,#2024,.T.);
#2022 = VERTEX_POINT('',#2023);
#2023 = CARTESIAN_POINT('',(99.404296875,2.9736328125,17.5));
#2024 = SURFACE_CURVE('',#2025,(#2029,#2036),.PCURVE_S1.);
#2025 = B_SPLINE_CURVE_WITH_KNOTS('',2,(#2026,#2027,#2028),
  .UNSPECIFIED.,.F.,.F.,(3,3),(0.,1.),.PIECEWISE_BEZIER_KNOTS.);
#2026 = CARTESIAN_POINT('',(98.447265625,0.18310546875,17.5));
#2027 = CARTESIAN_POINT('',(98.447265625,1.96533203125,17.5));
#2028 = CARTESIAN_POINT('',(99.404296875,2.9736328125,17.5));
#2029 = PCURVE('',#368,#2030);
#2030 = DEFINITIONAL_REPRESENTATION('',(#2031),#2035);
#2031 = B_SPLINE_CURVE_WITH_KNOTS('',2,(#2032,#2033,#2034),
  .UNSPECIFIED.,.F.,.F.,(3,3),(0.,1.),.PIECEWISE_BEZIER_KNOTS.);
#2032 = CARTESIAN_POINT('',(218.447265625,27.68310546875));
#2033 = CARTESIAN_POINT('',(218.447265625,29.46533203125));
#2034 = CARTESIAN_POINT('',(219.404296875,30.4736328125));
#2035 = ( GEOMETRIC_REPRESENTATION_CONTEXT(2) 
PARAMETRIC_REPRESENTATION_CONTEXT() REPRESENTATION_CONTEXT('2D SPACE',''
  ) );
#2036 = PCURVE('',#2037,#2044);
#2037 = SURFACE_OF_LINEAR_EXTRUSION('',#2038,#2042);
#2038 = B_SPLINE_CURVE_WITH_KNOTS('',2,(#2039,#2040,#2041),
  .UNSPECIFIED.,.F.,.F.,(3,3),(0.,1.),.PIECEWISE_BEZIER_KNOTS.);
#2039 = CARTESIAN_POINT('',(98.447265625,0.18310546875,17.5));
#2040 = CARTESIAN_POINT('',(98.447265625,1.96533203125,17.5));
#2041 = CARTESIAN_POINT('',(99.404296875,2.9736328125,17.5));
#2042 = VECTOR('',#2043,1.);
#2043 = DIRECTION('',(-0.,-0.,-1.));
#2044 = DEFINITIONAL_REPRESENTATION('',(#2045),#2049);
#2045 = LINE('',#2046,#2047);
#2046 = CARTESIAN_POINT('',(0.,0.));
#2047 = VECTOR('',#2048,1.);
#2048 = DIRECTION('',(1.,0.));
#2049 = ( GEOMETRIC_REPRESENTATION_CONTEXT(2) 
PARAMETRIC_REPRESENTATION_CONTEXT() REPRESENTATION_CONTEXT('2D SPACE',''
  ) );
#2050 = ORIENTED_EDGE('',*,*,#2051,.T.);
#2051 = EDGE_CURVE('',#2022,#2052,#2054,.T.);
#2052 = VERTEX_POINT('',#2053);
#2053 = CARTESIAN_POINT('',(101.875,3.98193359375,17.5));
#2054 = SURFACE_CURVE('',#2055,(#2059,#2066),.PCURVE_S1.);
#2055 = B_SPLINE_CURVE_WITH_KNOTS('',2,(#2056,#2057,#2058),
  .UNSPECIFIED.,.F.,.F.,(3,3),(0.,1.),.PIECEWISE_BEZIER_KNOTS.);
#2056 = CARTESIAN_POINT('',(99.404296875,2.9736328125,17.5));
#2057 = CARTESIAN_POINT('',(100.361328125,3.98193359375,17.5));
#2058 = CARTESIAN_POINT('',(101.875,3.98193359375,17.5));
#2059 = PCURVE('',#368,#2060);
#2060 = DEFINITIONAL_REPRESENTATION('',(#2061),#2065);
#2061 = B_SPLINE_CURVE_WITH_KNOTS('',2,(#2062,#2063,#2064),
  .UNSPECIFIED.,.F.,.F.,(3,3),(0.,1.),.PIECEWISE_BEZIER_KNOTS.);
#2062 = CARTESIAN_POINT('',(219.404296875,30.4736328125));
#2063 = CARTESIAN_POINT('',(220.361328125,31.48193359375));
#2064 = CARTESIAN_POINT('',(221.875,31.48193359375));
#2065 = ( GEOMETRIC_REPRESENTATION_CONTEXT(2) 
PARAMETRIC_REPRESENTATION_CONTEXT() REPRESENTATION_CONTEXT('2D SPACE',''
  ) );
#2066 = PCURVE('',#2067,#2074);
#2067 = SURFACE_OF_LINEAR_EXTRUSION('',#2068,#2072);
#2068 = B_SPLINE_CURVE_WITH_KNOTS('',2,(#2069,#2070,#2071),
  .UNSPECIFIED.,.F.,.F.,(3,3),(0.,1.),.PIECEWISE_BEZIER_KNOTS.);
#2069 = CARTESIAN_POINT('',(99.404296875,2.9736328125,17.5));
#2070 = CARTESIAN_POINT('',(100.361328125,3.98193359375,17.5));
#2071 = CARTESIAN_POINT('',(101.875,3.98193359375,17.5));
#2072 = VECTOR('',#2073,1.);
#2073 = DIRECTION('',(-0.,-0.,-1.));
#2074 = DEFINITIONAL_REPRESENTATION('',(#2075),#2079);
#2075 = LINE('',#2076,#2077);
#2076 = CARTESIAN_POINT('',(0.,0.));
#2077 = VECTOR('',#2078,1.);
#2078 = DIRECTION('',(1.,0.));
#2079 = ( GEOMETRIC_REPRESENTATION_CONTEXT(2) 
PARAMETRIC_REPRESENTATION_CONTEXT() REPRESENTATION_CONTEXT('2D SPACE',''
  ) );
#2080 = ORIENTED_EDGE('',*,*,#2081,.T.);
#2081 = EDGE_CURVE('',#2052,#2082,#2084,.T.);
#2082 = VERTEX_POINT('',#2083);
#2083 = CARTESIAN_POINT('',(103.662109375,3.50830078125,17.5));
#2084 = SURFACE_CURVE('',#2085,(#2089,#2096),.PCURVE_S1.);
#2085 = B_SPLINE_CURVE_WITH_KNOTS('',2,(#2086,#2087,#2088),
  .UNSPECIFIED.,.F.,.F.,(3,3),(0.,1.),.PIECEWISE_BEZIER_KNOTS.);
#2086 = CARTESIAN_POINT('',(101.875,3.98193359375,17.5));
#2087 = CARTESIAN_POINT('',(102.8662109375,3.98193359375,17.5));
#2088 = CARTESIAN_POINT('',(103.662109375,3.50830078125,17.5));
#2089 = PCURVE('',#368,#2090);
#2090 = DEFINITIONAL_REPRESENTATION('',(#2091),#2095);
#2091 = B_SPLINE_CURVE_WITH_KNOTS('',2,(#2092,#2093,#2094),
  .UNSPECIFIED.,.F.,.F.,(3,3),(0.,1.),.PIECEWISE_BEZIER_KNOTS.);
#2092 = CARTESIAN_POINT('',(221.875,31.48193359375));
#2093 = CARTESIAN_POINT('',(222.8662109375,31.48193359375));
#2094 = CARTESIAN_POINT('',(223.662109375,31.00830078125));
#2095 = ( GEOMETRIC_REPRESENTATION_CONTEXT(2) 
PARAMETRIC_REPRESENTATION_CONTEXT() REPRESENTATION_CONTEXT('2D SPACE',''
  ) );
#2096 = PCURVE('',#2097,#2104);
#2097 = SURFACE_OF_LINEAR_EXTRUSION('',#2098,#2102);
#2098 = B_SPLINE_CURVE_WITH_KNOTS('',2,(#2099,#2100,#2101),
  .UNSPECIFIED.,.F.,.F.,(3,3),(0.,1.),.PIECEWISE_BEZIER_KNOTS.);
#2099 = CARTESIAN_POINT('',(101.875,3.98193359375,17.5));
#2100 = CARTESIAN_POINT('',(102.8662109375,3.98193359375,17.5));
#2101 = CARTESIAN_POINT('',(103.662109375,3.50830078125,17.5));
#2102 = VECTOR('',#2103,1.);
#2103 = DIRECTION('',(-0.,-0.,-1.));
#2104 = DEFINITIONAL_REPRESENTATION('',(#2105),#2109);
#2105 = LINE('',#2106,#2107);
#2106 = CARTESIAN_POINT('',(0.,0.));
#2107 = VECTOR('',#2108,1.);
#2108 = DIRECTION('',(1.,0.));
#2109 = ( GEOMETRIC_REPRESENTATION_CONTEXT(2) 
PARAMETRIC_REPRESENTATION_CONTEXT() REPRESENTATION_CONTEXT('2D SPACE',''
  ) );
#2110 = ORIENTED_EDGE('',*,*,#2111,.T.);
#2111 = EDGE_CURVE('',#2082,#2112,#2114,.T.);
#2112 = VERTEX_POINT('',#2113);
#2113 = CARTESIAN_POINT('',(104.87548828125,2.1875,17.5));
#2114 = SURFACE_CURVE('',#2115,(#2119,#2126),.PCURVE_S1.);
#2115 = B_SPLINE_CURVE_WITH_KNOTS('',2,(#2116,#2117,#2118),
  .UNSPECIFIED.,.F.,.F.,(3,3),(0.,1.),.PIECEWISE_BEZIER_KNOTS.);
#2116 = CARTESIAN_POINT('',(103.662109375,3.50830078125,17.5));
#2117 = CARTESIAN_POINT('',(104.4580078125,3.03466796875,17.5));
#2118 = CARTESIAN_POINT('',(104.87548828125,2.1875,17.5));
#2119 = PCURVE('',#368,#2120);
#2120 = DEFINITIONAL_REPRESENTATION('',(#2121),#2125);
#2121 = B_SPLINE_CURVE_WITH_KNOTS('',2,(#2122,#2123,#2124),
  .UNSPECIFIED.,.F.,.F.,(3,3),(0.,1.),.PIECEWISE_BEZIER_KNOTS.);
#2122 = CARTESIAN_POINT('',(223.662109375,31.00830078125));
#2123 = CARTESIAN_POINT('',(224.4580078125,30.53466796875));
#2124 = CARTESIAN_POINT('',(224.87548828125,29.6875));
#2125 = ( GEOMETRIC_REPRESENTATION_CONTEXT(2) 
PARAMETRIC_REPRESENTATION_CONTEXT() REPRESENTATION_CONTEXT('2D SPACE',''
  ) );
#2126 = PCURVE('',#2127,#2134);
#2127 = SURFACE_OF_LINEAR_EXTRUSION('',#2128,#2132);
#2128 = B_SPLINE_CURVE_WITH_KNOTS('',2,(#2129,#2130,#2131),
  .UNSPECIFIED.,.F.,.F.,(3,3),(0.,1.),.PIECEWISE_BEZIER_KNOTS.);
#2129 = CARTESIAN_POINT('',(103.662109375,3.50830078125,17.5));
#2130 = CARTESIAN_POINT('',(104.4580078125,3.03466796875,17.5));
#2131 = CARTESIAN_POINT('',(104.87548828125,2.1875,17.5));
#2132 = VECTOR('',#2133,1.);
#2133 = DIRECTION('',(-0.,-0.,-1.));
#2134 = DEFINITIONAL_REPRESENTATION('',(#2135),#2139);
#2135 = LINE('',#2136,#2137);
#2136 = CARTESIAN_POINT('',(0.,0.));
#2137 = VECTOR('',#2138,1.);
#2138 = DIRECTION('',(1.,0.));
#2139 = ( GEOMETRIC_REPRESENTATION_CONTEXT(2) 
PARAMETRIC_REPRESENTATION_CONTEXT() REPRESENTATION_CONTEXT('2D SPACE',''
  ) );
#2140 = ORIENTED_EDGE('',*,*,#2141,.T.);
#2141 = EDGE_CURVE('',#2112,#2142,#2144,.T.);
#2142 = VERTEX_POINT('',#2143);
#2143 = CARTESIAN_POINT('',(105.29296875,0.26611328125,17.5));
#2144 = SURFACE_CURVE('',#2145,(#2149,#2156),.PCURVE_S1.);
#2145 = B_SPLINE_CURVE_WITH_KNOTS('',2,(#2146,#2147,#2148),
  .UNSPECIFIED.,.F.,.F.,(3,3),(0.,1.),.PIECEWISE_BEZIER_KNOTS.);
#2146 = CARTESIAN_POINT('',(104.87548828125,2.1875,17.5));
#2147 = CARTESIAN_POINT('',(105.29296875,1.34033203125,17.5));
#2148 = CARTESIAN_POINT('',(105.29296875,0.26611328125,17.5));
#2149 = PCURVE('',#368,#2150);
#2150 = DEFINITIONAL_REPRESENTATION('',(#2151),#2155);
#2151 = B_SPLINE_CURVE_WITH_KNOTS('',2,(#2152,#2153,#2154),
  .UNSPECIFIED.,.F.,.F.,(3,3),(0.,1.),.PIECEWISE_BEZIER_KNOTS.);
#2152 = CARTESIAN_POINT('',(224.87548828125,29.6875));
#2153 = CARTESIAN_POINT('',(225.29296875,28.84033203125));
#2154 = CARTESIAN_POINT('',(225.29296875,27.76611328125));
#2155 = ( GEOMETRIC_REPRESENTATION_CONTEXT(2) 
PARAMETRIC_REPRESENTATION_CONTEXT() REPRESENTATION_CONTEXT('2D SPACE',''
  ) );
#2156 = PCURVE('',#2157,#2164);
#2157 = SURFACE_OF_LINEAR_EXTRUSION('',#2158,#2162);
#2158 = B_SPLINE_CURVE_WITH_KNOTS('',2,(#2159,#2160,#2161),
  .UNSPECIFIED.,.F.,.F.,(3,3),(0.,1.),.PIECEWISE_BEZIER_KNOTS.);
#2159 = CARTESIAN_POINT('',(104.87548828125,2.1875,17.5));
#2160 = CARTESIAN_POINT('',(105.29296875,1.34033203125,17.5));
#2161 = CARTESIAN_POINT('',(105.29296875,0.26611328125,17.5));
#2162 = VECTOR('',#2163,1.);
#2163 = DIRECTION('',(-0.,-0.,-1.));
#2164 = DEFINITIONAL_REPRESENTATION('',(#2165),#2169);
#2165 = LINE('',#2166,#2167);
#2166 = CARTESIAN_POINT('',(0.,0.));
#2167 = VECTOR('',#2168,1.);
#2168 = DIRECTION('',(1.,0.));
#2169 = ( GEOMETRIC_REPRESENTATION_CONTEXT(2) 
PARAMETRIC_REPRESENTATION_CONTEXT() REPRESENTATION_CONTEXT('2D SPACE',''
  ) );
#2170 = ORIENTED_EDGE('',*,*,#2171,.T.);
#2171 = EDGE_CURVE('',#2142,#2172,#2174,.T.);
#2172 = VERTEX_POINT('',#2173);
#2173 = CARTESIAN_POINT('',(104.853515625,-1.68212890625,17.5));
#2174 = SURFACE_CURVE('',#2175,(#2179,#2186),.PCURVE_S1.);
#2175 = B_SPLINE_CURVE_WITH_KNOTS('',2,(#2176,#2177,#2178),
  .UNSPECIFIED.,.F.,.F.,(3,3),(0.,1.),.PIECEWISE_BEZIER_KNOTS.);
#2176 = CARTESIAN_POINT('',(105.29296875,0.26611328125,17.5));
#2177 = CARTESIAN_POINT('',(105.29296875,-0.82275390625,17.5));
#2178 = CARTESIAN_POINT('',(104.853515625,-1.68212890625,17.5));
#2179 = PCURVE('',#368,#2180);
#2180 = DEFINITIONAL_REPRESENTATION('',(#2181),#2185);
#2181 = B_SPLINE_CURVE_WITH_KNOTS('',2,(#2182,#2183,#2184),
  .UNSPECIFIED.,.F.,.F.,(3,3),(0.,1.),.PIECEWISE_BEZIER_KNOTS.);
#2182 = CARTESIAN_POINT('',(225.29296875,27.76611328125));
#2183 = CARTESIAN_POINT('',(225.29296875,26.67724609375));
#2184 = CARTESIAN_POINT('',(224.853515625,25.81787109375));
#2185 = ( GEOMETRIC_REPRESENTATION_CONTEXT(2) 
PARAMETRIC_REPRESENTATION_CONTEXT() REPRESENTATION_CONTEXT('2D SPACE',''
  ) );
#2186 = PCURVE('',#2187,#2194);
#2187 = SURFACE_OF_LINEAR_EXTRUSION('',#2188,#2192);
#2188 = B_SPLINE_CURVE_WITH_KNOTS('',2,(#2189,#2190,#2191),
  .UNSPECIFIED.,.F.,.F.,(3,3),(0.,1.),.PIECEWISE_BEZIER_KNOTS.);
#2189 = CARTESIAN_POINT('',(105.29296875,0.26611328125,17.5));
#2190 = CARTESIAN_POINT('',(105.29296875,-0.82275390625,17.5));
#2191 = CARTESIAN_POINT('',(104.853515625,-1.68212890625,17.5));
#2192 = VECTOR('',#2193,1.);
#2193 = DIRECTION('',(-0.,-0.,-1.));
#2194 = DEFINITIONAL_REPRESENTATION('',(#2195),#2199);
#2195 = LINE('',#2196,#2197);
#2196 = CARTESIAN_POINT('',(0.,0.));
#2197 = VECTOR('',#2198,1.);
#2198 = DIRECTION('',(1.,0.));
#2199 = ( GEOMETRIC_REPRESENTATION_CONTEXT(2) 
PARAMETRIC_REPRESENTATION_CONTEXT() REPRESENTATION_CONTEXT('2D SPACE',''
  ) );
#2200 = ORIENTED_EDGE('',*,*,#2201,.T.);
#2201 = EDGE_CURVE('',#2172,#2202,#2204,.T.);
#2202 = VERTEX_POINT('',#2203);
#2203 = CARTESIAN_POINT('',(103.6083984375,-2.9833984375,17.5));
#2204 = SURFACE_CURVE('',#2205,(#2209,#2216),.PCURVE_S1.);
#2205 = B_SPLINE_CURVE_WITH_KNOTS('',2,(#2206,#2207,#2208),
  .UNSPECIFIED.,.F.,.F.,(3,3),(0.,1.),.PIECEWISE_BEZIER_KNOTS.);
#2206 = CARTESIAN_POINT('',(104.853515625,-1.68212890625,17.5));
#2207 = CARTESIAN_POINT('',(104.4140625,-2.54150390625,17.5));
#2208 = CARTESIAN_POINT('',(103.6083984375,-2.9833984375,17.5));
#2209 = PCURVE('',#368,#2210);
#2210 = DEFINITIONAL_REPRESENTATION('',(#2211),#2215);
#2211 = B_SPLINE_CURVE_WITH_KNOTS('',2,(#2212,#2213,#2214),
  .UNSPECIFIED.,.F.,.F.,(3,3),(0.,1.),.PIECEWISE_BEZIER_KNOTS.);
#2212 = CARTESIAN_POINT('',(224.853515625,25.81787109375));
#2213 = CARTESIAN_POINT('',(224.4140625,24.95849609375));
#2214 = CARTESIAN_POINT('',(223.6083984375,24.5166015625));
#2215 = ( GEOMETRIC_REPRESENTATION_CONTEXT(2) 
PARAMETRIC_REPRESENTATION_CONTEXT() REPRESENTATION_CONTEXT('2D SPACE',''
  ) );
#2216 = PCURVE('',#2217,#2224);
#2217 = SURFACE_OF_LINEAR_EXTRUSION('',#2218,#2222);
#2218 = B_SPLINE_CURVE_WITH_KNOTS('',2,(#2219,#2220,#2221),
  .UNSPECIFIED.,.F.,.F.,(3,3),(0.,1.),.PIECEWISE_BEZIER_KNOTS.);
#2219 = CARTESIAN_POINT('',(104.853515625,-1.68212890625,17.5));
#2220 = CARTESIAN_POINT('',(104.4140625,-2.54150390625,17.5));
#2221 = CARTESIAN_POINT('',(103.6083984375,-2.9833984375,17.5));
#2222 = VECTOR('',#2223,1.);
#2223 = DIRECTION('',(-0.,-0.,-1.));
#2224 = DEFINITIONAL_REPRESENTATION('',(#2225),#2229);
#2225 = LINE('',#2226,#2227);
#2226 = CARTESIAN_POINT('',(0.,0.));
#2227 = VECTOR('',#2228,1.);
#2228 = DIRECTION('',(1.,0.));
#2229 = ( GEOMETRIC_REPRESENTATION_CONTEXT(2) 
PARAMETRIC_REPRESENTATION_CONTEXT() REPRESENTATION_CONTEXT('2D SPACE',''
  ) );
#2230 = ORIENTED_EDGE('',*,*,#2231,.T.);
#2231 = EDGE_CURVE('',#2202,#2232,#2234,.T.);
#2232 = VERTEX_POINT('',#2233);
#2233 = CARTESIAN_POINT('',(101.8701171875,-3.42529296875,17.5));
#2234 = SURFACE_CURVE('',#2235,(#2239,#2246),.PCURVE_S1.);
#2235 = B_SPLINE_CURVE_WITH_KNOTS('',2,(#2236,#2237,#2238),
  .UNSPECIFIED.,.F.,.F.,(3,3),(0.,1.),.PIECEWISE_BEZIER_KNOTS.);
#2236 = CARTESIAN_POINT('',(103.6083984375,-2.9833984375,17.5));
#2237 = CARTESIAN_POINT('',(102.802734375,-3.42529296875,17.5));
#2238 = CARTESIAN_POINT('',(101.8701171875,-3.42529296875,17.5));
#2239 = PCURVE('',#368,#2240);
#2240 = DEFINITIONAL_REPRESENTATION('',(#2241),#2245);
#2241 = B_SPLINE_CURVE_WITH_KNOTS('',2,(#2242,#2243,#2244),
  .UNSPECIFIED.,.F.,.F.,(3,3),(0.,1.),.PIECEWISE_BEZIER_KNOTS.);
#2242 = CARTESIAN_POINT('',(223.6083984375,24.5166015625));
#2243 = CARTESIAN_POINT('',(222.802734375,24.07470703125));
#2244 = CARTESIAN_POINT('',(221.8701171875,24.07470703125));
#2245 = ( GEOMETRIC_REPRESENTATION_CONTEXT(2) 
PARAMETRIC_REPRESENTATION_CONTEXT() REPRESENTATION_CONTEXT('2D SPACE',''
  ) );
#2246 = PCURVE('',#2247,#2254);
#2247 = SURFACE_OF_LINEAR_EXTRUSION('',#2248,#2252);
#2248 = B_SPLINE_CURVE_WITH_KNOTS('',2,(#2249,#2250,#2251),
  .UNSPECIFIED.,.F.,.F.,(3,3),(0.,1.),.PIECEWISE_BEZIER_KNOTS.);
#2249 = CARTESIAN_POINT('',(103.6083984375,-2.9833984375,17.5));
#2250 = CARTESIAN_POINT('',(102.802734375,-3.42529296875,17.5));
#2251 = CARTESIAN_POINT('',(101.8701171875,-3.42529296875,17.5));
#2252 = VECTOR('',#2253,1.);
#2253 = DIRECTION('',(-0.,-0.,-1.));
#2254 = DEFINITIONAL_REPRESENTATION('',(#2255),#2259);
#2255 = LINE('',#2256,#2257);
#2256 = CARTESIAN_POINT('',(0.,0.));
#2257 = VECTOR('',#2258,1.);
#2258 = DIRECTION('',(1.,0.));
#2259 = ( GEOMETRIC_REPRESENTATION_CONTEXT(2) 
PARAMETRIC_REPRESENTATION_CONTEXT() REPRESENTATION_CONTEXT('2D SPACE',''
  ) );
#2260 = ORIENTED_EDGE('',*,*,#2261,.T.);
#2261 = EDGE_CURVE('',#2232,#2262,#2264,.T.);
#2262 = VERTEX_POINT('',#2263);
#2263 = CARTESIAN_POINT('',(100.0634765625,-2.93701171875,17.5));
#2264 = SURFACE_CURVE('',#2265,(#2269,#2276),.PCURVE_S1.);
#2265 = B_SPLINE_CURVE_WITH_KNOTS('',2,(#2266,#2267,#2268),
  .UNSPECIFIED.,.F.,.F.,(3,3),(0.,1.),.PIECEWISE_BEZIER_KNOTS.);
#2266 = CARTESIAN_POINT('',(101.8701171875,-3.42529296875,17.5));
#2267 = CARTESIAN_POINT('',(100.859375,-3.42529296875,17.5));
#2268 = CARTESIAN_POINT('',(100.0634765625,-2.93701171875,17.5));
#2269 = PCURVE('',#368,#2270);
#2270 = DEFINITIONAL_REPRESENTATION('',(#2271),#2275);
#2271 = B_SPLINE_CURVE_WITH_KNOTS('',2,(#2272,#2273,#2274),
  .UNSPECIFIED.,.F.,.F.,(3,3),(0.,1.),.PIECEWISE_BEZIER_KNOTS.);
#2272 = CARTESIAN_POINT('',(221.8701171875,24.07470703125));
#2273 = CARTESIAN_POINT('',(220.859375,24.07470703125));
#2274 = CARTESIAN_POINT('',(220.0634765625,24.56298828125));
#2275 = ( GEOMETRIC_REPRESENTATION_CONTEXT(2) 
PARAMETRIC_REPRESENTATION_CONTEXT() REPRESENTATION_CONTEXT('2D SPACE',''
  ) );
#2276 = PCURVE('',#2277,#2284);
#2277 = SURFACE_OF_LINEAR_EXTRUSION('',#2278,#2282);
#2278 = B_SPLINE_CURVE_WITH_KNOTS('',2,(#2279,#2280,#2281),
  .UNSPECIFIED.,.F.,.F.,(3,3),(0.,1.),.PIECEWISE_BEZIER_KNOTS.);
#2279 = CARTESIAN_POINT('',(101.8701171875,-3.42529296875,17.5));
#2280 = CARTESIAN_POINT('',(100.859375,-3.42529296875,17.5));
#2281 = CARTESIAN_POINT('',(100.0634765625,-2.93701171875,17.5));
#2282 = VECTOR('',#2283,1.);
#2283 = DIRECTION('',(-0.,-0.,-1.));
#2284 = DEFINITIONAL_REPRESENTATION('',(#2285),#2289);
#2285 = LINE('',#2286,#2287);
#2286 = CARTESIAN_POINT('',(0.,0.));
#2287 = VECTOR('',#2288,1.);
#2288 = DIRECTION('',(1.,0.));
#2289 = ( GEOMETRIC_REPRESENTATION_CONTEXT(2) 
PARAMETRIC_REPRESENTATION_CONTEXT() REPRESENTATION_CONTEXT('2D SPACE',''
  ) );
#2290 = ORIENTED_EDGE('',*,*,#2291,.T.);
#2291 = EDGE_CURVE('',#2262,#1990,#2292,.T.);
#2292 = SURFACE_CURVE('',#2293,(#2297,#2304),.PCURVE_S1.);
#2293 = B_SPLINE_CURVE_WITH_KNOTS('',2,(#2294,#2295,#2296),
  .UNSPECIFIED.,.F.,.F.,(3,3),(0.,1.),.PIECEWISE_BEZIER_KNOTS.);
#2294 = CARTESIAN_POINT('',(100.0634765625,-2.93701171875,17.5));
#2295 = CARTESIAN_POINT('',(99.267578125,-2.44873046875,17.5));
#2296 = CARTESIAN_POINT('',(98.857421875,-1.60400390625,17.5));
#2297 = PCURVE('',#368,#2298);
#2298 = DEFINITIONAL_REPRESENTATION('',(#2299),#2303);
#2299 = B_SPLINE_CURVE_WITH_KNOTS('',2,(#2300,#2301,#2302),
  .UNSPECIFIED.,.F.,.F.,(3,3),(0.,1.),.PIECEWISE_BEZIER_KNOTS.);
#2300 = CARTESIAN_POINT('',(220.0634765625,24.56298828125));
#2301 = CARTESIAN_POINT('',(219.267578125,25.05126953125));
#2302 = CARTESIAN_POINT('',(218.857421875,25.89599609375));
#2303 = ( GEOMETRIC_REPRESENTATION_CONTEXT(2) 
PARAMETRIC_REPRESENTATION_CONTEXT() REPRESENTATION_CONTEXT('2D SPACE',''
  ) );
#2304 = PCURVE('',#2305,#2312);
#2305 = SURFACE_OF_LINEAR_EXTRUSION('',#2306,#2310);
#2306 = B_SPLINE_CURVE_WITH_KNOTS('',2,(#2307,#2308,#2309),
  .UNSPECIFIED.,.F.,.F.,(3,3),(0.,1.),.PIECEWISE_BEZIER_KNOTS.);
#2307 = CARTESIAN_POINT('',(100.0634765625,-2.93701171875,17.5));
#2308 = CARTESIAN_POINT('',(99.267578125,-2.44873046875,17.5));
#2309 = CARTESIAN_POINT('',(98.857421875,-1.60400390625,17.5));
#2310 = VECTOR('',#2311,1.);
#2311 = DIRECTION('',(-0.,-0.,-1.));
#2312 = DEFINITIONAL_REPRESENTATION('',(#2313),#2317);
#2313 = LINE('',#2314,#2315);
#2314 = CARTESIAN_POINT('',(0.,0.));
#2315 = VECTOR('',#2316,1.);
#2316 = DIRECTION('',(1.,0.));
#2317 = ( GEOMETRIC_REPRESENTATION_CONTEXT(2) 
PARAMETRIC_REPRESENTATION_CONTEXT() REPRESENTATION_CONTEXT('2D SPACE',''
  ) );
#2318 = FACE_BOUND('',#2319,.T.);
#2319 = EDGE_LOOP('',(#2320,#2350,#2378,#2406,#2434,#2462,#2492,#2522,
    #2550,#2578,#2606,#2634,#2662,#2690,#2718));
#2320 = ORIENTED_EDGE('',*,*,#2321,.T.);
#2321 = EDGE_CURVE('',#2322,#2324,#2326,.T.);
#2322 = VERTEX_POINT('',#2323);
#2323 = CARTESIAN_POINT('',(107.3974609375,2.79052734375,17.5));
#2324 = VERTEX_POINT('',#2325);
#2325 = CARTESIAN_POINT('',(107.3974609375,-3.30322265625,17.5));
#2326 = SURFACE_CURVE('',#2327,(#2331,#2338),.PCURVE_S1.);
#2327 = LINE('',#2328,#2329);
#2328 = CARTESIAN_POINT('',(107.3974609375,2.79052734375,17.5));
#2329 = VECTOR('',#2330,1.);
#2330 = DIRECTION('',(0.,-1.,0.));
#2331 = PCURVE('',#368,#2332);
#2332 = DEFINITIONAL_REPRESENTATION('',(#2333),#2337);
#2333 = LINE('',#2334,#2335);
#2334 = CARTESIAN_POINT('',(227.3974609375,30.29052734375));
#2335 = VECTOR('',#2336,1.);
#2336 = DIRECTION('',(0.,-1.));
#2337 = ( GEOMETRIC_REPRESENTATION_CONTEXT(2) 
PARAMETRIC_REPRESENTATION_CONTEXT() REPRESENTATION_CONTEXT('2D SPACE',''
  ) );
#2338 = PCURVE('',#2339,#2344);
#2339 = PLANE('',#2340);
#2340 = AXIS2_PLACEMENT_3D('',#2341,#2342,#2343);
#2341 = CARTESIAN_POINT('',(107.3974609375,2.79052734375,17.5));
#2342 = DIRECTION('',(1.,0.,0.));
#2343 = DIRECTION('',(0.,-1.,0.));
#2344 = DEFINITIONAL_REPRESENTATION('',(#2345),#2349);
#2345 = LINE('',#2346,#2347);
#2346 = CARTESIAN_POINT('',(0.,0.));
#2347 = VECTOR('',#2348,1.);
#2348 = DIRECTION('',(1.,0.));
#2349 = ( GEOMETRIC_REPRESENTATION_CONTEXT(2) 
PARAMETRIC_REPRESENTATION_CONTEXT() REPRESENTATION_CONTEXT('2D SPACE',''
  ) );
#2350 = ORIENTED_EDGE('',*,*,#2351,.T.);
#2351 = EDGE_CURVE('',#2324,#2352,#2354,.T.);
#2352 = VERTEX_POINT('',#2353);
#2353 = CARTESIAN_POINT('',(106.484375,-3.30322265625,17.5));
#2354 = SURFACE_CURVE('',#2355,(#2359,#2366),.PCURVE_S1.);
#2355 = LINE('',#2356,#2357);
#2356 = CARTESIAN_POINT('',(107.3974609375,-3.30322265625,17.5));
#2357 = VECTOR('',#2358,1.);
#2358 = DIRECTION('',(-1.,0.,0.));
#2359 = PCURVE('',#368,#2360);
#2360 = DEFINITIONAL_REPRESENTATION('',(#2361),#2365);
#2361 = LINE('',#2362,#2363);
#2362 = CARTESIAN_POINT('',(227.3974609375,24.19677734375));
#2363 = VECTOR('',#2364,1.);
#2364 = DIRECTION('',(-1.,0.));
#2365 = ( GEOMETRIC_REPRESENTATION_CONTEXT(2) 
PARAMETRIC_REPRESENTATION_CONTEXT() REPRESENTATION_CONTEXT('2D SPACE',''
  ) );
#2366 = PCURVE('',#2367,#2372);
#2367 = PLANE('',#2368);
#2368 = AXIS2_PLACEMENT_3D('',#2369,#2370,#2371);
#2369 = CARTESIAN_POINT('',(107.3974609375,-3.30322265625,17.5));
#2370 = DIRECTION('',(0.,-1.,0.));
#2371 = DIRECTION('',(-1.,0.,0.));
#2372 = DEFINITIONAL_REPRESENTATION('',(#2373),#2377);
#2373 = LINE('',#2374,#2375);
#2374 = CARTESIAN_POINT('',(0.,-0.));
#2375 = VECTOR('',#2376,1.);
#2376 = DIRECTION('',(1.,0.));
#2377 = ( GEOMETRIC_REPRESENTATION_CONTEXT(2) 
PARAMETRIC_REPRESENTATION_CONTEXT() REPRESENTATION_CONTEXT('2D SPACE',''
  ) );
#2378 = ORIENTED_EDGE('',*,*,#2379,.T.);
#2379 = EDGE_CURVE('',#2352,#2380,#2382,.T.);
#2380 = VERTEX_POINT('',#2381);
#2381 = CARTESIAN_POINT('',(106.484375,3.85498046875,17.5));
#2382 = SURFACE_CURVE('',#2383,(#2387,#2394),.PCURVE_S1.);
#2383 = LINE('',#2384,#2385);
#2384 = CARTESIAN_POINT('',(106.484375,-3.30322265625,17.5));
#2385 = VECTOR('',#2386,1.);
#2386 = DIRECTION('',(0.,1.,0.));
#2387 = PCURVE('',#368,#2388);
#2388 = DEFINITIONAL_REPRESENTATION('',(#2389),#2393);
#2389 = LINE('',#2390,#2391);
#2390 = CARTESIAN_POINT('',(226.484375,24.19677734375));
#2391 = VECTOR('',#2392,1.);
#2392 = DIRECTION('',(0.,1.));
#2393 = ( GEOMETRIC_REPRESENTATION_CONTEXT(2) 
PARAMETRIC_REPRESENTATION_CONTEXT() REPRESENTATION_CONTEXT('2D SPACE',''
  ) );
#2394 = PCURVE('',#2395,#2400);
#2395 = PLANE('',#2396);
#2396 = AXIS2_PLACEMENT_3D('',#2397,#2398,#2399);
#2397 = CARTESIAN_POINT('',(106.484375,-3.30322265625,17.5));
#2398 = DIRECTION('',(-1.,0.,0.));
#2399 = DIRECTION('',(0.,1.,0.));
#2400 = DEFINITIONAL_REPRESENTATION('',(#2401),#2405);
#2401 = LINE('',#2402,#2403);
#2402 = CARTESIAN_POINT('',(0.,0.));
#2403 = VECTOR('',#2404,1.);
#2404 = DIRECTION('',(1.,0.));
#2405 = ( GEOMETRIC_REPRESENTATION_CONTEXT(2) 
PARAMETRIC_REPRESENTATION_CONTEXT() REPRESENTATION_CONTEXT('2D SPACE',''
  ) );
#2406 = ORIENTED_EDGE('',*,*,#2407,.T.);
#2407 = EDGE_CURVE('',#2380,#2408,#2410,.T.);
#2408 = VERTEX_POINT('',#2409);
#2409 = CARTESIAN_POINT('',(107.91015625,3.85498046875,17.5));
#2410 = SURFACE_CURVE('',#2411,(#2415,#2422),.PCURVE_S1.);
#2411 = LINE('',#2412,#2413);
#2412 = CARTESIAN_POINT('',(106.484375,3.85498046875,17.5));
#2413 = VECTOR('',#2414,1.);
#2414 = DIRECTION('',(1.,0.,0.));
#2415 = PCURVE('',#368,#2416);
#2416 = DEFINITIONAL_REPRESENTATION('',(#2417),#2421);
#2417 = LINE('',#2418,#2419);
#2418 = CARTESIAN_POINT('',(226.484375,31.35498046875));
#2419 = VECTOR('',#2420,1.);
#2420 = DIRECTION('',(1.,0.));
#2421 = ( GEOMETRIC_REPRESENTATION_CONTEXT(2) 
PARAMETRIC_REPRESENTATION_CONTEXT() REPRESENTATION_CONTEXT('2D SPACE',''
  ) );
#2422 = PCURVE('',#2423,#2428);
#2423 = PLANE('',#2424);
#2424 = AXIS2_PLACEMENT_3D('',#2425,#2426,#2427);
#2425 = CARTESIAN_POINT('',(106.484375,3.85498046875,17.5));
#2426 = DIRECTION('',(0.,1.,0.));
#2427 = DIRECTION('',(1.,0.,0.));
#2428 = DEFINITIONAL_REPRESENTATION('',(#2429),#2433);
#2429 = LINE('',#2430,#2431);
#2430 = CARTESIAN_POINT('',(0.,0.));
#2431 = VECTOR('',#2432,1.);
#2432 = DIRECTION('',(1.,0.));
#2433 = ( GEOMETRIC_REPRESENTATION_CONTEXT(2) 
PARAMETRIC_REPRESENTATION_CONTEXT() REPRESENTATION_CONTEXT('2D SPACE',''
  ) );
#2434 = ORIENTED_EDGE('',*,*,#2435,.T.);
#2435 = EDGE_CURVE('',#2408,#2436,#2438,.T.);
#2436 = VERTEX_POINT('',#2437);
#2437 = CARTESIAN_POINT('',(109.6044921875,-1.21337890625,17.5));
#2438 = SURFACE_CURVE('',#2439,(#2443,#2450),.PCURVE_S1.);
#2439 = LINE('',#2440,#2441);
#2440 = CARTESIAN_POINT('',(107.91015625,3.85498046875,17.5));
#2441 = VECTOR('',#2442,1.);
#2442 = DIRECTION('',(0.317049967018,-0.948408835057,0.));
#2443 = PCURVE('',#368,#2444);
#2444 = DEFINITIONAL_REPRESENTATION('',(#2445),#2449);
#2445 = LINE('',#2446,#2447);
#2446 = CARTESIAN_POINT('',(227.91015625,31.35498046875));
#2447 = VECTOR('',#2448,1.);
#2448 = DIRECTION('',(0.317049967018,-0.948408835057));
#2449 = ( GEOMETRIC_REPRESENTATION_CONTEXT(2) 
PARAMETRIC_REPRESENTATION_CONTEXT() REPRESENTATION_CONTEXT('2D SPACE',''
  ) );
#2450 = PCURVE('',#2451,#2456);
#2451 = PLANE('',#2452);
#2452 = AXIS2_PLACEMENT_3D('',#2453,#2454,#2455);
#2453 = CARTESIAN_POINT('',(107.91015625,3.85498046875,17.5));
#2454 = DIRECTION('',(0.948408835057,0.317049967018,0.));
#2455 = DIRECTION('',(0.317049967018,-0.948408835057,0.));
#2456 = DEFINITIONAL_REPRESENTATION('',(#2457),#2461);
#2457 = LINE('',#2458,#2459);
#2458 = CARTESIAN_POINT('',(0.,0.));
#2459 = VECTOR('',#2460,1.);
#2460 = DIRECTION('',(1.,0.));
#2461 = ( GEOMETRIC_REPRESENTATION_CONTEXT(2) 
PARAMETRIC_REPRESENTATION_CONTEXT() REPRESENTATION_CONTEXT('2D SPACE',''
  ) );
#2462 = ORIENTED_EDGE('',*,*,#2463,.T.);
#2463 = EDGE_CURVE('',#2436,#2464,#2466,.T.);
#2464 = VERTEX_POINT('',#2465);
#2465 = CARTESIAN_POINT('',(109.9462890625,-2.27294921875,17.5));
#2466 = SURFACE_CURVE('',#2467,(#2471,#2478),.PCURVE_S1.);
#2467 = B_SPLINE_CURVE_WITH_KNOTS('',2,(#2468,#2469,#2470),
  .UNSPECIFIED.,.F.,.F.,(3,3),(0.,1.),.PIECEWISE_BEZIER_KNOTS.);
#2468 = CARTESIAN_POINT('',(109.6044921875,-1.21337890625,17.5));
#2469 = CARTESIAN_POINT('',(109.8388671875,-1.92138671875,17.5));
#2470 = CARTESIAN_POINT('',(109.9462890625,-2.27294921875,17.5));
#2471 = PCURVE('',#368,#2472);
#2472 = DEFINITIONAL_REPRESENTATION('',(#2473),#2477);
#2473 = B_SPLINE_CURVE_WITH_KNOTS('',2,(#2474,#2475,#2476),
  .UNSPECIFIED.,.F.,.F.,(3,3),(0.,1.),.PIECEWISE_BEZIER_KNOTS.);
#2474 = CARTESIAN_POINT('',(229.6044921875,26.28662109375));
#2475 = CARTESIAN_POINT('',(229.8388671875,25.57861328125));
#2476 = CARTESIAN_POINT('',(229.9462890625,25.22705078125));
#2477 = ( GEOMETRIC_REPRESENTATION_CONTEXT(2) 
PARAMETRIC_REPRESENTATION_CONTEXT() REPRESENTATION_CONTEXT('2D SPACE',''
  ) );
#2478 = PCURVE('',#2479,#2486);
#2479 = SURFACE_OF_LINEAR_EXTRUSION('',#2480,#2484);
#2480 = B_SPLINE_CURVE_WITH_KNOTS('',2,(#2481,#2482,#2483),
  .UNSPECIFIED.,.F.,.F.,(3,3),(0.,1.),.PIECEWISE_BEZIER_KNOTS.);
#2481 = CARTESIAN_POINT('',(109.6044921875,-1.21337890625,17.5));
#2482 = CARTESIAN_POINT('',(109.8388671875,-1.92138671875,17.5));
#2483 = CARTESIAN_POINT('',(109.9462890625,-2.27294921875,17.5));
#2484 = VECTOR('',#2485,1.);
#2485 = DIRECTION('',(-0.,-0.,-1.));
#2486 = DEFINITIONAL_REPRESENTATION('',(#2487),#2491);
#2487 = LINE('',#2488,#2489);
#2488 = CARTESIAN_POINT('',(0.,0.));
#2489 = VECTOR('',#2490,1.);
#2490 = DIRECTION('',(1.,0.));
#2491 = ( GEOMETRIC_REPRESENTATION_CONTEXT(2) 
PARAMETRIC_REPRESENTATION_CONTEXT() REPRESENTATION_CONTEXT('2D SPACE',''
  ) );
#2492 = ORIENTED_EDGE('',*,*,#2493,.T.);
#2493 = EDGE_CURVE('',#2464,#2494,#2496,.T.);
#2494 = VERTEX_POINT('',#2495);
#2495 = CARTESIAN_POINT('',(110.3271484375,-1.12548828125,17.5));
#2496 = SURFACE_CURVE('',#2497,(#2501,#2508),.PCURVE_S1.);
#2497 = B_SPLINE_CURVE_WITH_KNOTS('',2,(#2498,#2499,#2500),
  .UNSPECIFIED.,.F.,.F.,(3,3),(0.,1.),.PIECEWISE_BEZIER_KNOTS.);
#2498 = CARTESIAN_POINT('',(109.9462890625,-2.27294921875,17.5));
#2499 = CARTESIAN_POINT('',(110.068359375,-1.88232421875,17.5));
#2500 = CARTESIAN_POINT('',(110.3271484375,-1.12548828125,17.5));
#2501 = PCURVE('',#368,#2502);
#2502 = DEFINITIONAL_REPRESENTATION('',(#2503),#2507);
#2503 = B_SPLINE_CURVE_WITH_KNOTS('',2,(#2504,#2505,#2506),
  .UNSPECIFIED.,.F.,.F.,(3,3),(0.,1.),.PIECEWISE_BEZIER_KNOTS.);
#2504 = CARTESIAN_POINT('',(229.9462890625,25.22705078125));
#2505 = CARTESIAN_POINT('',(230.068359375,25.61767578125));
#2506 = CARTESIAN_POINT('',(230.3271484375,26.37451171875));
#2507 = ( GEOMETRIC_REPRESENTATION_CONTEXT(2) 
PARAMETRIC_REPRESENTATION_CONTEXT() REPRESENTATION_CONTEXT('2D SPACE',''
  ) );
#2508 = PCURVE('',#2509,#2516);
#2509 = SURFACE_OF_LINEAR_EXTRUSION('',#2510,#2514);
#2510 = B_SPLINE_CURVE_WITH_KNOTS('',2,(#2511,#2512,#2513),
  .UNSPECIFIED.,.F.,.F.,(3,3),(0.,1.),.PIECEWISE_BEZIER_KNOTS.);
#2511 = CARTESIAN_POINT('',(109.9462890625,-2.27294921875,17.5));
#2512 = CARTESIAN_POINT('',(110.068359375,-1.88232421875,17.5));
#2513 = CARTESIAN_POINT('',(110.3271484375,-1.12548828125,17.5));
#2514 = VECTOR('',#2515,1.);
#2515 = DIRECTION('',(-0.,-0.,-1.));
#2516 = DEFINITIONAL_REPRESENTATION('',(#2517),#2521);
#2517 = LINE('',#2518,#2519);
#2518 = CARTESIAN_POINT('',(0.,0.));
#2519 = VECTOR('',#2520,1.);
#2520 = DIRECTION('',(1.,0.));
#2521 = ( GEOMETRIC_REPRESENTATION_CONTEXT(2) 
PARAMETRIC_REPRESENTATION_CONTEXT() REPRESENTATION_CONTEXT('2D SPACE',''
  ) );
#2522 = ORIENTED_EDGE('',*,*,#2523,.T.);
#2523 = EDGE_CURVE('',#2494,#2524,#2526,.T.);
#2524 = VERTEX_POINT('',#2525);
#2525 = CARTESIAN_POINT('',(112.041015625,3.85498046875,17.5));
#2526 = SURFACE_CURVE('',#2527,(#2531,#2538),.PCURVE_S1.);
#2527 = LINE('',#2528,#2529);
#2528 = CARTESIAN_POINT('',(110.3271484375,-1.12548828125,17.5));
#2529 = VECTOR('',#2530,1.);
#2530 = DIRECTION('',(0.325390653072,0.945579675593,0.));
#2531 = PCURVE('',#368,#2532);
#2532 = DEFINITIONAL_REPRESENTATION('',(#2533),#2537);
#2533 = LINE('',#2534,#2535);
#2534 = CARTESIAN_POINT('',(230.3271484375,26.37451171875));
#2535 = VECTOR('',#2536,1.);
#2536 = DIRECTION('',(0.325390653072,0.945579675593));
#2537 = ( GEOMETRIC_REPRESENTATION_CONTEXT(2) 
PARAMETRIC_REPRESENTATION_CONTEXT() REPRESENTATION_CONTEXT('2D SPACE',''
  ) );
#2538 = PCURVE('',#2539,#2544);
#2539 = PLANE('',#2540);
#2540 = AXIS2_PLACEMENT_3D('',#2541,#2542,#2543);
#2541 = CARTESIAN_POINT('',(110.3271484375,-1.12548828125,17.5));
#2542 = DIRECTION('',(-0.945579675593,0.325390653072,0.));
#2543 = DIRECTION('',(0.325390653072,0.945579675593,0.));
#2544 = DEFINITIONAL_REPRESENTATION('',(#2545),#2549);
#2545 = LINE('',#2546,#2547);
#2546 = CARTESIAN_POINT('',(0.,0.));
#2547 = VECTOR('',#2548,1.);
#2548 = DIRECTION('',(1.,0.));
#2549 = ( GEOMETRIC_REPRESENTATION_CONTEXT(2) 
PARAMETRIC_REPRESENTATION_CONTEXT() REPRESENTATION_CONTEXT('2D SPACE',''
  ) );
#2550 = ORIENTED_EDGE('',*,*,#2551,.T.);
#2551 = EDGE_CURVE('',#2524,#2552,#2554,.T.);
#2552 = VERTEX_POINT('',#2553);
#2553 = CARTESIAN_POINT('',(113.3154296875,3.85498046875,17.5));
#2554 = SURFACE_CURVE('',#2555,(#2559,#2566),.PCURVE_S1.);
#2555 = LINE('',#2556,#2557);
#2556 = CARTESIAN_POINT('',(112.041015625,3.85498046875,17.5));
#2557 = VECTOR('',#2558,1.);
#2558 = DIRECTION('',(1.,0.,0.));
#2559 = PCURVE('',#368,#2560);
#2560 = DEFINITIONAL_REPRESENTATION('',(#2561),#2565);
#2561 = LINE('',#2562,#2563);
#2562 = CARTESIAN_POINT('',(232.041015625,31.35498046875));
#2563 = VECTOR('',#2564,1.);
#2564 = DIRECTION('',(1.,0.));
#2565 = ( GEOMETRIC_REPRESENTATION_CONTEXT(2) 
PARAMETRIC_REPRESENTATION_CONTEXT() REPRESENTATION_CONTEXT('2D SPACE',''
  ) );
#2566 = PCURVE('',#2567,#2572);
#2567 = PLANE('',#2568);
#2568 = AXIS2_PLACEMENT_3D('',#2569,#2570,#2571);
#2569 = CARTESIAN_POINT('',(112.041015625,3.85498046875,17.5));
#2570 = DIRECTION('',(0.,1.,0.));
#2571 = DIRECTION('',(1.,0.,0.));
#2572 = DEFINITIONAL_REPRESENTATION('',(#2573),#2577);
#2573 = LINE('',#2574,#2575);
#2574 = CARTESIAN_POINT('',(0.,0.));
#2575 = VECTOR('',#2576,1.);
#2576 = DIRECTION('',(1.,0.));
#2577 = ( GEOMETRIC_REPRESENTATION_CONTEXT(2) 
PARAMETRIC_REPRESENTATION_CONTEXT() REPRESENTATION_CONTEXT('2D SPACE',''
  ) );
#2578 = ORIENTED_EDGE('',*,*,#2579,.T.);
#2579 = EDGE_CURVE('',#2552,#2580,#2582,.T.);
#2580 = VERTEX_POINT('',#2581);
#2581 = CARTESIAN_POINT('',(113.3154296875,-3.30322265625,17.5));
#2582 = SURFACE_CURVE('',#2583,(#2587,#2594),.PCURVE_S1.);
#2583 = LINE('',#2584,#2585);
#2584 = CARTESIAN_POINT('',(113.3154296875,3.85498046875,17.5));
#2585 = VECTOR('',#2586,1.);
#2586 = DIRECTION('',(0.,-1.,0.));
#2587 = PCURVE('',#368,#2588);
#2588 = DEFINITIONAL_REPRESENTATION('',(#2589),#2593);
#2589 = LINE('',#2590,#2591);
#2590 = CARTESIAN_POINT('',(233.3154296875,31.35498046875));
#2591 = VECTOR('',#2592,1.);
#2592 = DIRECTION('',(0.,-1.));
#2593 = ( GEOMETRIC_REPRESENTATION_CONTEXT(2) 
PARAMETRIC_REPRESENTATION_CONTEXT() REPRESENTATION_CONTEXT('2D SPACE',''
  ) );
#2594 = PCURVE('',#2595,#2600);
#2595 = PLANE('',#2596);
#2596 = AXIS2_PLACEMENT_3D('',#2597,#2598,#2599);
#2597 = CARTESIAN_POINT('',(113.3154296875,3.85498046875,17.5));
#2598 = DIRECTION('',(1.,0.,0.));
#2599 = DIRECTION('',(0.,-1.,0.));
#2600 = DEFINITIONAL_REPRESENTATION('',(#2601),#2605);
#2601 = LINE('',#2602,#2603);
#2602 = CARTESIAN_POINT('',(0.,0.));
#2603 = VECTOR('',#2604,1.);
#2604 = DIRECTION('',(1.,0.));
#2605 = ( GEOMETRIC_REPRESENTATION_CONTEXT(2) 
PARAMETRIC_REPRESENTATION_CONTEXT() REPRESENTATION_CONTEXT('2D SPACE',''
  ) );
#2606 = ORIENTED_EDGE('',*,*,#2607,.T.);
#2607 = EDGE_CURVE('',#2580,#2608,#2610,.T.);
#2608 = VERTEX_POINT('',#2609);
#2609 = CARTESIAN_POINT('',(112.40234375,-3.30322265625,17.5));
#2610 = SURFACE_CURVE('',#2611,(#2615,#2622),.PCURVE_S1.);
#2611 = LINE('',#2612,#2613);
#2612 = CARTESIAN_POINT('',(113.3154296875,-3.30322265625,17.5));
#2613 = VECTOR('',#2614,1.);
#2614 = DIRECTION('',(-1.,0.,0.));
#2615 = PCURVE('',#368,#2616);
#2616 = DEFINITIONAL_REPRESENTATION('',(#2617),#2621);
#2617 = LINE('',#2618,#2619);
#2618 = CARTESIAN_POINT('',(233.3154296875,24.19677734375));
#2619 = VECTOR('',#2620,1.);
#2620 = DIRECTION('',(-1.,0.));
#2621 = ( GEOMETRIC_REPRESENTATION_CONTEXT(2) 
PARAMETRIC_REPRESENTATION_CONTEXT() REPRESENTATION_CONTEXT('2D SPACE',''
  ) );
#2622 = PCURVE('',#2623,#2628);
#2623 = PLANE('',#2624);
#2624 = AXIS2_PLACEMENT_3D('',#2625,#2626,#2627);
#2625 = CARTESIAN_POINT('',(113.3154296875,-3.30322265625,17.5));
#2626 = DIRECTION('',(0.,-1.,0.));
#2627 = DIRECTION('',(-1.,0.,0.));
#2628 = DEFINITIONAL_REPRESENTATION('',(#2629),#2633);
#2629 = LINE('',#2630,#2631);
#2630 = CARTESIAN_POINT('',(0.,-0.));
#2631 = VECTOR('',#2632,1.);
#2632 = DIRECTION('',(1.,0.));
#2633 = ( GEOMETRIC_REPRESENTATION_CONTEXT(2) 
PARAMETRIC_REPRESENTATION_CONTEXT() REPRESENTATION_CONTEXT('2D SPACE',''
  ) );
#2634 = ORIENTED_EDGE('',*,*,#2635,.T.);
#2635 = EDGE_CURVE('',#2608,#2636,#2638,.T.);
#2636 = VERTEX_POINT('',#2637);
#2637 = CARTESIAN_POINT('',(112.40234375,2.68798828125,17.5));
#2638 = SURFACE_CURVE('',#2639,(#2643,#2650),.PCURVE_S1.);
#2639 = LINE('',#2640,#2641);
#2640 = CARTESIAN_POINT('',(112.40234375,-3.30322265625,17.5));
#2641 = VECTOR('',#2642,1.);
#2642 = DIRECTION('',(0.,1.,0.));
#2643 = PCURVE('',#368,#2644);
#2644 = DEFINITIONAL_REPRESENTATION('',(#2645),#2649);
#2645 = LINE('',#2646,#2647);
#2646 = CARTESIAN_POINT('',(232.40234375,24.19677734375));
#2647 = VECTOR('',#2648,1.);
#2648 = DIRECTION('',(0.,1.));
#2649 = ( GEOMETRIC_REPRESENTATION_CONTEXT(2) 
PARAMETRIC_REPRESENTATION_CONTEXT() REPRESENTATION_CONTEXT('2D SPACE',''
  ) );
#2650 = PCURVE('',#2651,#2656);
#2651 = PLANE('',#2652);
#2652 = AXIS2_PLACEMENT_3D('',#2653,#2654,#2655);
#2653 = CARTESIAN_POINT('',(112.40234375,-3.30322265625,17.5));
#2654 = DIRECTION('',(-1.,0.,0.));
#2655 = DIRECTION('',(0.,1.,0.));
#2656 = DEFINITIONAL_REPRESENTATION('',(#2657),#2661);
#2657 = LINE('',#2658,#2659);
#2658 = CARTESIAN_POINT('',(0.,0.));
#2659 = VECTOR('',#2660,1.);
#2660 = DIRECTION('',(1.,0.));
#2661 = ( GEOMETRIC_REPRESENTATION_CONTEXT(2) 
PARAMETRIC_REPRESENTATION_CONTEXT() REPRESENTATION_CONTEXT('2D SPACE',''
  ) );
#2662 = ORIENTED_EDGE('',*,*,#2663,.T.);
#2663 = EDGE_CURVE('',#2636,#2664,#2666,.T.);
#2664 = VERTEX_POINT('',#2665);
#2665 = CARTESIAN_POINT('',(110.322265625,-3.30322265625,17.5));
#2666 = SURFACE_CURVE('',#2667,(#2671,#2678),.PCURVE_S1.);
#2667 = LINE('',#2668,#2669);
#2668 = CARTESIAN_POINT('',(112.40234375,2.68798828125,17.5));
#2669 = VECTOR('',#2670,1.);
#2670 = DIRECTION('',(-0.32798306061,-0.944683604152,0.));
#2671 = PCURVE('',#368,#2672);
#2672 = DEFINITIONAL_REPRESENTATION('',(#2673),#2677);
#2673 = LINE('',#2674,#2675);
#2674 = CARTESIAN_POINT('',(232.40234375,30.18798828125));
#2675 = VECTOR('',#2676,1.);
#2676 = DIRECTION('',(-0.32798306061,-0.944683604152));
#2677 = ( GEOMETRIC_REPRESENTATION_CONTEXT(2) 
PARAMETRIC_REPRESENTATION_CONTEXT() REPRESENTATION_CONTEXT('2D SPACE',''
  ) );
#2678 = PCURVE('',#2679,#2684);
#2679 = PLANE('',#2680);
#2680 = AXIS2_PLACEMENT_3D('',#2681,#2682,#2683);
#2681 = CARTESIAN_POINT('',(112.40234375,2.68798828125,17.5));
#2682 = DIRECTION('',(0.944683604152,-0.32798306061,0.));
#2683 = DIRECTION('',(-0.32798306061,-0.944683604152,0.));
#2684 = DEFINITIONAL_REPRESENTATION('',(#2685),#2689);
#2685 = LINE('',#2686,#2687);
#2686 = CARTESIAN_POINT('',(0.,0.));
#2687 = VECTOR('',#2688,1.);
#2688 = DIRECTION('',(1.,0.));
#2689 = ( GEOMETRIC_REPRESENTATION_CONTEXT(2) 
PARAMETRIC_REPRESENTATION_CONTEXT() REPRESENTATION_CONTEXT('2D SPACE',''
  ) );
#2690 = ORIENTED_EDGE('',*,*,#2691,.T.);
#2691 = EDGE_CURVE('',#2664,#2692,#2694,.T.);
#2692 = VERTEX_POINT('',#2693);
#2693 = CARTESIAN_POINT('',(109.4677734375,-3.30322265625,17.5));
#2694 = SURFACE_CURVE('',#2695,(#2699,#2706),.PCURVE_S1.);
#2695 = LINE('',#2696,#2697);
#2696 = CARTESIAN_POINT('',(110.322265625,-3.30322265625,17.5));
#2697 = VECTOR('',#2698,1.);
#2698 = DIRECTION('',(-1.,0.,0.));
#2699 = PCURVE('',#368,#2700);
#2700 = DEFINITIONAL_REPRESENTATION('',(#2701),#2705);
#2701 = LINE('',#2702,#2703);
#2702 = CARTESIAN_POINT('',(230.322265625,24.19677734375));
#2703 = VECTOR('',#2704,1.);
#2704 = DIRECTION('',(-1.,0.));
#2705 = ( GEOMETRIC_REPRESENTATION_CONTEXT(2) 
PARAMETRIC_REPRESENTATION_CONTEXT() REPRESENTATION_CONTEXT('2D SPACE',''
  ) );
#2706 = PCURVE('',#2707,#2712);
#2707 = PLANE('',#2708);
#2708 = AXIS2_PLACEMENT_3D('',#2709,#2710,#2711);
#2709 = CARTESIAN_POINT('',(110.322265625,-3.30322265625,17.5));
#2710 = DIRECTION('',(0.,-1.,0.));
#2711 = DIRECTION('',(-1.,0.,0.));
#2712 = DEFINITIONAL_REPRESENTATION('',(#2713),#2717);
#2713 = LINE('',#2714,#2715);
#2714 = CARTESIAN_POINT('',(0.,-0.));
#2715 = VECTOR('',#2716,1.);
#2716 = DIRECTION('',(1.,0.));
#2717 = ( GEOMETRIC_REPRESENTATION_CONTEXT(2) 
PARAMETRIC_REPRESENTATION_CONTEXT() REPRESENTATION_CONTEXT('2D SPACE',''
  ) );
#2718 = ORIENTED_EDGE('',*,*,#2719,.T.);
#2719 = EDGE_CURVE('',#2692,#2322,#2720,.T.);
#2720 = SURFACE_CURVE('',#2721,(#2725,#2732),.PCURVE_S1.);
#2721 = LINE('',#2722,#2723);
#2722 = CARTESIAN_POINT('',(109.4677734375,-3.30322265625,17.5));
#2723 = VECTOR('',#2724,1.);
#2724 = DIRECTION('',(-0.321685100848,0.94684671193,0.));
#2725 = PCURVE('',#368,#2726);
#2726 = DEFINITIONAL_REPRESENTATION('',(#2727),#2731);
#2727 = LINE('',#2728,#2729);
#2728 = CARTESIAN_POINT('',(229.4677734375,24.19677734375));
#2729 = VECTOR('',#2730,1.);
#2730 = DIRECTION('',(-0.321685100848,0.94684671193));
#2731 = ( GEOMETRIC_REPRESENTATION_CONTEXT(2) 
PARAMETRIC_REPRESENTATION_CONTEXT() REPRESENTATION_CONTEXT('2D SPACE',''
  ) );
#2732 = PCURVE('',#2733,#2738);
#2733 = PLANE('',#2734);
#2734 = AXIS2_PLACEMENT_3D('',#2735,#2736,#2737);
#2735 = CARTESIAN_POINT('',(109.4677734375,-3.30322265625,17.5));
#2736 = DIRECTION('',(-0.94684671193,-0.321685100848,0.));
#2737 = DIRECTION('',(-0.321685100848,0.94684671193,0.));
#2738 = DEFINITIONAL_REPRESENTATION('',(#2739),#2743);
#2739 = LINE('',#2740,#2741);
#2740 = CARTESIAN_POINT('',(0.,0.));
#2741 = VECTOR('',#2742,1.);
#2742 = DIRECTION('',(1.,0.));
#2743 = ( GEOMETRIC_REPRESENTATION_CONTEXT(2) 
PARAMETRIC_REPRESENTATION_CONTEXT() REPRESENTATION_CONTEXT('2D SPACE',''
  ) );
#2744 = ADVANCED_FACE('',(#2745),#395,.T.);
#2745 = FACE_BOUND('',#2746,.F.);
#2746 = EDGE_LOOP('',(#2747,#2748,#2768));
#2747 = ORIENTED_EDGE('',*,*,#464,.F.);
#2748 = ORIENTED_EDGE('',*,*,#2749,.T.);
#2749 = EDGE_CURVE('',#437,#353,#2750,.T.);
#2750 = SURFACE_CURVE('',#2751,(#2756,#2762),.PCURVE_S1.);
#2751 = CIRCLE('',#2752,3.);
#2752 = AXIS2_PLACEMENT_3D('',#2753,#2754,#2755);
#2753 = CARTESIAN_POINT('',(-117.,24.5,14.5));
#2754 = DIRECTION('',(1.,0.,6.123233995737E-17));
#2755 = DIRECTION('',(-6.123233995737E-17,0.,1.));
#2756 = PCURVE('',#395,#2757);
#2757 = DEFINITIONAL_REPRESENTATION('',(#2758),#2761);
#2758 = B_SPLINE_CURVE_WITH_KNOTS('',1,(#2759,#2760),.UNSPECIFIED.,.F.,
  .F.,(2,2),(4.712388980385,6.28318530718),.PIECEWISE_BEZIER_KNOTS.);
#2759 = CARTESIAN_POINT('',(-1.570796326795,-1.570796326795));
#2760 = CARTESIAN_POINT('',(-1.570796326795,0.));
#2761 = ( GEOMETRIC_REPRESENTATION_CONTEXT(2) 
PARAMETRIC_REPRESENTATION_CONTEXT() REPRESENTATION_CONTEXT('2D SPACE',''
  ) );
#2762 = PCURVE('',#958,#2763);
#2763 = DEFINITIONAL_REPRESENTATION('',(#2764),#2767);
#2764 = B_SPLINE_CURVE_WITH_KNOTS('',1,(#2765,#2766),.UNSPECIFIED.,.F.,
  .F.,(2,2),(4.712388980385,6.28318530718),.PIECEWISE_BEZIER_KNOTS.);
#2765 = CARTESIAN_POINT('',(0.,3.));
#2766 = CARTESIAN_POINT('',(1.570796326795,3.));
#2767 = ( GEOMETRIC_REPRESENTATION_CONTEXT(2) 
PARAMETRIC_REPRESENTATION_CONTEXT() REPRESENTATION_CONTEXT('2D SPACE',''
  ) );
#2768 = ORIENTED_EDGE('',*,*,#380,.F.);
#2769 = ADVANCED_FACE('',(#2770),#452,.T.);
#2770 = FACE_BOUND('',#2771,.T.);
#2771 = EDGE_LOOP('',(#2772,#2773,#2796,#2824));
#2772 = ORIENTED_EDGE('',*,*,#436,.T.);
#2773 = ORIENTED_EDGE('',*,*,#2774,.T.);
#2774 = EDGE_CURVE('',#437,#2775,#2777,.T.);
#2775 = VERTEX_POINT('',#2776);
#2776 = CARTESIAN_POINT('',(117.,27.5,14.5));
#2777 = SURFACE_CURVE('',#2778,(#2782,#2789),.PCURVE_S1.);
#2778 = LINE('',#2779,#2780);
#2779 = CARTESIAN_POINT('',(-120.,27.5,14.5));
#2780 = VECTOR('',#2781,1.);
#2781 = DIRECTION('',(1.,0.,0.));
#2782 = PCURVE('',#452,#2783);
#2783 = DEFINITIONAL_REPRESENTATION('',(#2784),#2788);
#2784 = LINE('',#2785,#2786);
#2785 = CARTESIAN_POINT('',(32.,0.));
#2786 = VECTOR('',#2787,1.);
#2787 = DIRECTION('',(0.,1.));
#2788 = ( GEOMETRIC_REPRESENTATION_CONTEXT(2) 
PARAMETRIC_REPRESENTATION_CONTEXT() REPRESENTATION_CONTEXT('2D SPACE',''
  ) );
#2789 = PCURVE('',#958,#2790);
#2790 = DEFINITIONAL_REPRESENTATION('',(#2791),#2795);
#2791 = LINE('',#2792,#2793);
#2792 = CARTESIAN_POINT('',(0.,0.));
#2793 = VECTOR('',#2794,1.);
#2794 = DIRECTION('',(0.,1.));
#2795 = ( GEOMETRIC_REPRESENTATION_CONTEXT(2) 
PARAMETRIC_REPRESENTATION_CONTEXT() REPRESENTATION_CONTEXT('2D SPACE',''
  ) );
#2796 = ORIENTED_EDGE('',*,*,#2797,.F.);
#2797 = EDGE_CURVE('',#2798,#2775,#2800,.T.);
#2798 = VERTEX_POINT('',#2799);
#2799 = CARTESIAN_POINT('',(117.,27.5,-14.5));
#2800 = SURFACE_CURVE('',#2801,(#2805,#2812),.PCURVE_S1.);
#2801 = LINE('',#2802,#2803);
#2802 = CARTESIAN_POINT('',(117.,27.5,-17.5));
#2803 = VECTOR('',#2804,1.);
#2804 = DIRECTION('',(0.,0.,1.));
#2805 = PCURVE('',#452,#2806);
#2806 = DEFINITIONAL_REPRESENTATION('',(#2807),#2811);
#2807 = LINE('',#2808,#2809);
#2808 = CARTESIAN_POINT('',(0.,237.));
#2809 = VECTOR('',#2810,1.);
#2810 = DIRECTION('',(1.,0.));
#2811 = ( GEOMETRIC_REPRESENTATION_CONTEXT(2) 
PARAMETRIC_REPRESENTATION_CONTEXT() REPRESENTATION_CONTEXT('2D SPACE',''
  ) );
#2812 = PCURVE('',#2813,#2818);
#2813 = CYLINDRICAL_SURFACE('',#2814,3.);
#2814 = AXIS2_PLACEMENT_3D('',#2815,#2816,#2817);
#2815 = CARTESIAN_POINT('',(117.,24.5,-17.5));
#2816 = DIRECTION('',(0.,0.,1.));
#2817 = DIRECTION('',(1.,0.,-0.));
#2818 = DEFINITIONAL_REPRESENTATION('',(#2819),#2823);
#2819 = LINE('',#2820,#2821);
#2820 = CARTESIAN_POINT('',(1.570796326795,0.));
#2821 = VECTOR('',#2822,1.);
#2822 = DIRECTION('',(0.,1.));
#2823 = ( GEOMETRIC_REPRESENTATION_CONTEXT(2) 
PARAMETRIC_REPRESENTATION_CONTEXT() REPRESENTATION_CONTEXT('2D SPACE',''
  ) );
#2824 = ORIENTED_EDGE('',*,*,#2825,.F.);
#2825 = EDGE_CURVE('',#413,#2798,#2826,.T.);
#2826 = SURFACE_CURVE('',#2827,(#2831,#2838),.PCURVE_S1.);
#2827 = LINE('',#2828,#2829);
#2828 = CARTESIAN_POINT('',(-120.,27.5,-14.5));
#2829 = VECTOR('',#2830,1.);
#2830 = DIRECTION('',(1.,0.,0.));
#2831 = PCURVE('',#452,#2832);
#2832 = DEFINITIONAL_REPRESENTATION('',(#2833),#2837);
#2833 = LINE('',#2834,#2835);
#2834 = CARTESIAN_POINT('',(3.,0.));
#2835 = VECTOR('',#2836,1.);
#2836 = DIRECTION('',(0.,1.));
#2837 = ( GEOMETRIC_REPRESENTATION_CONTEXT(2) 
PARAMETRIC_REPRESENTATION_CONTEXT() REPRESENTATION_CONTEXT('2D SPACE',''
  ) );
#2838 = PCURVE('',#689,#2839);
#2839 = DEFINITIONAL_REPRESENTATION('',(#2840),#2844);
#2840 = LINE('',#2841,#2842);
#2841 = CARTESIAN_POINT('',(-0.,0.));
#2842 = VECTOR('',#2843,1.);
#2843 = DIRECTION('',(-0.,1.));
#2844 = ( GEOMETRIC_REPRESENTATION_CONTEXT(2) 
PARAMETRIC_REPRESENTATION_CONTEXT() REPRESENTATION_CONTEXT('2D SPACE',''
  ) );
#2845 = ADVANCED_FACE('',(#2846),#502,.T.);
#2846 = FACE_BOUND('',#2847,.T.);
#2847 = EDGE_LOOP('',(#2848,#2849,#2850,#2875));
#2848 = ORIENTED_EDGE('',*,*,#488,.F.);
#2849 = ORIENTED_EDGE('',*,*,#624,.T.);
#2850 = ORIENTED_EDGE('',*,*,#2851,.T.);
#2851 = EDGE_CURVE('',#625,#572,#2852,.T.);
#2852 = SURFACE_CURVE('',#2853,(#2858,#2864),.PCURVE_S1.);
#2853 = CIRCLE('',#2854,3.);
#2854 = AXIS2_PLACEMENT_3D('',#2855,#2856,#2857);
#2855 = CARTESIAN_POINT('',(117.,-24.5,-14.5));
#2856 = DIRECTION('',(-1.,-6.123233995737E-17,0.));
#2857 = DIRECTION('',(6.123233995737E-17,-1.,-0.));
#2858 = PCURVE('',#502,#2859);
#2859 = DEFINITIONAL_REPRESENTATION('',(#2860),#2863);
#2860 = B_SPLINE_CURVE_WITH_KNOTS('',1,(#2861,#2862),.UNSPECIFIED.,.F.,
  .F.,(2,2),(4.712388980385,6.28318530718),.PIECEWISE_BEZIER_KNOTS.);
#2861 = CARTESIAN_POINT('',(1.570796326795,237.));
#2862 = CARTESIAN_POINT('',(0.,237.));
#2863 = ( GEOMETRIC_REPRESENTATION_CONTEXT(2) 
PARAMETRIC_REPRESENTATION_CONTEXT() REPRESENTATION_CONTEXT('2D SPACE',''
  ) );
#2864 = PCURVE('',#2865,#2870);
#2865 = SPHERICAL_SURFACE('',#2866,3.);
#2866 = AXIS2_PLACEMENT_3D('',#2867,#2868,#2869);
#2867 = CARTESIAN_POINT('',(117.,-24.5,-14.5));
#2868 = DIRECTION('',(0.,0.,1.));
#2869 = DIRECTION('',(1.,0.,-0.));
#2870 = DEFINITIONAL_REPRESENTATION('',(#2871),#2874);
#2871 = B_SPLINE_CURVE_WITH_KNOTS('',1,(#2872,#2873),.UNSPECIFIED.,.F.,
  .F.,(2,2),(4.712388980385,6.28318530718),.PIECEWISE_BEZIER_KNOTS.);
#2872 = CARTESIAN_POINT('',(-1.570796326795,-1.570796326795));
#2873 = CARTESIAN_POINT('',(-1.570796326795,0.));
#2874 = ( GEOMETRIC_REPRESENTATION_CONTEXT(2) 
PARAMETRIC_REPRESENTATION_CONTEXT() REPRESENTATION_CONTEXT('2D SPACE',''
  ) );
#2875 = ORIENTED_EDGE('',*,*,#599,.F.);
#2876 = ADVANCED_FACE('',(#2877),#532,.T.);
#2877 = FACE_BOUND('',#2878,.F.);
#2878 = EDGE_LOOP('',(#2879,#2880,#2881,#2906));
#2879 = ORIENTED_EDGE('',*,*,#518,.F.);
#2880 = ORIENTED_EDGE('',*,*,#730,.T.);
#2881 = ORIENTED_EDGE('',*,*,#2882,.T.);
#2882 = EDGE_CURVE('',#731,#549,#2883,.T.);
#2883 = SURFACE_CURVE('',#2884,(#2889,#2895),.PCURVE_S1.);
#2884 = CIRCLE('',#2885,3.);
#2885 = AXIS2_PLACEMENT_3D('',#2886,#2887,#2888);
#2886 = CARTESIAN_POINT('',(117.,-24.5,14.5));
#2887 = DIRECTION('',(1.,6.123233995737E-17,0.));
#2888 = DIRECTION('',(6.123233995737E-17,-1.,0.));
#2889 = PCURVE('',#532,#2890);
#2890 = DEFINITIONAL_REPRESENTATION('',(#2891),#2894);
#2891 = B_SPLINE_CURVE_WITH_KNOTS('',1,(#2892,#2893),.UNSPECIFIED.,.F.,
  .F.,(2,2),(4.712388980385,6.28318530718),.PIECEWISE_BEZIER_KNOTS.);
#2892 = CARTESIAN_POINT('',(-1.570796326795,237.));
#2893 = CARTESIAN_POINT('',(0.,237.));
#2894 = ( GEOMETRIC_REPRESENTATION_CONTEXT(2) 
PARAMETRIC_REPRESENTATION_CONTEXT() REPRESENTATION_CONTEXT('2D SPACE',''
  ) );
#2895 = PCURVE('',#2896,#2901);
#2896 = SPHERICAL_SURFACE('',#2897,3.);
#2897 = AXIS2_PLACEMENT_3D('',#2898,#2899,#2900);
#2898 = CARTESIAN_POINT('',(117.,-24.5,14.5));
#2899 = DIRECTION('',(-0.,-0.,-1.));
#2900 = DIRECTION('',(1.,0.,0.));
#2901 = DEFINITIONAL_REPRESENTATION('',(#2902),#2905);
#2902 = B_SPLINE_CURVE_WITH_KNOTS('',1,(#2903,#2904),.UNSPECIFIED.,.F.,
  .F.,(2,2),(4.712388980385,6.28318530718),.PIECEWISE_BEZIER_KNOTS.);
#2903 = CARTESIAN_POINT('',(1.570796326795,-1.570796326795));
#2904 = CARTESIAN_POINT('',(1.570796326795,0.));
#2905 = ( GEOMETRIC_REPRESENTATION_CONTEXT(2) 
PARAMETRIC_REPRESENTATION_CONTEXT() REPRESENTATION_CONTEXT('2D SPACE',''
  ) );
#2906 = ORIENTED_EDGE('',*,*,#548,.F.);
#2907 = ADVANCED_FACE('',(#2908),#587,.T.);
#2908 = FACE_BOUND('',#2909,.F.);
#2909 = EDGE_LOOP('',(#2910,#2940,#2962,#2963));
#2910 = ORIENTED_EDGE('',*,*,#2911,.F.);
#2911 = EDGE_CURVE('',#2912,#2914,#2916,.T.);
#2912 = VERTEX_POINT('',#2913);
#2913 = CARTESIAN_POINT('',(120.,-24.5,-14.5));
#2914 = VERTEX_POINT('',#2915);
#2915 = CARTESIAN_POINT('',(120.,-24.5,14.5));
#2916 = SURFACE_CURVE('',#2917,(#2921,#2928),.PCURVE_S1.);
#2917 = LINE('',#2918,#2919);
#2918 = CARTESIAN_POINT('',(120.,-24.5,-17.5));
#2919 = VECTOR('',#2920,1.);
#2920 = DIRECTION('',(0.,0.,1.));
#2921 = PCURVE('',#587,#2922);
#2922 = DEFINITIONAL_REPRESENTATION('',(#2923),#2927);
#2923 = LINE('',#2924,#2925);
#2924 = CARTESIAN_POINT('',(-0.,0.));
#2925 = VECTOR('',#2926,1.);
#2926 = DIRECTION('',(-0.,1.));
#2927 = ( GEOMETRIC_REPRESENTATION_CONTEXT(2) 
PARAMETRIC_REPRESENTATION_CONTEXT() REPRESENTATION_CONTEXT('2D SPACE',''
  ) );
#2928 = PCURVE('',#2929,#2934);
#2929 = PLANE('',#2930);
#2930 = AXIS2_PLACEMENT_3D('',#2931,#2932,#2933);
#2931 = CARTESIAN_POINT('',(120.,-27.5,-17.5));
#2932 = DIRECTION('',(1.,0.,0.));
#2933 = DIRECTION('',(0.,0.,1.));
#2934 = DEFINITIONAL_REPRESENTATION('',(#2935),#2939);
#2935 = LINE('',#2936,#2937);
#2936 = CARTESIAN_POINT('',(0.,-3.));
#2937 = VECTOR('',#2938,1.);
#2938 = DIRECTION('',(1.,0.));
#2939 = ( GEOMETRIC_REPRESENTATION_CONTEXT(2) 
PARAMETRIC_REPRESENTATION_CONTEXT() REPRESENTATION_CONTEXT('2D SPACE',''
  ) );
#2940 = ORIENTED_EDGE('',*,*,#2941,.T.);
#2941 = EDGE_CURVE('',#2912,#572,#2942,.T.);
#2942 = SURFACE_CURVE('',#2943,(#2948,#2955),.PCURVE_S1.);
#2943 = CIRCLE('',#2944,3.);
#2944 = AXIS2_PLACEMENT_3D('',#2945,#2946,#2947);
#2945 = CARTESIAN_POINT('',(117.,-24.5,-14.5));
#2946 = DIRECTION('',(0.,-0.,-1.));
#2947 = DIRECTION('',(1.,0.,-0.));
#2948 = PCURVE('',#587,#2949);
#2949 = DEFINITIONAL_REPRESENTATION('',(#2950),#2954);
#2950 = LINE('',#2951,#2952);
#2951 = CARTESIAN_POINT('',(-0.,3.));
#2952 = VECTOR('',#2953,1.);
#2953 = DIRECTION('',(-1.,0.));
#2954 = ( GEOMETRIC_REPRESENTATION_CONTEXT(2) 
PARAMETRIC_REPRESENTATION_CONTEXT() REPRESENTATION_CONTEXT('2D SPACE',''
  ) );
#2955 = PCURVE('',#2865,#2956);
#2956 = DEFINITIONAL_REPRESENTATION('',(#2957),#2961);
#2957 = LINE('',#2958,#2959);
#2958 = CARTESIAN_POINT('',(-0.,0.));
#2959 = VECTOR('',#2960,1.);
#2960 = DIRECTION('',(-1.,0.));
#2961 = ( GEOMETRIC_REPRESENTATION_CONTEXT(2) 
PARAMETRIC_REPRESENTATION_CONTEXT() REPRESENTATION_CONTEXT('2D SPACE',''
  ) );
#2962 = ORIENTED_EDGE('',*,*,#571,.T.);
#2963 = ORIENTED_EDGE('',*,*,#2964,.F.);
#2964 = EDGE_CURVE('',#2914,#549,#2965,.T.);
#2965 = SURFACE_CURVE('',#2966,(#2971,#2978),.PCURVE_S1.);
#2966 = CIRCLE('',#2967,3.);
#2967 = AXIS2_PLACEMENT_3D('',#2968,#2969,#2970);
#2968 = CARTESIAN_POINT('',(117.,-24.5,14.5));
#2969 = DIRECTION('',(0.,0.,-1.));
#2970 = DIRECTION('',(1.,0.,0.));
#2971 = PCURVE('',#587,#2972);
#2972 = DEFINITIONAL_REPRESENTATION('',(#2973),#2977);
#2973 = LINE('',#2974,#2975);
#2974 = CARTESIAN_POINT('',(-0.,32.));
#2975 = VECTOR('',#2976,1.);
#2976 = DIRECTION('',(-1.,0.));
#2977 = ( GEOMETRIC_REPRESENTATION_CONTEXT(2) 
PARAMETRIC_REPRESENTATION_CONTEXT() REPRESENTATION_CONTEXT('2D SPACE',''
  ) );
#2978 = PCURVE('',#2896,#2979);
#2979 = DEFINITIONAL_REPRESENTATION('',(#2980),#2984);
#2980 = LINE('',#2981,#2982);
#2981 = CARTESIAN_POINT('',(0.,0.));
#2982 = VECTOR('',#2983,1.);
#2983 = DIRECTION('',(1.,0.));
#2984 = ( GEOMETRIC_REPRESENTATION_CONTEXT(2) 
PARAMETRIC_REPRESENTATION_CONTEXT() REPRESENTATION_CONTEXT('2D SPACE',''
  ) );
#2985 = ADVANCED_FACE('',(#2986),#689,.T.);
#2986 = FACE_BOUND('',#2987,.F.);
#2987 = EDGE_LOOP('',(#2988,#2989,#2990,#3015));
#2988 = ORIENTED_EDGE('',*,*,#705,.F.);
#2989 = ORIENTED_EDGE('',*,*,#675,.T.);
#2990 = ORIENTED_EDGE('',*,*,#2991,.T.);
#2991 = EDGE_CURVE('',#648,#2798,#2992,.T.);
#2992 = SURFACE_CURVE('',#2993,(#2998,#3004),.PCURVE_S1.);
#2993 = CIRCLE('',#2994,3.);
#2994 = AXIS2_PLACEMENT_3D('',#2995,#2996,#2997);
#2995 = CARTESIAN_POINT('',(117.,24.5,-14.5));
#2996 = DIRECTION('',(1.,-6.123233995737E-17,0.));
#2997 = DIRECTION('',(6.123233995737E-17,1.,0.));
#2998 = PCURVE('',#689,#2999);
#2999 = DEFINITIONAL_REPRESENTATION('',(#3000),#3003);
#3000 = B_SPLINE_CURVE_WITH_KNOTS('',1,(#3001,#3002),.UNSPECIFIED.,.F.,
  .F.,(2,2),(4.712388980385,6.28318530718),.PIECEWISE_BEZIER_KNOTS.);
#3001 = CARTESIAN_POINT('',(-1.570796326795,237.));
#3002 = CARTESIAN_POINT('',(0.,237.));
#3003 = ( GEOMETRIC_REPRESENTATION_CONTEXT(2) 
PARAMETRIC_REPRESENTATION_CONTEXT() REPRESENTATION_CONTEXT('2D SPACE',''
  ) );
#3004 = PCURVE('',#3005,#3010);
#3005 = SPHERICAL_SURFACE('',#3006,3.);
#3006 = AXIS2_PLACEMENT_3D('',#3007,#3008,#3009);
#3007 = CARTESIAN_POINT('',(117.,24.5,-14.5));
#3008 = DIRECTION('',(0.,0.,1.));
#3009 = DIRECTION('',(1.,0.,-0.));
#3010 = DEFINITIONAL_REPRESENTATION('',(#3011),#3014);
#3011 = B_SPLINE_CURVE_WITH_KNOTS('',1,(#3012,#3013),.UNSPECIFIED.,.F.,
  .F.,(2,2),(4.712388980385,6.28318530718),.PIECEWISE_BEZIER_KNOTS.);
#3012 = CARTESIAN_POINT('',(1.570796326795,-1.570796326795));
#3013 = CARTESIAN_POINT('',(1.570796326795,0.));
#3014 = ( GEOMETRIC_REPRESENTATION_CONTEXT(2) 
PARAMETRIC_REPRESENTATION_CONTEXT() REPRESENTATION_CONTEXT('2D SPACE',''
  ) );
#3015 = ORIENTED_EDGE('',*,*,#2825,.F.);
#3016 = ADVANCED_FACE('',(#3017),#663,.T.);
#3017 = FACE_BOUND('',#3018,.T.);
#3018 = EDGE_LOOP('',(#3019,#3039,#3040,#3062));
#3019 = ORIENTED_EDGE('',*,*,#3020,.F.);
#3020 = EDGE_CURVE('',#625,#2912,#3021,.T.);
#3021 = SURFACE_CURVE('',#3022,(#3027,#3033),.PCURVE_S1.);
#3022 = CIRCLE('',#3023,3.);
#3023 = AXIS2_PLACEMENT_3D('',#3024,#3025,#3026);
#3024 = CARTESIAN_POINT('',(117.,-24.5,-14.5));
#3025 = DIRECTION('',(0.,-1.,0.));
#3026 = DIRECTION('',(1.,0.,0.));
#3027 = PCURVE('',#663,#3028);
#3028 = DEFINITIONAL_REPRESENTATION('',(#3029),#3032);
#3029 = B_SPLINE_CURVE_WITH_KNOTS('',1,(#3030,#3031),.UNSPECIFIED.,.F.,
  .F.,(2,2),(4.712388980385,6.28318530718),.PIECEWISE_BEZIER_KNOTS.);
#3030 = CARTESIAN_POINT('',(1.570796326795,3.));
#3031 = CARTESIAN_POINT('',(0.,3.));
#3032 = ( GEOMETRIC_REPRESENTATION_CONTEXT(2) 
PARAMETRIC_REPRESENTATION_CONTEXT() REPRESENTATION_CONTEXT('2D SPACE',''
  ) );
#3033 = PCURVE('',#2865,#3034);
#3034 = DEFINITIONAL_REPRESENTATION('',(#3035),#3038);
#3035 = B_SPLINE_CURVE_WITH_KNOTS('',1,(#3036,#3037),.UNSPECIFIED.,.F.,
  .F.,(2,2),(4.712388980385,6.28318530718),.PIECEWISE_BEZIER_KNOTS.);
#3036 = CARTESIAN_POINT('',(0.,-1.570796326795));
#3037 = CARTESIAN_POINT('',(0.,0.));
#3038 = ( GEOMETRIC_REPRESENTATION_CONTEXT(2) 
PARAMETRIC_REPRESENTATION_CONTEXT() REPRESENTATION_CONTEXT('2D SPACE',''
  ) );
#3039 = ORIENTED_EDGE('',*,*,#647,.T.);
#3040 = ORIENTED_EDGE('',*,*,#3041,.T.);
#3041 = EDGE_CURVE('',#648,#3042,#3044,.T.);
#3042 = VERTEX_POINT('',#3043);
#3043 = CARTESIAN_POINT('',(120.,24.5,-14.5));
#3044 = SURFACE_CURVE('',#3045,(#3050,#3056),.PCURVE_S1.);
#3045 = CIRCLE('',#3046,3.);
#3046 = AXIS2_PLACEMENT_3D('',#3047,#3048,#3049);
#3047 = CARTESIAN_POINT('',(117.,24.5,-14.5));
#3048 = DIRECTION('',(0.,-1.,0.));
#3049 = DIRECTION('',(1.,0.,0.));
#3050 = PCURVE('',#663,#3051);
#3051 = DEFINITIONAL_REPRESENTATION('',(#3052),#3055);
#3052 = B_SPLINE_CURVE_WITH_KNOTS('',1,(#3053,#3054),.UNSPECIFIED.,.F.,
  .F.,(2,2),(4.712388980385,6.28318530718),.PIECEWISE_BEZIER_KNOTS.);
#3053 = CARTESIAN_POINT('',(1.570796326795,52.));
#3054 = CARTESIAN_POINT('',(0.,52.));
#3055 = ( GEOMETRIC_REPRESENTATION_CONTEXT(2) 
PARAMETRIC_REPRESENTATION_CONTEXT() REPRESENTATION_CONTEXT('2D SPACE',''
  ) );
#3056 = PCURVE('',#3005,#3057);
#3057 = DEFINITIONAL_REPRESENTATION('',(#3058),#3061);
#3058 = B_SPLINE_CURVE_WITH_KNOTS('',1,(#3059,#3060),.UNSPECIFIED.,.F.,
  .F.,(2,2),(4.712388980385,6.28318530718),.PIECEWISE_BEZIER_KNOTS.);
#3059 = CARTESIAN_POINT('',(0.,-1.570796326795));
#3060 = CARTESIAN_POINT('',(0.,0.));
#3061 = ( GEOMETRIC_REPRESENTATION_CONTEXT(2) 
PARAMETRIC_REPRESENTATION_CONTEXT() REPRESENTATION_CONTEXT('2D SPACE',''
  ) );
#3062 = ORIENTED_EDGE('',*,*,#3063,.F.);
#3063 = EDGE_CURVE('',#2912,#3042,#3064,.T.);
#3064 = SURFACE_CURVE('',#3065,(#3069,#3076),.PCURVE_S1.);
#3065 = LINE('',#3066,#3067);
#3066 = CARTESIAN_POINT('',(120.,-27.5,-14.5));
#3067 = VECTOR('',#3068,1.);
#3068 = DIRECTION('',(0.,1.,0.));
#3069 = PCURVE('',#663,#3070);
#3070 = DEFINITIONAL_REPRESENTATION('',(#3071),#3075);
#3071 = LINE('',#3072,#3073);
#3072 = CARTESIAN_POINT('',(0.,0.));
#3073 = VECTOR('',#3074,1.);
#3074 = DIRECTION('',(0.,1.));
#3075 = ( GEOMETRIC_REPRESENTATION_CONTEXT(2) 
PARAMETRIC_REPRESENTATION_CONTEXT() REPRESENTATION_CONTEXT('2D SPACE',''
  ) );
#3076 = PCURVE('',#2929,#3077);
#3077 = DEFINITIONAL_REPRESENTATION('',(#3078),#3082);
#3078 = LINE('',#3079,#3080);
#3079 = CARTESIAN_POINT('',(3.,0.));
#3080 = VECTOR('',#3081,1.);
#3081 = DIRECTION('',(0.,-1.));
#3082 = ( GEOMETRIC_REPRESENTATION_CONTEXT(2) 
PARAMETRIC_REPRESENTATION_CONTEXT() REPRESENTATION_CONTEXT('2D SPACE',''
  ) );
#3083 = ADVANCED_FACE('',(#3084),#958,.T.);
#3084 = FACE_BOUND('',#3085,.T.);
#3085 = EDGE_LOOP('',(#3086,#3087,#3088,#3113));
#3086 = ORIENTED_EDGE('',*,*,#2749,.T.);
#3087 = ORIENTED_EDGE('',*,*,#944,.T.);
#3088 = ORIENTED_EDGE('',*,*,#3089,.F.);
#3089 = EDGE_CURVE('',#2775,#922,#3090,.T.);
#3090 = SURFACE_CURVE('',#3091,(#3096,#3102),.PCURVE_S1.);
#3091 = CIRCLE('',#3092,3.);
#3092 = AXIS2_PLACEMENT_3D('',#3093,#3094,#3095);
#3093 = CARTESIAN_POINT('',(117.,24.5,14.5));
#3094 = DIRECTION('',(1.,0.,-6.123233995737E-17));
#3095 = DIRECTION('',(6.123233995737E-17,0.,1.));
#3096 = PCURVE('',#958,#3097);
#3097 = DEFINITIONAL_REPRESENTATION('',(#3098),#3101);
#3098 = B_SPLINE_CURVE_WITH_KNOTS('',1,(#3099,#3100),.UNSPECIFIED.,.F.,
  .F.,(2,2),(4.712388980385,6.28318530718),.PIECEWISE_BEZIER_KNOTS.);
#3099 = CARTESIAN_POINT('',(0.,237.));
#3100 = CARTESIAN_POINT('',(1.570796326795,237.));
#3101 = ( GEOMETRIC_REPRESENTATION_CONTEXT(2) 
PARAMETRIC_REPRESENTATION_CONTEXT() REPRESENTATION_CONTEXT('2D SPACE',''
  ) );
#3102 = PCURVE('',#3103,#3108);
#3103 = SPHERICAL_SURFACE('',#3104,3.);
#3104 = AXIS2_PLACEMENT_3D('',#3105,#3106,#3107);
#3105 = CARTESIAN_POINT('',(117.,24.5,14.5));
#3106 = DIRECTION('',(-0.,-1.,-0.));
#3107 = DIRECTION('',(1.,-0.,0.));
#3108 = DEFINITIONAL_REPRESENTATION('',(#3109),#3112);
#3109 = B_SPLINE_CURVE_WITH_KNOTS('',1,(#3110,#3111),.UNSPECIFIED.,.F.,
  .F.,(2,2),(4.712388980385,6.28318530718),.PIECEWISE_BEZIER_KNOTS.);
#3110 = CARTESIAN_POINT('',(1.570796326795,-1.570796326795));
#3111 = CARTESIAN_POINT('',(1.570796326795,0.));
#3112 = ( GEOMETRIC_REPRESENTATION_CONTEXT(2) 
PARAMETRIC_REPRESENTATION_CONTEXT() REPRESENTATION_CONTEXT('2D SPACE',''
  ) );
#3113 = ORIENTED_EDGE('',*,*,#2774,.F.);
#3114 = ADVANCED_FACE('',(#3115),#769,.T.);
#3115 = FACE_BOUND('',#3116,.F.);
#3116 = EDGE_LOOP('',(#3117,#3137,#3138,#3166,#3194,#3215,#3216,#3240));
#3117 = ORIENTED_EDGE('',*,*,#3118,.F.);
#3118 = EDGE_CURVE('',#731,#2914,#3119,.T.);
#3119 = SURFACE_CURVE('',#3120,(#3125,#3131),.PCURVE_S1.);
#3120 = CIRCLE('',#3121,3.);
#3121 = AXIS2_PLACEMENT_3D('',#3122,#3123,#3124);
#3122 = CARTESIAN_POINT('',(117.,-24.5,14.5));
#3123 = DIRECTION('',(-0.,1.,0.));
#3124 = DIRECTION('',(1.,0.,0.));
#3125 = PCURVE('',#769,#3126);
#3126 = DEFINITIONAL_REPRESENTATION('',(#3127),#3130);
#3127 = B_SPLINE_CURVE_WITH_KNOTS('',1,(#3128,#3129),.UNSPECIFIED.,.F.,
  .F.,(2,2),(4.712388980385,6.28318530718),.PIECEWISE_BEZIER_KNOTS.);
#3128 = CARTESIAN_POINT('',(-1.570796326795,3.));
#3129 = CARTESIAN_POINT('',(0.,3.));
#3130 = ( GEOMETRIC_REPRESENTATION_CONTEXT(2) 
PARAMETRIC_REPRESENTATION_CONTEXT() REPRESENTATION_CONTEXT('2D SPACE',''
  ) );
#3131 = PCURVE('',#2896,#3132);
#3132 = DEFINITIONAL_REPRESENTATION('',(#3133),#3136);
#3133 = B_SPLINE_CURVE_WITH_KNOTS('',1,(#3134,#3135),.UNSPECIFIED.,.F.,
  .F.,(2,2),(4.712388980385,6.28318530718),.PIECEWISE_BEZIER_KNOTS.);
#3134 = CARTESIAN_POINT('',(0.,-1.570796326795));
#3135 = CARTESIAN_POINT('',(0.,0.));
#3136 = ( GEOMETRIC_REPRESENTATION_CONTEXT(2) 
PARAMETRIC_REPRESENTATION_CONTEXT() REPRESENTATION_CONTEXT('2D SPACE',''
  ) );
#3137 = ORIENTED_EDGE('',*,*,#753,.T.);
#3138 = ORIENTED_EDGE('',*,*,#3139,.T.);
#3139 = EDGE_CURVE('',#754,#3140,#3142,.T.);
#3140 = VERTEX_POINT('',#3141);
#3141 = CARTESIAN_POINT('',(117.,-0.36376953125,17.5));
#3142 = SURFACE_CURVE('',#3143,(#3147,#3154),.PCURVE_S1.);
#3143 = LINE('',#3144,#3145);
#3144 = CARTESIAN_POINT('',(117.,-27.5,17.5));
#3145 = VECTOR('',#3146,1.);
#3146 = DIRECTION('',(0.,1.,0.));
#3147 = PCURVE('',#769,#3148);
#3148 = DEFINITIONAL_REPRESENTATION('',(#3149),#3153);
#3149 = LINE('',#3150,#3151);
#3150 = CARTESIAN_POINT('',(-1.570796326795,0.));
#3151 = VECTOR('',#3152,1.);
#3152 = DIRECTION('',(-0.,1.));
#3153 = ( GEOMETRIC_REPRESENTATION_CONTEXT(2) 
PARAMETRIC_REPRESENTATION_CONTEXT() REPRESENTATION_CONTEXT('2D SPACE',''
  ) );
#3154 = PCURVE('',#3155,#3160);
#3155 = PLANE('',#3156);
#3156 = AXIS2_PLACEMENT_3D('',#3157,#3158,#3159);
#3157 = CARTESIAN_POINT('',(114.072265625,-3.30322265625,17.5));
#3158 = DIRECTION('',(0.,0.,1.));
#3159 = DIRECTION('',(1.,0.,0.));
#3160 = DEFINITIONAL_REPRESENTATION('',(#3161),#3165);
#3161 = LINE('',#3162,#3163);
#3162 = CARTESIAN_POINT('',(2.927734375,-24.19677734375));
#3163 = VECTOR('',#3164,1.);
#3164 = DIRECTION('',(0.,1.));
#3165 = ( GEOMETRIC_REPRESENTATION_CONTEXT(2) 
PARAMETRIC_REPRESENTATION_CONTEXT() REPRESENTATION_CONTEXT('2D SPACE',''
  ) );
#3166 = ORIENTED_EDGE('',*,*,#3167,.T.);
#3167 = EDGE_CURVE('',#3140,#3168,#3170,.T.);
#3168 = VERTEX_POINT('',#3169);
#3169 = CARTESIAN_POINT('',(117.,1.99483676976,17.5));
#3170 = SURFACE_CURVE('',#3171,(#3175,#3182),.PCURVE_S1.);
#3171 = LINE('',#3172,#3173);
#3172 = CARTESIAN_POINT('',(117.,-27.5,17.5));
#3173 = VECTOR('',#3174,1.);
#3174 = DIRECTION('',(0.,1.,0.));
#3175 = PCURVE('',#769,#3176);
#3176 = DEFINITIONAL_REPRESENTATION('',(#3177),#3181);
#3177 = LINE('',#3178,#3179);
#3178 = CARTESIAN_POINT('',(-1.570796326795,0.));
#3179 = VECTOR('',#3180,1.);
#3180 = DIRECTION('',(-0.,1.));
#3181 = ( GEOMETRIC_REPRESENTATION_CONTEXT(2) 
PARAMETRIC_REPRESENTATION_CONTEXT() REPRESENTATION_CONTEXT('2D SPACE',''
  ) );
#3182 = PCURVE('',#3183,#3188);
#3183 = PLANE('',#3184);
#3184 = AXIS2_PLACEMENT_3D('',#3185,#3186,#3187);
#3185 = CARTESIAN_POINT('',(-120.,-27.5,17.5));
#3186 = DIRECTION('',(0.,0.,1.));
#3187 = DIRECTION('',(1.,0.,0.));
#3188 = DEFINITIONAL_REPRESENTATION('',(#3189),#3193);
#3189 = LINE('',#3190,#3191);
#3190 = CARTESIAN_POINT('',(237.,0.));
#3191 = VECTOR('',#3192,1.);
#3192 = DIRECTION('',(0.,1.));
#3193 = ( GEOMETRIC_REPRESENTATION_CONTEXT(2) 
PARAMETRIC_REPRESENTATION_CONTEXT() REPRESENTATION_CONTEXT('2D SPACE',''
  ) );
#3194 = ORIENTED_EDGE('',*,*,#3195,.T.);
#3195 = EDGE_CURVE('',#3168,#894,#3196,.T.);
#3196 = SURFACE_CURVE('',#3197,(#3201,#3208),.PCURVE_S1.);
#3197 = LINE('',#3198,#3199);
#3198 = CARTESIAN_POINT('',(117.,-27.5,17.5));
#3199 = VECTOR('',#3200,1.);
#3200 = DIRECTION('',(0.,1.,0.));
#3201 = PCURVE('',#769,#3202);
#3202 = DEFINITIONAL_REPRESENTATION('',(#3203),#3207);
#3203 = LINE('',#3204,#3205);
#3204 = CARTESIAN_POINT('',(-1.570796326795,0.));
#3205 = VECTOR('',#3206,1.);
#3206 = DIRECTION('',(-0.,1.));
#3207 = ( GEOMETRIC_REPRESENTATION_CONTEXT(2) 
PARAMETRIC_REPRESENTATION_CONTEXT() REPRESENTATION_CONTEXT('2D SPACE',''
  ) );
#3208 = PCURVE('',#3155,#3209);
#3209 = DEFINITIONAL_REPRESENTATION('',(#3210),#3214);
#3210 = LINE('',#3211,#3212);
#3211 = CARTESIAN_POINT('',(2.927734375,-24.19677734375));
#3212 = VECTOR('',#3213,1.);
#3213 = DIRECTION('',(0.,1.));
#3214 = ( GEOMETRIC_REPRESENTATION_CONTEXT(2) 
PARAMETRIC_REPRESENTATION_CONTEXT() REPRESENTATION_CONTEXT('2D SPACE',''
  ) );
#3215 = ORIENTED_EDGE('',*,*,#921,.T.);
#3216 = ORIENTED_EDGE('',*,*,#3217,.F.);
#3217 = EDGE_CURVE('',#3218,#922,#3220,.T.);
#3218 = VERTEX_POINT('',#3219);
#3219 = CARTESIAN_POINT('',(120.,24.5,14.5));
#3220 = SURFACE_CURVE('',#3221,(#3226,#3233),.PCURVE_S1.);
#3221 = CIRCLE('',#3222,3.);
#3222 = AXIS2_PLACEMENT_3D('',#3223,#3224,#3225);
#3223 = CARTESIAN_POINT('',(117.,24.5,14.5));
#3224 = DIRECTION('',(-0.,-1.,0.));
#3225 = DIRECTION('',(1.,-0.,0.));
#3226 = PCURVE('',#769,#3227);
#3227 = DEFINITIONAL_REPRESENTATION('',(#3228),#3232);
#3228 = LINE('',#3229,#3230);
#3229 = CARTESIAN_POINT('',(-0.,52.));
#3230 = VECTOR('',#3231,1.);
#3231 = DIRECTION('',(-1.,0.));
#3232 = ( GEOMETRIC_REPRESENTATION_CONTEXT(2) 
PARAMETRIC_REPRESENTATION_CONTEXT() REPRESENTATION_CONTEXT('2D SPACE',''
  ) );
#3233 = PCURVE('',#3103,#3234);
#3234 = DEFINITIONAL_REPRESENTATION('',(#3235),#3239);
#3235 = LINE('',#3236,#3237);
#3236 = CARTESIAN_POINT('',(0.,0.));
#3237 = VECTOR('',#3238,1.);
#3238 = DIRECTION('',(1.,0.));
#3239 = ( GEOMETRIC_REPRESENTATION_CONTEXT(2) 
PARAMETRIC_REPRESENTATION_CONTEXT() REPRESENTATION_CONTEXT('2D SPACE',''
  ) );
#3240 = ORIENTED_EDGE('',*,*,#3241,.F.);
#3241 = EDGE_CURVE('',#2914,#3218,#3242,.T.);
#3242 = SURFACE_CURVE('',#3243,(#3247,#3254),.PCURVE_S1.);
#3243 = LINE('',#3244,#3245);
#3244 = CARTESIAN_POINT('',(120.,-27.5,14.5));
#3245 = VECTOR('',#3246,1.);
#3246 = DIRECTION('',(0.,1.,0.));
#3247 = PCURVE('',#769,#3248);
#3248 = DEFINITIONAL_REPRESENTATION('',(#3249),#3253);
#3249 = LINE('',#3250,#3251);
#3250 = CARTESIAN_POINT('',(-0.,0.));
#3251 = VECTOR('',#3252,1.);
#3252 = DIRECTION('',(-0.,1.));
#3253 = ( GEOMETRIC_REPRESENTATION_CONTEXT(2) 
PARAMETRIC_REPRESENTATION_CONTEXT() REPRESENTATION_CONTEXT('2D SPACE',''
  ) );
#3254 = PCURVE('',#2929,#3255);
#3255 = DEFINITIONAL_REPRESENTATION('',(#3256),#3260);
#3256 = LINE('',#3257,#3258);
#3257 = CARTESIAN_POINT('',(32.,0.));
#3258 = VECTOR('',#3259,1.);
#3259 = DIRECTION('',(0.,-1.));
#3260 = ( GEOMETRIC_REPRESENTATION_CONTEXT(2) 
PARAMETRIC_REPRESENTATION_CONTEXT() REPRESENTATION_CONTEXT('2D SPACE',''
  ) );
#3261 = ADVANCED_FACE('',(#3262),#909,.T.);
#3262 = FACE_BOUND('',#3263,.T.);
#3263 = EDGE_LOOP('',(#3264,#3287,#3315,#3343,#3364));
#3264 = ORIENTED_EDGE('',*,*,#3265,.T.);
#3265 = EDGE_CURVE('',#866,#3266,#3268,.T.);
#3266 = VERTEX_POINT('',#3267);
#3267 = CARTESIAN_POINT('',(116.806640625,3.85498046875,18.));
#3268 = SURFACE_CURVE('',#3269,(#3273,#3280),.PCURVE_S1.);
#3269 = LINE('',#3270,#3271);
#3270 = CARTESIAN_POINT('',(116.806640625,3.85498046875,17.5));
#3271 = VECTOR('',#3272,1.);
#3272 = DIRECTION('',(0.,0.,1.));
#3273 = PCURVE('',#909,#3274);
#3274 = DEFINITIONAL_REPRESENTATION('',(#3275),#3279);
#3275 = LINE('',#3276,#3277);
#3276 = CARTESIAN_POINT('',(0.,0.));
#3277 = VECTOR('',#3278,1.);
#3278 = DIRECTION('',(0.,-1.));
#3279 = ( GEOMETRIC_REPRESENTATION_CONTEXT(2) 
PARAMETRIC_REPRESENTATION_CONTEXT() REPRESENTATION_CONTEXT('2D SPACE',''
  ) );
#3280 = PCURVE('',#881,#3281);
#3281 = DEFINITIONAL_REPRESENTATION('',(#3282),#3286);
#3282 = LINE('',#3283,#3284);
#3283 = CARTESIAN_POINT('',(7.667920307273,0.));
#3284 = VECTOR('',#3285,1.);
#3285 = DIRECTION('',(0.,-1.));
#3286 = ( GEOMETRIC_REPRESENTATION_CONTEXT(2) 
PARAMETRIC_REPRESENTATION_CONTEXT() REPRESENTATION_CONTEXT('2D SPACE',''
  ) );
#3287 = ORIENTED_EDGE('',*,*,#3288,.T.);
#3288 = EDGE_CURVE('',#3266,#3289,#3291,.T.);
#3289 = VERTEX_POINT('',#3290);
#3290 = CARTESIAN_POINT('',(117.8271484375,3.85498046875,18.));
#3291 = SURFACE_CURVE('',#3292,(#3296,#3303),.PCURVE_S1.);
#3292 = LINE('',#3293,#3294);
#3293 = CARTESIAN_POINT('',(116.806640625,3.85498046875,18.));
#3294 = VECTOR('',#3295,1.);
#3295 = DIRECTION('',(1.,0.,0.));
#3296 = PCURVE('',#909,#3297);
#3297 = DEFINITIONAL_REPRESENTATION('',(#3298),#3302);
#3298 = LINE('',#3299,#3300);
#3299 = CARTESIAN_POINT('',(0.,-0.5));
#3300 = VECTOR('',#3301,1.);
#3301 = DIRECTION('',(1.,0.));
#3302 = ( GEOMETRIC_REPRESENTATION_CONTEXT(2) 
PARAMETRIC_REPRESENTATION_CONTEXT() REPRESENTATION_CONTEXT('2D SPACE',''
  ) );
#3303 = PCURVE('',#3304,#3309);
#3304 = PLANE('',#3305);
#3305 = AXIS2_PLACEMENT_3D('',#3306,#3307,#3308);
#3306 = CARTESIAN_POINT('',(114.072265625,-3.30322265625,18.));
#3307 = DIRECTION('',(0.,0.,1.));
#3308 = DIRECTION('',(1.,0.,0.));
#3309 = DEFINITIONAL_REPRESENTATION('',(#3310),#3314);
#3310 = LINE('',#3311,#3312);
#3311 = CARTESIAN_POINT('',(2.734375,7.158203125));
#3312 = VECTOR('',#3313,1.);
#3313 = DIRECTION('',(1.,0.));
#3314 = ( GEOMETRIC_REPRESENTATION_CONTEXT(2) 
PARAMETRIC_REPRESENTATION_CONTEXT() REPRESENTATION_CONTEXT('2D SPACE',''
  ) );
#3315 = ORIENTED_EDGE('',*,*,#3316,.F.);
#3316 = EDGE_CURVE('',#3317,#3289,#3319,.T.);
#3317 = VERTEX_POINT('',#3318);
#3318 = CARTESIAN_POINT('',(117.8271484375,3.85498046875,17.5));
#3319 = SURFACE_CURVE('',#3320,(#3324,#3331),.PCURVE_S1.);
#3320 = LINE('',#3321,#3322);
#3321 = CARTESIAN_POINT('',(117.8271484375,3.85498046875,17.5));
#3322 = VECTOR('',#3323,1.);
#3323 = DIRECTION('',(0.,0.,1.));
#3324 = PCURVE('',#909,#3325);
#3325 = DEFINITIONAL_REPRESENTATION('',(#3326),#3330);
#3326 = LINE('',#3327,#3328);
#3327 = CARTESIAN_POINT('',(1.0205078125,0.));
#3328 = VECTOR('',#3329,1.);
#3329 = DIRECTION('',(0.,-1.));
#3330 = ( GEOMETRIC_REPRESENTATION_CONTEXT(2) 
PARAMETRIC_REPRESENTATION_CONTEXT() REPRESENTATION_CONTEXT('2D SPACE',''
  ) );
#3331 = PCURVE('',#3332,#3337);
#3332 = PLANE('',#3333);
#3333 = AXIS2_PLACEMENT_3D('',#3334,#3335,#3336);
#3334 = CARTESIAN_POINT('',(117.8271484375,3.85498046875,17.5));
#3335 = DIRECTION('',(0.925486607764,0.378780330599,0.));
#3336 = DIRECTION('',(0.378780330599,-0.925486607764,0.));
#3337 = DEFINITIONAL_REPRESENTATION('',(#3338),#3342);
#3338 = LINE('',#3339,#3340);
#3339 = CARTESIAN_POINT('',(0.,0.));
#3340 = VECTOR('',#3341,1.);
#3341 = DIRECTION('',(0.,-1.));
#3342 = ( GEOMETRIC_REPRESENTATION_CONTEXT(2) 
PARAMETRIC_REPRESENTATION_CONTEXT() REPRESENTATION_CONTEXT('2D SPACE',''
  ) );
#3343 = ORIENTED_EDGE('',*,*,#3344,.F.);
#3344 = EDGE_CURVE('',#894,#3317,#3345,.T.);
#3345 = SURFACE_CURVE('',#3346,(#3350,#3357),.PCURVE_S1.);
#3346 = LINE('',#3347,#3348);
#3347 = CARTESIAN_POINT('',(116.806640625,3.85498046875,17.5));
#3348 = VECTOR('',#3349,1.);
#3349 = DIRECTION('',(1.,0.,0.));
#3350 = PCURVE('',#909,#3351);
#3351 = DEFINITIONAL_REPRESENTATION('',(#3352),#3356);
#3352 = LINE('',#3353,#3354);
#3353 = CARTESIAN_POINT('',(0.,0.));
#3354 = VECTOR('',#3355,1.);
#3355 = DIRECTION('',(1.,0.));
#3356 = ( GEOMETRIC_REPRESENTATION_CONTEXT(2) 
PARAMETRIC_REPRESENTATION_CONTEXT() REPRESENTATION_CONTEXT('2D SPACE',''
  ) );
#3357 = PCURVE('',#3155,#3358);
#3358 = DEFINITIONAL_REPRESENTATION('',(#3359),#3363);
#3359 = LINE('',#3360,#3361);
#3360 = CARTESIAN_POINT('',(2.734375,7.158203125));
#3361 = VECTOR('',#3362,1.);
#3362 = DIRECTION('',(1.,0.));
#3363 = ( GEOMETRIC_REPRESENTATION_CONTEXT(2) 
PARAMETRIC_REPRESENTATION_CONTEXT() REPRESENTATION_CONTEXT('2D SPACE',''
  ) );
#3364 = ORIENTED_EDGE('',*,*,#893,.F.);
#3365 = ADVANCED_FACE('',(#3366),#881,.T.);
#3366 = FACE_BOUND('',#3367,.T.);
#3367 = EDGE_LOOP('',(#3368,#3391,#3412,#3413));
#3368 = ORIENTED_EDGE('',*,*,#3369,.T.);
#3369 = EDGE_CURVE('',#838,#3370,#3372,.T.);
#3370 = VERTEX_POINT('',#3371);
#3371 = CARTESIAN_POINT('',(114.0576171875,-3.30322265625,18.));
#3372 = SURFACE_CURVE('',#3373,(#3377,#3384),.PCURVE_S1.);
#3373 = LINE('',#3374,#3375);
#3374 = CARTESIAN_POINT('',(114.0576171875,-3.30322265625,17.5));
#3375 = VECTOR('',#3376,1.);
#3376 = DIRECTION('',(0.,0.,1.));
#3377 = PCURVE('',#881,#3378);
#3378 = DEFINITIONAL_REPRESENTATION('',(#3379),#3383);
#3379 = LINE('',#3380,#3381);
#3380 = CARTESIAN_POINT('',(0.,0.));
#3381 = VECTOR('',#3382,1.);
#3382 = DIRECTION('',(0.,-1.));
#3383 = ( GEOMETRIC_REPRESENTATION_CONTEXT(2) 
PARAMETRIC_REPRESENTATION_CONTEXT() REPRESENTATION_CONTEXT('2D SPACE',''
  ) );
#3384 = PCURVE('',#853,#3385);
#3385 = DEFINITIONAL_REPRESENTATION('',(#3386),#3390);
#3386 = LINE('',#3387,#3388);
#3387 = CARTESIAN_POINT('',(1.005859375,0.));
#3388 = VECTOR('',#3389,1.);
#3389 = DIRECTION('',(0.,-1.));
#3390 = ( GEOMETRIC_REPRESENTATION_CONTEXT(2) 
PARAMETRIC_REPRESENTATION_CONTEXT() REPRESENTATION_CONTEXT('2D SPACE',''
  ) );
#3391 = ORIENTED_EDGE('',*,*,#3392,.T.);
#3392 = EDGE_CURVE('',#3370,#3266,#3393,.T.);
#3393 = SURFACE_CURVE('',#3394,(#3398,#3405),.PCURVE_S1.);
#3394 = LINE('',#3395,#3396);
#3395 = CARTESIAN_POINT('',(114.0576171875,-3.30322265625,18.));
#3396 = VECTOR('',#3397,1.);
#3397 = DIRECTION('',(0.358509651553,0.933526019853,0.));
#3398 = PCURVE('',#881,#3399);
#3399 = DEFINITIONAL_REPRESENTATION('',(#3400),#3404);
#3400 = LINE('',#3401,#3402);
#3401 = CARTESIAN_POINT('',(0.,-0.5));
#3402 = VECTOR('',#3403,1.);
#3403 = DIRECTION('',(1.,0.));
#3404 = ( GEOMETRIC_REPRESENTATION_CONTEXT(2) 
PARAMETRIC_REPRESENTATION_CONTEXT() REPRESENTATION_CONTEXT('2D SPACE',''
  ) );
#3405 = PCURVE('',#3304,#3406);
#3406 = DEFINITIONAL_REPRESENTATION('',(#3407),#3411);
#3407 = LINE('',#3408,#3409);
#3408 = CARTESIAN_POINT('',(-1.46484375E-02,0.));
#3409 = VECTOR('',#3410,1.);
#3410 = DIRECTION('',(0.358509651553,0.933526019853));
#3411 = ( GEOMETRIC_REPRESENTATION_CONTEXT(2) 
PARAMETRIC_REPRESENTATION_CONTEXT() REPRESENTATION_CONTEXT('2D SPACE',''
  ) );
#3412 = ORIENTED_EDGE('',*,*,#3265,.F.);
#3413 = ORIENTED_EDGE('',*,*,#865,.F.);
#3414 = ADVANCED_FACE('',(#3415),#853,.T.);
#3415 = FACE_BOUND('',#3416,.T.);
#3416 = EDGE_LOOP('',(#3417,#3440,#3461,#3462));
#3417 = ORIENTED_EDGE('',*,*,#3418,.T.);
#3418 = EDGE_CURVE('',#810,#3419,#3421,.T.);
#3419 = VERTEX_POINT('',#3420);
#3420 = CARTESIAN_POINT('',(115.0634765625,-3.30322265625,18.));
#3421 = SURFACE_CURVE('',#3422,(#3426,#3433),.PCURVE_S1.);
#3422 = LINE('',#3423,#3424);
#3423 = CARTESIAN_POINT('',(115.0634765625,-3.30322265625,17.5));
#3424 = VECTOR('',#3425,1.);
#3425 = DIRECTION('',(0.,0.,1.));
#3426 = PCURVE('',#853,#3427);
#3427 = DEFINITIONAL_REPRESENTATION('',(#3428),#3432);
#3428 = LINE('',#3429,#3430);
#3429 = CARTESIAN_POINT('',(0.,-0.));
#3430 = VECTOR('',#3431,1.);
#3431 = DIRECTION('',(0.,-1.));
#3432 = ( GEOMETRIC_REPRESENTATION_CONTEXT(2) 
PARAMETRIC_REPRESENTATION_CONTEXT() REPRESENTATION_CONTEXT('2D SPACE',''
  ) );
#3433 = PCURVE('',#825,#3434);
#3434 = DEFINITIONAL_REPRESENTATION('',(#3435),#3439);
#3435 = LINE('',#3436,#3437);
#3436 = CARTESIAN_POINT('',(2.306099152219,0.));
#3437 = VECTOR('',#3438,1.);
#3438 = DIRECTION('',(0.,-1.));
#3439 = ( GEOMETRIC_REPRESENTATION_CONTEXT(2) 
PARAMETRIC_REPRESENTATION_CONTEXT() REPRESENTATION_CONTEXT('2D SPACE',''
  ) );
#3440 = ORIENTED_EDGE('',*,*,#3441,.T.);
#3441 = EDGE_CURVE('',#3419,#3370,#3442,.T.);
#3442 = SURFACE_CURVE('',#3443,(#3447,#3454),.PCURVE_S1.);
#3443 = LINE('',#3444,#3445);
#3444 = CARTESIAN_POINT('',(115.0634765625,-3.30322265625,18.));
#3445 = VECTOR('',#3446,1.);
#3446 = DIRECTION('',(-1.,0.,0.));
#3447 = PCURVE('',#853,#3448);
#3448 = DEFINITIONAL_REPRESENTATION('',(#3449),#3453);
#3449 = LINE('',#3450,#3451);
#3450 = CARTESIAN_POINT('',(0.,-0.5));
#3451 = VECTOR('',#3452,1.);
#3452 = DIRECTION('',(1.,0.));
#3453 = ( GEOMETRIC_REPRESENTATION_CONTEXT(2) 
PARAMETRIC_REPRESENTATION_CONTEXT() REPRESENTATION_CONTEXT('2D SPACE',''
  ) );
#3454 = PCURVE('',#3304,#3455);
#3455 = DEFINITIONAL_REPRESENTATION('',(#3456),#3460);
#3456 = LINE('',#3457,#3458);
#3457 = CARTESIAN_POINT('',(0.9912109375,0.));
#3458 = VECTOR('',#3459,1.);
#3459 = DIRECTION('',(-1.,0.));
#3460 = ( GEOMETRIC_REPRESENTATION_CONTEXT(2) 
PARAMETRIC_REPRESENTATION_CONTEXT() REPRESENTATION_CONTEXT('2D SPACE',''
  ) );
#3461 = ORIENTED_EDGE('',*,*,#3369,.F.);
#3462 = ORIENTED_EDGE('',*,*,#837,.F.);
#3463 = ADVANCED_FACE('',(#3464),#825,.T.);
#3464 = FACE_BOUND('',#3465,.T.);
#3465 = EDGE_LOOP('',(#3466,#3489,#3510,#3511));
#3466 = ORIENTED_EDGE('',*,*,#3467,.T.);
#3467 = EDGE_CURVE('',#782,#3468,#3470,.T.);
#3468 = VERTEX_POINT('',#3469);
#3469 = CARTESIAN_POINT('',(115.849609375,-1.13525390625,18.));
#3470 = SURFACE_CURVE('',#3471,(#3475,#3482),.PCURVE_S1.);
#3471 = LINE('',#3472,#3473);
#3472 = CARTESIAN_POINT('',(115.849609375,-1.13525390625,17.5));
#3473 = VECTOR('',#3474,1.);
#3474 = DIRECTION('',(0.,0.,1.));
#3475 = PCURVE('',#825,#3476);
#3476 = DEFINITIONAL_REPRESENTATION('',(#3477),#3481);
#3477 = LINE('',#3478,#3479);
#3478 = CARTESIAN_POINT('',(0.,0.));
#3479 = VECTOR('',#3480,1.);
#3480 = DIRECTION('',(0.,-1.));
#3481 = ( GEOMETRIC_REPRESENTATION_CONTEXT(2) 
PARAMETRIC_REPRESENTATION_CONTEXT() REPRESENTATION_CONTEXT('2D SPACE',''
  ) );
#3482 = PCURVE('',#797,#3483);
#3483 = DEFINITIONAL_REPRESENTATION('',(#3484),#3488);
#3484 = LINE('',#3485,#3486);
#3485 = CARTESIAN_POINT('',(2.9931640625,0.));
#3486 = VECTOR('',#3487,1.);
#3487 = DIRECTION('',(0.,-1.));
#3488 = ( GEOMETRIC_REPRESENTATION_CONTEXT(2) 
PARAMETRIC_REPRESENTATION_CONTEXT() REPRESENTATION_CONTEXT('2D SPACE',''
  ) );
#3489 = ORIENTED_EDGE('',*,*,#3490,.T.);
#3490 = EDGE_CURVE('',#3468,#3419,#3491,.T.);
#3491 = SURFACE_CURVE('',#3492,(#3496,#3503),.PCURVE_S1.);
#3492 = LINE('',#3493,#3494);
#3493 = CARTESIAN_POINT('',(115.849609375,-1.13525390625,18.));
#3494 = VECTOR('',#3495,1.);
#3495 = DIRECTION('',(-0.340892893414,-0.940102140844,0.));
#3496 = PCURVE('',#825,#3497);
#3497 = DEFINITIONAL_REPRESENTATION('',(#3498),#3502);
#3498 = LINE('',#3499,#3500);
#3499 = CARTESIAN_POINT('',(0.,-0.5));
#3500 = VECTOR('',#3501,1.);
#3501 = DIRECTION('',(1.,0.));
#3502 = ( GEOMETRIC_REPRESENTATION_CONTEXT(2) 
PARAMETRIC_REPRESENTATION_CONTEXT() REPRESENTATION_CONTEXT('2D SPACE',''
  ) );
#3503 = PCURVE('',#3304,#3504);
#3504 = DEFINITIONAL_REPRESENTATION('',(#3505),#3509);
#3505 = LINE('',#3506,#3507);
#3506 = CARTESIAN_POINT('',(1.77734375,2.16796875));
#3507 = VECTOR('',#3508,1.);
#3508 = DIRECTION('',(-0.340892893414,-0.940102140844));
#3509 = ( GEOMETRIC_REPRESENTATION_CONTEXT(2) 
PARAMETRIC_REPRESENTATION_CONTEXT() REPRESENTATION_CONTEXT('2D SPACE',''
  ) );
#3510 = ORIENTED_EDGE('',*,*,#3418,.F.);
#3511 = ORIENTED_EDGE('',*,*,#809,.F.);
#3512 = ADVANCED_FACE('',(#3513),#797,.T.);
#3513 = FACE_BOUND('',#3514,.T.);
#3514 = EDGE_LOOP('',(#3515,#3545,#3566,#3567,#3568));
#3515 = ORIENTED_EDGE('',*,*,#3516,.T.);
#3516 = EDGE_CURVE('',#3517,#3519,#3521,.T.);
#3517 = VERTEX_POINT('',#3518);
#3518 = CARTESIAN_POINT('',(118.8427734375,-1.13525390625,17.5));
#3519 = VERTEX_POINT('',#3520);
#3520 = CARTESIAN_POINT('',(118.8427734375,-1.13525390625,18.));
#3521 = SURFACE_CURVE('',#3522,(#3526,#3533),.PCURVE_S1.);
#3522 = LINE('',#3523,#3524);
#3523 = CARTESIAN_POINT('',(118.8427734375,-1.13525390625,17.5));
#3524 = VECTOR('',#3525,1.);
#3525 = DIRECTION('',(0.,0.,1.));
#3526 = PCURVE('',#797,#3527);
#3527 = DEFINITIONAL_REPRESENTATION('',(#3528),#3532);
#3528 = LINE('',#3529,#3530);
#3529 = CARTESIAN_POINT('',(0.,-0.));
#3530 = VECTOR('',#3531,1.);
#3531 = DIRECTION('',(0.,-1.));
#3532 = ( GEOMETRIC_REPRESENTATION_CONTEXT(2) 
PARAMETRIC_REPRESENTATION_CONTEXT() REPRESENTATION_CONTEXT('2D SPACE',''
  ) );
#3533 = PCURVE('',#3534,#3539);
#3534 = PLANE('',#3535);
#3535 = AXIS2_PLACEMENT_3D('',#3536,#3537,#3538);
#3536 = CARTESIAN_POINT('',(119.677734375,-3.30322265625,17.5));
#3537 = DIRECTION('',(-0.933183003078,-0.359401561996,0.));
#3538 = DIRECTION('',(-0.359401561996,0.933183003078,0.));
#3539 = DEFINITIONAL_REPRESENTATION('',(#3540),#3544);
#3540 = LINE('',#3541,#3542);
#3541 = CARTESIAN_POINT('',(2.323197853849,0.));
#3542 = VECTOR('',#3543,1.);
#3543 = DIRECTION('',(0.,-1.));
#3544 = ( GEOMETRIC_REPRESENTATION_CONTEXT(2) 
PARAMETRIC_REPRESENTATION_CONTEXT() REPRESENTATION_CONTEXT('2D SPACE',''
  ) );
#3545 = ORIENTED_EDGE('',*,*,#3546,.T.);
#3546 = EDGE_CURVE('',#3519,#3468,#3547,.T.);
#3547 = SURFACE_CURVE('',#3548,(#3552,#3559),.PCURVE_S1.);
#3548 = LINE('',#3549,#3550);
#3549 = CARTESIAN_POINT('',(118.8427734375,-1.13525390625,18.));
#3550 = VECTOR('',#3551,1.);
#3551 = DIRECTION('',(-1.,0.,0.));
#3552 = PCURVE('',#797,#3553);
#3553 = DEFINITIONAL_REPRESENTATION('',(#3554),#3558);
#3554 = LINE('',#3555,#3556);
#3555 = CARTESIAN_POINT('',(0.,-0.5));
#3556 = VECTOR('',#3557,1.);
#3557 = DIRECTION('',(1.,0.));
#3558 = ( GEOMETRIC_REPRESENTATION_CONTEXT(2) 
PARAMETRIC_REPRESENTATION_CONTEXT() REPRESENTATION_CONTEXT('2D SPACE',''
  ) );
#3559 = PCURVE('',#3304,#3560);
#3560 = DEFINITIONAL_REPRESENTATION('',(#3561),#3565);
#3561 = LINE('',#3562,#3563);
#3562 = CARTESIAN_POINT('',(4.7705078125,2.16796875));
#3563 = VECTOR('',#3564,1.);
#3564 = DIRECTION('',(-1.,0.));
#3565 = ( GEOMETRIC_REPRESENTATION_CONTEXT(2) 
PARAMETRIC_REPRESENTATION_CONTEXT() REPRESENTATION_CONTEXT('2D SPACE',''
  ) );
#3566 = ORIENTED_EDGE('',*,*,#3467,.F.);
#3567 = ORIENTED_EDGE('',*,*,#781,.F.);
#3568 = ORIENTED_EDGE('',*,*,#3569,.F.);
#3569 = EDGE_CURVE('',#3517,#754,#3570,.T.);
#3570 = SURFACE_CURVE('',#3571,(#3575,#3582),.PCURVE_S1.);
#3571 = LINE('',#3572,#3573);
#3572 = CARTESIAN_POINT('',(118.8427734375,-1.13525390625,17.5));
#3573 = VECTOR('',#3574,1.);
#3574 = DIRECTION('',(-1.,0.,0.));
#3575 = PCURVE('',#797,#3576);
#3576 = DEFINITIONAL_REPRESENTATION('',(#3577),#3581);
#3577 = LINE('',#3578,#3579);
#3578 = CARTESIAN_POINT('',(0.,-0.));
#3579 = VECTOR('',#3580,1.);
#3580 = DIRECTION('',(1.,0.));
#3581 = ( GEOMETRIC_REPRESENTATION_CONTEXT(2) 
PARAMETRIC_REPRESENTATION_CONTEXT() REPRESENTATION_CONTEXT('2D SPACE',''
  ) );
#3582 = PCURVE('',#3155,#3583);
#3583 = DEFINITIONAL_REPRESENTATION('',(#3584),#3588);
#3584 = LINE('',#3585,#3586);
#3585 = CARTESIAN_POINT('',(4.7705078125,2.16796875));
#3586 = VECTOR('',#3587,1.);
#3587 = DIRECTION('',(-1.,0.));
#3588 = ( GEOMETRIC_REPRESENTATION_CONTEXT(2) 
PARAMETRIC_REPRESENTATION_CONTEXT() REPRESENTATION_CONTEXT('2D SPACE',''
  ) );
#3589 = ADVANCED_FACE('',(#3590),#990,.T.);
#3590 = FACE_BOUND('',#3591,.T.);
#3591 = EDGE_LOOP('',(#3592,#3615,#3643,#3664));
#3592 = ORIENTED_EDGE('',*,*,#3593,.F.);
#3593 = EDGE_CURVE('',#3594,#973,#3596,.T.);
#3594 = VERTEX_POINT('',#3595);
#3595 = CARTESIAN_POINT('',(-111.,-8.5,15.5));
#3596 = SURFACE_CURVE('',#3597,(#3601,#3608),.PCURVE_S1.);
#3597 = LINE('',#3598,#3599);
#3598 = CARTESIAN_POINT('',(-111.,-8.5,15.5));
#3599 = VECTOR('',#3600,1.);
#3600 = DIRECTION('',(0.,0.,1.));
#3601 = PCURVE('',#990,#3602);
#3602 = DEFINITIONAL_REPRESENTATION('',(#3603),#3607);
#3603 = LINE('',#3604,#3605);
#3604 = CARTESIAN_POINT('',(0.,0.));
#3605 = VECTOR('',#3606,1.);
#3606 = DIRECTION('',(1.,0.));
#3607 = ( GEOMETRIC_REPRESENTATION_CONTEXT(2) 
PARAMETRIC_REPRESENTATION_CONTEXT() REPRESENTATION_CONTEXT('2D SPACE',''
  ) );
#3608 = PCURVE('',#1072,#3609);
#3609 = DEFINITIONAL_REPRESENTATION('',(#3610),#3614);
#3610 = LINE('',#3611,#3612);
#3611 = CARTESIAN_POINT('',(0.,0.));
#3612 = VECTOR('',#3613,1.);
#3613 = DIRECTION('',(1.,0.));
#3614 = ( GEOMETRIC_REPRESENTATION_CONTEXT(2) 
PARAMETRIC_REPRESENTATION_CONTEXT() REPRESENTATION_CONTEXT('2D SPACE',''
  ) );
#3615 = ORIENTED_EDGE('',*,*,#3616,.T.);
#3616 = EDGE_CURVE('',#3594,#3617,#3619,.T.);
#3617 = VERTEX_POINT('',#3618);
#3618 = CARTESIAN_POINT('',(-111.,8.5,15.5));
#3619 = SURFACE_CURVE('',#3620,(#3624,#3631),.PCURVE_S1.);
#3620 = LINE('',#3621,#3622);
#3621 = CARTESIAN_POINT('',(-111.,-8.5,15.5));
#3622 = VECTOR('',#3623,1.);
#3623 = DIRECTION('',(0.,1.,0.));
#3624 = PCURVE('',#990,#3625);
#3625 = DEFINITIONAL_REPRESENTATION('',(#3626),#3630);
#3626 = LINE('',#3627,#3628);
#3627 = CARTESIAN_POINT('',(0.,0.));
#3628 = VECTOR('',#3629,1.);
#3629 = DIRECTION('',(0.,-1.));
#3630 = ( GEOMETRIC_REPRESENTATION_CONTEXT(2) 
PARAMETRIC_REPRESENTATION_CONTEXT() REPRESENTATION_CONTEXT('2D SPACE',''
  ) );
#3631 = PCURVE('',#3632,#3637);
#3632 = PLANE('',#3633);
#3633 = AXIS2_PLACEMENT_3D('',#3634,#3635,#3636);
#3634 = CARTESIAN_POINT('',(-111.,-8.5,15.5));
#3635 = DIRECTION('',(0.,0.,1.));
#3636 = DIRECTION('',(1.,0.,0.));
#3637 = DEFINITIONAL_REPRESENTATION('',(#3638),#3642);
#3638 = LINE('',#3639,#3640);
#3639 = CARTESIAN_POINT('',(0.,0.));
#3640 = VECTOR('',#3641,1.);
#3641 = DIRECTION('',(0.,1.));
#3642 = ( GEOMETRIC_REPRESENTATION_CONTEXT(2) 
PARAMETRIC_REPRESENTATION_CONTEXT() REPRESENTATION_CONTEXT('2D SPACE',''
  ) );
#3643 = ORIENTED_EDGE('',*,*,#3644,.T.);
#3644 = EDGE_CURVE('',#3617,#975,#3645,.T.);
#3645 = SURFACE_CURVE('',#3646,(#3650,#3657),.PCURVE_S1.);
#3646 = LINE('',#3647,#3648);
#3647 = CARTESIAN_POINT('',(-111.,8.5,15.5));
#3648 = VECTOR('',#3649,1.);
#3649 = DIRECTION('',(0.,0.,1.));
#3650 = PCURVE('',#990,#3651);
#3651 = DEFINITIONAL_REPRESENTATION('',(#3652),#3656);
#3652 = LINE('',#3653,#3654);
#3653 = CARTESIAN_POINT('',(0.,-17.));
#3654 = VECTOR('',#3655,1.);
#3655 = DIRECTION('',(1.,0.));
#3656 = ( GEOMETRIC_REPRESENTATION_CONTEXT(2) 
PARAMETRIC_REPRESENTATION_CONTEXT() REPRESENTATION_CONTEXT('2D SPACE',''
  ) );
#3657 = PCURVE('',#1018,#3658);
#3658 = DEFINITIONAL_REPRESENTATION('',(#3659),#3663);
#3659 = LINE('',#3660,#3661);
#3660 = CARTESIAN_POINT('',(0.,0.));
#3661 = VECTOR('',#3662,1.);
#3662 = DIRECTION('',(1.,0.));
#3663 = ( GEOMETRIC_REPRESENTATION_CONTEXT(2) 
PARAMETRIC_REPRESENTATION_CONTEXT() REPRESENTATION_CONTEXT('2D SPACE',''
  ) );
#3664 = ORIENTED_EDGE('',*,*,#972,.F.);
#3665 = ADVANCED_FACE('',(#3666),#1018,.F.);
#3666 = FACE_BOUND('',#3667,.F.);
#3667 = EDGE_LOOP('',(#3668,#3691,#3692,#3693));
#3668 = ORIENTED_EDGE('',*,*,#3669,.F.);
#3669 = EDGE_CURVE('',#3617,#3670,#3672,.T.);
#3670 = VERTEX_POINT('',#3671);
#3671 = CARTESIAN_POINT('',(-89.,8.5,15.5));
#3672 = SURFACE_CURVE('',#3673,(#3677,#3684),.PCURVE_S1.);
#3673 = LINE('',#3674,#3675);
#3674 = CARTESIAN_POINT('',(-111.,8.5,15.5));
#3675 = VECTOR('',#3676,1.);
#3676 = DIRECTION('',(1.,0.,0.));
#3677 = PCURVE('',#1018,#3678);
#3678 = DEFINITIONAL_REPRESENTATION('',(#3679),#3683);
#3679 = LINE('',#3680,#3681);
#3680 = CARTESIAN_POINT('',(0.,0.));
#3681 = VECTOR('',#3682,1.);
#3682 = DIRECTION('',(0.,1.));
#3683 = ( GEOMETRIC_REPRESENTATION_CONTEXT(2) 
PARAMETRIC_REPRESENTATION_CONTEXT() REPRESENTATION_CONTEXT('2D SPACE',''
  ) );
#3684 = PCURVE('',#3632,#3685);
#3685 = DEFINITIONAL_REPRESENTATION('',(#3686),#3690);
#3686 = LINE('',#3687,#3688);
#3687 = CARTESIAN_POINT('',(0.,17.));
#3688 = VECTOR('',#3689,1.);
#3689 = DIRECTION('',(1.,0.));
#3690 = ( GEOMETRIC_REPRESENTATION_CONTEXT(2) 
PARAMETRIC_REPRESENTATION_CONTEXT() REPRESENTATION_CONTEXT('2D SPACE',''
  ) );
#3691 = ORIENTED_EDGE('',*,*,#3644,.T.);
#3692 = ORIENTED_EDGE('',*,*,#1002,.T.);
#3693 = ORIENTED_EDGE('',*,*,#3694,.F.);
#3694 = EDGE_CURVE('',#3670,#1003,#3695,.T.);
#3695 = SURFACE_CURVE('',#3696,(#3700,#3707),.PCURVE_S1.);
#3696 = LINE('',#3697,#3698);
#3697 = CARTESIAN_POINT('',(-89.,8.5,15.5));
#3698 = VECTOR('',#3699,1.);
#3699 = DIRECTION('',(0.,0.,1.));
#3700 = PCURVE('',#1018,#3701);
#3701 = DEFINITIONAL_REPRESENTATION('',(#3702),#3706);
#3702 = LINE('',#3703,#3704);
#3703 = CARTESIAN_POINT('',(0.,22.));
#3704 = VECTOR('',#3705,1.);
#3705 = DIRECTION('',(1.,0.));
#3706 = ( GEOMETRIC_REPRESENTATION_CONTEXT(2) 
PARAMETRIC_REPRESENTATION_CONTEXT() REPRESENTATION_CONTEXT('2D SPACE',''
  ) );
#3707 = PCURVE('',#1046,#3708);
#3708 = DEFINITIONAL_REPRESENTATION('',(#3709),#3713);
#3709 = LINE('',#3710,#3711);
#3710 = CARTESIAN_POINT('',(0.,-17.));
#3711 = VECTOR('',#3712,1.);
#3712 = DIRECTION('',(1.,0.));
#3713 = ( GEOMETRIC_REPRESENTATION_CONTEXT(2) 
PARAMETRIC_REPRESENTATION_CONTEXT() REPRESENTATION_CONTEXT('2D SPACE',''
  ) );
#3714 = ADVANCED_FACE('',(#3715),#1072,.T.);
#3715 = FACE_BOUND('',#3716,.T.);
#3716 = EDGE_LOOP('',(#3717,#3740,#3741,#3742));
#3717 = ORIENTED_EDGE('',*,*,#3718,.F.);
#3718 = EDGE_CURVE('',#3594,#3719,#3721,.T.);
#3719 = VERTEX_POINT('',#3720);
#3720 = CARTESIAN_POINT('',(-89.,-8.5,15.5));
#3721 = SURFACE_CURVE('',#3722,(#3726,#3733),.PCURVE_S1.);
#3722 = LINE('',#3723,#3724);
#3723 = CARTESIAN_POINT('',(-111.,-8.5,15.5));
#3724 = VECTOR('',#3725,1.);
#3725 = DIRECTION('',(1.,0.,0.));
#3726 = PCURVE('',#1072,#3727);
#3727 = DEFINITIONAL_REPRESENTATION('',(#3728),#3732);
#3728 = LINE('',#3729,#3730);
#3729 = CARTESIAN_POINT('',(0.,0.));
#3730 = VECTOR('',#3731,1.);
#3731 = DIRECTION('',(0.,1.));
#3732 = ( GEOMETRIC_REPRESENTATION_CONTEXT(2) 
PARAMETRIC_REPRESENTATION_CONTEXT() REPRESENTATION_CONTEXT('2D SPACE',''
  ) );
#3733 = PCURVE('',#3632,#3734);
#3734 = DEFINITIONAL_REPRESENTATION('',(#3735),#3739);
#3735 = LINE('',#3736,#3737);
#3736 = CARTESIAN_POINT('',(0.,0.));
#3737 = VECTOR('',#3738,1.);
#3738 = DIRECTION('',(1.,0.));
#3739 = ( GEOMETRIC_REPRESENTATION_CONTEXT(2) 
PARAMETRIC_REPRESENTATION_CONTEXT() REPRESENTATION_CONTEXT('2D SPACE',''
  ) );
#3740 = ORIENTED_EDGE('',*,*,#3593,.T.);
#3741 = ORIENTED_EDGE('',*,*,#1058,.T.);
#3742 = ORIENTED_EDGE('',*,*,#3743,.F.);
#3743 = EDGE_CURVE('',#3719,#1031,#3744,.T.);
#3744 = SURFACE_CURVE('',#3745,(#3749,#3756),.PCURVE_S1.);
#3745 = LINE('',#3746,#3747);
#3746 = CARTESIAN_POINT('',(-89.,-8.5,15.5));
#3747 = VECTOR('',#3748,1.);
#3748 = DIRECTION('',(0.,0.,1.));
#3749 = PCURVE('',#1072,#3750);
#3750 = DEFINITIONAL_REPRESENTATION('',(#3751),#3755);
#3751 = LINE('',#3752,#3753);
#3752 = CARTESIAN_POINT('',(0.,22.));
#3753 = VECTOR('',#3754,1.);
#3754 = DIRECTION('',(1.,0.));
#3755 = ( GEOMETRIC_REPRESENTATION_CONTEXT(2) 
PARAMETRIC_REPRESENTATION_CONTEXT() REPRESENTATION_CONTEXT('2D SPACE',''
  ) );
#3756 = PCURVE('',#1046,#3757);
#3757 = DEFINITIONAL_REPRESENTATION('',(#3758),#3762);
#3758 = LINE('',#3759,#3760);
#3759 = CARTESIAN_POINT('',(0.,0.));
#3760 = VECTOR('',#3761,1.);
#3761 = DIRECTION('',(1.,0.));
#3762 = ( GEOMETRIC_REPRESENTATION_CONTEXT(2) 
PARAMETRIC_REPRESENTATION_CONTEXT() REPRESENTATION_CONTEXT('2D SPACE',''
  ) );
#3763 = ADVANCED_FACE('',(#3764),#1046,.F.);
#3764 = FACE_BOUND('',#3765,.F.);
#3765 = EDGE_LOOP('',(#3766,#3767,#3788,#3789));
#3766 = ORIENTED_EDGE('',*,*,#3743,.F.);
#3767 = ORIENTED_EDGE('',*,*,#3768,.T.);
#3768 = EDGE_CURVE('',#3719,#3670,#3769,.T.);
#3769 = SURFACE_CURVE('',#3770,(#3774,#3781),.PCURVE_S1.);
#3770 = LINE('',#3771,#3772);
#3771 = CARTESIAN_POINT('',(-89.,-8.5,15.5));
#3772 = VECTOR('',#3773,1.);
#3773 = DIRECTION('',(0.,1.,0.));
#3774 = PCURVE('',#1046,#3775);
#3775 = DEFINITIONAL_REPRESENTATION('',(#3776),#3780);
#3776 = LINE('',#3777,#3778);
#3777 = CARTESIAN_POINT('',(0.,0.));
#3778 = VECTOR('',#3779,1.);
#3779 = DIRECTION('',(0.,-1.));
#3780 = ( GEOMETRIC_REPRESENTATION_CONTEXT(2) 
PARAMETRIC_REPRESENTATION_CONTEXT() REPRESENTATION_CONTEXT('2D SPACE',''
  ) );
#3781 = PCURVE('',#3632,#3782);
#3782 = DEFINITIONAL_REPRESENTATION('',(#3783),#3787);
#3783 = LINE('',#3784,#3785);
#3784 = CARTESIAN_POINT('',(22.,0.));
#3785 = VECTOR('',#3786,1.);
#3786 = DIRECTION('',(0.,1.));
#3787 = ( GEOMETRIC_REPRESENTATION_CONTEXT(2) 
PARAMETRIC_REPRESENTATION_CONTEXT() REPRESENTATION_CONTEXT('2D SPACE',''
  ) );
#3788 = ORIENTED_EDGE('',*,*,#3694,.T.);
#3789 = ORIENTED_EDGE('',*,*,#1030,.F.);
#3790 = ADVANCED_FACE('',(#3791),#1107,.F.);
#3791 = FACE_BOUND('',#3792,.F.);
#3792 = EDGE_LOOP('',(#3793,#3822,#3843,#3844));
#3793 = ORIENTED_EDGE('',*,*,#3794,.T.);
#3794 = EDGE_CURVE('',#3795,#3795,#3797,.T.);
#3795 = VERTEX_POINT('',#3796);
#3796 = CARTESIAN_POINT('',(-40.,-4.898587196589E-15,5.5));
#3797 = SURFACE_CURVE('',#3798,(#3803,#3810),.PCURVE_S1.);
#3798 = CIRCLE('',#3799,20.);
#3799 = AXIS2_PLACEMENT_3D('',#3800,#3801,#3802);
#3800 = CARTESIAN_POINT('',(-60.,0.,5.5));
#3801 = DIRECTION('',(0.,0.,1.));
#3802 = DIRECTION('',(1.,0.,0.));
#3803 = PCURVE('',#1107,#3804);
#3804 = DEFINITIONAL_REPRESENTATION('',(#3805),#3809);
#3805 = LINE('',#3806,#3807);
#3806 = CARTESIAN_POINT('',(0.,0.));
#3807 = VECTOR('',#3808,1.);
#3808 = DIRECTION('',(1.,0.));
#3809 = ( GEOMETRIC_REPRESENTATION_CONTEXT(2) 
PARAMETRIC_REPRESENTATION_CONTEXT() REPRESENTATION_CONTEXT('2D SPACE',''
  ) );
#3810 = PCURVE('',#3811,#3816);
#3811 = PLANE('',#3812);
#3812 = AXIS2_PLACEMENT_3D('',#3813,#3814,#3815);
#3813 = CARTESIAN_POINT('',(-60.,0.,5.5));
#3814 = DIRECTION('',(0.,0.,1.));
#3815 = DIRECTION('',(1.,0.,0.));
#3816 = DEFINITIONAL_REPRESENTATION('',(#3817),#3821);
#3817 = CIRCLE('',#3818,20.);
#3818 = AXIS2_PLACEMENT_2D('',#3819,#3820);
#3819 = CARTESIAN_POINT('',(0.,0.));
#3820 = DIRECTION('',(1.,0.));
#3821 = ( GEOMETRIC_REPRESENTATION_CONTEXT(2) 
PARAMETRIC_REPRESENTATION_CONTEXT() REPRESENTATION_CONTEXT('2D SPACE',''
  ) );
#3822 = ORIENTED_EDGE('',*,*,#3823,.T.);
#3823 = EDGE_CURVE('',#3795,#1087,#3824,.T.);
#3824 = SEAM_CURVE('',#3825,(#3829,#3836),.PCURVE_S1.);
#3825 = LINE('',#3826,#3827);
#3826 = CARTESIAN_POINT('',(-40.,-4.898587196589E-15,5.5));
#3827 = VECTOR('',#3828,1.);
#3828 = DIRECTION('',(0.,0.,1.));
#3829 = PCURVE('',#1107,#3830);
#3830 = DEFINITIONAL_REPRESENTATION('',(#3831),#3835);
#3831 = LINE('',#3832,#3833);
#3832 = CARTESIAN_POINT('',(6.28318530718,-0.));
#3833 = VECTOR('',#3834,1.);
#3834 = DIRECTION('',(0.,1.));
#3835 = ( GEOMETRIC_REPRESENTATION_CONTEXT(2) 
PARAMETRIC_REPRESENTATION_CONTEXT() REPRESENTATION_CONTEXT('2D SPACE',''
  ) );
#3836 = PCURVE('',#1107,#3837);
#3837 = DEFINITIONAL_REPRESENTATION('',(#3838),#3842);
#3838 = LINE('',#3839,#3840);
#3839 = CARTESIAN_POINT('',(0.,-0.));
#3840 = VECTOR('',#3841,1.);
#3841 = DIRECTION('',(0.,1.));
#3842 = ( GEOMETRIC_REPRESENTATION_CONTEXT(2) 
PARAMETRIC_REPRESENTATION_CONTEXT() REPRESENTATION_CONTEXT('2D SPACE',''
  ) );
#3843 = ORIENTED_EDGE('',*,*,#1086,.T.);
#3844 = ORIENTED_EDGE('',*,*,#3823,.F.);
#3845 = ADVANCED_FACE('',(#3846),#1142,.F.);
#3846 = FACE_BOUND('',#3847,.F.);
#3847 = EDGE_LOOP('',(#3848,#3877,#3898,#3899));
#3848 = ORIENTED_EDGE('',*,*,#3849,.T.);
#3849 = EDGE_CURVE('',#3850,#3850,#3852,.T.);
#3850 = VERTEX_POINT('',#3851);
#3851 = CARTESIAN_POINT('',(20.,-4.898587196589E-15,5.5));
#3852 = SURFACE_CURVE('',#3853,(#3858,#3865),.PCURVE_S1.);
#3853 = CIRCLE('',#3854,20.);
#3854 = AXIS2_PLACEMENT_3D('',#3855,#3856,#3857);
#3855 = CARTESIAN_POINT('',(0.,0.,5.5));
#3856 = DIRECTION('',(0.,0.,1.));
#3857 = DIRECTION('',(1.,0.,0.));
#3858 = PCURVE('',#1142,#3859);
#3859 = DEFINITIONAL_REPRESENTATION('',(#3860),#3864);
#3860 = LINE('',#3861,#3862);
#3861 = CARTESIAN_POINT('',(0.,0.));
#3862 = VECTOR('',#3863,1.);
#3863 = DIRECTION('',(1.,0.));
#3864 = ( GEOMETRIC_REPRESENTATION_CONTEXT(2) 
PARAMETRIC_REPRESENTATION_CONTEXT() REPRESENTATION_CONTEXT('2D SPACE',''
  ) );
#3865 = PCURVE('',#3866,#3871);
#3866 = PLANE('',#3867);
#3867 = AXIS2_PLACEMENT_3D('',#3868,#3869,#3870);
#3868 = CARTESIAN_POINT('',(0.,0.,5.5));
#3869 = DIRECTION('',(0.,0.,1.));
#3870 = DIRECTION('',(1.,0.,0.));
#3871 = DEFINITIONAL_REPRESENTATION('',(#3872),#3876);
#3872 = CIRCLE('',#3873,20.);
#3873 = AXIS2_PLACEMENT_2D('',#3874,#3875);
#3874 = CARTESIAN_POINT('',(0.,0.));
#3875 = DIRECTION('',(1.,0.));
#3876 = ( GEOMETRIC_REPRESENTATION_CONTEXT(2) 
PARAMETRIC_REPRESENTATION_CONTEXT() REPRESENTATION_CONTEXT('2D SPACE',''
  ) );
#3877 = ORIENTED_EDGE('',*,*,#3878,.T.);
#3878 = EDGE_CURVE('',#3850,#1122,#3879,.T.);
#3879 = SEAM_CURVE('',#3880,(#3884,#3891),.PCURVE_S1.);
#3880 = LINE('',#3881,#3882);
#3881 = CARTESIAN_POINT('',(20.,-4.898587196589E-15,5.5));
#3882 = VECTOR('',#3883,1.);
#3883 = DIRECTION('',(0.,0.,1.));
#3884 = PCURVE('',#1142,#3885);
#3885 = DEFINITIONAL_REPRESENTATION('',(#3886),#3890);
#3886 = LINE('',#3887,#3888);
#3887 = CARTESIAN_POINT('',(6.28318530718,-0.));
#3888 = VECTOR('',#3889,1.);
#3889 = DIRECTION('',(0.,1.));
#3890 = ( GEOMETRIC_REPRESENTATION_CONTEXT(2) 
PARAMETRIC_REPRESENTATION_CONTEXT() REPRESENTATION_CONTEXT('2D SPACE',''
  ) );
#3891 = PCURVE('',#1142,#3892);
#3892 = DEFINITIONAL_REPRESENTATION('',(#3893),#3897);
#3893 = LINE('',#3894,#3895);
#3894 = CARTESIAN_POINT('',(0.,-0.));
#3895 = VECTOR('',#3896,1.);
#3896 = DIRECTION('',(0.,1.));
#3897 = ( GEOMETRIC_REPRESENTATION_CONTEXT(2) 
PARAMETRIC_REPRESENTATION_CONTEXT() REPRESENTATION_CONTEXT('2D SPACE',''
  ) );
#3898 = ORIENTED_EDGE('',*,*,#1121,.T.);
#3899 = ORIENTED_EDGE('',*,*,#3878,.F.);
#3900 = ADVANCED_FACE('',(#3901),#1174,.T.);
#3901 = FACE_BOUND('',#3902,.T.);
#3902 = EDGE_LOOP('',(#3903,#3926,#3954,#3984,#4010));
#3903 = ORIENTED_EDGE('',*,*,#3904,.T.);
#3904 = EDGE_CURVE('',#1157,#3905,#3907,.T.);
#3905 = VERTEX_POINT('',#3906);
#3906 = CARTESIAN_POINT('',(80.3857421875,-3.42529296875,18.));
#3907 = SURFACE_CURVE('',#3908,(#3912,#3919),.PCURVE_S1.);
#3908 = LINE('',#3909,#3910);
#3909 = CARTESIAN_POINT('',(80.3857421875,-3.42529296875,17.5));
#3910 = VECTOR('',#3911,1.);
#3911 = DIRECTION('',(0.,0.,1.));
#3912 = PCURVE('',#1174,#3913);
#3913 = DEFINITIONAL_REPRESENTATION('',(#3914),#3918);
#3914 = LINE('',#3915,#3916);
#3915 = CARTESIAN_POINT('',(0.,0.));
#3916 = VECTOR('',#3917,1.);
#3917 = DIRECTION('',(0.,-1.));
#3918 = ( GEOMETRIC_REPRESENTATION_CONTEXT(2) 
PARAMETRIC_REPRESENTATION_CONTEXT() REPRESENTATION_CONTEXT('2D SPACE',''
  ) );
#3919 = PCURVE('',#1415,#3920);
#3920 = DEFINITIONAL_REPRESENTATION('',(#3921),#3925);
#3921 = LINE('',#3922,#3923);
#3922 = CARTESIAN_POINT('',(1.,0.));
#3923 = VECTOR('',#3924,1.);
#3924 = DIRECTION('',(0.,-1.));
#3925 = ( GEOMETRIC_REPRESENTATION_CONTEXT(2) 
PARAMETRIC_REPRESENTATION_CONTEXT() REPRESENTATION_CONTEXT('2D SPACE',''
  ) );
#3926 = ORIENTED_EDGE('',*,*,#3927,.T.);
#3927 = EDGE_CURVE('',#3905,#3928,#3930,.T.);
#3928 = VERTEX_POINT('',#3929);
#3929 = CARTESIAN_POINT('',(78.5791015625,-2.93701171875,18.));
#3930 = SURFACE_CURVE('',#3931,(#3935,#3942),.PCURVE_S1.);
#3931 = B_SPLINE_CURVE_WITH_KNOTS('',2,(#3932,#3933,#3934),
  .UNSPECIFIED.,.F.,.F.,(3,3),(0.,1.),.PIECEWISE_BEZIER_KNOTS.);
#3932 = CARTESIAN_POINT('',(80.3857421875,-3.42529296875,18.));
#3933 = CARTESIAN_POINT('',(79.375,-3.42529296875,18.));
#3934 = CARTESIAN_POINT('',(78.5791015625,-2.93701171875,18.));
#3935 = PCURVE('',#1174,#3936);
#3936 = DEFINITIONAL_REPRESENTATION('',(#3937),#3941);
#3937 = LINE('',#3938,#3939);
#3938 = CARTESIAN_POINT('',(0.,-0.5));
#3939 = VECTOR('',#3940,1.);
#3940 = DIRECTION('',(1.,0.));
#3941 = ( GEOMETRIC_REPRESENTATION_CONTEXT(2) 
PARAMETRIC_REPRESENTATION_CONTEXT() REPRESENTATION_CONTEXT('2D SPACE',''
  ) );
#3942 = PCURVE('',#3943,#3948);
#3943 = PLANE('',#3944);
#3944 = AXIS2_PLACEMENT_3D('',#3945,#3946,#3947);
#3945 = CARTESIAN_POINT('',(76.4794921875,-3.30322265625,18.));
#3946 = DIRECTION('',(0.,0.,1.));
#3947 = DIRECTION('',(1.,0.,0.));
#3948 = DEFINITIONAL_REPRESENTATION('',(#3949),#3953);
#3949 = B_SPLINE_CURVE_WITH_KNOTS('',2,(#3950,#3951,#3952),
  .UNSPECIFIED.,.F.,.F.,(3,3),(0.,1.),.PIECEWISE_BEZIER_KNOTS.);
#3950 = CARTESIAN_POINT('',(3.90625,-0.1220703125));
#3951 = CARTESIAN_POINT('',(2.8955078125,-0.1220703125));
#3952 = CARTESIAN_POINT('',(2.099609375,0.3662109375));
#3953 = ( GEOMETRIC_REPRESENTATION_CONTEXT(2) 
PARAMETRIC_REPRESENTATION_CONTEXT() REPRESENTATION_CONTEXT('2D SPACE',''
  ) );
#3954 = ORIENTED_EDGE('',*,*,#3955,.F.);
#3955 = EDGE_CURVE('',#3956,#3928,#3958,.T.);
#3956 = VERTEX_POINT('',#3957);
#3957 = CARTESIAN_POINT('',(78.5791015625,-2.93701171875,17.5));
#3958 = SURFACE_CURVE('',#3959,(#3963,#3970),.PCURVE_S1.);
#3959 = LINE('',#3960,#3961);
#3960 = CARTESIAN_POINT('',(78.5791015625,-2.93701171875,17.5));
#3961 = VECTOR('',#3962,1.);
#3962 = DIRECTION('',(0.,0.,1.));
#3963 = PCURVE('',#1174,#3964);
#3964 = DEFINITIONAL_REPRESENTATION('',(#3965),#3969);
#3965 = LINE('',#3966,#3967);
#3966 = CARTESIAN_POINT('',(1.,0.));
#3967 = VECTOR('',#3968,1.);
#3968 = DIRECTION('',(0.,-1.));
#3969 = ( GEOMETRIC_REPRESENTATION_CONTEXT(2) 
PARAMETRIC_REPRESENTATION_CONTEXT() REPRESENTATION_CONTEXT('2D SPACE',''
  ) );
#3970 = PCURVE('',#3971,#3978);
#3971 = SURFACE_OF_LINEAR_EXTRUSION('',#3972,#3976);
#3972 = B_SPLINE_CURVE_WITH_KNOTS('',2,(#3973,#3974,#3975),
  .UNSPECIFIED.,.F.,.F.,(3,3),(0.,1.),.PIECEWISE_BEZIER_KNOTS.);
#3973 = CARTESIAN_POINT('',(78.5791015625,-2.93701171875,17.5));
#3974 = CARTESIAN_POINT('',(77.783203125,-2.44873046875,17.5));
#3975 = CARTESIAN_POINT('',(77.373046875,-1.60400390625,17.5));
#3976 = VECTOR('',#3977,1.);
#3977 = DIRECTION('',(-0.,-0.,-1.));
#3978 = DEFINITIONAL_REPRESENTATION('',(#3979),#3983);
#3979 = LINE('',#3980,#3981);
#3980 = CARTESIAN_POINT('',(0.,0.));
#3981 = VECTOR('',#3982,1.);
#3982 = DIRECTION('',(0.,-1.));
#3983 = ( GEOMETRIC_REPRESENTATION_CONTEXT(2) 
PARAMETRIC_REPRESENTATION_CONTEXT() REPRESENTATION_CONTEXT('2D SPACE',''
  ) );
#3984 = ORIENTED_EDGE('',*,*,#3985,.F.);
#3985 = EDGE_CURVE('',#1159,#3956,#3986,.T.);
#3986 = SURFACE_CURVE('',#3987,(#3991,#3998),.PCURVE_S1.);
#3987 = B_SPLINE_CURVE_WITH_KNOTS('',2,(#3988,#3989,#3990),
  .UNSPECIFIED.,.F.,.F.,(3,3),(0.,1.),.PIECEWISE_BEZIER_KNOTS.);
#3988 = CARTESIAN_POINT('',(80.3857421875,-3.42529296875,17.5));
#3989 = CARTESIAN_POINT('',(79.375,-3.42529296875,17.5));
#3990 = CARTESIAN_POINT('',(78.5791015625,-2.93701171875,17.5));
#3991 = PCURVE('',#1174,#3992);
#3992 = DEFINITIONAL_REPRESENTATION('',(#3993),#3997);
#3993 = LINE('',#3994,#3995);
#3994 = CARTESIAN_POINT('',(0.,0.));
#3995 = VECTOR('',#3996,1.);
#3996 = DIRECTION('',(1.,0.));
#3997 = ( GEOMETRIC_REPRESENTATION_CONTEXT(2) 
PARAMETRIC_REPRESENTATION_CONTEXT() REPRESENTATION_CONTEXT('2D SPACE',''
  ) );
#3998 = PCURVE('',#3999,#4004);
#3999 = PLANE('',#4000);
#4000 = AXIS2_PLACEMENT_3D('',#4001,#4002,#4003);
#4001 = CARTESIAN_POINT('',(76.4794921875,-3.30322265625,17.5));
#4002 = DIRECTION('',(0.,0.,1.));
#4003 = DIRECTION('',(1.,0.,0.));
#4004 = DEFINITIONAL_REPRESENTATION('',(#4005),#4009);
#4005 = B_SPLINE_CURVE_WITH_KNOTS('',2,(#4006,#4007,#4008),
  .UNSPECIFIED.,.F.,.F.,(3,3),(0.,1.),.PIECEWISE_BEZIER_KNOTS.);
#4006 = CARTESIAN_POINT('',(3.90625,-0.1220703125));
#4007 = CARTESIAN_POINT('',(2.8955078125,-0.1220703125));
#4008 = CARTESIAN_POINT('',(2.099609375,0.3662109375));
#4009 = ( GEOMETRIC_REPRESENTATION_CONTEXT(2) 
PARAMETRIC_REPRESENTATION_CONTEXT() REPRESENTATION_CONTEXT('2D SPACE',''
  ) );
#4010 = ORIENTED_EDGE('',*,*,#1156,.F.);
#4011 = ADVANCED_FACE('',(#4012),#1415,.T.);
#4012 = FACE_BOUND('',#4013,.T.);
#4013 = EDGE_LOOP('',(#4014,#4037,#4058,#4059));
#4014 = ORIENTED_EDGE('',*,*,#4015,.T.);
#4015 = EDGE_CURVE('',#1372,#4016,#4018,.T.);
#4016 = VERTEX_POINT('',#4017);
#4017 = CARTESIAN_POINT('',(82.1240234375,-2.9833984375,18.));
#4018 = SURFACE_CURVE('',#4019,(#4023,#4030),.PCURVE_S1.);
#4019 = LINE('',#4020,#4021);
#4020 = CARTESIAN_POINT('',(82.1240234375,-2.9833984375,17.5));
#4021 = VECTOR('',#4022,1.);
#4022 = DIRECTION('',(0.,0.,1.));
#4023 = PCURVE('',#1415,#4024);
#4024 = DEFINITIONAL_REPRESENTATION('',(#4025),#4029);
#4025 = LINE('',#4026,#4027);
#4026 = CARTESIAN_POINT('',(0.,0.));
#4027 = VECTOR('',#4028,1.);
#4028 = DIRECTION('',(0.,-1.));
#4029 = ( GEOMETRIC_REPRESENTATION_CONTEXT(2) 
PARAMETRIC_REPRESENTATION_CONTEXT() REPRESENTATION_CONTEXT('2D SPACE',''
  ) );
#4030 = PCURVE('',#1387,#4031);
#4031 = DEFINITIONAL_REPRESENTATION('',(#4032),#4036);
#4032 = LINE('',#4033,#4034);
#4033 = CARTESIAN_POINT('',(1.,0.));
#4034 = VECTOR('',#4035,1.);
#4035 = DIRECTION('',(0.,-1.));
#4036 = ( GEOMETRIC_REPRESENTATION_CONTEXT(2) 
PARAMETRIC_REPRESENTATION_CONTEXT() REPRESENTATION_CONTEXT('2D SPACE',''
  ) );
#4037 = ORIENTED_EDGE('',*,*,#4038,.T.);
#4038 = EDGE_CURVE('',#4016,#3905,#4039,.T.);
#4039 = SURFACE_CURVE('',#4040,(#4044,#4051),.PCURVE_S1.);
#4040 = B_SPLINE_CURVE_WITH_KNOTS('',2,(#4041,#4042,#4043),
  .UNSPECIFIED.,.F.,.F.,(3,3),(0.,1.),.PIECEWISE_BEZIER_KNOTS.);
#4041 = CARTESIAN_POINT('',(82.1240234375,-2.9833984375,18.));
#4042 = CARTESIAN_POINT('',(81.318359375,-3.42529296875,18.));
#4043 = CARTESIAN_POINT('',(80.3857421875,-3.42529296875,18.));
#4044 = PCURVE('',#1415,#4045);
#4045 = DEFINITIONAL_REPRESENTATION('',(#4046),#4050);
#4046 = LINE('',#4047,#4048);
#4047 = CARTESIAN_POINT('',(0.,-0.5));
#4048 = VECTOR('',#4049,1.);
#4049 = DIRECTION('',(1.,0.));
#4050 = ( GEOMETRIC_REPRESENTATION_CONTEXT(2) 
PARAMETRIC_REPRESENTATION_CONTEXT() REPRESENTATION_CONTEXT('2D SPACE',''
  ) );
#4051 = PCURVE('',#3943,#4052);
#4052 = DEFINITIONAL_REPRESENTATION('',(#4053),#4057);
#4053 = B_SPLINE_CURVE_WITH_KNOTS('',2,(#4054,#4055,#4056),
  .UNSPECIFIED.,.F.,.F.,(3,3),(0.,1.),.PIECEWISE_BEZIER_KNOTS.);
#4054 = CARTESIAN_POINT('',(5.64453125,0.31982421875));
#4055 = CARTESIAN_POINT('',(4.8388671875,-0.1220703125));
#4056 = CARTESIAN_POINT('',(3.90625,-0.1220703125));
#4057 = ( GEOMETRIC_REPRESENTATION_CONTEXT(2) 
PARAMETRIC_REPRESENTATION_CONTEXT() REPRESENTATION_CONTEXT('2D SPACE',''
  ) );
#4058 = ORIENTED_EDGE('',*,*,#3904,.F.);
#4059 = ORIENTED_EDGE('',*,*,#1401,.F.);
#4060 = ADVANCED_FACE('',(#4061),#1387,.T.);
#4061 = FACE_BOUND('',#4062,.T.);
#4062 = EDGE_LOOP('',(#4063,#4086,#4107,#4108));
#4063 = ORIENTED_EDGE('',*,*,#4064,.T.);
#4064 = EDGE_CURVE('',#1342,#4065,#4067,.T.);
#4065 = VERTEX_POINT('',#4066);
#4066 = CARTESIAN_POINT('',(83.369140625,-1.68212890625,18.));
#4067 = SURFACE_CURVE('',#4068,(#4072,#4079),.PCURVE_S1.);
#4068 = LINE('',#4069,#4070);
#4069 = CARTESIAN_POINT('',(83.369140625,-1.68212890625,17.5));
#4070 = VECTOR('',#4071,1.);
#4071 = DIRECTION('',(0.,0.,1.));
#4072 = PCURVE('',#1387,#4073);
#4073 = DEFINITIONAL_REPRESENTATION('',(#4074),#4078);
#4074 = LINE('',#4075,#4076);
#4075 = CARTESIAN_POINT('',(0.,0.));
#4076 = VECTOR('',#4077,1.);
#4077 = DIRECTION('',(0.,-1.));
#4078 = ( GEOMETRIC_REPRESENTATION_CONTEXT(2) 
PARAMETRIC_REPRESENTATION_CONTEXT() REPRESENTATION_CONTEXT('2D SPACE',''
  ) );
#4079 = PCURVE('',#1357,#4080);
#4080 = DEFINITIONAL_REPRESENTATION('',(#4081),#4085);
#4081 = LINE('',#4082,#4083);
#4082 = CARTESIAN_POINT('',(1.,0.));
#4083 = VECTOR('',#4084,1.);
#4084 = DIRECTION('',(0.,-1.));
#4085 = ( GEOMETRIC_REPRESENTATION_CONTEXT(2) 
PARAMETRIC_REPRESENTATION_CONTEXT() REPRESENTATION_CONTEXT('2D SPACE',''
  ) );
#4086 = ORIENTED_EDGE('',*,*,#4087,.T.);
#4087 = EDGE_CURVE('',#4065,#4016,#4088,.T.);
#4088 = SURFACE_CURVE('',#4089,(#4093,#4100),.PCURVE_S1.);
#4089 = B_SPLINE_CURVE_WITH_KNOTS('',2,(#4090,#4091,#4092),
  .UNSPECIFIED.,.F.,.F.,(3,3),(0.,1.),.PIECEWISE_BEZIER_KNOTS.);
#4090 = CARTESIAN_POINT('',(83.369140625,-1.68212890625,18.));
#4091 = CARTESIAN_POINT('',(82.9296875,-2.54150390625,18.));
#4092 = CARTESIAN_POINT('',(82.1240234375,-2.9833984375,18.));
#4093 = PCURVE('',#1387,#4094);
#4094 = DEFINITIONAL_REPRESENTATION('',(#4095),#4099);
#4095 = LINE('',#4096,#4097);
#4096 = CARTESIAN_POINT('',(0.,-0.5));
#4097 = VECTOR('',#4098,1.);
#4098 = DIRECTION('',(1.,0.));
#4099 = ( GEOMETRIC_REPRESENTATION_CONTEXT(2) 
PARAMETRIC_REPRESENTATION_CONTEXT() REPRESENTATION_CONTEXT('2D SPACE',''
  ) );
#4100 = PCURVE('',#3943,#4101);
#4101 = DEFINITIONAL_REPRESENTATION('',(#4102),#4106);
#4102 = B_SPLINE_CURVE_WITH_KNOTS('',2,(#4103,#4104,#4105),
  .UNSPECIFIED.,.F.,.F.,(3,3),(0.,1.),.PIECEWISE_BEZIER_KNOTS.);
#4103 = CARTESIAN_POINT('',(6.8896484375,1.62109375));
#4104 = CARTESIAN_POINT('',(6.4501953125,0.76171875));
#4105 = CARTESIAN_POINT('',(5.64453125,0.31982421875));
#4106 = ( GEOMETRIC_REPRESENTATION_CONTEXT(2) 
PARAMETRIC_REPRESENTATION_CONTEXT() REPRESENTATION_CONTEXT('2D SPACE',''
  ) );
#4107 = ORIENTED_EDGE('',*,*,#4015,.F.);
#4108 = ORIENTED_EDGE('',*,*,#1371,.F.);
#4109 = ADVANCED_FACE('',(#4110),#1357,.T.);
#4110 = FACE_BOUND('',#4111,.T.);
#4111 = EDGE_LOOP('',(#4112,#4135,#4156,#4157));
#4112 = ORIENTED_EDGE('',*,*,#4113,.T.);
#4113 = EDGE_CURVE('',#1312,#4114,#4116,.T.);
#4114 = VERTEX_POINT('',#4115);
#4115 = CARTESIAN_POINT('',(83.80859375,0.26611328125,18.));
#4116 = SURFACE_CURVE('',#4117,(#4121,#4128),.PCURVE_S1.);
#4117 = LINE('',#4118,#4119);
#4118 = CARTESIAN_POINT('',(83.80859375,0.26611328125,17.5));
#4119 = VECTOR('',#4120,1.);
#4120 = DIRECTION('',(0.,0.,1.));
#4121 = PCURVE('',#1357,#4122);
#4122 = DEFINITIONAL_REPRESENTATION('',(#4123),#4127);
#4123 = LINE('',#4124,#4125);
#4124 = CARTESIAN_POINT('',(0.,0.));
#4125 = VECTOR('',#4126,1.);
#4126 = DIRECTION('',(0.,-1.));
#4127 = ( GEOMETRIC_REPRESENTATION_CONTEXT(2) 
PARAMETRIC_REPRESENTATION_CONTEXT() REPRESENTATION_CONTEXT('2D SPACE',''
  ) );
#4128 = PCURVE('',#1327,#4129);
#4129 = DEFINITIONAL_REPRESENTATION('',(#4130),#4134);
#4130 = LINE('',#4131,#4132);
#4131 = CARTESIAN_POINT('',(1.,0.));
#4132 = VECTOR('',#4133,1.);
#4133 = DIRECTION('',(0.,-1.));
#4134 = ( GEOMETRIC_REPRESENTATION_CONTEXT(2) 
PARAMETRIC_REPRESENTATION_CONTEXT() REPRESENTATION_CONTEXT('2D SPACE',''
  ) );
#4135 = ORIENTED_EDGE('',*,*,#4136,.T.);
#4136 = EDGE_CURVE('',#4114,#4065,#4137,.T.);
#4137 = SURFACE_CURVE('',#4138,(#4142,#4149),.PCURVE_S1.);
#4138 = B_SPLINE_CURVE_WITH_KNOTS('',2,(#4139,#4140,#4141),
  .UNSPECIFIED.,.F.,.F.,(3,3),(0.,1.),.PIECEWISE_BEZIER_KNOTS.);
#4139 = CARTESIAN_POINT('',(83.80859375,0.26611328125,18.));
#4140 = CARTESIAN_POINT('',(83.80859375,-0.82275390625,18.));
#4141 = CARTESIAN_POINT('',(83.369140625,-1.68212890625,18.));
#4142 = PCURVE('',#1357,#4143);
#4143 = DEFINITIONAL_REPRESENTATION('',(#4144),#4148);
#4144 = LINE('',#4145,#4146);
#4145 = CARTESIAN_POINT('',(0.,-0.5));
#4146 = VECTOR('',#4147,1.);
#4147 = DIRECTION('',(1.,0.));
#4148 = ( GEOMETRIC_REPRESENTATION_CONTEXT(2) 
PARAMETRIC_REPRESENTATION_CONTEXT() REPRESENTATION_CONTEXT('2D SPACE',''
  ) );
#4149 = PCURVE('',#3943,#4150);
#4150 = DEFINITIONAL_REPRESENTATION('',(#4151),#4155);
#4151 = B_SPLINE_CURVE_WITH_KNOTS('',2,(#4152,#4153,#4154),
  .UNSPECIFIED.,.F.,.F.,(3,3),(0.,1.),.PIECEWISE_BEZIER_KNOTS.);
#4152 = CARTESIAN_POINT('',(7.3291015625,3.5693359375));
#4153 = CARTESIAN_POINT('',(7.3291015625,2.48046875));
#4154 = CARTESIAN_POINT('',(6.8896484375,1.62109375));
#4155 = ( GEOMETRIC_REPRESENTATION_CONTEXT(2) 
PARAMETRIC_REPRESENTATION_CONTEXT() REPRESENTATION_CONTEXT('2D SPACE',''
  ) );
#4156 = ORIENTED_EDGE('',*,*,#4064,.F.);
#4157 = ORIENTED_EDGE('',*,*,#1341,.F.);
#4158 = ADVANCED_FACE('',(#4159),#1327,.T.);
#4159 = FACE_BOUND('',#4160,.T.);
#4160 = EDGE_LOOP('',(#4161,#4184,#4205,#4206));
#4161 = ORIENTED_EDGE('',*,*,#4162,.T.);
#4162 = EDGE_CURVE('',#1282,#4163,#4165,.T.);
#4163 = VERTEX_POINT('',#4164);
#4164 = CARTESIAN_POINT('',(83.39111328125,2.1875,18.));
#4165 = SURFACE_CURVE('',#4166,(#4170,#4177),.PCURVE_S1.);
#4166 = LINE('',#4167,#4168);
#4167 = CARTESIAN_POINT('',(83.39111328125,2.1875,17.5));
#4168 = VECTOR('',#4169,1.);
#4169 = DIRECTION('',(0.,0.,1.));
#4170 = PCURVE('',#1327,#4171);
#4171 = DEFINITIONAL_REPRESENTATION('',(#4172),#4176);
#4172 = LINE('',#4173,#4174);
#4173 = CARTESIAN_POINT('',(0.,0.));
#4174 = VECTOR('',#4175,1.);
#4175 = DIRECTION('',(0.,-1.));
#4176 = ( GEOMETRIC_REPRESENTATION_CONTEXT(2) 
PARAMETRIC_REPRESENTATION_CONTEXT() REPRESENTATION_CONTEXT('2D SPACE',''
  ) );
#4177 = PCURVE('',#1297,#4178);
#4178 = DEFINITIONAL_REPRESENTATION('',(#4179),#4183);
#4179 = LINE('',#4180,#4181);
#4180 = CARTESIAN_POINT('',(1.,0.));
#4181 = VECTOR('',#4182,1.);
#4182 = DIRECTION('',(0.,-1.));
#4183 = ( GEOMETRIC_REPRESENTATION_CONTEXT(2) 
PARAMETRIC_REPRESENTATION_CONTEXT() REPRESENTATION_CONTEXT('2D SPACE',''
  ) );
#4184 = ORIENTED_EDGE('',*,*,#4185,.T.);
#4185 = EDGE_CURVE('',#4163,#4114,#4186,.T.);
#4186 = SURFACE_CURVE('',#4187,(#4191,#4198),.PCURVE_S1.);
#4187 = B_SPLINE_CURVE_WITH_KNOTS('',2,(#4188,#4189,#4190),
  .UNSPECIFIED.,.F.,.F.,(3,3),(0.,1.),.PIECEWISE_BEZIER_KNOTS.);
#4188 = CARTESIAN_POINT('',(83.39111328125,2.1875,18.));
#4189 = CARTESIAN_POINT('',(83.80859375,1.34033203125,18.));
#4190 = CARTESIAN_POINT('',(83.80859375,0.26611328125,18.));
#4191 = PCURVE('',#1327,#4192);
#4192 = DEFINITIONAL_REPRESENTATION('',(#4193),#4197);
#4193 = LINE('',#4194,#4195);
#4194 = CARTESIAN_POINT('',(0.,-0.5));
#4195 = VECTOR('',#4196,1.);
#4196 = DIRECTION('',(1.,0.));
#4197 = ( GEOMETRIC_REPRESENTATION_CONTEXT(2) 
PARAMETRIC_REPRESENTATION_CONTEXT() REPRESENTATION_CONTEXT('2D SPACE',''
  ) );
#4198 = PCURVE('',#3943,#4199);
#4199 = DEFINITIONAL_REPRESENTATION('',(#4200),#4204);
#4200 = B_SPLINE_CURVE_WITH_KNOTS('',2,(#4201,#4202,#4203),
  .UNSPECIFIED.,.F.,.F.,(3,3),(0.,1.),.PIECEWISE_BEZIER_KNOTS.);
#4201 = CARTESIAN_POINT('',(6.91162109375,5.49072265625));
#4202 = CARTESIAN_POINT('',(7.3291015625,4.6435546875));
#4203 = CARTESIAN_POINT('',(7.3291015625,3.5693359375));
#4204 = ( GEOMETRIC_REPRESENTATION_CONTEXT(2) 
PARAMETRIC_REPRESENTATION_CONTEXT() REPRESENTATION_CONTEXT('2D SPACE',''
  ) );
#4205 = ORIENTED_EDGE('',*,*,#4113,.F.);
#4206 = ORIENTED_EDGE('',*,*,#1311,.F.);
#4207 = ADVANCED_FACE('',(#4208),#1297,.T.);
#4208 = FACE_BOUND('',#4209,.T.);
#4209 = EDGE_LOOP('',(#4210,#4233,#4254,#4255));
#4210 = ORIENTED_EDGE('',*,*,#4211,.T.);
#4211 = EDGE_CURVE('',#1252,#4212,#4214,.T.);
#4212 = VERTEX_POINT('',#4213);
#4213 = CARTESIAN_POINT('',(82.177734375,3.50830078125,18.));
#4214 = SURFACE_CURVE('',#4215,(#4219,#4226),.PCURVE_S1.);
#4215 = LINE('',#4216,#4217);
#4216 = CARTESIAN_POINT('',(82.177734375,3.50830078125,17.5));
#4217 = VECTOR('',#4218,1.);
#4218 = DIRECTION('',(0.,0.,1.));
#4219 = PCURVE('',#1297,#4220);
#4220 = DEFINITIONAL_REPRESENTATION('',(#4221),#4225);
#4221 = LINE('',#4222,#4223);
#4222 = CARTESIAN_POINT('',(0.,0.));
#4223 = VECTOR('',#4224,1.);
#4224 = DIRECTION('',(0.,-1.));
#4225 = ( GEOMETRIC_REPRESENTATION_CONTEXT(2) 
PARAMETRIC_REPRESENTATION_CONTEXT() REPRESENTATION_CONTEXT('2D SPACE',''
  ) );
#4226 = PCURVE('',#1267,#4227);
#4227 = DEFINITIONAL_REPRESENTATION('',(#4228),#4232);
#4228 = LINE('',#4229,#4230);
#4229 = CARTESIAN_POINT('',(1.,0.));
#4230 = VECTOR('',#4231,1.);
#4231 = DIRECTION('',(0.,-1.));
#4232 = ( GEOMETRIC_REPRESENTATION_CONTEXT(2) 
PARAMETRIC_REPRESENTATION_CONTEXT() REPRESENTATION_CONTEXT('2D SPACE',''
  ) );
#4233 = ORIENTED_EDGE('',*,*,#4234,.T.);
#4234 = EDGE_CURVE('',#4212,#4163,#4235,.T.);
#4235 = SURFACE_CURVE('',#4236,(#4240,#4247),.PCURVE_S1.);
#4236 = B_SPLINE_CURVE_WITH_KNOTS('',2,(#4237,#4238,#4239),
  .UNSPECIFIED.,.F.,.F.,(3,3),(0.,1.),.PIECEWISE_BEZIER_KNOTS.);
#4237 = CARTESIAN_POINT('',(82.177734375,3.50830078125,18.));
#4238 = CARTESIAN_POINT('',(82.9736328125,3.03466796875,18.));
#4239 = CARTESIAN_POINT('',(83.39111328125,2.1875,18.));
#4240 = PCURVE('',#1297,#4241);
#4241 = DEFINITIONAL_REPRESENTATION('',(#4242),#4246);
#4242 = LINE('',#4243,#4244);
#4243 = CARTESIAN_POINT('',(0.,-0.5));
#4244 = VECTOR('',#4245,1.);
#4245 = DIRECTION('',(1.,0.));
#4246 = ( GEOMETRIC_REPRESENTATION_CONTEXT(2) 
PARAMETRIC_REPRESENTATION_CONTEXT() REPRESENTATION_CONTEXT('2D SPACE',''
  ) );
#4247 = PCURVE('',#3943,#4248);
#4248 = DEFINITIONAL_REPRESENTATION('',(#4249),#4253);
#4249 = B_SPLINE_CURVE_WITH_KNOTS('',2,(#4250,#4251,#4252),
  .UNSPECIFIED.,.F.,.F.,(3,3),(0.,1.),.PIECEWISE_BEZIER_KNOTS.);
#4250 = CARTESIAN_POINT('',(5.6982421875,6.8115234375));
#4251 = CARTESIAN_POINT('',(6.494140625,6.337890625));
#4252 = CARTESIAN_POINT('',(6.91162109375,5.49072265625));
#4253 = ( GEOMETRIC_REPRESENTATION_CONTEXT(2) 
PARAMETRIC_REPRESENTATION_CONTEXT() REPRESENTATION_CONTEXT('2D SPACE',''
  ) );
#4254 = ORIENTED_EDGE('',*,*,#4162,.F.);
#4255 = ORIENTED_EDGE('',*,*,#1281,.F.);
#4256 = ADVANCED_FACE('',(#4257),#1267,.T.);
#4257 = FACE_BOUND('',#4258,.T.);
#4258 = EDGE_LOOP('',(#4259,#4282,#4303,#4304));
#4259 = ORIENTED_EDGE('',*,*,#4260,.T.);
#4260 = EDGE_CURVE('',#1222,#4261,#4263,.T.);
#4261 = VERTEX_POINT('',#4262);
#4262 = CARTESIAN_POINT('',(80.390625,3.98193359375,18.));
#4263 = SURFACE_CURVE('',#4264,(#4268,#4275),.PCURVE_S1.);
#4264 = LINE('',#4265,#4266);
#4265 = CARTESIAN_POINT('',(80.390625,3.98193359375,17.5));
#4266 = VECTOR('',#4267,1.);
#4267 = DIRECTION('',(0.,0.,1.));
#4268 = PCURVE('',#1267,#4269);
#4269 = DEFINITIONAL_REPRESENTATION('',(#4270),#4274);
#4270 = LINE('',#4271,#4272);
#4271 = CARTESIAN_POINT('',(0.,0.));
#4272 = VECTOR('',#4273,1.);
#4273 = DIRECTION('',(0.,-1.));
#4274 = ( GEOMETRIC_REPRESENTATION_CONTEXT(2) 
PARAMETRIC_REPRESENTATION_CONTEXT() REPRESENTATION_CONTEXT('2D SPACE',''
  ) );
#4275 = PCURVE('',#1237,#4276);
#4276 = DEFINITIONAL_REPRESENTATION('',(#4277),#4281);
#4277 = LINE('',#4278,#4279);
#4278 = CARTESIAN_POINT('',(1.,0.));
#4279 = VECTOR('',#4280,1.);
#4280 = DIRECTION('',(0.,-1.));
#4281 = ( GEOMETRIC_REPRESENTATION_CONTEXT(2) 
PARAMETRIC_REPRESENTATION_CONTEXT() REPRESENTATION_CONTEXT('2D SPACE',''
  ) );
#4282 = ORIENTED_EDGE('',*,*,#4283,.T.);
#4283 = EDGE_CURVE('',#4261,#4212,#4284,.T.);
#4284 = SURFACE_CURVE('',#4285,(#4289,#4296),.PCURVE_S1.);
#4285 = B_SPLINE_CURVE_WITH_KNOTS('',2,(#4286,#4287,#4288),
  .UNSPECIFIED.,.F.,.F.,(3,3),(0.,1.),.PIECEWISE_BEZIER_KNOTS.);
#4286 = CARTESIAN_POINT('',(80.390625,3.98193359375,18.));
#4287 = CARTESIAN_POINT('',(81.3818359375,3.98193359375,18.));
#4288 = CARTESIAN_POINT('',(82.177734375,3.50830078125,18.));
#4289 = PCURVE('',#1267,#4290);
#4290 = DEFINITIONAL_REPRESENTATION('',(#4291),#4295);
#4291 = LINE('',#4292,#4293);
#4292 = CARTESIAN_POINT('',(0.,-0.5));
#4293 = VECTOR('',#4294,1.);
#4294 = DIRECTION('',(1.,0.));
#4295 = ( GEOMETRIC_REPRESENTATION_CONTEXT(2) 
PARAMETRIC_REPRESENTATION_CONTEXT() REPRESENTATION_CONTEXT('2D SPACE',''
  ) );
#4296 = PCURVE('',#3943,#4297);
#4297 = DEFINITIONAL_REPRESENTATION('',(#4298),#4302);
#4298 = B_SPLINE_CURVE_WITH_KNOTS('',2,(#4299,#4300,#4301),
  .UNSPECIFIED.,.F.,.F.,(3,3),(0.,1.),.PIECEWISE_BEZIER_KNOTS.);
#4299 = CARTESIAN_POINT('',(3.9111328125,7.28515625));
#4300 = CARTESIAN_POINT('',(4.90234375,7.28515625));
#4301 = CARTESIAN_POINT('',(5.6982421875,6.8115234375));
#4302 = ( GEOMETRIC_REPRESENTATION_CONTEXT(2) 
PARAMETRIC_REPRESENTATION_CONTEXT() REPRESENTATION_CONTEXT('2D SPACE',''
  ) );
#4303 = ORIENTED_EDGE('',*,*,#4211,.F.);
#4304 = ORIENTED_EDGE('',*,*,#1251,.F.);
#4305 = ADVANCED_FACE('',(#4306),#1237,.T.);
#4306 = FACE_BOUND('',#4307,.T.);
#4307 = EDGE_LOOP('',(#4308,#4340,#4361,#4362,#4363));
#4308 = ORIENTED_EDGE('',*,*,#4309,.T.);
#4309 = EDGE_CURVE('',#4310,#4312,#4314,.T.);
#4310 = VERTEX_POINT('',#4311);
#4311 = CARTESIAN_POINT('',(77.919921875,2.9736328125,17.5));
#4312 = VERTEX_POINT('',#4313);
#4313 = CARTESIAN_POINT('',(77.919921875,2.9736328125,18.));
#4314 = SURFACE_CURVE('',#4315,(#4319,#4326),.PCURVE_S1.);
#4315 = LINE('',#4316,#4317);
#4316 = CARTESIAN_POINT('',(77.919921875,2.9736328125,17.5));
#4317 = VECTOR('',#4318,1.);
#4318 = DIRECTION('',(0.,0.,1.));
#4319 = PCURVE('',#1237,#4320);
#4320 = DEFINITIONAL_REPRESENTATION('',(#4321),#4325);
#4321 = LINE('',#4322,#4323);
#4322 = CARTESIAN_POINT('',(0.,0.));
#4323 = VECTOR('',#4324,1.);
#4324 = DIRECTION('',(0.,-1.));
#4325 = ( GEOMETRIC_REPRESENTATION_CONTEXT(2) 
PARAMETRIC_REPRESENTATION_CONTEXT() REPRESENTATION_CONTEXT('2D SPACE',''
  ) );
#4326 = PCURVE('',#4327,#4334);
#4327 = SURFACE_OF_LINEAR_EXTRUSION('',#4328,#4332);
#4328 = B_SPLINE_CURVE_WITH_KNOTS('',2,(#4329,#4330,#4331),
  .UNSPECIFIED.,.F.,.F.,(3,3),(0.,1.),.PIECEWISE_BEZIER_KNOTS.);
#4329 = CARTESIAN_POINT('',(76.962890625,0.18310546875,17.5));
#4330 = CARTESIAN_POINT('',(76.962890625,1.96533203125,17.5));
#4331 = CARTESIAN_POINT('',(77.919921875,2.9736328125,17.5));
#4332 = VECTOR('',#4333,1.);
#4333 = DIRECTION('',(-0.,-0.,-1.));
#4334 = DEFINITIONAL_REPRESENTATION('',(#4335),#4339);
#4335 = LINE('',#4336,#4337);
#4336 = CARTESIAN_POINT('',(1.,0.));
#4337 = VECTOR('',#4338,1.);
#4338 = DIRECTION('',(0.,-1.));
#4339 = ( GEOMETRIC_REPRESENTATION_CONTEXT(2) 
PARAMETRIC_REPRESENTATION_CONTEXT() REPRESENTATION_CONTEXT('2D SPACE',''
  ) );
#4340 = ORIENTED_EDGE('',*,*,#4341,.T.);
#4341 = EDGE_CURVE('',#4312,#4261,#4342,.T.);
#4342 = SURFACE_CURVE('',#4343,(#4347,#4354),.PCURVE_S1.);
#4343 = B_SPLINE_CURVE_WITH_KNOTS('',2,(#4344,#4345,#4346),
  .UNSPECIFIED.,.F.,.F.,(3,3),(0.,1.),.PIECEWISE_BEZIER_KNOTS.);
#4344 = CARTESIAN_POINT('',(77.919921875,2.9736328125,18.));
#4345 = CARTESIAN_POINT('',(78.876953125,3.98193359375,18.));
#4346 = CARTESIAN_POINT('',(80.390625,3.98193359375,18.));
#4347 = PCURVE('',#1237,#4348);
#4348 = DEFINITIONAL_REPRESENTATION('',(#4349),#4353);
#4349 = LINE('',#4350,#4351);
#4350 = CARTESIAN_POINT('',(0.,-0.5));
#4351 = VECTOR('',#4352,1.);
#4352 = DIRECTION('',(1.,0.));
#4353 = ( GEOMETRIC_REPRESENTATION_CONTEXT(2) 
PARAMETRIC_REPRESENTATION_CONTEXT() REPRESENTATION_CONTEXT('2D SPACE',''
  ) );
#4354 = PCURVE('',#3943,#4355);
#4355 = DEFINITIONAL_REPRESENTATION('',(#4356),#4360);
#4356 = B_SPLINE_CURVE_WITH_KNOTS('',2,(#4357,#4358,#4359),
  .UNSPECIFIED.,.F.,.F.,(3,3),(0.,1.),.PIECEWISE_BEZIER_KNOTS.);
#4357 = CARTESIAN_POINT('',(1.4404296875,6.27685546875));
#4358 = CARTESIAN_POINT('',(2.3974609375,7.28515625));
#4359 = CARTESIAN_POINT('',(3.9111328125,7.28515625));
#4360 = ( GEOMETRIC_REPRESENTATION_CONTEXT(2) 
PARAMETRIC_REPRESENTATION_CONTEXT() REPRESENTATION_CONTEXT('2D SPACE',''
  ) );
#4361 = ORIENTED_EDGE('',*,*,#4260,.F.);
#4362 = ORIENTED_EDGE('',*,*,#1221,.F.);
#4363 = ORIENTED_EDGE('',*,*,#4364,.F.);
#4364 = EDGE_CURVE('',#4310,#1189,#4365,.T.);
#4365 = SURFACE_CURVE('',#4366,(#4370,#4377),.PCURVE_S1.);
#4366 = B_SPLINE_CURVE_WITH_KNOTS('',2,(#4367,#4368,#4369),
  .UNSPECIFIED.,.F.,.F.,(3,3),(0.,1.),.PIECEWISE_BEZIER_KNOTS.);
#4367 = CARTESIAN_POINT('',(77.919921875,2.9736328125,17.5));
#4368 = CARTESIAN_POINT('',(78.876953125,3.98193359375,17.5));
#4369 = CARTESIAN_POINT('',(80.390625,3.98193359375,17.5));
#4370 = PCURVE('',#1237,#4371);
#4371 = DEFINITIONAL_REPRESENTATION('',(#4372),#4376);
#4372 = LINE('',#4373,#4374);
#4373 = CARTESIAN_POINT('',(0.,0.));
#4374 = VECTOR('',#4375,1.);
#4375 = DIRECTION('',(1.,0.));
#4376 = ( GEOMETRIC_REPRESENTATION_CONTEXT(2) 
PARAMETRIC_REPRESENTATION_CONTEXT() REPRESENTATION_CONTEXT('2D SPACE',''
  ) );
#4377 = PCURVE('',#3999,#4378);
#4378 = DEFINITIONAL_REPRESENTATION('',(#4379),#4383);
#4379 = B_SPLINE_CURVE_WITH_KNOTS('',2,(#4380,#4381,#4382),
  .UNSPECIFIED.,.F.,.F.,(3,3),(0.,1.),.PIECEWISE_BEZIER_KNOTS.);
#4380 = CARTESIAN_POINT('',(1.4404296875,6.27685546875));
#4381 = CARTESIAN_POINT('',(2.3974609375,7.28515625));
#4382 = CARTESIAN_POINT('',(3.9111328125,7.28515625));
#4383 = ( GEOMETRIC_REPRESENTATION_CONTEXT(2) 
PARAMETRIC_REPRESENTATION_CONTEXT() REPRESENTATION_CONTEXT('2D SPACE',''
  ) );
#4384 = ADVANCED_FACE('',(#4385),#1209,.F.);
#4385 = FACE_BOUND('',#4386,.F.);
#4386 = EDGE_LOOP('',(#4387,#4412,#4439,#4440,#4473,#4499,#4500,#4528));
#4387 = ORIENTED_EDGE('',*,*,#4388,.F.);
#4388 = EDGE_CURVE('',#4389,#4391,#4393,.T.);
#4389 = VERTEX_POINT('',#4390);
#4390 = CARTESIAN_POINT('',(80.,-4.898587196589E-15,5.5));
#4391 = VERTEX_POINT('',#4392);
#4392 = CARTESIAN_POINT('',(80.,-4.898587196589E-15,17.5));
#4393 = SEAM_CURVE('',#4394,(#4398,#4405),.PCURVE_S1.);
#4394 = LINE('',#4395,#4396);
#4395 = CARTESIAN_POINT('',(80.,-4.898587196589E-15,5.5));
#4396 = VECTOR('',#4397,1.);
#4397 = DIRECTION('',(0.,0.,1.));
#4398 = PCURVE('',#1209,#4399);
#4399 = DEFINITIONAL_REPRESENTATION('',(#4400),#4404);
#4400 = LINE('',#4401,#4402);
#4401 = CARTESIAN_POINT('',(0.,-0.));
#4402 = VECTOR('',#4403,1.);
#4403 = DIRECTION('',(0.,1.));
#4404 = ( GEOMETRIC_REPRESENTATION_CONTEXT(2) 
PARAMETRIC_REPRESENTATION_CONTEXT() REPRESENTATION_CONTEXT('2D SPACE',''
  ) );
#4405 = PCURVE('',#1209,#4406);
#4406 = DEFINITIONAL_REPRESENTATION('',(#4407),#4411);
#4407 = LINE('',#4408,#4409);
#4408 = CARTESIAN_POINT('',(6.28318530718,-0.));
#4409 = VECTOR('',#4410,1.);
#4410 = DIRECTION('',(0.,1.));
#4411 = ( GEOMETRIC_REPRESENTATION_CONTEXT(2) 
PARAMETRIC_REPRESENTATION_CONTEXT() REPRESENTATION_CONTEXT('2D SPACE',''
  ) );
#4412 = ORIENTED_EDGE('',*,*,#4413,.T.);
#4413 = EDGE_CURVE('',#4389,#4389,#4414,.T.);
#4414 = SURFACE_CURVE('',#4415,(#4420,#4427),.PCURVE_S1.);
#4415 = CIRCLE('',#4416,20.);
#4416 = AXIS2_PLACEMENT_3D('',#4417,#4418,#4419);
#4417 = CARTESIAN_POINT('',(60.,0.,5.5));
#4418 = DIRECTION('',(0.,0.,1.));
#4419 = DIRECTION('',(1.,0.,0.));
#4420 = PCURVE('',#1209,#4421);
#4421 = DEFINITIONAL_REPRESENTATION('',(#4422),#4426);
#4422 = LINE('',#4423,#4424);
#4423 = CARTESIAN_POINT('',(0.,0.));
#4424 = VECTOR('',#4425,1.);
#4425 = DIRECTION('',(1.,0.));
#4426 = ( GEOMETRIC_REPRESENTATION_CONTEXT(2) 
PARAMETRIC_REPRESENTATION_CONTEXT() REPRESENTATION_CONTEXT('2D SPACE',''
  ) );
#4427 = PCURVE('',#4428,#4433);
#4428 = PLANE('',#4429);
#4429 = AXIS2_PLACEMENT_3D('',#4430,#4431,#4432);
#4430 = CARTESIAN_POINT('',(60.,0.,5.5));
#4431 = DIRECTION('',(0.,0.,1.));
#4432 = DIRECTION('',(1.,0.,0.));
#4433 = DEFINITIONAL_REPRESENTATION('',(#4434),#4438);
#4434 = CIRCLE('',#4435,20.);
#4435 = AXIS2_PLACEMENT_2D('',#4436,#4437);
#4436 = CARTESIAN_POINT('',(0.,0.));
#4437 = DIRECTION('',(1.,0.));
#4438 = ( GEOMETRIC_REPRESENTATION_CONTEXT(2) 
PARAMETRIC_REPRESENTATION_CONTEXT() REPRESENTATION_CONTEXT('2D SPACE',''
  ) );
#4439 = ORIENTED_EDGE('',*,*,#4388,.T.);
#4440 = ORIENTED_EDGE('',*,*,#4441,.T.);
#4441 = EDGE_CURVE('',#4391,#4442,#4444,.T.);
#4442 = VERTEX_POINT('',#4443);
#4443 = CARTESIAN_POINT('',(79.835539254537,-2.559566854314,17.5));
#4444 = SURFACE_CURVE('',#4445,(#4450,#4457),.PCURVE_S1.);
#4445 = CIRCLE('',#4446,20.);
#4446 = AXIS2_PLACEMENT_3D('',#4447,#4448,#4449);
#4447 = CARTESIAN_POINT('',(60.,-6.661338147751E-16,17.5));
#4448 = DIRECTION('',(0.,0.,-1.));
#4449 = DIRECTION('',(1.,-2.116226690907E-16,0.));
#4450 = PCURVE('',#1209,#4451);
#4451 = DEFINITIONAL_REPRESENTATION('',(#4452),#4456);
#4452 = LINE('',#4453,#4454);
#4453 = CARTESIAN_POINT('',(6.28318530718,12.));
#4454 = VECTOR('',#4455,1.);
#4455 = DIRECTION('',(-1.,-0.));
#4456 = ( GEOMETRIC_REPRESENTATION_CONTEXT(2) 
PARAMETRIC_REPRESENTATION_CONTEXT() REPRESENTATION_CONTEXT('2D SPACE',''
  ) );
#4457 = PCURVE('',#4458,#4463);
#4458 = PLANE('',#4459);
#4459 = AXIS2_PLACEMENT_3D('',#4460,#4461,#4462);
#4460 = CARTESIAN_POINT('',(-120.,-27.5,17.5));
#4461 = DIRECTION('',(0.,0.,1.));
#4462 = DIRECTION('',(1.,0.,0.));
#4463 = DEFINITIONAL_REPRESENTATION('',(#4464),#4472);
#4464 = ( BOUNDED_CURVE() B_SPLINE_CURVE(2,(#4465,#4466,#4467,#4468,
#4469,#4470,#4471),.UNSPECIFIED.,.T.,.F.) B_SPLINE_CURVE_WITH_KNOTS((1,2
    ,2,2,2,1),(-2.094395102393,0.,2.094395102393,4.188790204786,
6.28318530718,8.377580409573),.UNSPECIFIED.) CURVE() 
GEOMETRIC_REPRESENTATION_ITEM() RATIONAL_B_SPLINE_CURVE((1.,0.5,1.,0.5,
1.,0.5,1.)) REPRESENTATION_ITEM('') );
#4465 = CARTESIAN_POINT('',(200.,27.5));
#4466 = CARTESIAN_POINT('',(200.,-7.141016151378));
#4467 = CARTESIAN_POINT('',(170.,10.179491924311));
#4468 = CARTESIAN_POINT('',(140.,27.5));
#4469 = CARTESIAN_POINT('',(170.,44.820508075689));
#4470 = CARTESIAN_POINT('',(200.,62.141016151378));
#4471 = CARTESIAN_POINT('',(200.,27.5));
#4472 = ( GEOMETRIC_REPRESENTATION_CONTEXT(2) 
PARAMETRIC_REPRESENTATION_CONTEXT() REPRESENTATION_CONTEXT('2D SPACE',''
  ) );
#4473 = ORIENTED_EDGE('',*,*,#4474,.T.);
#4474 = EDGE_CURVE('',#4442,#1159,#4475,.T.);
#4475 = SURFACE_CURVE('',#4476,(#4481,#4488),.PCURVE_S1.);
#4476 = CIRCLE('',#4477,20.);
#4477 = AXIS2_PLACEMENT_3D('',#4478,#4479,#4480);
#4478 = CARTESIAN_POINT('',(60.,-6.661338147751E-16,17.5));
#4479 = DIRECTION('',(0.,0.,-1.));
#4480 = DIRECTION('',(1.,-2.116226690907E-16,0.));
#4481 = PCURVE('',#1209,#4482);
#4482 = DEFINITIONAL_REPRESENTATION('',(#4483),#4487);
#4483 = LINE('',#4484,#4485);
#4484 = CARTESIAN_POINT('',(6.28318530718,12.));
#4485 = VECTOR('',#4486,1.);
#4486 = DIRECTION('',(-1.,-0.));
#4487 = ( GEOMETRIC_REPRESENTATION_CONTEXT(2) 
PARAMETRIC_REPRESENTATION_CONTEXT() REPRESENTATION_CONTEXT('2D SPACE',''
  ) );
#4488 = PCURVE('',#3999,#4489);
#4489 = DEFINITIONAL_REPRESENTATION('',(#4490),#4498);
#4490 = ( BOUNDED_CURVE() B_SPLINE_CURVE(2,(#4491,#4492,#4493,#4494,
#4495,#4496,#4497),.UNSPECIFIED.,.T.,.F.) B_SPLINE_CURVE_WITH_KNOTS((1,2
    ,2,2,2,1),(-2.094395102393,0.,2.094395102393,4.188790204786,
6.28318530718,8.377580409573),.UNSPECIFIED.) CURVE() 
GEOMETRIC_REPRESENTATION_ITEM() RATIONAL_B_SPLINE_CURVE((1.,0.5,1.,0.5,
1.,0.5,1.)) REPRESENTATION_ITEM('') );
#4491 = CARTESIAN_POINT('',(3.5205078125,3.30322265625));
#4492 = CARTESIAN_POINT('',(3.5205078125,-31.33779349512));
#4493 = CARTESIAN_POINT('',(-26.4794921875,-14.01728541943));
#4494 = CARTESIAN_POINT('',(-56.4794921875,3.30322265625));
#4495 = CARTESIAN_POINT('',(-26.4794921875,20.623730731939));
#4496 = CARTESIAN_POINT('',(3.5205078125,37.944238807628));
#4497 = CARTESIAN_POINT('',(3.5205078125,3.30322265625));
#4498 = ( GEOMETRIC_REPRESENTATION_CONTEXT(2) 
PARAMETRIC_REPRESENTATION_CONTEXT() REPRESENTATION_CONTEXT('2D SPACE',''
  ) );
#4499 = ORIENTED_EDGE('',*,*,#1188,.T.);
#4500 = ORIENTED_EDGE('',*,*,#4501,.T.);
#4501 = EDGE_CURVE('',#1189,#4502,#4504,.T.);
#4502 = VERTEX_POINT('',#4503);
#4503 = CARTESIAN_POINT('',(79.759754564278,3.090647110153,17.5));
#4504 = SURFACE_CURVE('',#4505,(#4510,#4517),.PCURVE_S1.);
#4505 = CIRCLE('',#4506,20.);
#4506 = AXIS2_PLACEMENT_3D('',#4507,#4508,#4509);
#4507 = CARTESIAN_POINT('',(60.,-6.661338147751E-16,17.5));
#4508 = DIRECTION('',(0.,0.,-1.));
#4509 = DIRECTION('',(1.,-2.116226690907E-16,0.));
#4510 = PCURVE('',#1209,#4511);
#4511 = DEFINITIONAL_REPRESENTATION('',(#4512),#4516);
#4512 = LINE('',#4513,#4514);
#4513 = CARTESIAN_POINT('',(6.28318530718,12.));
#4514 = VECTOR('',#4515,1.);
#4515 = DIRECTION('',(-1.,-0.));
#4516 = ( GEOMETRIC_REPRESENTATION_CONTEXT(2) 
PARAMETRIC_REPRESENTATION_CONTEXT() REPRESENTATION_CONTEXT('2D SPACE',''
  ) );
#4517 = PCURVE('',#3999,#4518);
#4518 = DEFINITIONAL_REPRESENTATION('',(#4519),#4527);
#4519 = ( BOUNDED_CURVE() B_SPLINE_CURVE(2,(#4520,#4521,#4522,#4523,
#4524,#4525,#4526),.UNSPECIFIED.,.T.,.F.) B_SPLINE_CURVE_WITH_KNOTS((1,2
    ,2,2,2,1),(-2.094395102393,0.,2.094395102393,4.188790204786,
6.28318530718,8.377580409573),.UNSPECIFIED.) CURVE() 
GEOMETRIC_REPRESENTATION_ITEM() RATIONAL_B_SPLINE_CURVE((1.,0.5,1.,0.5,
1.,0.5,1.)) REPRESENTATION_ITEM('') );
#4520 = CARTESIAN_POINT('',(3.5205078125,3.30322265625));
#4521 = CARTESIAN_POINT('',(3.5205078125,-31.33779349512));
#4522 = CARTESIAN_POINT('',(-26.4794921875,-14.01728541943));
#4523 = CARTESIAN_POINT('',(-56.4794921875,3.30322265625));
#4524 = CARTESIAN_POINT('',(-26.4794921875,20.623730731939));
#4525 = CARTESIAN_POINT('',(3.5205078125,37.944238807628));
#4526 = CARTESIAN_POINT('',(3.5205078125,3.30322265625));
#4527 = ( GEOMETRIC_REPRESENTATION_CONTEXT(2) 
PARAMETRIC_REPRESENTATION_CONTEXT() REPRESENTATION_CONTEXT('2D SPACE',''
  ) );
#4528 = ORIENTED_EDGE('',*,*,#4529,.T.);
#4529 = EDGE_CURVE('',#4502,#4391,#4530,.T.);
#4530 = SURFACE_CURVE('',#4531,(#4536,#4543),.PCURVE_S1.);
#4531 = CIRCLE('',#4532,20.);
#4532 = AXIS2_PLACEMENT_3D('',#4533,#4534,#4535);
#4533 = CARTESIAN_POINT('',(60.,-6.661338147751E-16,17.5));
#4534 = DIRECTION('',(0.,0.,-1.));
#4535 = DIRECTION('',(1.,-2.116226690907E-16,0.));
#4536 = PCURVE('',#1209,#4537);
#4537 = DEFINITIONAL_REPRESENTATION('',(#4538),#4542);
#4538 = LINE('',#4539,#4540);
#4539 = CARTESIAN_POINT('',(6.28318530718,12.));
#4540 = VECTOR('',#4541,1.);
#4541 = DIRECTION('',(-1.,-0.));
#4542 = ( GEOMETRIC_REPRESENTATION_CONTEXT(2) 
PARAMETRIC_REPRESENTATION_CONTEXT() REPRESENTATION_CONTEXT('2D SPACE',''
  ) );
#4543 = PCURVE('',#4458,#4544);
#4544 = DEFINITIONAL_REPRESENTATION('',(#4545),#4553);
#4545 = ( BOUNDED_CURVE() B_SPLINE_CURVE(2,(#4546,#4547,#4548,#4549,
#4550,#4551,#4552),.UNSPECIFIED.,.T.,.F.) B_SPLINE_CURVE_WITH_KNOTS((1,2
    ,2,2,2,1),(-2.094395102393,0.,2.094395102393,4.188790204786,
6.28318530718,8.377580409573),.UNSPECIFIED.) CURVE() 
GEOMETRIC_REPRESENTATION_ITEM() RATIONAL_B_SPLINE_CURVE((1.,0.5,1.,0.5,
1.,0.5,1.)) REPRESENTATION_ITEM('') );
#4546 = CARTESIAN_POINT('',(200.,27.5));
#4547 = CARTESIAN_POINT('',(200.,-7.141016151378));
#4548 = CARTESIAN_POINT('',(170.,10.179491924311));
#4549 = CARTESIAN_POINT('',(140.,27.5));
#4550 = CARTESIAN_POINT('',(170.,44.820508075689));
#4551 = CARTESIAN_POINT('',(200.,62.141016151378));
#4552 = CARTESIAN_POINT('',(200.,27.5));
#4553 = ( GEOMETRIC_REPRESENTATION_CONTEXT(2) 
PARAMETRIC_REPRESENTATION_CONTEXT() REPRESENTATION_CONTEXT('2D SPACE',''
  ) );
#4554 = ADVANCED_FACE('',(#4555),#1449,.T.);
#4555 = FACE_BOUND('',#4556,.T.);
#4556 = EDGE_LOOP('',(#4557,#4580,#4608,#4629));
#4557 = ORIENTED_EDGE('',*,*,#4558,.T.);
#4558 = EDGE_CURVE('',#1432,#4559,#4561,.T.);
#4559 = VERTEX_POINT('',#4560);
#4560 = CARTESIAN_POINT('',(85.1513671875,-1.60400390625,18.));
#4561 = SURFACE_CURVE('',#4562,(#4566,#4573),.PCURVE_S1.);
#4562 = LINE('',#4563,#4564);
#4563 = CARTESIAN_POINT('',(85.1513671875,-1.60400390625,17.5));
#4564 = VECTOR('',#4565,1.);
#4565 = DIRECTION('',(0.,0.,1.));
#4566 = PCURVE('',#1449,#4567);
#4567 = DEFINITIONAL_REPRESENTATION('',(#4568),#4572);
#4568 = LINE('',#4569,#4570);
#4569 = CARTESIAN_POINT('',(0.,0.));
#4570 = VECTOR('',#4571,1.);
#4571 = DIRECTION('',(0.,-1.));
#4572 = ( GEOMETRIC_REPRESENTATION_CONTEXT(2) 
PARAMETRIC_REPRESENTATION_CONTEXT() REPRESENTATION_CONTEXT('2D SPACE',''
  ) );
#4573 = PCURVE('',#1747,#4574);
#4574 = DEFINITIONAL_REPRESENTATION('',(#4575),#4579);
#4575 = LINE('',#4576,#4577);
#4576 = CARTESIAN_POINT('',(1.,0.));
#4577 = VECTOR('',#4578,1.);
#4578 = DIRECTION('',(0.,-1.));
#4579 = ( GEOMETRIC_REPRESENTATION_CONTEXT(2) 
PARAMETRIC_REPRESENTATION_CONTEXT() REPRESENTATION_CONTEXT('2D SPACE',''
  ) );
#4580 = ORIENTED_EDGE('',*,*,#4581,.T.);
#4581 = EDGE_CURVE('',#4559,#4582,#4584,.T.);
#4582 = VERTEX_POINT('',#4583);
#4583 = CARTESIAN_POINT('',(84.7412109375,0.18310546875,18.));
#4584 = SURFACE_CURVE('',#4585,(#4589,#4596),.PCURVE_S1.);
#4585 = B_SPLINE_CURVE_WITH_KNOTS('',2,(#4586,#4587,#4588),
  .UNSPECIFIED.,.F.,.F.,(3,3),(0.,1.),.PIECEWISE_BEZIER_KNOTS.);
#4586 = CARTESIAN_POINT('',(85.1513671875,-1.60400390625,18.));
#4587 = CARTESIAN_POINT('',(84.7412109375,-0.75927734375,18.));
#4588 = CARTESIAN_POINT('',(84.7412109375,0.18310546875,18.));
#4589 = PCURVE('',#1449,#4590);
#4590 = DEFINITIONAL_REPRESENTATION('',(#4591),#4595);
#4591 = LINE('',#4592,#4593);
#4592 = CARTESIAN_POINT('',(0.,-0.5));
#4593 = VECTOR('',#4594,1.);
#4594 = DIRECTION('',(1.,0.));
#4595 = ( GEOMETRIC_REPRESENTATION_CONTEXT(2) 
PARAMETRIC_REPRESENTATION_CONTEXT() REPRESENTATION_CONTEXT('2D SPACE',''
  ) );
#4596 = PCURVE('',#4597,#4602);
#4597 = PLANE('',#4598);
#4598 = AXIS2_PLACEMENT_3D('',#4599,#4600,#4601);
#4599 = CARTESIAN_POINT('',(84.2578125,-3.30322265625,18.));
#4600 = DIRECTION('',(0.,0.,1.));
#4601 = DIRECTION('',(1.,0.,0.));
#4602 = DEFINITIONAL_REPRESENTATION('',(#4603),#4607);
#4603 = B_SPLINE_CURVE_WITH_KNOTS('',2,(#4604,#4605,#4606),
  .UNSPECIFIED.,.F.,.F.,(3,3),(0.,1.),.PIECEWISE_BEZIER_KNOTS.);
#4604 = CARTESIAN_POINT('',(0.8935546875,1.69921875));
#4605 = CARTESIAN_POINT('',(0.4833984375,2.5439453125));
#4606 = CARTESIAN_POINT('',(0.4833984375,3.486328125));
#4607 = ( GEOMETRIC_REPRESENTATION_CONTEXT(2) 
PARAMETRIC_REPRESENTATION_CONTEXT() REPRESENTATION_CONTEXT('2D SPACE',''
  ) );
#4608 = ORIENTED_EDGE('',*,*,#4609,.F.);
#4609 = EDGE_CURVE('',#1434,#4582,#4610,.T.);
#4610 = SURFACE_CURVE('',#4611,(#4615,#4622),.PCURVE_S1.);
#4611 = LINE('',#4612,#4613);
#4612 = CARTESIAN_POINT('',(84.7412109375,0.18310546875,17.5));
#4613 = VECTOR('',#4614,1.);
#4614 = DIRECTION('',(0.,0.,1.));
#4615 = PCURVE('',#1449,#4616);
#4616 = DEFINITIONAL_REPRESENTATION('',(#4617),#4621);
#4617 = LINE('',#4618,#4619);
#4618 = CARTESIAN_POINT('',(1.,0.));
#4619 = VECTOR('',#4620,1.);
#4620 = DIRECTION('',(0.,-1.));
#4621 = ( GEOMETRIC_REPRESENTATION_CONTEXT(2) 
PARAMETRIC_REPRESENTATION_CONTEXT() REPRESENTATION_CONTEXT('2D SPACE',''
  ) );
#4622 = PCURVE('',#1479,#4623);
#4623 = DEFINITIONAL_REPRESENTATION('',(#4624),#4628);
#4624 = LINE('',#4625,#4626);
#4625 = CARTESIAN_POINT('',(0.,0.));
#4626 = VECTOR('',#4627,1.);
#4627 = DIRECTION('',(0.,-1.));
#4628 = ( GEOMETRIC_REPRESENTATION_CONTEXT(2) 
PARAMETRIC_REPRESENTATION_CONTEXT() REPRESENTATION_CONTEXT('2D SPACE',''
  ) );
#4629 = ORIENTED_EDGE('',*,*,#1431,.F.);
#4630 = ADVANCED_FACE('',(#4631),#1747,.T.);
#4631 = FACE_BOUND('',#4632,.T.);
#4632 = EDGE_LOOP('',(#4633,#4656,#4677,#4678));
#4633 = ORIENTED_EDGE('',*,*,#4634,.T.);
#4634 = EDGE_CURVE('',#1704,#4635,#4637,.T.);
#4635 = VERTEX_POINT('',#4636);
#4636 = CARTESIAN_POINT('',(86.357421875,-2.93701171875,18.));
#4637 = SURFACE_CURVE('',#4638,(#4642,#4649),.PCURVE_S1.);
#4638 = LINE('',#4639,#4640);
#4639 = CARTESIAN_POINT('',(86.357421875,-2.93701171875,17.5));
#4640 = VECTOR('',#4641,1.);
#4641 = DIRECTION('',(0.,0.,1.));
#4642 = PCURVE('',#1747,#4643);
#4643 = DEFINITIONAL_REPRESENTATION('',(#4644),#4648);
#4644 = LINE('',#4645,#4646);
#4645 = CARTESIAN_POINT('',(0.,0.));
#4646 = VECTOR('',#4647,1.);
#4647 = DIRECTION('',(0.,-1.));
#4648 = ( GEOMETRIC_REPRESENTATION_CONTEXT(2) 
PARAMETRIC_REPRESENTATION_CONTEXT() REPRESENTATION_CONTEXT('2D SPACE',''
  ) );
#4649 = PCURVE('',#1719,#4650);
#4650 = DEFINITIONAL_REPRESENTATION('',(#4651),#4655);
#4651 = LINE('',#4652,#4653);
#4652 = CARTESIAN_POINT('',(1.,0.));
#4653 = VECTOR('',#4654,1.);
#4654 = DIRECTION('',(0.,-1.));
#4655 = ( GEOMETRIC_REPRESENTATION_CONTEXT(2) 
PARAMETRIC_REPRESENTATION_CONTEXT() REPRESENTATION_CONTEXT('2D SPACE',''
  ) );
#4656 = ORIENTED_EDGE('',*,*,#4657,.T.);
#4657 = EDGE_CURVE('',#4635,#4559,#4658,.T.);
#4658 = SURFACE_CURVE('',#4659,(#4663,#4670),.PCURVE_S1.);
#4659 = B_SPLINE_CURVE_WITH_KNOTS('',2,(#4660,#4661,#4662),
  .UNSPECIFIED.,.F.,.F.,(3,3),(0.,1.),.PIECEWISE_BEZIER_KNOTS.);
#4660 = CARTESIAN_POINT('',(86.357421875,-2.93701171875,18.));
#4661 = CARTESIAN_POINT('',(85.5615234375,-2.44873046875,18.));
#4662 = CARTESIAN_POINT('',(85.1513671875,-1.60400390625,18.));
#4663 = PCURVE('',#1747,#4664);
#4664 = DEFINITIONAL_REPRESENTATION('',(#4665),#4669);
#4665 = LINE('',#4666,#4667);
#4666 = CARTESIAN_POINT('',(0.,-0.5));
#4667 = VECTOR('',#4668,1.);
#4668 = DIRECTION('',(1.,0.));
#4669 = ( GEOMETRIC_REPRESENTATION_CONTEXT(2) 
PARAMETRIC_REPRESENTATION_CONTEXT() REPRESENTATION_CONTEXT('2D SPACE',''
  ) );
#4670 = PCURVE('',#4597,#4671);
#4671 = DEFINITIONAL_REPRESENTATION('',(#4672),#4676);
#4672 = B_SPLINE_CURVE_WITH_KNOTS('',2,(#4673,#4674,#4675),
  .UNSPECIFIED.,.F.,.F.,(3,3),(0.,1.),.PIECEWISE_BEZIER_KNOTS.);
#4673 = CARTESIAN_POINT('',(2.099609375,0.3662109375));
#4674 = CARTESIAN_POINT('',(1.3037109375,0.8544921875));
#4675 = CARTESIAN_POINT('',(0.8935546875,1.69921875));
#4676 = ( GEOMETRIC_REPRESENTATION_CONTEXT(2) 
PARAMETRIC_REPRESENTATION_CONTEXT() REPRESENTATION_CONTEXT('2D SPACE',''
  ) );
#4677 = ORIENTED_EDGE('',*,*,#4558,.F.);
#4678 = ORIENTED_EDGE('',*,*,#1733,.F.);
#4679 = ADVANCED_FACE('',(#4680),#1719,.T.);
#4680 = FACE_BOUND('',#4681,.T.);
#4681 = EDGE_LOOP('',(#4682,#4705,#4726,#4727));
#4682 = ORIENTED_EDGE('',*,*,#4683,.T.);
#4683 = EDGE_CURVE('',#1674,#4684,#4686,.T.);
#4684 = VERTEX_POINT('',#4685);
#4685 = CARTESIAN_POINT('',(88.1640625,-3.42529296875,18.));
#4686 = SURFACE_CURVE('',#4687,(#4691,#4698),.PCURVE_S1.);
#4687 = LINE('',#4688,#4689);
#4688 = CARTESIAN_POINT('',(88.1640625,-3.42529296875,17.5));
#4689 = VECTOR('',#4690,1.);
#4690 = DIRECTION('',(0.,0.,1.));
#4691 = PCURVE('',#1719,#4692);
#4692 = DEFINITIONAL_REPRESENTATION('',(#4693),#4697);
#4693 = LINE('',#4694,#4695);
#4694 = CARTESIAN_POINT('',(0.,0.));
#4695 = VECTOR('',#4696,1.);
#4696 = DIRECTION('',(0.,-1.));
#4697 = ( GEOMETRIC_REPRESENTATION_CONTEXT(2) 
PARAMETRIC_REPRESENTATION_CONTEXT() REPRESENTATION_CONTEXT('2D SPACE',''
  ) );
#4698 = PCURVE('',#1689,#4699);
#4699 = DEFINITIONAL_REPRESENTATION('',(#4700),#4704);
#4700 = LINE('',#4701,#4702);
#4701 = CARTESIAN_POINT('',(1.,0.));
#4702 = VECTOR('',#4703,1.);
#4703 = DIRECTION('',(0.,-1.));
#4704 = ( GEOMETRIC_REPRESENTATION_CONTEXT(2) 
PARAMETRIC_REPRESENTATION_CONTEXT() REPRESENTATION_CONTEXT('2D SPACE',''
  ) );
#4705 = ORIENTED_EDGE('',*,*,#4706,.T.);
#4706 = EDGE_CURVE('',#4684,#4635,#4707,.T.);
#4707 = SURFACE_CURVE('',#4708,(#4712,#4719),.PCURVE_S1.);
#4708 = B_SPLINE_CURVE_WITH_KNOTS('',2,(#4709,#4710,#4711),
  .UNSPECIFIED.,.F.,.F.,(3,3),(0.,1.),.PIECEWISE_BEZIER_KNOTS.);
#4709 = CARTESIAN_POINT('',(88.1640625,-3.42529296875,18.));
#4710 = CARTESIAN_POINT('',(87.1533203125,-3.42529296875,18.));
#4711 = CARTESIAN_POINT('',(86.357421875,-2.93701171875,18.));
#4712 = PCURVE('',#1719,#4713);
#4713 = DEFINITIONAL_REPRESENTATION('',(#4714),#4718);
#4714 = LINE('',#4715,#4716);
#4715 = CARTESIAN_POINT('',(0.,-0.5));
#4716 = VECTOR('',#4717,1.);
#4717 = DIRECTION('',(1.,0.));
#4718 = ( GEOMETRIC_REPRESENTATION_CONTEXT(2) 
PARAMETRIC_REPRESENTATION_CONTEXT() REPRESENTATION_CONTEXT('2D SPACE',''
  ) );
#4719 = PCURVE('',#4597,#4720);
#4720 = DEFINITIONAL_REPRESENTATION('',(#4721),#4725);
#4721 = B_SPLINE_CURVE_WITH_KNOTS('',2,(#4722,#4723,#4724),
  .UNSPECIFIED.,.F.,.F.,(3,3),(0.,1.),.PIECEWISE_BEZIER_KNOTS.);
#4722 = CARTESIAN_POINT('',(3.90625,-0.1220703125));
#4723 = CARTESIAN_POINT('',(2.8955078125,-0.1220703125));
#4724 = CARTESIAN_POINT('',(2.099609375,0.3662109375));
#4725 = ( GEOMETRIC_REPRESENTATION_CONTEXT(2) 
PARAMETRIC_REPRESENTATION_CONTEXT() REPRESENTATION_CONTEXT('2D SPACE',''
  ) );
#4726 = ORIENTED_EDGE('',*,*,#4634,.F.);
#4727 = ORIENTED_EDGE('',*,*,#1703,.F.);
#4728 = ADVANCED_FACE('',(#4729),#1689,.T.);
#4729 = FACE_BOUND('',#4730,.T.);
#4730 = EDGE_LOOP('',(#4731,#4754,#4775,#4776));
#4731 = ORIENTED_EDGE('',*,*,#4732,.T.);
#4732 = EDGE_CURVE('',#1644,#4733,#4735,.T.);
#4733 = VERTEX_POINT('',#4734);
#4734 = CARTESIAN_POINT('',(89.90234375,-2.9833984375,18.));
#4735 = SURFACE_CURVE('',#4736,(#4740,#4747),.PCURVE_S1.);
#4736 = LINE('',#4737,#4738);
#4737 = CARTESIAN_POINT('',(89.90234375,-2.9833984375,17.5));
#4738 = VECTOR('',#4739,1.);
#4739 = DIRECTION('',(0.,0.,1.));
#4740 = PCURVE('',#1689,#4741);
#4741 = DEFINITIONAL_REPRESENTATION('',(#4742),#4746);
#4742 = LINE('',#4743,#4744);
#4743 = CARTESIAN_POINT('',(0.,0.));
#4744 = VECTOR('',#4745,1.);
#4745 = DIRECTION('',(0.,-1.));
#4746 = ( GEOMETRIC_REPRESENTATION_CONTEXT(2) 
PARAMETRIC_REPRESENTATION_CONTEXT() REPRESENTATION_CONTEXT('2D SPACE',''
  ) );
#4747 = PCURVE('',#1659,#4748);
#4748 = DEFINITIONAL_REPRESENTATION('',(#4749),#4753);
#4749 = LINE('',#4750,#4751);
#4750 = CARTESIAN_POINT('',(1.,0.));
#4751 = VECTOR('',#4752,1.);
#4752 = DIRECTION('',(0.,-1.));
#4753 = ( GEOMETRIC_REPRESENTATION_CONTEXT(2) 
PARAMETRIC_REPRESENTATION_CONTEXT() REPRESENTATION_CONTEXT('2D SPACE',''
  ) );
#4754 = ORIENTED_EDGE('',*,*,#4755,.T.);
#4755 = EDGE_CURVE('',#4733,#4684,#4756,.T.);
#4756 = SURFACE_CURVE('',#4757,(#4761,#4768),.PCURVE_S1.);
#4757 = B_SPLINE_CURVE_WITH_KNOTS('',2,(#4758,#4759,#4760),
  .UNSPECIFIED.,.F.,.F.,(3,3),(0.,1.),.PIECEWISE_BEZIER_KNOTS.);
#4758 = CARTESIAN_POINT('',(89.90234375,-2.9833984375,18.));
#4759 = CARTESIAN_POINT('',(89.0966796875,-3.42529296875,18.));
#4760 = CARTESIAN_POINT('',(88.1640625,-3.42529296875,18.));
#4761 = PCURVE('',#1689,#4762);
#4762 = DEFINITIONAL_REPRESENTATION('',(#4763),#4767);
#4763 = LINE('',#4764,#4765);
#4764 = CARTESIAN_POINT('',(0.,-0.5));
#4765 = VECTOR('',#4766,1.);
#4766 = DIRECTION('',(1.,0.));
#4767 = ( GEOMETRIC_REPRESENTATION_CONTEXT(2) 
PARAMETRIC_REPRESENTATION_CONTEXT() REPRESENTATION_CONTEXT('2D SPACE',''
  ) );
#4768 = PCURVE('',#4597,#4769);
#4769 = DEFINITIONAL_REPRESENTATION('',(#4770),#4774);
#4770 = B_SPLINE_CURVE_WITH_KNOTS('',2,(#4771,#4772,#4773),
  .UNSPECIFIED.,.F.,.F.,(3,3),(0.,1.),.PIECEWISE_BEZIER_KNOTS.);
#4771 = CARTESIAN_POINT('',(5.64453125,0.31982421875));
#4772 = CARTESIAN_POINT('',(4.8388671875,-0.1220703125));
#4773 = CARTESIAN_POINT('',(3.90625,-0.1220703125));
#4774 = ( GEOMETRIC_REPRESENTATION_CONTEXT(2) 
PARAMETRIC_REPRESENTATION_CONTEXT() REPRESENTATION_CONTEXT('2D SPACE',''
  ) );
#4775 = ORIENTED_EDGE('',*,*,#4683,.F.);
#4776 = ORIENTED_EDGE('',*,*,#1673,.F.);
#4777 = ADVANCED_FACE('',(#4778),#1659,.T.);
#4778 = FACE_BOUND('',#4779,.T.);
#4779 = EDGE_LOOP('',(#4780,#4803,#4824,#4825));
#4780 = ORIENTED_EDGE('',*,*,#4781,.T.);
#4781 = EDGE_CURVE('',#1614,#4782,#4784,.T.);
#4782 = VERTEX_POINT('',#4783);
#4783 = CARTESIAN_POINT('',(91.1474609375,-1.68212890625,18.));
#4784 = SURFACE_CURVE('',#4785,(#4789,#4796),.PCURVE_S1.);
#4785 = LINE('',#4786,#4787);
#4786 = CARTESIAN_POINT('',(91.1474609375,-1.68212890625,17.5));
#4787 = VECTOR('',#4788,1.);
#4788 = DIRECTION('',(0.,0.,1.));
#4789 = PCURVE('',#1659,#4790);
#4790 = DEFINITIONAL_REPRESENTATION('',(#4791),#4795);
#4791 = LINE('',#4792,#4793);
#4792 = CARTESIAN_POINT('',(0.,0.));
#4793 = VECTOR('',#4794,1.);
#4794 = DIRECTION('',(0.,-1.));
#4795 = ( GEOMETRIC_REPRESENTATION_CONTEXT(2) 
PARAMETRIC_REPRESENTATION_CONTEXT() REPRESENTATION_CONTEXT('2D SPACE',''
  ) );
#4796 = PCURVE('',#1629,#4797);
#4797 = DEFINITIONAL_REPRESENTATION('',(#4798),#4802);
#4798 = LINE('',#4799,#4800);
#4799 = CARTESIAN_POINT('',(1.,0.));
#4800 = VECTOR('',#4801,1.);
#4801 = DIRECTION('',(0.,-1.));
#4802 = ( GEOMETRIC_REPRESENTATION_CONTEXT(2) 
PARAMETRIC_REPRESENTATION_CONTEXT() REPRESENTATION_CONTEXT('2D SPACE',''
  ) );
#4803 = ORIENTED_EDGE('',*,*,#4804,.T.);
#4804 = EDGE_CURVE('',#4782,#4733,#4805,.T.);
#4805 = SURFACE_CURVE('',#4806,(#4810,#4817),.PCURVE_S1.);
#4806 = B_SPLINE_CURVE_WITH_KNOTS('',2,(#4807,#4808,#4809),
  .UNSPECIFIED.,.F.,.F.,(3,3),(0.,1.),.PIECEWISE_BEZIER_KNOTS.);
#4807 = CARTESIAN_POINT('',(91.1474609375,-1.68212890625,18.));
#4808 = CARTESIAN_POINT('',(90.7080078125,-2.54150390625,18.));
#4809 = CARTESIAN_POINT('',(89.90234375,-2.9833984375,18.));
#4810 = PCURVE('',#1659,#4811);
#4811 = DEFINITIONAL_REPRESENTATION('',(#4812),#4816);
#4812 = LINE('',#4813,#4814);
#4813 = CARTESIAN_POINT('',(0.,-0.5));
#4814 = VECTOR('',#4815,1.);
#4815 = DIRECTION('',(1.,0.));
#4816 = ( GEOMETRIC_REPRESENTATION_CONTEXT(2) 
PARAMETRIC_REPRESENTATION_CONTEXT() REPRESENTATION_CONTEXT('2D SPACE',''
  ) );
#4817 = PCURVE('',#4597,#4818);
#4818 = DEFINITIONAL_REPRESENTATION('',(#4819),#4823);
#4819 = B_SPLINE_CURVE_WITH_KNOTS('',2,(#4820,#4821,#4822),
  .UNSPECIFIED.,.F.,.F.,(3,3),(0.,1.),.PIECEWISE_BEZIER_KNOTS.);
#4820 = CARTESIAN_POINT('',(6.8896484375,1.62109375));
#4821 = CARTESIAN_POINT('',(6.4501953125,0.76171875));
#4822 = CARTESIAN_POINT('',(5.64453125,0.31982421875));
#4823 = ( GEOMETRIC_REPRESENTATION_CONTEXT(2) 
PARAMETRIC_REPRESENTATION_CONTEXT() REPRESENTATION_CONTEXT('2D SPACE',''
  ) );
#4824 = ORIENTED_EDGE('',*,*,#4732,.F.);
#4825 = ORIENTED_EDGE('',*,*,#1643,.F.);
#4826 = ADVANCED_FACE('',(#4827),#1629,.T.);
#4827 = FACE_BOUND('',#4828,.T.);
#4828 = EDGE_LOOP('',(#4829,#4852,#4873,#4874));
#4829 = ORIENTED_EDGE('',*,*,#4830,.T.);
#4830 = EDGE_CURVE('',#1584,#4831,#4833,.T.);
#4831 = VERTEX_POINT('',#4832);
#4832 = CARTESIAN_POINT('',(91.5869140625,0.26611328125,18.));
#4833 = SURFACE_CURVE('',#4834,(#4838,#4845),.PCURVE_S1.);
#4834 = LINE('',#4835,#4836);
#4835 = CARTESIAN_POINT('',(91.5869140625,0.26611328125,17.5));
#4836 = VECTOR('',#4837,1.);
#4837 = DIRECTION('',(0.,0.,1.));
#4838 = PCURVE('',#1629,#4839);
#4839 = DEFINITIONAL_REPRESENTATION('',(#4840),#4844);
#4840 = LINE('',#4841,#4842);
#4841 = CARTESIAN_POINT('',(0.,0.));
#4842 = VECTOR('',#4843,1.);
#4843 = DIRECTION('',(0.,-1.));
#4844 = ( GEOMETRIC_REPRESENTATION_CONTEXT(2) 
PARAMETRIC_REPRESENTATION_CONTEXT() REPRESENTATION_CONTEXT('2D SPACE',''
  ) );
#4845 = PCURVE('',#1599,#4846);
#4846 = DEFINITIONAL_REPRESENTATION('',(#4847),#4851);
#4847 = LINE('',#4848,#4849);
#4848 = CARTESIAN_POINT('',(1.,0.));
#4849 = VECTOR('',#4850,1.);
#4850 = DIRECTION('',(0.,-1.));
#4851 = ( GEOMETRIC_REPRESENTATION_CONTEXT(2) 
PARAMETRIC_REPRESENTATION_CONTEXT() REPRESENTATION_CONTEXT('2D SPACE',''
  ) );
#4852 = ORIENTED_EDGE('',*,*,#4853,.T.);
#4853 = EDGE_CURVE('',#4831,#4782,#4854,.T.);
#4854 = SURFACE_CURVE('',#4855,(#4859,#4866),.PCURVE_S1.);
#4855 = B_SPLINE_CURVE_WITH_KNOTS('',2,(#4856,#4857,#4858),
  .UNSPECIFIED.,.F.,.F.,(3,3),(0.,1.),.PIECEWISE_BEZIER_KNOTS.);
#4856 = CARTESIAN_POINT('',(91.5869140625,0.26611328125,18.));
#4857 = CARTESIAN_POINT('',(91.5869140625,-0.82275390625,18.));
#4858 = CARTESIAN_POINT('',(91.1474609375,-1.68212890625,18.));
#4859 = PCURVE('',#1629,#4860);
#4860 = DEFINITIONAL_REPRESENTATION('',(#4861),#4865);
#4861 = LINE('',#4862,#4863);
#4862 = CARTESIAN_POINT('',(0.,-0.5));
#4863 = VECTOR('',#4864,1.);
#4864 = DIRECTION('',(1.,0.));
#4865 = ( GEOMETRIC_REPRESENTATION_CONTEXT(2) 
PARAMETRIC_REPRESENTATION_CONTEXT() REPRESENTATION_CONTEXT('2D SPACE',''
  ) );
#4866 = PCURVE('',#4597,#4867);
#4867 = DEFINITIONAL_REPRESENTATION('',(#4868),#4872);
#4868 = B_SPLINE_CURVE_WITH_KNOTS('',2,(#4869,#4870,#4871),
  .UNSPECIFIED.,.F.,.F.,(3,3),(0.,1.),.PIECEWISE_BEZIER_KNOTS.);
#4869 = CARTESIAN_POINT('',(7.3291015625,3.5693359375));
#4870 = CARTESIAN_POINT('',(7.3291015625,2.48046875));
#4871 = CARTESIAN_POINT('',(6.8896484375,1.62109375));
#4872 = ( GEOMETRIC_REPRESENTATION_CONTEXT(2) 
PARAMETRIC_REPRESENTATION_CONTEXT() REPRESENTATION_CONTEXT('2D SPACE',''
  ) );
#4873 = ORIENTED_EDGE('',*,*,#4781,.F.);
#4874 = ORIENTED_EDGE('',*,*,#1613,.F.);
#4875 = ADVANCED_FACE('',(#4876),#1599,.T.);
#4876 = FACE_BOUND('',#4877,.T.);
#4877 = EDGE_LOOP('',(#4878,#4901,#4922,#4923));
#4878 = ORIENTED_EDGE('',*,*,#4879,.T.);
#4879 = EDGE_CURVE('',#1554,#4880,#4882,.T.);
#4880 = VERTEX_POINT('',#4881);
#4881 = CARTESIAN_POINT('',(91.16943359375,2.1875,18.));
#4882 = SURFACE_CURVE('',#4883,(#4887,#4894),.PCURVE_S1.);
#4883 = LINE('',#4884,#4885);
#4884 = CARTESIAN_POINT('',(91.16943359375,2.1875,17.5));
#4885 = VECTOR('',#4886,1.);
#4886 = DIRECTION('',(0.,0.,1.));
#4887 = PCURVE('',#1599,#4888);
#4888 = DEFINITIONAL_REPRESENTATION('',(#4889),#4893);
#4889 = LINE('',#4890,#4891);
#4890 = CARTESIAN_POINT('',(0.,0.));
#4891 = VECTOR('',#4892,1.);
#4892 = DIRECTION('',(0.,-1.));
#4893 = ( GEOMETRIC_REPRESENTATION_CONTEXT(2) 
PARAMETRIC_REPRESENTATION_CONTEXT() REPRESENTATION_CONTEXT('2D SPACE',''
  ) );
#4894 = PCURVE('',#1569,#4895);
#4895 = DEFINITIONAL_REPRESENTATION('',(#4896),#4900);
#4896 = LINE('',#4897,#4898);
#4897 = CARTESIAN_POINT('',(1.,0.));
#4898 = VECTOR('',#4899,1.);
#4899 = DIRECTION('',(0.,-1.));
#4900 = ( GEOMETRIC_REPRESENTATION_CONTEXT(2) 
PARAMETRIC_REPRESENTATION_CONTEXT() REPRESENTATION_CONTEXT('2D SPACE',''
  ) );
#4901 = ORIENTED_EDGE('',*,*,#4902,.T.);
#4902 = EDGE_CURVE('',#4880,#4831,#4903,.T.);
#4903 = SURFACE_CURVE('',#4904,(#4908,#4915),.PCURVE_S1.);
#4904 = B_SPLINE_CURVE_WITH_KNOTS('',2,(#4905,#4906,#4907),
  .UNSPECIFIED.,.F.,.F.,(3,3),(0.,1.),.PIECEWISE_BEZIER_KNOTS.);
#4905 = CARTESIAN_POINT('',(91.16943359375,2.1875,18.));
#4906 = CARTESIAN_POINT('',(91.5869140625,1.34033203125,18.));
#4907 = CARTESIAN_POINT('',(91.5869140625,0.26611328125,18.));
#4908 = PCURVE('',#1599,#4909);
#4909 = DEFINITIONAL_REPRESENTATION('',(#4910),#4914);
#4910 = LINE('',#4911,#4912);
#4911 = CARTESIAN_POINT('',(0.,-0.5));
#4912 = VECTOR('',#4913,1.);
#4913 = DIRECTION('',(1.,0.));
#4914 = ( GEOMETRIC_REPRESENTATION_CONTEXT(2) 
PARAMETRIC_REPRESENTATION_CONTEXT() REPRESENTATION_CONTEXT('2D SPACE',''
  ) );
#4915 = PCURVE('',#4597,#4916);
#4916 = DEFINITIONAL_REPRESENTATION('',(#4917),#4921);
#4917 = B_SPLINE_CURVE_WITH_KNOTS('',2,(#4918,#4919,#4920),
  .UNSPECIFIED.,.F.,.F.,(3,3),(0.,1.),.PIECEWISE_BEZIER_KNOTS.);
#4918 = CARTESIAN_POINT('',(6.91162109375,5.49072265625));
#4919 = CARTESIAN_POINT('',(7.3291015625,4.6435546875));
#4920 = CARTESIAN_POINT('',(7.3291015625,3.5693359375));
#4921 = ( GEOMETRIC_REPRESENTATION_CONTEXT(2) 
PARAMETRIC_REPRESENTATION_CONTEXT() REPRESENTATION_CONTEXT('2D SPACE',''
  ) );
#4922 = ORIENTED_EDGE('',*,*,#4830,.F.);
#4923 = ORIENTED_EDGE('',*,*,#1583,.F.);
#4924 = ADVANCED_FACE('',(#4925),#1569,.T.);
#4925 = FACE_BOUND('',#4926,.T.);
#4926 = EDGE_LOOP('',(#4927,#4950,#4971,#4972));
#4927 = ORIENTED_EDGE('',*,*,#4928,.T.);
#4928 = EDGE_CURVE('',#1524,#4929,#4931,.T.);
#4929 = VERTEX_POINT('',#4930);
#4930 = CARTESIAN_POINT('',(89.9560546875,3.50830078125,18.));
#4931 = SURFACE_CURVE('',#4932,(#4936,#4943),.PCURVE_S1.);
#4932 = LINE('',#4933,#4934);
#4933 = CARTESIAN_POINT('',(89.9560546875,3.50830078125,17.5));
#4934 = VECTOR('',#4935,1.);
#4935 = DIRECTION('',(0.,0.,1.));
#4936 = PCURVE('',#1569,#4937);
#4937 = DEFINITIONAL_REPRESENTATION('',(#4938),#4942);
#4938 = LINE('',#4939,#4940);
#4939 = CARTESIAN_POINT('',(0.,0.));
#4940 = VECTOR('',#4941,1.);
#4941 = DIRECTION('',(0.,-1.));
#4942 = ( GEOMETRIC_REPRESENTATION_CONTEXT(2) 
PARAMETRIC_REPRESENTATION_CONTEXT() REPRESENTATION_CONTEXT('2D SPACE',''
  ) );
#4943 = PCURVE('',#1539,#4944);
#4944 = DEFINITIONAL_REPRESENTATION('',(#4945),#4949);
#4945 = LINE('',#4946,#4947);
#4946 = CARTESIAN_POINT('',(1.,0.));
#4947 = VECTOR('',#4948,1.);
#4948 = DIRECTION('',(0.,-1.));
#4949 = ( GEOMETRIC_REPRESENTATION_CONTEXT(2) 
PARAMETRIC_REPRESENTATION_CONTEXT() REPRESENTATION_CONTEXT('2D SPACE',''
  ) );
#4950 = ORIENTED_EDGE('',*,*,#4951,.T.);
#4951 = EDGE_CURVE('',#4929,#4880,#4952,.T.);
#4952 = SURFACE_CURVE('',#4953,(#4957,#4964),.PCURVE_S1.);
#4953 = B_SPLINE_CURVE_WITH_KNOTS('',2,(#4954,#4955,#4956),
  .UNSPECIFIED.,.F.,.F.,(3,3),(0.,1.),.PIECEWISE_BEZIER_KNOTS.);
#4954 = CARTESIAN_POINT('',(89.9560546875,3.50830078125,18.));
#4955 = CARTESIAN_POINT('',(90.751953125,3.03466796875,18.));
#4956 = CARTESIAN_POINT('',(91.16943359375,2.1875,18.));
#4957 = PCURVE('',#1569,#4958);
#4958 = DEFINITIONAL_REPRESENTATION('',(#4959),#4963);
#4959 = LINE('',#4960,#4961);
#4960 = CARTESIAN_POINT('',(0.,-0.5));
#4961 = VECTOR('',#4962,1.);
#4962 = DIRECTION('',(1.,0.));
#4963 = ( GEOMETRIC_REPRESENTATION_CONTEXT(2) 
PARAMETRIC_REPRESENTATION_CONTEXT() REPRESENTATION_CONTEXT('2D SPACE',''
  ) );
#4964 = PCURVE('',#4597,#4965);
#4965 = DEFINITIONAL_REPRESENTATION('',(#4966),#4970);
#4966 = B_SPLINE_CURVE_WITH_KNOTS('',2,(#4967,#4968,#4969),
  .UNSPECIFIED.,.F.,.F.,(3,3),(0.,1.),.PIECEWISE_BEZIER_KNOTS.);
#4967 = CARTESIAN_POINT('',(5.6982421875,6.8115234375));
#4968 = CARTESIAN_POINT('',(6.494140625,6.337890625));
#4969 = CARTESIAN_POINT('',(6.91162109375,5.49072265625));
#4970 = ( GEOMETRIC_REPRESENTATION_CONTEXT(2) 
PARAMETRIC_REPRESENTATION_CONTEXT() REPRESENTATION_CONTEXT('2D SPACE',''
  ) );
#4971 = ORIENTED_EDGE('',*,*,#4879,.F.);
#4972 = ORIENTED_EDGE('',*,*,#1553,.F.);
#4973 = ADVANCED_FACE('',(#4974),#1539,.T.);
#4974 = FACE_BOUND('',#4975,.T.);
#4975 = EDGE_LOOP('',(#4976,#4999,#5020,#5021));
#4976 = ORIENTED_EDGE('',*,*,#4977,.T.);
#4977 = EDGE_CURVE('',#1494,#4978,#4980,.T.);
#4978 = VERTEX_POINT('',#4979);
#4979 = CARTESIAN_POINT('',(88.1689453125,3.98193359375,18.));
#4980 = SURFACE_CURVE('',#4981,(#4985,#4992),.PCURVE_S1.);
#4981 = LINE('',#4982,#4983);
#4982 = CARTESIAN_POINT('',(88.1689453125,3.98193359375,17.5));
#4983 = VECTOR('',#4984,1.);
#4984 = DIRECTION('',(0.,0.,1.));
#4985 = PCURVE('',#1539,#4986);
#4986 = DEFINITIONAL_REPRESENTATION('',(#4987),#4991);
#4987 = LINE('',#4988,#4989);
#4988 = CARTESIAN_POINT('',(0.,0.));
#4989 = VECTOR('',#4990,1.);
#4990 = DIRECTION('',(0.,-1.));
#4991 = ( GEOMETRIC_REPRESENTATION_CONTEXT(2) 
PARAMETRIC_REPRESENTATION_CONTEXT() REPRESENTATION_CONTEXT('2D SPACE',''
  ) );
#4992 = PCURVE('',#1509,#4993);
#4993 = DEFINITIONAL_REPRESENTATION('',(#4994),#4998);
#4994 = LINE('',#4995,#4996);
#4995 = CARTESIAN_POINT('',(1.,0.));
#4996 = VECTOR('',#4997,1.);
#4997 = DIRECTION('',(0.,-1.));
#4998 = ( GEOMETRIC_REPRESENTATION_CONTEXT(2) 
PARAMETRIC_REPRESENTATION_CONTEXT() REPRESENTATION_CONTEXT('2D SPACE',''
  ) );
#4999 = ORIENTED_EDGE('',*,*,#5000,.T.);
#5000 = EDGE_CURVE('',#4978,#4929,#5001,.T.);
#5001 = SURFACE_CURVE('',#5002,(#5006,#5013),.PCURVE_S1.);
#5002 = B_SPLINE_CURVE_WITH_KNOTS('',2,(#5003,#5004,#5005),
  .UNSPECIFIED.,.F.,.F.,(3,3),(0.,1.),.PIECEWISE_BEZIER_KNOTS.);
#5003 = CARTESIAN_POINT('',(88.1689453125,3.98193359375,18.));
#5004 = CARTESIAN_POINT('',(89.16015625,3.98193359375,18.));
#5005 = CARTESIAN_POINT('',(89.9560546875,3.50830078125,18.));
#5006 = PCURVE('',#1539,#5007);
#5007 = DEFINITIONAL_REPRESENTATION('',(#5008),#5012);
#5008 = LINE('',#5009,#5010);
#5009 = CARTESIAN_POINT('',(0.,-0.5));
#5010 = VECTOR('',#5011,1.);
#5011 = DIRECTION('',(1.,0.));
#5012 = ( GEOMETRIC_REPRESENTATION_CONTEXT(2) 
PARAMETRIC_REPRESENTATION_CONTEXT() REPRESENTATION_CONTEXT('2D SPACE',''
  ) );
#5013 = PCURVE('',#4597,#5014);
#5014 = DEFINITIONAL_REPRESENTATION('',(#5015),#5019);
#5015 = B_SPLINE_CURVE_WITH_KNOTS('',2,(#5016,#5017,#5018),
  .UNSPECIFIED.,.F.,.F.,(3,3),(0.,1.),.PIECEWISE_BEZIER_KNOTS.);
#5016 = CARTESIAN_POINT('',(3.9111328125,7.28515625));
#5017 = CARTESIAN_POINT('',(4.90234375,7.28515625));
#5018 = CARTESIAN_POINT('',(5.6982421875,6.8115234375));
#5019 = ( GEOMETRIC_REPRESENTATION_CONTEXT(2) 
PARAMETRIC_REPRESENTATION_CONTEXT() REPRESENTATION_CONTEXT('2D SPACE',''
  ) );
#5020 = ORIENTED_EDGE('',*,*,#4928,.F.);
#5021 = ORIENTED_EDGE('',*,*,#1523,.F.);
#5022 = ADVANCED_FACE('',(#5023),#1509,.T.);
#5023 = FACE_BOUND('',#5024,.T.);
#5024 = EDGE_LOOP('',(#5025,#5048,#5069,#5070));
#5025 = ORIENTED_EDGE('',*,*,#5026,.T.);
#5026 = EDGE_CURVE('',#1464,#5027,#5029,.T.);
#5027 = VERTEX_POINT('',#5028);
#5028 = CARTESIAN_POINT('',(85.6982421875,2.9736328125,18.));
#5029 = SURFACE_CURVE('',#5030,(#5034,#5041),.PCURVE_S1.);
#5030 = LINE('',#5031,#5032);
#5031 = CARTESIAN_POINT('',(85.6982421875,2.9736328125,17.5));
#5032 = VECTOR('',#5033,1.);
#5033 = DIRECTION('',(0.,0.,1.));
#5034 = PCURVE('',#1509,#5035);
#5035 = DEFINITIONAL_REPRESENTATION('',(#5036),#5040);
#5036 = LINE('',#5037,#5038);
#5037 = CARTESIAN_POINT('',(0.,0.));
#5038 = VECTOR('',#5039,1.);
#5039 = DIRECTION('',(0.,-1.));
#5040 = ( GEOMETRIC_REPRESENTATION_CONTEXT(2) 
PARAMETRIC_REPRESENTATION_CONTEXT() REPRESENTATION_CONTEXT('2D SPACE',''
  ) );
#5041 = PCURVE('',#1479,#5042);
#5042 = DEFINITIONAL_REPRESENTATION('',(#5043),#5047);
#5043 = LINE('',#5044,#5045);
#5044 = CARTESIAN_POINT('',(1.,0.));
#5045 = VECTOR('',#5046,1.);
#5046 = DIRECTION('',(0.,-1.));
#5047 = ( GEOMETRIC_REPRESENTATION_CONTEXT(2) 
PARAMETRIC_REPRESENTATION_CONTEXT() REPRESENTATION_CONTEXT('2D SPACE',''
  ) );
#5048 = ORIENTED_EDGE('',*,*,#5049,.T.);
#5049 = EDGE_CURVE('',#5027,#4978,#5050,.T.);
#5050 = SURFACE_CURVE('',#5051,(#5055,#5062),.PCURVE_S1.);
#5051 = B_SPLINE_CURVE_WITH_KNOTS('',2,(#5052,#5053,#5054),
  .UNSPECIFIED.,.F.,.F.,(3,3),(0.,1.),.PIECEWISE_BEZIER_KNOTS.);
#5052 = CARTESIAN_POINT('',(85.6982421875,2.9736328125,18.));
#5053 = CARTESIAN_POINT('',(86.6552734375,3.98193359375,18.));
#5054 = CARTESIAN_POINT('',(88.1689453125,3.98193359375,18.));
#5055 = PCURVE('',#1509,#5056);
#5056 = DEFINITIONAL_REPRESENTATION('',(#5057),#5061);
#5057 = LINE('',#5058,#5059);
#5058 = CARTESIAN_POINT('',(0.,-0.5));
#5059 = VECTOR('',#5060,1.);
#5060 = DIRECTION('',(1.,0.));
#5061 = ( GEOMETRIC_REPRESENTATION_CONTEXT(2) 
PARAMETRIC_REPRESENTATION_CONTEXT() REPRESENTATION_CONTEXT('2D SPACE',''
  ) );
#5062 = PCURVE('',#4597,#5063);
#5063 = DEFINITIONAL_REPRESENTATION('',(#5064),#5068);
#5064 = B_SPLINE_CURVE_WITH_KNOTS('',2,(#5065,#5066,#5067),
  .UNSPECIFIED.,.F.,.F.,(3,3),(0.,1.),.PIECEWISE_BEZIER_KNOTS.);
#5065 = CARTESIAN_POINT('',(1.4404296875,6.27685546875));
#5066 = CARTESIAN_POINT('',(2.3974609375,7.28515625));
#5067 = CARTESIAN_POINT('',(3.9111328125,7.28515625));
#5068 = ( GEOMETRIC_REPRESENTATION_CONTEXT(2) 
PARAMETRIC_REPRESENTATION_CONTEXT() REPRESENTATION_CONTEXT('2D SPACE',''
  ) );
#5069 = ORIENTED_EDGE('',*,*,#4977,.F.);
#5070 = ORIENTED_EDGE('',*,*,#1493,.F.);
#5071 = ADVANCED_FACE('',(#5072),#1479,.T.);
#5072 = FACE_BOUND('',#5073,.T.);
#5073 = EDGE_LOOP('',(#5074,#5075,#5096,#5097));
#5074 = ORIENTED_EDGE('',*,*,#4609,.T.);
#5075 = ORIENTED_EDGE('',*,*,#5076,.T.);
#5076 = EDGE_CURVE('',#4582,#5027,#5077,.T.);
#5077 = SURFACE_CURVE('',#5078,(#5082,#5089),.PCURVE_S1.);
#5078 = B_SPLINE_CURVE_WITH_KNOTS('',2,(#5079,#5080,#5081),
  .UNSPECIFIED.,.F.,.F.,(3,3),(0.,1.),.PIECEWISE_BEZIER_KNOTS.);
#5079 = CARTESIAN_POINT('',(84.7412109375,0.18310546875,18.));
#5080 = CARTESIAN_POINT('',(84.7412109375,1.96533203125,18.));
#5081 = CARTESIAN_POINT('',(85.6982421875,2.9736328125,18.));
#5082 = PCURVE('',#1479,#5083);
#5083 = DEFINITIONAL_REPRESENTATION('',(#5084),#5088);
#5084 = LINE('',#5085,#5086);
#5085 = CARTESIAN_POINT('',(0.,-0.5));
#5086 = VECTOR('',#5087,1.);
#5087 = DIRECTION('',(1.,0.));
#5088 = ( GEOMETRIC_REPRESENTATION_CONTEXT(2) 
PARAMETRIC_REPRESENTATION_CONTEXT() REPRESENTATION_CONTEXT('2D SPACE',''
  ) );
#5089 = PCURVE('',#4597,#5090);
#5090 = DEFINITIONAL_REPRESENTATION('',(#5091),#5095);
#5091 = B_SPLINE_CURVE_WITH_KNOTS('',2,(#5092,#5093,#5094),
  .UNSPECIFIED.,.F.,.F.,(3,3),(0.,1.),.PIECEWISE_BEZIER_KNOTS.);
#5092 = CARTESIAN_POINT('',(0.4833984375,3.486328125));
#5093 = CARTESIAN_POINT('',(0.4833984375,5.2685546875));
#5094 = CARTESIAN_POINT('',(1.4404296875,6.27685546875));
#5095 = ( GEOMETRIC_REPRESENTATION_CONTEXT(2) 
PARAMETRIC_REPRESENTATION_CONTEXT() REPRESENTATION_CONTEXT('2D SPACE',''
  ) );
#5096 = ORIENTED_EDGE('',*,*,#5026,.F.);
#5097 = ORIENTED_EDGE('',*,*,#1463,.F.);
#5098 = ADVANCED_FACE('',(#5099),#1781,.T.);
#5099 = FACE_BOUND('',#5100,.T.);
#5100 = EDGE_LOOP('',(#5101,#5124,#5152,#5173));
#5101 = ORIENTED_EDGE('',*,*,#5102,.T.);
#5102 = EDGE_CURVE('',#1764,#5103,#5105,.T.);
#5103 = VERTEX_POINT('',#5104);
#5104 = CARTESIAN_POINT('',(95.576171875,3.01025390625,18.));
#5105 = SURFACE_CURVE('',#5106,(#5110,#5117),.PCURVE_S1.);
#5106 = LINE('',#5107,#5108);
#5107 = CARTESIAN_POINT('',(95.576171875,3.01025390625,17.5));
#5108 = VECTOR('',#5109,1.);
#5109 = DIRECTION('',(0.,0.,1.));
#5110 = PCURVE('',#1781,#5111);
#5111 = DEFINITIONAL_REPRESENTATION('',(#5112),#5116);
#5112 = LINE('',#5113,#5114);
#5113 = CARTESIAN_POINT('',(0.,0.));
#5114 = VECTOR('',#5115,1.);
#5115 = DIRECTION('',(0.,-1.));
#5116 = ( GEOMETRIC_REPRESENTATION_CONTEXT(2) 
PARAMETRIC_REPRESENTATION_CONTEXT() REPRESENTATION_CONTEXT('2D SPACE',''
  ) );
#5117 = PCURVE('',#1975,#5118);
#5118 = DEFINITIONAL_REPRESENTATION('',(#5119),#5123);
#5119 = LINE('',#5120,#5121);
#5120 = CARTESIAN_POINT('',(2.3681640625,0.));
#5121 = VECTOR('',#5122,1.);
#5122 = DIRECTION('',(0.,-1.));
#5123 = ( GEOMETRIC_REPRESENTATION_CONTEXT(2) 
PARAMETRIC_REPRESENTATION_CONTEXT() REPRESENTATION_CONTEXT('2D SPACE',''
  ) );
#5124 = ORIENTED_EDGE('',*,*,#5125,.T.);
#5125 = EDGE_CURVE('',#5103,#5126,#5128,.T.);
#5126 = VERTEX_POINT('',#5127);
#5127 = CARTESIAN_POINT('',(95.576171875,-3.30322265625,18.));
#5128 = SURFACE_CURVE('',#5129,(#5133,#5140),.PCURVE_S1.);
#5129 = LINE('',#5130,#5131);
#5130 = CARTESIAN_POINT('',(95.576171875,3.01025390625,18.));
#5131 = VECTOR('',#5132,1.);
#5132 = DIRECTION('',(0.,-1.,0.));
#5133 = PCURVE('',#1781,#5134);
#5134 = DEFINITIONAL_REPRESENTATION('',(#5135),#5139);
#5135 = LINE('',#5136,#5137);
#5136 = CARTESIAN_POINT('',(0.,-0.5));
#5137 = VECTOR('',#5138,1.);
#5138 = DIRECTION('',(1.,0.));
#5139 = ( GEOMETRIC_REPRESENTATION_CONTEXT(2) 
PARAMETRIC_REPRESENTATION_CONTEXT() REPRESENTATION_CONTEXT('2D SPACE',''
  ) );
#5140 = PCURVE('',#5141,#5146);
#5141 = PLANE('',#5142);
#5142 = AXIS2_PLACEMENT_3D('',#5143,#5144,#5145);
#5143 = CARTESIAN_POINT('',(92.0361328125,-3.30322265625,18.));
#5144 = DIRECTION('',(0.,0.,1.));
#5145 = DIRECTION('',(1.,0.,0.));
#5146 = DEFINITIONAL_REPRESENTATION('',(#5147),#5151);
#5147 = LINE('',#5148,#5149);
#5148 = CARTESIAN_POINT('',(3.5400390625,6.3134765625));
#5149 = VECTOR('',#5150,1.);
#5150 = DIRECTION('',(0.,-1.));
#5151 = ( GEOMETRIC_REPRESENTATION_CONTEXT(2) 
PARAMETRIC_REPRESENTATION_CONTEXT() REPRESENTATION_CONTEXT('2D SPACE',''
  ) );
#5152 = ORIENTED_EDGE('',*,*,#5153,.F.);
#5153 = EDGE_CURVE('',#1766,#5126,#5154,.T.);
#5154 = SURFACE_CURVE('',#5155,(#5159,#5166),.PCURVE_S1.);
#5155 = LINE('',#5156,#5157);
#5156 = CARTESIAN_POINT('',(95.576171875,-3.30322265625,17.5));
#5157 = VECTOR('',#5158,1.);
#5158 = DIRECTION('',(0.,0.,1.));
#5159 = PCURVE('',#1781,#5160);
#5160 = DEFINITIONAL_REPRESENTATION('',(#5161),#5165);
#5161 = LINE('',#5162,#5163);
#5162 = CARTESIAN_POINT('',(6.3134765625,0.));
#5163 = VECTOR('',#5164,1.);
#5164 = DIRECTION('',(0.,-1.));
#5165 = ( GEOMETRIC_REPRESENTATION_CONTEXT(2) 
PARAMETRIC_REPRESENTATION_CONTEXT() REPRESENTATION_CONTEXT('2D SPACE',''
  ) );
#5166 = PCURVE('',#1809,#5167);
#5167 = DEFINITIONAL_REPRESENTATION('',(#5168),#5172);
#5168 = LINE('',#5169,#5170);
#5169 = CARTESIAN_POINT('',(0.,-0.));
#5170 = VECTOR('',#5171,1.);
#5171 = DIRECTION('',(0.,-1.));
#5172 = ( GEOMETRIC_REPRESENTATION_CONTEXT(2) 
PARAMETRIC_REPRESENTATION_CONTEXT() REPRESENTATION_CONTEXT('2D SPACE',''
  ) );
#5173 = ORIENTED_EDGE('',*,*,#1763,.F.);
#5174 = ADVANCED_FACE('',(#5175),#1975,.T.);
#5175 = FACE_BOUND('',#5176,.T.);
#5176 = EDGE_LOOP('',(#5177,#5200,#5221,#5222));
#5177 = ORIENTED_EDGE('',*,*,#5178,.T.);
#5178 = EDGE_CURVE('',#1934,#5179,#5181,.T.);
#5179 = VERTEX_POINT('',#5180);
#5180 = CARTESIAN_POINT('',(97.9443359375,3.01025390625,18.));
#5181 = SURFACE_CURVE('',#5182,(#5186,#5193),.PCURVE_S1.);
#5182 = LINE('',#5183,#5184);
#5183 = CARTESIAN_POINT('',(97.9443359375,3.01025390625,17.5));
#5184 = VECTOR('',#5185,1.);
#5185 = DIRECTION('',(0.,0.,1.));
#5186 = PCURVE('',#1975,#5187);
#5187 = DEFINITIONAL_REPRESENTATION('',(#5188),#5192);
#5188 = LINE('',#5189,#5190);
#5189 = CARTESIAN_POINT('',(0.,-0.));
#5190 = VECTOR('',#5191,1.);
#5191 = DIRECTION('',(0.,-1.));
#5192 = ( GEOMETRIC_REPRESENTATION_CONTEXT(2) 
PARAMETRIC_REPRESENTATION_CONTEXT() REPRESENTATION_CONTEXT('2D SPACE',''
  ) );
#5193 = PCURVE('',#1949,#5194);
#5194 = DEFINITIONAL_REPRESENTATION('',(#5195),#5199);
#5195 = LINE('',#5196,#5197);
#5196 = CARTESIAN_POINT('',(0.8447265625,0.));
#5197 = VECTOR('',#5198,1.);
#5198 = DIRECTION('',(0.,-1.));
#5199 = ( GEOMETRIC_REPRESENTATION_CONTEXT(2) 
PARAMETRIC_REPRESENTATION_CONTEXT() REPRESENTATION_CONTEXT('2D SPACE',''
  ) );
#5200 = ORIENTED_EDGE('',*,*,#5201,.T.);
#5201 = EDGE_CURVE('',#5179,#5103,#5202,.T.);
#5202 = SURFACE_CURVE('',#5203,(#5207,#5214),.PCURVE_S1.);
#5203 = LINE('',#5204,#5205);
#5204 = CARTESIAN_POINT('',(97.9443359375,3.01025390625,18.));
#5205 = VECTOR('',#5206,1.);
#5206 = DIRECTION('',(-1.,0.,0.));
#5207 = PCURVE('',#1975,#5208);
#5208 = DEFINITIONAL_REPRESENTATION('',(#5209),#5213);
#5209 = LINE('',#5210,#5211);
#5210 = CARTESIAN_POINT('',(0.,-0.5));
#5211 = VECTOR('',#5212,1.);
#5212 = DIRECTION('',(1.,0.));
#5213 = ( GEOMETRIC_REPRESENTATION_CONTEXT(2) 
PARAMETRIC_REPRESENTATION_CONTEXT() REPRESENTATION_CONTEXT('2D SPACE',''
  ) );
#5214 = PCURVE('',#5141,#5215);
#5215 = DEFINITIONAL_REPRESENTATION('',(#5216),#5220);
#5216 = LINE('',#5217,#5218);
#5217 = CARTESIAN_POINT('',(5.908203125,6.3134765625));
#5218 = VECTOR('',#5219,1.);
#5219 = DIRECTION('',(-1.,0.));
#5220 = ( GEOMETRIC_REPRESENTATION_CONTEXT(2) 
PARAMETRIC_REPRESENTATION_CONTEXT() REPRESENTATION_CONTEXT('2D SPACE',''
  ) );
#5221 = ORIENTED_EDGE('',*,*,#5102,.F.);
#5222 = ORIENTED_EDGE('',*,*,#1961,.F.);
#5223 = ADVANCED_FACE('',(#5224),#1949,.T.);
#5224 = FACE_BOUND('',#5225,.T.);
#5225 = EDGE_LOOP('',(#5226,#5249,#5270,#5271));
#5226 = ORIENTED_EDGE('',*,*,#5227,.T.);
#5227 = EDGE_CURVE('',#1906,#5228,#5230,.T.);
#5228 = VERTEX_POINT('',#5229);
#5229 = CARTESIAN_POINT('',(97.9443359375,3.85498046875,18.));
#5230 = SURFACE_CURVE('',#5231,(#5235,#5242),.PCURVE_S1.);
#5231 = LINE('',#5232,#5233);
#5232 = CARTESIAN_POINT('',(97.9443359375,3.85498046875,17.5));
#5233 = VECTOR('',#5234,1.);
#5234 = DIRECTION('',(0.,0.,1.));
#5235 = PCURVE('',#1949,#5236);
#5236 = DEFINITIONAL_REPRESENTATION('',(#5237),#5241);
#5237 = LINE('',#5238,#5239);
#5238 = CARTESIAN_POINT('',(0.,0.));
#5239 = VECTOR('',#5240,1.);
#5240 = DIRECTION('',(0.,-1.));
#5241 = ( GEOMETRIC_REPRESENTATION_CONTEXT(2) 
PARAMETRIC_REPRESENTATION_CONTEXT() REPRESENTATION_CONTEXT('2D SPACE',''
  ) );
#5242 = PCURVE('',#1921,#5243);
#5243 = DEFINITIONAL_REPRESENTATION('',(#5244),#5248);
#5244 = LINE('',#5245,#5246);
#5245 = CARTESIAN_POINT('',(5.673828125,0.));
#5246 = VECTOR('',#5247,1.);
#5247 = DIRECTION('',(0.,-1.));
#5248 = ( GEOMETRIC_REPRESENTATION_CONTEXT(2) 
PARAMETRIC_REPRESENTATION_CONTEXT() REPRESENTATION_CONTEXT('2D SPACE',''
  ) );
#5249 = ORIENTED_EDGE('',*,*,#5250,.T.);
#5250 = EDGE_CURVE('',#5228,#5179,#5251,.T.);
#5251 = SURFACE_CURVE('',#5252,(#5256,#5263),.PCURVE_S1.);
#5252 = LINE('',#5253,#5254);
#5253 = CARTESIAN_POINT('',(97.9443359375,3.85498046875,18.));
#5254 = VECTOR('',#5255,1.);
#5255 = DIRECTION('',(0.,-1.,0.));
#5256 = PCURVE('',#1949,#5257);
#5257 = DEFINITIONAL_REPRESENTATION('',(#5258),#5262);
#5258 = LINE('',#5259,#5260);
#5259 = CARTESIAN_POINT('',(0.,-0.5));
#5260 = VECTOR('',#5261,1.);
#5261 = DIRECTION('',(1.,0.));
#5262 = ( GEOMETRIC_REPRESENTATION_CONTEXT(2) 
PARAMETRIC_REPRESENTATION_CONTEXT() REPRESENTATION_CONTEXT('2D SPACE',''
  ) );
#5263 = PCURVE('',#5141,#5264);
#5264 = DEFINITIONAL_REPRESENTATION('',(#5265),#5269);
#5265 = LINE('',#5266,#5267);
#5266 = CARTESIAN_POINT('',(5.908203125,7.158203125));
#5267 = VECTOR('',#5268,1.);
#5268 = DIRECTION('',(0.,-1.));
#5269 = ( GEOMETRIC_REPRESENTATION_CONTEXT(2) 
PARAMETRIC_REPRESENTATION_CONTEXT() REPRESENTATION_CONTEXT('2D SPACE',''
  ) );
#5270 = ORIENTED_EDGE('',*,*,#5178,.F.);
#5271 = ORIENTED_EDGE('',*,*,#1933,.F.);
#5272 = ADVANCED_FACE('',(#5273),#1921,.T.);
#5273 = FACE_BOUND('',#5274,.T.);
#5274 = EDGE_LOOP('',(#5275,#5298,#5319,#5320));
#5275 = ORIENTED_EDGE('',*,*,#5276,.T.);
#5276 = EDGE_CURVE('',#1878,#5277,#5279,.T.);
#5277 = VERTEX_POINT('',#5278);
#5278 = CARTESIAN_POINT('',(92.2705078125,3.85498046875,18.));
#5279 = SURFACE_CURVE('',#5280,(#5284,#5291),.PCURVE_S1.);
#5280 = LINE('',#5281,#5282);
#5281 = CARTESIAN_POINT('',(92.2705078125,3.85498046875,17.5));
#5282 = VECTOR('',#5283,1.);
#5283 = DIRECTION('',(0.,0.,1.));
#5284 = PCURVE('',#1921,#5285);
#5285 = DEFINITIONAL_REPRESENTATION('',(#5286),#5290);
#5286 = LINE('',#5287,#5288);
#5287 = CARTESIAN_POINT('',(0.,0.));
#5288 = VECTOR('',#5289,1.);
#5289 = DIRECTION('',(0.,-1.));
#5290 = ( GEOMETRIC_REPRESENTATION_CONTEXT(2) 
PARAMETRIC_REPRESENTATION_CONTEXT() REPRESENTATION_CONTEXT('2D SPACE',''
  ) );
#5291 = PCURVE('',#1893,#5292);
#5292 = DEFINITIONAL_REPRESENTATION('',(#5293),#5297);
#5293 = LINE('',#5294,#5295);
#5294 = CARTESIAN_POINT('',(0.8447265625,0.));
#5295 = VECTOR('',#5296,1.);
#5296 = DIRECTION('',(0.,-1.));
#5297 = ( GEOMETRIC_REPRESENTATION_CONTEXT(2) 
PARAMETRIC_REPRESENTATION_CONTEXT() REPRESENTATION_CONTEXT('2D SPACE',''
  ) );
#5298 = ORIENTED_EDGE('',*,*,#5299,.T.);
#5299 = EDGE_CURVE('',#5277,#5228,#5300,.T.);
#5300 = SURFACE_CURVE('',#5301,(#5305,#5312),.PCURVE_S1.);
#5301 = LINE('',#5302,#5303);
#5302 = CARTESIAN_POINT('',(92.2705078125,3.85498046875,18.));
#5303 = VECTOR('',#5304,1.);
#5304 = DIRECTION('',(1.,0.,0.));
#5305 = PCURVE('',#1921,#5306);
#5306 = DEFINITIONAL_REPRESENTATION('',(#5307),#5311);
#5307 = LINE('',#5308,#5309);
#5308 = CARTESIAN_POINT('',(0.,-0.5));
#5309 = VECTOR('',#5310,1.);
#5310 = DIRECTION('',(1.,0.));
#5311 = ( GEOMETRIC_REPRESENTATION_CONTEXT(2) 
PARAMETRIC_REPRESENTATION_CONTEXT() REPRESENTATION_CONTEXT('2D SPACE',''
  ) );
#5312 = PCURVE('',#5141,#5313);
#5313 = DEFINITIONAL_REPRESENTATION('',(#5314),#5318);
#5314 = LINE('',#5315,#5316);
#5315 = CARTESIAN_POINT('',(0.234375,7.158203125));
#5316 = VECTOR('',#5317,1.);
#5317 = DIRECTION('',(1.,0.));
#5318 = ( GEOMETRIC_REPRESENTATION_CONTEXT(2) 
PARAMETRIC_REPRESENTATION_CONTEXT() REPRESENTATION_CONTEXT('2D SPACE',''
  ) );
#5319 = ORIENTED_EDGE('',*,*,#5227,.F.);
#5320 = ORIENTED_EDGE('',*,*,#1905,.F.);
#5321 = ADVANCED_FACE('',(#5322),#1893,.T.);
#5322 = FACE_BOUND('',#5323,.T.);
#5323 = EDGE_LOOP('',(#5324,#5347,#5368,#5369));
#5324 = ORIENTED_EDGE('',*,*,#5325,.T.);
#5325 = EDGE_CURVE('',#1850,#5326,#5328,.T.);
#5326 = VERTEX_POINT('',#5327);
#5327 = CARTESIAN_POINT('',(92.2705078125,3.01025390625,18.));
#5328 = SURFACE_CURVE('',#5329,(#5333,#5340),.PCURVE_S1.);
#5329 = LINE('',#5330,#5331);
#5330 = CARTESIAN_POINT('',(92.2705078125,3.01025390625,17.5));
#5331 = VECTOR('',#5332,1.);
#5332 = DIRECTION('',(0.,0.,1.));
#5333 = PCURVE('',#1893,#5334);
#5334 = DEFINITIONAL_REPRESENTATION('',(#5335),#5339);
#5335 = LINE('',#5336,#5337);
#5336 = CARTESIAN_POINT('',(0.,0.));
#5337 = VECTOR('',#5338,1.);
#5338 = DIRECTION('',(0.,-1.));
#5339 = ( GEOMETRIC_REPRESENTATION_CONTEXT(2) 
PARAMETRIC_REPRESENTATION_CONTEXT() REPRESENTATION_CONTEXT('2D SPACE',''
  ) );
#5340 = PCURVE('',#1865,#5341);
#5341 = DEFINITIONAL_REPRESENTATION('',(#5342),#5346);
#5342 = LINE('',#5343,#5344);
#5343 = CARTESIAN_POINT('',(2.3583984375,0.));
#5344 = VECTOR('',#5345,1.);
#5345 = DIRECTION('',(0.,-1.));
#5346 = ( GEOMETRIC_REPRESENTATION_CONTEXT(2) 
PARAMETRIC_REPRESENTATION_CONTEXT() REPRESENTATION_CONTEXT('2D SPACE',''
  ) );
#5347 = ORIENTED_EDGE('',*,*,#5348,.T.);
#5348 = EDGE_CURVE('',#5326,#5277,#5349,.T.);
#5349 = SURFACE_CURVE('',#5350,(#5354,#5361),.PCURVE_S1.);
#5350 = LINE('',#5351,#5352);
#5351 = CARTESIAN_POINT('',(92.2705078125,3.01025390625,18.));
#5352 = VECTOR('',#5353,1.);
#5353 = DIRECTION('',(0.,1.,0.));
#5354 = PCURVE('',#1893,#5355);
#5355 = DEFINITIONAL_REPRESENTATION('',(#5356),#5360);
#5356 = LINE('',#5357,#5358);
#5357 = CARTESIAN_POINT('',(0.,-0.5));
#5358 = VECTOR('',#5359,1.);
#5359 = DIRECTION('',(1.,0.));
#5360 = ( GEOMETRIC_REPRESENTATION_CONTEXT(2) 
PARAMETRIC_REPRESENTATION_CONTEXT() REPRESENTATION_CONTEXT('2D SPACE',''
  ) );
#5361 = PCURVE('',#5141,#5362);
#5362 = DEFINITIONAL_REPRESENTATION('',(#5363),#5367);
#5363 = LINE('',#5364,#5365);
#5364 = CARTESIAN_POINT('',(0.234375,6.3134765625));
#5365 = VECTOR('',#5366,1.);
#5366 = DIRECTION('',(0.,1.));
#5367 = ( GEOMETRIC_REPRESENTATION_CONTEXT(2) 
PARAMETRIC_REPRESENTATION_CONTEXT() REPRESENTATION_CONTEXT('2D SPACE',''
  ) );
#5368 = ORIENTED_EDGE('',*,*,#5276,.F.);
#5369 = ORIENTED_EDGE('',*,*,#1877,.F.);
#5370 = ADVANCED_FACE('',(#5371),#1865,.T.);
#5371 = FACE_BOUND('',#5372,.T.);
#5372 = EDGE_LOOP('',(#5373,#5396,#5417,#5418));
#5373 = ORIENTED_EDGE('',*,*,#5374,.T.);
#5374 = EDGE_CURVE('',#1822,#5375,#5377,.T.);
#5375 = VERTEX_POINT('',#5376);
#5376 = CARTESIAN_POINT('',(94.62890625,3.01025390625,18.));
#5377 = SURFACE_CURVE('',#5378,(#5382,#5389),.PCURVE_S1.);
#5378 = LINE('',#5379,#5380);
#5379 = CARTESIAN_POINT('',(94.62890625,3.01025390625,17.5));
#5380 = VECTOR('',#5381,1.);
#5381 = DIRECTION('',(0.,0.,1.));
#5382 = PCURVE('',#1865,#5383);
#5383 = DEFINITIONAL_REPRESENTATION('',(#5384),#5388);
#5384 = LINE('',#5385,#5386);
#5385 = CARTESIAN_POINT('',(0.,-0.));
#5386 = VECTOR('',#5387,1.);
#5387 = DIRECTION('',(0.,-1.));
#5388 = ( GEOMETRIC_REPRESENTATION_CONTEXT(2) 
PARAMETRIC_REPRESENTATION_CONTEXT() REPRESENTATION_CONTEXT('2D SPACE',''
  ) );
#5389 = PCURVE('',#1837,#5390);
#5390 = DEFINITIONAL_REPRESENTATION('',(#5391),#5395);
#5391 = LINE('',#5392,#5393);
#5392 = CARTESIAN_POINT('',(6.3134765625,0.));
#5393 = VECTOR('',#5394,1.);
#5394 = DIRECTION('',(0.,-1.));
#5395 = ( GEOMETRIC_REPRESENTATION_CONTEXT(2) 
PARAMETRIC_REPRESENTATION_CONTEXT() REPRESENTATION_CONTEXT('2D SPACE',''
  ) );
#5396 = ORIENTED_EDGE('',*,*,#5397,.T.);
#5397 = EDGE_CURVE('',#5375,#5326,#5398,.T.);
#5398 = SURFACE_CURVE('',#5399,(#5403,#5410),.PCURVE_S1.);
#5399 = LINE('',#5400,#5401);
#5400 = CARTESIAN_POINT('',(94.62890625,3.01025390625,18.));
#5401 = VECTOR('',#5402,1.);
#5402 = DIRECTION('',(-1.,0.,0.));
#5403 = PCURVE('',#1865,#5404);
#5404 = DEFINITIONAL_REPRESENTATION('',(#5405),#5409);
#5405 = LINE('',#5406,#5407);
#5406 = CARTESIAN_POINT('',(0.,-0.5));
#5407 = VECTOR('',#5408,1.);
#5408 = DIRECTION('',(1.,0.));
#5409 = ( GEOMETRIC_REPRESENTATION_CONTEXT(2) 
PARAMETRIC_REPRESENTATION_CONTEXT() REPRESENTATION_CONTEXT('2D SPACE',''
  ) );
#5410 = PCURVE('',#5141,#5411);
#5411 = DEFINITIONAL_REPRESENTATION('',(#5412),#5416);
#5412 = LINE('',#5413,#5414);
#5413 = CARTESIAN_POINT('',(2.5927734375,6.3134765625));
#5414 = VECTOR('',#5415,1.);
#5415 = DIRECTION('',(-1.,0.));
#5416 = ( GEOMETRIC_REPRESENTATION_CONTEXT(2) 
PARAMETRIC_REPRESENTATION_CONTEXT() REPRESENTATION_CONTEXT('2D SPACE',''
  ) );
#5417 = ORIENTED_EDGE('',*,*,#5325,.F.);
#5418 = ORIENTED_EDGE('',*,*,#1849,.F.);
#5419 = ADVANCED_FACE('',(#5420),#1837,.T.);
#5420 = FACE_BOUND('',#5421,.T.);
#5421 = EDGE_LOOP('',(#5422,#5445,#5466,#5467));
#5422 = ORIENTED_EDGE('',*,*,#5423,.T.);
#5423 = EDGE_CURVE('',#1794,#5424,#5426,.T.);
#5424 = VERTEX_POINT('',#5425);
#5425 = CARTESIAN_POINT('',(94.62890625,-3.30322265625,18.));
#5426 = SURFACE_CURVE('',#5427,(#5431,#5438),.PCURVE_S1.);
#5427 = LINE('',#5428,#5429);
#5428 = CARTESIAN_POINT('',(94.62890625,-3.30322265625,17.5));
#5429 = VECTOR('',#5430,1.);
#5430 = DIRECTION('',(0.,0.,1.));
#5431 = PCURVE('',#1837,#5432);
#5432 = DEFINITIONAL_REPRESENTATION('',(#5433),#5437);
#5433 = LINE('',#5434,#5435);
#5434 = CARTESIAN_POINT('',(0.,0.));
#5435 = VECTOR('',#5436,1.);
#5436 = DIRECTION('',(0.,-1.));
#5437 = ( GEOMETRIC_REPRESENTATION_CONTEXT(2) 
PARAMETRIC_REPRESENTATION_CONTEXT() REPRESENTATION_CONTEXT('2D SPACE',''
  ) );
#5438 = PCURVE('',#1809,#5439);
#5439 = DEFINITIONAL_REPRESENTATION('',(#5440),#5444);
#5440 = LINE('',#5441,#5442);
#5441 = CARTESIAN_POINT('',(0.947265625,0.));
#5442 = VECTOR('',#5443,1.);
#5443 = DIRECTION('',(0.,-1.));
#5444 = ( GEOMETRIC_REPRESENTATION_CONTEXT(2) 
PARAMETRIC_REPRESENTATION_CONTEXT() REPRESENTATION_CONTEXT('2D SPACE',''
  ) );
#5445 = ORIENTED_EDGE('',*,*,#5446,.T.);
#5446 = EDGE_CURVE('',#5424,#5375,#5447,.T.);
#5447 = SURFACE_CURVE('',#5448,(#5452,#5459),.PCURVE_S1.);
#5448 = LINE('',#5449,#5450);
#5449 = CARTESIAN_POINT('',(94.62890625,-3.30322265625,18.));
#5450 = VECTOR('',#5451,1.);
#5451 = DIRECTION('',(0.,1.,0.));
#5452 = PCURVE('',#1837,#5453);
#5453 = DEFINITIONAL_REPRESENTATION('',(#5454),#5458);
#5454 = LINE('',#5455,#5456);
#5455 = CARTESIAN_POINT('',(0.,-0.5));
#5456 = VECTOR('',#5457,1.);
#5457 = DIRECTION('',(1.,0.));
#5458 = ( GEOMETRIC_REPRESENTATION_CONTEXT(2) 
PARAMETRIC_REPRESENTATION_CONTEXT() REPRESENTATION_CONTEXT('2D SPACE',''
  ) );
#5459 = PCURVE('',#5141,#5460);
#5460 = DEFINITIONAL_REPRESENTATION('',(#5461),#5465);
#5461 = LINE('',#5462,#5463);
#5462 = CARTESIAN_POINT('',(2.5927734375,0.));
#5463 = VECTOR('',#5464,1.);
#5464 = DIRECTION('',(0.,1.));
#5465 = ( GEOMETRIC_REPRESENTATION_CONTEXT(2) 
PARAMETRIC_REPRESENTATION_CONTEXT() REPRESENTATION_CONTEXT('2D SPACE',''
  ) );
#5466 = ORIENTED_EDGE('',*,*,#5374,.F.);
#5467 = ORIENTED_EDGE('',*,*,#1821,.F.);
#5468 = ADVANCED_FACE('',(#5469),#1809,.T.);
#5469 = FACE_BOUND('',#5470,.T.);
#5470 = EDGE_LOOP('',(#5471,#5472,#5493,#5494));
#5471 = ORIENTED_EDGE('',*,*,#5153,.T.);
#5472 = ORIENTED_EDGE('',*,*,#5473,.T.);
#5473 = EDGE_CURVE('',#5126,#5424,#5474,.T.);
#5474 = SURFACE_CURVE('',#5475,(#5479,#5486),.PCURVE_S1.);
#5475 = LINE('',#5476,#5477);
#5476 = CARTESIAN_POINT('',(95.576171875,-3.30322265625,18.));
#5477 = VECTOR('',#5478,1.);
#5478 = DIRECTION('',(-1.,0.,0.));
#5479 = PCURVE('',#1809,#5480);
#5480 = DEFINITIONAL_REPRESENTATION('',(#5481),#5485);
#5481 = LINE('',#5482,#5483);
#5482 = CARTESIAN_POINT('',(0.,-0.5));
#5483 = VECTOR('',#5484,1.);
#5484 = DIRECTION('',(1.,0.));
#5485 = ( GEOMETRIC_REPRESENTATION_CONTEXT(2) 
PARAMETRIC_REPRESENTATION_CONTEXT() REPRESENTATION_CONTEXT('2D SPACE',''
  ) );
#5486 = PCURVE('',#5141,#5487);
#5487 = DEFINITIONAL_REPRESENTATION('',(#5488),#5492);
#5488 = LINE('',#5489,#5490);
#5489 = CARTESIAN_POINT('',(3.5400390625,0.));
#5490 = VECTOR('',#5491,1.);
#5491 = DIRECTION('',(-1.,0.));
#5492 = ( GEOMETRIC_REPRESENTATION_CONTEXT(2) 
PARAMETRIC_REPRESENTATION_CONTEXT() REPRESENTATION_CONTEXT('2D SPACE',''
  ) );
#5493 = ORIENTED_EDGE('',*,*,#5423,.F.);
#5494 = ORIENTED_EDGE('',*,*,#1793,.F.);
#5495 = ADVANCED_FACE('',(#5496),#2007,.T.);
#5496 = FACE_BOUND('',#5497,.T.);
#5497 = EDGE_LOOP('',(#5498,#5521,#5549,#5570));
#5498 = ORIENTED_EDGE('',*,*,#5499,.T.);
#5499 = EDGE_CURVE('',#1990,#5500,#5502,.T.);
#5500 = VERTEX_POINT('',#5501);
#5501 = CARTESIAN_POINT('',(98.857421875,-1.60400390625,18.));
#5502 = SURFACE_CURVE('',#5503,(#5507,#5514),.PCURVE_S1.);
#5503 = LINE('',#5504,#5505);
#5504 = CARTESIAN_POINT('',(98.857421875,-1.60400390625,17.5));
#5505 = VECTOR('',#5506,1.);
#5506 = DIRECTION('',(0.,0.,1.));
#5507 = PCURVE('',#2007,#5508);
#5508 = DEFINITIONAL_REPRESENTATION('',(#5509),#5513);
#5509 = LINE('',#5510,#5511);
#5510 = CARTESIAN_POINT('',(0.,0.));
#5511 = VECTOR('',#5512,1.);
#5512 = DIRECTION('',(0.,-1.));
#5513 = ( GEOMETRIC_REPRESENTATION_CONTEXT(2) 
PARAMETRIC_REPRESENTATION_CONTEXT() REPRESENTATION_CONTEXT('2D SPACE',''
  ) );
#5514 = PCURVE('',#2305,#5515);
#5515 = DEFINITIONAL_REPRESENTATION('',(#5516),#5520);
#5516 = LINE('',#5517,#5518);
#5517 = CARTESIAN_POINT('',(1.,0.));
#5518 = VECTOR('',#5519,1.);
#5519 = DIRECTION('',(0.,-1.));
#5520 = ( GEOMETRIC_REPRESENTATION_CONTEXT(2) 
PARAMETRIC_REPRESENTATION_CONTEXT() REPRESENTATION_CONTEXT('2D SPACE',''
  ) );
#5521 = ORIENTED_EDGE('',*,*,#5522,.T.);
#5522 = EDGE_CURVE('',#5500,#5523,#5525,.T.);
#5523 = VERTEX_POINT('',#5524);
#5524 = CARTESIAN_POINT('',(98.447265625,0.18310546875,18.));
#5525 = SURFACE_CURVE('',#5526,(#5530,#5537),.PCURVE_S1.);
#5526 = B_SPLINE_CURVE_WITH_KNOTS('',2,(#5527,#5528,#5529),
  .UNSPECIFIED.,.F.,.F.,(3,3),(0.,1.),.PIECEWISE_BEZIER_KNOTS.);
#5527 = CARTESIAN_POINT('',(98.857421875,-1.60400390625,18.));
#5528 = CARTESIAN_POINT('',(98.447265625,-0.75927734375,18.));
#5529 = CARTESIAN_POINT('',(98.447265625,0.18310546875,18.));
#5530 = PCURVE('',#2007,#5531);
#5531 = DEFINITIONAL_REPRESENTATION('',(#5532),#5536);
#5532 = LINE('',#5533,#5534);
#5533 = CARTESIAN_POINT('',(0.,-0.5));
#5534 = VECTOR('',#5535,1.);
#5535 = DIRECTION('',(1.,0.));
#5536 = ( GEOMETRIC_REPRESENTATION_CONTEXT(2) 
PARAMETRIC_REPRESENTATION_CONTEXT() REPRESENTATION_CONTEXT('2D SPACE',''
  ) );
#5537 = PCURVE('',#5538,#5543);
#5538 = PLANE('',#5539);
#5539 = AXIS2_PLACEMENT_3D('',#5540,#5541,#5542);
#5540 = CARTESIAN_POINT('',(97.9638671875,-3.30322265625,18.));
#5541 = DIRECTION('',(0.,0.,1.));
#5542 = DIRECTION('',(1.,0.,0.));
#5543 = DEFINITIONAL_REPRESENTATION('',(#5544),#5548);
#5544 = B_SPLINE_CURVE_WITH_KNOTS('',2,(#5545,#5546,#5547),
  .UNSPECIFIED.,.F.,.F.,(3,3),(0.,1.),.PIECEWISE_BEZIER_KNOTS.);
#5545 = CARTESIAN_POINT('',(0.8935546875,1.69921875));
#5546 = CARTESIAN_POINT('',(0.4833984375,2.5439453125));
#5547 = CARTESIAN_POINT('',(0.4833984375,3.486328125));
#5548 = ( GEOMETRIC_REPRESENTATION_CONTEXT(2) 
PARAMETRIC_REPRESENTATION_CONTEXT() REPRESENTATION_CONTEXT('2D SPACE',''
  ) );
#5549 = ORIENTED_EDGE('',*,*,#5550,.F.);
#5550 = EDGE_CURVE('',#1992,#5523,#5551,.T.);
#5551 = SURFACE_CURVE('',#5552,(#5556,#5563),.PCURVE_S1.);
#5552 = LINE('',#5553,#5554);
#5553 = CARTESIAN_POINT('',(98.447265625,0.18310546875,17.5));
#5554 = VECTOR('',#5555,1.);
#5555 = DIRECTION('',(0.,0.,1.));
#5556 = PCURVE('',#2007,#5557);
#5557 = DEFINITIONAL_REPRESENTATION('',(#5558),#5562);
#5558 = LINE('',#5559,#5560);
#5559 = CARTESIAN_POINT('',(1.,0.));
#5560 = VECTOR('',#5561,1.);
#5561 = DIRECTION('',(0.,-1.));
#5562 = ( GEOMETRIC_REPRESENTATION_CONTEXT(2) 
PARAMETRIC_REPRESENTATION_CONTEXT() REPRESENTATION_CONTEXT('2D SPACE',''
  ) );
#5563 = PCURVE('',#2037,#5564);
#5564 = DEFINITIONAL_REPRESENTATION('',(#5565),#5569);
#5565 = LINE('',#5566,#5567);
#5566 = CARTESIAN_POINT('',(0.,0.));
#5567 = VECTOR('',#5568,1.);
#5568 = DIRECTION('',(0.,-1.));
#5569 = ( GEOMETRIC_REPRESENTATION_CONTEXT(2) 
PARAMETRIC_REPRESENTATION_CONTEXT() REPRESENTATION_CONTEXT('2D SPACE',''
  ) );
#5570 = ORIENTED_EDGE('',*,*,#1989,.F.);
#5571 = ADVANCED_FACE('',(#5572),#2305,.T.);
#5572 = FACE_BOUND('',#5573,.T.);
#5573 = EDGE_LOOP('',(#5574,#5597,#5618,#5619));
#5574 = ORIENTED_EDGE('',*,*,#5575,.T.);
#5575 = EDGE_CURVE('',#2262,#5576,#5578,.T.);
#5576 = VERTEX_POINT('',#5577);
#5577 = CARTESIAN_POINT('',(100.0634765625,-2.93701171875,18.));
#5578 = SURFACE_CURVE('',#5579,(#5583,#5590),.PCURVE_S1.);
#5579 = LINE('',#5580,#5581);
#5580 = CARTESIAN_POINT('',(100.0634765625,-2.93701171875,17.5));
#5581 = VECTOR('',#5582,1.);
#5582 = DIRECTION('',(0.,0.,1.));
#5583 = PCURVE('',#2305,#5584);
#5584 = DEFINITIONAL_REPRESENTATION('',(#5585),#5589);
#5585 = LINE('',#5586,#5587);
#5586 = CARTESIAN_POINT('',(0.,0.));
#5587 = VECTOR('',#5588,1.);
#5588 = DIRECTION('',(0.,-1.));
#5589 = ( GEOMETRIC_REPRESENTATION_CONTEXT(2) 
PARAMETRIC_REPRESENTATION_CONTEXT() REPRESENTATION_CONTEXT('2D SPACE',''
  ) );
#5590 = PCURVE('',#2277,#5591);
#5591 = DEFINITIONAL_REPRESENTATION('',(#5592),#5596);
#5592 = LINE('',#5593,#5594);
#5593 = CARTESIAN_POINT('',(1.,0.));
#5594 = VECTOR('',#5595,1.);
#5595 = DIRECTION('',(0.,-1.));
#5596 = ( GEOMETRIC_REPRESENTATION_CONTEXT(2) 
PARAMETRIC_REPRESENTATION_CONTEXT() REPRESENTATION_CONTEXT('2D SPACE',''
  ) );
#5597 = ORIENTED_EDGE('',*,*,#5598,.T.);
#5598 = EDGE_CURVE('',#5576,#5500,#5599,.T.);
#5599 = SURFACE_CURVE('',#5600,(#5604,#5611),.PCURVE_S1.);
#5600 = B_SPLINE_CURVE_WITH_KNOTS('',2,(#5601,#5602,#5603),
  .UNSPECIFIED.,.F.,.F.,(3,3),(0.,1.),.PIECEWISE_BEZIER_KNOTS.);
#5601 = CARTESIAN_POINT('',(100.0634765625,-2.93701171875,18.));
#5602 = CARTESIAN_POINT('',(99.267578125,-2.44873046875,18.));
#5603 = CARTESIAN_POINT('',(98.857421875,-1.60400390625,18.));
#5604 = PCURVE('',#2305,#5605);
#5605 = DEFINITIONAL_REPRESENTATION('',(#5606),#5610);
#5606 = LINE('',#5607,#5608);
#5607 = CARTESIAN_POINT('',(0.,-0.5));
#5608 = VECTOR('',#5609,1.);
#5609 = DIRECTION('',(1.,0.));
#5610 = ( GEOMETRIC_REPRESENTATION_CONTEXT(2) 
PARAMETRIC_REPRESENTATION_CONTEXT() REPRESENTATION_CONTEXT('2D SPACE',''
  ) );
#5611 = PCURVE('',#5538,#5612);
#5612 = DEFINITIONAL_REPRESENTATION('',(#5613),#5617);
#5613 = B_SPLINE_CURVE_WITH_KNOTS('',2,(#5614,#5615,#5616),
  .UNSPECIFIED.,.F.,.F.,(3,3),(0.,1.),.PIECEWISE_BEZIER_KNOTS.);
#5614 = CARTESIAN_POINT('',(2.099609375,0.3662109375));
#5615 = CARTESIAN_POINT('',(1.3037109375,0.8544921875));
#5616 = CARTESIAN_POINT('',(0.8935546875,1.69921875));
#5617 = ( GEOMETRIC_REPRESENTATION_CONTEXT(2) 
PARAMETRIC_REPRESENTATION_CONTEXT() REPRESENTATION_CONTEXT('2D SPACE',''
  ) );
#5618 = ORIENTED_EDGE('',*,*,#5499,.F.);
#5619 = ORIENTED_EDGE('',*,*,#2291,.F.);
#5620 = ADVANCED_FACE('',(#5621),#2277,.T.);
#5621 = FACE_BOUND('',#5622,.T.);
#5622 = EDGE_LOOP('',(#5623,#5646,#5667,#5668));
#5623 = ORIENTED_EDGE('',*,*,#5624,.T.);
#5624 = EDGE_CURVE('',#2232,#5625,#5627,.T.);
#5625 = VERTEX_POINT('',#5626);
#5626 = CARTESIAN_POINT('',(101.8701171875,-3.42529296875,18.));
#5627 = SURFACE_CURVE('',#5628,(#5632,#5639),.PCURVE_S1.);
#5628 = LINE('',#5629,#5630);
#5629 = CARTESIAN_POINT('',(101.8701171875,-3.42529296875,17.5));
#5630 = VECTOR('',#5631,1.);
#5631 = DIRECTION('',(0.,0.,1.));
#5632 = PCURVE('',#2277,#5633);
#5633 = DEFINITIONAL_REPRESENTATION('',(#5634),#5638);
#5634 = LINE('',#5635,#5636);
#5635 = CARTESIAN_POINT('',(0.,0.));
#5636 = VECTOR('',#5637,1.);
#5637 = DIRECTION('',(0.,-1.));
#5638 = ( GEOMETRIC_REPRESENTATION_CONTEXT(2) 
PARAMETRIC_REPRESENTATION_CONTEXT() REPRESENTATION_CONTEXT('2D SPACE',''
  ) );
#5639 = PCURVE('',#2247,#5640);
#5640 = DEFINITIONAL_REPRESENTATION('',(#5641),#5645);
#5641 = LINE('',#5642,#5643);
#5642 = CARTESIAN_POINT('',(1.,0.));
#5643 = VECTOR('',#5644,1.);
#5644 = DIRECTION('',(0.,-1.));
#5645 = ( GEOMETRIC_REPRESENTATION_CONTEXT(2) 
PARAMETRIC_REPRESENTATION_CONTEXT() REPRESENTATION_CONTEXT('2D SPACE',''
  ) );
#5646 = ORIENTED_EDGE('',*,*,#5647,.T.);
#5647 = EDGE_CURVE('',#5625,#5576,#5648,.T.);
#5648 = SURFACE_CURVE('',#5649,(#5653,#5660),.PCURVE_S1.);
#5649 = B_SPLINE_CURVE_WITH_KNOTS('',2,(#5650,#5651,#5652),
  .UNSPECIFIED.,.F.,.F.,(3,3),(0.,1.),.PIECEWISE_BEZIER_KNOTS.);
#5650 = CARTESIAN_POINT('',(101.8701171875,-3.42529296875,18.));
#5651 = CARTESIAN_POINT('',(100.859375,-3.42529296875,18.));
#5652 = CARTESIAN_POINT('',(100.0634765625,-2.93701171875,18.));
#5653 = PCURVE('',#2277,#5654);
#5654 = DEFINITIONAL_REPRESENTATION('',(#5655),#5659);
#5655 = LINE('',#5656,#5657);
#5656 = CARTESIAN_POINT('',(0.,-0.5));
#5657 = VECTOR('',#5658,1.);
#5658 = DIRECTION('',(1.,0.));
#5659 = ( GEOMETRIC_REPRESENTATION_CONTEXT(2) 
PARAMETRIC_REPRESENTATION_CONTEXT() REPRESENTATION_CONTEXT('2D SPACE',''
  ) );
#5660 = PCURVE('',#5538,#5661);
#5661 = DEFINITIONAL_REPRESENTATION('',(#5662),#5666);
#5662 = B_SPLINE_CURVE_WITH_KNOTS('',2,(#5663,#5664,#5665),
  .UNSPECIFIED.,.F.,.F.,(3,3),(0.,1.),.PIECEWISE_BEZIER_KNOTS.);
#5663 = CARTESIAN_POINT('',(3.90625,-0.1220703125));
#5664 = CARTESIAN_POINT('',(2.8955078125,-0.1220703125));
#5665 = CARTESIAN_POINT('',(2.099609375,0.3662109375));
#5666 = ( GEOMETRIC_REPRESENTATION_CONTEXT(2) 
PARAMETRIC_REPRESENTATION_CONTEXT() REPRESENTATION_CONTEXT('2D SPACE',''
  ) );
#5667 = ORIENTED_EDGE('',*,*,#5575,.F.);
#5668 = ORIENTED_EDGE('',*,*,#2261,.F.);
#5669 = ADVANCED_FACE('',(#5670),#2247,.T.);
#5670 = FACE_BOUND('',#5671,.T.);
#5671 = EDGE_LOOP('',(#5672,#5695,#5716,#5717));
#5672 = ORIENTED_EDGE('',*,*,#5673,.T.);
#5673 = EDGE_CURVE('',#2202,#5674,#5676,.T.);
#5674 = VERTEX_POINT('',#5675);
#5675 = CARTESIAN_POINT('',(103.6083984375,-2.9833984375,18.));
#5676 = SURFACE_CURVE('',#5677,(#5681,#5688),.PCURVE_S1.);
#5677 = LINE('',#5678,#5679);
#5678 = CARTESIAN_POINT('',(103.6083984375,-2.9833984375,17.5));
#5679 = VECTOR('',#5680,1.);
#5680 = DIRECTION('',(0.,0.,1.));
#5681 = PCURVE('',#2247,#5682);
#5682 = DEFINITIONAL_REPRESENTATION('',(#5683),#5687);
#5683 = LINE('',#5684,#5685);
#5684 = CARTESIAN_POINT('',(0.,0.));
#5685 = VECTOR('',#5686,1.);
#5686 = DIRECTION('',(0.,-1.));
#5687 = ( GEOMETRIC_REPRESENTATION_CONTEXT(2) 
PARAMETRIC_REPRESENTATION_CONTEXT() REPRESENTATION_CONTEXT('2D SPACE',''
  ) );
#5688 = PCURVE('',#2217,#5689);
#5689 = DEFINITIONAL_REPRESENTATION('',(#5690),#5694);
#5690 = LINE('',#5691,#5692);
#5691 = CARTESIAN_POINT('',(1.,0.));
#5692 = VECTOR('',#5693,1.);
#5693 = DIRECTION('',(0.,-1.));
#5694 = ( GEOMETRIC_REPRESENTATION_CONTEXT(2) 
PARAMETRIC_REPRESENTATION_CONTEXT() REPRESENTATION_CONTEXT('2D SPACE',''
  ) );
#5695 = ORIENTED_EDGE('',*,*,#5696,.T.);
#5696 = EDGE_CURVE('',#5674,#5625,#5697,.T.);
#5697 = SURFACE_CURVE('',#5698,(#5702,#5709),.PCURVE_S1.);
#5698 = B_SPLINE_CURVE_WITH_KNOTS('',2,(#5699,#5700,#5701),
  .UNSPECIFIED.,.F.,.F.,(3,3),(0.,1.),.PIECEWISE_BEZIER_KNOTS.);
#5699 = CARTESIAN_POINT('',(103.6083984375,-2.9833984375,18.));
#5700 = CARTESIAN_POINT('',(102.802734375,-3.42529296875,18.));
#5701 = CARTESIAN_POINT('',(101.8701171875,-3.42529296875,18.));
#5702 = PCURVE('',#2247,#5703);
#5703 = DEFINITIONAL_REPRESENTATION('',(#5704),#5708);
#5704 = LINE('',#5705,#5706);
#5705 = CARTESIAN_POINT('',(0.,-0.5));
#5706 = VECTOR('',#5707,1.);
#5707 = DIRECTION('',(1.,0.));
#5708 = ( GEOMETRIC_REPRESENTATION_CONTEXT(2) 
PARAMETRIC_REPRESENTATION_CONTEXT() REPRESENTATION_CONTEXT('2D SPACE',''
  ) );
#5709 = PCURVE('',#5538,#5710);
#5710 = DEFINITIONAL_REPRESENTATION('',(#5711),#5715);
#5711 = B_SPLINE_CURVE_WITH_KNOTS('',2,(#5712,#5713,#5714),
  .UNSPECIFIED.,.F.,.F.,(3,3),(0.,1.),.PIECEWISE_BEZIER_KNOTS.);
#5712 = CARTESIAN_POINT('',(5.64453125,0.31982421875));
#5713 = CARTESIAN_POINT('',(4.8388671875,-0.1220703125));
#5714 = CARTESIAN_POINT('',(3.90625,-0.1220703125));
#5715 = ( GEOMETRIC_REPRESENTATION_CONTEXT(2) 
PARAMETRIC_REPRESENTATION_CONTEXT() REPRESENTATION_CONTEXT('2D SPACE',''
  ) );
#5716 = ORIENTED_EDGE('',*,*,#5624,.F.);
#5717 = ORIENTED_EDGE('',*,*,#2231,.F.);
#5718 = ADVANCED_FACE('',(#5719),#2217,.T.);
#5719 = FACE_BOUND('',#5720,.T.);
#5720 = EDGE_LOOP('',(#5721,#5744,#5765,#5766));
#5721 = ORIENTED_EDGE('',*,*,#5722,.T.);
#5722 = EDGE_CURVE('',#2172,#5723,#5725,.T.);
#5723 = VERTEX_POINT('',#5724);
#5724 = CARTESIAN_POINT('',(104.853515625,-1.68212890625,18.));
#5725 = SURFACE_CURVE('',#5726,(#5730,#5737),.PCURVE_S1.);
#5726 = LINE('',#5727,#5728);
#5727 = CARTESIAN_POINT('',(104.853515625,-1.68212890625,17.5));
#5728 = VECTOR('',#5729,1.);
#5729 = DIRECTION('',(0.,0.,1.));
#5730 = PCURVE('',#2217,#5731);
#5731 = DEFINITIONAL_REPRESENTATION('',(#5732),#5736);
#5732 = LINE('',#5733,#5734);
#5733 = CARTESIAN_POINT('',(0.,0.));
#5734 = VECTOR('',#5735,1.);
#5735 = DIRECTION('',(0.,-1.));
#5736 = ( GEOMETRIC_REPRESENTATION_CONTEXT(2) 
PARAMETRIC_REPRESENTATION_CONTEXT() REPRESENTATION_CONTEXT('2D SPACE',''
  ) );
#5737 = PCURVE('',#2187,#5738);
#5738 = DEFINITIONAL_REPRESENTATION('',(#5739),#5743);
#5739 = LINE('',#5740,#5741);
#5740 = CARTESIAN_POINT('',(1.,0.));
#5741 = VECTOR('',#5742,1.);
#5742 = DIRECTION('',(0.,-1.));
#5743 = ( GEOMETRIC_REPRESENTATION_CONTEXT(2) 
PARAMETRIC_REPRESENTATION_CONTEXT() REPRESENTATION_CONTEXT('2D SPACE',''
  ) );
#5744 = ORIENTED_EDGE('',*,*,#5745,.T.);
#5745 = EDGE_CURVE('',#5723,#5674,#5746,.T.);
#5746 = SURFACE_CURVE('',#5747,(#5751,#5758),.PCURVE_S1.);
#5747 = B_SPLINE_CURVE_WITH_KNOTS('',2,(#5748,#5749,#5750),
  .UNSPECIFIED.,.F.,.F.,(3,3),(0.,1.),.PIECEWISE_BEZIER_KNOTS.);
#5748 = CARTESIAN_POINT('',(104.853515625,-1.68212890625,18.));
#5749 = CARTESIAN_POINT('',(104.4140625,-2.54150390625,18.));
#5750 = CARTESIAN_POINT('',(103.6083984375,-2.9833984375,18.));
#5751 = PCURVE('',#2217,#5752);
#5752 = DEFINITIONAL_REPRESENTATION('',(#5753),#5757);
#5753 = LINE('',#5754,#5755);
#5754 = CARTESIAN_POINT('',(0.,-0.5));
#5755 = VECTOR('',#5756,1.);
#5756 = DIRECTION('',(1.,0.));
#5757 = ( GEOMETRIC_REPRESENTATION_CONTEXT(2) 
PARAMETRIC_REPRESENTATION_CONTEXT() REPRESENTATION_CONTEXT('2D SPACE',''
  ) );
#5758 = PCURVE('',#5538,#5759);
#5759 = DEFINITIONAL_REPRESENTATION('',(#5760),#5764);
#5760 = B_SPLINE_CURVE_WITH_KNOTS('',2,(#5761,#5762,#5763),
  .UNSPECIFIED.,.F.,.F.,(3,3),(0.,1.),.PIECEWISE_BEZIER_KNOTS.);
#5761 = CARTESIAN_POINT('',(6.8896484375,1.62109375));
#5762 = CARTESIAN_POINT('',(6.4501953125,0.76171875));
#5763 = CARTESIAN_POINT('',(5.64453125,0.31982421875));
#5764 = ( GEOMETRIC_REPRESENTATION_CONTEXT(2) 
PARAMETRIC_REPRESENTATION_CONTEXT() REPRESENTATION_CONTEXT('2D SPACE',''
  ) );
#5765 = ORIENTED_EDGE('',*,*,#5673,.F.);
#5766 = ORIENTED_EDGE('',*,*,#2201,.F.);
#5767 = ADVANCED_FACE('',(#5768),#2187,.T.);
#5768 = FACE_BOUND('',#5769,.T.);
#5769 = EDGE_LOOP('',(#5770,#5793,#5814,#5815));
#5770 = ORIENTED_EDGE('',*,*,#5771,.T.);
#5771 = EDGE_CURVE('',#2142,#5772,#5774,.T.);
#5772 = VERTEX_POINT('',#5773);
#5773 = CARTESIAN_POINT('',(105.29296875,0.26611328125,18.));
#5774 = SURFACE_CURVE('',#5775,(#5779,#5786),.PCURVE_S1.);
#5775 = LINE('',#5776,#5777);
#5776 = CARTESIAN_POINT('',(105.29296875,0.26611328125,17.5));
#5777 = VECTOR('',#5778,1.);
#5778 = DIRECTION('',(0.,0.,1.));
#5779 = PCURVE('',#2187,#5780);
#5780 = DEFINITIONAL_REPRESENTATION('',(#5781),#5785);
#5781 = LINE('',#5782,#5783);
#5782 = CARTESIAN_POINT('',(0.,0.));
#5783 = VECTOR('',#5784,1.);
#5784 = DIRECTION('',(0.,-1.));
#5785 = ( GEOMETRIC_REPRESENTATION_CONTEXT(2) 
PARAMETRIC_REPRESENTATION_CONTEXT() REPRESENTATION_CONTEXT('2D SPACE',''
  ) );
#5786 = PCURVE('',#2157,#5787);
#5787 = DEFINITIONAL_REPRESENTATION('',(#5788),#5792);
#5788 = LINE('',#5789,#5790);
#5789 = CARTESIAN_POINT('',(1.,0.));
#5790 = VECTOR('',#5791,1.);
#5791 = DIRECTION('',(0.,-1.));
#5792 = ( GEOMETRIC_REPRESENTATION_CONTEXT(2) 
PARAMETRIC_REPRESENTATION_CONTEXT() REPRESENTATION_CONTEXT('2D SPACE',''
  ) );
#5793 = ORIENTED_EDGE('',*,*,#5794,.T.);
#5794 = EDGE_CURVE('',#5772,#5723,#5795,.T.);
#5795 = SURFACE_CURVE('',#5796,(#5800,#5807),.PCURVE_S1.);
#5796 = B_SPLINE_CURVE_WITH_KNOTS('',2,(#5797,#5798,#5799),
  .UNSPECIFIED.,.F.,.F.,(3,3),(0.,1.),.PIECEWISE_BEZIER_KNOTS.);
#5797 = CARTESIAN_POINT('',(105.29296875,0.26611328125,18.));
#5798 = CARTESIAN_POINT('',(105.29296875,-0.82275390625,18.));
#5799 = CARTESIAN_POINT('',(104.853515625,-1.68212890625,18.));
#5800 = PCURVE('',#2187,#5801);
#5801 = DEFINITIONAL_REPRESENTATION('',(#5802),#5806);
#5802 = LINE('',#5803,#5804);
#5803 = CARTESIAN_POINT('',(0.,-0.5));
#5804 = VECTOR('',#5805,1.);
#5805 = DIRECTION('',(1.,0.));
#5806 = ( GEOMETRIC_REPRESENTATION_CONTEXT(2) 
PARAMETRIC_REPRESENTATION_CONTEXT() REPRESENTATION_CONTEXT('2D SPACE',''
  ) );
#5807 = PCURVE('',#5538,#5808);
#5808 = DEFINITIONAL_REPRESENTATION('',(#5809),#5813);
#5809 = B_SPLINE_CURVE_WITH_KNOTS('',2,(#5810,#5811,#5812),
  .UNSPECIFIED.,.F.,.F.,(3,3),(0.,1.),.PIECEWISE_BEZIER_KNOTS.);
#5810 = CARTESIAN_POINT('',(7.3291015625,3.5693359375));
#5811 = CARTESIAN_POINT('',(7.3291015625,2.48046875));
#5812 = CARTESIAN_POINT('',(6.8896484375,1.62109375));
#5813 = ( GEOMETRIC_REPRESENTATION_CONTEXT(2) 
PARAMETRIC_REPRESENTATION_CONTEXT() REPRESENTATION_CONTEXT('2D SPACE',''
  ) );
#5814 = ORIENTED_EDGE('',*,*,#5722,.F.);
#5815 = ORIENTED_EDGE('',*,*,#2171,.F.);
#5816 = ADVANCED_FACE('',(#5817),#2157,.T.);
#5817 = FACE_BOUND('',#5818,.T.);
#5818 = EDGE_LOOP('',(#5819,#5842,#5863,#5864));
#5819 = ORIENTED_EDGE('',*,*,#5820,.T.);
#5820 = EDGE_CURVE('',#2112,#5821,#5823,.T.);
#5821 = VERTEX_POINT('',#5822);
#5822 = CARTESIAN_POINT('',(104.87548828125,2.1875,18.));
#5823 = SURFACE_CURVE('',#5824,(#5828,#5835),.PCURVE_S1.);
#5824 = LINE('',#5825,#5826);
#5825 = CARTESIAN_POINT('',(104.87548828125,2.1875,17.5));
#5826 = VECTOR('',#5827,1.);
#5827 = DIRECTION('',(0.,0.,1.));
#5828 = PCURVE('',#2157,#5829);
#5829 = DEFINITIONAL_REPRESENTATION('',(#5830),#5834);
#5830 = LINE('',#5831,#5832);
#5831 = CARTESIAN_POINT('',(0.,0.));
#5832 = VECTOR('',#5833,1.);
#5833 = DIRECTION('',(0.,-1.));
#5834 = ( GEOMETRIC_REPRESENTATION_CONTEXT(2) 
PARAMETRIC_REPRESENTATION_CONTEXT() REPRESENTATION_CONTEXT('2D SPACE',''
  ) );
#5835 = PCURVE('',#2127,#5836);
#5836 = DEFINITIONAL_REPRESENTATION('',(#5837),#5841);
#5837 = LINE('',#5838,#5839);
#5838 = CARTESIAN_POINT('',(1.,0.));
#5839 = VECTOR('',#5840,1.);
#5840 = DIRECTION('',(0.,-1.));
#5841 = ( GEOMETRIC_REPRESENTATION_CONTEXT(2) 
PARAMETRIC_REPRESENTATION_CONTEXT() REPRESENTATION_CONTEXT('2D SPACE',''
  ) );
#5842 = ORIENTED_EDGE('',*,*,#5843,.T.);
#5843 = EDGE_CURVE('',#5821,#5772,#5844,.T.);
#5844 = SURFACE_CURVE('',#5845,(#5849,#5856),.PCURVE_S1.);
#5845 = B_SPLINE_CURVE_WITH_KNOTS('',2,(#5846,#5847,#5848),
  .UNSPECIFIED.,.F.,.F.,(3,3),(0.,1.),.PIECEWISE_BEZIER_KNOTS.);
#5846 = CARTESIAN_POINT('',(104.87548828125,2.1875,18.));
#5847 = CARTESIAN_POINT('',(105.29296875,1.34033203125,18.));
#5848 = CARTESIAN_POINT('',(105.29296875,0.26611328125,18.));
#5849 = PCURVE('',#2157,#5850);
#5850 = DEFINITIONAL_REPRESENTATION('',(#5851),#5855);
#5851 = LINE('',#5852,#5853);
#5852 = CARTESIAN_POINT('',(0.,-0.5));
#5853 = VECTOR('',#5854,1.);
#5854 = DIRECTION('',(1.,0.));
#5855 = ( GEOMETRIC_REPRESENTATION_CONTEXT(2) 
PARAMETRIC_REPRESENTATION_CONTEXT() REPRESENTATION_CONTEXT('2D SPACE',''
  ) );
#5856 = PCURVE('',#5538,#5857);
#5857 = DEFINITIONAL_REPRESENTATION('',(#5858),#5862);
#5858 = B_SPLINE_CURVE_WITH_KNOTS('',2,(#5859,#5860,#5861),
  .UNSPECIFIED.,.F.,.F.,(3,3),(0.,1.),.PIECEWISE_BEZIER_KNOTS.);
#5859 = CARTESIAN_POINT('',(6.91162109375,5.49072265625));
#5860 = CARTESIAN_POINT('',(7.3291015625,4.6435546875));
#5861 = CARTESIAN_POINT('',(7.3291015625,3.5693359375));
#5862 = ( GEOMETRIC_REPRESENTATION_CONTEXT(2) 
PARAMETRIC_REPRESENTATION_CONTEXT() REPRESENTATION_CONTEXT('2D SPACE',''
  ) );
#5863 = ORIENTED_EDGE('',*,*,#5771,.F.);
#5864 = ORIENTED_EDGE('',*,*,#2141,.F.);
#5865 = ADVANCED_FACE('',(#5866),#2127,.T.);
#5866 = FACE_BOUND('',#5867,.T.);
#5867 = EDGE_LOOP('',(#5868,#5891,#5912,#5913));
#5868 = ORIENTED_EDGE('',*,*,#5869,.T.);
#5869 = EDGE_CURVE('',#2082,#5870,#5872,.T.);
#5870 = VERTEX_POINT('',#5871);
#5871 = CARTESIAN_POINT('',(103.662109375,3.50830078125,18.));
#5872 = SURFACE_CURVE('',#5873,(#5877,#5884),.PCURVE_S1.);
#5873 = LINE('',#5874,#5875);
#5874 = CARTESIAN_POINT('',(103.662109375,3.50830078125,17.5));
#5875 = VECTOR('',#5876,1.);
#5876 = DIRECTION('',(0.,0.,1.));
#5877 = PCURVE('',#2127,#5878);
#5878 = DEFINITIONAL_REPRESENTATION('',(#5879),#5883);
#5879 = LINE('',#5880,#5881);
#5880 = CARTESIAN_POINT('',(0.,0.));
#5881 = VECTOR('',#5882,1.);
#5882 = DIRECTION('',(0.,-1.));
#5883 = ( GEOMETRIC_REPRESENTATION_CONTEXT(2) 
PARAMETRIC_REPRESENTATION_CONTEXT() REPRESENTATION_CONTEXT('2D SPACE',''
  ) );
#5884 = PCURVE('',#2097,#5885);
#5885 = DEFINITIONAL_REPRESENTATION('',(#5886),#5890);
#5886 = LINE('',#5887,#5888);
#5887 = CARTESIAN_POINT('',(1.,0.));
#5888 = VECTOR('',#5889,1.);
#5889 = DIRECTION('',(0.,-1.));
#5890 = ( GEOMETRIC_REPRESENTATION_CONTEXT(2) 
PARAMETRIC_REPRESENTATION_CONTEXT() REPRESENTATION_CONTEXT('2D SPACE',''
  ) );
#5891 = ORIENTED_EDGE('',*,*,#5892,.T.);
#5892 = EDGE_CURVE('',#5870,#5821,#5893,.T.);
#5893 = SURFACE_CURVE('',#5894,(#5898,#5905),.PCURVE_S1.);
#5894 = B_SPLINE_CURVE_WITH_KNOTS('',2,(#5895,#5896,#5897),
  .UNSPECIFIED.,.F.,.F.,(3,3),(0.,1.),.PIECEWISE_BEZIER_KNOTS.);
#5895 = CARTESIAN_POINT('',(103.662109375,3.50830078125,18.));
#5896 = CARTESIAN_POINT('',(104.4580078125,3.03466796875,18.));
#5897 = CARTESIAN_POINT('',(104.87548828125,2.1875,18.));
#5898 = PCURVE('',#2127,#5899);
#5899 = DEFINITIONAL_REPRESENTATION('',(#5900),#5904);
#5900 = LINE('',#5901,#5902);
#5901 = CARTESIAN_POINT('',(0.,-0.5));
#5902 = VECTOR('',#5903,1.);
#5903 = DIRECTION('',(1.,0.));
#5904 = ( GEOMETRIC_REPRESENTATION_CONTEXT(2) 
PARAMETRIC_REPRESENTATION_CONTEXT() REPRESENTATION_CONTEXT('2D SPACE',''
  ) );
#5905 = PCURVE('',#5538,#5906);
#5906 = DEFINITIONAL_REPRESENTATION('',(#5907),#5911);
#5907 = B_SPLINE_CURVE_WITH_KNOTS('',2,(#5908,#5909,#5910),
  .UNSPECIFIED.,.F.,.F.,(3,3),(0.,1.),.PIECEWISE_BEZIER_KNOTS.);
#5908 = CARTESIAN_POINT('',(5.6982421875,6.8115234375));
#5909 = CARTESIAN_POINT('',(6.494140625,6.337890625));
#5910 = CARTESIAN_POINT('',(6.91162109375,5.49072265625));
#5911 = ( GEOMETRIC_REPRESENTATION_CONTEXT(2) 
PARAMETRIC_REPRESENTATION_CONTEXT() REPRESENTATION_CONTEXT('2D SPACE',''
  ) );
#5912 = ORIENTED_EDGE('',*,*,#5820,.F.);
#5913 = ORIENTED_EDGE('',*,*,#2111,.F.);
#5914 = ADVANCED_FACE('',(#5915),#2097,.T.);
#5915 = FACE_BOUND('',#5916,.T.);
#5916 = EDGE_LOOP('',(#5917,#5940,#5961,#5962));
#5917 = ORIENTED_EDGE('',*,*,#5918,.T.);
#5918 = EDGE_CURVE('',#2052,#5919,#5921,.T.);
#5919 = VERTEX_POINT('',#5920);
#5920 = CARTESIAN_POINT('',(101.875,3.98193359375,18.));
#5921 = SURFACE_CURVE('',#5922,(#5926,#5933),.PCURVE_S1.);
#5922 = LINE('',#5923,#5924);
#5923 = CARTESIAN_POINT('',(101.875,3.98193359375,17.5));
#5924 = VECTOR('',#5925,1.);
#5925 = DIRECTION('',(0.,0.,1.));
#5926 = PCURVE('',#2097,#5927);
#5927 = DEFINITIONAL_REPRESENTATION('',(#5928),#5932);
#5928 = LINE('',#5929,#5930);
#5929 = CARTESIAN_POINT('',(0.,0.));
#5930 = VECTOR('',#5931,1.);
#5931 = DIRECTION('',(0.,-1.));
#5932 = ( GEOMETRIC_REPRESENTATION_CONTEXT(2) 
PARAMETRIC_REPRESENTATION_CONTEXT() REPRESENTATION_CONTEXT('2D SPACE',''
  ) );
#5933 = PCURVE('',#2067,#5934);
#5934 = DEFINITIONAL_REPRESENTATION('',(#5935),#5939);
#5935 = LINE('',#5936,#5937);
#5936 = CARTESIAN_POINT('',(1.,0.));
#5937 = VECTOR('',#5938,1.);
#5938 = DIRECTION('',(0.,-1.));
#5939 = ( GEOMETRIC_REPRESENTATION_CONTEXT(2) 
PARAMETRIC_REPRESENTATION_CONTEXT() REPRESENTATION_CONTEXT('2D SPACE',''
  ) );
#5940 = ORIENTED_EDGE('',*,*,#5941,.T.);
#5941 = EDGE_CURVE('',#5919,#5870,#5942,.T.);
#5942 = SURFACE_CURVE('',#5943,(#5947,#5954),.PCURVE_S1.);
#5943 = B_SPLINE_CURVE_WITH_KNOTS('',2,(#5944,#5945,#5946),
  .UNSPECIFIED.,.F.,.F.,(3,3),(0.,1.),.PIECEWISE_BEZIER_KNOTS.);
#5944 = CARTESIAN_POINT('',(101.875,3.98193359375,18.));
#5945 = CARTESIAN_POINT('',(102.8662109375,3.98193359375,18.));
#5946 = CARTESIAN_POINT('',(103.662109375,3.50830078125,18.));
#5947 = PCURVE('',#2097,#5948);
#5948 = DEFINITIONAL_REPRESENTATION('',(#5949),#5953);
#5949 = LINE('',#5950,#5951);
#5950 = CARTESIAN_POINT('',(0.,-0.5));
#5951 = VECTOR('',#5952,1.);
#5952 = DIRECTION('',(1.,0.));
#5953 = ( GEOMETRIC_REPRESENTATION_CONTEXT(2) 
PARAMETRIC_REPRESENTATION_CONTEXT() REPRESENTATION_CONTEXT('2D SPACE',''
  ) );
#5954 = PCURVE('',#5538,#5955);
#5955 = DEFINITIONAL_REPRESENTATION('',(#5956),#5960);
#5956 = B_SPLINE_CURVE_WITH_KNOTS('',2,(#5957,#5958,#5959),
  .UNSPECIFIED.,.F.,.F.,(3,3),(0.,1.),.PIECEWISE_BEZIER_KNOTS.);
#5957 = CARTESIAN_POINT('',(3.9111328125,7.28515625));
#5958 = CARTESIAN_POINT('',(4.90234375,7.28515625));
#5959 = CARTESIAN_POINT('',(5.6982421875,6.8115234375));
#5960 = ( GEOMETRIC_REPRESENTATION_CONTEXT(2) 
PARAMETRIC_REPRESENTATION_CONTEXT() REPRESENTATION_CONTEXT('2D SPACE',''
  ) );
#5961 = ORIENTED_EDGE('',*,*,#5869,.F.);
#5962 = ORIENTED_EDGE('',*,*,#2081,.F.);
#5963 = ADVANCED_FACE('',(#5964),#2067,.T.);
#5964 = FACE_BOUND('',#5965,.T.);
#5965 = EDGE_LOOP('',(#5966,#5989,#6010,#6011));
#5966 = ORIENTED_EDGE('',*,*,#5967,.T.);
#5967 = EDGE_CURVE('',#2022,#5968,#5970,.T.);
#5968 = VERTEX_POINT('',#5969);
#5969 = CARTESIAN_POINT('',(99.404296875,2.9736328125,18.));
#5970 = SURFACE_CURVE('',#5971,(#5975,#5982),.PCURVE_S1.);
#5971 = LINE('',#5972,#5973);
#5972 = CARTESIAN_POINT('',(99.404296875,2.9736328125,17.5));
#5973 = VECTOR('',#5974,1.);
#5974 = DIRECTION('',(0.,0.,1.));
#5975 = PCURVE('',#2067,#5976);
#5976 = DEFINITIONAL_REPRESENTATION('',(#5977),#5981);
#5977 = LINE('',#5978,#5979);
#5978 = CARTESIAN_POINT('',(0.,0.));
#5979 = VECTOR('',#5980,1.);
#5980 = DIRECTION('',(0.,-1.));
#5981 = ( GEOMETRIC_REPRESENTATION_CONTEXT(2) 
PARAMETRIC_REPRESENTATION_CONTEXT() REPRESENTATION_CONTEXT('2D SPACE',''
  ) );
#5982 = PCURVE('',#2037,#5983);
#5983 = DEFINITIONAL_REPRESENTATION('',(#5984),#5988);
#5984 = LINE('',#5985,#5986);
#5985 = CARTESIAN_POINT('',(1.,0.));
#5986 = VECTOR('',#5987,1.);
#5987 = DIRECTION('',(0.,-1.));
#5988 = ( GEOMETRIC_REPRESENTATION_CONTEXT(2) 
PARAMETRIC_REPRESENTATION_CONTEXT() REPRESENTATION_CONTEXT('2D SPACE',''
  ) );
#5989 = ORIENTED_EDGE('',*,*,#5990,.T.);
#5990 = EDGE_CURVE('',#5968,#5919,#5991,.T.);
#5991 = SURFACE_CURVE('',#5992,(#5996,#6003),.PCURVE_S1.);
#5992 = B_SPLINE_CURVE_WITH_KNOTS('',2,(#5993,#5994,#5995),
  .UNSPECIFIED.,.F.,.F.,(3,3),(0.,1.),.PIECEWISE_BEZIER_KNOTS.);
#5993 = CARTESIAN_POINT('',(99.404296875,2.9736328125,18.));
#5994 = CARTESIAN_POINT('',(100.361328125,3.98193359375,18.));
#5995 = CARTESIAN_POINT('',(101.875,3.98193359375,18.));
#5996 = PCURVE('',#2067,#5997);
#5997 = DEFINITIONAL_REPRESENTATION('',(#5998),#6002);
#5998 = LINE('',#5999,#6000);
#5999 = CARTESIAN_POINT('',(0.,-0.5));
#6000 = VECTOR('',#6001,1.);
#6001 = DIRECTION('',(1.,0.));
#6002 = ( GEOMETRIC_REPRESENTATION_CONTEXT(2) 
PARAMETRIC_REPRESENTATION_CONTEXT() REPRESENTATION_CONTEXT('2D SPACE',''
  ) );
#6003 = PCURVE('',#5538,#6004);
#6004 = DEFINITIONAL_REPRESENTATION('',(#6005),#6009);
#6005 = B_SPLINE_CURVE_WITH_KNOTS('',2,(#6006,#6007,#6008),
  .UNSPECIFIED.,.F.,.F.,(3,3),(0.,1.),.PIECEWISE_BEZIER_KNOTS.);
#6006 = CARTESIAN_POINT('',(1.4404296875,6.27685546875));
#6007 = CARTESIAN_POINT('',(2.3974609375,7.28515625));
#6008 = CARTESIAN_POINT('',(3.9111328125,7.28515625));
#6009 = ( GEOMETRIC_REPRESENTATION_CONTEXT(2) 
PARAMETRIC_REPRESENTATION_CONTEXT() REPRESENTATION_CONTEXT('2D SPACE',''
  ) );
#6010 = ORIENTED_EDGE('',*,*,#5918,.F.);
#6011 = ORIENTED_EDGE('',*,*,#2051,.F.);
#6012 = ADVANCED_FACE('',(#6013),#2037,.T.);
#6013 = FACE_BOUND('',#6014,.T.);
#6014 = EDGE_LOOP('',(#6015,#6016,#6037,#6038));
#6015 = ORIENTED_EDGE('',*,*,#5550,.T.);
#6016 = ORIENTED_EDGE('',*,*,#6017,.T.);
#6017 = EDGE_CURVE('',#5523,#5968,#6018,.T.);
#6018 = SURFACE_CURVE('',#6019,(#6023,#6030),.PCURVE_S1.);
#6019 = B_SPLINE_CURVE_WITH_KNOTS('',2,(#6020,#6021,#6022),
  .UNSPECIFIED.,.F.,.F.,(3,3),(0.,1.),.PIECEWISE_BEZIER_KNOTS.);
#6020 = CARTESIAN_POINT('',(98.447265625,0.18310546875,18.));
#6021 = CARTESIAN_POINT('',(98.447265625,1.96533203125,18.));
#6022 = CARTESIAN_POINT('',(99.404296875,2.9736328125,18.));
#6023 = PCURVE('',#2037,#6024);
#6024 = DEFINITIONAL_REPRESENTATION('',(#6025),#6029);
#6025 = LINE('',#6026,#6027);
#6026 = CARTESIAN_POINT('',(0.,-0.5));
#6027 = VECTOR('',#6028,1.);
#6028 = DIRECTION('',(1.,0.));
#6029 = ( GEOMETRIC_REPRESENTATION_CONTEXT(2) 
PARAMETRIC_REPRESENTATION_CONTEXT() REPRESENTATION_CONTEXT('2D SPACE',''
  ) );
#6030 = PCURVE('',#5538,#6031);
#6031 = DEFINITIONAL_REPRESENTATION('',(#6032),#6036);
#6032 = B_SPLINE_CURVE_WITH_KNOTS('',2,(#6033,#6034,#6035),
  .UNSPECIFIED.,.F.,.F.,(3,3),(0.,1.),.PIECEWISE_BEZIER_KNOTS.);
#6033 = CARTESIAN_POINT('',(0.4833984375,3.486328125));
#6034 = CARTESIAN_POINT('',(0.4833984375,5.2685546875));
#6035 = CARTESIAN_POINT('',(1.4404296875,6.27685546875));
#6036 = ( GEOMETRIC_REPRESENTATION_CONTEXT(2) 
PARAMETRIC_REPRESENTATION_CONTEXT() REPRESENTATION_CONTEXT('2D SPACE',''
  ) );
#6037 = ORIENTED_EDGE('',*,*,#5967,.F.);
#6038 = ORIENTED_EDGE('',*,*,#2021,.F.);
#6039 = ADVANCED_FACE('',(#6040),#2339,.T.);
#6040 = FACE_BOUND('',#6041,.T.);
#6041 = EDGE_LOOP('',(#6042,#6065,#6093,#6114));
#6042 = ORIENTED_EDGE('',*,*,#6043,.T.);
#6043 = EDGE_CURVE('',#2322,#6044,#6046,.T.);
#6044 = VERTEX_POINT('',#6045);
#6045 = CARTESIAN_POINT('',(107.3974609375,2.79052734375,18.));
#6046 = SURFACE_CURVE('',#6047,(#6051,#6058),.PCURVE_S1.);
#6047 = LINE('',#6048,#6049);
#6048 = CARTESIAN_POINT('',(107.3974609375,2.79052734375,17.5));
#6049 = VECTOR('',#6050,1.);
#6050 = DIRECTION('',(0.,0.,1.));
#6051 = PCURVE('',#2339,#6052);
#6052 = DEFINITIONAL_REPRESENTATION('',(#6053),#6057);
#6053 = LINE('',#6054,#6055);
#6054 = CARTESIAN_POINT('',(0.,0.));
#6055 = VECTOR('',#6056,1.);
#6056 = DIRECTION('',(0.,-1.));
#6057 = ( GEOMETRIC_REPRESENTATION_CONTEXT(2) 
PARAMETRIC_REPRESENTATION_CONTEXT() REPRESENTATION_CONTEXT('2D SPACE',''
  ) );
#6058 = PCURVE('',#2733,#6059);
#6059 = DEFINITIONAL_REPRESENTATION('',(#6060),#6064);
#6060 = LINE('',#6061,#6062);
#6061 = CARTESIAN_POINT('',(6.435835836172,0.));
#6062 = VECTOR('',#6063,1.);
#6063 = DIRECTION('',(0.,-1.));
#6064 = ( GEOMETRIC_REPRESENTATION_CONTEXT(2) 
PARAMETRIC_REPRESENTATION_CONTEXT() REPRESENTATION_CONTEXT('2D SPACE',''
  ) );
#6065 = ORIENTED_EDGE('',*,*,#6066,.T.);
#6066 = EDGE_CURVE('',#6044,#6067,#6069,.T.);
#6067 = VERTEX_POINT('',#6068);
#6068 = CARTESIAN_POINT('',(107.3974609375,-3.30322265625,18.));
#6069 = SURFACE_CURVE('',#6070,(#6074,#6081),.PCURVE_S1.);
#6070 = LINE('',#6071,#6072);
#6071 = CARTESIAN_POINT('',(107.3974609375,2.79052734375,18.));
#6072 = VECTOR('',#6073,1.);
#6073 = DIRECTION('',(0.,-1.,0.));
#6074 = PCURVE('',#2339,#6075);
#6075 = DEFINITIONAL_REPRESENTATION('',(#6076),#6080);
#6076 = LINE('',#6077,#6078);
#6077 = CARTESIAN_POINT('',(0.,-0.5));
#6078 = VECTOR('',#6079,1.);
#6079 = DIRECTION('',(1.,0.));
#6080 = ( GEOMETRIC_REPRESENTATION_CONTEXT(2) 
PARAMETRIC_REPRESENTATION_CONTEXT() REPRESENTATION_CONTEXT('2D SPACE',''
  ) );
#6081 = PCURVE('',#6082,#6087);
#6082 = PLANE('',#6083);
#6083 = AXIS2_PLACEMENT_3D('',#6084,#6085,#6086);
#6084 = CARTESIAN_POINT('',(105.7421875,-3.30322265625,18.));
#6085 = DIRECTION('',(0.,0.,1.));
#6086 = DIRECTION('',(1.,0.,0.));
#6087 = DEFINITIONAL_REPRESENTATION('',(#6088),#6092);
#6088 = LINE('',#6089,#6090);
#6089 = CARTESIAN_POINT('',(1.6552734375,6.09375));
#6090 = VECTOR('',#6091,1.);
#6091 = DIRECTION('',(0.,-1.));
#6092 = ( GEOMETRIC_REPRESENTATION_CONTEXT(2) 
PARAMETRIC_REPRESENTATION_CONTEXT() REPRESENTATION_CONTEXT('2D SPACE',''
  ) );
#6093 = ORIENTED_EDGE('',*,*,#6094,.F.);
#6094 = EDGE_CURVE('',#2324,#6067,#6095,.T.);
#6095 = SURFACE_CURVE('',#6096,(#6100,#6107),.PCURVE_S1.);
#6096 = LINE('',#6097,#6098);
#6097 = CARTESIAN_POINT('',(107.3974609375,-3.30322265625,17.5));
#6098 = VECTOR('',#6099,1.);
#6099 = DIRECTION('',(0.,0.,1.));
#6100 = PCURVE('',#2339,#6101);
#6101 = DEFINITIONAL_REPRESENTATION('',(#6102),#6106);
#6102 = LINE('',#6103,#6104);
#6103 = CARTESIAN_POINT('',(6.09375,0.));
#6104 = VECTOR('',#6105,1.);
#6105 = DIRECTION('',(0.,-1.));
#6106 = ( GEOMETRIC_REPRESENTATION_CONTEXT(2) 
PARAMETRIC_REPRESENTATION_CONTEXT() REPRESENTATION_CONTEXT('2D SPACE',''
  ) );
#6107 = PCURVE('',#2367,#6108);
#6108 = DEFINITIONAL_REPRESENTATION('',(#6109),#6113);
#6109 = LINE('',#6110,#6111);
#6110 = CARTESIAN_POINT('',(0.,-0.));
#6111 = VECTOR('',#6112,1.);
#6112 = DIRECTION('',(0.,-1.));
#6113 = ( GEOMETRIC_REPRESENTATION_CONTEXT(2) 
PARAMETRIC_REPRESENTATION_CONTEXT() REPRESENTATION_CONTEXT('2D SPACE',''
  ) );
#6114 = ORIENTED_EDGE('',*,*,#2321,.F.);
#6115 = ADVANCED_FACE('',(#6116),#2733,.T.);
#6116 = FACE_BOUND('',#6117,.T.);
#6117 = EDGE_LOOP('',(#6118,#6141,#6162,#6163));
#6118 = ORIENTED_EDGE('',*,*,#6119,.T.);
#6119 = EDGE_CURVE('',#2692,#6120,#6122,.T.);
#6120 = VERTEX_POINT('',#6121);
#6121 = CARTESIAN_POINT('',(109.4677734375,-3.30322265625,18.));
#6122 = SURFACE_CURVE('',#6123,(#6127,#6134),.PCURVE_S1.);
#6123 = LINE('',#6124,#6125);
#6124 = CARTESIAN_POINT('',(109.4677734375,-3.30322265625,17.5));
#6125 = VECTOR('',#6126,1.);
#6126 = DIRECTION('',(0.,0.,1.));
#6127 = PCURVE('',#2733,#6128);
#6128 = DEFINITIONAL_REPRESENTATION('',(#6129),#6133);
#6129 = LINE('',#6130,#6131);
#6130 = CARTESIAN_POINT('',(0.,0.));
#6131 = VECTOR('',#6132,1.);
#6132 = DIRECTION('',(0.,-1.));
#6133 = ( GEOMETRIC_REPRESENTATION_CONTEXT(2) 
PARAMETRIC_REPRESENTATION_CONTEXT() REPRESENTATION_CONTEXT('2D SPACE',''
  ) );
#6134 = PCURVE('',#2707,#6135);
#6135 = DEFINITIONAL_REPRESENTATION('',(#6136),#6140);
#6136 = LINE('',#6137,#6138);
#6137 = CARTESIAN_POINT('',(0.8544921875,0.));
#6138 = VECTOR('',#6139,1.);
#6139 = DIRECTION('',(0.,-1.));
#6140 = ( GEOMETRIC_REPRESENTATION_CONTEXT(2) 
PARAMETRIC_REPRESENTATION_CONTEXT() REPRESENTATION_CONTEXT('2D SPACE',''
  ) );
#6141 = ORIENTED_EDGE('',*,*,#6142,.T.);
#6142 = EDGE_CURVE('',#6120,#6044,#6143,.T.);
#6143 = SURFACE_CURVE('',#6144,(#6148,#6155),.PCURVE_S1.);
#6144 = LINE('',#6145,#6146);
#6145 = CARTESIAN_POINT('',(109.4677734375,-3.30322265625,18.));
#6146 = VECTOR('',#6147,1.);
#6147 = DIRECTION('',(-0.321685100848,0.94684671193,0.));
#6148 = PCURVE('',#2733,#6149);
#6149 = DEFINITIONAL_REPRESENTATION('',(#6150),#6154);
#6150 = LINE('',#6151,#6152);
#6151 = CARTESIAN_POINT('',(0.,-0.5));
#6152 = VECTOR('',#6153,1.);
#6153 = DIRECTION('',(1.,0.));
#6154 = ( GEOMETRIC_REPRESENTATION_CONTEXT(2) 
PARAMETRIC_REPRESENTATION_CONTEXT() REPRESENTATION_CONTEXT('2D SPACE',''
  ) );
#6155 = PCURVE('',#6082,#6156);
#6156 = DEFINITIONAL_REPRESENTATION('',(#6157),#6161);
#6157 = LINE('',#6158,#6159);
#6158 = CARTESIAN_POINT('',(3.7255859375,0.));
#6159 = VECTOR('',#6160,1.);
#6160 = DIRECTION('',(-0.321685100848,0.94684671193));
#6161 = ( GEOMETRIC_REPRESENTATION_CONTEXT(2) 
PARAMETRIC_REPRESENTATION_CONTEXT() REPRESENTATION_CONTEXT('2D SPACE',''
  ) );
#6162 = ORIENTED_EDGE('',*,*,#6043,.F.);
#6163 = ORIENTED_EDGE('',*,*,#2719,.F.);
#6164 = ADVANCED_FACE('',(#6165),#2707,.T.);
#6165 = FACE_BOUND('',#6166,.T.);
#6166 = EDGE_LOOP('',(#6167,#6190,#6211,#6212));
#6167 = ORIENTED_EDGE('',*,*,#6168,.T.);
#6168 = EDGE_CURVE('',#2664,#6169,#6171,.T.);
#6169 = VERTEX_POINT('',#6170);
#6170 = CARTESIAN_POINT('',(110.322265625,-3.30322265625,18.));
#6171 = SURFACE_CURVE('',#6172,(#6176,#6183),.PCURVE_S1.);
#6172 = LINE('',#6173,#6174);
#6173 = CARTESIAN_POINT('',(110.322265625,-3.30322265625,17.5));
#6174 = VECTOR('',#6175,1.);
#6175 = DIRECTION('',(0.,0.,1.));
#6176 = PCURVE('',#2707,#6177);
#6177 = DEFINITIONAL_REPRESENTATION('',(#6178),#6182);
#6178 = LINE('',#6179,#6180);
#6179 = CARTESIAN_POINT('',(0.,-0.));
#6180 = VECTOR('',#6181,1.);
#6181 = DIRECTION('',(0.,-1.));
#6182 = ( GEOMETRIC_REPRESENTATION_CONTEXT(2) 
PARAMETRIC_REPRESENTATION_CONTEXT() REPRESENTATION_CONTEXT('2D SPACE',''
  ) );
#6183 = PCURVE('',#2679,#6184);
#6184 = DEFINITIONAL_REPRESENTATION('',(#6185),#6189);
#6185 = LINE('',#6186,#6187);
#6186 = CARTESIAN_POINT('',(6.342029131416,0.));
#6187 = VECTOR('',#6188,1.);
#6188 = DIRECTION('',(0.,-1.));
#6189 = ( GEOMETRIC_REPRESENTATION_CONTEXT(2) 
PARAMETRIC_REPRESENTATION_CONTEXT() REPRESENTATION_CONTEXT('2D SPACE',''
  ) );
#6190 = ORIENTED_EDGE('',*,*,#6191,.T.);
#6191 = EDGE_CURVE('',#6169,#6120,#6192,.T.);
#6192 = SURFACE_CURVE('',#6193,(#6197,#6204),.PCURVE_S1.);
#6193 = LINE('',#6194,#6195);
#6194 = CARTESIAN_POINT('',(110.322265625,-3.30322265625,18.));
#6195 = VECTOR('',#6196,1.);
#6196 = DIRECTION('',(-1.,0.,0.));
#6197 = PCURVE('',#2707,#6198);
#6198 = DEFINITIONAL_REPRESENTATION('',(#6199),#6203);
#6199 = LINE('',#6200,#6201);
#6200 = CARTESIAN_POINT('',(0.,-0.5));
#6201 = VECTOR('',#6202,1.);
#6202 = DIRECTION('',(1.,0.));
#6203 = ( GEOMETRIC_REPRESENTATION_CONTEXT(2) 
PARAMETRIC_REPRESENTATION_CONTEXT() REPRESENTATION_CONTEXT('2D SPACE',''
  ) );
#6204 = PCURVE('',#6082,#6205);
#6205 = DEFINITIONAL_REPRESENTATION('',(#6206),#6210);
#6206 = LINE('',#6207,#6208);
#6207 = CARTESIAN_POINT('',(4.580078125,0.));
#6208 = VECTOR('',#6209,1.);
#6209 = DIRECTION('',(-1.,0.));
#6210 = ( GEOMETRIC_REPRESENTATION_CONTEXT(2) 
PARAMETRIC_REPRESENTATION_CONTEXT() REPRESENTATION_CONTEXT('2D SPACE',''
  ) );
#6211 = ORIENTED_EDGE('',*,*,#6119,.F.);
#6212 = ORIENTED_EDGE('',*,*,#2691,.F.);
#6213 = ADVANCED_FACE('',(#6214),#2679,.T.);
#6214 = FACE_BOUND('',#6215,.T.);
#6215 = EDGE_LOOP('',(#6216,#6239,#6260,#6261));
#6216 = ORIENTED_EDGE('',*,*,#6217,.T.);
#6217 = EDGE_CURVE('',#2636,#6218,#6220,.T.);
#6218 = VERTEX_POINT('',#6219);
#6219 = CARTESIAN_POINT('',(112.40234375,2.68798828125,18.));
#6220 = SURFACE_CURVE('',#6221,(#6225,#6232),.PCURVE_S1.);
#6221 = LINE('',#6222,#6223);
#6222 = CARTESIAN_POINT('',(112.40234375,2.68798828125,17.5));
#6223 = VECTOR('',#6224,1.);
#6224 = DIRECTION('',(0.,0.,1.));
#6225 = PCURVE('',#2679,#6226);
#6226 = DEFINITIONAL_REPRESENTATION('',(#6227),#6231);
#6227 = LINE('',#6228,#6229);
#6228 = CARTESIAN_POINT('',(0.,0.));
#6229 = VECTOR('',#6230,1.);
#6230 = DIRECTION('',(0.,-1.));
#6231 = ( GEOMETRIC_REPRESENTATION_CONTEXT(2) 
PARAMETRIC_REPRESENTATION_CONTEXT() REPRESENTATION_CONTEXT('2D SPACE',''
  ) );
#6232 = PCURVE('',#2651,#6233);
#6233 = DEFINITIONAL_REPRESENTATION('',(#6234),#6238);
#6234 = LINE('',#6235,#6236);
#6235 = CARTESIAN_POINT('',(5.9912109375,0.));
#6236 = VECTOR('',#6237,1.);
#6237 = DIRECTION('',(0.,-1.));
#6238 = ( GEOMETRIC_REPRESENTATION_CONTEXT(2) 
PARAMETRIC_REPRESENTATION_CONTEXT() REPRESENTATION_CONTEXT('2D SPACE',''
  ) );
#6239 = ORIENTED_EDGE('',*,*,#6240,.T.);
#6240 = EDGE_CURVE('',#6218,#6169,#6241,.T.);
#6241 = SURFACE_CURVE('',#6242,(#6246,#6253),.PCURVE_S1.);
#6242 = LINE('',#6243,#6244);
#6243 = CARTESIAN_POINT('',(112.40234375,2.68798828125,18.));
#6244 = VECTOR('',#6245,1.);
#6245 = DIRECTION('',(-0.32798306061,-0.944683604152,0.));
#6246 = PCURVE('',#2679,#6247);
#6247 = DEFINITIONAL_REPRESENTATION('',(#6248),#6252);
#6248 = LINE('',#6249,#6250);
#6249 = CARTESIAN_POINT('',(0.,-0.5));
#6250 = VECTOR('',#6251,1.);
#6251 = DIRECTION('',(1.,0.));
#6252 = ( GEOMETRIC_REPRESENTATION_CONTEXT(2) 
PARAMETRIC_REPRESENTATION_CONTEXT() REPRESENTATION_CONTEXT('2D SPACE',''
  ) );
#6253 = PCURVE('',#6082,#6254);
#6254 = DEFINITIONAL_REPRESENTATION('',(#6255),#6259);
#6255 = LINE('',#6256,#6257);
#6256 = CARTESIAN_POINT('',(6.66015625,5.9912109375));
#6257 = VECTOR('',#6258,1.);
#6258 = DIRECTION('',(-0.32798306061,-0.944683604152));
#6259 = ( GEOMETRIC_REPRESENTATION_CONTEXT(2) 
PARAMETRIC_REPRESENTATION_CONTEXT() REPRESENTATION_CONTEXT('2D SPACE',''
  ) );
#6260 = ORIENTED_EDGE('',*,*,#6168,.F.);
#6261 = ORIENTED_EDGE('',*,*,#2663,.F.);
#6262 = ADVANCED_FACE('',(#6263),#2651,.T.);
#6263 = FACE_BOUND('',#6264,.T.);
#6264 = EDGE_LOOP('',(#6265,#6288,#6309,#6310));
#6265 = ORIENTED_EDGE('',*,*,#6266,.T.);
#6266 = EDGE_CURVE('',#2608,#6267,#6269,.T.);
#6267 = VERTEX_POINT('',#6268);
#6268 = CARTESIAN_POINT('',(112.40234375,-3.30322265625,18.));
#6269 = SURFACE_CURVE('',#6270,(#6274,#6281),.PCURVE_S1.);
#6270 = LINE('',#6271,#6272);
#6271 = CARTESIAN_POINT('',(112.40234375,-3.30322265625,17.5));
#6272 = VECTOR('',#6273,1.);
#6273 = DIRECTION('',(0.,0.,1.));
#6274 = PCURVE('',#2651,#6275);
#6275 = DEFINITIONAL_REPRESENTATION('',(#6276),#6280);
#6276 = LINE('',#6277,#6278);
#6277 = CARTESIAN_POINT('',(0.,0.));
#6278 = VECTOR('',#6279,1.);
#6279 = DIRECTION('',(0.,-1.));
#6280 = ( GEOMETRIC_REPRESENTATION_CONTEXT(2) 
PARAMETRIC_REPRESENTATION_CONTEXT() REPRESENTATION_CONTEXT('2D SPACE',''
  ) );
#6281 = PCURVE('',#2623,#6282);
#6282 = DEFINITIONAL_REPRESENTATION('',(#6283),#6287);
#6283 = LINE('',#6284,#6285);
#6284 = CARTESIAN_POINT('',(0.9130859375,0.));
#6285 = VECTOR('',#6286,1.);
#6286 = DIRECTION('',(0.,-1.));
#6287 = ( GEOMETRIC_REPRESENTATION_CONTEXT(2) 
PARAMETRIC_REPRESENTATION_CONTEXT() REPRESENTATION_CONTEXT('2D SPACE',''
  ) );
#6288 = ORIENTED_EDGE('',*,*,#6289,.T.);
#6289 = EDGE_CURVE('',#6267,#6218,#6290,.T.);
#6290 = SURFACE_CURVE('',#6291,(#6295,#6302),.PCURVE_S1.);
#6291 = LINE('',#6292,#6293);
#6292 = CARTESIAN_POINT('',(112.40234375,-3.30322265625,18.));
#6293 = VECTOR('',#6294,1.);
#6294 = DIRECTION('',(0.,1.,0.));
#6295 = PCURVE('',#2651,#6296);
#6296 = DEFINITIONAL_REPRESENTATION('',(#6297),#6301);
#6297 = LINE('',#6298,#6299);
#6298 = CARTESIAN_POINT('',(0.,-0.5));
#6299 = VECTOR('',#6300,1.);
#6300 = DIRECTION('',(1.,0.));
#6301 = ( GEOMETRIC_REPRESENTATION_CONTEXT(2) 
PARAMETRIC_REPRESENTATION_CONTEXT() REPRESENTATION_CONTEXT('2D SPACE',''
  ) );
#6302 = PCURVE('',#6082,#6303);
#6303 = DEFINITIONAL_REPRESENTATION('',(#6304),#6308);
#6304 = LINE('',#6305,#6306);
#6305 = CARTESIAN_POINT('',(6.66015625,0.));
#6306 = VECTOR('',#6307,1.);
#6307 = DIRECTION('',(0.,1.));
#6308 = ( GEOMETRIC_REPRESENTATION_CONTEXT(2) 
PARAMETRIC_REPRESENTATION_CONTEXT() REPRESENTATION_CONTEXT('2D SPACE',''
  ) );
#6309 = ORIENTED_EDGE('',*,*,#6217,.F.);
#6310 = ORIENTED_EDGE('',*,*,#2635,.F.);
#6311 = ADVANCED_FACE('',(#6312),#2623,.T.);
#6312 = FACE_BOUND('',#6313,.T.);
#6313 = EDGE_LOOP('',(#6314,#6337,#6358,#6359));
#6314 = ORIENTED_EDGE('',*,*,#6315,.T.);
#6315 = EDGE_CURVE('',#2580,#6316,#6318,.T.);
#6316 = VERTEX_POINT('',#6317);
#6317 = CARTESIAN_POINT('',(113.3154296875,-3.30322265625,18.));
#6318 = SURFACE_CURVE('',#6319,(#6323,#6330),.PCURVE_S1.);
#6319 = LINE('',#6320,#6321);
#6320 = CARTESIAN_POINT('',(113.3154296875,-3.30322265625,17.5));
#6321 = VECTOR('',#6322,1.);
#6322 = DIRECTION('',(0.,0.,1.));
#6323 = PCURVE('',#2623,#6324);
#6324 = DEFINITIONAL_REPRESENTATION('',(#6325),#6329);
#6325 = LINE('',#6326,#6327);
#6326 = CARTESIAN_POINT('',(0.,-0.));
#6327 = VECTOR('',#6328,1.);
#6328 = DIRECTION('',(0.,-1.));
#6329 = ( GEOMETRIC_REPRESENTATION_CONTEXT(2) 
PARAMETRIC_REPRESENTATION_CONTEXT() REPRESENTATION_CONTEXT('2D SPACE',''
  ) );
#6330 = PCURVE('',#2595,#6331);
#6331 = DEFINITIONAL_REPRESENTATION('',(#6332),#6336);
#6332 = LINE('',#6333,#6334);
#6333 = CARTESIAN_POINT('',(7.158203125,0.));
#6334 = VECTOR('',#6335,1.);
#6335 = DIRECTION('',(0.,-1.));
#6336 = ( GEOMETRIC_REPRESENTATION_CONTEXT(2) 
PARAMETRIC_REPRESENTATION_CONTEXT() REPRESENTATION_CONTEXT('2D SPACE',''
  ) );
#6337 = ORIENTED_EDGE('',*,*,#6338,.T.);
#6338 = EDGE_CURVE('',#6316,#6267,#6339,.T.);
#6339 = SURFACE_CURVE('',#6340,(#6344,#6351),.PCURVE_S1.);
#6340 = LINE('',#6341,#6342);
#6341 = CARTESIAN_POINT('',(113.3154296875,-3.30322265625,18.));
#6342 = VECTOR('',#6343,1.);
#6343 = DIRECTION('',(-1.,0.,0.));
#6344 = PCURVE('',#2623,#6345);
#6345 = DEFINITIONAL_REPRESENTATION('',(#6346),#6350);
#6346 = LINE('',#6347,#6348);
#6347 = CARTESIAN_POINT('',(0.,-0.5));
#6348 = VECTOR('',#6349,1.);
#6349 = DIRECTION('',(1.,0.));
#6350 = ( GEOMETRIC_REPRESENTATION_CONTEXT(2) 
PARAMETRIC_REPRESENTATION_CONTEXT() REPRESENTATION_CONTEXT('2D SPACE',''
  ) );
#6351 = PCURVE('',#6082,#6352);
#6352 = DEFINITIONAL_REPRESENTATION('',(#6353),#6357);
#6353 = LINE('',#6354,#6355);
#6354 = CARTESIAN_POINT('',(7.5732421875,0.));
#6355 = VECTOR('',#6356,1.);
#6356 = DIRECTION('',(-1.,0.));
#6357 = ( GEOMETRIC_REPRESENTATION_CONTEXT(2) 
PARAMETRIC_REPRESENTATION_CONTEXT() REPRESENTATION_CONTEXT('2D SPACE',''
  ) );
#6358 = ORIENTED_EDGE('',*,*,#6266,.F.);
#6359 = ORIENTED_EDGE('',*,*,#2607,.F.);
#6360 = ADVANCED_FACE('',(#6361),#2595,.T.);
#6361 = FACE_BOUND('',#6362,.T.);
#6362 = EDGE_LOOP('',(#6363,#6386,#6407,#6408));
#6363 = ORIENTED_EDGE('',*,*,#6364,.T.);
#6364 = EDGE_CURVE('',#2552,#6365,#6367,.T.);
#6365 = VERTEX_POINT('',#6366);
#6366 = CARTESIAN_POINT('',(113.3154296875,3.85498046875,18.));
#6367 = SURFACE_CURVE('',#6368,(#6372,#6379),.PCURVE_S1.);
#6368 = LINE('',#6369,#6370);
#6369 = CARTESIAN_POINT('',(113.3154296875,3.85498046875,17.5));
#6370 = VECTOR('',#6371,1.);
#6371 = DIRECTION('',(0.,0.,1.));
#6372 = PCURVE('',#2595,#6373);
#6373 = DEFINITIONAL_REPRESENTATION('',(#6374),#6378);
#6374 = LINE('',#6375,#6376);
#6375 = CARTESIAN_POINT('',(0.,0.));
#6376 = VECTOR('',#6377,1.);
#6377 = DIRECTION('',(0.,-1.));
#6378 = ( GEOMETRIC_REPRESENTATION_CONTEXT(2) 
PARAMETRIC_REPRESENTATION_CONTEXT() REPRESENTATION_CONTEXT('2D SPACE',''
  ) );
#6379 = PCURVE('',#2567,#6380);
#6380 = DEFINITIONAL_REPRESENTATION('',(#6381),#6385);
#6381 = LINE('',#6382,#6383);
#6382 = CARTESIAN_POINT('',(1.2744140625,0.));
#6383 = VECTOR('',#6384,1.);
#6384 = DIRECTION('',(0.,-1.));
#6385 = ( GEOMETRIC_REPRESENTATION_CONTEXT(2) 
PARAMETRIC_REPRESENTATION_CONTEXT() REPRESENTATION_CONTEXT('2D SPACE',''
  ) );
#6386 = ORIENTED_EDGE('',*,*,#6387,.T.);
#6387 = EDGE_CURVE('',#6365,#6316,#6388,.T.);
#6388 = SURFACE_CURVE('',#6389,(#6393,#6400),.PCURVE_S1.);
#6389 = LINE('',#6390,#6391);
#6390 = CARTESIAN_POINT('',(113.3154296875,3.85498046875,18.));
#6391 = VECTOR('',#6392,1.);
#6392 = DIRECTION('',(0.,-1.,0.));
#6393 = PCURVE('',#2595,#6394);
#6394 = DEFINITIONAL_REPRESENTATION('',(#6395),#6399);
#6395 = LINE('',#6396,#6397);
#6396 = CARTESIAN_POINT('',(0.,-0.5));
#6397 = VECTOR('',#6398,1.);
#6398 = DIRECTION('',(1.,0.));
#6399 = ( GEOMETRIC_REPRESENTATION_CONTEXT(2) 
PARAMETRIC_REPRESENTATION_CONTEXT() REPRESENTATION_CONTEXT('2D SPACE',''
  ) );
#6400 = PCURVE('',#6082,#6401);
#6401 = DEFINITIONAL_REPRESENTATION('',(#6402),#6406);
#6402 = LINE('',#6403,#6404);
#6403 = CARTESIAN_POINT('',(7.5732421875,7.158203125));
#6404 = VECTOR('',#6405,1.);
#6405 = DIRECTION('',(0.,-1.));
#6406 = ( GEOMETRIC_REPRESENTATION_CONTEXT(2) 
PARAMETRIC_REPRESENTATION_CONTEXT() REPRESENTATION_CONTEXT('2D SPACE',''
  ) );
#6407 = ORIENTED_EDGE('',*,*,#6315,.F.);
#6408 = ORIENTED_EDGE('',*,*,#2579,.F.);
#6409 = ADVANCED_FACE('',(#6410),#2567,.T.);
#6410 = FACE_BOUND('',#6411,.T.);
#6411 = EDGE_LOOP('',(#6412,#6435,#6456,#6457));
#6412 = ORIENTED_EDGE('',*,*,#6413,.T.);
#6413 = EDGE_CURVE('',#2524,#6414,#6416,.T.);
#6414 = VERTEX_POINT('',#6415);
#6415 = CARTESIAN_POINT('',(112.041015625,3.85498046875,18.));
#6416 = SURFACE_CURVE('',#6417,(#6421,#6428),.PCURVE_S1.);
#6417 = LINE('',#6418,#6419);
#6418 = CARTESIAN_POINT('',(112.041015625,3.85498046875,17.5));
#6419 = VECTOR('',#6420,1.);
#6420 = DIRECTION('',(0.,0.,1.));
#6421 = PCURVE('',#2567,#6422);
#6422 = DEFINITIONAL_REPRESENTATION('',(#6423),#6427);
#6423 = LINE('',#6424,#6425);
#6424 = CARTESIAN_POINT('',(0.,0.));
#6425 = VECTOR('',#6426,1.);
#6426 = DIRECTION('',(0.,-1.));
#6427 = ( GEOMETRIC_REPRESENTATION_CONTEXT(2) 
PARAMETRIC_REPRESENTATION_CONTEXT() REPRESENTATION_CONTEXT('2D SPACE',''
  ) );
#6428 = PCURVE('',#2539,#6429);
#6429 = DEFINITIONAL_REPRESENTATION('',(#6430),#6434);
#6430 = LINE('',#6431,#6432);
#6431 = CARTESIAN_POINT('',(5.267106388342,0.));
#6432 = VECTOR('',#6433,1.);
#6433 = DIRECTION('',(0.,-1.));
#6434 = ( GEOMETRIC_REPRESENTATION_CONTEXT(2) 
PARAMETRIC_REPRESENTATION_CONTEXT() REPRESENTATION_CONTEXT('2D SPACE',''
  ) );
#6435 = ORIENTED_EDGE('',*,*,#6436,.T.);
#6436 = EDGE_CURVE('',#6414,#6365,#6437,.T.);
#6437 = SURFACE_CURVE('',#6438,(#6442,#6449),.PCURVE_S1.);
#6438 = LINE('',#6439,#6440);
#6439 = CARTESIAN_POINT('',(112.041015625,3.85498046875,18.));
#6440 = VECTOR('',#6441,1.);
#6441 = DIRECTION('',(1.,0.,0.));
#6442 = PCURVE('',#2567,#6443);
#6443 = DEFINITIONAL_REPRESENTATION('',(#6444),#6448);
#6444 = LINE('',#6445,#6446);
#6445 = CARTESIAN_POINT('',(0.,-0.5));
#6446 = VECTOR('',#6447,1.);
#6447 = DIRECTION('',(1.,0.));
#6448 = ( GEOMETRIC_REPRESENTATION_CONTEXT(2) 
PARAMETRIC_REPRESENTATION_CONTEXT() REPRESENTATION_CONTEXT('2D SPACE',''
  ) );
#6449 = PCURVE('',#6082,#6450);
#6450 = DEFINITIONAL_REPRESENTATION('',(#6451),#6455);
#6451 = LINE('',#6452,#6453);
#6452 = CARTESIAN_POINT('',(6.298828125,7.158203125));
#6453 = VECTOR('',#6454,1.);
#6454 = DIRECTION('',(1.,0.));
#6455 = ( GEOMETRIC_REPRESENTATION_CONTEXT(2) 
PARAMETRIC_REPRESENTATION_CONTEXT() REPRESENTATION_CONTEXT('2D SPACE',''
  ) );
#6456 = ORIENTED_EDGE('',*,*,#6364,.F.);
#6457 = ORIENTED_EDGE('',*,*,#2551,.F.);
#6458 = ADVANCED_FACE('',(#6459),#2539,.T.);
#6459 = FACE_BOUND('',#6460,.T.);
#6460 = EDGE_LOOP('',(#6461,#6484,#6505,#6506));
#6461 = ORIENTED_EDGE('',*,*,#6462,.T.);
#6462 = EDGE_CURVE('',#2494,#6463,#6465,.T.);
#6463 = VERTEX_POINT('',#6464);
#6464 = CARTESIAN_POINT('',(110.3271484375,-1.12548828125,18.));
#6465 = SURFACE_CURVE('',#6466,(#6470,#6477),.PCURVE_S1.);
#6466 = LINE('',#6467,#6468);
#6467 = CARTESIAN_POINT('',(110.3271484375,-1.12548828125,17.5));
#6468 = VECTOR('',#6469,1.);
#6469 = DIRECTION('',(0.,0.,1.));
#6470 = PCURVE('',#2539,#6471);
#6471 = DEFINITIONAL_REPRESENTATION('',(#6472),#6476);
#6472 = LINE('',#6473,#6474);
#6473 = CARTESIAN_POINT('',(0.,0.));
#6474 = VECTOR('',#6475,1.);
#6475 = DIRECTION('',(0.,-1.));
#6476 = ( GEOMETRIC_REPRESENTATION_CONTEXT(2) 
PARAMETRIC_REPRESENTATION_CONTEXT() REPRESENTATION_CONTEXT('2D SPACE',''
  ) );
#6477 = PCURVE('',#2509,#6478);
#6478 = DEFINITIONAL_REPRESENTATION('',(#6479),#6483);
#6479 = LINE('',#6480,#6481);
#6480 = CARTESIAN_POINT('',(1.,0.));
#6481 = VECTOR('',#6482,1.);
#6482 = DIRECTION('',(0.,-1.));
#6483 = ( GEOMETRIC_REPRESENTATION_CONTEXT(2) 
PARAMETRIC_REPRESENTATION_CONTEXT() REPRESENTATION_CONTEXT('2D SPACE',''
  ) );
#6484 = ORIENTED_EDGE('',*,*,#6485,.T.);
#6485 = EDGE_CURVE('',#6463,#6414,#6486,.T.);
#6486 = SURFACE_CURVE('',#6487,(#6491,#6498),.PCURVE_S1.);
#6487 = LINE('',#6488,#6489);
#6488 = CARTESIAN_POINT('',(110.3271484375,-1.12548828125,18.));
#6489 = VECTOR('',#6490,1.);
#6490 = DIRECTION('',(0.325390653072,0.945579675593,0.));
#6491 = PCURVE('',#2539,#6492);
#6492 = DEFINITIONAL_REPRESENTATION('',(#6493),#6497);
#6493 = LINE('',#6494,#6495);
#6494 = CARTESIAN_POINT('',(0.,-0.5));
#6495 = VECTOR('',#6496,1.);
#6496 = DIRECTION('',(1.,0.));
#6497 = ( GEOMETRIC_REPRESENTATION_CONTEXT(2) 
PARAMETRIC_REPRESENTATION_CONTEXT() REPRESENTATION_CONTEXT('2D SPACE',''
  ) );
#6498 = PCURVE('',#6082,#6499);
#6499 = DEFINITIONAL_REPRESENTATION('',(#6500),#6504);
#6500 = LINE('',#6501,#6502);
#6501 = CARTESIAN_POINT('',(4.5849609375,2.177734375));
#6502 = VECTOR('',#6503,1.);
#6503 = DIRECTION('',(0.325390653072,0.945579675593));
#6504 = ( GEOMETRIC_REPRESENTATION_CONTEXT(2) 
PARAMETRIC_REPRESENTATION_CONTEXT() REPRESENTATION_CONTEXT('2D SPACE',''
  ) );
#6505 = ORIENTED_EDGE('',*,*,#6413,.F.);
#6506 = ORIENTED_EDGE('',*,*,#2523,.F.);
#6507 = ADVANCED_FACE('',(#6508),#2509,.T.);
#6508 = FACE_BOUND('',#6509,.T.);
#6509 = EDGE_LOOP('',(#6510,#6533,#6554,#6555));
#6510 = ORIENTED_EDGE('',*,*,#6511,.T.);
#6511 = EDGE_CURVE('',#2464,#6512,#6514,.T.);
#6512 = VERTEX_POINT('',#6513);
#6513 = CARTESIAN_POINT('',(109.9462890625,-2.27294921875,18.));
#6514 = SURFACE_CURVE('',#6515,(#6519,#6526),.PCURVE_S1.);
#6515 = LINE('',#6516,#6517);
#6516 = CARTESIAN_POINT('',(109.9462890625,-2.27294921875,17.5));
#6517 = VECTOR('',#6518,1.);
#6518 = DIRECTION('',(0.,0.,1.));
#6519 = PCURVE('',#2509,#6520);
#6520 = DEFINITIONAL_REPRESENTATION('',(#6521),#6525);
#6521 = LINE('',#6522,#6523);
#6522 = CARTESIAN_POINT('',(0.,0.));
#6523 = VECTOR('',#6524,1.);
#6524 = DIRECTION('',(0.,-1.));
#6525 = ( GEOMETRIC_REPRESENTATION_CONTEXT(2) 
PARAMETRIC_REPRESENTATION_CONTEXT() REPRESENTATION_CONTEXT('2D SPACE',''
  ) );
#6526 = PCURVE('',#2479,#6527);
#6527 = DEFINITIONAL_REPRESENTATION('',(#6528),#6532);
#6528 = LINE('',#6529,#6530);
#6529 = CARTESIAN_POINT('',(1.,0.));
#6530 = VECTOR('',#6531,1.);
#6531 = DIRECTION('',(0.,-1.));
#6532 = ( GEOMETRIC_REPRESENTATION_CONTEXT(2) 
PARAMETRIC_REPRESENTATION_CONTEXT() REPRESENTATION_CONTEXT('2D SPACE',''
  ) );
#6533 = ORIENTED_EDGE('',*,*,#6534,.T.);
#6534 = EDGE_CURVE('',#6512,#6463,#6535,.T.);
#6535 = SURFACE_CURVE('',#6536,(#6540,#6547),.PCURVE_S1.);
#6536 = B_SPLINE_CURVE_WITH_KNOTS('',2,(#6537,#6538,#6539),
  .UNSPECIFIED.,.F.,.F.,(3,3),(0.,1.),.PIECEWISE_BEZIER_KNOTS.);
#6537 = CARTESIAN_POINT('',(109.9462890625,-2.27294921875,18.));
#6538 = CARTESIAN_POINT('',(110.068359375,-1.88232421875,18.));
#6539 = CARTESIAN_POINT('',(110.3271484375,-1.12548828125,18.));
#6540 = PCURVE('',#2509,#6541);
#6541 = DEFINITIONAL_REPRESENTATION('',(#6542),#6546);
#6542 = LINE('',#6543,#6544);
#6543 = CARTESIAN_POINT('',(0.,-0.5));
#6544 = VECTOR('',#6545,1.);
#6545 = DIRECTION('',(1.,0.));
#6546 = ( GEOMETRIC_REPRESENTATION_CONTEXT(2) 
PARAMETRIC_REPRESENTATION_CONTEXT() REPRESENTATION_CONTEXT('2D SPACE',''
  ) );
#6547 = PCURVE('',#6082,#6548);
#6548 = DEFINITIONAL_REPRESENTATION('',(#6549),#6553);
#6549 = B_SPLINE_CURVE_WITH_KNOTS('',2,(#6550,#6551,#6552),
  .UNSPECIFIED.,.F.,.F.,(3,3),(0.,1.),.PIECEWISE_BEZIER_KNOTS.);
#6550 = CARTESIAN_POINT('',(4.2041015625,1.0302734375));
#6551 = CARTESIAN_POINT('',(4.326171875,1.4208984375));
#6552 = CARTESIAN_POINT('',(4.5849609375,2.177734375));
#6553 = ( GEOMETRIC_REPRESENTATION_CONTEXT(2) 
PARAMETRIC_REPRESENTATION_CONTEXT() REPRESENTATION_CONTEXT('2D SPACE',''
  ) );
#6554 = ORIENTED_EDGE('',*,*,#6462,.F.);
#6555 = ORIENTED_EDGE('',*,*,#2493,.F.);
#6556 = ADVANCED_FACE('',(#6557),#2479,.T.);
#6557 = FACE_BOUND('',#6558,.T.);
#6558 = EDGE_LOOP('',(#6559,#6582,#6603,#6604));
#6559 = ORIENTED_EDGE('',*,*,#6560,.T.);
#6560 = EDGE_CURVE('',#2436,#6561,#6563,.T.);
#6561 = VERTEX_POINT('',#6562);
#6562 = CARTESIAN_POINT('',(109.6044921875,-1.21337890625,18.));
#6563 = SURFACE_CURVE('',#6564,(#6568,#6575),.PCURVE_S1.);
#6564 = LINE('',#6565,#6566);
#6565 = CARTESIAN_POINT('',(109.6044921875,-1.21337890625,17.5));
#6566 = VECTOR('',#6567,1.);
#6567 = DIRECTION('',(0.,0.,1.));
#6568 = PCURVE('',#2479,#6569);
#6569 = DEFINITIONAL_REPRESENTATION('',(#6570),#6574);
#6570 = LINE('',#6571,#6572);
#6571 = CARTESIAN_POINT('',(0.,0.));
#6572 = VECTOR('',#6573,1.);
#6573 = DIRECTION('',(0.,-1.));
#6574 = ( GEOMETRIC_REPRESENTATION_CONTEXT(2) 
PARAMETRIC_REPRESENTATION_CONTEXT() REPRESENTATION_CONTEXT('2D SPACE',''
  ) );
#6575 = PCURVE('',#2451,#6576);
#6576 = DEFINITIONAL_REPRESENTATION('',(#6577),#6581);
#6577 = LINE('',#6578,#6579);
#6578 = CARTESIAN_POINT('',(5.344065963595,0.));
#6579 = VECTOR('',#6580,1.);
#6580 = DIRECTION('',(0.,-1.));
#6581 = ( GEOMETRIC_REPRESENTATION_CONTEXT(2) 
PARAMETRIC_REPRESENTATION_CONTEXT() REPRESENTATION_CONTEXT('2D SPACE',''
  ) );
#6582 = ORIENTED_EDGE('',*,*,#6583,.T.);
#6583 = EDGE_CURVE('',#6561,#6512,#6584,.T.);
#6584 = SURFACE_CURVE('',#6585,(#6589,#6596),.PCURVE_S1.);
#6585 = B_SPLINE_CURVE_WITH_KNOTS('',2,(#6586,#6587,#6588),
  .UNSPECIFIED.,.F.,.F.,(3,3),(0.,1.),.PIECEWISE_BEZIER_KNOTS.);
#6586 = CARTESIAN_POINT('',(109.6044921875,-1.21337890625,18.));
#6587 = CARTESIAN_POINT('',(109.8388671875,-1.92138671875,18.));
#6588 = CARTESIAN_POINT('',(109.9462890625,-2.27294921875,18.));
#6589 = PCURVE('',#2479,#6590);
#6590 = DEFINITIONAL_REPRESENTATION('',(#6591),#6595);
#6591 = LINE('',#6592,#6593);
#6592 = CARTESIAN_POINT('',(0.,-0.5));
#6593 = VECTOR('',#6594,1.);
#6594 = DIRECTION('',(1.,0.));
#6595 = ( GEOMETRIC_REPRESENTATION_CONTEXT(2) 
PARAMETRIC_REPRESENTATION_CONTEXT() REPRESENTATION_CONTEXT('2D SPACE',''
  ) );
#6596 = PCURVE('',#6082,#6597);
#6597 = DEFINITIONAL_REPRESENTATION('',(#6598),#6602);
#6598 = B_SPLINE_CURVE_WITH_KNOTS('',2,(#6599,#6600,#6601),
  .UNSPECIFIED.,.F.,.F.,(3,3),(0.,1.),.PIECEWISE_BEZIER_KNOTS.);
#6599 = CARTESIAN_POINT('',(3.8623046875,2.08984375));
#6600 = CARTESIAN_POINT('',(4.0966796875,1.3818359375));
#6601 = CARTESIAN_POINT('',(4.2041015625,1.0302734375));
#6602 = ( GEOMETRIC_REPRESENTATION_CONTEXT(2) 
PARAMETRIC_REPRESENTATION_CONTEXT() REPRESENTATION_CONTEXT('2D SPACE',''
  ) );
#6603 = ORIENTED_EDGE('',*,*,#6511,.F.);
#6604 = ORIENTED_EDGE('',*,*,#2463,.F.);
#6605 = ADVANCED_FACE('',(#6606),#2451,.T.);
#6606 = FACE_BOUND('',#6607,.T.);
#6607 = EDGE_LOOP('',(#6608,#6631,#6652,#6653));
#6608 = ORIENTED_EDGE('',*,*,#6609,.T.);
#6609 = EDGE_CURVE('',#2408,#6610,#6612,.T.);
#6610 = VERTEX_POINT('',#6611);
#6611 = CARTESIAN_POINT('',(107.91015625,3.85498046875,18.));
#6612 = SURFACE_CURVE('',#6613,(#6617,#6624),.PCURVE_S1.);
#6613 = LINE('',#6614,#6615);
#6614 = CARTESIAN_POINT('',(107.91015625,3.85498046875,17.5));
#6615 = VECTOR('',#6616,1.);
#6616 = DIRECTION('',(0.,0.,1.));
#6617 = PCURVE('',#2451,#6618);
#6618 = DEFINITIONAL_REPRESENTATION('',(#6619),#6623);
#6619 = LINE('',#6620,#6621);
#6620 = CARTESIAN_POINT('',(0.,0.));
#6621 = VECTOR('',#6622,1.);
#6622 = DIRECTION('',(0.,-1.));
#6623 = ( GEOMETRIC_REPRESENTATION_CONTEXT(2) 
PARAMETRIC_REPRESENTATION_CONTEXT() REPRESENTATION_CONTEXT('2D SPACE',''
  ) );
#6624 = PCURVE('',#2423,#6625);
#6625 = DEFINITIONAL_REPRESENTATION('',(#6626),#6630);
#6626 = LINE('',#6627,#6628);
#6627 = CARTESIAN_POINT('',(1.42578125,0.));
#6628 = VECTOR('',#6629,1.);
#6629 = DIRECTION('',(0.,-1.));
#6630 = ( GEOMETRIC_REPRESENTATION_CONTEXT(2) 
PARAMETRIC_REPRESENTATION_CONTEXT() REPRESENTATION_CONTEXT('2D SPACE',''
  ) );
#6631 = ORIENTED_EDGE('',*,*,#6632,.T.);
#6632 = EDGE_CURVE('',#6610,#6561,#6633,.T.);
#6633 = SURFACE_CURVE('',#6634,(#6638,#6645),.PCURVE_S1.);
#6634 = LINE('',#6635,#6636);
#6635 = CARTESIAN_POINT('',(107.91015625,3.85498046875,18.));
#6636 = VECTOR('',#6637,1.);
#6637 = DIRECTION('',(0.317049967018,-0.948408835057,0.));
#6638 = PCURVE('',#2451,#6639);
#6639 = DEFINITIONAL_REPRESENTATION('',(#6640),#6644);
#6640 = LINE('',#6641,#6642);
#6641 = CARTESIAN_POINT('',(0.,-0.5));
#6642 = VECTOR('',#6643,1.);
#6643 = DIRECTION('',(1.,0.));
#6644 = ( GEOMETRIC_REPRESENTATION_CONTEXT(2) 
PARAMETRIC_REPRESENTATION_CONTEXT() REPRESENTATION_CONTEXT('2D SPACE',''
  ) );
#6645 = PCURVE('',#6082,#6646);
#6646 = DEFINITIONAL_REPRESENTATION('',(#6647),#6651);
#6647 = LINE('',#6648,#6649);
#6648 = CARTESIAN_POINT('',(2.16796875,7.158203125));
#6649 = VECTOR('',#6650,1.);
#6650 = DIRECTION('',(0.317049967018,-0.948408835057));
#6651 = ( GEOMETRIC_REPRESENTATION_CONTEXT(2) 
PARAMETRIC_REPRESENTATION_CONTEXT() REPRESENTATION_CONTEXT('2D SPACE',''
  ) );
#6652 = ORIENTED_EDGE('',*,*,#6560,.F.);
#6653 = ORIENTED_EDGE('',*,*,#2435,.F.);
#6654 = ADVANCED_FACE('',(#6655),#2423,.T.);
#6655 = FACE_BOUND('',#6656,.T.);
#6656 = EDGE_LOOP('',(#6657,#6680,#6701,#6702));
#6657 = ORIENTED_EDGE('',*,*,#6658,.T.);
#6658 = EDGE_CURVE('',#2380,#6659,#6661,.T.);
#6659 = VERTEX_POINT('',#6660);
#6660 = CARTESIAN_POINT('',(106.484375,3.85498046875,18.));
#6661 = SURFACE_CURVE('',#6662,(#6666,#6673),.PCURVE_S1.);
#6662 = LINE('',#6663,#6664);
#6663 = CARTESIAN_POINT('',(106.484375,3.85498046875,17.5));
#6664 = VECTOR('',#6665,1.);
#6665 = DIRECTION('',(0.,0.,1.));
#6666 = PCURVE('',#2423,#6667);
#6667 = DEFINITIONAL_REPRESENTATION('',(#6668),#6672);
#6668 = LINE('',#6669,#6670);
#6669 = CARTESIAN_POINT('',(0.,0.));
#6670 = VECTOR('',#6671,1.);
#6671 = DIRECTION('',(0.,-1.));
#6672 = ( GEOMETRIC_REPRESENTATION_CONTEXT(2) 
PARAMETRIC_REPRESENTATION_CONTEXT() REPRESENTATION_CONTEXT('2D SPACE',''
  ) );
#6673 = PCURVE('',#2395,#6674);
#6674 = DEFINITIONAL_REPRESENTATION('',(#6675),#6679);
#6675 = LINE('',#6676,#6677);
#6676 = CARTESIAN_POINT('',(7.158203125,0.));
#6677 = VECTOR('',#6678,1.);
#6678 = DIRECTION('',(0.,-1.));
#6679 = ( GEOMETRIC_REPRESENTATION_CONTEXT(2) 
PARAMETRIC_REPRESENTATION_CONTEXT() REPRESENTATION_CONTEXT('2D SPACE',''
  ) );
#6680 = ORIENTED_EDGE('',*,*,#6681,.T.);
#6681 = EDGE_CURVE('',#6659,#6610,#6682,.T.);
#6682 = SURFACE_CURVE('',#6683,(#6687,#6694),.PCURVE_S1.);
#6683 = LINE('',#6684,#6685);
#6684 = CARTESIAN_POINT('',(106.484375,3.85498046875,18.));
#6685 = VECTOR('',#6686,1.);
#6686 = DIRECTION('',(1.,0.,0.));
#6687 = PCURVE('',#2423,#6688);
#6688 = DEFINITIONAL_REPRESENTATION('',(#6689),#6693);
#6689 = LINE('',#6690,#6691);
#6690 = CARTESIAN_POINT('',(0.,-0.5));
#6691 = VECTOR('',#6692,1.);
#6692 = DIRECTION('',(1.,0.));
#6693 = ( GEOMETRIC_REPRESENTATION_CONTEXT(2) 
PARAMETRIC_REPRESENTATION_CONTEXT() REPRESENTATION_CONTEXT('2D SPACE',''
  ) );
#6694 = PCURVE('',#6082,#6695);
#6695 = DEFINITIONAL_REPRESENTATION('',(#6696),#6700);
#6696 = LINE('',#6697,#6698);
#6697 = CARTESIAN_POINT('',(0.7421875,7.158203125));
#6698 = VECTOR('',#6699,1.);
#6699 = DIRECTION('',(1.,0.));
#6700 = ( GEOMETRIC_REPRESENTATION_CONTEXT(2) 
PARAMETRIC_REPRESENTATION_CONTEXT() REPRESENTATION_CONTEXT('2D SPACE',''
  ) );
#6701 = ORIENTED_EDGE('',*,*,#6609,.F.);
#6702 = ORIENTED_EDGE('',*,*,#2407,.F.);
#6703 = ADVANCED_FACE('',(#6704),#2395,.T.);
#6704 = FACE_BOUND('',#6705,.T.);
#6705 = EDGE_LOOP('',(#6706,#6729,#6750,#6751));
#6706 = ORIENTED_EDGE('',*,*,#6707,.T.);
#6707 = EDGE_CURVE('',#2352,#6708,#6710,.T.);
#6708 = VERTEX_POINT('',#6709);
#6709 = CARTESIAN_POINT('',(106.484375,-3.30322265625,18.));
#6710 = SURFACE_CURVE('',#6711,(#6715,#6722),.PCURVE_S1.);
#6711 = LINE('',#6712,#6713);
#6712 = CARTESIAN_POINT('',(106.484375,-3.30322265625,17.5));
#6713 = VECTOR('',#6714,1.);
#6714 = DIRECTION('',(0.,0.,1.));
#6715 = PCURVE('',#2395,#6716);
#6716 = DEFINITIONAL_REPRESENTATION('',(#6717),#6721);
#6717 = LINE('',#6718,#6719);
#6718 = CARTESIAN_POINT('',(0.,0.));
#6719 = VECTOR('',#6720,1.);
#6720 = DIRECTION('',(0.,-1.));
#6721 = ( GEOMETRIC_REPRESENTATION_CONTEXT(2) 
PARAMETRIC_REPRESENTATION_CONTEXT() REPRESENTATION_CONTEXT('2D SPACE',''
  ) );
#6722 = PCURVE('',#2367,#6723);
#6723 = DEFINITIONAL_REPRESENTATION('',(#6724),#6728);
#6724 = LINE('',#6725,#6726);
#6725 = CARTESIAN_POINT('',(0.9130859375,0.));
#6726 = VECTOR('',#6727,1.);
#6727 = DIRECTION('',(0.,-1.));
#6728 = ( GEOMETRIC_REPRESENTATION_CONTEXT(2) 
PARAMETRIC_REPRESENTATION_CONTEXT() REPRESENTATION_CONTEXT('2D SPACE',''
  ) );
#6729 = ORIENTED_EDGE('',*,*,#6730,.T.);
#6730 = EDGE_CURVE('',#6708,#6659,#6731,.T.);
#6731 = SURFACE_CURVE('',#6732,(#6736,#6743),.PCURVE_S1.);
#6732 = LINE('',#6733,#6734);
#6733 = CARTESIAN_POINT('',(106.484375,-3.30322265625,18.));
#6734 = VECTOR('',#6735,1.);
#6735 = DIRECTION('',(0.,1.,0.));
#6736 = PCURVE('',#2395,#6737);
#6737 = DEFINITIONAL_REPRESENTATION('',(#6738),#6742);
#6738 = LINE('',#6739,#6740);
#6739 = CARTESIAN_POINT('',(0.,-0.5));
#6740 = VECTOR('',#6741,1.);
#6741 = DIRECTION('',(1.,0.));
#6742 = ( GEOMETRIC_REPRESENTATION_CONTEXT(2) 
PARAMETRIC_REPRESENTATION_CONTEXT() REPRESENTATION_CONTEXT('2D SPACE',''
  ) );
#6743 = PCURVE('',#6082,#6744);
#6744 = DEFINITIONAL_REPRESENTATION('',(#6745),#6749);
#6745 = LINE('',#6746,#6747);
#6746 = CARTESIAN_POINT('',(0.7421875,0.));
#6747 = VECTOR('',#6748,1.);
#6748 = DIRECTION('',(0.,1.));
#6749 = ( GEOMETRIC_REPRESENTATION_CONTEXT(2) 
PARAMETRIC_REPRESENTATION_CONTEXT() REPRESENTATION_CONTEXT('2D SPACE',''
  ) );
#6750 = ORIENTED_EDGE('',*,*,#6658,.F.);
#6751 = ORIENTED_EDGE('',*,*,#2379,.F.);
#6752 = ADVANCED_FACE('',(#6753),#2367,.T.);
#6753 = FACE_BOUND('',#6754,.T.);
#6754 = EDGE_LOOP('',(#6755,#6756,#6777,#6778));
#6755 = ORIENTED_EDGE('',*,*,#6094,.T.);
#6756 = ORIENTED_EDGE('',*,*,#6757,.T.);
#6757 = EDGE_CURVE('',#6067,#6708,#6758,.T.);
#6758 = SURFACE_CURVE('',#6759,(#6763,#6770),.PCURVE_S1.);
#6759 = LINE('',#6760,#6761);
#6760 = CARTESIAN_POINT('',(107.3974609375,-3.30322265625,18.));
#6761 = VECTOR('',#6762,1.);
#6762 = DIRECTION('',(-1.,0.,0.));
#6763 = PCURVE('',#2367,#6764);
#6764 = DEFINITIONAL_REPRESENTATION('',(#6765),#6769);
#6765 = LINE('',#6766,#6767);
#6766 = CARTESIAN_POINT('',(0.,-0.5));
#6767 = VECTOR('',#6768,1.);
#6768 = DIRECTION('',(1.,0.));
#6769 = ( GEOMETRIC_REPRESENTATION_CONTEXT(2) 
PARAMETRIC_REPRESENTATION_CONTEXT() REPRESENTATION_CONTEXT('2D SPACE',''
  ) );
#6770 = PCURVE('',#6082,#6771);
#6771 = DEFINITIONAL_REPRESENTATION('',(#6772),#6776);
#6772 = LINE('',#6773,#6774);
#6773 = CARTESIAN_POINT('',(1.6552734375,0.));
#6774 = VECTOR('',#6775,1.);
#6775 = DIRECTION('',(-1.,0.));
#6776 = ( GEOMETRIC_REPRESENTATION_CONTEXT(2) 
PARAMETRIC_REPRESENTATION_CONTEXT() REPRESENTATION_CONTEXT('2D SPACE',''
  ) );
#6777 = ORIENTED_EDGE('',*,*,#6707,.F.);
#6778 = ORIENTED_EDGE('',*,*,#2351,.F.);
#6779 = ADVANCED_FACE('',(#6780),#2813,.T.);
#6780 = FACE_BOUND('',#6781,.T.);
#6781 = EDGE_LOOP('',(#6782,#6803,#6825,#6826));
#6782 = ORIENTED_EDGE('',*,*,#6783,.F.);
#6783 = EDGE_CURVE('',#3042,#3218,#6784,.T.);
#6784 = SURFACE_CURVE('',#6785,(#6789,#6796),.PCURVE_S1.);
#6785 = LINE('',#6786,#6787);
#6786 = CARTESIAN_POINT('',(120.,24.5,-17.5));
#6787 = VECTOR('',#6788,1.);
#6788 = DIRECTION('',(0.,0.,1.));
#6789 = PCURVE('',#2813,#6790);
#6790 = DEFINITIONAL_REPRESENTATION('',(#6791),#6795);
#6791 = LINE('',#6792,#6793);
#6792 = CARTESIAN_POINT('',(0.,0.));
#6793 = VECTOR('',#6794,1.);
#6794 = DIRECTION('',(0.,1.));
#6795 = ( GEOMETRIC_REPRESENTATION_CONTEXT(2) 
PARAMETRIC_REPRESENTATION_CONTEXT() REPRESENTATION_CONTEXT('2D SPACE',''
  ) );
#6796 = PCURVE('',#2929,#6797);
#6797 = DEFINITIONAL_REPRESENTATION('',(#6798),#6802);
#6798 = LINE('',#6799,#6800);
#6799 = CARTESIAN_POINT('',(0.,-52.));
#6800 = VECTOR('',#6801,1.);
#6801 = DIRECTION('',(1.,0.));
#6802 = ( GEOMETRIC_REPRESENTATION_CONTEXT(2) 
PARAMETRIC_REPRESENTATION_CONTEXT() REPRESENTATION_CONTEXT('2D SPACE',''
  ) );
#6803 = ORIENTED_EDGE('',*,*,#6804,.T.);
#6804 = EDGE_CURVE('',#3042,#2798,#6805,.T.);
#6805 = SURFACE_CURVE('',#6806,(#6811,#6818),.PCURVE_S1.);
#6806 = CIRCLE('',#6807,3.);
#6807 = AXIS2_PLACEMENT_3D('',#6808,#6809,#6810);
#6808 = CARTESIAN_POINT('',(117.,24.5,-14.5));
#6809 = DIRECTION('',(0.,0.,1.));
#6810 = DIRECTION('',(1.,0.,-0.));
#6811 = PCURVE('',#2813,#6812);
#6812 = DEFINITIONAL_REPRESENTATION('',(#6813),#6817);
#6813 = LINE('',#6814,#6815);
#6814 = CARTESIAN_POINT('',(0.,3.));
#6815 = VECTOR('',#6816,1.);
#6816 = DIRECTION('',(1.,0.));
#6817 = ( GEOMETRIC_REPRESENTATION_CONTEXT(2) 
PARAMETRIC_REPRESENTATION_CONTEXT() REPRESENTATION_CONTEXT('2D SPACE',''
  ) );
#6818 = PCURVE('',#3005,#6819);
#6819 = DEFINITIONAL_REPRESENTATION('',(#6820),#6824);
#6820 = LINE('',#6821,#6822);
#6821 = CARTESIAN_POINT('',(0.,0.));
#6822 = VECTOR('',#6823,1.);
#6823 = DIRECTION('',(1.,0.));
#6824 = ( GEOMETRIC_REPRESENTATION_CONTEXT(2) 
PARAMETRIC_REPRESENTATION_CONTEXT() REPRESENTATION_CONTEXT('2D SPACE',''
  ) );
#6825 = ORIENTED_EDGE('',*,*,#2797,.T.);
#6826 = ORIENTED_EDGE('',*,*,#6827,.T.);
#6827 = EDGE_CURVE('',#2775,#3218,#6828,.T.);
#6828 = SURFACE_CURVE('',#6829,(#6834,#6840),.PCURVE_S1.);
#6829 = CIRCLE('',#6830,3.);
#6830 = AXIS2_PLACEMENT_3D('',#6831,#6832,#6833);
#6831 = CARTESIAN_POINT('',(117.,24.5,14.5));
#6832 = DIRECTION('',(0.,0.,-1.));
#6833 = DIRECTION('',(1.,0.,0.));
#6834 = PCURVE('',#2813,#6835);
#6835 = DEFINITIONAL_REPRESENTATION('',(#6836),#6839);
#6836 = B_SPLINE_CURVE_WITH_KNOTS('',1,(#6837,#6838),.UNSPECIFIED.,.F.,
  .F.,(2,2),(4.712388980385,6.28318530718),.PIECEWISE_BEZIER_KNOTS.);
#6837 = CARTESIAN_POINT('',(1.570796326795,32.));
#6838 = CARTESIAN_POINT('',(0.,32.));
#6839 = ( GEOMETRIC_REPRESENTATION_CONTEXT(2) 
PARAMETRIC_REPRESENTATION_CONTEXT() REPRESENTATION_CONTEXT('2D SPACE',''
  ) );
#6840 = PCURVE('',#3103,#6841);
#6841 = DEFINITIONAL_REPRESENTATION('',(#6842),#6845);
#6842 = B_SPLINE_CURVE_WITH_KNOTS('',1,(#6843,#6844),.UNSPECIFIED.,.F.,
  .F.,(2,2),(4.712388980385,6.28318530718),.PIECEWISE_BEZIER_KNOTS.);
#6843 = CARTESIAN_POINT('',(0.,-1.570796326795));
#6844 = CARTESIAN_POINT('',(0.,0.));
#6845 = ( GEOMETRIC_REPRESENTATION_CONTEXT(2) 
PARAMETRIC_REPRESENTATION_CONTEXT() REPRESENTATION_CONTEXT('2D SPACE',''
  ) );
#6846 = ADVANCED_FACE('',(#6847),#2865,.T.);
#6847 = FACE_BOUND('',#6848,.F.);
#6848 = EDGE_LOOP('',(#6849,#6850,#6851));
#6849 = ORIENTED_EDGE('',*,*,#3020,.F.);
#6850 = ORIENTED_EDGE('',*,*,#2851,.T.);
#6851 = ORIENTED_EDGE('',*,*,#2941,.F.);
#6852 = ADVANCED_FACE('',(#6853),#2896,.T.);
#6853 = FACE_BOUND('',#6854,.T.);
#6854 = EDGE_LOOP('',(#6855,#6856,#6857));
#6855 = ORIENTED_EDGE('',*,*,#3118,.F.);
#6856 = ORIENTED_EDGE('',*,*,#2882,.T.);
#6857 = ORIENTED_EDGE('',*,*,#2964,.F.);
#6858 = ADVANCED_FACE('',(#6859,#6865),#2929,.T.);
#6859 = FACE_BOUND('',#6860,.T.);
#6860 = EDGE_LOOP('',(#6861,#6862,#6863,#6864));
#6861 = ORIENTED_EDGE('',*,*,#2911,.F.);
#6862 = ORIENTED_EDGE('',*,*,#3063,.T.);
#6863 = ORIENTED_EDGE('',*,*,#6783,.T.);
#6864 = ORIENTED_EDGE('',*,*,#3241,.F.);
#6865 = FACE_BOUND('',#6866,.T.);
#6866 = EDGE_LOOP('',(#6867));
#6867 = ORIENTED_EDGE('',*,*,#6868,.F.);
#6868 = EDGE_CURVE('',#6869,#6869,#6871,.T.);
#6869 = VERTEX_POINT('',#6870);
#6870 = CARTESIAN_POINT('',(120.,-1.224646799147E-15,-5.));
#6871 = SURFACE_CURVE('',#6872,(#6877,#6884),.PCURVE_S1.);
#6872 = CIRCLE('',#6873,5.);
#6873 = AXIS2_PLACEMENT_3D('',#6874,#6875,#6876);
#6874 = CARTESIAN_POINT('',(120.,0.,1.110223024625E-15));
#6875 = DIRECTION('',(1.,0.,1.110223024625E-16));
#6876 = DIRECTION('',(1.110223024625E-16,0.,-1.));
#6877 = PCURVE('',#2929,#6878);
#6878 = DEFINITIONAL_REPRESENTATION('',(#6879),#6883);
#6879 = CIRCLE('',#6880,5.);
#6880 = AXIS2_PLACEMENT_2D('',#6881,#6882);
#6881 = CARTESIAN_POINT('',(17.5,-27.5));
#6882 = DIRECTION('',(-1.,0.));
#6883 = ( GEOMETRIC_REPRESENTATION_CONTEXT(2) 
PARAMETRIC_REPRESENTATION_CONTEXT() REPRESENTATION_CONTEXT('2D SPACE',''
  ) );
#6884 = PCURVE('',#6885,#6890);
#6885 = CYLINDRICAL_SURFACE('',#6886,5.);
#6886 = AXIS2_PLACEMENT_3D('',#6887,#6888,#6889);
#6887 = CARTESIAN_POINT('',(110.,0.,-4.440892098501E-15));
#6888 = DIRECTION('',(1.,0.,1.110223024625E-16));
#6889 = DIRECTION('',(1.110223024625E-16,0.,-1.));
#6890 = DEFINITIONAL_REPRESENTATION('',(#6891),#6895);
#6891 = LINE('',#6892,#6893);
#6892 = CARTESIAN_POINT('',(0.,10.));
#6893 = VECTOR('',#6894,1.);
#6894 = DIRECTION('',(1.,0.));
#6895 = ( GEOMETRIC_REPRESENTATION_CONTEXT(2) 
PARAMETRIC_REPRESENTATION_CONTEXT() REPRESENTATION_CONTEXT('2D SPACE',''
  ) );
#6896 = ADVANCED_FACE('',(#6897),#3005,.T.);
#6897 = FACE_BOUND('',#6898,.T.);
#6898 = EDGE_LOOP('',(#6899,#6900,#6901));
#6899 = ORIENTED_EDGE('',*,*,#3041,.F.);
#6900 = ORIENTED_EDGE('',*,*,#2991,.T.);
#6901 = ORIENTED_EDGE('',*,*,#6804,.F.);
#6902 = ADVANCED_FACE('',(#6903),#3103,.T.);
#6903 = FACE_BOUND('',#6904,.T.);
#6904 = EDGE_LOOP('',(#6905,#6906,#6907));
#6905 = ORIENTED_EDGE('',*,*,#6827,.F.);
#6906 = ORIENTED_EDGE('',*,*,#3089,.T.);
#6907 = ORIENTED_EDGE('',*,*,#3217,.F.);
#6908 = ADVANCED_FACE('',(#6909),#3155,.F.);
#6909 = FACE_BOUND('',#6910,.F.);
#6910 = EDGE_LOOP('',(#6911,#6912,#6913,#6936,#6964,#6985,#6986,#6987,
    #7017,#7047,#7075));
#6911 = ORIENTED_EDGE('',*,*,#3139,.F.);
#6912 = ORIENTED_EDGE('',*,*,#3569,.F.);
#6913 = ORIENTED_EDGE('',*,*,#6914,.F.);
#6914 = EDGE_CURVE('',#6915,#3517,#6917,.T.);
#6915 = VERTEX_POINT('',#6916);
#6916 = CARTESIAN_POINT('',(119.677734375,-3.30322265625,17.5));
#6917 = SURFACE_CURVE('',#6918,(#6922,#6929),.PCURVE_S1.);
#6918 = LINE('',#6919,#6920);
#6919 = CARTESIAN_POINT('',(119.677734375,-3.30322265625,17.5));
#6920 = VECTOR('',#6921,1.);
#6921 = DIRECTION('',(-0.359401561996,0.933183003078,0.));
#6922 = PCURVE('',#3155,#6923);
#6923 = DEFINITIONAL_REPRESENTATION('',(#6924),#6928);
#6924 = LINE('',#6925,#6926);
#6925 = CARTESIAN_POINT('',(5.60546875,0.));
#6926 = VECTOR('',#6927,1.);
#6927 = DIRECTION('',(-0.359401561996,0.933183003078));
#6928 = ( GEOMETRIC_REPRESENTATION_CONTEXT(2) 
PARAMETRIC_REPRESENTATION_CONTEXT() REPRESENTATION_CONTEXT('2D SPACE',''
  ) );
#6929 = PCURVE('',#3534,#6930);
#6930 = DEFINITIONAL_REPRESENTATION('',(#6931),#6935);
#6931 = LINE('',#6932,#6933);
#6932 = CARTESIAN_POINT('',(0.,0.));
#6933 = VECTOR('',#6934,1.);
#6934 = DIRECTION('',(1.,0.));
#6935 = ( GEOMETRIC_REPRESENTATION_CONTEXT(2) 
PARAMETRIC_REPRESENTATION_CONTEXT() REPRESENTATION_CONTEXT('2D SPACE',''
  ) );
#6936 = ORIENTED_EDGE('',*,*,#6937,.F.);
#6937 = EDGE_CURVE('',#6938,#6915,#6940,.T.);
#6938 = VERTEX_POINT('',#6939);
#6939 = CARTESIAN_POINT('',(120.7568359375,-3.30322265625,17.5));
#6940 = SURFACE_CURVE('',#6941,(#6945,#6952),.PCURVE_S1.);
#6941 = LINE('',#6942,#6943);
#6942 = CARTESIAN_POINT('',(120.7568359375,-3.30322265625,17.5));
#6943 = VECTOR('',#6944,1.);
#6944 = DIRECTION('',(-1.,0.,0.));
#6945 = PCURVE('',#3155,#6946);
#6946 = DEFINITIONAL_REPRESENTATION('',(#6947),#6951);
#6947 = LINE('',#6948,#6949);
#6948 = CARTESIAN_POINT('',(6.6845703125,0.));
#6949 = VECTOR('',#6950,1.);
#6950 = DIRECTION('',(-1.,0.));
#6951 = ( GEOMETRIC_REPRESENTATION_CONTEXT(2) 
PARAMETRIC_REPRESENTATION_CONTEXT() REPRESENTATION_CONTEXT('2D SPACE',''
  ) );
#6952 = PCURVE('',#6953,#6958);
#6953 = PLANE('',#6954);
#6954 = AXIS2_PLACEMENT_3D('',#6955,#6956,#6957);
#6955 = CARTESIAN_POINT('',(120.7568359375,-3.30322265625,17.5));
#6956 = DIRECTION('',(0.,-1.,0.));
#6957 = DIRECTION('',(-1.,0.,0.));
#6958 = DEFINITIONAL_REPRESENTATION('',(#6959),#6963);
#6959 = LINE('',#6960,#6961);
#6960 = CARTESIAN_POINT('',(0.,-0.));
#6961 = VECTOR('',#6962,1.);
#6962 = DIRECTION('',(1.,0.));
#6963 = ( GEOMETRIC_REPRESENTATION_CONTEXT(2) 
PARAMETRIC_REPRESENTATION_CONTEXT() REPRESENTATION_CONTEXT('2D SPACE',''
  ) );
#6964 = ORIENTED_EDGE('',*,*,#6965,.F.);
#6965 = EDGE_CURVE('',#3317,#6938,#6966,.T.);
#6966 = SURFACE_CURVE('',#6967,(#6971,#6978),.PCURVE_S1.);
#6967 = LINE('',#6968,#6969);
#6968 = CARTESIAN_POINT('',(117.8271484375,3.85498046875,17.5));
#6969 = VECTOR('',#6970,1.);
#6970 = DIRECTION('',(0.378780330599,-0.925486607764,0.));
#6971 = PCURVE('',#3155,#6972);
#6972 = DEFINITIONAL_REPRESENTATION('',(#6973),#6977);
#6973 = LINE('',#6974,#6975);
#6974 = CARTESIAN_POINT('',(3.7548828125,7.158203125));
#6975 = VECTOR('',#6976,1.);
#6976 = DIRECTION('',(0.378780330599,-0.925486607764));
#6977 = ( GEOMETRIC_REPRESENTATION_CONTEXT(2) 
PARAMETRIC_REPRESENTATION_CONTEXT() REPRESENTATION_CONTEXT('2D SPACE',''
  ) );
#6978 = PCURVE('',#3332,#6979);
#6979 = DEFINITIONAL_REPRESENTATION('',(#6980),#6984);
#6980 = LINE('',#6981,#6982);
#6981 = CARTESIAN_POINT('',(0.,0.));
#6982 = VECTOR('',#6983,1.);
#6983 = DIRECTION('',(1.,0.));
#6984 = ( GEOMETRIC_REPRESENTATION_CONTEXT(2) 
PARAMETRIC_REPRESENTATION_CONTEXT() REPRESENTATION_CONTEXT('2D SPACE',''
  ) );
#6985 = ORIENTED_EDGE('',*,*,#3344,.F.);
#6986 = ORIENTED_EDGE('',*,*,#3195,.F.);
#6987 = ORIENTED_EDGE('',*,*,#6988,.F.);
#6988 = EDGE_CURVE('',#6989,#3168,#6991,.T.);
#6989 = VERTEX_POINT('',#6990);
#6990 = CARTESIAN_POINT('',(117.294921875,3.10302734375,17.5));
#6991 = SURFACE_CURVE('',#6992,(#6996,#7003),.PCURVE_S1.);
#6992 = B_SPLINE_CURVE_WITH_KNOTS('',2,(#6993,#6994,#6995),
  .UNSPECIFIED.,.F.,.F.,(3,3),(0.,1.),.PIECEWISE_BEZIER_KNOTS.);
#6993 = CARTESIAN_POINT('',(117.294921875,3.10302734375,17.5));
#6994 = CARTESIAN_POINT('',(117.158203125,2.41455078125,17.5));
#6995 = CARTESIAN_POINT('',(116.9091796875,1.73583984375,17.5));
#6996 = PCURVE('',#3155,#6997);
#6997 = DEFINITIONAL_REPRESENTATION('',(#6998),#7002);
#6998 = B_SPLINE_CURVE_WITH_KNOTS('',2,(#6999,#7000,#7001),
  .UNSPECIFIED.,.F.,.F.,(3,3),(0.,1.),.PIECEWISE_BEZIER_KNOTS.);
#6999 = CARTESIAN_POINT('',(3.22265625,6.40625));
#7000 = CARTESIAN_POINT('',(3.0859375,5.7177734375));
#7001 = CARTESIAN_POINT('',(2.8369140625,5.0390625));
#7002 = ( GEOMETRIC_REPRESENTATION_CONTEXT(2) 
PARAMETRIC_REPRESENTATION_CONTEXT() REPRESENTATION_CONTEXT('2D SPACE',''
  ) );
#7003 = PCURVE('',#7004,#7011);
#7004 = SURFACE_OF_LINEAR_EXTRUSION('',#7005,#7009);
#7005 = B_SPLINE_CURVE_WITH_KNOTS('',2,(#7006,#7007,#7008),
  .UNSPECIFIED.,.F.,.F.,(3,3),(0.,1.),.PIECEWISE_BEZIER_KNOTS.);
#7006 = CARTESIAN_POINT('',(117.294921875,3.10302734375,17.5));
#7007 = CARTESIAN_POINT('',(117.158203125,2.41455078125,17.5));
#7008 = CARTESIAN_POINT('',(116.9091796875,1.73583984375,17.5));
#7009 = VECTOR('',#7010,1.);
#7010 = DIRECTION('',(-0.,-0.,-1.));
#7011 = DEFINITIONAL_REPRESENTATION('',(#7012),#7016);
#7012 = LINE('',#7013,#7014);
#7013 = CARTESIAN_POINT('',(0.,0.));
#7014 = VECTOR('',#7015,1.);
#7015 = DIRECTION('',(1.,0.));
#7016 = ( GEOMETRIC_REPRESENTATION_CONTEXT(2) 
PARAMETRIC_REPRESENTATION_CONTEXT() REPRESENTATION_CONTEXT('2D SPACE',''
  ) );
#7017 = ORIENTED_EDGE('',*,*,#7018,.F.);
#7018 = EDGE_CURVE('',#7019,#6989,#7021,.T.);
#7019 = VERTEX_POINT('',#7020);
#7020 = CARTESIAN_POINT('',(117.802734375,1.61865234375,17.5));
#7021 = SURFACE_CURVE('',#7022,(#7026,#7033),.PCURVE_S1.);
#7022 = B_SPLINE_CURVE_WITH_KNOTS('',2,(#7023,#7024,#7025),
  .UNSPECIFIED.,.F.,.F.,(3,3),(0.,1.),.PIECEWISE_BEZIER_KNOTS.);
#7023 = CARTESIAN_POINT('',(117.802734375,1.61865234375,17.5));
#7024 = CARTESIAN_POINT('',(117.4609375,2.52197265625,17.5));
#7025 = CARTESIAN_POINT('',(117.294921875,3.10302734375,17.5));
#7026 = PCURVE('',#3155,#7027);
#7027 = DEFINITIONAL_REPRESENTATION('',(#7028),#7032);
#7028 = B_SPLINE_CURVE_WITH_KNOTS('',2,(#7029,#7030,#7031),
  .UNSPECIFIED.,.F.,.F.,(3,3),(0.,1.),.PIECEWISE_BEZIER_KNOTS.);
#7029 = CARTESIAN_POINT('',(3.73046875,4.921875));
#7030 = CARTESIAN_POINT('',(3.388671875,5.8251953125));
#7031 = CARTESIAN_POINT('',(3.22265625,6.40625));
#7032 = ( GEOMETRIC_REPRESENTATION_CONTEXT(2) 
PARAMETRIC_REPRESENTATION_CONTEXT() REPRESENTATION_CONTEXT('2D SPACE',''
  ) );
#7033 = PCURVE('',#7034,#7041);
#7034 = SURFACE_OF_LINEAR_EXTRUSION('',#7035,#7039);
#7035 = B_SPLINE_CURVE_WITH_KNOTS('',2,(#7036,#7037,#7038),
  .UNSPECIFIED.,.F.,.F.,(3,3),(0.,1.),.PIECEWISE_BEZIER_KNOTS.);
#7036 = CARTESIAN_POINT('',(117.802734375,1.61865234375,17.5));
#7037 = CARTESIAN_POINT('',(117.4609375,2.52197265625,17.5));
#7038 = CARTESIAN_POINT('',(117.294921875,3.10302734375,17.5));
#7039 = VECTOR('',#7040,1.);
#7040 = DIRECTION('',(-0.,-0.,-1.));
#7041 = DEFINITIONAL_REPRESENTATION('',(#7042),#7046);
#7042 = LINE('',#7043,#7044);
#7043 = CARTESIAN_POINT('',(0.,0.));
#7044 = VECTOR('',#7045,1.);
#7045 = DIRECTION('',(1.,0.));
#7046 = ( GEOMETRIC_REPRESENTATION_CONTEXT(2) 
PARAMETRIC_REPRESENTATION_CONTEXT() REPRESENTATION_CONTEXT('2D SPACE',''
  ) );
#7047 = ORIENTED_EDGE('',*,*,#7048,.F.);
#7048 = EDGE_CURVE('',#7049,#7019,#7051,.T.);
#7049 = VERTEX_POINT('',#7050);
#7050 = CARTESIAN_POINT('',(118.5498046875,-0.36376953125,17.5));
#7051 = SURFACE_CURVE('',#7052,(#7056,#7063),.PCURVE_S1.);
#7052 = LINE('',#7053,#7054);
#7053 = CARTESIAN_POINT('',(118.5498046875,-0.36376953125,17.5));
#7054 = VECTOR('',#7055,1.);
#7055 = DIRECTION('',(-0.352638484148,0.935759637673,0.));
#7056 = PCURVE('',#3155,#7057);
#7057 = DEFINITIONAL_REPRESENTATION('',(#7058),#7062);
#7058 = LINE('',#7059,#7060);
#7059 = CARTESIAN_POINT('',(4.4775390625,2.939453125));
#7060 = VECTOR('',#7061,1.);
#7061 = DIRECTION('',(-0.352638484148,0.935759637673));
#7062 = ( GEOMETRIC_REPRESENTATION_CONTEXT(2) 
PARAMETRIC_REPRESENTATION_CONTEXT() REPRESENTATION_CONTEXT('2D SPACE',''
  ) );
#7063 = PCURVE('',#7064,#7069);
#7064 = PLANE('',#7065);
#7065 = AXIS2_PLACEMENT_3D('',#7066,#7067,#7068);
#7066 = CARTESIAN_POINT('',(118.5498046875,-0.36376953125,17.5));
#7067 = DIRECTION('',(-0.935759637673,-0.352638484148,0.));
#7068 = DIRECTION('',(-0.352638484148,0.935759637673,0.));
#7069 = DEFINITIONAL_REPRESENTATION('',(#7070),#7074);
#7070 = LINE('',#7071,#7072);
#7071 = CARTESIAN_POINT('',(0.,0.));
#7072 = VECTOR('',#7073,1.);
#7073 = DIRECTION('',(1.,0.));
#7074 = ( GEOMETRIC_REPRESENTATION_CONTEXT(2) 
PARAMETRIC_REPRESENTATION_CONTEXT() REPRESENTATION_CONTEXT('2D SPACE',''
  ) );
#7075 = ORIENTED_EDGE('',*,*,#7076,.F.);
#7076 = EDGE_CURVE('',#3140,#7049,#7077,.T.);
#7077 = SURFACE_CURVE('',#7078,(#7082,#7089),.PCURVE_S1.);
#7078 = LINE('',#7079,#7080);
#7079 = CARTESIAN_POINT('',(116.123046875,-0.36376953125,17.5));
#7080 = VECTOR('',#7081,1.);
#7081 = DIRECTION('',(1.,0.,0.));
#7082 = PCURVE('',#3155,#7083);
#7083 = DEFINITIONAL_REPRESENTATION('',(#7084),#7088);
#7084 = LINE('',#7085,#7086);
#7085 = CARTESIAN_POINT('',(2.05078125,2.939453125));
#7086 = VECTOR('',#7087,1.);
#7087 = DIRECTION('',(1.,0.));
#7088 = ( GEOMETRIC_REPRESENTATION_CONTEXT(2) 
PARAMETRIC_REPRESENTATION_CONTEXT() REPRESENTATION_CONTEXT('2D SPACE',''
  ) );
#7089 = PCURVE('',#7090,#7095);
#7090 = PLANE('',#7091);
#7091 = AXIS2_PLACEMENT_3D('',#7092,#7093,#7094);
#7092 = CARTESIAN_POINT('',(116.123046875,-0.36376953125,17.5));
#7093 = DIRECTION('',(0.,1.,0.));
#7094 = DIRECTION('',(1.,0.,0.));
#7095 = DEFINITIONAL_REPRESENTATION('',(#7096),#7100);
#7096 = LINE('',#7097,#7098);
#7097 = CARTESIAN_POINT('',(0.,0.));
#7098 = VECTOR('',#7099,1.);
#7099 = DIRECTION('',(1.,0.));
#7100 = ( GEOMETRIC_REPRESENTATION_CONTEXT(2) 
PARAMETRIC_REPRESENTATION_CONTEXT() REPRESENTATION_CONTEXT('2D SPACE',''
  ) );
#7101 = ADVANCED_FACE('',(#7102),#3183,.T.);
#7102 = FACE_BOUND('',#7103,.T.);
#7103 = EDGE_LOOP('',(#7104,#7127,#7128,#7151));
#7104 = ORIENTED_EDGE('',*,*,#7105,.T.);
#7105 = EDGE_CURVE('',#7106,#3140,#7108,.T.);
#7106 = VERTEX_POINT('',#7107);
#7107 = CARTESIAN_POINT('',(116.123046875,-0.36376953125,17.5));
#7108 = SURFACE_CURVE('',#7109,(#7113,#7120),.PCURVE_S1.);
#7109 = LINE('',#7110,#7111);
#7110 = CARTESIAN_POINT('',(116.123046875,-0.36376953125,17.5));
#7111 = VECTOR('',#7112,1.);
#7112 = DIRECTION('',(1.,0.,0.));
#7113 = PCURVE('',#3183,#7114);
#7114 = DEFINITIONAL_REPRESENTATION('',(#7115),#7119);
#7115 = LINE('',#7116,#7117);
#7116 = CARTESIAN_POINT('',(236.123046875,27.13623046875));
#7117 = VECTOR('',#7118,1.);
#7118 = DIRECTION('',(1.,0.));
#7119 = ( GEOMETRIC_REPRESENTATION_CONTEXT(2) 
PARAMETRIC_REPRESENTATION_CONTEXT() REPRESENTATION_CONTEXT('2D SPACE',''
  ) );
#7120 = PCURVE('',#7090,#7121);
#7121 = DEFINITIONAL_REPRESENTATION('',(#7122),#7126);
#7122 = LINE('',#7123,#7124);
#7123 = CARTESIAN_POINT('',(0.,0.));
#7124 = VECTOR('',#7125,1.);
#7125 = DIRECTION('',(1.,0.));
#7126 = ( GEOMETRIC_REPRESENTATION_CONTEXT(2) 
PARAMETRIC_REPRESENTATION_CONTEXT() REPRESENTATION_CONTEXT('2D SPACE',''
  ) );
#7127 = ORIENTED_EDGE('',*,*,#3167,.T.);
#7128 = ORIENTED_EDGE('',*,*,#7129,.T.);
#7129 = EDGE_CURVE('',#3168,#7130,#7132,.T.);
#7130 = VERTEX_POINT('',#7131);
#7131 = CARTESIAN_POINT('',(116.9091796875,1.73583984375,17.5));
#7132 = SURFACE_CURVE('',#7133,(#7137,#7144),.PCURVE_S1.);
#7133 = B_SPLINE_CURVE_WITH_KNOTS('',2,(#7134,#7135,#7136),
  .UNSPECIFIED.,.F.,.F.,(3,3),(0.,1.),.PIECEWISE_BEZIER_KNOTS.);
#7134 = CARTESIAN_POINT('',(117.294921875,3.10302734375,17.5));
#7135 = CARTESIAN_POINT('',(117.158203125,2.41455078125,17.5));
#7136 = CARTESIAN_POINT('',(116.9091796875,1.73583984375,17.5));
#7137 = PCURVE('',#3183,#7138);
#7138 = DEFINITIONAL_REPRESENTATION('',(#7139),#7143);
#7139 = B_SPLINE_CURVE_WITH_KNOTS('',2,(#7140,#7141,#7142),
  .UNSPECIFIED.,.F.,.F.,(3,3),(0.,1.),.PIECEWISE_BEZIER_KNOTS.);
#7140 = CARTESIAN_POINT('',(237.294921875,30.60302734375));
#7141 = CARTESIAN_POINT('',(237.158203125,29.91455078125));
#7142 = CARTESIAN_POINT('',(236.9091796875,29.23583984375));
#7143 = ( GEOMETRIC_REPRESENTATION_CONTEXT(2) 
PARAMETRIC_REPRESENTATION_CONTEXT() REPRESENTATION_CONTEXT('2D SPACE',''
  ) );
#7144 = PCURVE('',#7004,#7145);
#7145 = DEFINITIONAL_REPRESENTATION('',(#7146),#7150);
#7146 = LINE('',#7147,#7148);
#7147 = CARTESIAN_POINT('',(0.,0.));
#7148 = VECTOR('',#7149,1.);
#7149 = DIRECTION('',(1.,0.));
#7150 = ( GEOMETRIC_REPRESENTATION_CONTEXT(2) 
PARAMETRIC_REPRESENTATION_CONTEXT() REPRESENTATION_CONTEXT('2D SPACE',''
  ) );
#7151 = ORIENTED_EDGE('',*,*,#7152,.T.);
#7152 = EDGE_CURVE('',#7130,#7106,#7153,.T.);
#7153 = SURFACE_CURVE('',#7154,(#7158,#7165),.PCURVE_S1.);
#7154 = LINE('',#7155,#7156);
#7155 = CARTESIAN_POINT('',(116.9091796875,1.73583984375,17.5));
#7156 = VECTOR('',#7157,1.);
#7157 = DIRECTION('',(-0.350646042374,-0.936508063482,0.));
#7158 = PCURVE('',#3183,#7159);
#7159 = DEFINITIONAL_REPRESENTATION('',(#7160),#7164);
#7160 = LINE('',#7161,#7162);
#7161 = CARTESIAN_POINT('',(236.9091796875,29.23583984375));
#7162 = VECTOR('',#7163,1.);
#7163 = DIRECTION('',(-0.350646042374,-0.936508063482));
#7164 = ( GEOMETRIC_REPRESENTATION_CONTEXT(2) 
PARAMETRIC_REPRESENTATION_CONTEXT() REPRESENTATION_CONTEXT('2D SPACE',''
  ) );
#7165 = PCURVE('',#7166,#7171);
#7166 = PLANE('',#7167);
#7167 = AXIS2_PLACEMENT_3D('',#7168,#7169,#7170);
#7168 = CARTESIAN_POINT('',(116.9091796875,1.73583984375,17.5));
#7169 = DIRECTION('',(0.936508063482,-0.350646042374,0.));
#7170 = DIRECTION('',(-0.350646042374,-0.936508063482,0.));
#7171 = DEFINITIONAL_REPRESENTATION('',(#7172),#7176);
#7172 = LINE('',#7173,#7174);
#7173 = CARTESIAN_POINT('',(0.,0.));
#7174 = VECTOR('',#7175,1.);
#7175 = DIRECTION('',(1.,0.));
#7176 = ( GEOMETRIC_REPRESENTATION_CONTEXT(2) 
PARAMETRIC_REPRESENTATION_CONTEXT() REPRESENTATION_CONTEXT('2D SPACE',''
  ) );
#7177 = ADVANCED_FACE('',(#7178),#3332,.T.);
#7178 = FACE_BOUND('',#7179,.T.);
#7179 = EDGE_LOOP('',(#7180,#7181,#7204,#7225));
#7180 = ORIENTED_EDGE('',*,*,#3316,.T.);
#7181 = ORIENTED_EDGE('',*,*,#7182,.T.);
#7182 = EDGE_CURVE('',#3289,#7183,#7185,.T.);
#7183 = VERTEX_POINT('',#7184);
#7184 = CARTESIAN_POINT('',(120.7568359375,-3.30322265625,18.));
#7185 = SURFACE_CURVE('',#7186,(#7190,#7197),.PCURVE_S1.);
#7186 = LINE('',#7187,#7188);
#7187 = CARTESIAN_POINT('',(117.8271484375,3.85498046875,18.));
#7188 = VECTOR('',#7189,1.);
#7189 = DIRECTION('',(0.378780330599,-0.925486607764,0.));
#7190 = PCURVE('',#3332,#7191);
#7191 = DEFINITIONAL_REPRESENTATION('',(#7192),#7196);
#7192 = LINE('',#7193,#7194);
#7193 = CARTESIAN_POINT('',(0.,-0.5));
#7194 = VECTOR('',#7195,1.);
#7195 = DIRECTION('',(1.,0.));
#7196 = ( GEOMETRIC_REPRESENTATION_CONTEXT(2) 
PARAMETRIC_REPRESENTATION_CONTEXT() REPRESENTATION_CONTEXT('2D SPACE',''
  ) );
#7197 = PCURVE('',#3304,#7198);
#7198 = DEFINITIONAL_REPRESENTATION('',(#7199),#7203);
#7199 = LINE('',#7200,#7201);
#7200 = CARTESIAN_POINT('',(3.7548828125,7.158203125));
#7201 = VECTOR('',#7202,1.);
#7202 = DIRECTION('',(0.378780330599,-0.925486607764));
#7203 = ( GEOMETRIC_REPRESENTATION_CONTEXT(2) 
PARAMETRIC_REPRESENTATION_CONTEXT() REPRESENTATION_CONTEXT('2D SPACE',''
  ) );
#7204 = ORIENTED_EDGE('',*,*,#7205,.F.);
#7205 = EDGE_CURVE('',#6938,#7183,#7206,.T.);
#7206 = SURFACE_CURVE('',#7207,(#7211,#7218),.PCURVE_S1.);
#7207 = LINE('',#7208,#7209);
#7208 = CARTESIAN_POINT('',(120.7568359375,-3.30322265625,17.5));
#7209 = VECTOR('',#7210,1.);
#7210 = DIRECTION('',(0.,0.,1.));
#7211 = PCURVE('',#3332,#7212);
#7212 = DEFINITIONAL_REPRESENTATION('',(#7213),#7217);
#7213 = LINE('',#7214,#7215);
#7214 = CARTESIAN_POINT('',(7.734529127647,0.));
#7215 = VECTOR('',#7216,1.);
#7216 = DIRECTION('',(0.,-1.));
#7217 = ( GEOMETRIC_REPRESENTATION_CONTEXT(2) 
PARAMETRIC_REPRESENTATION_CONTEXT() REPRESENTATION_CONTEXT('2D SPACE',''
  ) );
#7218 = PCURVE('',#6953,#7219);
#7219 = DEFINITIONAL_REPRESENTATION('',(#7220),#7224);
#7220 = LINE('',#7221,#7222);
#7221 = CARTESIAN_POINT('',(0.,-0.));
#7222 = VECTOR('',#7223,1.);
#7223 = DIRECTION('',(0.,-1.));
#7224 = ( GEOMETRIC_REPRESENTATION_CONTEXT(2) 
PARAMETRIC_REPRESENTATION_CONTEXT() REPRESENTATION_CONTEXT('2D SPACE',''
  ) );
#7225 = ORIENTED_EDGE('',*,*,#6965,.F.);
#7226 = ADVANCED_FACE('',(#7227,#7279),#3304,.T.);
#7227 = FACE_BOUND('',#7228,.F.);
#7228 = EDGE_LOOP('',(#7229,#7230,#7231,#7232,#7233,#7256,#7277,#7278));
#7229 = ORIENTED_EDGE('',*,*,#3441,.T.);
#7230 = ORIENTED_EDGE('',*,*,#3392,.T.);
#7231 = ORIENTED_EDGE('',*,*,#3288,.T.);
#7232 = ORIENTED_EDGE('',*,*,#7182,.T.);
#7233 = ORIENTED_EDGE('',*,*,#7234,.T.);
#7234 = EDGE_CURVE('',#7183,#7235,#7237,.T.);
#7235 = VERTEX_POINT('',#7236);
#7236 = CARTESIAN_POINT('',(119.677734375,-3.30322265625,18.));
#7237 = SURFACE_CURVE('',#7238,(#7242,#7249),.PCURVE_S1.);
#7238 = LINE('',#7239,#7240);
#7239 = CARTESIAN_POINT('',(120.7568359375,-3.30322265625,18.));
#7240 = VECTOR('',#7241,1.);
#7241 = DIRECTION('',(-1.,0.,0.));
#7242 = PCURVE('',#3304,#7243);
#7243 = DEFINITIONAL_REPRESENTATION('',(#7244),#7248);
#7244 = LINE('',#7245,#7246);
#7245 = CARTESIAN_POINT('',(6.6845703125,0.));
#7246 = VECTOR('',#7247,1.);
#7247 = DIRECTION('',(-1.,0.));
#7248 = ( GEOMETRIC_REPRESENTATION_CONTEXT(2) 
PARAMETRIC_REPRESENTATION_CONTEXT() REPRESENTATION_CONTEXT('2D SPACE',''
  ) );
#7249 = PCURVE('',#6953,#7250);
#7250 = DEFINITIONAL_REPRESENTATION('',(#7251),#7255);
#7251 = LINE('',#7252,#7253);
#7252 = CARTESIAN_POINT('',(0.,-0.5));
#7253 = VECTOR('',#7254,1.);
#7254 = DIRECTION('',(1.,0.));
#7255 = ( GEOMETRIC_REPRESENTATION_CONTEXT(2) 
PARAMETRIC_REPRESENTATION_CONTEXT() REPRESENTATION_CONTEXT('2D SPACE',''
  ) );
#7256 = ORIENTED_EDGE('',*,*,#7257,.T.);
#7257 = EDGE_CURVE('',#7235,#3519,#7258,.T.);
#7258 = SURFACE_CURVE('',#7259,(#7263,#7270),.PCURVE_S1.);
#7259 = LINE('',#7260,#7261);
#7260 = CARTESIAN_POINT('',(119.677734375,-3.30322265625,18.));
#7261 = VECTOR('',#7262,1.);
#7262 = DIRECTION('',(-0.359401561996,0.933183003078,0.));
#7263 = PCURVE('',#3304,#7264);
#7264 = DEFINITIONAL_REPRESENTATION('',(#7265),#7269);
#7265 = LINE('',#7266,#7267);
#7266 = CARTESIAN_POINT('',(5.60546875,0.));
#7267 = VECTOR('',#7268,1.);
#7268 = DIRECTION('',(-0.359401561996,0.933183003078));
#7269 = ( GEOMETRIC_REPRESENTATION_CONTEXT(2) 
PARAMETRIC_REPRESENTATION_CONTEXT() REPRESENTATION_CONTEXT('2D SPACE',''
  ) );
#7270 = PCURVE('',#3534,#7271);
#7271 = DEFINITIONAL_REPRESENTATION('',(#7272),#7276);
#7272 = LINE('',#7273,#7274);
#7273 = CARTESIAN_POINT('',(0.,-0.5));
#7274 = VECTOR('',#7275,1.);
#7275 = DIRECTION('',(1.,0.));
#7276 = ( GEOMETRIC_REPRESENTATION_CONTEXT(2) 
PARAMETRIC_REPRESENTATION_CONTEXT() REPRESENTATION_CONTEXT('2D SPACE',''
  ) );
#7277 = ORIENTED_EDGE('',*,*,#3546,.T.);
#7278 = ORIENTED_EDGE('',*,*,#3490,.T.);
#7279 = FACE_BOUND('',#7280,.F.);
#7280 = EDGE_LOOP('',(#7281,#7306,#7329,#7352,#7375));
#7281 = ORIENTED_EDGE('',*,*,#7282,.T.);
#7282 = EDGE_CURVE('',#7283,#7285,#7287,.T.);
#7283 = VERTEX_POINT('',#7284);
#7284 = CARTESIAN_POINT('',(116.9091796875,1.73583984375,18.));
#7285 = VERTEX_POINT('',#7286);
#7286 = CARTESIAN_POINT('',(116.123046875,-0.36376953125,18.));
#7287 = SURFACE_CURVE('',#7288,(#7292,#7299),.PCURVE_S1.);
#7288 = LINE('',#7289,#7290);
#7289 = CARTESIAN_POINT('',(116.9091796875,1.73583984375,18.));
#7290 = VECTOR('',#7291,1.);
#7291 = DIRECTION('',(-0.350646042374,-0.936508063482,0.));
#7292 = PCURVE('',#3304,#7293);
#7293 = DEFINITIONAL_REPRESENTATION('',(#7294),#7298);
#7294 = LINE('',#7295,#7296);
#7295 = CARTESIAN_POINT('',(2.8369140625,5.0390625));
#7296 = VECTOR('',#7297,1.);
#7297 = DIRECTION('',(-0.350646042374,-0.936508063482));
#7298 = ( GEOMETRIC_REPRESENTATION_CONTEXT(2) 
PARAMETRIC_REPRESENTATION_CONTEXT() REPRESENTATION_CONTEXT('2D SPACE',''
  ) );
#7299 = PCURVE('',#7166,#7300);
#7300 = DEFINITIONAL_REPRESENTATION('',(#7301),#7305);
#7301 = LINE('',#7302,#7303);
#7302 = CARTESIAN_POINT('',(0.,-0.5));
#7303 = VECTOR('',#7304,1.);
#7304 = DIRECTION('',(1.,0.));
#7305 = ( GEOMETRIC_REPRESENTATION_CONTEXT(2) 
PARAMETRIC_REPRESENTATION_CONTEXT() REPRESENTATION_CONTEXT('2D SPACE',''
  ) );
#7306 = ORIENTED_EDGE('',*,*,#7307,.T.);
#7307 = EDGE_CURVE('',#7285,#7308,#7310,.T.);
#7308 = VERTEX_POINT('',#7309);
#7309 = CARTESIAN_POINT('',(118.5498046875,-0.36376953125,18.));
#7310 = SURFACE_CURVE('',#7311,(#7315,#7322),.PCURVE_S1.);
#7311 = LINE('',#7312,#7313);
#7312 = CARTESIAN_POINT('',(116.123046875,-0.36376953125,18.));
#7313 = VECTOR('',#7314,1.);
#7314 = DIRECTION('',(1.,0.,0.));
#7315 = PCURVE('',#3304,#7316);
#7316 = DEFINITIONAL_REPRESENTATION('',(#7317),#7321);
#7317 = LINE('',#7318,#7319);
#7318 = CARTESIAN_POINT('',(2.05078125,2.939453125));
#7319 = VECTOR('',#7320,1.);
#7320 = DIRECTION('',(1.,0.));
#7321 = ( GEOMETRIC_REPRESENTATION_CONTEXT(2) 
PARAMETRIC_REPRESENTATION_CONTEXT() REPRESENTATION_CONTEXT('2D SPACE',''
  ) );
#7322 = PCURVE('',#7090,#7323);
#7323 = DEFINITIONAL_REPRESENTATION('',(#7324),#7328);
#7324 = LINE('',#7325,#7326);
#7325 = CARTESIAN_POINT('',(0.,-0.5));
#7326 = VECTOR('',#7327,1.);
#7327 = DIRECTION('',(1.,0.));
#7328 = ( GEOMETRIC_REPRESENTATION_CONTEXT(2) 
PARAMETRIC_REPRESENTATION_CONTEXT() REPRESENTATION_CONTEXT('2D SPACE',''
  ) );
#7329 = ORIENTED_EDGE('',*,*,#7330,.T.);
#7330 = EDGE_CURVE('',#7308,#7331,#7333,.T.);
#7331 = VERTEX_POINT('',#7332);
#7332 = CARTESIAN_POINT('',(117.802734375,1.61865234375,18.));
#7333 = SURFACE_CURVE('',#7334,(#7338,#7345),.PCURVE_S1.);
#7334 = LINE('',#7335,#7336);
#7335 = CARTESIAN_POINT('',(118.5498046875,-0.36376953125,18.));
#7336 = VECTOR('',#7337,1.);
#7337 = DIRECTION('',(-0.352638484148,0.935759637673,0.));
#7338 = PCURVE('',#3304,#7339);
#7339 = DEFINITIONAL_REPRESENTATION('',(#7340),#7344);
#7340 = LINE('',#7341,#7342);
#7341 = CARTESIAN_POINT('',(4.4775390625,2.939453125));
#7342 = VECTOR('',#7343,1.);
#7343 = DIRECTION('',(-0.352638484148,0.935759637673));
#7344 = ( GEOMETRIC_REPRESENTATION_CONTEXT(2) 
PARAMETRIC_REPRESENTATION_CONTEXT() REPRESENTATION_CONTEXT('2D SPACE',''
  ) );
#7345 = PCURVE('',#7064,#7346);
#7346 = DEFINITIONAL_REPRESENTATION('',(#7347),#7351);
#7347 = LINE('',#7348,#7349);
#7348 = CARTESIAN_POINT('',(0.,-0.5));
#7349 = VECTOR('',#7350,1.);
#7350 = DIRECTION('',(1.,0.));
#7351 = ( GEOMETRIC_REPRESENTATION_CONTEXT(2) 
PARAMETRIC_REPRESENTATION_CONTEXT() REPRESENTATION_CONTEXT('2D SPACE',''
  ) );
#7352 = ORIENTED_EDGE('',*,*,#7353,.T.);
#7353 = EDGE_CURVE('',#7331,#7354,#7356,.T.);
#7354 = VERTEX_POINT('',#7355);
#7355 = CARTESIAN_POINT('',(117.294921875,3.10302734375,18.));
#7356 = SURFACE_CURVE('',#7357,(#7361,#7368),.PCURVE_S1.);
#7357 = B_SPLINE_CURVE_WITH_KNOTS('',2,(#7358,#7359,#7360),
  .UNSPECIFIED.,.F.,.F.,(3,3),(0.,1.),.PIECEWISE_BEZIER_KNOTS.);
#7358 = CARTESIAN_POINT('',(117.802734375,1.61865234375,18.));
#7359 = CARTESIAN_POINT('',(117.4609375,2.52197265625,18.));
#7360 = CARTESIAN_POINT('',(117.294921875,3.10302734375,18.));
#7361 = PCURVE('',#3304,#7362);
#7362 = DEFINITIONAL_REPRESENTATION('',(#7363),#7367);
#7363 = B_SPLINE_CURVE_WITH_KNOTS('',2,(#7364,#7365,#7366),
  .UNSPECIFIED.,.F.,.F.,(3,3),(0.,1.),.PIECEWISE_BEZIER_KNOTS.);
#7364 = CARTESIAN_POINT('',(3.73046875,4.921875));
#7365 = CARTESIAN_POINT('',(3.388671875,5.8251953125));
#7366 = CARTESIAN_POINT('',(3.22265625,6.40625));
#7367 = ( GEOMETRIC_REPRESENTATION_CONTEXT(2) 
PARAMETRIC_REPRESENTATION_CONTEXT() REPRESENTATION_CONTEXT('2D SPACE',''
  ) );
#7368 = PCURVE('',#7034,#7369);
#7369 = DEFINITIONAL_REPRESENTATION('',(#7370),#7374);
#7370 = LINE('',#7371,#7372);
#7371 = CARTESIAN_POINT('',(0.,-0.5));
#7372 = VECTOR('',#7373,1.);
#7373 = DIRECTION('',(1.,0.));
#7374 = ( GEOMETRIC_REPRESENTATION_CONTEXT(2) 
PARAMETRIC_REPRESENTATION_CONTEXT() REPRESENTATION_CONTEXT('2D SPACE',''
  ) );
#7375 = ORIENTED_EDGE('',*,*,#7376,.T.);
#7376 = EDGE_CURVE('',#7354,#7283,#7377,.T.);
#7377 = SURFACE_CURVE('',#7378,(#7382,#7389),.PCURVE_S1.);
#7378 = B_SPLINE_CURVE_WITH_KNOTS('',2,(#7379,#7380,#7381),
  .UNSPECIFIED.,.F.,.F.,(3,3),(0.,1.),.PIECEWISE_BEZIER_KNOTS.);
#7379 = CARTESIAN_POINT('',(117.294921875,3.10302734375,18.));
#7380 = CARTESIAN_POINT('',(117.158203125,2.41455078125,18.));
#7381 = CARTESIAN_POINT('',(116.9091796875,1.73583984375,18.));
#7382 = PCURVE('',#3304,#7383);
#7383 = DEFINITIONAL_REPRESENTATION('',(#7384),#7388);
#7384 = B_SPLINE_CURVE_WITH_KNOTS('',2,(#7385,#7386,#7387),
  .UNSPECIFIED.,.F.,.F.,(3,3),(0.,1.),.PIECEWISE_BEZIER_KNOTS.);
#7385 = CARTESIAN_POINT('',(3.22265625,6.40625));
#7386 = CARTESIAN_POINT('',(3.0859375,5.7177734375));
#7387 = CARTESIAN_POINT('',(2.8369140625,5.0390625));
#7388 = ( GEOMETRIC_REPRESENTATION_CONTEXT(2) 
PARAMETRIC_REPRESENTATION_CONTEXT() REPRESENTATION_CONTEXT('2D SPACE',''
  ) );
#7389 = PCURVE('',#7004,#7390);
#7390 = DEFINITIONAL_REPRESENTATION('',(#7391),#7395);
#7391 = LINE('',#7392,#7393);
#7392 = CARTESIAN_POINT('',(0.,-0.5));
#7393 = VECTOR('',#7394,1.);
#7394 = DIRECTION('',(1.,0.));
#7395 = ( GEOMETRIC_REPRESENTATION_CONTEXT(2) 
PARAMETRIC_REPRESENTATION_CONTEXT() REPRESENTATION_CONTEXT('2D SPACE',''
  ) );
#7396 = ADVANCED_FACE('',(#7397),#3534,.T.);
#7397 = FACE_BOUND('',#7398,.T.);
#7398 = EDGE_LOOP('',(#7399,#7420,#7421,#7422));
#7399 = ORIENTED_EDGE('',*,*,#7400,.T.);
#7400 = EDGE_CURVE('',#6915,#7235,#7401,.T.);
#7401 = SURFACE_CURVE('',#7402,(#7406,#7413),.PCURVE_S1.);
#7402 = LINE('',#7403,#7404);
#7403 = CARTESIAN_POINT('',(119.677734375,-3.30322265625,17.5));
#7404 = VECTOR('',#7405,1.);
#7405 = DIRECTION('',(0.,0.,1.));
#7406 = PCURVE('',#3534,#7407);
#7407 = DEFINITIONAL_REPRESENTATION('',(#7408),#7412);
#7408 = LINE('',#7409,#7410);
#7409 = CARTESIAN_POINT('',(0.,0.));
#7410 = VECTOR('',#7411,1.);
#7411 = DIRECTION('',(0.,-1.));
#7412 = ( GEOMETRIC_REPRESENTATION_CONTEXT(2) 
PARAMETRIC_REPRESENTATION_CONTEXT() REPRESENTATION_CONTEXT('2D SPACE',''
  ) );
#7413 = PCURVE('',#6953,#7414);
#7414 = DEFINITIONAL_REPRESENTATION('',(#7415),#7419);
#7415 = LINE('',#7416,#7417);
#7416 = CARTESIAN_POINT('',(1.0791015625,0.));
#7417 = VECTOR('',#7418,1.);
#7418 = DIRECTION('',(0.,-1.));
#7419 = ( GEOMETRIC_REPRESENTATION_CONTEXT(2) 
PARAMETRIC_REPRESENTATION_CONTEXT() REPRESENTATION_CONTEXT('2D SPACE',''
  ) );
#7420 = ORIENTED_EDGE('',*,*,#7257,.T.);
#7421 = ORIENTED_EDGE('',*,*,#3516,.F.);
#7422 = ORIENTED_EDGE('',*,*,#6914,.F.);
#7423 = ADVANCED_FACE('',(#7424,#7430),#3632,.T.);
#7424 = FACE_BOUND('',#7425,.T.);
#7425 = EDGE_LOOP('',(#7426,#7427,#7428,#7429));
#7426 = ORIENTED_EDGE('',*,*,#3616,.F.);
#7427 = ORIENTED_EDGE('',*,*,#3718,.T.);
#7428 = ORIENTED_EDGE('',*,*,#3768,.T.);
#7429 = ORIENTED_EDGE('',*,*,#3669,.F.);
#7430 = FACE_BOUND('',#7431,.T.);
#7431 = EDGE_LOOP('',(#7432,#7460,#7486,#7512));
#7432 = ORIENTED_EDGE('',*,*,#7433,.F.);
#7433 = EDGE_CURVE('',#7434,#7436,#7438,.T.);
#7434 = VERTEX_POINT('',#7435);
#7435 = CARTESIAN_POINT('',(-90.09303461985,-7.5,15.5));
#7436 = VERTEX_POINT('',#7437);
#7437 = CARTESIAN_POINT('',(-90.09303461985,7.5,15.5));
#7438 = SURFACE_CURVE('',#7439,(#7443,#7449),.PCURVE_S1.);
#7439 = LINE('',#7440,#7441);
#7440 = CARTESIAN_POINT('',(-90.09303461985,-8.,15.5));
#7441 = VECTOR('',#7442,1.);
#7442 = DIRECTION('',(-0.,1.,0.));
#7443 = PCURVE('',#3632,#7444);
#7444 = DEFINITIONAL_REPRESENTATION('',(#7445),#7448);
#7445 = B_SPLINE_CURVE_WITH_KNOTS('',1,(#7446,#7447),.UNSPECIFIED.,.F.,
  .F.,(2,2),(0.5,15.5),.PIECEWISE_BEZIER_KNOTS.);
#7446 = CARTESIAN_POINT('',(20.906965380145,1.));
#7447 = CARTESIAN_POINT('',(20.906965380145,16.));
#7448 = ( GEOMETRIC_REPRESENTATION_CONTEXT(2) 
PARAMETRIC_REPRESENTATION_CONTEXT() REPRESENTATION_CONTEXT('2D SPACE',''
  ) );
#7449 = PCURVE('',#7450,#7455);
#7450 = PLANE('',#7451);
#7451 = AXIS2_PLACEMENT_3D('',#7452,#7453,#7454);
#7452 = CARTESIAN_POINT('',(-90.1687866332,-7.5,14.634150525386));
#7453 = DIRECTION('',(0.996194698092,0.,-8.715574274766E-02));
#7454 = DIRECTION('',(8.715574274766E-02,0.,0.996194698092));
#7455 = DEFINITIONAL_REPRESENTATION('',(#7456),#7459);
#7456 = B_SPLINE_CURVE_WITH_KNOTS('',1,(#7457,#7458),.UNSPECIFIED.,.F.,
  .F.,(2,2),(0.5,15.5),.PIECEWISE_BEZIER_KNOTS.);
#7457 = CARTESIAN_POINT('',(0.869156878944,0.));
#7458 = CARTESIAN_POINT('',(0.869156878944,-15.));
#7459 = ( GEOMETRIC_REPRESENTATION_CONTEXT(2) 
PARAMETRIC_REPRESENTATION_CONTEXT() REPRESENTATION_CONTEXT('2D SPACE',''
  ) );
#7460 = ORIENTED_EDGE('',*,*,#7461,.T.);
#7461 = EDGE_CURVE('',#7434,#7462,#7464,.T.);
#7462 = VERTEX_POINT('',#7463);
#7463 = CARTESIAN_POINT('',(-100.0654914143,-7.5,15.5));
#7464 = SURFACE_CURVE('',#7465,(#7469,#7475),.PCURVE_S1.);
#7465 = LINE('',#7466,#7467);
#7466 = CARTESIAN_POINT('',(-110.5463402975,-7.5,15.5));
#7467 = VECTOR('',#7468,1.);
#7468 = DIRECTION('',(-1.,0.,0.));
#7469 = PCURVE('',#3632,#7470);
#7470 = DEFINITIONAL_REPRESENTATION('',(#7471),#7474);
#7471 = B_SPLINE_CURVE_WITH_KNOTS('',1,(#7472,#7473),.UNSPECIFIED.,.F.,
  .F.,(2,2),(-20.45330567766,-10.48084888315),.PIECEWISE_BEZIER_KNOTS.);
#7472 = CARTESIAN_POINT('',(20.906965380145,1.));
#7473 = CARTESIAN_POINT('',(10.934508585637,1.));
#7474 = ( GEOMETRIC_REPRESENTATION_CONTEXT(2) 
PARAMETRIC_REPRESENTATION_CONTEXT() REPRESENTATION_CONTEXT('2D SPACE',''
  ) );
#7475 = PCURVE('',#7476,#7481);
#7476 = PLANE('',#7477);
#7477 = AXIS2_PLACEMENT_3D('',#7478,#7479,#7480);
#7478 = CARTESIAN_POINT('',(-110.092680595,-7.5,16.377265380339));
#7479 = DIRECTION('',(0.,1.,0.));
#7480 = DIRECTION('',(8.715574274766E-02,0.,0.996194698092));
#7481 = DEFINITIONAL_REPRESENTATION('',(#7482),#7485);
#7482 = B_SPLINE_CURVE_WITH_KNOTS('',1,(#7483,#7484),.UNSPECIFIED.,.F.,
  .F.,(2,2),(-20.45330567766,-10.48084888315),.PIECEWISE_BEZIER_KNOTS.);
#7483 = CARTESIAN_POINT('',(0.869156878944,20.));
#7484 = CARTESIAN_POINT('',(0.,10.065491414363));
#7485 = ( GEOMETRIC_REPRESENTATION_CONTEXT(2) 
PARAMETRIC_REPRESENTATION_CONTEXT() REPRESENTATION_CONTEXT('2D SPACE',''
  ) );
#7486 = ORIENTED_EDGE('',*,*,#7487,.T.);
#7487 = EDGE_CURVE('',#7462,#7488,#7490,.T.);
#7488 = VERTEX_POINT('',#7489);
#7489 = CARTESIAN_POINT('',(-100.0654914143,7.5,15.5));
#7490 = SURFACE_CURVE('',#7491,(#7495,#7501),.PCURVE_S1.);
#7491 = LINE('',#7492,#7493);
#7492 = CARTESIAN_POINT('',(-100.0654914143,-8.,15.5));
#7493 = VECTOR('',#7494,1.);
#7494 = DIRECTION('',(0.,1.,0.));
#7495 = PCURVE('',#3632,#7496);
#7496 = DEFINITIONAL_REPRESENTATION('',(#7497),#7500);
#7497 = B_SPLINE_CURVE_WITH_KNOTS('',1,(#7498,#7499),.UNSPECIFIED.,.F.,
  .F.,(2,2),(0.5,15.5),.PIECEWISE_BEZIER_KNOTS.);
#7498 = CARTESIAN_POINT('',(10.934508585637,1.));
#7499 = CARTESIAN_POINT('',(10.934508585637,16.));
#7500 = ( GEOMETRIC_REPRESENTATION_CONTEXT(2) 
PARAMETRIC_REPRESENTATION_CONTEXT() REPRESENTATION_CONTEXT('2D SPACE',''
  ) );
#7501 = PCURVE('',#7502,#7507);
#7502 = PLANE('',#7503);
#7503 = AXIS2_PLACEMENT_3D('',#7504,#7505,#7506);
#7504 = CARTESIAN_POINT('',(-110.092680595,-7.5,16.377265380339));
#7505 = DIRECTION('',(8.715574274766E-02,0.,0.996194698092));
#7506 = DIRECTION('',(0.996194698092,0.,-8.715574274766E-02));
#7507 = DEFINITIONAL_REPRESENTATION('',(#7508),#7511);
#7508 = B_SPLINE_CURVE_WITH_KNOTS('',1,(#7509,#7510),.UNSPECIFIED.,.F.,
  .F.,(2,2),(0.5,15.5),.PIECEWISE_BEZIER_KNOTS.);
#7509 = CARTESIAN_POINT('',(10.065491414363,0.));
#7510 = CARTESIAN_POINT('',(10.065491414363,15.));
#7511 = ( GEOMETRIC_REPRESENTATION_CONTEXT(2) 
PARAMETRIC_REPRESENTATION_CONTEXT() REPRESENTATION_CONTEXT('2D SPACE',''
  ) );
#7512 = ORIENTED_EDGE('',*,*,#7513,.F.);
#7513 = EDGE_CURVE('',#7436,#7488,#7514,.T.);
#7514 = SURFACE_CURVE('',#7515,(#7519,#7525),.PCURVE_S1.);
#7515 = LINE('',#7516,#7517);
#7516 = CARTESIAN_POINT('',(-110.5463402975,7.5,15.5));
#7517 = VECTOR('',#7518,1.);
#7518 = DIRECTION('',(-1.,0.,0.));
#7519 = PCURVE('',#3632,#7520);
#7520 = DEFINITIONAL_REPRESENTATION('',(#7521),#7524);
#7521 = B_SPLINE_CURVE_WITH_KNOTS('',1,(#7522,#7523),.UNSPECIFIED.,.F.,
  .F.,(2,2),(-20.45330567766,-10.48084888315),.PIECEWISE_BEZIER_KNOTS.);
#7522 = CARTESIAN_POINT('',(20.906965380145,16.));
#7523 = CARTESIAN_POINT('',(10.934508585637,16.));
#7524 = ( GEOMETRIC_REPRESENTATION_CONTEXT(2) 
PARAMETRIC_REPRESENTATION_CONTEXT() REPRESENTATION_CONTEXT('2D SPACE',''
  ) );
#7525 = PCURVE('',#7526,#7531);
#7526 = PLANE('',#7527);
#7527 = AXIS2_PLACEMENT_3D('',#7528,#7529,#7530);
#7528 = CARTESIAN_POINT('',(-110.092680595,7.5,16.377265380339));
#7529 = DIRECTION('',(0.,1.,0.));
#7530 = DIRECTION('',(8.715574274766E-02,0.,0.996194698092));
#7531 = DEFINITIONAL_REPRESENTATION('',(#7532),#7535);
#7532 = B_SPLINE_CURVE_WITH_KNOTS('',1,(#7533,#7534),.UNSPECIFIED.,.F.,
  .F.,(2,2),(-20.45330567766,-10.48084888315),.PIECEWISE_BEZIER_KNOTS.);
#7533 = CARTESIAN_POINT('',(0.869156878944,20.));
#7534 = CARTESIAN_POINT('',(0.,10.065491414363));
#7535 = ( GEOMETRIC_REPRESENTATION_CONTEXT(2) 
PARAMETRIC_REPRESENTATION_CONTEXT() REPRESENTATION_CONTEXT('2D SPACE',''
  ) );
#7536 = ADVANCED_FACE('',(#7537,#7540,#7571),#3811,.T.);
#7537 = FACE_BOUND('',#7538,.T.);
#7538 = EDGE_LOOP('',(#7539));
#7539 = ORIENTED_EDGE('',*,*,#3794,.T.);
#7540 = FACE_BOUND('',#7541,.T.);
#7541 = EDGE_LOOP('',(#7542));
#7542 = ORIENTED_EDGE('',*,*,#7543,.F.);
#7543 = EDGE_CURVE('',#7544,#7544,#7546,.T.);
#7544 = VERTEX_POINT('',#7545);
#7545 = CARTESIAN_POINT('',(-57.6,-9.5,5.5));
#7546 = SURFACE_CURVE('',#7547,(#7552,#7559),.PCURVE_S1.);
#7547 = CIRCLE('',#7548,2.4);
#7548 = AXIS2_PLACEMENT_3D('',#7549,#7550,#7551);
#7549 = CARTESIAN_POINT('',(-60.,-9.5,5.5));
#7550 = DIRECTION('',(0.,0.,1.));
#7551 = DIRECTION('',(1.,0.,0.));
#7552 = PCURVE('',#3811,#7553);
#7553 = DEFINITIONAL_REPRESENTATION('',(#7554),#7558);
#7554 = CIRCLE('',#7555,2.4);
#7555 = AXIS2_PLACEMENT_2D('',#7556,#7557);
#7556 = CARTESIAN_POINT('',(0.,-9.5));
#7557 = DIRECTION('',(1.,0.));
#7558 = ( GEOMETRIC_REPRESENTATION_CONTEXT(2) 
PARAMETRIC_REPRESENTATION_CONTEXT() REPRESENTATION_CONTEXT('2D SPACE',''
  ) );
#7559 = PCURVE('',#7560,#7565);
#7560 = CYLINDRICAL_SURFACE('',#7561,2.4);
#7561 = AXIS2_PLACEMENT_3D('',#7562,#7563,#7564);
#7562 = CARTESIAN_POINT('',(-60.,-9.5,5.5));
#7563 = DIRECTION('',(0.,0.,1.));
#7564 = DIRECTION('',(1.,0.,0.));
#7565 = DEFINITIONAL_REPRESENTATION('',(#7566),#7570);
#7566 = LINE('',#7567,#7568);
#7567 = CARTESIAN_POINT('',(0.,0.));
#7568 = VECTOR('',#7569,1.);
#7569 = DIRECTION('',(1.,0.));
#7570 = ( GEOMETRIC_REPRESENTATION_CONTEXT(2) 
PARAMETRIC_REPRESENTATION_CONTEXT() REPRESENTATION_CONTEXT('2D SPACE',''
  ) );
#7571 = FACE_BOUND('',#7572,.T.);
#7572 = EDGE_LOOP('',(#7573));
#7573 = ORIENTED_EDGE('',*,*,#7574,.F.);
#7574 = EDGE_CURVE('',#7575,#7575,#7577,.T.);
#7575 = VERTEX_POINT('',#7576);
#7576 = CARTESIAN_POINT('',(-57.6,9.5,5.5));
#7577 = SURFACE_CURVE('',#7578,(#7583,#7590),.PCURVE_S1.);
#7578 = CIRCLE('',#7579,2.4);
#7579 = AXIS2_PLACEMENT_3D('',#7580,#7581,#7582);
#7580 = CARTESIAN_POINT('',(-60.,9.5,5.5));
#7581 = DIRECTION('',(0.,0.,1.));
#7582 = DIRECTION('',(1.,0.,0.));
#7583 = PCURVE('',#3811,#7584);
#7584 = DEFINITIONAL_REPRESENTATION('',(#7585),#7589);
#7585 = CIRCLE('',#7586,2.4);
#7586 = AXIS2_PLACEMENT_2D('',#7587,#7588);
#7587 = CARTESIAN_POINT('',(0.,9.5));
#7588 = DIRECTION('',(1.,0.));
#7589 = ( GEOMETRIC_REPRESENTATION_CONTEXT(2) 
PARAMETRIC_REPRESENTATION_CONTEXT() REPRESENTATION_CONTEXT('2D SPACE',''
  ) );
#7590 = PCURVE('',#7591,#7596);
#7591 = CYLINDRICAL_SURFACE('',#7592,2.4);
#7592 = AXIS2_PLACEMENT_3D('',#7593,#7594,#7595);
#7593 = CARTESIAN_POINT('',(-60.,9.5,5.5));
#7594 = DIRECTION('',(0.,0.,1.));
#7595 = DIRECTION('',(1.,0.,0.));
#7596 = DEFINITIONAL_REPRESENTATION('',(#7597),#7601);
#7597 = LINE('',#7598,#7599);
#7598 = CARTESIAN_POINT('',(0.,0.));
#7599 = VECTOR('',#7600,1.);
#7600 = DIRECTION('',(1.,0.));
#7601 = ( GEOMETRIC_REPRESENTATION_CONTEXT(2) 
PARAMETRIC_REPRESENTATION_CONTEXT() REPRESENTATION_CONTEXT('2D SPACE',''
  ) );
#7602 = ADVANCED_FACE('',(#7603,#7606,#7637),#3866,.T.);
#7603 = FACE_BOUND('',#7604,.T.);
#7604 = EDGE_LOOP('',(#7605));
#7605 = ORIENTED_EDGE('',*,*,#3849,.T.);
#7606 = FACE_BOUND('',#7607,.T.);
#7607 = EDGE_LOOP('',(#7608));
#7608 = ORIENTED_EDGE('',*,*,#7609,.F.);
#7609 = EDGE_CURVE('',#7610,#7610,#7612,.T.);
#7610 = VERTEX_POINT('',#7611);
#7611 = CARTESIAN_POINT('',(2.4,-9.5,5.5));
#7612 = SURFACE_CURVE('',#7613,(#7618,#7625),.PCURVE_S1.);
#7613 = CIRCLE('',#7614,2.4);
#7614 = AXIS2_PLACEMENT_3D('',#7615,#7616,#7617);
#7615 = CARTESIAN_POINT('',(0.,-9.5,5.5));
#7616 = DIRECTION('',(0.,0.,1.));
#7617 = DIRECTION('',(1.,0.,0.));
#7618 = PCURVE('',#3866,#7619);
#7619 = DEFINITIONAL_REPRESENTATION('',(#7620),#7624);
#7620 = CIRCLE('',#7621,2.4);
#7621 = AXIS2_PLACEMENT_2D('',#7622,#7623);
#7622 = CARTESIAN_POINT('',(0.,-9.5));
#7623 = DIRECTION('',(1.,0.));
#7624 = ( GEOMETRIC_REPRESENTATION_CONTEXT(2) 
PARAMETRIC_REPRESENTATION_CONTEXT() REPRESENTATION_CONTEXT('2D SPACE',''
  ) );
#7625 = PCURVE('',#7626,#7631);
#7626 = CYLINDRICAL_SURFACE('',#7627,2.4);
#7627 = AXIS2_PLACEMENT_3D('',#7628,#7629,#7630);
#7628 = CARTESIAN_POINT('',(0.,-9.5,5.5));
#7629 = DIRECTION('',(0.,0.,1.));
#7630 = DIRECTION('',(1.,0.,0.));
#7631 = DEFINITIONAL_REPRESENTATION('',(#7632),#7636);
#7632 = LINE('',#7633,#7634);
#7633 = CARTESIAN_POINT('',(0.,0.));
#7634 = VECTOR('',#7635,1.);
#7635 = DIRECTION('',(1.,0.));
#7636 = ( GEOMETRIC_REPRESENTATION_CONTEXT(2) 
PARAMETRIC_REPRESENTATION_CONTEXT() REPRESENTATION_CONTEXT('2D SPACE',''
  ) );
#7637 = FACE_BOUND('',#7638,.T.);
#7638 = EDGE_LOOP('',(#7639));
#7639 = ORIENTED_EDGE('',*,*,#7640,.F.);
#7640 = EDGE_CURVE('',#7641,#7641,#7643,.T.);
#7641 = VERTEX_POINT('',#7642);
#7642 = CARTESIAN_POINT('',(2.4,9.5,5.5));
#7643 = SURFACE_CURVE('',#7644,(#7649,#7656),.PCURVE_S1.);
#7644 = CIRCLE('',#7645,2.4);
#7645 = AXIS2_PLACEMENT_3D('',#7646,#7647,#7648);
#7646 = CARTESIAN_POINT('',(0.,9.5,5.5));
#7647 = DIRECTION('',(0.,0.,1.));
#7648 = DIRECTION('',(1.,0.,0.));
#7649 = PCURVE('',#3866,#7650);
#7650 = DEFINITIONAL_REPRESENTATION('',(#7651),#7655);
#7651 = CIRCLE('',#7652,2.4);
#7652 = AXIS2_PLACEMENT_2D('',#7653,#7654);
#7653 = CARTESIAN_POINT('',(0.,9.5));
#7654 = DIRECTION('',(1.,0.));
#7655 = ( GEOMETRIC_REPRESENTATION_CONTEXT(2) 
PARAMETRIC_REPRESENTATION_CONTEXT() REPRESENTATION_CONTEXT('2D SPACE',''
  ) );
#7656 = PCURVE('',#7657,#7662);
#7657 = CYLINDRICAL_SURFACE('',#7658,2.4);
#7658 = AXIS2_PLACEMENT_3D('',#7659,#7660,#7661);
#7659 = CARTESIAN_POINT('',(0.,9.5,5.5));
#7660 = DIRECTION('',(0.,0.,1.));
#7661 = DIRECTION('',(1.,0.,0.));
#7662 = DEFINITIONAL_REPRESENTATION('',(#7663),#7667);
#7663 = LINE('',#7664,#7665);
#7664 = CARTESIAN_POINT('',(0.,0.));
#7665 = VECTOR('',#7666,1.);
#7666 = DIRECTION('',(1.,0.));
#7667 = ( GEOMETRIC_REPRESENTATION_CONTEXT(2) 
PARAMETRIC_REPRESENTATION_CONTEXT() REPRESENTATION_CONTEXT('2D SPACE',''
  ) );
#7668 = ADVANCED_FACE('',(#7669),#3971,.T.);
#7669 = FACE_BOUND('',#7670,.T.);
#7670 = EDGE_LOOP('',(#7671,#7672,#7695,#7725));
#7671 = ORIENTED_EDGE('',*,*,#3955,.T.);
#7672 = ORIENTED_EDGE('',*,*,#7673,.T.);
#7673 = EDGE_CURVE('',#3928,#7674,#7676,.T.);
#7674 = VERTEX_POINT('',#7675);
#7675 = CARTESIAN_POINT('',(77.373046875,-1.60400390625,18.));
#7676 = SURFACE_CURVE('',#7677,(#7681,#7688),.PCURVE_S1.);
#7677 = B_SPLINE_CURVE_WITH_KNOTS('',2,(#7678,#7679,#7680),
  .UNSPECIFIED.,.F.,.F.,(3,3),(0.,1.),.PIECEWISE_BEZIER_KNOTS.);
#7678 = CARTESIAN_POINT('',(78.5791015625,-2.93701171875,18.));
#7679 = CARTESIAN_POINT('',(77.783203125,-2.44873046875,18.));
#7680 = CARTESIAN_POINT('',(77.373046875,-1.60400390625,18.));
#7681 = PCURVE('',#3971,#7682);
#7682 = DEFINITIONAL_REPRESENTATION('',(#7683),#7687);
#7683 = LINE('',#7684,#7685);
#7684 = CARTESIAN_POINT('',(0.,-0.5));
#7685 = VECTOR('',#7686,1.);
#7686 = DIRECTION('',(1.,0.));
#7687 = ( GEOMETRIC_REPRESENTATION_CONTEXT(2) 
PARAMETRIC_REPRESENTATION_CONTEXT() REPRESENTATION_CONTEXT('2D SPACE',''
  ) );
#7688 = PCURVE('',#3943,#7689);
#7689 = DEFINITIONAL_REPRESENTATION('',(#7690),#7694);
#7690 = B_SPLINE_CURVE_WITH_KNOTS('',2,(#7691,#7692,#7693),
  .UNSPECIFIED.,.F.,.F.,(3,3),(0.,1.),.PIECEWISE_BEZIER_KNOTS.);
#7691 = CARTESIAN_POINT('',(2.099609375,0.3662109375));
#7692 = CARTESIAN_POINT('',(1.3037109375,0.8544921875));
#7693 = CARTESIAN_POINT('',(0.8935546875,1.69921875));
#7694 = ( GEOMETRIC_REPRESENTATION_CONTEXT(2) 
PARAMETRIC_REPRESENTATION_CONTEXT() REPRESENTATION_CONTEXT('2D SPACE',''
  ) );
#7695 = ORIENTED_EDGE('',*,*,#7696,.F.);
#7696 = EDGE_CURVE('',#7697,#7674,#7699,.T.);
#7697 = VERTEX_POINT('',#7698);
#7698 = CARTESIAN_POINT('',(77.373046875,-1.60400390625,17.5));
#7699 = SURFACE_CURVE('',#7700,(#7704,#7711),.PCURVE_S1.);
#7700 = LINE('',#7701,#7702);
#7701 = CARTESIAN_POINT('',(77.373046875,-1.60400390625,17.5));
#7702 = VECTOR('',#7703,1.);
#7703 = DIRECTION('',(0.,0.,1.));
#7704 = PCURVE('',#3971,#7705);
#7705 = DEFINITIONAL_REPRESENTATION('',(#7706),#7710);
#7706 = LINE('',#7707,#7708);
#7707 = CARTESIAN_POINT('',(1.,0.));
#7708 = VECTOR('',#7709,1.);
#7709 = DIRECTION('',(0.,-1.));
#7710 = ( GEOMETRIC_REPRESENTATION_CONTEXT(2) 
PARAMETRIC_REPRESENTATION_CONTEXT() REPRESENTATION_CONTEXT('2D SPACE',''
  ) );
#7711 = PCURVE('',#7712,#7719);
#7712 = SURFACE_OF_LINEAR_EXTRUSION('',#7713,#7717);
#7713 = B_SPLINE_CURVE_WITH_KNOTS('',2,(#7714,#7715,#7716),
  .UNSPECIFIED.,.F.,.F.,(3,3),(0.,1.),.PIECEWISE_BEZIER_KNOTS.);
#7714 = CARTESIAN_POINT('',(77.373046875,-1.60400390625,17.5));
#7715 = CARTESIAN_POINT('',(76.962890625,-0.75927734375,17.5));
#7716 = CARTESIAN_POINT('',(76.962890625,0.18310546875,17.5));
#7717 = VECTOR('',#7718,1.);
#7718 = DIRECTION('',(-0.,-0.,-1.));
#7719 = DEFINITIONAL_REPRESENTATION('',(#7720),#7724);
#7720 = LINE('',#7721,#7722);
#7721 = CARTESIAN_POINT('',(0.,0.));
#7722 = VECTOR('',#7723,1.);
#7723 = DIRECTION('',(0.,-1.));
#7724 = ( GEOMETRIC_REPRESENTATION_CONTEXT(2) 
PARAMETRIC_REPRESENTATION_CONTEXT() REPRESENTATION_CONTEXT('2D SPACE',''
  ) );
#7725 = ORIENTED_EDGE('',*,*,#7726,.F.);
#7726 = EDGE_CURVE('',#3956,#7697,#7727,.T.);
#7727 = SURFACE_CURVE('',#7728,(#7732,#7739),.PCURVE_S1.);
#7728 = B_SPLINE_CURVE_WITH_KNOTS('',2,(#7729,#7730,#7731),
  .UNSPECIFIED.,.F.,.F.,(3,3),(0.,1.),.PIECEWISE_BEZIER_KNOTS.);
#7729 = CARTESIAN_POINT('',(78.5791015625,-2.93701171875,17.5));
#7730 = CARTESIAN_POINT('',(77.783203125,-2.44873046875,17.5));
#7731 = CARTESIAN_POINT('',(77.373046875,-1.60400390625,17.5));
#7732 = PCURVE('',#3971,#7733);
#7733 = DEFINITIONAL_REPRESENTATION('',(#7734),#7738);
#7734 = LINE('',#7735,#7736);
#7735 = CARTESIAN_POINT('',(0.,0.));
#7736 = VECTOR('',#7737,1.);
#7737 = DIRECTION('',(1.,0.));
#7738 = ( GEOMETRIC_REPRESENTATION_CONTEXT(2) 
PARAMETRIC_REPRESENTATION_CONTEXT() REPRESENTATION_CONTEXT('2D SPACE',''
  ) );
#7739 = PCURVE('',#3999,#7740);
#7740 = DEFINITIONAL_REPRESENTATION('',(#7741),#7745);
#7741 = B_SPLINE_CURVE_WITH_KNOTS('',2,(#7742,#7743,#7744),
  .UNSPECIFIED.,.F.,.F.,(3,3),(0.,1.),.PIECEWISE_BEZIER_KNOTS.);
#7742 = CARTESIAN_POINT('',(2.099609375,0.3662109375));
#7743 = CARTESIAN_POINT('',(1.3037109375,0.8544921875));
#7744 = CARTESIAN_POINT('',(0.8935546875,1.69921875));
#7745 = ( GEOMETRIC_REPRESENTATION_CONTEXT(2) 
PARAMETRIC_REPRESENTATION_CONTEXT() REPRESENTATION_CONTEXT('2D SPACE',''
  ) );
#7746 = ADVANCED_FACE('',(#7747),#3999,.F.);
#7747 = FACE_BOUND('',#7748,.F.);
#7748 = EDGE_LOOP('',(#7749,#7772,#7793,#7794,#7795,#7796,#7826,#7856,
    #7886,#7914,#7915));
#7749 = ORIENTED_EDGE('',*,*,#7750,.F.);
#7750 = EDGE_CURVE('',#7751,#4310,#7753,.T.);
#7751 = VERTEX_POINT('',#7752);
#7752 = CARTESIAN_POINT('',(76.962890625,0.18310546875,17.5));
#7753 = SURFACE_CURVE('',#7754,(#7758,#7765),.PCURVE_S1.);
#7754 = B_SPLINE_CURVE_WITH_KNOTS('',2,(#7755,#7756,#7757),
  .UNSPECIFIED.,.F.,.F.,(3,3),(0.,1.),.PIECEWISE_BEZIER_KNOTS.);
#7755 = CARTESIAN_POINT('',(76.962890625,0.18310546875,17.5));
#7756 = CARTESIAN_POINT('',(76.962890625,1.96533203125,17.5));
#7757 = CARTESIAN_POINT('',(77.919921875,2.9736328125,17.5));
#7758 = PCURVE('',#3999,#7759);
#7759 = DEFINITIONAL_REPRESENTATION('',(#7760),#7764);
#7760 = B_SPLINE_CURVE_WITH_KNOTS('',2,(#7761,#7762,#7763),
  .UNSPECIFIED.,.F.,.F.,(3,3),(0.,1.),.PIECEWISE_BEZIER_KNOTS.);
#7761 = CARTESIAN_POINT('',(0.4833984375,3.486328125));
#7762 = CARTESIAN_POINT('',(0.4833984375,5.2685546875));
#7763 = CARTESIAN_POINT('',(1.4404296875,6.27685546875));
#7764 = ( GEOMETRIC_REPRESENTATION_CONTEXT(2) 
PARAMETRIC_REPRESENTATION_CONTEXT() REPRESENTATION_CONTEXT('2D SPACE',''
  ) );
#7765 = PCURVE('',#4327,#7766);
#7766 = DEFINITIONAL_REPRESENTATION('',(#7767),#7771);
#7767 = LINE('',#7768,#7769);
#7768 = CARTESIAN_POINT('',(0.,0.));
#7769 = VECTOR('',#7770,1.);
#7770 = DIRECTION('',(1.,0.));
#7771 = ( GEOMETRIC_REPRESENTATION_CONTEXT(2) 
PARAMETRIC_REPRESENTATION_CONTEXT() REPRESENTATION_CONTEXT('2D SPACE',''
  ) );
#7772 = ORIENTED_EDGE('',*,*,#7773,.F.);
#7773 = EDGE_CURVE('',#7697,#7751,#7774,.T.);
#7774 = SURFACE_CURVE('',#7775,(#7779,#7786),.PCURVE_S1.);
#7775 = B_SPLINE_CURVE_WITH_KNOTS('',2,(#7776,#7777,#7778),
  .UNSPECIFIED.,.F.,.F.,(3,3),(0.,1.),.PIECEWISE_BEZIER_KNOTS.);
#7776 = CARTESIAN_POINT('',(77.373046875,-1.60400390625,17.5));
#7777 = CARTESIAN_POINT('',(76.962890625,-0.75927734375,17.5));
#7778 = CARTESIAN_POINT('',(76.962890625,0.18310546875,17.5));
#7779 = PCURVE('',#3999,#7780);
#7780 = DEFINITIONAL_REPRESENTATION('',(#7781),#7785);
#7781 = B_SPLINE_CURVE_WITH_KNOTS('',2,(#7782,#7783,#7784),
  .UNSPECIFIED.,.F.,.F.,(3,3),(0.,1.),.PIECEWISE_BEZIER_KNOTS.);
#7782 = CARTESIAN_POINT('',(0.8935546875,1.69921875));
#7783 = CARTESIAN_POINT('',(0.4833984375,2.5439453125));
#7784 = CARTESIAN_POINT('',(0.4833984375,3.486328125));
#7785 = ( GEOMETRIC_REPRESENTATION_CONTEXT(2) 
PARAMETRIC_REPRESENTATION_CONTEXT() REPRESENTATION_CONTEXT('2D SPACE',''
  ) );
#7786 = PCURVE('',#7712,#7787);
#7787 = DEFINITIONAL_REPRESENTATION('',(#7788),#7792);
#7788 = LINE('',#7789,#7790);
#7789 = CARTESIAN_POINT('',(0.,0.));
#7790 = VECTOR('',#7791,1.);
#7791 = DIRECTION('',(1.,0.));
#7792 = ( GEOMETRIC_REPRESENTATION_CONTEXT(2) 
PARAMETRIC_REPRESENTATION_CONTEXT() REPRESENTATION_CONTEXT('2D SPACE',''
  ) );
#7793 = ORIENTED_EDGE('',*,*,#7726,.F.);
#7794 = ORIENTED_EDGE('',*,*,#3985,.F.);
#7795 = ORIENTED_EDGE('',*,*,#4474,.F.);
#7796 = ORIENTED_EDGE('',*,*,#7797,.F.);
#7797 = EDGE_CURVE('',#7798,#4442,#7800,.T.);
#7798 = VERTEX_POINT('',#7799);
#7799 = CARTESIAN_POINT('',(78.63525390625,-1.8701171875,17.5));
#7800 = SURFACE_CURVE('',#7801,(#7805,#7812),.PCURVE_S1.);
#7801 = B_SPLINE_CURVE_WITH_KNOTS('',2,(#7802,#7803,#7804),
  .UNSPECIFIED.,.F.,.F.,(3,3),(0.,1.),.PIECEWISE_BEZIER_KNOTS.);
#7802 = CARTESIAN_POINT('',(78.63525390625,-1.8701171875,17.5));
#7803 = CARTESIAN_POINT('',(79.3310546875,-2.61474609375,17.5));
#7804 = CARTESIAN_POINT('',(80.380859375,-2.61474609375,17.5));
#7805 = PCURVE('',#3999,#7806);
#7806 = DEFINITIONAL_REPRESENTATION('',(#7807),#7811);
#7807 = B_SPLINE_CURVE_WITH_KNOTS('',2,(#7808,#7809,#7810),
  .UNSPECIFIED.,.F.,.F.,(3,3),(0.,1.),.PIECEWISE_BEZIER_KNOTS.);
#7808 = CARTESIAN_POINT('',(2.15576171875,1.43310546875));
#7809 = CARTESIAN_POINT('',(2.8515625,0.6884765625));
#7810 = CARTESIAN_POINT('',(3.9013671875,0.6884765625));
#7811 = ( GEOMETRIC_REPRESENTATION_CONTEXT(2) 
PARAMETRIC_REPRESENTATION_CONTEXT() REPRESENTATION_CONTEXT('2D SPACE',''
  ) );
#7812 = PCURVE('',#7813,#7820);
#7813 = SURFACE_OF_LINEAR_EXTRUSION('',#7814,#7818);
#7814 = B_SPLINE_CURVE_WITH_KNOTS('',2,(#7815,#7816,#7817),
  .UNSPECIFIED.,.F.,.F.,(3,3),(0.,1.),.PIECEWISE_BEZIER_KNOTS.);
#7815 = CARTESIAN_POINT('',(78.63525390625,-1.8701171875,17.5));
#7816 = CARTESIAN_POINT('',(79.3310546875,-2.61474609375,17.5));
#7817 = CARTESIAN_POINT('',(80.380859375,-2.61474609375,17.5));
#7818 = VECTOR('',#7819,1.);
#7819 = DIRECTION('',(-0.,-0.,-1.));
#7820 = DEFINITIONAL_REPRESENTATION('',(#7821),#7825);
#7821 = LINE('',#7822,#7823);
#7822 = CARTESIAN_POINT('',(0.,0.));
#7823 = VECTOR('',#7824,1.);
#7824 = DIRECTION('',(1.,0.));
#7825 = ( GEOMETRIC_REPRESENTATION_CONTEXT(2) 
PARAMETRIC_REPRESENTATION_CONTEXT() REPRESENTATION_CONTEXT('2D SPACE',''
  ) );
#7826 = ORIENTED_EDGE('',*,*,#7827,.F.);
#7827 = EDGE_CURVE('',#7828,#7798,#7830,.T.);
#7828 = VERTEX_POINT('',#7829);
#7829 = CARTESIAN_POINT('',(77.939453125,0.16845703125,17.5));
#7830 = SURFACE_CURVE('',#7831,(#7835,#7842),.PCURVE_S1.);
#7831 = B_SPLINE_CURVE_WITH_KNOTS('',2,(#7832,#7833,#7834),
  .UNSPECIFIED.,.F.,.F.,(3,3),(0.,1.),.PIECEWISE_BEZIER_KNOTS.);
#7832 = CARTESIAN_POINT('',(77.939453125,0.16845703125,17.5));
#7833 = CARTESIAN_POINT('',(77.939453125,-1.12548828125,17.5));
#7834 = CARTESIAN_POINT('',(78.63525390625,-1.8701171875,17.5));
#7835 = PCURVE('',#3999,#7836);
#7836 = DEFINITIONAL_REPRESENTATION('',(#7837),#7841);
#7837 = B_SPLINE_CURVE_WITH_KNOTS('',2,(#7838,#7839,#7840),
  .UNSPECIFIED.,.F.,.F.,(3,3),(0.,1.),.PIECEWISE_BEZIER_KNOTS.);
#7838 = CARTESIAN_POINT('',(1.4599609375,3.4716796875));
#7839 = CARTESIAN_POINT('',(1.4599609375,2.177734375));
#7840 = CARTESIAN_POINT('',(2.15576171875,1.43310546875));
#7841 = ( GEOMETRIC_REPRESENTATION_CONTEXT(2) 
PARAMETRIC_REPRESENTATION_CONTEXT() REPRESENTATION_CONTEXT('2D SPACE',''
  ) );
#7842 = PCURVE('',#7843,#7850);
#7843 = SURFACE_OF_LINEAR_EXTRUSION('',#7844,#7848);
#7844 = B_SPLINE_CURVE_WITH_KNOTS('',2,(#7845,#7846,#7847),
  .UNSPECIFIED.,.F.,.F.,(3,3),(0.,1.),.PIECEWISE_BEZIER_KNOTS.);
#7845 = CARTESIAN_POINT('',(77.939453125,0.16845703125,17.5));
#7846 = CARTESIAN_POINT('',(77.939453125,-1.12548828125,17.5));
#7847 = CARTESIAN_POINT('',(78.63525390625,-1.8701171875,17.5));
#7848 = VECTOR('',#7849,1.);
#7849 = DIRECTION('',(-0.,-0.,-1.));
#7850 = DEFINITIONAL_REPRESENTATION('',(#7851),#7855);
#7851 = LINE('',#7852,#7853);
#7852 = CARTESIAN_POINT('',(0.,0.));
#7853 = VECTOR('',#7854,1.);
#7854 = DIRECTION('',(1.,0.));
#7855 = ( GEOMETRIC_REPRESENTATION_CONTEXT(2) 
PARAMETRIC_REPRESENTATION_CONTEXT() REPRESENTATION_CONTEXT('2D SPACE',''
  ) );
#7856 = ORIENTED_EDGE('',*,*,#7857,.F.);
#7857 = EDGE_CURVE('',#7858,#7828,#7860,.T.);
#7858 = VERTEX_POINT('',#7859);
#7859 = CARTESIAN_POINT('',(78.66455078125,2.4755859375,17.5));
#7860 = SURFACE_CURVE('',#7861,(#7865,#7872),.PCURVE_S1.);
#7861 = B_SPLINE_CURVE_WITH_KNOTS('',2,(#7862,#7863,#7864),
  .UNSPECIFIED.,.F.,.F.,(3,3),(0.,1.),.PIECEWISE_BEZIER_KNOTS.);
#7862 = CARTESIAN_POINT('',(78.66455078125,2.4755859375,17.5));
#7863 = CARTESIAN_POINT('',(77.939453125,1.78466796875,17.5));
#7864 = CARTESIAN_POINT('',(77.939453125,0.16845703125,17.5));
#7865 = PCURVE('',#3999,#7866);
#7866 = DEFINITIONAL_REPRESENTATION('',(#7867),#7871);
#7867 = B_SPLINE_CURVE_WITH_KNOTS('',2,(#7868,#7869,#7870),
  .UNSPECIFIED.,.F.,.F.,(3,3),(0.,1.),.PIECEWISE_BEZIER_KNOTS.);
#7868 = CARTESIAN_POINT('',(2.18505859375,5.77880859375));
#7869 = CARTESIAN_POINT('',(1.4599609375,5.087890625));
#7870 = CARTESIAN_POINT('',(1.4599609375,3.4716796875));
#7871 = ( GEOMETRIC_REPRESENTATION_CONTEXT(2) 
PARAMETRIC_REPRESENTATION_CONTEXT() REPRESENTATION_CONTEXT('2D SPACE',''
  ) );
#7872 = PCURVE('',#7873,#7880);
#7873 = SURFACE_OF_LINEAR_EXTRUSION('',#7874,#7878);
#7874 = B_SPLINE_CURVE_WITH_KNOTS('',2,(#7875,#7876,#7877),
  .UNSPECIFIED.,.F.,.F.,(3,3),(0.,1.),.PIECEWISE_BEZIER_KNOTS.);
#7875 = CARTESIAN_POINT('',(78.66455078125,2.4755859375,17.5));
#7876 = CARTESIAN_POINT('',(77.939453125,1.78466796875,17.5));
#7877 = CARTESIAN_POINT('',(77.939453125,0.16845703125,17.5));
#7878 = VECTOR('',#7879,1.);
#7879 = DIRECTION('',(-0.,-0.,-1.));
#7880 = DEFINITIONAL_REPRESENTATION('',(#7881),#7885);
#7881 = LINE('',#7882,#7883);
#7882 = CARTESIAN_POINT('',(0.,0.));
#7883 = VECTOR('',#7884,1.);
#7884 = DIRECTION('',(1.,0.));
#7885 = ( GEOMETRIC_REPRESENTATION_CONTEXT(2) 
PARAMETRIC_REPRESENTATION_CONTEXT() REPRESENTATION_CONTEXT('2D SPACE',''
  ) );
#7886 = ORIENTED_EDGE('',*,*,#7887,.F.);
#7887 = EDGE_CURVE('',#4502,#7858,#7888,.T.);
#7888 = SURFACE_CURVE('',#7889,(#7893,#7900),.PCURVE_S1.);
#7889 = B_SPLINE_CURVE_WITH_KNOTS('',2,(#7890,#7891,#7892),
  .UNSPECIFIED.,.F.,.F.,(3,3),(0.,1.),.PIECEWISE_BEZIER_KNOTS.);
#7890 = CARTESIAN_POINT('',(80.3955078125,3.16650390625,17.5));
#7891 = CARTESIAN_POINT('',(79.3896484375,3.16650390625,17.5));
#7892 = CARTESIAN_POINT('',(78.66455078125,2.4755859375,17.5));
#7893 = PCURVE('',#3999,#7894);
#7894 = DEFINITIONAL_REPRESENTATION('',(#7895),#7899);
#7895 = B_SPLINE_CURVE_WITH_KNOTS('',2,(#7896,#7897,#7898),
  .UNSPECIFIED.,.F.,.F.,(3,3),(0.,1.),.PIECEWISE_BEZIER_KNOTS.);
#7896 = CARTESIAN_POINT('',(3.916015625,6.4697265625));
#7897 = CARTESIAN_POINT('',(2.91015625,6.4697265625));
#7898 = CARTESIAN_POINT('',(2.18505859375,5.77880859375));
#7899 = ( GEOMETRIC_REPRESENTATION_CONTEXT(2) 
PARAMETRIC_REPRESENTATION_CONTEXT() REPRESENTATION_CONTEXT('2D SPACE',''
  ) );
#7900 = PCURVE('',#7901,#7908);
#7901 = SURFACE_OF_LINEAR_EXTRUSION('',#7902,#7906);
#7902 = B_SPLINE_CURVE_WITH_KNOTS('',2,(#7903,#7904,#7905),
  .UNSPECIFIED.,.F.,.F.,(3,3),(0.,1.),.PIECEWISE_BEZIER_KNOTS.);
#7903 = CARTESIAN_POINT('',(80.3955078125,3.16650390625,17.5));
#7904 = CARTESIAN_POINT('',(79.3896484375,3.16650390625,17.5));
#7905 = CARTESIAN_POINT('',(78.66455078125,2.4755859375,17.5));
#7906 = VECTOR('',#7907,1.);
#7907 = DIRECTION('',(-0.,-0.,-1.));
#7908 = DEFINITIONAL_REPRESENTATION('',(#7909),#7913);
#7909 = LINE('',#7910,#7911);
#7910 = CARTESIAN_POINT('',(0.,0.));
#7911 = VECTOR('',#7912,1.);
#7912 = DIRECTION('',(1.,0.));
#7913 = ( GEOMETRIC_REPRESENTATION_CONTEXT(2) 
PARAMETRIC_REPRESENTATION_CONTEXT() REPRESENTATION_CONTEXT('2D SPACE',''
  ) );
#7914 = ORIENTED_EDGE('',*,*,#4501,.F.);
#7915 = ORIENTED_EDGE('',*,*,#4364,.F.);
#7916 = ADVANCED_FACE('',(#7917,#7972),#3943,.T.);
#7917 = FACE_BOUND('',#7918,.F.);
#7918 = EDGE_LOOP('',(#7919,#7942,#7943,#7944,#7945,#7946,#7947,#7948,
    #7949,#7950,#7951));
#7919 = ORIENTED_EDGE('',*,*,#7920,.T.);
#7920 = EDGE_CURVE('',#7921,#4312,#7923,.T.);
#7921 = VERTEX_POINT('',#7922);
#7922 = CARTESIAN_POINT('',(76.962890625,0.18310546875,18.));
#7923 = SURFACE_CURVE('',#7924,(#7928,#7935),.PCURVE_S1.);
#7924 = B_SPLINE_CURVE_WITH_KNOTS('',2,(#7925,#7926,#7927),
  .UNSPECIFIED.,.F.,.F.,(3,3),(0.,1.),.PIECEWISE_BEZIER_KNOTS.);
#7925 = CARTESIAN_POINT('',(76.962890625,0.18310546875,18.));
#7926 = CARTESIAN_POINT('',(76.962890625,1.96533203125,18.));
#7927 = CARTESIAN_POINT('',(77.919921875,2.9736328125,18.));
#7928 = PCURVE('',#3943,#7929);
#7929 = DEFINITIONAL_REPRESENTATION('',(#7930),#7934);
#7930 = B_SPLINE_CURVE_WITH_KNOTS('',2,(#7931,#7932,#7933),
  .UNSPECIFIED.,.F.,.F.,(3,3),(0.,1.),.PIECEWISE_BEZIER_KNOTS.);
#7931 = CARTESIAN_POINT('',(0.4833984375,3.486328125));
#7932 = CARTESIAN_POINT('',(0.4833984375,5.2685546875));
#7933 = CARTESIAN_POINT('',(1.4404296875,6.27685546875));
#7934 = ( GEOMETRIC_REPRESENTATION_CONTEXT(2) 
PARAMETRIC_REPRESENTATION_CONTEXT() REPRESENTATION_CONTEXT('2D SPACE',''
  ) );
#7935 = PCURVE('',#4327,#7936);
#7936 = DEFINITIONAL_REPRESENTATION('',(#7937),#7941);
#7937 = LINE('',#7938,#7939);
#7938 = CARTESIAN_POINT('',(0.,-0.5));
#7939 = VECTOR('',#7940,1.);
#7940 = DIRECTION('',(1.,0.));
#7941 = ( GEOMETRIC_REPRESENTATION_CONTEXT(2) 
PARAMETRIC_REPRESENTATION_CONTEXT() REPRESENTATION_CONTEXT('2D SPACE',''
  ) );
#7942 = ORIENTED_EDGE('',*,*,#4341,.T.);
#7943 = ORIENTED_EDGE('',*,*,#4283,.T.);
#7944 = ORIENTED_EDGE('',*,*,#4234,.T.);
#7945 = ORIENTED_EDGE('',*,*,#4185,.T.);
#7946 = ORIENTED_EDGE('',*,*,#4136,.T.);
#7947 = ORIENTED_EDGE('',*,*,#4087,.T.);
#7948 = ORIENTED_EDGE('',*,*,#4038,.T.);
#7949 = ORIENTED_EDGE('',*,*,#3927,.T.);
#7950 = ORIENTED_EDGE('',*,*,#7673,.T.);
#7951 = ORIENTED_EDGE('',*,*,#7952,.T.);
#7952 = EDGE_CURVE('',#7674,#7921,#7953,.T.);
#7953 = SURFACE_CURVE('',#7954,(#7958,#7965),.PCURVE_S1.);
#7954 = B_SPLINE_CURVE_WITH_KNOTS('',2,(#7955,#7956,#7957),
  .UNSPECIFIED.,.F.,.F.,(3,3),(0.,1.),.PIECEWISE_BEZIER_KNOTS.);
#7955 = CARTESIAN_POINT('',(77.373046875,-1.60400390625,18.));
#7956 = CARTESIAN_POINT('',(76.962890625,-0.75927734375,18.));
#7957 = CARTESIAN_POINT('',(76.962890625,0.18310546875,18.));
#7958 = PCURVE('',#3943,#7959);
#7959 = DEFINITIONAL_REPRESENTATION('',(#7960),#7964);
#7960 = B_SPLINE_CURVE_WITH_KNOTS('',2,(#7961,#7962,#7963),
  .UNSPECIFIED.,.F.,.F.,(3,3),(0.,1.),.PIECEWISE_BEZIER_KNOTS.);
#7961 = CARTESIAN_POINT('',(0.8935546875,1.69921875));
#7962 = CARTESIAN_POINT('',(0.4833984375,2.5439453125));
#7963 = CARTESIAN_POINT('',(0.4833984375,3.486328125));
#7964 = ( GEOMETRIC_REPRESENTATION_CONTEXT(2) 
PARAMETRIC_REPRESENTATION_CONTEXT() REPRESENTATION_CONTEXT('2D SPACE',''
  ) );
#7965 = PCURVE('',#7712,#7966);
#7966 = DEFINITIONAL_REPRESENTATION('',(#7967),#7971);
#7967 = LINE('',#7968,#7969);
#7968 = CARTESIAN_POINT('',(0.,-0.5));
#7969 = VECTOR('',#7970,1.);
#7970 = DIRECTION('',(1.,0.));
#7971 = ( GEOMETRIC_REPRESENTATION_CONTEXT(2) 
PARAMETRIC_REPRESENTATION_CONTEXT() REPRESENTATION_CONTEXT('2D SPACE',''
  ) );
#7972 = FACE_BOUND('',#7973,.F.);
#7973 = EDGE_LOOP('',(#7974,#7999,#8022,#8052,#8082,#8112,#8142,#8172,
    #8195));
#7974 = ORIENTED_EDGE('',*,*,#7975,.T.);
#7975 = EDGE_CURVE('',#7976,#7978,#7980,.T.);
#7976 = VERTEX_POINT('',#7977);
#7977 = CARTESIAN_POINT('',(77.939453125,0.16845703125,18.));
#7978 = VERTEX_POINT('',#7979);
#7979 = CARTESIAN_POINT('',(78.63525390625,-1.8701171875,18.));
#7980 = SURFACE_CURVE('',#7981,(#7985,#7992),.PCURVE_S1.);
#7981 = B_SPLINE_CURVE_WITH_KNOTS('',2,(#7982,#7983,#7984),
  .UNSPECIFIED.,.F.,.F.,(3,3),(0.,1.),.PIECEWISE_BEZIER_KNOTS.);
#7982 = CARTESIAN_POINT('',(77.939453125,0.16845703125,18.));
#7983 = CARTESIAN_POINT('',(77.939453125,-1.12548828125,18.));
#7984 = CARTESIAN_POINT('',(78.63525390625,-1.8701171875,18.));
#7985 = PCURVE('',#3943,#7986);
#7986 = DEFINITIONAL_REPRESENTATION('',(#7987),#7991);
#7987 = B_SPLINE_CURVE_WITH_KNOTS('',2,(#7988,#7989,#7990),
  .UNSPECIFIED.,.F.,.F.,(3,3),(0.,1.),.PIECEWISE_BEZIER_KNOTS.);
#7988 = CARTESIAN_POINT('',(1.4599609375,3.4716796875));
#7989 = CARTESIAN_POINT('',(1.4599609375,2.177734375));
#7990 = CARTESIAN_POINT('',(2.15576171875,1.43310546875));
#7991 = ( GEOMETRIC_REPRESENTATION_CONTEXT(2) 
PARAMETRIC_REPRESENTATION_CONTEXT() REPRESENTATION_CONTEXT('2D SPACE',''
  ) );
#7992 = PCURVE('',#7843,#7993);
#7993 = DEFINITIONAL_REPRESENTATION('',(#7994),#7998);
#7994 = LINE('',#7995,#7996);
#7995 = CARTESIAN_POINT('',(0.,-0.5));
#7996 = VECTOR('',#7997,1.);
#7997 = DIRECTION('',(1.,0.));
#7998 = ( GEOMETRIC_REPRESENTATION_CONTEXT(2) 
PARAMETRIC_REPRESENTATION_CONTEXT() REPRESENTATION_CONTEXT('2D SPACE',''
  ) );
#7999 = ORIENTED_EDGE('',*,*,#8000,.T.);
#8000 = EDGE_CURVE('',#7978,#8001,#8003,.T.);
#8001 = VERTEX_POINT('',#8002);
#8002 = CARTESIAN_POINT('',(80.380859375,-2.61474609375,18.));
#8003 = SURFACE_CURVE('',#8004,(#8008,#8015),.PCURVE_S1.);
#8004 = B_SPLINE_CURVE_WITH_KNOTS('',2,(#8005,#8006,#8007),
  .UNSPECIFIED.,.F.,.F.,(3,3),(0.,1.),.PIECEWISE_BEZIER_KNOTS.);
#8005 = CARTESIAN_POINT('',(78.63525390625,-1.8701171875,18.));
#8006 = CARTESIAN_POINT('',(79.3310546875,-2.61474609375,18.));
#8007 = CARTESIAN_POINT('',(80.380859375,-2.61474609375,18.));
#8008 = PCURVE('',#3943,#8009);
#8009 = DEFINITIONAL_REPRESENTATION('',(#8010),#8014);
#8010 = B_SPLINE_CURVE_WITH_KNOTS('',2,(#8011,#8012,#8013),
  .UNSPECIFIED.,.F.,.F.,(3,3),(0.,1.),.PIECEWISE_BEZIER_KNOTS.);
#8011 = CARTESIAN_POINT('',(2.15576171875,1.43310546875));
#8012 = CARTESIAN_POINT('',(2.8515625,0.6884765625));
#8013 = CARTESIAN_POINT('',(3.9013671875,0.6884765625));
#8014 = ( GEOMETRIC_REPRESENTATION_CONTEXT(2) 
PARAMETRIC_REPRESENTATION_CONTEXT() REPRESENTATION_CONTEXT('2D SPACE',''
  ) );
#8015 = PCURVE('',#7813,#8016);
#8016 = DEFINITIONAL_REPRESENTATION('',(#8017),#8021);
#8017 = LINE('',#8018,#8019);
#8018 = CARTESIAN_POINT('',(0.,-0.5));
#8019 = VECTOR('',#8020,1.);
#8020 = DIRECTION('',(1.,0.));
#8021 = ( GEOMETRIC_REPRESENTATION_CONTEXT(2) 
PARAMETRIC_REPRESENTATION_CONTEXT() REPRESENTATION_CONTEXT('2D SPACE',''
  ) );
#8022 = ORIENTED_EDGE('',*,*,#8023,.T.);
#8023 = EDGE_CURVE('',#8001,#8024,#8026,.T.);
#8024 = VERTEX_POINT('',#8025);
#8025 = CARTESIAN_POINT('',(82.14111328125,-1.86279296875,18.));
#8026 = SURFACE_CURVE('',#8027,(#8031,#8038),.PCURVE_S1.);
#8027 = B_SPLINE_CURVE_WITH_KNOTS('',2,(#8028,#8029,#8030),
  .UNSPECIFIED.,.F.,.F.,(3,3),(0.,1.),.PIECEWISE_BEZIER_KNOTS.);
#8028 = CARTESIAN_POINT('',(80.380859375,-2.61474609375,18.));
#8029 = CARTESIAN_POINT('',(81.4501953125,-2.61474609375,18.));
#8030 = CARTESIAN_POINT('',(82.14111328125,-1.86279296875,18.));
#8031 = PCURVE('',#3943,#8032);
#8032 = DEFINITIONAL_REPRESENTATION('',(#8033),#8037);
#8033 = B_SPLINE_CURVE_WITH_KNOTS('',2,(#8034,#8035,#8036),
  .UNSPECIFIED.,.F.,.F.,(3,3),(0.,1.),.PIECEWISE_BEZIER_KNOTS.);
#8034 = CARTESIAN_POINT('',(3.9013671875,0.6884765625));
#8035 = CARTESIAN_POINT('',(4.970703125,0.6884765625));
#8036 = CARTESIAN_POINT('',(5.66162109375,1.4404296875));
#8037 = ( GEOMETRIC_REPRESENTATION_CONTEXT(2) 
PARAMETRIC_REPRESENTATION_CONTEXT() REPRESENTATION_CONTEXT('2D SPACE',''
  ) );
#8038 = PCURVE('',#8039,#8046);
#8039 = SURFACE_OF_LINEAR_EXTRUSION('',#8040,#8044);
#8040 = B_SPLINE_CURVE_WITH_KNOTS('',2,(#8041,#8042,#8043),
  .UNSPECIFIED.,.F.,.F.,(3,3),(0.,1.),.PIECEWISE_BEZIER_KNOTS.);
#8041 = CARTESIAN_POINT('',(80.380859375,-2.61474609375,17.5));
#8042 = CARTESIAN_POINT('',(81.4501953125,-2.61474609375,17.5));
#8043 = CARTESIAN_POINT('',(82.14111328125,-1.86279296875,17.5));
#8044 = VECTOR('',#8045,1.);
#8045 = DIRECTION('',(-0.,-0.,-1.));
#8046 = DEFINITIONAL_REPRESENTATION('',(#8047),#8051);
#8047 = LINE('',#8048,#8049);
#8048 = CARTESIAN_POINT('',(0.,-0.5));
#8049 = VECTOR('',#8050,1.);
#8050 = DIRECTION('',(1.,0.));
#8051 = ( GEOMETRIC_REPRESENTATION_CONTEXT(2) 
PARAMETRIC_REPRESENTATION_CONTEXT() REPRESENTATION_CONTEXT('2D SPACE',''
  ) );
#8052 = ORIENTED_EDGE('',*,*,#8053,.T.);
#8053 = EDGE_CURVE('',#8024,#8054,#8056,.T.);
#8054 = VERTEX_POINT('',#8055);
#8055 = CARTESIAN_POINT('',(82.83203125,0.27099609375,18.));
#8056 = SURFACE_CURVE('',#8057,(#8061,#8068),.PCURVE_S1.);
#8057 = B_SPLINE_CURVE_WITH_KNOTS('',2,(#8058,#8059,#8060),
  .UNSPECIFIED.,.F.,.F.,(3,3),(0.,1.),.PIECEWISE_BEZIER_KNOTS.);
#8058 = CARTESIAN_POINT('',(82.14111328125,-1.86279296875,18.));
#8059 = CARTESIAN_POINT('',(82.83203125,-1.11083984375,18.));
#8060 = CARTESIAN_POINT('',(82.83203125,0.27099609375,18.));
#8061 = PCURVE('',#3943,#8062);
#8062 = DEFINITIONAL_REPRESENTATION('',(#8063),#8067);
#8063 = B_SPLINE_CURVE_WITH_KNOTS('',2,(#8064,#8065,#8066),
  .UNSPECIFIED.,.F.,.F.,(3,3),(0.,1.),.PIECEWISE_BEZIER_KNOTS.);
#8064 = CARTESIAN_POINT('',(5.66162109375,1.4404296875));
#8065 = CARTESIAN_POINT('',(6.3525390625,2.1923828125));
#8066 = CARTESIAN_POINT('',(6.3525390625,3.57421875));
#8067 = ( GEOMETRIC_REPRESENTATION_CONTEXT(2) 
PARAMETRIC_REPRESENTATION_CONTEXT() REPRESENTATION_CONTEXT('2D SPACE',''
  ) );
#8068 = PCURVE('',#8069,#8076);
#8069 = SURFACE_OF_LINEAR_EXTRUSION('',#8070,#8074);
#8070 = B_SPLINE_CURVE_WITH_KNOTS('',2,(#8071,#8072,#8073),
  .UNSPECIFIED.,.F.,.F.,(3,3),(0.,1.),.PIECEWISE_BEZIER_KNOTS.);
#8071 = CARTESIAN_POINT('',(82.14111328125,-1.86279296875,17.5));
#8072 = CARTESIAN_POINT('',(82.83203125,-1.11083984375,17.5));
#8073 = CARTESIAN_POINT('',(82.83203125,0.27099609375,17.5));
#8074 = VECTOR('',#8075,1.);
#8075 = DIRECTION('',(-0.,-0.,-1.));
#8076 = DEFINITIONAL_REPRESENTATION('',(#8077),#8081);
#8077 = LINE('',#8078,#8079);
#8078 = CARTESIAN_POINT('',(0.,-0.5));
#8079 = VECTOR('',#8080,1.);
#8080 = DIRECTION('',(1.,0.));
#8081 = ( GEOMETRIC_REPRESENTATION_CONTEXT(2) 
PARAMETRIC_REPRESENTATION_CONTEXT() REPRESENTATION_CONTEXT('2D SPACE',''
  ) );
#8082 = ORIENTED_EDGE('',*,*,#8083,.T.);
#8083 = EDGE_CURVE('',#8054,#8084,#8086,.T.);
#8084 = VERTEX_POINT('',#8085);
#8085 = CARTESIAN_POINT('',(82.53662109375,1.796875,18.));
#8086 = SURFACE_CURVE('',#8087,(#8091,#8098),.PCURVE_S1.);
#8087 = B_SPLINE_CURVE_WITH_KNOTS('',2,(#8088,#8089,#8090),
  .UNSPECIFIED.,.F.,.F.,(3,3),(0.,1.),.PIECEWISE_BEZIER_KNOTS.);
#8088 = CARTESIAN_POINT('',(82.83203125,0.27099609375,18.));
#8089 = CARTESIAN_POINT('',(82.83203125,1.14501953125,18.));
#8090 = CARTESIAN_POINT('',(82.53662109375,1.796875,18.));
#8091 = PCURVE('',#3943,#8092);
#8092 = DEFINITIONAL_REPRESENTATION('',(#8093),#8097);
#8093 = B_SPLINE_CURVE_WITH_KNOTS('',2,(#8094,#8095,#8096),
  .UNSPECIFIED.,.F.,.F.,(3,3),(0.,1.),.PIECEWISE_BEZIER_KNOTS.);
#8094 = CARTESIAN_POINT('',(6.3525390625,3.57421875));
#8095 = CARTESIAN_POINT('',(6.3525390625,4.4482421875));
#8096 = CARTESIAN_POINT('',(6.05712890625,5.10009765625));
#8097 = ( GEOMETRIC_REPRESENTATION_CONTEXT(2) 
PARAMETRIC_REPRESENTATION_CONTEXT() REPRESENTATION_CONTEXT('2D SPACE',''
  ) );
#8098 = PCURVE('',#8099,#8106);
#8099 = SURFACE_OF_LINEAR_EXTRUSION('',#8100,#8104);
#8100 = B_SPLINE_CURVE_WITH_KNOTS('',2,(#8101,#8102,#8103),
  .UNSPECIFIED.,.F.,.F.,(3,3),(0.,1.),.PIECEWISE_BEZIER_KNOTS.);
#8101 = CARTESIAN_POINT('',(82.83203125,0.27099609375,17.5));
#8102 = CARTESIAN_POINT('',(82.83203125,1.14501953125,17.5));
#8103 = CARTESIAN_POINT('',(82.53662109375,1.796875,17.5));
#8104 = VECTOR('',#8105,1.);
#8105 = DIRECTION('',(-0.,-0.,-1.));
#8106 = DEFINITIONAL_REPRESENTATION('',(#8107),#8111);
#8107 = LINE('',#8108,#8109);
#8108 = CARTESIAN_POINT('',(0.,-0.5));
#8109 = VECTOR('',#8110,1.);
#8110 = DIRECTION('',(1.,0.));
#8111 = ( GEOMETRIC_REPRESENTATION_CONTEXT(2) 
PARAMETRIC_REPRESENTATION_CONTEXT() REPRESENTATION_CONTEXT('2D SPACE',''
  ) );
#8112 = ORIENTED_EDGE('',*,*,#8113,.T.);
#8113 = EDGE_CURVE('',#8084,#8114,#8116,.T.);
#8114 = VERTEX_POINT('',#8115);
#8115 = CARTESIAN_POINT('',(81.67236328125,2.8076171875,18.));
#8116 = SURFACE_CURVE('',#8117,(#8121,#8128),.PCURVE_S1.);
#8117 = B_SPLINE_CURVE_WITH_KNOTS('',2,(#8118,#8119,#8120),
  .UNSPECIFIED.,.F.,.F.,(3,3),(0.,1.),.PIECEWISE_BEZIER_KNOTS.);
#8118 = CARTESIAN_POINT('',(82.53662109375,1.796875,18.));
#8119 = CARTESIAN_POINT('',(82.2412109375,2.44873046875,18.));
#8120 = CARTESIAN_POINT('',(81.67236328125,2.8076171875,18.));
#8121 = PCURVE('',#3943,#8122);
#8122 = DEFINITIONAL_REPRESENTATION('',(#8123),#8127);
#8123 = B_SPLINE_CURVE_WITH_KNOTS('',2,(#8124,#8125,#8126),
  .UNSPECIFIED.,.F.,.F.,(3,3),(0.,1.),.PIECEWISE_BEZIER_KNOTS.);
#8124 = CARTESIAN_POINT('',(6.05712890625,5.10009765625));
#8125 = CARTESIAN_POINT('',(5.76171875,5.751953125));
#8126 = CARTESIAN_POINT('',(5.19287109375,6.11083984375));
#8127 = ( GEOMETRIC_REPRESENTATION_CONTEXT(2) 
PARAMETRIC_REPRESENTATION_CONTEXT() REPRESENTATION_CONTEXT('2D SPACE',''
  ) );
#8128 = PCURVE('',#8129,#8136);
#8129 = SURFACE_OF_LINEAR_EXTRUSION('',#8130,#8134);
#8130 = B_SPLINE_CURVE_WITH_KNOTS('',2,(#8131,#8132,#8133),
  .UNSPECIFIED.,.F.,.F.,(3,3),(0.,1.),.PIECEWISE_BEZIER_KNOTS.);
#8131 = CARTESIAN_POINT('',(82.53662109375,1.796875,17.5));
#8132 = CARTESIAN_POINT('',(82.2412109375,2.44873046875,17.5));
#8133 = CARTESIAN_POINT('',(81.67236328125,2.8076171875,17.5));
#8134 = VECTOR('',#8135,1.);
#8135 = DIRECTION('',(-0.,-0.,-1.));
#8136 = DEFINITIONAL_REPRESENTATION('',(#8137),#8141);
#8137 = LINE('',#8138,#8139);
#8138 = CARTESIAN_POINT('',(0.,-0.5));
#8139 = VECTOR('',#8140,1.);
#8140 = DIRECTION('',(1.,0.));
#8141 = ( GEOMETRIC_REPRESENTATION_CONTEXT(2) 
PARAMETRIC_REPRESENTATION_CONTEXT() REPRESENTATION_CONTEXT('2D SPACE',''
  ) );
#8142 = ORIENTED_EDGE('',*,*,#8143,.T.);
#8143 = EDGE_CURVE('',#8114,#8144,#8146,.T.);
#8144 = VERTEX_POINT('',#8145);
#8145 = CARTESIAN_POINT('',(80.3955078125,3.16650390625,18.));
#8146 = SURFACE_CURVE('',#8147,(#8151,#8158),.PCURVE_S1.);
#8147 = B_SPLINE_CURVE_WITH_KNOTS('',2,(#8148,#8149,#8150),
  .UNSPECIFIED.,.F.,.F.,(3,3),(0.,1.),.PIECEWISE_BEZIER_KNOTS.);
#8148 = CARTESIAN_POINT('',(81.67236328125,2.8076171875,18.));
#8149 = CARTESIAN_POINT('',(81.103515625,3.16650390625,18.));
#8150 = CARTESIAN_POINT('',(80.3955078125,3.16650390625,18.));
#8151 = PCURVE('',#3943,#8152);
#8152 = DEFINITIONAL_REPRESENTATION('',(#8153),#8157);
#8153 = B_SPLINE_CURVE_WITH_KNOTS('',2,(#8154,#8155,#8156),
  .UNSPECIFIED.,.F.,.F.,(3,3),(0.,1.),.PIECEWISE_BEZIER_KNOTS.);
#8154 = CARTESIAN_POINT('',(5.19287109375,6.11083984375));
#8155 = CARTESIAN_POINT('',(4.6240234375,6.4697265625));
#8156 = CARTESIAN_POINT('',(3.916015625,6.4697265625));
#8157 = ( GEOMETRIC_REPRESENTATION_CONTEXT(2) 
PARAMETRIC_REPRESENTATION_CONTEXT() REPRESENTATION_CONTEXT('2D SPACE',''
  ) );
#8158 = PCURVE('',#8159,#8166);
#8159 = SURFACE_OF_LINEAR_EXTRUSION('',#8160,#8164);
#8160 = B_SPLINE_CURVE_WITH_KNOTS('',2,(#8161,#8162,#8163),
  .UNSPECIFIED.,.F.,.F.,(3,3),(0.,1.),.PIECEWISE_BEZIER_KNOTS.);
#8161 = CARTESIAN_POINT('',(81.67236328125,2.8076171875,17.5));
#8162 = CARTESIAN_POINT('',(81.103515625,3.16650390625,17.5));
#8163 = CARTESIAN_POINT('',(80.3955078125,3.16650390625,17.5));
#8164 = VECTOR('',#8165,1.);
#8165 = DIRECTION('',(-0.,-0.,-1.));
#8166 = DEFINITIONAL_REPRESENTATION('',(#8167),#8171);
#8167 = LINE('',#8168,#8169);
#8168 = CARTESIAN_POINT('',(0.,-0.5));
#8169 = VECTOR('',#8170,1.);
#8170 = DIRECTION('',(1.,0.));
#8171 = ( GEOMETRIC_REPRESENTATION_CONTEXT(2) 
PARAMETRIC_REPRESENTATION_CONTEXT() REPRESENTATION_CONTEXT('2D SPACE',''
  ) );
#8172 = ORIENTED_EDGE('',*,*,#8173,.T.);
#8173 = EDGE_CURVE('',#8144,#8174,#8176,.T.);
#8174 = VERTEX_POINT('',#8175);
#8175 = CARTESIAN_POINT('',(78.66455078125,2.4755859375,18.));
#8176 = SURFACE_CURVE('',#8177,(#8181,#8188),.PCURVE_S1.);
#8177 = B_SPLINE_CURVE_WITH_KNOTS('',2,(#8178,#8179,#8180),
  .UNSPECIFIED.,.F.,.F.,(3,3),(0.,1.),.PIECEWISE_BEZIER_KNOTS.);
#8178 = CARTESIAN_POINT('',(80.3955078125,3.16650390625,18.));
#8179 = CARTESIAN_POINT('',(79.3896484375,3.16650390625,18.));
#8180 = CARTESIAN_POINT('',(78.66455078125,2.4755859375,18.));
#8181 = PCURVE('',#3943,#8182);
#8182 = DEFINITIONAL_REPRESENTATION('',(#8183),#8187);
#8183 = B_SPLINE_CURVE_WITH_KNOTS('',2,(#8184,#8185,#8186),
  .UNSPECIFIED.,.F.,.F.,(3,3),(0.,1.),.PIECEWISE_BEZIER_KNOTS.);
#8184 = CARTESIAN_POINT('',(3.916015625,6.4697265625));
#8185 = CARTESIAN_POINT('',(2.91015625,6.4697265625));
#8186 = CARTESIAN_POINT('',(2.18505859375,5.77880859375));
#8187 = ( GEOMETRIC_REPRESENTATION_CONTEXT(2) 
PARAMETRIC_REPRESENTATION_CONTEXT() REPRESENTATION_CONTEXT('2D SPACE',''
  ) );
#8188 = PCURVE('',#7901,#8189);
#8189 = DEFINITIONAL_REPRESENTATION('',(#8190),#8194);
#8190 = LINE('',#8191,#8192);
#8191 = CARTESIAN_POINT('',(0.,-0.5));
#8192 = VECTOR('',#8193,1.);
#8193 = DIRECTION('',(1.,0.));
#8194 = ( GEOMETRIC_REPRESENTATION_CONTEXT(2) 
PARAMETRIC_REPRESENTATION_CONTEXT() REPRESENTATION_CONTEXT('2D SPACE',''
  ) );
#8195 = ORIENTED_EDGE('',*,*,#8196,.T.);
#8196 = EDGE_CURVE('',#8174,#7976,#8197,.T.);
#8197 = SURFACE_CURVE('',#8198,(#8202,#8209),.PCURVE_S1.);
#8198 = B_SPLINE_CURVE_WITH_KNOTS('',2,(#8199,#8200,#8201),
  .UNSPECIFIED.,.F.,.F.,(3,3),(0.,1.),.PIECEWISE_BEZIER_KNOTS.);
#8199 = CARTESIAN_POINT('',(78.66455078125,2.4755859375,18.));
#8200 = CARTESIAN_POINT('',(77.939453125,1.78466796875,18.));
#8201 = CARTESIAN_POINT('',(77.939453125,0.16845703125,18.));
#8202 = PCURVE('',#3943,#8203);
#8203 = DEFINITIONAL_REPRESENTATION('',(#8204),#8208);
#8204 = B_SPLINE_CURVE_WITH_KNOTS('',2,(#8205,#8206,#8207),
  .UNSPECIFIED.,.F.,.F.,(3,3),(0.,1.),.PIECEWISE_BEZIER_KNOTS.);
#8205 = CARTESIAN_POINT('',(2.18505859375,5.77880859375));
#8206 = CARTESIAN_POINT('',(1.4599609375,5.087890625));
#8207 = CARTESIAN_POINT('',(1.4599609375,3.4716796875));
#8208 = ( GEOMETRIC_REPRESENTATION_CONTEXT(2) 
PARAMETRIC_REPRESENTATION_CONTEXT() REPRESENTATION_CONTEXT('2D SPACE',''
  ) );
#8209 = PCURVE('',#7873,#8210);
#8210 = DEFINITIONAL_REPRESENTATION('',(#8211),#8215);
#8211 = LINE('',#8212,#8213);
#8212 = CARTESIAN_POINT('',(0.,-0.5));
#8213 = VECTOR('',#8214,1.);
#8214 = DIRECTION('',(1.,0.));
#8215 = ( GEOMETRIC_REPRESENTATION_CONTEXT(2) 
PARAMETRIC_REPRESENTATION_CONTEXT() REPRESENTATION_CONTEXT('2D SPACE',''
  ) );
#8216 = ADVANCED_FACE('',(#8217),#4327,.T.);
#8217 = FACE_BOUND('',#8218,.T.);
#8218 = EDGE_LOOP('',(#8219,#8240,#8241,#8242));
#8219 = ORIENTED_EDGE('',*,*,#8220,.T.);
#8220 = EDGE_CURVE('',#7751,#7921,#8221,.T.);
#8221 = SURFACE_CURVE('',#8222,(#8226,#8233),.PCURVE_S1.);
#8222 = LINE('',#8223,#8224);
#8223 = CARTESIAN_POINT('',(76.962890625,0.18310546875,17.5));
#8224 = VECTOR('',#8225,1.);
#8225 = DIRECTION('',(0.,0.,1.));
#8226 = PCURVE('',#4327,#8227);
#8227 = DEFINITIONAL_REPRESENTATION('',(#8228),#8232);
#8228 = LINE('',#8229,#8230);
#8229 = CARTESIAN_POINT('',(0.,0.));
#8230 = VECTOR('',#8231,1.);
#8231 = DIRECTION('',(0.,-1.));
#8232 = ( GEOMETRIC_REPRESENTATION_CONTEXT(2) 
PARAMETRIC_REPRESENTATION_CONTEXT() REPRESENTATION_CONTEXT('2D SPACE',''
  ) );
#8233 = PCURVE('',#7712,#8234);
#8234 = DEFINITIONAL_REPRESENTATION('',(#8235),#8239);
#8235 = LINE('',#8236,#8237);
#8236 = CARTESIAN_POINT('',(1.,0.));
#8237 = VECTOR('',#8238,1.);
#8238 = DIRECTION('',(0.,-1.));
#8239 = ( GEOMETRIC_REPRESENTATION_CONTEXT(2) 
PARAMETRIC_REPRESENTATION_CONTEXT() REPRESENTATION_CONTEXT('2D SPACE',''
  ) );
#8240 = ORIENTED_EDGE('',*,*,#7920,.T.);
#8241 = ORIENTED_EDGE('',*,*,#4309,.F.);
#8242 = ORIENTED_EDGE('',*,*,#7750,.F.);
#8243 = ADVANCED_FACE('',(#8244),#4458,.T.);
#8244 = FACE_BOUND('',#8245,.T.);
#8245 = EDGE_LOOP('',(#8246,#8247,#8248,#8271,#8294,#8317,#8340,#8363,
    #8386));
#8246 = ORIENTED_EDGE('',*,*,#4529,.T.);
#8247 = ORIENTED_EDGE('',*,*,#4441,.T.);
#8248 = ORIENTED_EDGE('',*,*,#8249,.T.);
#8249 = EDGE_CURVE('',#4442,#8250,#8252,.T.);
#8250 = VERTEX_POINT('',#8251);
#8251 = CARTESIAN_POINT('',(80.380859375,-2.61474609375,17.5));
#8252 = SURFACE_CURVE('',#8253,(#8257,#8264),.PCURVE_S1.);
#8253 = B_SPLINE_CURVE_WITH_KNOTS('',2,(#8254,#8255,#8256),
  .UNSPECIFIED.,.F.,.F.,(3,3),(0.,1.),.PIECEWISE_BEZIER_KNOTS.);
#8254 = CARTESIAN_POINT('',(78.63525390625,-1.8701171875,17.5));
#8255 = CARTESIAN_POINT('',(79.3310546875,-2.61474609375,17.5));
#8256 = CARTESIAN_POINT('',(80.380859375,-2.61474609375,17.5));
#8257 = PCURVE('',#4458,#8258);
#8258 = DEFINITIONAL_REPRESENTATION('',(#8259),#8263);
#8259 = B_SPLINE_CURVE_WITH_KNOTS('',2,(#8260,#8261,#8262),
  .UNSPECIFIED.,.F.,.F.,(3,3),(0.,1.),.PIECEWISE_BEZIER_KNOTS.);
#8260 = CARTESIAN_POINT('',(198.63525390625,25.6298828125));
#8261 = CARTESIAN_POINT('',(199.3310546875,24.88525390625));
#8262 = CARTESIAN_POINT('',(200.380859375,24.88525390625));
#8263 = ( GEOMETRIC_REPRESENTATION_CONTEXT(2) 
PARAMETRIC_REPRESENTATION_CONTEXT() REPRESENTATION_CONTEXT('2D SPACE',''
  ) );
#8264 = PCURVE('',#7813,#8265);
#8265 = DEFINITIONAL_REPRESENTATION('',(#8266),#8270);
#8266 = LINE('',#8267,#8268);
#8267 = CARTESIAN_POINT('',(0.,0.));
#8268 = VECTOR('',#8269,1.);
#8269 = DIRECTION('',(1.,0.));
#8270 = ( GEOMETRIC_REPRESENTATION_CONTEXT(2) 
PARAMETRIC_REPRESENTATION_CONTEXT() REPRESENTATION_CONTEXT('2D SPACE',''
  ) );
#8271 = ORIENTED_EDGE('',*,*,#8272,.T.);
#8272 = EDGE_CURVE('',#8250,#8273,#8275,.T.);
#8273 = VERTEX_POINT('',#8274);
#8274 = CARTESIAN_POINT('',(82.14111328125,-1.86279296875,17.5));
#8275 = SURFACE_CURVE('',#8276,(#8280,#8287),.PCURVE_S1.);
#8276 = B_SPLINE_CURVE_WITH_KNOTS('',2,(#8277,#8278,#8279),
  .UNSPECIFIED.,.F.,.F.,(3,3),(0.,1.),.PIECEWISE_BEZIER_KNOTS.);
#8277 = CARTESIAN_POINT('',(80.380859375,-2.61474609375,17.5));
#8278 = CARTESIAN_POINT('',(81.4501953125,-2.61474609375,17.5));
#8279 = CARTESIAN_POINT('',(82.14111328125,-1.86279296875,17.5));
#8280 = PCURVE('',#4458,#8281);
#8281 = DEFINITIONAL_REPRESENTATION('',(#8282),#8286);
#8282 = B_SPLINE_CURVE_WITH_KNOTS('',2,(#8283,#8284,#8285),
  .UNSPECIFIED.,.F.,.F.,(3,3),(0.,1.),.PIECEWISE_BEZIER_KNOTS.);
#8283 = CARTESIAN_POINT('',(200.380859375,24.88525390625));
#8284 = CARTESIAN_POINT('',(201.4501953125,24.88525390625));
#8285 = CARTESIAN_POINT('',(202.14111328125,25.63720703125));
#8286 = ( GEOMETRIC_REPRESENTATION_CONTEXT(2) 
PARAMETRIC_REPRESENTATION_CONTEXT() REPRESENTATION_CONTEXT('2D SPACE',''
  ) );
#8287 = PCURVE('',#8039,#8288);
#8288 = DEFINITIONAL_REPRESENTATION('',(#8289),#8293);
#8289 = LINE('',#8290,#8291);
#8290 = CARTESIAN_POINT('',(0.,0.));
#8291 = VECTOR('',#8292,1.);
#8292 = DIRECTION('',(1.,0.));
#8293 = ( GEOMETRIC_REPRESENTATION_CONTEXT(2) 
PARAMETRIC_REPRESENTATION_CONTEXT() REPRESENTATION_CONTEXT('2D SPACE',''
  ) );
#8294 = ORIENTED_EDGE('',*,*,#8295,.T.);
#8295 = EDGE_CURVE('',#8273,#8296,#8298,.T.);
#8296 = VERTEX_POINT('',#8297);
#8297 = CARTESIAN_POINT('',(82.83203125,0.27099609375,17.5));
#8298 = SURFACE_CURVE('',#8299,(#8303,#8310),.PCURVE_S1.);
#8299 = B_SPLINE_CURVE_WITH_KNOTS('',2,(#8300,#8301,#8302),
  .UNSPECIFIED.,.F.,.F.,(3,3),(0.,1.),.PIECEWISE_BEZIER_KNOTS.);
#8300 = CARTESIAN_POINT('',(82.14111328125,-1.86279296875,17.5));
#8301 = CARTESIAN_POINT('',(82.83203125,-1.11083984375,17.5));
#8302 = CARTESIAN_POINT('',(82.83203125,0.27099609375,17.5));
#8303 = PCURVE('',#4458,#8304);
#8304 = DEFINITIONAL_REPRESENTATION('',(#8305),#8309);
#8305 = B_SPLINE_CURVE_WITH_KNOTS('',2,(#8306,#8307,#8308),
  .UNSPECIFIED.,.F.,.F.,(3,3),(0.,1.),.PIECEWISE_BEZIER_KNOTS.);
#8306 = CARTESIAN_POINT('',(202.14111328125,25.63720703125));
#8307 = CARTESIAN_POINT('',(202.83203125,26.38916015625));
#8308 = CARTESIAN_POINT('',(202.83203125,27.77099609375));
#8309 = ( GEOMETRIC_REPRESENTATION_CONTEXT(2) 
PARAMETRIC_REPRESENTATION_CONTEXT() REPRESENTATION_CONTEXT('2D SPACE',''
  ) );
#8310 = PCURVE('',#8069,#8311);
#8311 = DEFINITIONAL_REPRESENTATION('',(#8312),#8316);
#8312 = LINE('',#8313,#8314);
#8313 = CARTESIAN_POINT('',(0.,0.));
#8314 = VECTOR('',#8315,1.);
#8315 = DIRECTION('',(1.,0.));
#8316 = ( GEOMETRIC_REPRESENTATION_CONTEXT(2) 
PARAMETRIC_REPRESENTATION_CONTEXT() REPRESENTATION_CONTEXT('2D SPACE',''
  ) );
#8317 = ORIENTED_EDGE('',*,*,#8318,.T.);
#8318 = EDGE_CURVE('',#8296,#8319,#8321,.T.);
#8319 = VERTEX_POINT('',#8320);
#8320 = CARTESIAN_POINT('',(82.53662109375,1.796875,17.5));
#8321 = SURFACE_CURVE('',#8322,(#8326,#8333),.PCURVE_S1.);
#8322 = B_SPLINE_CURVE_WITH_KNOTS('',2,(#8323,#8324,#8325),
  .UNSPECIFIED.,.F.,.F.,(3,3),(0.,1.),.PIECEWISE_BEZIER_KNOTS.);
#8323 = CARTESIAN_POINT('',(82.83203125,0.27099609375,17.5));
#8324 = CARTESIAN_POINT('',(82.83203125,1.14501953125,17.5));
#8325 = CARTESIAN_POINT('',(82.53662109375,1.796875,17.5));
#8326 = PCURVE('',#4458,#8327);
#8327 = DEFINITIONAL_REPRESENTATION('',(#8328),#8332);
#8328 = B_SPLINE_CURVE_WITH_KNOTS('',2,(#8329,#8330,#8331),
  .UNSPECIFIED.,.F.,.F.,(3,3),(0.,1.),.PIECEWISE_BEZIER_KNOTS.);
#8329 = CARTESIAN_POINT('',(202.83203125,27.77099609375));
#8330 = CARTESIAN_POINT('',(202.83203125,28.64501953125));
#8331 = CARTESIAN_POINT('',(202.53662109375,29.296875));
#8332 = ( GEOMETRIC_REPRESENTATION_CONTEXT(2) 
PARAMETRIC_REPRESENTATION_CONTEXT() REPRESENTATION_CONTEXT('2D SPACE',''
  ) );
#8333 = PCURVE('',#8099,#8334);
#8334 = DEFINITIONAL_REPRESENTATION('',(#8335),#8339);
#8335 = LINE('',#8336,#8337);
#8336 = CARTESIAN_POINT('',(0.,0.));
#8337 = VECTOR('',#8338,1.);
#8338 = DIRECTION('',(1.,0.));
#8339 = ( GEOMETRIC_REPRESENTATION_CONTEXT(2) 
PARAMETRIC_REPRESENTATION_CONTEXT() REPRESENTATION_CONTEXT('2D SPACE',''
  ) );
#8340 = ORIENTED_EDGE('',*,*,#8341,.T.);
#8341 = EDGE_CURVE('',#8319,#8342,#8344,.T.);
#8342 = VERTEX_POINT('',#8343);
#8343 = CARTESIAN_POINT('',(81.67236328125,2.8076171875,17.5));
#8344 = SURFACE_CURVE('',#8345,(#8349,#8356),.PCURVE_S1.);
#8345 = B_SPLINE_CURVE_WITH_KNOTS('',2,(#8346,#8347,#8348),
  .UNSPECIFIED.,.F.,.F.,(3,3),(0.,1.),.PIECEWISE_BEZIER_KNOTS.);
#8346 = CARTESIAN_POINT('',(82.53662109375,1.796875,17.5));
#8347 = CARTESIAN_POINT('',(82.2412109375,2.44873046875,17.5));
#8348 = CARTESIAN_POINT('',(81.67236328125,2.8076171875,17.5));
#8349 = PCURVE('',#4458,#8350);
#8350 = DEFINITIONAL_REPRESENTATION('',(#8351),#8355);
#8351 = B_SPLINE_CURVE_WITH_KNOTS('',2,(#8352,#8353,#8354),
  .UNSPECIFIED.,.F.,.F.,(3,3),(0.,1.),.PIECEWISE_BEZIER_KNOTS.);
#8352 = CARTESIAN_POINT('',(202.53662109375,29.296875));
#8353 = CARTESIAN_POINT('',(202.2412109375,29.94873046875));
#8354 = CARTESIAN_POINT('',(201.67236328125,30.3076171875));
#8355 = ( GEOMETRIC_REPRESENTATION_CONTEXT(2) 
PARAMETRIC_REPRESENTATION_CONTEXT() REPRESENTATION_CONTEXT('2D SPACE',''
  ) );
#8356 = PCURVE('',#8129,#8357);
#8357 = DEFINITIONAL_REPRESENTATION('',(#8358),#8362);
#8358 = LINE('',#8359,#8360);
#8359 = CARTESIAN_POINT('',(0.,0.));
#8360 = VECTOR('',#8361,1.);
#8361 = DIRECTION('',(1.,0.));
#8362 = ( GEOMETRIC_REPRESENTATION_CONTEXT(2) 
PARAMETRIC_REPRESENTATION_CONTEXT() REPRESENTATION_CONTEXT('2D SPACE',''
  ) );
#8363 = ORIENTED_EDGE('',*,*,#8364,.T.);
#8364 = EDGE_CURVE('',#8342,#8365,#8367,.T.);
#8365 = VERTEX_POINT('',#8366);
#8366 = CARTESIAN_POINT('',(80.3955078125,3.16650390625,17.5));
#8367 = SURFACE_CURVE('',#8368,(#8372,#8379),.PCURVE_S1.);
#8368 = B_SPLINE_CURVE_WITH_KNOTS('',2,(#8369,#8370,#8371),
  .UNSPECIFIED.,.F.,.F.,(3,3),(0.,1.),.PIECEWISE_BEZIER_KNOTS.);
#8369 = CARTESIAN_POINT('',(81.67236328125,2.8076171875,17.5));
#8370 = CARTESIAN_POINT('',(81.103515625,3.16650390625,17.5));
#8371 = CARTESIAN_POINT('',(80.3955078125,3.16650390625,17.5));
#8372 = PCURVE('',#4458,#8373);
#8373 = DEFINITIONAL_REPRESENTATION('',(#8374),#8378);
#8374 = B_SPLINE_CURVE_WITH_KNOTS('',2,(#8375,#8376,#8377),
  .UNSPECIFIED.,.F.,.F.,(3,3),(0.,1.),.PIECEWISE_BEZIER_KNOTS.);
#8375 = CARTESIAN_POINT('',(201.67236328125,30.3076171875));
#8376 = CARTESIAN_POINT('',(201.103515625,30.66650390625));
#8377 = CARTESIAN_POINT('',(200.3955078125,30.66650390625));
#8378 = ( GEOMETRIC_REPRESENTATION_CONTEXT(2) 
PARAMETRIC_REPRESENTATION_CONTEXT() REPRESENTATION_CONTEXT('2D SPACE',''
  ) );
#8379 = PCURVE('',#8159,#8380);
#8380 = DEFINITIONAL_REPRESENTATION('',(#8381),#8385);
#8381 = LINE('',#8382,#8383);
#8382 = CARTESIAN_POINT('',(0.,0.));
#8383 = VECTOR('',#8384,1.);
#8384 = DIRECTION('',(1.,0.));
#8385 = ( GEOMETRIC_REPRESENTATION_CONTEXT(2) 
PARAMETRIC_REPRESENTATION_CONTEXT() REPRESENTATION_CONTEXT('2D SPACE',''
  ) );
#8386 = ORIENTED_EDGE('',*,*,#8387,.T.);
#8387 = EDGE_CURVE('',#8365,#4502,#8388,.T.);
#8388 = SURFACE_CURVE('',#8389,(#8393,#8400),.PCURVE_S1.);
#8389 = B_SPLINE_CURVE_WITH_KNOTS('',2,(#8390,#8391,#8392),
  .UNSPECIFIED.,.F.,.F.,(3,3),(0.,1.),.PIECEWISE_BEZIER_KNOTS.);
#8390 = CARTESIAN_POINT('',(80.3955078125,3.16650390625,17.5));
#8391 = CARTESIAN_POINT('',(79.3896484375,3.16650390625,17.5));
#8392 = CARTESIAN_POINT('',(78.66455078125,2.4755859375,17.5));
#8393 = PCURVE('',#4458,#8394);
#8394 = DEFINITIONAL_REPRESENTATION('',(#8395),#8399);
#8395 = B_SPLINE_CURVE_WITH_KNOTS('',2,(#8396,#8397,#8398),
  .UNSPECIFIED.,.F.,.F.,(3,3),(0.,1.),.PIECEWISE_BEZIER_KNOTS.);
#8396 = CARTESIAN_POINT('',(200.3955078125,30.66650390625));
#8397 = CARTESIAN_POINT('',(199.3896484375,30.66650390625));
#8398 = CARTESIAN_POINT('',(198.66455078125,29.9755859375));
#8399 = ( GEOMETRIC_REPRESENTATION_CONTEXT(2) 
PARAMETRIC_REPRESENTATION_CONTEXT() REPRESENTATION_CONTEXT('2D SPACE',''
  ) );
#8400 = PCURVE('',#7901,#8401);
#8401 = DEFINITIONAL_REPRESENTATION('',(#8402),#8406);
#8402 = LINE('',#8403,#8404);
#8403 = CARTESIAN_POINT('',(0.,0.));
#8404 = VECTOR('',#8405,1.);
#8405 = DIRECTION('',(1.,0.));
#8406 = ( GEOMETRIC_REPRESENTATION_CONTEXT(2) 
PARAMETRIC_REPRESENTATION_CONTEXT() REPRESENTATION_CONTEXT('2D SPACE',''
  ) );
#8407 = ADVANCED_FACE('',(#8408,#8411,#8442),#4428,.T.);
#8408 = FACE_BOUND('',#8409,.T.);
#8409 = EDGE_LOOP('',(#8410));
#8410 = ORIENTED_EDGE('',*,*,#4413,.T.);
#8411 = FACE_BOUND('',#8412,.T.);
#8412 = EDGE_LOOP('',(#8413));
#8413 = ORIENTED_EDGE('',*,*,#8414,.F.);
#8414 = EDGE_CURVE('',#8415,#8415,#8417,.T.);
#8415 = VERTEX_POINT('',#8416);
#8416 = CARTESIAN_POINT('',(62.4,-9.5,5.5));
#8417 = SURFACE_CURVE('',#8418,(#8423,#8430),.PCURVE_S1.);
#8418 = CIRCLE('',#8419,2.4);
#8419 = AXIS2_PLACEMENT_3D('',#8420,#8421,#8422);
#8420 = CARTESIAN_POINT('',(60.,-9.5,5.5));
#8421 = DIRECTION('',(0.,0.,1.));
#8422 = DIRECTION('',(1.,0.,0.));
#8423 = PCURVE('',#4428,#8424);
#8424 = DEFINITIONAL_REPRESENTATION('',(#8425),#8429);
#8425 = CIRCLE('',#8426,2.4);
#8426 = AXIS2_PLACEMENT_2D('',#8427,#8428);
#8427 = CARTESIAN_POINT('',(0.,-9.5));
#8428 = DIRECTION('',(1.,0.));
#8429 = ( GEOMETRIC_REPRESENTATION_CONTEXT(2) 
PARAMETRIC_REPRESENTATION_CONTEXT() REPRESENTATION_CONTEXT('2D SPACE',''
  ) );
#8430 = PCURVE('',#8431,#8436);
#8431 = CYLINDRICAL_SURFACE('',#8432,2.4);
#8432 = AXIS2_PLACEMENT_3D('',#8433,#8434,#8435);
#8433 = CARTESIAN_POINT('',(60.,-9.5,5.5));
#8434 = DIRECTION('',(0.,0.,1.));
#8435 = DIRECTION('',(1.,0.,0.));
#8436 = DEFINITIONAL_REPRESENTATION('',(#8437),#8441);
#8437 = LINE('',#8438,#8439);
#8438 = CARTESIAN_POINT('',(0.,0.));
#8439 = VECTOR('',#8440,1.);
#8440 = DIRECTION('',(1.,0.));
#8441 = ( GEOMETRIC_REPRESENTATION_CONTEXT(2) 
PARAMETRIC_REPRESENTATION_CONTEXT() REPRESENTATION_CONTEXT('2D SPACE',''
  ) );
#8442 = FACE_BOUND('',#8443,.T.);
#8443 = EDGE_LOOP('',(#8444));
#8444 = ORIENTED_EDGE('',*,*,#8445,.F.);
#8445 = EDGE_CURVE('',#8446,#8446,#8448,.T.);
#8446 = VERTEX_POINT('',#8447);
#8447 = CARTESIAN_POINT('',(62.4,9.5,5.5));
#8448 = SURFACE_CURVE('',#8449,(#8454,#8461),.PCURVE_S1.);
#8449 = CIRCLE('',#8450,2.4);
#8450 = AXIS2_PLACEMENT_3D('',#8451,#8452,#8453);
#8451 = CARTESIAN_POINT('',(60.,9.5,5.5));
#8452 = DIRECTION('',(0.,0.,1.));
#8453 = DIRECTION('',(1.,0.,0.));
#8454 = PCURVE('',#4428,#8455);
#8455 = DEFINITIONAL_REPRESENTATION('',(#8456),#8460);
#8456 = CIRCLE('',#8457,2.4);
#8457 = AXIS2_PLACEMENT_2D('',#8458,#8459);
#8458 = CARTESIAN_POINT('',(0.,9.5));
#8459 = DIRECTION('',(1.,0.));
#8460 = ( GEOMETRIC_REPRESENTATION_CONTEXT(2) 
PARAMETRIC_REPRESENTATION_CONTEXT() REPRESENTATION_CONTEXT('2D SPACE',''
  ) );
#8461 = PCURVE('',#8462,#8467);
#8462 = CYLINDRICAL_SURFACE('',#8463,2.4);
#8463 = AXIS2_PLACEMENT_3D('',#8464,#8465,#8466);
#8464 = CARTESIAN_POINT('',(60.,9.5,5.5));
#8465 = DIRECTION('',(0.,0.,1.));
#8466 = DIRECTION('',(1.,0.,0.));
#8467 = DEFINITIONAL_REPRESENTATION('',(#8468),#8472);
#8468 = LINE('',#8469,#8470);
#8469 = CARTESIAN_POINT('',(0.,0.));
#8470 = VECTOR('',#8471,1.);
#8471 = DIRECTION('',(1.,0.));
#8472 = ( GEOMETRIC_REPRESENTATION_CONTEXT(2) 
PARAMETRIC_REPRESENTATION_CONTEXT() REPRESENTATION_CONTEXT('2D SPACE',''
  ) );
#8473 = ADVANCED_FACE('',(#8474,#8487),#4597,.T.);
#8474 = FACE_BOUND('',#8475,.F.);
#8475 = EDGE_LOOP('',(#8476,#8477,#8478,#8479,#8480,#8481,#8482,#8483,
    #8484,#8485,#8486));
#8476 = ORIENTED_EDGE('',*,*,#5076,.T.);
#8477 = ORIENTED_EDGE('',*,*,#5049,.T.);
#8478 = ORIENTED_EDGE('',*,*,#5000,.T.);
#8479 = ORIENTED_EDGE('',*,*,#4951,.T.);
#8480 = ORIENTED_EDGE('',*,*,#4902,.T.);
#8481 = ORIENTED_EDGE('',*,*,#4853,.T.);
#8482 = ORIENTED_EDGE('',*,*,#4804,.T.);
#8483 = ORIENTED_EDGE('',*,*,#4755,.T.);
#8484 = ORIENTED_EDGE('',*,*,#4706,.T.);
#8485 = ORIENTED_EDGE('',*,*,#4657,.T.);
#8486 = ORIENTED_EDGE('',*,*,#4581,.T.);
#8487 = FACE_BOUND('',#8488,.F.);
#8488 = EDGE_LOOP('',(#8489,#8521,#8551,#8581,#8611,#8641,#8671,#8701,
    #8731));
#8489 = ORIENTED_EDGE('',*,*,#8490,.T.);
#8490 = EDGE_CURVE('',#8491,#8493,#8495,.T.);
#8491 = VERTEX_POINT('',#8492);
#8492 = CARTESIAN_POINT('',(85.7177734375,0.16845703125,18.));
#8493 = VERTEX_POINT('',#8494);
#8494 = CARTESIAN_POINT('',(86.41357421875,-1.8701171875,18.));
#8495 = SURFACE_CURVE('',#8496,(#8500,#8507),.PCURVE_S1.);
#8496 = B_SPLINE_CURVE_WITH_KNOTS('',2,(#8497,#8498,#8499),
  .UNSPECIFIED.,.F.,.F.,(3,3),(0.,1.),.PIECEWISE_BEZIER_KNOTS.);
#8497 = CARTESIAN_POINT('',(85.7177734375,0.16845703125,18.));
#8498 = CARTESIAN_POINT('',(85.7177734375,-1.12548828125,18.));
#8499 = CARTESIAN_POINT('',(86.41357421875,-1.8701171875,18.));
#8500 = PCURVE('',#4597,#8501);
#8501 = DEFINITIONAL_REPRESENTATION('',(#8502),#8506);
#8502 = B_SPLINE_CURVE_WITH_KNOTS('',2,(#8503,#8504,#8505),
  .UNSPECIFIED.,.F.,.F.,(3,3),(0.,1.),.PIECEWISE_BEZIER_KNOTS.);
#8503 = CARTESIAN_POINT('',(1.4599609375,3.4716796875));
#8504 = CARTESIAN_POINT('',(1.4599609375,2.177734375));
#8505 = CARTESIAN_POINT('',(2.15576171875,1.43310546875));
#8506 = ( GEOMETRIC_REPRESENTATION_CONTEXT(2) 
PARAMETRIC_REPRESENTATION_CONTEXT() REPRESENTATION_CONTEXT('2D SPACE',''
  ) );
#8507 = PCURVE('',#8508,#8515);
#8508 = SURFACE_OF_LINEAR_EXTRUSION('',#8509,#8513);
#8509 = B_SPLINE_CURVE_WITH_KNOTS('',2,(#8510,#8511,#8512),
  .UNSPECIFIED.,.F.,.F.,(3,3),(0.,1.),.PIECEWISE_BEZIER_KNOTS.);
#8510 = CARTESIAN_POINT('',(85.7177734375,0.16845703125,17.5));
#8511 = CARTESIAN_POINT('',(85.7177734375,-1.12548828125,17.5));
#8512 = CARTESIAN_POINT('',(86.41357421875,-1.8701171875,17.5));
#8513 = VECTOR('',#8514,1.);
#8514 = DIRECTION('',(-0.,-0.,-1.));
#8515 = DEFINITIONAL_REPRESENTATION('',(#8516),#8520);
#8516 = LINE('',#8517,#8518);
#8517 = CARTESIAN_POINT('',(0.,-0.5));
#8518 = VECTOR('',#8519,1.);
#8519 = DIRECTION('',(1.,0.));
#8520 = ( GEOMETRIC_REPRESENTATION_CONTEXT(2) 
PARAMETRIC_REPRESENTATION_CONTEXT() REPRESENTATION_CONTEXT('2D SPACE',''
  ) );
#8521 = ORIENTED_EDGE('',*,*,#8522,.T.);
#8522 = EDGE_CURVE('',#8493,#8523,#8525,.T.);
#8523 = VERTEX_POINT('',#8524);
#8524 = CARTESIAN_POINT('',(88.1591796875,-2.61474609375,18.));
#8525 = SURFACE_CURVE('',#8526,(#8530,#8537),.PCURVE_S1.);
#8526 = B_SPLINE_CURVE_WITH_KNOTS('',2,(#8527,#8528,#8529),
  .UNSPECIFIED.,.F.,.F.,(3,3),(0.,1.),.PIECEWISE_BEZIER_KNOTS.);
#8527 = CARTESIAN_POINT('',(86.41357421875,-1.8701171875,18.));
#8528 = CARTESIAN_POINT('',(87.109375,-2.61474609375,18.));
#8529 = CARTESIAN_POINT('',(88.1591796875,-2.61474609375,18.));
#8530 = PCURVE('',#4597,#8531);
#8531 = DEFINITIONAL_REPRESENTATION('',(#8532),#8536);
#8532 = B_SPLINE_CURVE_WITH_KNOTS('',2,(#8533,#8534,#8535),
  .UNSPECIFIED.,.F.,.F.,(3,3),(0.,1.),.PIECEWISE_BEZIER_KNOTS.);
#8533 = CARTESIAN_POINT('',(2.15576171875,1.43310546875));
#8534 = CARTESIAN_POINT('',(2.8515625,0.6884765625));
#8535 = CARTESIAN_POINT('',(3.9013671875,0.6884765625));
#8536 = ( GEOMETRIC_REPRESENTATION_CONTEXT(2) 
PARAMETRIC_REPRESENTATION_CONTEXT() REPRESENTATION_CONTEXT('2D SPACE',''
  ) );
#8537 = PCURVE('',#8538,#8545);
#8538 = SURFACE_OF_LINEAR_EXTRUSION('',#8539,#8543);
#8539 = B_SPLINE_CURVE_WITH_KNOTS('',2,(#8540,#8541,#8542),
  .UNSPECIFIED.,.F.,.F.,(3,3),(0.,1.),.PIECEWISE_BEZIER_KNOTS.);
#8540 = CARTESIAN_POINT('',(86.41357421875,-1.8701171875,17.5));
#8541 = CARTESIAN_POINT('',(87.109375,-2.61474609375,17.5));
#8542 = CARTESIAN_POINT('',(88.1591796875,-2.61474609375,17.5));
#8543 = VECTOR('',#8544,1.);
#8544 = DIRECTION('',(-0.,-0.,-1.));
#8545 = DEFINITIONAL_REPRESENTATION('',(#8546),#8550);
#8546 = LINE('',#8547,#8548);
#8547 = CARTESIAN_POINT('',(0.,-0.5));
#8548 = VECTOR('',#8549,1.);
#8549 = DIRECTION('',(1.,0.));
#8550 = ( GEOMETRIC_REPRESENTATION_CONTEXT(2) 
PARAMETRIC_REPRESENTATION_CONTEXT() REPRESENTATION_CONTEXT('2D SPACE',''
  ) );
#8551 = ORIENTED_EDGE('',*,*,#8552,.T.);
#8552 = EDGE_CURVE('',#8523,#8553,#8555,.T.);
#8553 = VERTEX_POINT('',#8554);
#8554 = CARTESIAN_POINT('',(89.91943359375,-1.86279296875,18.));
#8555 = SURFACE_CURVE('',#8556,(#8560,#8567),.PCURVE_S1.);
#8556 = B_SPLINE_CURVE_WITH_KNOTS('',2,(#8557,#8558,#8559),
  .UNSPECIFIED.,.F.,.F.,(3,3),(0.,1.),.PIECEWISE_BEZIER_KNOTS.);
#8557 = CARTESIAN_POINT('',(88.1591796875,-2.61474609375,18.));
#8558 = CARTESIAN_POINT('',(89.228515625,-2.61474609375,18.));
#8559 = CARTESIAN_POINT('',(89.91943359375,-1.86279296875,18.));
#8560 = PCURVE('',#4597,#8561);
#8561 = DEFINITIONAL_REPRESENTATION('',(#8562),#8566);
#8562 = B_SPLINE_CURVE_WITH_KNOTS('',2,(#8563,#8564,#8565),
  .UNSPECIFIED.,.F.,.F.,(3,3),(0.,1.),.PIECEWISE_BEZIER_KNOTS.);
#8563 = CARTESIAN_POINT('',(3.9013671875,0.6884765625));
#8564 = CARTESIAN_POINT('',(4.970703125,0.6884765625));
#8565 = CARTESIAN_POINT('',(5.66162109375,1.4404296875));
#8566 = ( GEOMETRIC_REPRESENTATION_CONTEXT(2) 
PARAMETRIC_REPRESENTATION_CONTEXT() REPRESENTATION_CONTEXT('2D SPACE',''
  ) );
#8567 = PCURVE('',#8568,#8575);
#8568 = SURFACE_OF_LINEAR_EXTRUSION('',#8569,#8573);
#8569 = B_SPLINE_CURVE_WITH_KNOTS('',2,(#8570,#8571,#8572),
  .UNSPECIFIED.,.F.,.F.,(3,3),(0.,1.),.PIECEWISE_BEZIER_KNOTS.);
#8570 = CARTESIAN_POINT('',(88.1591796875,-2.61474609375,17.5));
#8571 = CARTESIAN_POINT('',(89.228515625,-2.61474609375,17.5));
#8572 = CARTESIAN_POINT('',(89.91943359375,-1.86279296875,17.5));
#8573 = VECTOR('',#8574,1.);
#8574 = DIRECTION('',(-0.,-0.,-1.));
#8575 = DEFINITIONAL_REPRESENTATION('',(#8576),#8580);
#8576 = LINE('',#8577,#8578);
#8577 = CARTESIAN_POINT('',(0.,-0.5));
#8578 = VECTOR('',#8579,1.);
#8579 = DIRECTION('',(1.,0.));
#8580 = ( GEOMETRIC_REPRESENTATION_CONTEXT(2) 
PARAMETRIC_REPRESENTATION_CONTEXT() REPRESENTATION_CONTEXT('2D SPACE',''
  ) );
#8581 = ORIENTED_EDGE('',*,*,#8582,.T.);
#8582 = EDGE_CURVE('',#8553,#8583,#8585,.T.);
#8583 = VERTEX_POINT('',#8584);
#8584 = CARTESIAN_POINT('',(90.6103515625,0.27099609375,18.));
#8585 = SURFACE_CURVE('',#8586,(#8590,#8597),.PCURVE_S1.);
#8586 = B_SPLINE_CURVE_WITH_KNOTS('',2,(#8587,#8588,#8589),
  .UNSPECIFIED.,.F.,.F.,(3,3),(0.,1.),.PIECEWISE_BEZIER_KNOTS.);
#8587 = CARTESIAN_POINT('',(89.91943359375,-1.86279296875,18.));
#8588 = CARTESIAN_POINT('',(90.6103515625,-1.11083984375,18.));
#8589 = CARTESIAN_POINT('',(90.6103515625,0.27099609375,18.));
#8590 = PCURVE('',#4597,#8591);
#8591 = DEFINITIONAL_REPRESENTATION('',(#8592),#8596);
#8592 = B_SPLINE_CURVE_WITH_KNOTS('',2,(#8593,#8594,#8595),
  .UNSPECIFIED.,.F.,.F.,(3,3),(0.,1.),.PIECEWISE_BEZIER_KNOTS.);
#8593 = CARTESIAN_POINT('',(5.66162109375,1.4404296875));
#8594 = CARTESIAN_POINT('',(6.3525390625,2.1923828125));
#8595 = CARTESIAN_POINT('',(6.3525390625,3.57421875));
#8596 = ( GEOMETRIC_REPRESENTATION_CONTEXT(2) 
PARAMETRIC_REPRESENTATION_CONTEXT() REPRESENTATION_CONTEXT('2D SPACE',''
  ) );
#8597 = PCURVE('',#8598,#8605);
#8598 = SURFACE_OF_LINEAR_EXTRUSION('',#8599,#8603);
#8599 = B_SPLINE_CURVE_WITH_KNOTS('',2,(#8600,#8601,#8602),
  .UNSPECIFIED.,.F.,.F.,(3,3),(0.,1.),.PIECEWISE_BEZIER_KNOTS.);
#8600 = CARTESIAN_POINT('',(89.91943359375,-1.86279296875,17.5));
#8601 = CARTESIAN_POINT('',(90.6103515625,-1.11083984375,17.5));
#8602 = CARTESIAN_POINT('',(90.6103515625,0.27099609375,17.5));
#8603 = VECTOR('',#8604,1.);
#8604 = DIRECTION('',(-0.,-0.,-1.));
#8605 = DEFINITIONAL_REPRESENTATION('',(#8606),#8610);
#8606 = LINE('',#8607,#8608);
#8607 = CARTESIAN_POINT('',(0.,-0.5));
#8608 = VECTOR('',#8609,1.);
#8609 = DIRECTION('',(1.,0.));
#8610 = ( GEOMETRIC_REPRESENTATION_CONTEXT(2) 
PARAMETRIC_REPRESENTATION_CONTEXT() REPRESENTATION_CONTEXT('2D SPACE',''
  ) );
#8611 = ORIENTED_EDGE('',*,*,#8612,.T.);
#8612 = EDGE_CURVE('',#8583,#8613,#8615,.T.);
#8613 = VERTEX_POINT('',#8614);
#8614 = CARTESIAN_POINT('',(90.31494140625,1.796875,18.));
#8615 = SURFACE_CURVE('',#8616,(#8620,#8627),.PCURVE_S1.);
#8616 = B_SPLINE_CURVE_WITH_KNOTS('',2,(#8617,#8618,#8619),
  .UNSPECIFIED.,.F.,.F.,(3,3),(0.,1.),.PIECEWISE_BEZIER_KNOTS.);
#8617 = CARTESIAN_POINT('',(90.6103515625,0.27099609375,18.));
#8618 = CARTESIAN_POINT('',(90.6103515625,1.14501953125,18.));
#8619 = CARTESIAN_POINT('',(90.31494140625,1.796875,18.));
#8620 = PCURVE('',#4597,#8621);
#8621 = DEFINITIONAL_REPRESENTATION('',(#8622),#8626);
#8622 = B_SPLINE_CURVE_WITH_KNOTS('',2,(#8623,#8624,#8625),
  .UNSPECIFIED.,.F.,.F.,(3,3),(0.,1.),.PIECEWISE_BEZIER_KNOTS.);
#8623 = CARTESIAN_POINT('',(6.3525390625,3.57421875));
#8624 = CARTESIAN_POINT('',(6.3525390625,4.4482421875));
#8625 = CARTESIAN_POINT('',(6.05712890625,5.10009765625));
#8626 = ( GEOMETRIC_REPRESENTATION_CONTEXT(2) 
PARAMETRIC_REPRESENTATION_CONTEXT() REPRESENTATION_CONTEXT('2D SPACE',''
  ) );
#8627 = PCURVE('',#8628,#8635);
#8628 = SURFACE_OF_LINEAR_EXTRUSION('',#8629,#8633);
#8629 = B_SPLINE_CURVE_WITH_KNOTS('',2,(#8630,#8631,#8632),
  .UNSPECIFIED.,.F.,.F.,(3,3),(0.,1.),.PIECEWISE_BEZIER_KNOTS.);
#8630 = CARTESIAN_POINT('',(90.6103515625,0.27099609375,17.5));
#8631 = CARTESIAN_POINT('',(90.6103515625,1.14501953125,17.5));
#8632 = CARTESIAN_POINT('',(90.31494140625,1.796875,17.5));
#8633 = VECTOR('',#8634,1.);
#8634 = DIRECTION('',(-0.,-0.,-1.));
#8635 = DEFINITIONAL_REPRESENTATION('',(#8636),#8640);
#8636 = LINE('',#8637,#8638);
#8637 = CARTESIAN_POINT('',(0.,-0.5));
#8638 = VECTOR('',#8639,1.);
#8639 = DIRECTION('',(1.,0.));
#8640 = ( GEOMETRIC_REPRESENTATION_CONTEXT(2) 
PARAMETRIC_REPRESENTATION_CONTEXT() REPRESENTATION_CONTEXT('2D SPACE',''
  ) );
#8641 = ORIENTED_EDGE('',*,*,#8642,.T.);
#8642 = EDGE_CURVE('',#8613,#8643,#8645,.T.);
#8643 = VERTEX_POINT('',#8644);
#8644 = CARTESIAN_POINT('',(89.45068359375,2.8076171875,18.));
#8645 = SURFACE_CURVE('',#8646,(#8650,#8657),.PCURVE_S1.);
#8646 = B_SPLINE_CURVE_WITH_KNOTS('',2,(#8647,#8648,#8649),
  .UNSPECIFIED.,.F.,.F.,(3,3),(0.,1.),.PIECEWISE_BEZIER_KNOTS.);
#8647 = CARTESIAN_POINT('',(90.31494140625,1.796875,18.));
#8648 = CARTESIAN_POINT('',(90.01953125,2.44873046875,18.));
#8649 = CARTESIAN_POINT('',(89.45068359375,2.8076171875,18.));
#8650 = PCURVE('',#4597,#8651);
#8651 = DEFINITIONAL_REPRESENTATION('',(#8652),#8656);
#8652 = B_SPLINE_CURVE_WITH_KNOTS('',2,(#8653,#8654,#8655),
  .UNSPECIFIED.,.F.,.F.,(3,3),(0.,1.),.PIECEWISE_BEZIER_KNOTS.);
#8653 = CARTESIAN_POINT('',(6.05712890625,5.10009765625));
#8654 = CARTESIAN_POINT('',(5.76171875,5.751953125));
#8655 = CARTESIAN_POINT('',(5.19287109375,6.11083984375));
#8656 = ( GEOMETRIC_REPRESENTATION_CONTEXT(2) 
PARAMETRIC_REPRESENTATION_CONTEXT() REPRESENTATION_CONTEXT('2D SPACE',''
  ) );
#8657 = PCURVE('',#8658,#8665);
#8658 = SURFACE_OF_LINEAR_EXTRUSION('',#8659,#8663);
#8659 = B_SPLINE_CURVE_WITH_KNOTS('',2,(#8660,#8661,#8662),
  .UNSPECIFIED.,.F.,.F.,(3,3),(0.,1.),.PIECEWISE_BEZIER_KNOTS.);
#8660 = CARTESIAN_POINT('',(90.31494140625,1.796875,17.5));
#8661 = CARTESIAN_POINT('',(90.01953125,2.44873046875,17.5));
#8662 = CARTESIAN_POINT('',(89.45068359375,2.8076171875,17.5));
#8663 = VECTOR('',#8664,1.);
#8664 = DIRECTION('',(-0.,-0.,-1.));
#8665 = DEFINITIONAL_REPRESENTATION('',(#8666),#8670);
#8666 = LINE('',#8667,#8668);
#8667 = CARTESIAN_POINT('',(0.,-0.5));
#8668 = VECTOR('',#8669,1.);
#8669 = DIRECTION('',(1.,0.));
#8670 = ( GEOMETRIC_REPRESENTATION_CONTEXT(2) 
PARAMETRIC_REPRESENTATION_CONTEXT() REPRESENTATION_CONTEXT('2D SPACE',''
  ) );
#8671 = ORIENTED_EDGE('',*,*,#8672,.T.);
#8672 = EDGE_CURVE('',#8643,#8673,#8675,.T.);
#8673 = VERTEX_POINT('',#8674);
#8674 = CARTESIAN_POINT('',(88.173828125,3.16650390625,18.));
#8675 = SURFACE_CURVE('',#8676,(#8680,#8687),.PCURVE_S1.);
#8676 = B_SPLINE_CURVE_WITH_KNOTS('',2,(#8677,#8678,#8679),
  .UNSPECIFIED.,.F.,.F.,(3,3),(0.,1.),.PIECEWISE_BEZIER_KNOTS.);
#8677 = CARTESIAN_POINT('',(89.45068359375,2.8076171875,18.));
#8678 = CARTESIAN_POINT('',(88.8818359375,3.16650390625,18.));
#8679 = CARTESIAN_POINT('',(88.173828125,3.16650390625,18.));
#8680 = PCURVE('',#4597,#8681);
#8681 = DEFINITIONAL_REPRESENTATION('',(#8682),#8686);
#8682 = B_SPLINE_CURVE_WITH_KNOTS('',2,(#8683,#8684,#8685),
  .UNSPECIFIED.,.F.,.F.,(3,3),(0.,1.),.PIECEWISE_BEZIER_KNOTS.);
#8683 = CARTESIAN_POINT('',(5.19287109375,6.11083984375));
#8684 = CARTESIAN_POINT('',(4.6240234375,6.4697265625));
#8685 = CARTESIAN_POINT('',(3.916015625,6.4697265625));
#8686 = ( GEOMETRIC_REPRESENTATION_CONTEXT(2) 
PARAMETRIC_REPRESENTATION_CONTEXT() REPRESENTATION_CONTEXT('2D SPACE',''
  ) );
#8687 = PCURVE('',#8688,#8695);
#8688 = SURFACE_OF_LINEAR_EXTRUSION('',#8689,#8693);
#8689 = B_SPLINE_CURVE_WITH_KNOTS('',2,(#8690,#8691,#8692),
  .UNSPECIFIED.,.F.,.F.,(3,3),(0.,1.),.PIECEWISE_BEZIER_KNOTS.);
#8690 = CARTESIAN_POINT('',(89.45068359375,2.8076171875,17.5));
#8691 = CARTESIAN_POINT('',(88.8818359375,3.16650390625,17.5));
#8692 = CARTESIAN_POINT('',(88.173828125,3.16650390625,17.5));
#8693 = VECTOR('',#8694,1.);
#8694 = DIRECTION('',(-0.,-0.,-1.));
#8695 = DEFINITIONAL_REPRESENTATION('',(#8696),#8700);
#8696 = LINE('',#8697,#8698);
#8697 = CARTESIAN_POINT('',(0.,-0.5));
#8698 = VECTOR('',#8699,1.);
#8699 = DIRECTION('',(1.,0.));
#8700 = ( GEOMETRIC_REPRESENTATION_CONTEXT(2) 
PARAMETRIC_REPRESENTATION_CONTEXT() REPRESENTATION_CONTEXT('2D SPACE',''
  ) );
#8701 = ORIENTED_EDGE('',*,*,#8702,.T.);
#8702 = EDGE_CURVE('',#8673,#8703,#8705,.T.);
#8703 = VERTEX_POINT('',#8704);
#8704 = CARTESIAN_POINT('',(86.44287109375,2.4755859375,18.));
#8705 = SURFACE_CURVE('',#8706,(#8710,#8717),.PCURVE_S1.);
#8706 = B_SPLINE_CURVE_WITH_KNOTS('',2,(#8707,#8708,#8709),
  .UNSPECIFIED.,.F.,.F.,(3,3),(0.,1.),.PIECEWISE_BEZIER_KNOTS.);
#8707 = CARTESIAN_POINT('',(88.173828125,3.16650390625,18.));
#8708 = CARTESIAN_POINT('',(87.16796875,3.16650390625,18.));
#8709 = CARTESIAN_POINT('',(86.44287109375,2.4755859375,18.));
#8710 = PCURVE('',#4597,#8711);
#8711 = DEFINITIONAL_REPRESENTATION('',(#8712),#8716);
#8712 = B_SPLINE_CURVE_WITH_KNOTS('',2,(#8713,#8714,#8715),
  .UNSPECIFIED.,.F.,.F.,(3,3),(0.,1.),.PIECEWISE_BEZIER_KNOTS.);
#8713 = CARTESIAN_POINT('',(3.916015625,6.4697265625));
#8714 = CARTESIAN_POINT('',(2.91015625,6.4697265625));
#8715 = CARTESIAN_POINT('',(2.18505859375,5.77880859375));
#8716 = ( GEOMETRIC_REPRESENTATION_CONTEXT(2) 
PARAMETRIC_REPRESENTATION_CONTEXT() REPRESENTATION_CONTEXT('2D SPACE',''
  ) );
#8717 = PCURVE('',#8718,#8725);
#8718 = SURFACE_OF_LINEAR_EXTRUSION('',#8719,#8723);
#8719 = B_SPLINE_CURVE_WITH_KNOTS('',2,(#8720,#8721,#8722),
  .UNSPECIFIED.,.F.,.F.,(3,3),(0.,1.),.PIECEWISE_BEZIER_KNOTS.);
#8720 = CARTESIAN_POINT('',(88.173828125,3.16650390625,17.5));
#8721 = CARTESIAN_POINT('',(87.16796875,3.16650390625,17.5));
#8722 = CARTESIAN_POINT('',(86.44287109375,2.4755859375,17.5));
#8723 = VECTOR('',#8724,1.);
#8724 = DIRECTION('',(-0.,-0.,-1.));
#8725 = DEFINITIONAL_REPRESENTATION('',(#8726),#8730);
#8726 = LINE('',#8727,#8728);
#8727 = CARTESIAN_POINT('',(0.,-0.5));
#8728 = VECTOR('',#8729,1.);
#8729 = DIRECTION('',(1.,0.));
#8730 = ( GEOMETRIC_REPRESENTATION_CONTEXT(2) 
PARAMETRIC_REPRESENTATION_CONTEXT() REPRESENTATION_CONTEXT('2D SPACE',''
  ) );
#8731 = ORIENTED_EDGE('',*,*,#8732,.T.);
#8732 = EDGE_CURVE('',#8703,#8491,#8733,.T.);
#8733 = SURFACE_CURVE('',#8734,(#8738,#8745),.PCURVE_S1.);
#8734 = B_SPLINE_CURVE_WITH_KNOTS('',2,(#8735,#8736,#8737),
  .UNSPECIFIED.,.F.,.F.,(3,3),(0.,1.),.PIECEWISE_BEZIER_KNOTS.);
#8735 = CARTESIAN_POINT('',(86.44287109375,2.4755859375,18.));
#8736 = CARTESIAN_POINT('',(85.7177734375,1.78466796875,18.));
#8737 = CARTESIAN_POINT('',(85.7177734375,0.16845703125,18.));
#8738 = PCURVE('',#4597,#8739);
#8739 = DEFINITIONAL_REPRESENTATION('',(#8740),#8744);
#8740 = B_SPLINE_CURVE_WITH_KNOTS('',2,(#8741,#8742,#8743),
  .UNSPECIFIED.,.F.,.F.,(3,3),(0.,1.),.PIECEWISE_BEZIER_KNOTS.);
#8741 = CARTESIAN_POINT('',(2.18505859375,5.77880859375));
#8742 = CARTESIAN_POINT('',(1.4599609375,5.087890625));
#8743 = CARTESIAN_POINT('',(1.4599609375,3.4716796875));
#8744 = ( GEOMETRIC_REPRESENTATION_CONTEXT(2) 
PARAMETRIC_REPRESENTATION_CONTEXT() REPRESENTATION_CONTEXT('2D SPACE',''
  ) );
#8745 = PCURVE('',#8746,#8753);
#8746 = SURFACE_OF_LINEAR_EXTRUSION('',#8747,#8751);
#8747 = B_SPLINE_CURVE_WITH_KNOTS('',2,(#8748,#8749,#8750),
  .UNSPECIFIED.,.F.,.F.,(3,3),(0.,1.),.PIECEWISE_BEZIER_KNOTS.);
#8748 = CARTESIAN_POINT('',(86.44287109375,2.4755859375,17.5));
#8749 = CARTESIAN_POINT('',(85.7177734375,1.78466796875,17.5));
#8750 = CARTESIAN_POINT('',(85.7177734375,0.16845703125,17.5));
#8751 = VECTOR('',#8752,1.);
#8752 = DIRECTION('',(-0.,-0.,-1.));
#8753 = DEFINITIONAL_REPRESENTATION('',(#8754),#8758);
#8754 = LINE('',#8755,#8756);
#8755 = CARTESIAN_POINT('',(0.,-0.5));
#8756 = VECTOR('',#8757,1.);
#8757 = DIRECTION('',(1.,0.));
#8758 = ( GEOMETRIC_REPRESENTATION_CONTEXT(2) 
PARAMETRIC_REPRESENTATION_CONTEXT() REPRESENTATION_CONTEXT('2D SPACE',''
  ) );
#8759 = ADVANCED_FACE('',(#8760),#5141,.T.);
#8760 = FACE_BOUND('',#8761,.F.);
#8761 = EDGE_LOOP('',(#8762,#8763,#8764,#8765,#8766,#8767,#8768,#8769));
#8762 = ORIENTED_EDGE('',*,*,#5473,.T.);
#8763 = ORIENTED_EDGE('',*,*,#5446,.T.);
#8764 = ORIENTED_EDGE('',*,*,#5397,.T.);
#8765 = ORIENTED_EDGE('',*,*,#5348,.T.);
#8766 = ORIENTED_EDGE('',*,*,#5299,.T.);
#8767 = ORIENTED_EDGE('',*,*,#5250,.T.);
#8768 = ORIENTED_EDGE('',*,*,#5201,.T.);
#8769 = ORIENTED_EDGE('',*,*,#5125,.T.);
#8770 = ADVANCED_FACE('',(#8771,#8784),#5538,.T.);
#8771 = FACE_BOUND('',#8772,.F.);
#8772 = EDGE_LOOP('',(#8773,#8774,#8775,#8776,#8777,#8778,#8779,#8780,
    #8781,#8782,#8783));
#8773 = ORIENTED_EDGE('',*,*,#6017,.T.);
#8774 = ORIENTED_EDGE('',*,*,#5990,.T.);
#8775 = ORIENTED_EDGE('',*,*,#5941,.T.);
#8776 = ORIENTED_EDGE('',*,*,#5892,.T.);
#8777 = ORIENTED_EDGE('',*,*,#5843,.T.);
#8778 = ORIENTED_EDGE('',*,*,#5794,.T.);
#8779 = ORIENTED_EDGE('',*,*,#5745,.T.);
#8780 = ORIENTED_EDGE('',*,*,#5696,.T.);
#8781 = ORIENTED_EDGE('',*,*,#5647,.T.);
#8782 = ORIENTED_EDGE('',*,*,#5598,.T.);
#8783 = ORIENTED_EDGE('',*,*,#5522,.T.);
#8784 = FACE_BOUND('',#8785,.F.);
#8785 = EDGE_LOOP('',(#8786,#8818,#8848,#8878,#8908,#8938,#8968,#8998,
    #9028));
#8786 = ORIENTED_EDGE('',*,*,#8787,.T.);
#8787 = EDGE_CURVE('',#8788,#8790,#8792,.T.);
#8788 = VERTEX_POINT('',#8789);
#8789 = CARTESIAN_POINT('',(99.423828125,0.16845703125,18.));
#8790 = VERTEX_POINT('',#8791);
#8791 = CARTESIAN_POINT('',(100.11962890625,-1.8701171875,18.));
#8792 = SURFACE_CURVE('',#8793,(#8797,#8804),.PCURVE_S1.);
#8793 = B_SPLINE_CURVE_WITH_KNOTS('',2,(#8794,#8795,#8796),
  .UNSPECIFIED.,.F.,.F.,(3,3),(0.,1.),.PIECEWISE_BEZIER_KNOTS.);
#8794 = CARTESIAN_POINT('',(99.423828125,0.16845703125,18.));
#8795 = CARTESIAN_POINT('',(99.423828125,-1.12548828125,18.));
#8796 = CARTESIAN_POINT('',(100.11962890625,-1.8701171875,18.));
#8797 = PCURVE('',#5538,#8798);
#8798 = DEFINITIONAL_REPRESENTATION('',(#8799),#8803);
#8799 = B_SPLINE_CURVE_WITH_KNOTS('',2,(#8800,#8801,#8802),
  .UNSPECIFIED.,.F.,.F.,(3,3),(0.,1.),.PIECEWISE_BEZIER_KNOTS.);
#8800 = CARTESIAN_POINT('',(1.4599609375,3.4716796875));
#8801 = CARTESIAN_POINT('',(1.4599609375,2.177734375));
#8802 = CARTESIAN_POINT('',(2.15576171875,1.43310546875));
#8803 = ( GEOMETRIC_REPRESENTATION_CONTEXT(2) 
PARAMETRIC_REPRESENTATION_CONTEXT() REPRESENTATION_CONTEXT('2D SPACE',''
  ) );
#8804 = PCURVE('',#8805,#8812);
#8805 = SURFACE_OF_LINEAR_EXTRUSION('',#8806,#8810);
#8806 = B_SPLINE_CURVE_WITH_KNOTS('',2,(#8807,#8808,#8809),
  .UNSPECIFIED.,.F.,.F.,(3,3),(0.,1.),.PIECEWISE_BEZIER_KNOTS.);
#8807 = CARTESIAN_POINT('',(99.423828125,0.16845703125,17.5));
#8808 = CARTESIAN_POINT('',(99.423828125,-1.12548828125,17.5));
#8809 = CARTESIAN_POINT('',(100.11962890625,-1.8701171875,17.5));
#8810 = VECTOR('',#8811,1.);
#8811 = DIRECTION('',(-0.,-0.,-1.));
#8812 = DEFINITIONAL_REPRESENTATION('',(#8813),#8817);
#8813 = LINE('',#8814,#8815);
#8814 = CARTESIAN_POINT('',(0.,-0.5));
#8815 = VECTOR('',#8816,1.);
#8816 = DIRECTION('',(1.,0.));
#8817 = ( GEOMETRIC_REPRESENTATION_CONTEXT(2) 
PARAMETRIC_REPRESENTATION_CONTEXT() REPRESENTATION_CONTEXT('2D SPACE',''
  ) );
#8818 = ORIENTED_EDGE('',*,*,#8819,.T.);
#8819 = EDGE_CURVE('',#8790,#8820,#8822,.T.);
#8820 = VERTEX_POINT('',#8821);
#8821 = CARTESIAN_POINT('',(101.865234375,-2.61474609375,18.));
#8822 = SURFACE_CURVE('',#8823,(#8827,#8834),.PCURVE_S1.);
#8823 = B_SPLINE_CURVE_WITH_KNOTS('',2,(#8824,#8825,#8826),
  .UNSPECIFIED.,.F.,.F.,(3,3),(0.,1.),.PIECEWISE_BEZIER_KNOTS.);
#8824 = CARTESIAN_POINT('',(100.11962890625,-1.8701171875,18.));
#8825 = CARTESIAN_POINT('',(100.8154296875,-2.61474609375,18.));
#8826 = CARTESIAN_POINT('',(101.865234375,-2.61474609375,18.));
#8827 = PCURVE('',#5538,#8828);
#8828 = DEFINITIONAL_REPRESENTATION('',(#8829),#8833);
#8829 = B_SPLINE_CURVE_WITH_KNOTS('',2,(#8830,#8831,#8832),
  .UNSPECIFIED.,.F.,.F.,(3,3),(0.,1.),.PIECEWISE_BEZIER_KNOTS.);
#8830 = CARTESIAN_POINT('',(2.15576171875,1.43310546875));
#8831 = CARTESIAN_POINT('',(2.8515625,0.6884765625));
#8832 = CARTESIAN_POINT('',(3.9013671875,0.6884765625));
#8833 = ( GEOMETRIC_REPRESENTATION_CONTEXT(2) 
PARAMETRIC_REPRESENTATION_CONTEXT() REPRESENTATION_CONTEXT('2D SPACE',''
  ) );
#8834 = PCURVE('',#8835,#8842);
#8835 = SURFACE_OF_LINEAR_EXTRUSION('',#8836,#8840);
#8836 = B_SPLINE_CURVE_WITH_KNOTS('',2,(#8837,#8838,#8839),
  .UNSPECIFIED.,.F.,.F.,(3,3),(0.,1.),.PIECEWISE_BEZIER_KNOTS.);
#8837 = CARTESIAN_POINT('',(100.11962890625,-1.8701171875,17.5));
#8838 = CARTESIAN_POINT('',(100.8154296875,-2.61474609375,17.5));
#8839 = CARTESIAN_POINT('',(101.865234375,-2.61474609375,17.5));
#8840 = VECTOR('',#8841,1.);
#8841 = DIRECTION('',(-0.,-0.,-1.));
#8842 = DEFINITIONAL_REPRESENTATION('',(#8843),#8847);
#8843 = LINE('',#8844,#8845);
#8844 = CARTESIAN_POINT('',(0.,-0.5));
#8845 = VECTOR('',#8846,1.);
#8846 = DIRECTION('',(1.,0.));
#8847 = ( GEOMETRIC_REPRESENTATION_CONTEXT(2) 
PARAMETRIC_REPRESENTATION_CONTEXT() REPRESENTATION_CONTEXT('2D SPACE',''
  ) );
#8848 = ORIENTED_EDGE('',*,*,#8849,.T.);
#8849 = EDGE_CURVE('',#8820,#8850,#8852,.T.);
#8850 = VERTEX_POINT('',#8851);
#8851 = CARTESIAN_POINT('',(103.62548828125,-1.86279296875,18.));
#8852 = SURFACE_CURVE('',#8853,(#8857,#8864),.PCURVE_S1.);
#8853 = B_SPLINE_CURVE_WITH_KNOTS('',2,(#8854,#8855,#8856),
  .UNSPECIFIED.,.F.,.F.,(3,3),(0.,1.),.PIECEWISE_BEZIER_KNOTS.);
#8854 = CARTESIAN_POINT('',(101.865234375,-2.61474609375,18.));
#8855 = CARTESIAN_POINT('',(102.9345703125,-2.61474609375,18.));
#8856 = CARTESIAN_POINT('',(103.62548828125,-1.86279296875,18.));
#8857 = PCURVE('',#5538,#8858);
#8858 = DEFINITIONAL_REPRESENTATION('',(#8859),#8863);
#8859 = B_SPLINE_CURVE_WITH_KNOTS('',2,(#8860,#8861,#8862),
  .UNSPECIFIED.,.F.,.F.,(3,3),(0.,1.),.PIECEWISE_BEZIER_KNOTS.);
#8860 = CARTESIAN_POINT('',(3.9013671875,0.6884765625));
#8861 = CARTESIAN_POINT('',(4.970703125,0.6884765625));
#8862 = CARTESIAN_POINT('',(5.66162109375,1.4404296875));
#8863 = ( GEOMETRIC_REPRESENTATION_CONTEXT(2) 
PARAMETRIC_REPRESENTATION_CONTEXT() REPRESENTATION_CONTEXT('2D SPACE',''
  ) );
#8864 = PCURVE('',#8865,#8872);
#8865 = SURFACE_OF_LINEAR_EXTRUSION('',#8866,#8870);
#8866 = B_SPLINE_CURVE_WITH_KNOTS('',2,(#8867,#8868,#8869),
  .UNSPECIFIED.,.F.,.F.,(3,3),(0.,1.),.PIECEWISE_BEZIER_KNOTS.);
#8867 = CARTESIAN_POINT('',(101.865234375,-2.61474609375,17.5));
#8868 = CARTESIAN_POINT('',(102.9345703125,-2.61474609375,17.5));
#8869 = CARTESIAN_POINT('',(103.62548828125,-1.86279296875,17.5));
#8870 = VECTOR('',#8871,1.);
#8871 = DIRECTION('',(-0.,-0.,-1.));
#8872 = DEFINITIONAL_REPRESENTATION('',(#8873),#8877);
#8873 = LINE('',#8874,#8875);
#8874 = CARTESIAN_POINT('',(0.,-0.5));
#8875 = VECTOR('',#8876,1.);
#8876 = DIRECTION('',(1.,0.));
#8877 = ( GEOMETRIC_REPRESENTATION_CONTEXT(2) 
PARAMETRIC_REPRESENTATION_CONTEXT() REPRESENTATION_CONTEXT('2D SPACE',''
  ) );
#8878 = ORIENTED_EDGE('',*,*,#8879,.T.);
#8879 = EDGE_CURVE('',#8850,#8880,#8882,.T.);
#8880 = VERTEX_POINT('',#8881);
#8881 = CARTESIAN_POINT('',(104.31640625,0.27099609375,18.));
#8882 = SURFACE_CURVE('',#8883,(#8887,#8894),.PCURVE_S1.);
#8883 = B_SPLINE_CURVE_WITH_KNOTS('',2,(#8884,#8885,#8886),
  .UNSPECIFIED.,.F.,.F.,(3,3),(0.,1.),.PIECEWISE_BEZIER_KNOTS.);
#8884 = CARTESIAN_POINT('',(103.62548828125,-1.86279296875,18.));
#8885 = CARTESIAN_POINT('',(104.31640625,-1.11083984375,18.));
#8886 = CARTESIAN_POINT('',(104.31640625,0.27099609375,18.));
#8887 = PCURVE('',#5538,#8888);
#8888 = DEFINITIONAL_REPRESENTATION('',(#8889),#8893);
#8889 = B_SPLINE_CURVE_WITH_KNOTS('',2,(#8890,#8891,#8892),
  .UNSPECIFIED.,.F.,.F.,(3,3),(0.,1.),.PIECEWISE_BEZIER_KNOTS.);
#8890 = CARTESIAN_POINT('',(5.66162109375,1.4404296875));
#8891 = CARTESIAN_POINT('',(6.3525390625,2.1923828125));
#8892 = CARTESIAN_POINT('',(6.3525390625,3.57421875));
#8893 = ( GEOMETRIC_REPRESENTATION_CONTEXT(2) 
PARAMETRIC_REPRESENTATION_CONTEXT() REPRESENTATION_CONTEXT('2D SPACE',''
  ) );
#8894 = PCURVE('',#8895,#8902);
#8895 = SURFACE_OF_LINEAR_EXTRUSION('',#8896,#8900);
#8896 = B_SPLINE_CURVE_WITH_KNOTS('',2,(#8897,#8898,#8899),
  .UNSPECIFIED.,.F.,.F.,(3,3),(0.,1.),.PIECEWISE_BEZIER_KNOTS.);
#8897 = CARTESIAN_POINT('',(103.62548828125,-1.86279296875,17.5));
#8898 = CARTESIAN_POINT('',(104.31640625,-1.11083984375,17.5));
#8899 = CARTESIAN_POINT('',(104.31640625,0.27099609375,17.5));
#8900 = VECTOR('',#8901,1.);
#8901 = DIRECTION('',(-0.,-0.,-1.));
#8902 = DEFINITIONAL_REPRESENTATION('',(#8903),#8907);
#8903 = LINE('',#8904,#8905);
#8904 = CARTESIAN_POINT('',(0.,-0.5));
#8905 = VECTOR('',#8906,1.);
#8906 = DIRECTION('',(1.,0.));
#8907 = ( GEOMETRIC_REPRESENTATION_CONTEXT(2) 
PARAMETRIC_REPRESENTATION_CONTEXT() REPRESENTATION_CONTEXT('2D SPACE',''
  ) );
#8908 = ORIENTED_EDGE('',*,*,#8909,.T.);
#8909 = EDGE_CURVE('',#8880,#8910,#8912,.T.);
#8910 = VERTEX_POINT('',#8911);
#8911 = CARTESIAN_POINT('',(104.02099609375,1.796875,18.));
#8912 = SURFACE_CURVE('',#8913,(#8917,#8924),.PCURVE_S1.);
#8913 = B_SPLINE_CURVE_WITH_KNOTS('',2,(#8914,#8915,#8916),
  .UNSPECIFIED.,.F.,.F.,(3,3),(0.,1.),.PIECEWISE_BEZIER_KNOTS.);
#8914 = CARTESIAN_POINT('',(104.31640625,0.27099609375,18.));
#8915 = CARTESIAN_POINT('',(104.31640625,1.14501953125,18.));
#8916 = CARTESIAN_POINT('',(104.02099609375,1.796875,18.));
#8917 = PCURVE('',#5538,#8918);
#8918 = DEFINITIONAL_REPRESENTATION('',(#8919),#8923);
#8919 = B_SPLINE_CURVE_WITH_KNOTS('',2,(#8920,#8921,#8922),
  .UNSPECIFIED.,.F.,.F.,(3,3),(0.,1.),.PIECEWISE_BEZIER_KNOTS.);
#8920 = CARTESIAN_POINT('',(6.3525390625,3.57421875));
#8921 = CARTESIAN_POINT('',(6.3525390625,4.4482421875));
#8922 = CARTESIAN_POINT('',(6.05712890625,5.10009765625));
#8923 = ( GEOMETRIC_REPRESENTATION_CONTEXT(2) 
PARAMETRIC_REPRESENTATION_CONTEXT() REPRESENTATION_CONTEXT('2D SPACE',''
  ) );
#8924 = PCURVE('',#8925,#8932);
#8925 = SURFACE_OF_LINEAR_EXTRUSION('',#8926,#8930);
#8926 = B_SPLINE_CURVE_WITH_KNOTS('',2,(#8927,#8928,#8929),
  .UNSPECIFIED.,.F.,.F.,(3,3),(0.,1.),.PIECEWISE_BEZIER_KNOTS.);
#8927 = CARTESIAN_POINT('',(104.31640625,0.27099609375,17.5));
#8928 = CARTESIAN_POINT('',(104.31640625,1.14501953125,17.5));
#8929 = CARTESIAN_POINT('',(104.02099609375,1.796875,17.5));
#8930 = VECTOR('',#8931,1.);
#8931 = DIRECTION('',(-0.,-0.,-1.));
#8932 = DEFINITIONAL_REPRESENTATION('',(#8933),#8937);
#8933 = LINE('',#8934,#8935);
#8934 = CARTESIAN_POINT('',(0.,-0.5));
#8935 = VECTOR('',#8936,1.);
#8936 = DIRECTION('',(1.,0.));
#8937 = ( GEOMETRIC_REPRESENTATION_CONTEXT(2) 
PARAMETRIC_REPRESENTATION_CONTEXT() REPRESENTATION_CONTEXT('2D SPACE',''
  ) );
#8938 = ORIENTED_EDGE('',*,*,#8939,.T.);
#8939 = EDGE_CURVE('',#8910,#8940,#8942,.T.);
#8940 = VERTEX_POINT('',#8941);
#8941 = CARTESIAN_POINT('',(103.15673828125,2.8076171875,18.));
#8942 = SURFACE_CURVE('',#8943,(#8947,#8954),.PCURVE_S1.);
#8943 = B_SPLINE_CURVE_WITH_KNOTS('',2,(#8944,#8945,#8946),
  .UNSPECIFIED.,.F.,.F.,(3,3),(0.,1.),.PIECEWISE_BEZIER_KNOTS.);
#8944 = CARTESIAN_POINT('',(104.02099609375,1.796875,18.));
#8945 = CARTESIAN_POINT('',(103.7255859375,2.44873046875,18.));
#8946 = CARTESIAN_POINT('',(103.15673828125,2.8076171875,18.));
#8947 = PCURVE('',#5538,#8948);
#8948 = DEFINITIONAL_REPRESENTATION('',(#8949),#8953);
#8949 = B_SPLINE_CURVE_WITH_KNOTS('',2,(#8950,#8951,#8952),
  .UNSPECIFIED.,.F.,.F.,(3,3),(0.,1.),.PIECEWISE_BEZIER_KNOTS.);
#8950 = CARTESIAN_POINT('',(6.05712890625,5.10009765625));
#8951 = CARTESIAN_POINT('',(5.76171875,5.751953125));
#8952 = CARTESIAN_POINT('',(5.19287109375,6.11083984375));
#8953 = ( GEOMETRIC_REPRESENTATION_CONTEXT(2) 
PARAMETRIC_REPRESENTATION_CONTEXT() REPRESENTATION_CONTEXT('2D SPACE',''
  ) );
#8954 = PCURVE('',#8955,#8962);
#8955 = SURFACE_OF_LINEAR_EXTRUSION('',#8956,#8960);
#8956 = B_SPLINE_CURVE_WITH_KNOTS('',2,(#8957,#8958,#8959),
  .UNSPECIFIED.,.F.,.F.,(3,3),(0.,1.),.PIECEWISE_BEZIER_KNOTS.);
#8957 = CARTESIAN_POINT('',(104.02099609375,1.796875,17.5));
#8958 = CARTESIAN_POINT('',(103.7255859375,2.44873046875,17.5));
#8959 = CARTESIAN_POINT('',(103.15673828125,2.8076171875,17.5));
#8960 = VECTOR('',#8961,1.);
#8961 = DIRECTION('',(-0.,-0.,-1.));
#8962 = DEFINITIONAL_REPRESENTATION('',(#8963),#8967);
#8963 = LINE('',#8964,#8965);
#8964 = CARTESIAN_POINT('',(0.,-0.5));
#8965 = VECTOR('',#8966,1.);
#8966 = DIRECTION('',(1.,0.));
#8967 = ( GEOMETRIC_REPRESENTATION_CONTEXT(2) 
PARAMETRIC_REPRESENTATION_CONTEXT() REPRESENTATION_CONTEXT('2D SPACE',''
  ) );
#8968 = ORIENTED_EDGE('',*,*,#8969,.T.);
#8969 = EDGE_CURVE('',#8940,#8970,#8972,.T.);
#8970 = VERTEX_POINT('',#8971);
#8971 = CARTESIAN_POINT('',(101.8798828125,3.16650390625,18.));
#8972 = SURFACE_CURVE('',#8973,(#8977,#8984),.PCURVE_S1.);
#8973 = B_SPLINE_CURVE_WITH_KNOTS('',2,(#8974,#8975,#8976),
  .UNSPECIFIED.,.F.,.F.,(3,3),(0.,1.),.PIECEWISE_BEZIER_KNOTS.);
#8974 = CARTESIAN_POINT('',(103.15673828125,2.8076171875,18.));
#8975 = CARTESIAN_POINT('',(102.587890625,3.16650390625,18.));
#8976 = CARTESIAN_POINT('',(101.8798828125,3.16650390625,18.));
#8977 = PCURVE('',#5538,#8978);
#8978 = DEFINITIONAL_REPRESENTATION('',(#8979),#8983);
#8979 = B_SPLINE_CURVE_WITH_KNOTS('',2,(#8980,#8981,#8982),
  .UNSPECIFIED.,.F.,.F.,(3,3),(0.,1.),.PIECEWISE_BEZIER_KNOTS.);
#8980 = CARTESIAN_POINT('',(5.19287109375,6.11083984375));
#8981 = CARTESIAN_POINT('',(4.6240234375,6.4697265625));
#8982 = CARTESIAN_POINT('',(3.916015625,6.4697265625));
#8983 = ( GEOMETRIC_REPRESENTATION_CONTEXT(2) 
PARAMETRIC_REPRESENTATION_CONTEXT() REPRESENTATION_CONTEXT('2D SPACE',''
  ) );
#8984 = PCURVE('',#8985,#8992);
#8985 = SURFACE_OF_LINEAR_EXTRUSION('',#8986,#8990);
#8986 = B_SPLINE_CURVE_WITH_KNOTS('',2,(#8987,#8988,#8989),
  .UNSPECIFIED.,.F.,.F.,(3,3),(0.,1.),.PIECEWISE_BEZIER_KNOTS.);
#8987 = CARTESIAN_POINT('',(103.15673828125,2.8076171875,17.5));
#8988 = CARTESIAN_POINT('',(102.587890625,3.16650390625,17.5));
#8989 = CARTESIAN_POINT('',(101.8798828125,3.16650390625,17.5));
#8990 = VECTOR('',#8991,1.);
#8991 = DIRECTION('',(-0.,-0.,-1.));
#8992 = DEFINITIONAL_REPRESENTATION('',(#8993),#8997);
#8993 = LINE('',#8994,#8995);
#8994 = CARTESIAN_POINT('',(0.,-0.5));
#8995 = VECTOR('',#8996,1.);
#8996 = DIRECTION('',(1.,0.));
#8997 = ( GEOMETRIC_REPRESENTATION_CONTEXT(2) 
PARAMETRIC_REPRESENTATION_CONTEXT() REPRESENTATION_CONTEXT('2D SPACE',''
  ) );
#8998 = ORIENTED_EDGE('',*,*,#8999,.T.);
#8999 = EDGE_CURVE('',#8970,#9000,#9002,.T.);
#9000 = VERTEX_POINT('',#9001);
#9001 = CARTESIAN_POINT('',(100.14892578125,2.4755859375,18.));
#9002 = SURFACE_CURVE('',#9003,(#9007,#9014),.PCURVE_S1.);
#9003 = B_SPLINE_CURVE_WITH_KNOTS('',2,(#9004,#9005,#9006),
  .UNSPECIFIED.,.F.,.F.,(3,3),(0.,1.),.PIECEWISE_BEZIER_KNOTS.);
#9004 = CARTESIAN_POINT('',(101.8798828125,3.16650390625,18.));
#9005 = CARTESIAN_POINT('',(100.8740234375,3.16650390625,18.));
#9006 = CARTESIAN_POINT('',(100.14892578125,2.4755859375,18.));
#9007 = PCURVE('',#5538,#9008);
#9008 = DEFINITIONAL_REPRESENTATION('',(#9009),#9013);
#9009 = B_SPLINE_CURVE_WITH_KNOTS('',2,(#9010,#9011,#9012),
  .UNSPECIFIED.,.F.,.F.,(3,3),(0.,1.),.PIECEWISE_BEZIER_KNOTS.);
#9010 = CARTESIAN_POINT('',(3.916015625,6.4697265625));
#9011 = CARTESIAN_POINT('',(2.91015625,6.4697265625));
#9012 = CARTESIAN_POINT('',(2.18505859375,5.77880859375));
#9013 = ( GEOMETRIC_REPRESENTATION_CONTEXT(2) 
PARAMETRIC_REPRESENTATION_CONTEXT() REPRESENTATION_CONTEXT('2D SPACE',''
  ) );
#9014 = PCURVE('',#9015,#9022);
#9015 = SURFACE_OF_LINEAR_EXTRUSION('',#9016,#9020);
#9016 = B_SPLINE_CURVE_WITH_KNOTS('',2,(#9017,#9018,#9019),
  .UNSPECIFIED.,.F.,.F.,(3,3),(0.,1.),.PIECEWISE_BEZIER_KNOTS.);
#9017 = CARTESIAN_POINT('',(101.8798828125,3.16650390625,17.5));
#9018 = CARTESIAN_POINT('',(100.8740234375,3.16650390625,17.5));
#9019 = CARTESIAN_POINT('',(100.14892578125,2.4755859375,17.5));
#9020 = VECTOR('',#9021,1.);
#9021 = DIRECTION('',(-0.,-0.,-1.));
#9022 = DEFINITIONAL_REPRESENTATION('',(#9023),#9027);
#9023 = LINE('',#9024,#9025);
#9024 = CARTESIAN_POINT('',(0.,-0.5));
#9025 = VECTOR('',#9026,1.);
#9026 = DIRECTION('',(1.,0.));
#9027 = ( GEOMETRIC_REPRESENTATION_CONTEXT(2) 
PARAMETRIC_REPRESENTATION_CONTEXT() REPRESENTATION_CONTEXT('2D SPACE',''
  ) );
#9028 = ORIENTED_EDGE('',*,*,#9029,.T.);
#9029 = EDGE_CURVE('',#9000,#8788,#9030,.T.);
#9030 = SURFACE_CURVE('',#9031,(#9035,#9042),.PCURVE_S1.);
#9031 = B_SPLINE_CURVE_WITH_KNOTS('',2,(#9032,#9033,#9034),
  .UNSPECIFIED.,.F.,.F.,(3,3),(0.,1.),.PIECEWISE_BEZIER_KNOTS.);
#9032 = CARTESIAN_POINT('',(100.14892578125,2.4755859375,18.));
#9033 = CARTESIAN_POINT('',(99.423828125,1.78466796875,18.));
#9034 = CARTESIAN_POINT('',(99.423828125,0.16845703125,18.));
#9035 = PCURVE('',#5538,#9036);
#9036 = DEFINITIONAL_REPRESENTATION('',(#9037),#9041);
#9037 = B_SPLINE_CURVE_WITH_KNOTS('',2,(#9038,#9039,#9040),
  .UNSPECIFIED.,.F.,.F.,(3,3),(0.,1.),.PIECEWISE_BEZIER_KNOTS.);
#9038 = CARTESIAN_POINT('',(2.18505859375,5.77880859375));
#9039 = CARTESIAN_POINT('',(1.4599609375,5.087890625));
#9040 = CARTESIAN_POINT('',(1.4599609375,3.4716796875));
#9041 = ( GEOMETRIC_REPRESENTATION_CONTEXT(2) 
PARAMETRIC_REPRESENTATION_CONTEXT() REPRESENTATION_CONTEXT('2D SPACE',''
  ) );
#9042 = PCURVE('',#9043,#9050);
#9043 = SURFACE_OF_LINEAR_EXTRUSION('',#9044,#9048);
#9044 = B_SPLINE_CURVE_WITH_KNOTS('',2,(#9045,#9046,#9047),
  .UNSPECIFIED.,.F.,.F.,(3,3),(0.,1.),.PIECEWISE_BEZIER_KNOTS.);
#9045 = CARTESIAN_POINT('',(100.14892578125,2.4755859375,17.5));
#9046 = CARTESIAN_POINT('',(99.423828125,1.78466796875,17.5));
#9047 = CARTESIAN_POINT('',(99.423828125,0.16845703125,17.5));
#9048 = VECTOR('',#9049,1.);
#9049 = DIRECTION('',(-0.,-0.,-1.));
#9050 = DEFINITIONAL_REPRESENTATION('',(#9051),#9055);
#9051 = LINE('',#9052,#9053);
#9052 = CARTESIAN_POINT('',(0.,-0.5));
#9053 = VECTOR('',#9054,1.);
#9054 = DIRECTION('',(1.,0.));
#9055 = ( GEOMETRIC_REPRESENTATION_CONTEXT(2) 
PARAMETRIC_REPRESENTATION_CONTEXT() REPRESENTATION_CONTEXT('2D SPACE',''
  ) );
#9056 = ADVANCED_FACE('',(#9057),#6082,.T.);
#9057 = FACE_BOUND('',#9058,.F.);
#9058 = EDGE_LOOP('',(#9059,#9060,#9061,#9062,#9063,#9064,#9065,#9066,
    #9067,#9068,#9069,#9070,#9071,#9072,#9073));
#9059 = ORIENTED_EDGE('',*,*,#6757,.T.);
#9060 = ORIENTED_EDGE('',*,*,#6730,.T.);
#9061 = ORIENTED_EDGE('',*,*,#6681,.T.);
#9062 = ORIENTED_EDGE('',*,*,#6632,.T.);
#9063 = ORIENTED_EDGE('',*,*,#6583,.T.);
#9064 = ORIENTED_EDGE('',*,*,#6534,.T.);
#9065 = ORIENTED_EDGE('',*,*,#6485,.T.);
#9066 = ORIENTED_EDGE('',*,*,#6436,.T.);
#9067 = ORIENTED_EDGE('',*,*,#6387,.T.);
#9068 = ORIENTED_EDGE('',*,*,#6338,.T.);
#9069 = ORIENTED_EDGE('',*,*,#6289,.T.);
#9070 = ORIENTED_EDGE('',*,*,#6240,.T.);
#9071 = ORIENTED_EDGE('',*,*,#6191,.T.);
#9072 = ORIENTED_EDGE('',*,*,#6142,.T.);
#9073 = ORIENTED_EDGE('',*,*,#6066,.T.);
#9074 = ADVANCED_FACE('',(#9075),#6885,.T.);
#9075 = FACE_BOUND('',#9076,.T.);
#9076 = EDGE_LOOP('',(#9077,#9100,#9127,#9128));
#9077 = ORIENTED_EDGE('',*,*,#9078,.T.);
#9078 = EDGE_CURVE('',#6869,#9079,#9081,.T.);
#9079 = VERTEX_POINT('',#9080);
#9080 = CARTESIAN_POINT('',(190.,-1.224646799147E-15,-5.));
#9081 = SEAM_CURVE('',#9082,(#9086,#9093),.PCURVE_S1.);
#9082 = LINE('',#9083,#9084);
#9083 = CARTESIAN_POINT('',(110.,-1.224646799147E-15,-5.));
#9084 = VECTOR('',#9085,1.);
#9085 = DIRECTION('',(1.,0.,1.110223024625E-16));
#9086 = PCURVE('',#6885,#9087);
#9087 = DEFINITIONAL_REPRESENTATION('',(#9088),#9092);
#9088 = LINE('',#9089,#9090);
#9089 = CARTESIAN_POINT('',(6.28318530718,-0.));
#9090 = VECTOR('',#9091,1.);
#9091 = DIRECTION('',(0.,1.));
#9092 = ( GEOMETRIC_REPRESENTATION_CONTEXT(2) 
PARAMETRIC_REPRESENTATION_CONTEXT() REPRESENTATION_CONTEXT('2D SPACE',''
  ) );
#9093 = PCURVE('',#6885,#9094);
#9094 = DEFINITIONAL_REPRESENTATION('',(#9095),#9099);
#9095 = LINE('',#9096,#9097);
#9096 = CARTESIAN_POINT('',(0.,-0.));
#9097 = VECTOR('',#9098,1.);
#9098 = DIRECTION('',(0.,1.));
#9099 = ( GEOMETRIC_REPRESENTATION_CONTEXT(2) 
PARAMETRIC_REPRESENTATION_CONTEXT() REPRESENTATION_CONTEXT('2D SPACE',''
  ) );
#9100 = ORIENTED_EDGE('',*,*,#9101,.F.);
#9101 = EDGE_CURVE('',#9079,#9079,#9102,.T.);
#9102 = SURFACE_CURVE('',#9103,(#9108,#9115),.PCURVE_S1.);
#9103 = CIRCLE('',#9104,5.);
#9104 = AXIS2_PLACEMENT_3D('',#9105,#9106,#9107);
#9105 = CARTESIAN_POINT('',(190.,0.,4.440892098501E-15));
#9106 = DIRECTION('',(1.,-0.,1.110223024625E-16));
#9107 = DIRECTION('',(1.110223024625E-16,0.,-1.));
#9108 = PCURVE('',#6885,#9109);
#9109 = DEFINITIONAL_REPRESENTATION('',(#9110),#9114);
#9110 = LINE('',#9111,#9112);
#9111 = CARTESIAN_POINT('',(0.,80.));
#9112 = VECTOR('',#9113,1.);
#9113 = DIRECTION('',(1.,0.));
#9114 = ( GEOMETRIC_REPRESENTATION_CONTEXT(2) 
PARAMETRIC_REPRESENTATION_CONTEXT() REPRESENTATION_CONTEXT('2D SPACE',''
  ) );
#9115 = PCURVE('',#9116,#9121);
#9116 = PLANE('',#9117);
#9117 = AXIS2_PLACEMENT_3D('',#9118,#9119,#9120);
#9118 = CARTESIAN_POINT('',(190.,0.,4.440892098501E-15));
#9119 = DIRECTION('',(1.,0.,1.110223024625E-16));
#9120 = DIRECTION('',(1.110223024625E-16,0.,-1.));
#9121 = DEFINITIONAL_REPRESENTATION('',(#9122),#9126);
#9122 = CIRCLE('',#9123,5.);
#9123 = AXIS2_PLACEMENT_2D('',#9124,#9125);
#9124 = CARTESIAN_POINT('',(0.,0.));
#9125 = DIRECTION('',(1.,0.));
#9126 = ( GEOMETRIC_REPRESENTATION_CONTEXT(2) 
PARAMETRIC_REPRESENTATION_CONTEXT() REPRESENTATION_CONTEXT('2D SPACE',''
  ) );
#9127 = ORIENTED_EDGE('',*,*,#9078,.F.);
#9128 = ORIENTED_EDGE('',*,*,#6868,.T.);
#9129 = ADVANCED_FACE('',(#9130),#7090,.T.);
#9130 = FACE_BOUND('',#9131,.T.);
#9131 = EDGE_LOOP('',(#9132,#9153,#9154,#9175,#9176));
#9132 = ORIENTED_EDGE('',*,*,#9133,.T.);
#9133 = EDGE_CURVE('',#7106,#7285,#9134,.T.);
#9134 = SURFACE_CURVE('',#9135,(#9139,#9146),.PCURVE_S1.);
#9135 = LINE('',#9136,#9137);
#9136 = CARTESIAN_POINT('',(116.123046875,-0.36376953125,17.5));
#9137 = VECTOR('',#9138,1.);
#9138 = DIRECTION('',(0.,0.,1.));
#9139 = PCURVE('',#7090,#9140);
#9140 = DEFINITIONAL_REPRESENTATION('',(#9141),#9145);
#9141 = LINE('',#9142,#9143);
#9142 = CARTESIAN_POINT('',(0.,0.));
#9143 = VECTOR('',#9144,1.);
#9144 = DIRECTION('',(0.,-1.));
#9145 = ( GEOMETRIC_REPRESENTATION_CONTEXT(2) 
PARAMETRIC_REPRESENTATION_CONTEXT() REPRESENTATION_CONTEXT('2D SPACE',''
  ) );
#9146 = PCURVE('',#7166,#9147);
#9147 = DEFINITIONAL_REPRESENTATION('',(#9148),#9152);
#9148 = LINE('',#9149,#9150);
#9149 = CARTESIAN_POINT('',(2.241955469334,0.));
#9150 = VECTOR('',#9151,1.);
#9151 = DIRECTION('',(0.,-1.));
#9152 = ( GEOMETRIC_REPRESENTATION_CONTEXT(2) 
PARAMETRIC_REPRESENTATION_CONTEXT() REPRESENTATION_CONTEXT('2D SPACE',''
  ) );
#9153 = ORIENTED_EDGE('',*,*,#7307,.T.);
#9154 = ORIENTED_EDGE('',*,*,#9155,.F.);
#9155 = EDGE_CURVE('',#7049,#7308,#9156,.T.);
#9156 = SURFACE_CURVE('',#9157,(#9161,#9168),.PCURVE_S1.);
#9157 = LINE('',#9158,#9159);
#9158 = CARTESIAN_POINT('',(118.5498046875,-0.36376953125,17.5));
#9159 = VECTOR('',#9160,1.);
#9160 = DIRECTION('',(0.,0.,1.));
#9161 = PCURVE('',#7090,#9162);
#9162 = DEFINITIONAL_REPRESENTATION('',(#9163),#9167);
#9163 = LINE('',#9164,#9165);
#9164 = CARTESIAN_POINT('',(2.4267578125,0.));
#9165 = VECTOR('',#9166,1.);
#9166 = DIRECTION('',(0.,-1.));
#9167 = ( GEOMETRIC_REPRESENTATION_CONTEXT(2) 
PARAMETRIC_REPRESENTATION_CONTEXT() REPRESENTATION_CONTEXT('2D SPACE',''
  ) );
#9168 = PCURVE('',#7064,#9169);
#9169 = DEFINITIONAL_REPRESENTATION('',(#9170),#9174);
#9170 = LINE('',#9171,#9172);
#9171 = CARTESIAN_POINT('',(0.,0.));
#9172 = VECTOR('',#9173,1.);
#9173 = DIRECTION('',(0.,-1.));
#9174 = ( GEOMETRIC_REPRESENTATION_CONTEXT(2) 
PARAMETRIC_REPRESENTATION_CONTEXT() REPRESENTATION_CONTEXT('2D SPACE',''
  ) );
#9175 = ORIENTED_EDGE('',*,*,#7076,.F.);
#9176 = ORIENTED_EDGE('',*,*,#7105,.F.);
#9177 = ADVANCED_FACE('',(#9178),#7064,.T.);
#9178 = FACE_BOUND('',#9179,.T.);
#9179 = EDGE_LOOP('',(#9180,#9181,#9182,#9203));
#9180 = ORIENTED_EDGE('',*,*,#9155,.T.);
#9181 = ORIENTED_EDGE('',*,*,#7330,.T.);
#9182 = ORIENTED_EDGE('',*,*,#9183,.F.);
#9183 = EDGE_CURVE('',#7019,#7331,#9184,.T.);
#9184 = SURFACE_CURVE('',#9185,(#9189,#9196),.PCURVE_S1.);
#9185 = LINE('',#9186,#9187);
#9186 = CARTESIAN_POINT('',(117.802734375,1.61865234375,17.5));
#9187 = VECTOR('',#9188,1.);
#9188 = DIRECTION('',(0.,0.,1.));
#9189 = PCURVE('',#7064,#9190);
#9190 = DEFINITIONAL_REPRESENTATION('',(#9191),#9195);
#9191 = LINE('',#9192,#9193);
#9192 = CARTESIAN_POINT('',(2.118516118017,0.));
#9193 = VECTOR('',#9194,1.);
#9194 = DIRECTION('',(0.,-1.));
#9195 = ( GEOMETRIC_REPRESENTATION_CONTEXT(2) 
PARAMETRIC_REPRESENTATION_CONTEXT() REPRESENTATION_CONTEXT('2D SPACE',''
  ) );
#9196 = PCURVE('',#7034,#9197);
#9197 = DEFINITIONAL_REPRESENTATION('',(#9198),#9202);
#9198 = LINE('',#9199,#9200);
#9199 = CARTESIAN_POINT('',(0.,0.));
#9200 = VECTOR('',#9201,1.);
#9201 = DIRECTION('',(0.,-1.));
#9202 = ( GEOMETRIC_REPRESENTATION_CONTEXT(2) 
PARAMETRIC_REPRESENTATION_CONTEXT() REPRESENTATION_CONTEXT('2D SPACE',''
  ) );
#9203 = ORIENTED_EDGE('',*,*,#7048,.F.);
#9204 = ADVANCED_FACE('',(#9205),#7034,.T.);
#9205 = FACE_BOUND('',#9206,.T.);
#9206 = EDGE_LOOP('',(#9207,#9208,#9209,#9230));
#9207 = ORIENTED_EDGE('',*,*,#9183,.T.);
#9208 = ORIENTED_EDGE('',*,*,#7353,.T.);
#9209 = ORIENTED_EDGE('',*,*,#9210,.F.);
#9210 = EDGE_CURVE('',#6989,#7354,#9211,.T.);
#9211 = SURFACE_CURVE('',#9212,(#9216,#9223),.PCURVE_S1.);
#9212 = LINE('',#9213,#9214);
#9213 = CARTESIAN_POINT('',(117.294921875,3.10302734375,17.5));
#9214 = VECTOR('',#9215,1.);
#9215 = DIRECTION('',(0.,0.,1.));
#9216 = PCURVE('',#7034,#9217);
#9217 = DEFINITIONAL_REPRESENTATION('',(#9218),#9222);
#9218 = LINE('',#9219,#9220);
#9219 = CARTESIAN_POINT('',(1.,0.));
#9220 = VECTOR('',#9221,1.);
#9221 = DIRECTION('',(0.,-1.));
#9222 = ( GEOMETRIC_REPRESENTATION_CONTEXT(2) 
PARAMETRIC_REPRESENTATION_CONTEXT() REPRESENTATION_CONTEXT('2D SPACE',''
  ) );
#9223 = PCURVE('',#7004,#9224);
#9224 = DEFINITIONAL_REPRESENTATION('',(#9225),#9229);
#9225 = LINE('',#9226,#9227);
#9226 = CARTESIAN_POINT('',(0.,0.));
#9227 = VECTOR('',#9228,1.);
#9228 = DIRECTION('',(0.,-1.));
#9229 = ( GEOMETRIC_REPRESENTATION_CONTEXT(2) 
PARAMETRIC_REPRESENTATION_CONTEXT() REPRESENTATION_CONTEXT('2D SPACE',''
  ) );
#9230 = ORIENTED_EDGE('',*,*,#7018,.F.);
#9231 = ADVANCED_FACE('',(#9232),#7004,.T.);
#9232 = FACE_BOUND('',#9233,.T.);
#9233 = EDGE_LOOP('',(#9234,#9235,#9236,#9257,#9258));
#9234 = ORIENTED_EDGE('',*,*,#9210,.T.);
#9235 = ORIENTED_EDGE('',*,*,#7376,.T.);
#9236 = ORIENTED_EDGE('',*,*,#9237,.F.);
#9237 = EDGE_CURVE('',#7130,#7283,#9238,.T.);
#9238 = SURFACE_CURVE('',#9239,(#9243,#9250),.PCURVE_S1.);
#9239 = LINE('',#9240,#9241);
#9240 = CARTESIAN_POINT('',(116.9091796875,1.73583984375,17.5));
#9241 = VECTOR('',#9242,1.);
#9242 = DIRECTION('',(0.,0.,1.));
#9243 = PCURVE('',#7004,#9244);
#9244 = DEFINITIONAL_REPRESENTATION('',(#9245),#9249);
#9245 = LINE('',#9246,#9247);
#9246 = CARTESIAN_POINT('',(1.,0.));
#9247 = VECTOR('',#9248,1.);
#9248 = DIRECTION('',(0.,-1.));
#9249 = ( GEOMETRIC_REPRESENTATION_CONTEXT(2) 
PARAMETRIC_REPRESENTATION_CONTEXT() REPRESENTATION_CONTEXT('2D SPACE',''
  ) );
#9250 = PCURVE('',#7166,#9251);
#9251 = DEFINITIONAL_REPRESENTATION('',(#9252),#9256);
#9252 = LINE('',#9253,#9254);
#9253 = CARTESIAN_POINT('',(0.,0.));
#9254 = VECTOR('',#9255,1.);
#9255 = DIRECTION('',(0.,-1.));
#9256 = ( GEOMETRIC_REPRESENTATION_CONTEXT(2) 
PARAMETRIC_REPRESENTATION_CONTEXT() REPRESENTATION_CONTEXT('2D SPACE',''
  ) );
#9257 = ORIENTED_EDGE('',*,*,#7129,.F.);
#9258 = ORIENTED_EDGE('',*,*,#6988,.F.);
#9259 = ADVANCED_FACE('',(#9260),#6953,.T.);
#9260 = FACE_BOUND('',#9261,.T.);
#9261 = EDGE_LOOP('',(#9262,#9263,#9264,#9265));
#9262 = ORIENTED_EDGE('',*,*,#7205,.T.);
#9263 = ORIENTED_EDGE('',*,*,#7234,.T.);
#9264 = ORIENTED_EDGE('',*,*,#7400,.F.);
#9265 = ORIENTED_EDGE('',*,*,#6937,.F.);
#9266 = ADVANCED_FACE('',(#9267),#7166,.T.);
#9267 = FACE_BOUND('',#9268,.T.);
#9268 = EDGE_LOOP('',(#9269,#9270,#9271,#9272));
#9269 = ORIENTED_EDGE('',*,*,#9237,.T.);
#9270 = ORIENTED_EDGE('',*,*,#7282,.T.);
#9271 = ORIENTED_EDGE('',*,*,#9133,.F.);
#9272 = ORIENTED_EDGE('',*,*,#7152,.F.);
#9273 = ADVANCED_FACE('',(#9274),#7450,.T.);
#9274 = FACE_BOUND('',#9275,.T.);
#9275 = EDGE_LOOP('',(#9276,#9299,#9300,#9323));
#9276 = ORIENTED_EDGE('',*,*,#9277,.F.);
#9277 = EDGE_CURVE('',#7434,#9278,#9280,.T.);
#9278 = VERTEX_POINT('',#9279);
#9279 = CARTESIAN_POINT('',(-89.90731940496,-7.5,17.622734619661));
#9280 = SURFACE_CURVE('',#9281,(#9285,#9292),.PCURVE_S1.);
#9281 = LINE('',#9282,#9283);
#9282 = CARTESIAN_POINT('',(-90.1687866332,-7.5,14.634150525386));
#9283 = VECTOR('',#9284,1.);
#9284 = DIRECTION('',(8.715574274766E-02,0.,0.996194698092));
#9285 = PCURVE('',#7450,#9286);
#9286 = DEFINITIONAL_REPRESENTATION('',(#9287),#9291);
#9287 = LINE('',#9288,#9289);
#9288 = CARTESIAN_POINT('',(0.,0.));
#9289 = VECTOR('',#9290,1.);
#9290 = DIRECTION('',(1.,0.));
#9291 = ( GEOMETRIC_REPRESENTATION_CONTEXT(2) 
PARAMETRIC_REPRESENTATION_CONTEXT() REPRESENTATION_CONTEXT('2D SPACE',''
  ) );
#9292 = PCURVE('',#7476,#9293);
#9293 = DEFINITIONAL_REPRESENTATION('',(#9294),#9298);
#9294 = LINE('',#9295,#9296);
#9295 = CARTESIAN_POINT('',(2.22044604925E-16,20.));
#9296 = VECTOR('',#9297,1.);
#9297 = DIRECTION('',(1.,0.));
#9298 = ( GEOMETRIC_REPRESENTATION_CONTEXT(2) 
PARAMETRIC_REPRESENTATION_CONTEXT() REPRESENTATION_CONTEXT('2D SPACE',''
  ) );
#9299 = ORIENTED_EDGE('',*,*,#7433,.T.);
#9300 = ORIENTED_EDGE('',*,*,#9301,.T.);
#9301 = EDGE_CURVE('',#7436,#9302,#9304,.T.);
#9302 = VERTEX_POINT('',#9303);
#9303 = CARTESIAN_POINT('',(-89.90731940496,7.5,17.622734619661));
#9304 = SURFACE_CURVE('',#9305,(#9309,#9316),.PCURVE_S1.);
#9305 = LINE('',#9306,#9307);
#9306 = CARTESIAN_POINT('',(-90.1687866332,7.5,14.634150525386));
#9307 = VECTOR('',#9308,1.);
#9308 = DIRECTION('',(8.715574274766E-02,0.,0.996194698092));
#9309 = PCURVE('',#7450,#9310);
#9310 = DEFINITIONAL_REPRESENTATION('',(#9311),#9315);
#9311 = LINE('',#9312,#9313);
#9312 = CARTESIAN_POINT('',(0.,-15.));
#9313 = VECTOR('',#9314,1.);
#9314 = DIRECTION('',(1.,0.));
#9315 = ( GEOMETRIC_REPRESENTATION_CONTEXT(2) 
PARAMETRIC_REPRESENTATION_CONTEXT() REPRESENTATION_CONTEXT('2D SPACE',''
  ) );
#9316 = PCURVE('',#7526,#9317);
#9317 = DEFINITIONAL_REPRESENTATION('',(#9318),#9322);
#9318 = LINE('',#9319,#9320);
#9319 = CARTESIAN_POINT('',(2.22044604925E-16,20.));
#9320 = VECTOR('',#9321,1.);
#9321 = DIRECTION('',(1.,0.));
#9322 = ( GEOMETRIC_REPRESENTATION_CONTEXT(2) 
PARAMETRIC_REPRESENTATION_CONTEXT() REPRESENTATION_CONTEXT('2D SPACE',''
  ) );
#9323 = ORIENTED_EDGE('',*,*,#9324,.F.);
#9324 = EDGE_CURVE('',#9278,#9302,#9325,.T.);
#9325 = SURFACE_CURVE('',#9326,(#9330,#9337),.PCURVE_S1.);
#9326 = LINE('',#9327,#9328);
#9327 = CARTESIAN_POINT('',(-89.90731940496,-7.5,17.622734619661));
#9328 = VECTOR('',#9329,1.);
#9329 = DIRECTION('',(0.,1.,0.));
#9330 = PCURVE('',#7450,#9331);
#9331 = DEFINITIONAL_REPRESENTATION('',(#9332),#9336);
#9332 = LINE('',#9333,#9334);
#9333 = CARTESIAN_POINT('',(3.,0.));
#9334 = VECTOR('',#9335,1.);
#9335 = DIRECTION('',(0.,-1.));
#9336 = ( GEOMETRIC_REPRESENTATION_CONTEXT(2) 
PARAMETRIC_REPRESENTATION_CONTEXT() REPRESENTATION_CONTEXT('2D SPACE',''
  ) );
#9337 = PCURVE('',#9338,#9343);
#9338 = PLANE('',#9339);
#9339 = AXIS2_PLACEMENT_3D('',#9340,#9341,#9342);
#9340 = CARTESIAN_POINT('',(-109.8312133667,-7.5,19.365849474614));
#9341 = DIRECTION('',(8.715574274766E-02,0.,0.996194698092));
#9342 = DIRECTION('',(0.996194698092,0.,-8.715574274766E-02));
#9343 = DEFINITIONAL_REPRESENTATION('',(#9344),#9348);
#9344 = LINE('',#9345,#9346);
#9345 = CARTESIAN_POINT('',(20.,0.));
#9346 = VECTOR('',#9347,1.);
#9347 = DIRECTION('',(0.,1.));
#9348 = ( GEOMETRIC_REPRESENTATION_CONTEXT(2) 
PARAMETRIC_REPRESENTATION_CONTEXT() REPRESENTATION_CONTEXT('2D SPACE',''
  ) );
#9349 = ADVANCED_FACE('',(#9350),#7526,.T.);
#9350 = FACE_BOUND('',#9351,.T.);
#9351 = EDGE_LOOP('',(#9352,#9375,#9403,#9424,#9425));
#9352 = ORIENTED_EDGE('',*,*,#9353,.F.);
#9353 = EDGE_CURVE('',#9354,#7488,#9356,.T.);
#9354 = VERTEX_POINT('',#9355);
#9355 = CARTESIAN_POINT('',(-110.092680595,7.5,16.377265380339));
#9356 = SURFACE_CURVE('',#9357,(#9361,#9368),.PCURVE_S1.);
#9357 = LINE('',#9358,#9359);
#9358 = CARTESIAN_POINT('',(-110.092680595,7.5,16.377265380339));
#9359 = VECTOR('',#9360,1.);
#9360 = DIRECTION('',(0.996194698092,0.,-8.715574274766E-02));
#9361 = PCURVE('',#7526,#9362);
#9362 = DEFINITIONAL_REPRESENTATION('',(#9363),#9367);
#9363 = LINE('',#9364,#9365);
#9364 = CARTESIAN_POINT('',(0.,0.));
#9365 = VECTOR('',#9366,1.);
#9366 = DIRECTION('',(0.,1.));
#9367 = ( GEOMETRIC_REPRESENTATION_CONTEXT(2) 
PARAMETRIC_REPRESENTATION_CONTEXT() REPRESENTATION_CONTEXT('2D SPACE',''
  ) );
#9368 = PCURVE('',#7502,#9369);
#9369 = DEFINITIONAL_REPRESENTATION('',(#9370),#9374);
#9370 = LINE('',#9371,#9372);
#9371 = CARTESIAN_POINT('',(0.,15.));
#9372 = VECTOR('',#9373,1.);
#9373 = DIRECTION('',(1.,0.));
#9374 = ( GEOMETRIC_REPRESENTATION_CONTEXT(2) 
PARAMETRIC_REPRESENTATION_CONTEXT() REPRESENTATION_CONTEXT('2D SPACE',''
  ) );
#9375 = ORIENTED_EDGE('',*,*,#9376,.T.);
#9376 = EDGE_CURVE('',#9354,#9377,#9379,.T.);
#9377 = VERTEX_POINT('',#9378);
#9378 = CARTESIAN_POINT('',(-109.8312133667,7.5,19.365849474614));
#9379 = SURFACE_CURVE('',#9380,(#9384,#9391),.PCURVE_S1.);
#9380 = LINE('',#9381,#9382);
#9381 = CARTESIAN_POINT('',(-110.092680595,7.5,16.377265380339));
#9382 = VECTOR('',#9383,1.);
#9383 = DIRECTION('',(8.715574274766E-02,0.,0.996194698092));
#9384 = PCURVE('',#7526,#9385);
#9385 = DEFINITIONAL_REPRESENTATION('',(#9386),#9390);
#9386 = LINE('',#9387,#9388);
#9387 = CARTESIAN_POINT('',(0.,0.));
#9388 = VECTOR('',#9389,1.);
#9389 = DIRECTION('',(1.,0.));
#9390 = ( GEOMETRIC_REPRESENTATION_CONTEXT(2) 
PARAMETRIC_REPRESENTATION_CONTEXT() REPRESENTATION_CONTEXT('2D SPACE',''
  ) );
#9391 = PCURVE('',#9392,#9397);
#9392 = PLANE('',#9393);
#9393 = AXIS2_PLACEMENT_3D('',#9394,#9395,#9396);
#9394 = CARTESIAN_POINT('',(-110.092680595,-7.5,16.377265380339));
#9395 = DIRECTION('',(0.996194698092,0.,-8.715574274766E-02));
#9396 = DIRECTION('',(8.715574274766E-02,0.,0.996194698092));
#9397 = DEFINITIONAL_REPRESENTATION('',(#9398),#9402);
#9398 = LINE('',#9399,#9400);
#9399 = CARTESIAN_POINT('',(0.,-15.));
#9400 = VECTOR('',#9401,1.);
#9401 = DIRECTION('',(1.,0.));
#9402 = ( GEOMETRIC_REPRESENTATION_CONTEXT(2) 
PARAMETRIC_REPRESENTATION_CONTEXT() REPRESENTATION_CONTEXT('2D SPACE',''
  ) );
#9403 = ORIENTED_EDGE('',*,*,#9404,.T.);
#9404 = EDGE_CURVE('',#9377,#9302,#9405,.T.);
#9405 = SURFACE_CURVE('',#9406,(#9410,#9417),.PCURVE_S1.);
#9406 = LINE('',#9407,#9408);
#9407 = CARTESIAN_POINT('',(-109.8312133667,7.5,19.365849474614));
#9408 = VECTOR('',#9409,1.);
#9409 = DIRECTION('',(0.996194698092,0.,-8.715574274766E-02));
#9410 = PCURVE('',#7526,#9411);
#9411 = DEFINITIONAL_REPRESENTATION('',(#9412),#9416);
#9412 = LINE('',#9413,#9414);
#9413 = CARTESIAN_POINT('',(3.,3.219646771413E-15));
#9414 = VECTOR('',#9415,1.);
#9415 = DIRECTION('',(0.,1.));
#9416 = ( GEOMETRIC_REPRESENTATION_CONTEXT(2) 
PARAMETRIC_REPRESENTATION_CONTEXT() REPRESENTATION_CONTEXT('2D SPACE',''
  ) );
#9417 = PCURVE('',#9338,#9418);
#9418 = DEFINITIONAL_REPRESENTATION('',(#9419),#9423);
#9419 = LINE('',#9420,#9421);
#9420 = CARTESIAN_POINT('',(0.,15.));
#9421 = VECTOR('',#9422,1.);
#9422 = DIRECTION('',(1.,0.));
#9423 = ( GEOMETRIC_REPRESENTATION_CONTEXT(2) 
PARAMETRIC_REPRESENTATION_CONTEXT() REPRESENTATION_CONTEXT('2D SPACE',''
  ) );
#9424 = ORIENTED_EDGE('',*,*,#9301,.F.);
#9425 = ORIENTED_EDGE('',*,*,#7513,.T.);
#9426 = ADVANCED_FACE('',(#9427),#7502,.F.);
#9427 = FACE_BOUND('',#9428,.F.);
#9428 = EDGE_LOOP('',(#9429,#9430,#9453,#9474));
#9429 = ORIENTED_EDGE('',*,*,#9353,.F.);
#9430 = ORIENTED_EDGE('',*,*,#9431,.F.);
#9431 = EDGE_CURVE('',#9432,#9354,#9434,.T.);
#9432 = VERTEX_POINT('',#9433);
#9433 = CARTESIAN_POINT('',(-110.092680595,-7.5,16.377265380339));
#9434 = SURFACE_CURVE('',#9435,(#9439,#9446),.PCURVE_S1.);
#9435 = LINE('',#9436,#9437);
#9436 = CARTESIAN_POINT('',(-110.092680595,-7.5,16.377265380339));
#9437 = VECTOR('',#9438,1.);
#9438 = DIRECTION('',(0.,1.,0.));
#9439 = PCURVE('',#7502,#9440);
#9440 = DEFINITIONAL_REPRESENTATION('',(#9441),#9445);
#9441 = LINE('',#9442,#9443);
#9442 = CARTESIAN_POINT('',(0.,0.));
#9443 = VECTOR('',#9444,1.);
#9444 = DIRECTION('',(0.,1.));
#9445 = ( GEOMETRIC_REPRESENTATION_CONTEXT(2) 
PARAMETRIC_REPRESENTATION_CONTEXT() REPRESENTATION_CONTEXT('2D SPACE',''
  ) );
#9446 = PCURVE('',#9392,#9447);
#9447 = DEFINITIONAL_REPRESENTATION('',(#9448),#9452);
#9448 = LINE('',#9449,#9450);
#9449 = CARTESIAN_POINT('',(0.,0.));
#9450 = VECTOR('',#9451,1.);
#9451 = DIRECTION('',(0.,-1.));
#9452 = ( GEOMETRIC_REPRESENTATION_CONTEXT(2) 
PARAMETRIC_REPRESENTATION_CONTEXT() REPRESENTATION_CONTEXT('2D SPACE',''
  ) );
#9453 = ORIENTED_EDGE('',*,*,#9454,.T.);
#9454 = EDGE_CURVE('',#9432,#7462,#9455,.T.);
#9455 = SURFACE_CURVE('',#9456,(#9460,#9467),.PCURVE_S1.);
#9456 = LINE('',#9457,#9458);
#9457 = CARTESIAN_POINT('',(-110.092680595,-7.5,16.377265380339));
#9458 = VECTOR('',#9459,1.);
#9459 = DIRECTION('',(0.996194698092,0.,-8.715574274766E-02));
#9460 = PCURVE('',#7502,#9461);
#9461 = DEFINITIONAL_REPRESENTATION('',(#9462),#9466);
#9462 = LINE('',#9463,#9464);
#9463 = CARTESIAN_POINT('',(0.,0.));
#9464 = VECTOR('',#9465,1.);
#9465 = DIRECTION('',(1.,0.));
#9466 = ( GEOMETRIC_REPRESENTATION_CONTEXT(2) 
PARAMETRIC_REPRESENTATION_CONTEXT() REPRESENTATION_CONTEXT('2D SPACE',''
  ) );
#9467 = PCURVE('',#7476,#9468);
#9468 = DEFINITIONAL_REPRESENTATION('',(#9469),#9473);
#9469 = LINE('',#9470,#9471);
#9470 = CARTESIAN_POINT('',(0.,0.));
#9471 = VECTOR('',#9472,1.);
#9472 = DIRECTION('',(0.,1.));
#9473 = ( GEOMETRIC_REPRESENTATION_CONTEXT(2) 
PARAMETRIC_REPRESENTATION_CONTEXT() REPRESENTATION_CONTEXT('2D SPACE',''
  ) );
#9474 = ORIENTED_EDGE('',*,*,#7487,.T.);
#9475 = ADVANCED_FACE('',(#9476),#7476,.F.);
#9476 = FACE_BOUND('',#9477,.F.);
#9477 = EDGE_LOOP('',(#9478,#9479,#9502,#9523,#9524));
#9478 = ORIENTED_EDGE('',*,*,#9454,.F.);
#9479 = ORIENTED_EDGE('',*,*,#9480,.T.);
#9480 = EDGE_CURVE('',#9432,#9481,#9483,.T.);
#9481 = VERTEX_POINT('',#9482);
#9482 = CARTESIAN_POINT('',(-109.8312133667,-7.5,19.365849474614));
#9483 = SURFACE_CURVE('',#9484,(#9488,#9495),.PCURVE_S1.);
#9484 = LINE('',#9485,#9486);
#9485 = CARTESIAN_POINT('',(-110.092680595,-7.5,16.377265380339));
#9486 = VECTOR('',#9487,1.);
#9487 = DIRECTION('',(8.715574274766E-02,0.,0.996194698092));
#9488 = PCURVE('',#7476,#9489);
#9489 = DEFINITIONAL_REPRESENTATION('',(#9490),#9494);
#9490 = LINE('',#9491,#9492);
#9491 = CARTESIAN_POINT('',(0.,0.));
#9492 = VECTOR('',#9493,1.);
#9493 = DIRECTION('',(1.,0.));
#9494 = ( GEOMETRIC_REPRESENTATION_CONTEXT(2) 
PARAMETRIC_REPRESENTATION_CONTEXT() REPRESENTATION_CONTEXT('2D SPACE',''
  ) );
#9495 = PCURVE('',#9392,#9496);
#9496 = DEFINITIONAL_REPRESENTATION('',(#9497),#9501);
#9497 = LINE('',#9498,#9499);
#9498 = CARTESIAN_POINT('',(0.,0.));
#9499 = VECTOR('',#9500,1.);
#9500 = DIRECTION('',(1.,0.));
#9501 = ( GEOMETRIC_REPRESENTATION_CONTEXT(2) 
PARAMETRIC_REPRESENTATION_CONTEXT() REPRESENTATION_CONTEXT('2D SPACE',''
  ) );
#9502 = ORIENTED_EDGE('',*,*,#9503,.T.);
#9503 = EDGE_CURVE('',#9481,#9278,#9504,.T.);
#9504 = SURFACE_CURVE('',#9505,(#9509,#9516),.PCURVE_S1.);
#9505 = LINE('',#9506,#9507);
#9506 = CARTESIAN_POINT('',(-109.8312133667,-7.5,19.365849474614));
#9507 = VECTOR('',#9508,1.);
#9508 = DIRECTION('',(0.996194698092,0.,-8.715574274766E-02));
#9509 = PCURVE('',#7476,#9510);
#9510 = DEFINITIONAL_REPRESENTATION('',(#9511),#9515);
#9511 = LINE('',#9512,#9513);
#9512 = CARTESIAN_POINT('',(3.,3.219646771413E-15));
#9513 = VECTOR('',#9514,1.);
#9514 = DIRECTION('',(0.,1.));
#9515 = ( GEOMETRIC_REPRESENTATION_CONTEXT(2) 
PARAMETRIC_REPRESENTATION_CONTEXT() REPRESENTATION_CONTEXT('2D SPACE',''
  ) );
#9516 = PCURVE('',#9338,#9517);
#9517 = DEFINITIONAL_REPRESENTATION('',(#9518),#9522);
#9518 = LINE('',#9519,#9520);
#9519 = CARTESIAN_POINT('',(0.,0.));
#9520 = VECTOR('',#9521,1.);
#9521 = DIRECTION('',(1.,0.));
#9522 = ( GEOMETRIC_REPRESENTATION_CONTEXT(2) 
PARAMETRIC_REPRESENTATION_CONTEXT() REPRESENTATION_CONTEXT('2D SPACE',''
  ) );
#9523 = ORIENTED_EDGE('',*,*,#9277,.F.);
#9524 = ORIENTED_EDGE('',*,*,#7461,.T.);
#9525 = ADVANCED_FACE('',(#9526),#7560,.F.);
#9526 = FACE_BOUND('',#9527,.F.);
#9527 = EDGE_LOOP('',(#9528,#9551,#9578,#9579));
#9528 = ORIENTED_EDGE('',*,*,#9529,.T.);
#9529 = EDGE_CURVE('',#7544,#9530,#9532,.T.);
#9530 = VERTEX_POINT('',#9531);
#9531 = CARTESIAN_POINT('',(-57.6,-9.5,-14.5));
#9532 = SEAM_CURVE('',#9533,(#9537,#9544),.PCURVE_S1.);
#9533 = LINE('',#9534,#9535);
#9534 = CARTESIAN_POINT('',(-57.6,-9.5,5.5));
#9535 = VECTOR('',#9536,1.);
#9536 = DIRECTION('',(-0.,-0.,-1.));
#9537 = PCURVE('',#7560,#9538);
#9538 = DEFINITIONAL_REPRESENTATION('',(#9539),#9543);
#9539 = LINE('',#9540,#9541);
#9540 = CARTESIAN_POINT('',(0.,0.));
#9541 = VECTOR('',#9542,1.);
#9542 = DIRECTION('',(0.,-1.));
#9543 = ( GEOMETRIC_REPRESENTATION_CONTEXT(2) 
PARAMETRIC_REPRESENTATION_CONTEXT() REPRESENTATION_CONTEXT('2D SPACE',''
  ) );
#9544 = PCURVE('',#7560,#9545);
#9545 = DEFINITIONAL_REPRESENTATION('',(#9546),#9550);
#9546 = LINE('',#9547,#9548);
#9547 = CARTESIAN_POINT('',(6.28318530718,0.));
#9548 = VECTOR('',#9549,1.);
#9549 = DIRECTION('',(0.,-1.));
#9550 = ( GEOMETRIC_REPRESENTATION_CONTEXT(2) 
PARAMETRIC_REPRESENTATION_CONTEXT() REPRESENTATION_CONTEXT('2D SPACE',''
  ) );
#9551 = ORIENTED_EDGE('',*,*,#9552,.T.);
#9552 = EDGE_CURVE('',#9530,#9530,#9553,.T.);
#9553 = SURFACE_CURVE('',#9554,(#9559,#9566),.PCURVE_S1.);
#9554 = CIRCLE('',#9555,2.4);
#9555 = AXIS2_PLACEMENT_3D('',#9556,#9557,#9558);
#9556 = CARTESIAN_POINT('',(-60.,-9.5,-14.5));
#9557 = DIRECTION('',(0.,0.,1.));
#9558 = DIRECTION('',(1.,0.,0.));
#9559 = PCURVE('',#7560,#9560);
#9560 = DEFINITIONAL_REPRESENTATION('',(#9561),#9565);
#9561 = LINE('',#9562,#9563);
#9562 = CARTESIAN_POINT('',(0.,-20.));
#9563 = VECTOR('',#9564,1.);
#9564 = DIRECTION('',(1.,0.));
#9565 = ( GEOMETRIC_REPRESENTATION_CONTEXT(2) 
PARAMETRIC_REPRESENTATION_CONTEXT() REPRESENTATION_CONTEXT('2D SPACE',''
  ) );
#9566 = PCURVE('',#9567,#9572);
#9567 = PLANE('',#9568);
#9568 = AXIS2_PLACEMENT_3D('',#9569,#9570,#9571);
#9569 = CARTESIAN_POINT('',(-60.,9.5,-14.5));
#9570 = DIRECTION('',(0.,0.,1.));
#9571 = DIRECTION('',(1.,0.,-0.));
#9572 = DEFINITIONAL_REPRESENTATION('',(#9573),#9577);
#9573 = CIRCLE('',#9574,2.4);
#9574 = AXIS2_PLACEMENT_2D('',#9575,#9576);
#9575 = CARTESIAN_POINT('',(0.,-19.));
#9576 = DIRECTION('',(1.,0.));
#9577 = ( GEOMETRIC_REPRESENTATION_CONTEXT(2) 
PARAMETRIC_REPRESENTATION_CONTEXT() REPRESENTATION_CONTEXT('2D SPACE',''
  ) );
#9578 = ORIENTED_EDGE('',*,*,#9529,.F.);
#9579 = ORIENTED_EDGE('',*,*,#7543,.F.);
#9580 = ADVANCED_FACE('',(#9581),#7591,.F.);
#9581 = FACE_BOUND('',#9582,.F.);
#9582 = EDGE_LOOP('',(#9583,#9606,#9633,#9634));
#9583 = ORIENTED_EDGE('',*,*,#9584,.T.);
#9584 = EDGE_CURVE('',#7575,#9585,#9587,.T.);
#9585 = VERTEX_POINT('',#9586);
#9586 = CARTESIAN_POINT('',(-57.6,9.5,-14.5));
#9587 = SEAM_CURVE('',#9588,(#9592,#9599),.PCURVE_S1.);
#9588 = LINE('',#9589,#9590);
#9589 = CARTESIAN_POINT('',(-57.6,9.5,5.5));
#9590 = VECTOR('',#9591,1.);
#9591 = DIRECTION('',(-0.,-0.,-1.));
#9592 = PCURVE('',#7591,#9593);
#9593 = DEFINITIONAL_REPRESENTATION('',(#9594),#9598);
#9594 = LINE('',#9595,#9596);
#9595 = CARTESIAN_POINT('',(0.,0.));
#9596 = VECTOR('',#9597,1.);
#9597 = DIRECTION('',(0.,-1.));
#9598 = ( GEOMETRIC_REPRESENTATION_CONTEXT(2) 
PARAMETRIC_REPRESENTATION_CONTEXT() REPRESENTATION_CONTEXT('2D SPACE',''
  ) );
#9599 = PCURVE('',#7591,#9600);
#9600 = DEFINITIONAL_REPRESENTATION('',(#9601),#9605);
#9601 = LINE('',#9602,#9603);
#9602 = CARTESIAN_POINT('',(6.28318530718,0.));
#9603 = VECTOR('',#9604,1.);
#9604 = DIRECTION('',(0.,-1.));
#9605 = ( GEOMETRIC_REPRESENTATION_CONTEXT(2) 
PARAMETRIC_REPRESENTATION_CONTEXT() REPRESENTATION_CONTEXT('2D SPACE',''
  ) );
#9606 = ORIENTED_EDGE('',*,*,#9607,.T.);
#9607 = EDGE_CURVE('',#9585,#9585,#9608,.T.);
#9608 = SURFACE_CURVE('',#9609,(#9614,#9621),.PCURVE_S1.);
#9609 = CIRCLE('',#9610,2.4);
#9610 = AXIS2_PLACEMENT_3D('',#9611,#9612,#9613);
#9611 = CARTESIAN_POINT('',(-60.,9.5,-14.5));
#9612 = DIRECTION('',(0.,0.,1.));
#9613 = DIRECTION('',(1.,0.,0.));
#9614 = PCURVE('',#7591,#9615);
#9615 = DEFINITIONAL_REPRESENTATION('',(#9616),#9620);
#9616 = LINE('',#9617,#9618);
#9617 = CARTESIAN_POINT('',(0.,-20.));
#9618 = VECTOR('',#9619,1.);
#9619 = DIRECTION('',(1.,0.));
#9620 = ( GEOMETRIC_REPRESENTATION_CONTEXT(2) 
PARAMETRIC_REPRESENTATION_CONTEXT() REPRESENTATION_CONTEXT('2D SPACE',''
  ) );
#9621 = PCURVE('',#9622,#9627);
#9622 = PLANE('',#9623);
#9623 = AXIS2_PLACEMENT_3D('',#9624,#9625,#9626);
#9624 = CARTESIAN_POINT('',(-60.,9.5,-14.5));
#9625 = DIRECTION('',(0.,0.,1.));
#9626 = DIRECTION('',(1.,0.,-0.));
#9627 = DEFINITIONAL_REPRESENTATION('',(#9628),#9632);
#9628 = CIRCLE('',#9629,2.4);
#9629 = AXIS2_PLACEMENT_2D('',#9630,#9631);
#9630 = CARTESIAN_POINT('',(0.,-1.7763568394E-15));
#9631 = DIRECTION('',(1.,0.));
#9632 = ( GEOMETRIC_REPRESENTATION_CONTEXT(2) 
PARAMETRIC_REPRESENTATION_CONTEXT() REPRESENTATION_CONTEXT('2D SPACE',''
  ) );
#9633 = ORIENTED_EDGE('',*,*,#9584,.F.);
#9634 = ORIENTED_EDGE('',*,*,#7574,.F.);
#9635 = ADVANCED_FACE('',(#9636),#7626,.F.);
#9636 = FACE_BOUND('',#9637,.F.);
#9637 = EDGE_LOOP('',(#9638,#9661,#9688,#9689));
#9638 = ORIENTED_EDGE('',*,*,#9639,.T.);
#9639 = EDGE_CURVE('',#7610,#9640,#9642,.T.);
#9640 = VERTEX_POINT('',#9641);
#9641 = CARTESIAN_POINT('',(2.4,-9.5,-14.5));
#9642 = SEAM_CURVE('',#9643,(#9647,#9654),.PCURVE_S1.);
#9643 = LINE('',#9644,#9645);
#9644 = CARTESIAN_POINT('',(2.4,-9.5,5.5));
#9645 = VECTOR('',#9646,1.);
#9646 = DIRECTION('',(-0.,-0.,-1.));
#9647 = PCURVE('',#7626,#9648);
#9648 = DEFINITIONAL_REPRESENTATION('',(#9649),#9653);
#9649 = LINE('',#9650,#9651);
#9650 = CARTESIAN_POINT('',(0.,0.));
#9651 = VECTOR('',#9652,1.);
#9652 = DIRECTION('',(0.,-1.));
#9653 = ( GEOMETRIC_REPRESENTATION_CONTEXT(2) 
PARAMETRIC_REPRESENTATION_CONTEXT() REPRESENTATION_CONTEXT('2D SPACE',''
  ) );
#9654 = PCURVE('',#7626,#9655);
#9655 = DEFINITIONAL_REPRESENTATION('',(#9656),#9660);
#9656 = LINE('',#9657,#9658);
#9657 = CARTESIAN_POINT('',(6.28318530718,0.));
#9658 = VECTOR('',#9659,1.);
#9659 = DIRECTION('',(0.,-1.));
#9660 = ( GEOMETRIC_REPRESENTATION_CONTEXT(2) 
PARAMETRIC_REPRESENTATION_CONTEXT() REPRESENTATION_CONTEXT('2D SPACE',''
  ) );
#9661 = ORIENTED_EDGE('',*,*,#9662,.T.);
#9662 = EDGE_CURVE('',#9640,#9640,#9663,.T.);
#9663 = SURFACE_CURVE('',#9664,(#9669,#9676),.PCURVE_S1.);
#9664 = CIRCLE('',#9665,2.4);
#9665 = AXIS2_PLACEMENT_3D('',#9666,#9667,#9668);
#9666 = CARTESIAN_POINT('',(0.,-9.5,-14.5));
#9667 = DIRECTION('',(0.,0.,1.));
#9668 = DIRECTION('',(1.,0.,0.));
#9669 = PCURVE('',#7626,#9670);
#9670 = DEFINITIONAL_REPRESENTATION('',(#9671),#9675);
#9671 = LINE('',#9672,#9673);
#9672 = CARTESIAN_POINT('',(0.,-20.));
#9673 = VECTOR('',#9674,1.);
#9674 = DIRECTION('',(1.,0.));
#9675 = ( GEOMETRIC_REPRESENTATION_CONTEXT(2) 
PARAMETRIC_REPRESENTATION_CONTEXT() REPRESENTATION_CONTEXT('2D SPACE',''
  ) );
#9676 = PCURVE('',#9677,#9682);
#9677 = PLANE('',#9678);
#9678 = AXIS2_PLACEMENT_3D('',#9679,#9680,#9681);
#9679 = CARTESIAN_POINT('',(-7.122084023643E-17,9.5,-14.5));
#9680 = DIRECTION('',(0.,0.,1.));
#9681 = DIRECTION('',(1.,0.,-0.));
#9682 = DEFINITIONAL_REPRESENTATION('',(#9683),#9687);
#9683 = CIRCLE('',#9684,2.4);
#9684 = AXIS2_PLACEMENT_2D('',#9685,#9686);
#9685 = CARTESIAN_POINT('',(7.122084023643E-17,-19.));
#9686 = DIRECTION('',(1.,0.));
#9687 = ( GEOMETRIC_REPRESENTATION_CONTEXT(2) 
PARAMETRIC_REPRESENTATION_CONTEXT() REPRESENTATION_CONTEXT('2D SPACE',''
  ) );
#9688 = ORIENTED_EDGE('',*,*,#9639,.F.);
#9689 = ORIENTED_EDGE('',*,*,#7609,.F.);
#9690 = ADVANCED_FACE('',(#9691),#7657,.F.);
#9691 = FACE_BOUND('',#9692,.F.);
#9692 = EDGE_LOOP('',(#9693,#9716,#9743,#9744));
#9693 = ORIENTED_EDGE('',*,*,#9694,.T.);
#9694 = EDGE_CURVE('',#7641,#9695,#9697,.T.);
#9695 = VERTEX_POINT('',#9696);
#9696 = CARTESIAN_POINT('',(2.4,9.5,-14.5));
#9697 = SEAM_CURVE('',#9698,(#9702,#9709),.PCURVE_S1.);
#9698 = LINE('',#9699,#9700);
#9699 = CARTESIAN_POINT('',(2.4,9.5,5.5));
#9700 = VECTOR('',#9701,1.);
#9701 = DIRECTION('',(-0.,-0.,-1.));
#9702 = PCURVE('',#7657,#9703);
#9703 = DEFINITIONAL_REPRESENTATION('',(#9704),#9708);
#9704 = LINE('',#9705,#9706);
#9705 = CARTESIAN_POINT('',(0.,0.));
#9706 = VECTOR('',#9707,1.);
#9707 = DIRECTION('',(0.,-1.));
#9708 = ( GEOMETRIC_REPRESENTATION_CONTEXT(2) 
PARAMETRIC_REPRESENTATION_CONTEXT() REPRESENTATION_CONTEXT('2D SPACE',''
  ) );
#9709 = PCURVE('',#7657,#9710);
#9710 = DEFINITIONAL_REPRESENTATION('',(#9711),#9715);
#9711 = LINE('',#9712,#9713);
#9712 = CARTESIAN_POINT('',(6.28318530718,0.));
#9713 = VECTOR('',#9714,1.);
#9714 = DIRECTION('',(0.,-1.));
#9715 = ( GEOMETRIC_REPRESENTATION_CONTEXT(2) 
PARAMETRIC_REPRESENTATION_CONTEXT() REPRESENTATION_CONTEXT('2D SPACE',''
  ) );
#9716 = ORIENTED_EDGE('',*,*,#9717,.T.);
#9717 = EDGE_CURVE('',#9695,#9695,#9718,.T.);
#9718 = SURFACE_CURVE('',#9719,(#9724,#9731),.PCURVE_S1.);
#9719 = CIRCLE('',#9720,2.4);
#9720 = AXIS2_PLACEMENT_3D('',#9721,#9722,#9723);
#9721 = CARTESIAN_POINT('',(0.,9.5,-14.5));
#9722 = DIRECTION('',(0.,0.,1.));
#9723 = DIRECTION('',(1.,0.,0.));
#9724 = PCURVE('',#7657,#9725);
#9725 = DEFINITIONAL_REPRESENTATION('',(#9726),#9730);
#9726 = LINE('',#9727,#9728);
#9727 = CARTESIAN_POINT('',(0.,-20.));
#9728 = VECTOR('',#9729,1.);
#9729 = DIRECTION('',(1.,0.));
#9730 = ( GEOMETRIC_REPRESENTATION_CONTEXT(2) 
PARAMETRIC_REPRESENTATION_CONTEXT() REPRESENTATION_CONTEXT('2D SPACE',''
  ) );
#9731 = PCURVE('',#9732,#9737);
#9732 = PLANE('',#9733);
#9733 = AXIS2_PLACEMENT_3D('',#9734,#9735,#9736);
#9734 = CARTESIAN_POINT('',(-7.122084023643E-17,9.5,-14.5));
#9735 = DIRECTION('',(0.,0.,1.));
#9736 = DIRECTION('',(1.,0.,-0.));
#9737 = DEFINITIONAL_REPRESENTATION('',(#9738),#9742);
#9738 = CIRCLE('',#9739,2.4);
#9739 = AXIS2_PLACEMENT_2D('',#9740,#9741);
#9740 = CARTESIAN_POINT('',(7.122084023643E-17,-1.7763568394E-15));
#9741 = DIRECTION('',(1.,0.));
#9742 = ( GEOMETRIC_REPRESENTATION_CONTEXT(2) 
PARAMETRIC_REPRESENTATION_CONTEXT() REPRESENTATION_CONTEXT('2D SPACE',''
  ) );
#9743 = ORIENTED_EDGE('',*,*,#9694,.F.);
#9744 = ORIENTED_EDGE('',*,*,#7640,.F.);
#9745 = ADVANCED_FACE('',(#9746),#7712,.T.);
#9746 = FACE_BOUND('',#9747,.T.);
#9747 = EDGE_LOOP('',(#9748,#9749,#9750,#9751));
#9748 = ORIENTED_EDGE('',*,*,#7696,.T.);
#9749 = ORIENTED_EDGE('',*,*,#7952,.T.);
#9750 = ORIENTED_EDGE('',*,*,#8220,.F.);
#9751 = ORIENTED_EDGE('',*,*,#7773,.F.);
#9752 = ADVANCED_FACE('',(#9753),#7901,.T.);
#9753 = FACE_BOUND('',#9754,.T.);
#9754 = EDGE_LOOP('',(#9755,#9776,#9777,#9798,#9799));
#9755 = ORIENTED_EDGE('',*,*,#9756,.T.);
#9756 = EDGE_CURVE('',#8365,#8144,#9757,.T.);
#9757 = SURFACE_CURVE('',#9758,(#9762,#9769),.PCURVE_S1.);
#9758 = LINE('',#9759,#9760);
#9759 = CARTESIAN_POINT('',(80.3955078125,3.16650390625,17.5));
#9760 = VECTOR('',#9761,1.);
#9761 = DIRECTION('',(0.,0.,1.));
#9762 = PCURVE('',#7901,#9763);
#9763 = DEFINITIONAL_REPRESENTATION('',(#9764),#9768);
#9764 = LINE('',#9765,#9766);
#9765 = CARTESIAN_POINT('',(0.,0.));
#9766 = VECTOR('',#9767,1.);
#9767 = DIRECTION('',(0.,-1.));
#9768 = ( GEOMETRIC_REPRESENTATION_CONTEXT(2) 
PARAMETRIC_REPRESENTATION_CONTEXT() REPRESENTATION_CONTEXT('2D SPACE',''
  ) );
#9769 = PCURVE('',#8159,#9770);
#9770 = DEFINITIONAL_REPRESENTATION('',(#9771),#9775);
#9771 = LINE('',#9772,#9773);
#9772 = CARTESIAN_POINT('',(1.,0.));
#9773 = VECTOR('',#9774,1.);
#9774 = DIRECTION('',(0.,-1.));
#9775 = ( GEOMETRIC_REPRESENTATION_CONTEXT(2) 
PARAMETRIC_REPRESENTATION_CONTEXT() REPRESENTATION_CONTEXT('2D SPACE',''
  ) );
#9776 = ORIENTED_EDGE('',*,*,#8173,.T.);
#9777 = ORIENTED_EDGE('',*,*,#9778,.F.);
#9778 = EDGE_CURVE('',#7858,#8174,#9779,.T.);
#9779 = SURFACE_CURVE('',#9780,(#9784,#9791),.PCURVE_S1.);
#9780 = LINE('',#9781,#9782);
#9781 = CARTESIAN_POINT('',(78.66455078125,2.4755859375,17.5));
#9782 = VECTOR('',#9783,1.);
#9783 = DIRECTION('',(0.,0.,1.));
#9784 = PCURVE('',#7901,#9785);
#9785 = DEFINITIONAL_REPRESENTATION('',(#9786),#9790);
#9786 = LINE('',#9787,#9788);
#9787 = CARTESIAN_POINT('',(1.,0.));
#9788 = VECTOR('',#9789,1.);
#9789 = DIRECTION('',(0.,-1.));
#9790 = ( GEOMETRIC_REPRESENTATION_CONTEXT(2) 
PARAMETRIC_REPRESENTATION_CONTEXT() REPRESENTATION_CONTEXT('2D SPACE',''
  ) );
#9791 = PCURVE('',#7873,#9792);
#9792 = DEFINITIONAL_REPRESENTATION('',(#9793),#9797);
#9793 = LINE('',#9794,#9795);
#9794 = CARTESIAN_POINT('',(0.,0.));
#9795 = VECTOR('',#9796,1.);
#9796 = DIRECTION('',(0.,-1.));
#9797 = ( GEOMETRIC_REPRESENTATION_CONTEXT(2) 
PARAMETRIC_REPRESENTATION_CONTEXT() REPRESENTATION_CONTEXT('2D SPACE',''
  ) );
#9798 = ORIENTED_EDGE('',*,*,#7887,.F.);
#9799 = ORIENTED_EDGE('',*,*,#8387,.F.);
#9800 = ADVANCED_FACE('',(#9801),#7873,.T.);
#9801 = FACE_BOUND('',#9802,.T.);
#9802 = EDGE_LOOP('',(#9803,#9804,#9805,#9826));
#9803 = ORIENTED_EDGE('',*,*,#9778,.T.);
#9804 = ORIENTED_EDGE('',*,*,#8196,.T.);
#9805 = ORIENTED_EDGE('',*,*,#9806,.F.);
#9806 = EDGE_CURVE('',#7828,#7976,#9807,.T.);
#9807 = SURFACE_CURVE('',#9808,(#9812,#9819),.PCURVE_S1.);
#9808 = LINE('',#9809,#9810);
#9809 = CARTESIAN_POINT('',(77.939453125,0.16845703125,17.5));
#9810 = VECTOR('',#9811,1.);
#9811 = DIRECTION('',(0.,0.,1.));
#9812 = PCURVE('',#7873,#9813);
#9813 = DEFINITIONAL_REPRESENTATION('',(#9814),#9818);
#9814 = LINE('',#9815,#9816);
#9815 = CARTESIAN_POINT('',(1.,0.));
#9816 = VECTOR('',#9817,1.);
#9817 = DIRECTION('',(0.,-1.));
#9818 = ( GEOMETRIC_REPRESENTATION_CONTEXT(2) 
PARAMETRIC_REPRESENTATION_CONTEXT() REPRESENTATION_CONTEXT('2D SPACE',''
  ) );
#9819 = PCURVE('',#7843,#9820);
#9820 = DEFINITIONAL_REPRESENTATION('',(#9821),#9825);
#9821 = LINE('',#9822,#9823);
#9822 = CARTESIAN_POINT('',(0.,0.));
#9823 = VECTOR('',#9824,1.);
#9824 = DIRECTION('',(0.,-1.));
#9825 = ( GEOMETRIC_REPRESENTATION_CONTEXT(2) 
PARAMETRIC_REPRESENTATION_CONTEXT() REPRESENTATION_CONTEXT('2D SPACE',''
  ) );
#9826 = ORIENTED_EDGE('',*,*,#7857,.F.);
#9827 = ADVANCED_FACE('',(#9828),#7843,.T.);
#9828 = FACE_BOUND('',#9829,.T.);
#9829 = EDGE_LOOP('',(#9830,#9831,#9832,#9853));
#9830 = ORIENTED_EDGE('',*,*,#9806,.T.);
#9831 = ORIENTED_EDGE('',*,*,#7975,.T.);
#9832 = ORIENTED_EDGE('',*,*,#9833,.F.);
#9833 = EDGE_CURVE('',#7798,#7978,#9834,.T.);
#9834 = SURFACE_CURVE('',#9835,(#9839,#9846),.PCURVE_S1.);
#9835 = LINE('',#9836,#9837);
#9836 = CARTESIAN_POINT('',(78.63525390625,-1.8701171875,17.5));
#9837 = VECTOR('',#9838,1.);
#9838 = DIRECTION('',(0.,0.,1.));
#9839 = PCURVE('',#7843,#9840);
#9840 = DEFINITIONAL_REPRESENTATION('',(#9841),#9845);
#9841 = LINE('',#9842,#9843);
#9842 = CARTESIAN_POINT('',(1.,0.));
#9843 = VECTOR('',#9844,1.);
#9844 = DIRECTION('',(0.,-1.));
#9845 = ( GEOMETRIC_REPRESENTATION_CONTEXT(2) 
PARAMETRIC_REPRESENTATION_CONTEXT() REPRESENTATION_CONTEXT('2D SPACE',''
  ) );
#9846 = PCURVE('',#7813,#9847);
#9847 = DEFINITIONAL_REPRESENTATION('',(#9848),#9852);
#9848 = LINE('',#9849,#9850);
#9849 = CARTESIAN_POINT('',(0.,0.));
#9850 = VECTOR('',#9851,1.);
#9851 = DIRECTION('',(0.,-1.));
#9852 = ( GEOMETRIC_REPRESENTATION_CONTEXT(2) 
PARAMETRIC_REPRESENTATION_CONTEXT() REPRESENTATION_CONTEXT('2D SPACE',''
  ) );
#9853 = ORIENTED_EDGE('',*,*,#7827,.F.);
#9854 = ADVANCED_FACE('',(#9855),#7813,.T.);
#9855 = FACE_BOUND('',#9856,.T.);
#9856 = EDGE_LOOP('',(#9857,#9858,#9859,#9880,#9881));
#9857 = ORIENTED_EDGE('',*,*,#9833,.T.);
#9858 = ORIENTED_EDGE('',*,*,#8000,.T.);
#9859 = ORIENTED_EDGE('',*,*,#9860,.F.);
#9860 = EDGE_CURVE('',#8250,#8001,#9861,.T.);
#9861 = SURFACE_CURVE('',#9862,(#9866,#9873),.PCURVE_S1.);
#9862 = LINE('',#9863,#9864);
#9863 = CARTESIAN_POINT('',(80.380859375,-2.61474609375,17.5));
#9864 = VECTOR('',#9865,1.);
#9865 = DIRECTION('',(0.,0.,1.));
#9866 = PCURVE('',#7813,#9867);
#9867 = DEFINITIONAL_REPRESENTATION('',(#9868),#9872);
#9868 = LINE('',#9869,#9870);
#9869 = CARTESIAN_POINT('',(1.,0.));
#9870 = VECTOR('',#9871,1.);
#9871 = DIRECTION('',(0.,-1.));
#9872 = ( GEOMETRIC_REPRESENTATION_CONTEXT(2) 
PARAMETRIC_REPRESENTATION_CONTEXT() REPRESENTATION_CONTEXT('2D SPACE',''
  ) );
#9873 = PCURVE('',#8039,#9874);
#9874 = DEFINITIONAL_REPRESENTATION('',(#9875),#9879);
#9875 = LINE('',#9876,#9877);
#9876 = CARTESIAN_POINT('',(0.,0.));
#9877 = VECTOR('',#9878,1.);
#9878 = DIRECTION('',(0.,-1.));
#9879 = ( GEOMETRIC_REPRESENTATION_CONTEXT(2) 
PARAMETRIC_REPRESENTATION_CONTEXT() REPRESENTATION_CONTEXT('2D SPACE',''
  ) );
#9880 = ORIENTED_EDGE('',*,*,#8249,.F.);
#9881 = ORIENTED_EDGE('',*,*,#7797,.F.);
#9882 = ADVANCED_FACE('',(#9883),#8039,.T.);
#9883 = FACE_BOUND('',#9884,.T.);
#9884 = EDGE_LOOP('',(#9885,#9886,#9887,#9908));
#9885 = ORIENTED_EDGE('',*,*,#9860,.T.);
#9886 = ORIENTED_EDGE('',*,*,#8023,.T.);
#9887 = ORIENTED_EDGE('',*,*,#9888,.F.);
#9888 = EDGE_CURVE('',#8273,#8024,#9889,.T.);
#9889 = SURFACE_CURVE('',#9890,(#9894,#9901),.PCURVE_S1.);
#9890 = LINE('',#9891,#9892);
#9891 = CARTESIAN_POINT('',(82.14111328125,-1.86279296875,17.5));
#9892 = VECTOR('',#9893,1.);
#9893 = DIRECTION('',(0.,0.,1.));
#9894 = PCURVE('',#8039,#9895);
#9895 = DEFINITIONAL_REPRESENTATION('',(#9896),#9900);
#9896 = LINE('',#9897,#9898);
#9897 = CARTESIAN_POINT('',(1.,0.));
#9898 = VECTOR('',#9899,1.);
#9899 = DIRECTION('',(0.,-1.));
#9900 = ( GEOMETRIC_REPRESENTATION_CONTEXT(2) 
PARAMETRIC_REPRESENTATION_CONTEXT() REPRESENTATION_CONTEXT('2D SPACE',''
  ) );
#9901 = PCURVE('',#8069,#9902);
#9902 = DEFINITIONAL_REPRESENTATION('',(#9903),#9907);
#9903 = LINE('',#9904,#9905);
#9904 = CARTESIAN_POINT('',(0.,0.));
#9905 = VECTOR('',#9906,1.);
#9906 = DIRECTION('',(0.,-1.));
#9907 = ( GEOMETRIC_REPRESENTATION_CONTEXT(2) 
PARAMETRIC_REPRESENTATION_CONTEXT() REPRESENTATION_CONTEXT('2D SPACE',''
  ) );
#9908 = ORIENTED_EDGE('',*,*,#8272,.F.);
#9909 = ADVANCED_FACE('',(#9910),#8069,.T.);
#9910 = FACE_BOUND('',#9911,.T.);
#9911 = EDGE_LOOP('',(#9912,#9913,#9914,#9935));
#9912 = ORIENTED_EDGE('',*,*,#9888,.T.);
#9913 = ORIENTED_EDGE('',*,*,#8053,.T.);
#9914 = ORIENTED_EDGE('',*,*,#9915,.F.);
#9915 = EDGE_CURVE('',#8296,#8054,#9916,.T.);
#9916 = SURFACE_CURVE('',#9917,(#9921,#9928),.PCURVE_S1.);
#9917 = LINE('',#9918,#9919);
#9918 = CARTESIAN_POINT('',(82.83203125,0.27099609375,17.5));
#9919 = VECTOR('',#9920,1.);
#9920 = DIRECTION('',(0.,0.,1.));
#9921 = PCURVE('',#8069,#9922);
#9922 = DEFINITIONAL_REPRESENTATION('',(#9923),#9927);
#9923 = LINE('',#9924,#9925);
#9924 = CARTESIAN_POINT('',(1.,0.));
#9925 = VECTOR('',#9926,1.);
#9926 = DIRECTION('',(0.,-1.));
#9927 = ( GEOMETRIC_REPRESENTATION_CONTEXT(2) 
PARAMETRIC_REPRESENTATION_CONTEXT() REPRESENTATION_CONTEXT('2D SPACE',''
  ) );
#9928 = PCURVE('',#8099,#9929);
#9929 = DEFINITIONAL_REPRESENTATION('',(#9930),#9934);
#9930 = LINE('',#9931,#9932);
#9931 = CARTESIAN_POINT('',(0.,0.));
#9932 = VECTOR('',#9933,1.);
#9933 = DIRECTION('',(0.,-1.));
#9934 = ( GEOMETRIC_REPRESENTATION_CONTEXT(2) 
PARAMETRIC_REPRESENTATION_CONTEXT() REPRESENTATION_CONTEXT('2D SPACE',''
  ) );
#9935 = ORIENTED_EDGE('',*,*,#8295,.F.);
#9936 = ADVANCED_FACE('',(#9937),#8099,.T.);
#9937 = FACE_BOUND('',#9938,.T.);
#9938 = EDGE_LOOP('',(#9939,#9940,#9941,#9962));
#9939 = ORIENTED_EDGE('',*,*,#9915,.T.);
#9940 = ORIENTED_EDGE('',*,*,#8083,.T.);
#9941 = ORIENTED_EDGE('',*,*,#9942,.F.);
#9942 = EDGE_CURVE('',#8319,#8084,#9943,.T.);
#9943 = SURFACE_CURVE('',#9944,(#9948,#9955),.PCURVE_S1.);
#9944 = LINE('',#9945,#9946);
#9945 = CARTESIAN_POINT('',(82.53662109375,1.796875,17.5));
#9946 = VECTOR('',#9947,1.);
#9947 = DIRECTION('',(0.,0.,1.));
#9948 = PCURVE('',#8099,#9949);
#9949 = DEFINITIONAL_REPRESENTATION('',(#9950),#9954);
#9950 = LINE('',#9951,#9952);
#9951 = CARTESIAN_POINT('',(1.,0.));
#9952 = VECTOR('',#9953,1.);
#9953 = DIRECTION('',(0.,-1.));
#9954 = ( GEOMETRIC_REPRESENTATION_CONTEXT(2) 
PARAMETRIC_REPRESENTATION_CONTEXT() REPRESENTATION_CONTEXT('2D SPACE',''
  ) );
#9955 = PCURVE('',#8129,#9956);
#9956 = DEFINITIONAL_REPRESENTATION('',(#9957),#9961);
#9957 = LINE('',#9958,#9959);
#9958 = CARTESIAN_POINT('',(0.,0.));
#9959 = VECTOR('',#9960,1.);
#9960 = DIRECTION('',(0.,-1.));
#9961 = ( GEOMETRIC_REPRESENTATION_CONTEXT(2) 
PARAMETRIC_REPRESENTATION_CONTEXT() REPRESENTATION_CONTEXT('2D SPACE',''
  ) );
#9962 = ORIENTED_EDGE('',*,*,#8318,.F.);
#9963 = ADVANCED_FACE('',(#9964),#8129,.T.);
#9964 = FACE_BOUND('',#9965,.T.);
#9965 = EDGE_LOOP('',(#9966,#9967,#9968,#9989));
#9966 = ORIENTED_EDGE('',*,*,#9942,.T.);
#9967 = ORIENTED_EDGE('',*,*,#8113,.T.);
#9968 = ORIENTED_EDGE('',*,*,#9969,.F.);
#9969 = EDGE_CURVE('',#8342,#8114,#9970,.T.);
#9970 = SURFACE_CURVE('',#9971,(#9975,#9982),.PCURVE_S1.);
#9971 = LINE('',#9972,#9973);
#9972 = CARTESIAN_POINT('',(81.67236328125,2.8076171875,17.5));
#9973 = VECTOR('',#9974,1.);
#9974 = DIRECTION('',(0.,0.,1.));
#9975 = PCURVE('',#8129,#9976);
#9976 = DEFINITIONAL_REPRESENTATION('',(#9977),#9981);
#9977 = LINE('',#9978,#9979);
#9978 = CARTESIAN_POINT('',(1.,0.));
#9979 = VECTOR('',#9980,1.);
#9980 = DIRECTION('',(0.,-1.));
#9981 = ( GEOMETRIC_REPRESENTATION_CONTEXT(2) 
PARAMETRIC_REPRESENTATION_CONTEXT() REPRESENTATION_CONTEXT('2D SPACE',''
  ) );
#9982 = PCURVE('',#8159,#9983);
#9983 = DEFINITIONAL_REPRESENTATION('',(#9984),#9988);
#9984 = LINE('',#9985,#9986);
#9985 = CARTESIAN_POINT('',(0.,0.));
#9986 = VECTOR('',#9987,1.);
#9987 = DIRECTION('',(0.,-1.));
#9988 = ( GEOMETRIC_REPRESENTATION_CONTEXT(2) 
PARAMETRIC_REPRESENTATION_CONTEXT() REPRESENTATION_CONTEXT('2D SPACE',''
  ) );
#9989 = ORIENTED_EDGE('',*,*,#8341,.F.);
#9990 = ADVANCED_FACE('',(#9991),#8159,.T.);
#9991 = FACE_BOUND('',#9992,.T.);
#9992 = EDGE_LOOP('',(#9993,#9994,#9995,#9996));
#9993 = ORIENTED_EDGE('',*,*,#9969,.T.);
#9994 = ORIENTED_EDGE('',*,*,#8143,.T.);
#9995 = ORIENTED_EDGE('',*,*,#9756,.F.);
#9996 = ORIENTED_EDGE('',*,*,#8364,.F.);
#9997 = ADVANCED_FACE('',(#9998),#8431,.F.);
#9998 = FACE_BOUND('',#9999,.F.);
#9999 = EDGE_LOOP('',(#10000,#10023,#10050,#10051));
#10000 = ORIENTED_EDGE('',*,*,#10001,.T.);
#10001 = EDGE_CURVE('',#8415,#10002,#10004,.T.);
#10002 = VERTEX_POINT('',#10003);
#10003 = CARTESIAN_POINT('',(62.4,-9.5,-14.5));
#10004 = SEAM_CURVE('',#10005,(#10009,#10016),.PCURVE_S1.);
#10005 = LINE('',#10006,#10007);
#10006 = CARTESIAN_POINT('',(62.4,-9.5,5.5));
#10007 = VECTOR('',#10008,1.);
#10008 = DIRECTION('',(-0.,-0.,-1.));
#10009 = PCURVE('',#8431,#10010);
#10010 = DEFINITIONAL_REPRESENTATION('',(#10011),#10015);
#10011 = LINE('',#10012,#10013);
#10012 = CARTESIAN_POINT('',(0.,0.));
#10013 = VECTOR('',#10014,1.);
#10014 = DIRECTION('',(0.,-1.));
#10015 = ( GEOMETRIC_REPRESENTATION_CONTEXT(2) 
PARAMETRIC_REPRESENTATION_CONTEXT() REPRESENTATION_CONTEXT('2D SPACE',''
  ) );
#10016 = PCURVE('',#8431,#10017);
#10017 = DEFINITIONAL_REPRESENTATION('',(#10018),#10022);
#10018 = LINE('',#10019,#10020);
#10019 = CARTESIAN_POINT('',(6.28318530718,0.));
#10020 = VECTOR('',#10021,1.);
#10021 = DIRECTION('',(0.,-1.));
#10022 = ( GEOMETRIC_REPRESENTATION_CONTEXT(2) 
PARAMETRIC_REPRESENTATION_CONTEXT() REPRESENTATION_CONTEXT('2D SPACE',''
  ) );
#10023 = ORIENTED_EDGE('',*,*,#10024,.T.);
#10024 = EDGE_CURVE('',#10002,#10002,#10025,.T.);
#10025 = SURFACE_CURVE('',#10026,(#10031,#10038),.PCURVE_S1.);
#10026 = CIRCLE('',#10027,2.4);
#10027 = AXIS2_PLACEMENT_3D('',#10028,#10029,#10030);
#10028 = CARTESIAN_POINT('',(60.,-9.5,-14.5));
#10029 = DIRECTION('',(0.,0.,1.));
#10030 = DIRECTION('',(1.,0.,0.));
#10031 = PCURVE('',#8431,#10032);
#10032 = DEFINITIONAL_REPRESENTATION('',(#10033),#10037);
#10033 = LINE('',#10034,#10035);
#10034 = CARTESIAN_POINT('',(0.,-20.));
#10035 = VECTOR('',#10036,1.);
#10036 = DIRECTION('',(1.,0.));
#10037 = ( GEOMETRIC_REPRESENTATION_CONTEXT(2) 
PARAMETRIC_REPRESENTATION_CONTEXT() REPRESENTATION_CONTEXT('2D SPACE',''
  ) );
#10038 = PCURVE('',#10039,#10044);
#10039 = PLANE('',#10040);
#10040 = AXIS2_PLACEMENT_3D('',#10041,#10042,#10043);
#10041 = CARTESIAN_POINT('',(60.,9.5,-14.5));
#10042 = DIRECTION('',(0.,0.,1.));
#10043 = DIRECTION('',(1.,0.,-0.));
#10044 = DEFINITIONAL_REPRESENTATION('',(#10045),#10049);
#10045 = CIRCLE('',#10046,2.4);
#10046 = AXIS2_PLACEMENT_2D('',#10047,#10048);
#10047 = CARTESIAN_POINT('',(0.,-19.));
#10048 = DIRECTION('',(1.,0.));
#10049 = ( GEOMETRIC_REPRESENTATION_CONTEXT(2) 
PARAMETRIC_REPRESENTATION_CONTEXT() REPRESENTATION_CONTEXT('2D SPACE',''
  ) );
#10050 = ORIENTED_EDGE('',*,*,#10001,.F.);
#10051 = ORIENTED_EDGE('',*,*,#8414,.F.);
#10052 = ADVANCED_FACE('',(#10053),#8462,.F.);
#10053 = FACE_BOUND('',#10054,.F.);
#10054 = EDGE_LOOP('',(#10055,#10078,#10105,#10106));
#10055 = ORIENTED_EDGE('',*,*,#10056,.T.);
#10056 = EDGE_CURVE('',#8446,#10057,#10059,.T.);
#10057 = VERTEX_POINT('',#10058);
#10058 = CARTESIAN_POINT('',(62.4,9.5,-14.5));
#10059 = SEAM_CURVE('',#10060,(#10064,#10071),.PCURVE_S1.);
#10060 = LINE('',#10061,#10062);
#10061 = CARTESIAN_POINT('',(62.4,9.5,5.5));
#10062 = VECTOR('',#10063,1.);
#10063 = DIRECTION('',(-0.,-0.,-1.));
#10064 = PCURVE('',#8462,#10065);
#10065 = DEFINITIONAL_REPRESENTATION('',(#10066),#10070);
#10066 = LINE('',#10067,#10068);
#10067 = CARTESIAN_POINT('',(0.,0.));
#10068 = VECTOR('',#10069,1.);
#10069 = DIRECTION('',(0.,-1.));
#10070 = ( GEOMETRIC_REPRESENTATION_CONTEXT(2) 
PARAMETRIC_REPRESENTATION_CONTEXT() REPRESENTATION_CONTEXT('2D SPACE',''
  ) );
#10071 = PCURVE('',#8462,#10072);
#10072 = DEFINITIONAL_REPRESENTATION('',(#10073),#10077);
#10073 = LINE('',#10074,#10075);
#10074 = CARTESIAN_POINT('',(6.28318530718,0.));
#10075 = VECTOR('',#10076,1.);
#10076 = DIRECTION('',(0.,-1.));
#10077 = ( GEOMETRIC_REPRESENTATION_CONTEXT(2) 
PARAMETRIC_REPRESENTATION_CONTEXT() REPRESENTATION_CONTEXT('2D SPACE',''
  ) );
#10078 = ORIENTED_EDGE('',*,*,#10079,.T.);
#10079 = EDGE_CURVE('',#10057,#10057,#10080,.T.);
#10080 = SURFACE_CURVE('',#10081,(#10086,#10093),.PCURVE_S1.);
#10081 = CIRCLE('',#10082,2.4);
#10082 = AXIS2_PLACEMENT_3D('',#10083,#10084,#10085);
#10083 = CARTESIAN_POINT('',(60.,9.5,-14.5));
#10084 = DIRECTION('',(0.,0.,1.));
#10085 = DIRECTION('',(1.,0.,0.));
#10086 = PCURVE('',#8462,#10087);
#10087 = DEFINITIONAL_REPRESENTATION('',(#10088),#10092);
#10088 = LINE('',#10089,#10090);
#10089 = CARTESIAN_POINT('',(0.,-20.));
#10090 = VECTOR('',#10091,1.);
#10091 = DIRECTION('',(1.,0.));
#10092 = ( GEOMETRIC_REPRESENTATION_CONTEXT(2) 
PARAMETRIC_REPRESENTATION_CONTEXT() REPRESENTATION_CONTEXT('2D SPACE',''
  ) );
#10093 = PCURVE('',#10094,#10099);
#10094 = PLANE('',#10095);
#10095 = AXIS2_PLACEMENT_3D('',#10096,#10097,#10098);
#10096 = CARTESIAN_POINT('',(60.,9.5,-14.5));
#10097 = DIRECTION('',(0.,0.,1.));
#10098 = DIRECTION('',(1.,0.,-0.));
#10099 = DEFINITIONAL_REPRESENTATION('',(#10100),#10104);
#10100 = CIRCLE('',#10101,2.4);
#10101 = AXIS2_PLACEMENT_2D('',#10102,#10103);
#10102 = CARTESIAN_POINT('',(0.,-1.7763568394E-15));
#10103 = DIRECTION('',(1.,0.));
#10104 = ( GEOMETRIC_REPRESENTATION_CONTEXT(2) 
PARAMETRIC_REPRESENTATION_CONTEXT() REPRESENTATION_CONTEXT('2D SPACE',''
  ) );
#10105 = ORIENTED_EDGE('',*,*,#10056,.F.);
#10106 = ORIENTED_EDGE('',*,*,#8445,.F.);
#10107 = ADVANCED_FACE('',(#10108),#8508,.T.);
#10108 = FACE_BOUND('',#10109,.T.);
#10109 = EDGE_LOOP('',(#10110,#10133,#10134,#10157));
#10110 = ORIENTED_EDGE('',*,*,#10111,.T.);
#10111 = EDGE_CURVE('',#10112,#8491,#10114,.T.);
#10112 = VERTEX_POINT('',#10113);
#10113 = CARTESIAN_POINT('',(85.7177734375,0.16845703125,17.5));
#10114 = SURFACE_CURVE('',#10115,(#10119,#10126),.PCURVE_S1.);
#10115 = LINE('',#10116,#10117);
#10116 = CARTESIAN_POINT('',(85.7177734375,0.16845703125,17.5));
#10117 = VECTOR('',#10118,1.);
#10118 = DIRECTION('',(0.,0.,1.));
#10119 = PCURVE('',#8508,#10120);
#10120 = DEFINITIONAL_REPRESENTATION('',(#10121),#10125);
#10121 = LINE('',#10122,#10123);
#10122 = CARTESIAN_POINT('',(0.,0.));
#10123 = VECTOR('',#10124,1.);
#10124 = DIRECTION('',(0.,-1.));
#10125 = ( GEOMETRIC_REPRESENTATION_CONTEXT(2) 
PARAMETRIC_REPRESENTATION_CONTEXT() REPRESENTATION_CONTEXT('2D SPACE',''
  ) );
#10126 = PCURVE('',#8746,#10127);
#10127 = DEFINITIONAL_REPRESENTATION('',(#10128),#10132);
#10128 = LINE('',#10129,#10130);
#10129 = CARTESIAN_POINT('',(1.,0.));
#10130 = VECTOR('',#10131,1.);
#10131 = DIRECTION('',(0.,-1.));
#10132 = ( GEOMETRIC_REPRESENTATION_CONTEXT(2) 
PARAMETRIC_REPRESENTATION_CONTEXT() REPRESENTATION_CONTEXT('2D SPACE',''
  ) );
#10133 = ORIENTED_EDGE('',*,*,#8490,.T.);
#10134 = ORIENTED_EDGE('',*,*,#10135,.F.);
#10135 = EDGE_CURVE('',#10136,#8493,#10138,.T.);
#10136 = VERTEX_POINT('',#10137);
#10137 = CARTESIAN_POINT('',(86.41357421875,-1.8701171875,17.5));
#10138 = SURFACE_CURVE('',#10139,(#10143,#10150),.PCURVE_S1.);
#10139 = LINE('',#10140,#10141);
#10140 = CARTESIAN_POINT('',(86.41357421875,-1.8701171875,17.5));
#10141 = VECTOR('',#10142,1.);
#10142 = DIRECTION('',(0.,0.,1.));
#10143 = PCURVE('',#8508,#10144);
#10144 = DEFINITIONAL_REPRESENTATION('',(#10145),#10149);
#10145 = LINE('',#10146,#10147);
#10146 = CARTESIAN_POINT('',(1.,0.));
#10147 = VECTOR('',#10148,1.);
#10148 = DIRECTION('',(0.,-1.));
#10149 = ( GEOMETRIC_REPRESENTATION_CONTEXT(2) 
PARAMETRIC_REPRESENTATION_CONTEXT() REPRESENTATION_CONTEXT('2D SPACE',''
  ) );
#10150 = PCURVE('',#8538,#10151);
#10151 = DEFINITIONAL_REPRESENTATION('',(#10152),#10156);
#10152 = LINE('',#10153,#10154);
#10153 = CARTESIAN_POINT('',(0.,0.));
#10154 = VECTOR('',#10155,1.);
#10155 = DIRECTION('',(0.,-1.));
#10156 = ( GEOMETRIC_REPRESENTATION_CONTEXT(2) 
PARAMETRIC_REPRESENTATION_CONTEXT() REPRESENTATION_CONTEXT('2D SPACE',''
  ) );
#10157 = ORIENTED_EDGE('',*,*,#10158,.F.);
#10158 = EDGE_CURVE('',#10112,#10136,#10159,.T.);
#10159 = SURFACE_CURVE('',#10160,(#10164,#10171),.PCURVE_S1.);
#10160 = B_SPLINE_CURVE_WITH_KNOTS('',2,(#10161,#10162,#10163),
  .UNSPECIFIED.,.F.,.F.,(3,3),(0.,1.),.PIECEWISE_BEZIER_KNOTS.);
#10161 = CARTESIAN_POINT('',(85.7177734375,0.16845703125,17.5));
#10162 = CARTESIAN_POINT('',(85.7177734375,-1.12548828125,17.5));
#10163 = CARTESIAN_POINT('',(86.41357421875,-1.8701171875,17.5));
#10164 = PCURVE('',#8508,#10165);
#10165 = DEFINITIONAL_REPRESENTATION('',(#10166),#10170);
#10166 = LINE('',#10167,#10168);
#10167 = CARTESIAN_POINT('',(0.,0.));
#10168 = VECTOR('',#10169,1.);
#10169 = DIRECTION('',(1.,0.));
#10170 = ( GEOMETRIC_REPRESENTATION_CONTEXT(2) 
PARAMETRIC_REPRESENTATION_CONTEXT() REPRESENTATION_CONTEXT('2D SPACE',''
  ) );
#10171 = PCURVE('',#10172,#10177);
#10172 = PLANE('',#10173);
#10173 = AXIS2_PLACEMENT_3D('',#10174,#10175,#10176);
#10174 = CARTESIAN_POINT('',(-120.,-27.5,17.5));
#10175 = DIRECTION('',(0.,0.,1.));
#10176 = DIRECTION('',(1.,0.,0.));
#10177 = DEFINITIONAL_REPRESENTATION('',(#10178),#10182);
#10178 = B_SPLINE_CURVE_WITH_KNOTS('',2,(#10179,#10180,#10181),
  .UNSPECIFIED.,.F.,.F.,(3,3),(0.,1.),.PIECEWISE_BEZIER_KNOTS.);
#10179 = CARTESIAN_POINT('',(205.7177734375,27.66845703125));
#10180 = CARTESIAN_POINT('',(205.7177734375,26.37451171875));
#10181 = CARTESIAN_POINT('',(206.41357421875,25.6298828125));
#10182 = ( GEOMETRIC_REPRESENTATION_CONTEXT(2) 
PARAMETRIC_REPRESENTATION_CONTEXT() REPRESENTATION_CONTEXT('2D SPACE',''
  ) );
#10183 = ADVANCED_FACE('',(#10184),#8538,.T.);
#10184 = FACE_BOUND('',#10185,.T.);
#10185 = EDGE_LOOP('',(#10186,#10187,#10188,#10211));
#10186 = ORIENTED_EDGE('',*,*,#10135,.T.);
#10187 = ORIENTED_EDGE('',*,*,#8522,.T.);
#10188 = ORIENTED_EDGE('',*,*,#10189,.F.);
#10189 = EDGE_CURVE('',#10190,#8523,#10192,.T.);
#10190 = VERTEX_POINT('',#10191);
#10191 = CARTESIAN_POINT('',(88.1591796875,-2.61474609375,17.5));
#10192 = SURFACE_CURVE('',#10193,(#10197,#10204),.PCURVE_S1.);
#10193 = LINE('',#10194,#10195);
#10194 = CARTESIAN_POINT('',(88.1591796875,-2.61474609375,17.5));
#10195 = VECTOR('',#10196,1.);
#10196 = DIRECTION('',(0.,0.,1.));
#10197 = PCURVE('',#8538,#10198);
#10198 = DEFINITIONAL_REPRESENTATION('',(#10199),#10203);
#10199 = LINE('',#10200,#10201);
#10200 = CARTESIAN_POINT('',(1.,0.));
#10201 = VECTOR('',#10202,1.);
#10202 = DIRECTION('',(0.,-1.));
#10203 = ( GEOMETRIC_REPRESENTATION_CONTEXT(2) 
PARAMETRIC_REPRESENTATION_CONTEXT() REPRESENTATION_CONTEXT('2D SPACE',''
  ) );
#10204 = PCURVE('',#8568,#10205);
#10205 = DEFINITIONAL_REPRESENTATION('',(#10206),#10210);
#10206 = LINE('',#10207,#10208);
#10207 = CARTESIAN_POINT('',(0.,0.));
#10208 = VECTOR('',#10209,1.);
#10209 = DIRECTION('',(0.,-1.));
#10210 = ( GEOMETRIC_REPRESENTATION_CONTEXT(2) 
PARAMETRIC_REPRESENTATION_CONTEXT() REPRESENTATION_CONTEXT('2D SPACE',''
  ) );
#10211 = ORIENTED_EDGE('',*,*,#10212,.F.);
#10212 = EDGE_CURVE('',#10136,#10190,#10213,.T.);
#10213 = SURFACE_CURVE('',#10214,(#10218,#10225),.PCURVE_S1.);
#10214 = B_SPLINE_CURVE_WITH_KNOTS('',2,(#10215,#10216,#10217),
  .UNSPECIFIED.,.F.,.F.,(3,3),(0.,1.),.PIECEWISE_BEZIER_KNOTS.);
#10215 = CARTESIAN_POINT('',(86.41357421875,-1.8701171875,17.5));
#10216 = CARTESIAN_POINT('',(87.109375,-2.61474609375,17.5));
#10217 = CARTESIAN_POINT('',(88.1591796875,-2.61474609375,17.5));
#10218 = PCURVE('',#8538,#10219);
#10219 = DEFINITIONAL_REPRESENTATION('',(#10220),#10224);
#10220 = LINE('',#10221,#10222);
#10221 = CARTESIAN_POINT('',(0.,0.));
#10222 = VECTOR('',#10223,1.);
#10223 = DIRECTION('',(1.,0.));
#10224 = ( GEOMETRIC_REPRESENTATION_CONTEXT(2) 
PARAMETRIC_REPRESENTATION_CONTEXT() REPRESENTATION_CONTEXT('2D SPACE',''
  ) );
#10225 = PCURVE('',#10172,#10226);
#10226 = DEFINITIONAL_REPRESENTATION('',(#10227),#10231);
#10227 = B_SPLINE_CURVE_WITH_KNOTS('',2,(#10228,#10229,#10230),
  .UNSPECIFIED.,.F.,.F.,(3,3),(0.,1.),.PIECEWISE_BEZIER_KNOTS.);
#10228 = CARTESIAN_POINT('',(206.41357421875,25.6298828125));
#10229 = CARTESIAN_POINT('',(207.109375,24.88525390625));
#10230 = CARTESIAN_POINT('',(208.1591796875,24.88525390625));
#10231 = ( GEOMETRIC_REPRESENTATION_CONTEXT(2) 
PARAMETRIC_REPRESENTATION_CONTEXT() REPRESENTATION_CONTEXT('2D SPACE',''
  ) );
#10232 = ADVANCED_FACE('',(#10233),#8568,.T.);
#10233 = FACE_BOUND('',#10234,.T.);
#10234 = EDGE_LOOP('',(#10235,#10236,#10237,#10260));
#10235 = ORIENTED_EDGE('',*,*,#10189,.T.);
#10236 = ORIENTED_EDGE('',*,*,#8552,.T.);
#10237 = ORIENTED_EDGE('',*,*,#10238,.F.);
#10238 = EDGE_CURVE('',#10239,#8553,#10241,.T.);
#10239 = VERTEX_POINT('',#10240);
#10240 = CARTESIAN_POINT('',(89.91943359375,-1.86279296875,17.5));
#10241 = SURFACE_CURVE('',#10242,(#10246,#10253),.PCURVE_S1.);
#10242 = LINE('',#10243,#10244);
#10243 = CARTESIAN_POINT('',(89.91943359375,-1.86279296875,17.5));
#10244 = VECTOR('',#10245,1.);
#10245 = DIRECTION('',(0.,0.,1.));
#10246 = PCURVE('',#8568,#10247);
#10247 = DEFINITIONAL_REPRESENTATION('',(#10248),#10252);
#10248 = LINE('',#10249,#10250);
#10249 = CARTESIAN_POINT('',(1.,0.));
#10250 = VECTOR('',#10251,1.);
#10251 = DIRECTION('',(0.,-1.));
#10252 = ( GEOMETRIC_REPRESENTATION_CONTEXT(2) 
PARAMETRIC_REPRESENTATION_CONTEXT() REPRESENTATION_CONTEXT('2D SPACE',''
  ) );
#10253 = PCURVE('',#8598,#10254);
#10254 = DEFINITIONAL_REPRESENTATION('',(#10255),#10259);
#10255 = LINE('',#10256,#10257);
#10256 = CARTESIAN_POINT('',(0.,0.));
#10257 = VECTOR('',#10258,1.);
#10258 = DIRECTION('',(0.,-1.));
#10259 = ( GEOMETRIC_REPRESENTATION_CONTEXT(2) 
PARAMETRIC_REPRESENTATION_CONTEXT() REPRESENTATION_CONTEXT('2D SPACE',''
  ) );
#10260 = ORIENTED_EDGE('',*,*,#10261,.F.);
#10261 = EDGE_CURVE('',#10190,#10239,#10262,.T.);
#10262 = SURFACE_CURVE('',#10263,(#10267,#10274),.PCURVE_S1.);
#10263 = B_SPLINE_CURVE_WITH_KNOTS('',2,(#10264,#10265,#10266),
  .UNSPECIFIED.,.F.,.F.,(3,3),(0.,1.),.PIECEWISE_BEZIER_KNOTS.);
#10264 = CARTESIAN_POINT('',(88.1591796875,-2.61474609375,17.5));
#10265 = CARTESIAN_POINT('',(89.228515625,-2.61474609375,17.5));
#10266 = CARTESIAN_POINT('',(89.91943359375,-1.86279296875,17.5));
#10267 = PCURVE('',#8568,#10268);
#10268 = DEFINITIONAL_REPRESENTATION('',(#10269),#10273);
#10269 = LINE('',#10270,#10271);
#10270 = CARTESIAN_POINT('',(0.,0.));
#10271 = VECTOR('',#10272,1.);
#10272 = DIRECTION('',(1.,0.));
#10273 = ( GEOMETRIC_REPRESENTATION_CONTEXT(2) 
PARAMETRIC_REPRESENTATION_CONTEXT() REPRESENTATION_CONTEXT('2D SPACE',''
  ) );
#10274 = PCURVE('',#10172,#10275);
#10275 = DEFINITIONAL_REPRESENTATION('',(#10276),#10280);
#10276 = B_SPLINE_CURVE_WITH_KNOTS('',2,(#10277,#10278,#10279),
  .UNSPECIFIED.,.F.,.F.,(3,3),(0.,1.),.PIECEWISE_BEZIER_KNOTS.);
#10277 = CARTESIAN_POINT('',(208.1591796875,24.88525390625));
#10278 = CARTESIAN_POINT('',(209.228515625,24.88525390625));
#10279 = CARTESIAN_POINT('',(209.91943359375,25.63720703125));
#10280 = ( GEOMETRIC_REPRESENTATION_CONTEXT(2) 
PARAMETRIC_REPRESENTATION_CONTEXT() REPRESENTATION_CONTEXT('2D SPACE',''
  ) );
#10281 = ADVANCED_FACE('',(#10282),#8598,.T.);
#10282 = FACE_BOUND('',#10283,.T.);
#10283 = EDGE_LOOP('',(#10284,#10285,#10286,#10309));
#10284 = ORIENTED_EDGE('',*,*,#10238,.T.);
#10285 = ORIENTED_EDGE('',*,*,#8582,.T.);
#10286 = ORIENTED_EDGE('',*,*,#10287,.F.);
#10287 = EDGE_CURVE('',#10288,#8583,#10290,.T.);
#10288 = VERTEX_POINT('',#10289);
#10289 = CARTESIAN_POINT('',(90.6103515625,0.27099609375,17.5));
#10290 = SURFACE_CURVE('',#10291,(#10295,#10302),.PCURVE_S1.);
#10291 = LINE('',#10292,#10293);
#10292 = CARTESIAN_POINT('',(90.6103515625,0.27099609375,17.5));
#10293 = VECTOR('',#10294,1.);
#10294 = DIRECTION('',(0.,0.,1.));
#10295 = PCURVE('',#8598,#10296);
#10296 = DEFINITIONAL_REPRESENTATION('',(#10297),#10301);
#10297 = LINE('',#10298,#10299);
#10298 = CARTESIAN_POINT('',(1.,0.));
#10299 = VECTOR('',#10300,1.);
#10300 = DIRECTION('',(0.,-1.));
#10301 = ( GEOMETRIC_REPRESENTATION_CONTEXT(2) 
PARAMETRIC_REPRESENTATION_CONTEXT() REPRESENTATION_CONTEXT('2D SPACE',''
  ) );
#10302 = PCURVE('',#8628,#10303);
#10303 = DEFINITIONAL_REPRESENTATION('',(#10304),#10308);
#10304 = LINE('',#10305,#10306);
#10305 = CARTESIAN_POINT('',(0.,0.));
#10306 = VECTOR('',#10307,1.);
#10307 = DIRECTION('',(0.,-1.));
#10308 = ( GEOMETRIC_REPRESENTATION_CONTEXT(2) 
PARAMETRIC_REPRESENTATION_CONTEXT() REPRESENTATION_CONTEXT('2D SPACE',''
  ) );
#10309 = ORIENTED_EDGE('',*,*,#10310,.F.);
#10310 = EDGE_CURVE('',#10239,#10288,#10311,.T.);
#10311 = SURFACE_CURVE('',#10312,(#10316,#10323),.PCURVE_S1.);
#10312 = B_SPLINE_CURVE_WITH_KNOTS('',2,(#10313,#10314,#10315),
  .UNSPECIFIED.,.F.,.F.,(3,3),(0.,1.),.PIECEWISE_BEZIER_KNOTS.);
#10313 = CARTESIAN_POINT('',(89.91943359375,-1.86279296875,17.5));
#10314 = CARTESIAN_POINT('',(90.6103515625,-1.11083984375,17.5));
#10315 = CARTESIAN_POINT('',(90.6103515625,0.27099609375,17.5));
#10316 = PCURVE('',#8598,#10317);
#10317 = DEFINITIONAL_REPRESENTATION('',(#10318),#10322);
#10318 = LINE('',#10319,#10320);
#10319 = CARTESIAN_POINT('',(0.,0.));
#10320 = VECTOR('',#10321,1.);
#10321 = DIRECTION('',(1.,0.));
#10322 = ( GEOMETRIC_REPRESENTATION_CONTEXT(2) 
PARAMETRIC_REPRESENTATION_CONTEXT() REPRESENTATION_CONTEXT('2D SPACE',''
  ) );
#10323 = PCURVE('',#10172,#10324);
#10324 = DEFINITIONAL_REPRESENTATION('',(#10325),#10329);
#10325 = B_SPLINE_CURVE_WITH_KNOTS('',2,(#10326,#10327,#10328),
  .UNSPECIFIED.,.F.,.F.,(3,3),(0.,1.),.PIECEWISE_BEZIER_KNOTS.);
#10326 = CARTESIAN_POINT('',(209.91943359375,25.63720703125));
#10327 = CARTESIAN_POINT('',(210.6103515625,26.38916015625));
#10328 = CARTESIAN_POINT('',(210.6103515625,27.77099609375));
#10329 = ( GEOMETRIC_REPRESENTATION_CONTEXT(2) 
PARAMETRIC_REPRESENTATION_CONTEXT() REPRESENTATION_CONTEXT('2D SPACE',''
  ) );
#10330 = ADVANCED_FACE('',(#10331),#8628,.T.);
#10331 = FACE_BOUND('',#10332,.T.);
#10332 = EDGE_LOOP('',(#10333,#10334,#10335,#10358));
#10333 = ORIENTED_EDGE('',*,*,#10287,.T.);
#10334 = ORIENTED_EDGE('',*,*,#8612,.T.);
#10335 = ORIENTED_EDGE('',*,*,#10336,.F.);
#10336 = EDGE_CURVE('',#10337,#8613,#10339,.T.);
#10337 = VERTEX_POINT('',#10338);
#10338 = CARTESIAN_POINT('',(90.31494140625,1.796875,17.5));
#10339 = SURFACE_CURVE('',#10340,(#10344,#10351),.PCURVE_S1.);
#10340 = LINE('',#10341,#10342);
#10341 = CARTESIAN_POINT('',(90.31494140625,1.796875,17.5));
#10342 = VECTOR('',#10343,1.);
#10343 = DIRECTION('',(0.,0.,1.));
#10344 = PCURVE('',#8628,#10345);
#10345 = DEFINITIONAL_REPRESENTATION('',(#10346),#10350);
#10346 = LINE('',#10347,#10348);
#10347 = CARTESIAN_POINT('',(1.,0.));
#10348 = VECTOR('',#10349,1.);
#10349 = DIRECTION('',(0.,-1.));
#10350 = ( GEOMETRIC_REPRESENTATION_CONTEXT(2) 
PARAMETRIC_REPRESENTATION_CONTEXT() REPRESENTATION_CONTEXT('2D SPACE',''
  ) );
#10351 = PCURVE('',#8658,#10352);
#10352 = DEFINITIONAL_REPRESENTATION('',(#10353),#10357);
#10353 = LINE('',#10354,#10355);
#10354 = CARTESIAN_POINT('',(0.,0.));
#10355 = VECTOR('',#10356,1.);
#10356 = DIRECTION('',(0.,-1.));
#10357 = ( GEOMETRIC_REPRESENTATION_CONTEXT(2) 
PARAMETRIC_REPRESENTATION_CONTEXT() REPRESENTATION_CONTEXT('2D SPACE',''
  ) );
#10358 = ORIENTED_EDGE('',*,*,#10359,.F.);
#10359 = EDGE_CURVE('',#10288,#10337,#10360,.T.);
#10360 = SURFACE_CURVE('',#10361,(#10365,#10372),.PCURVE_S1.);
#10361 = B_SPLINE_CURVE_WITH_KNOTS('',2,(#10362,#10363,#10364),
  .UNSPECIFIED.,.F.,.F.,(3,3),(0.,1.),.PIECEWISE_BEZIER_KNOTS.);
#10362 = CARTESIAN_POINT('',(90.6103515625,0.27099609375,17.5));
#10363 = CARTESIAN_POINT('',(90.6103515625,1.14501953125,17.5));
#10364 = CARTESIAN_POINT('',(90.31494140625,1.796875,17.5));
#10365 = PCURVE('',#8628,#10366);
#10366 = DEFINITIONAL_REPRESENTATION('',(#10367),#10371);
#10367 = LINE('',#10368,#10369);
#10368 = CARTESIAN_POINT('',(0.,0.));
#10369 = VECTOR('',#10370,1.);
#10370 = DIRECTION('',(1.,0.));
#10371 = ( GEOMETRIC_REPRESENTATION_CONTEXT(2) 
PARAMETRIC_REPRESENTATION_CONTEXT() REPRESENTATION_CONTEXT('2D SPACE',''
  ) );
#10372 = PCURVE('',#10172,#10373);
#10373 = DEFINITIONAL_REPRESENTATION('',(#10374),#10378);
#10374 = B_SPLINE_CURVE_WITH_KNOTS('',2,(#10375,#10376,#10377),
  .UNSPECIFIED.,.F.,.F.,(3,3),(0.,1.),.PIECEWISE_BEZIER_KNOTS.);
#10375 = CARTESIAN_POINT('',(210.6103515625,27.77099609375));
#10376 = CARTESIAN_POINT('',(210.6103515625,28.64501953125));
#10377 = CARTESIAN_POINT('',(210.31494140625,29.296875));
#10378 = ( GEOMETRIC_REPRESENTATION_CONTEXT(2) 
PARAMETRIC_REPRESENTATION_CONTEXT() REPRESENTATION_CONTEXT('2D SPACE',''
  ) );
#10379 = ADVANCED_FACE('',(#10380),#8658,.T.);
#10380 = FACE_BOUND('',#10381,.T.);
#10381 = EDGE_LOOP('',(#10382,#10383,#10384,#10407));
#10382 = ORIENTED_EDGE('',*,*,#10336,.T.);
#10383 = ORIENTED_EDGE('',*,*,#8642,.T.);
#10384 = ORIENTED_EDGE('',*,*,#10385,.F.);
#10385 = EDGE_CURVE('',#10386,#8643,#10388,.T.);
#10386 = VERTEX_POINT('',#10387);
#10387 = CARTESIAN_POINT('',(89.45068359375,2.8076171875,17.5));
#10388 = SURFACE_CURVE('',#10389,(#10393,#10400),.PCURVE_S1.);
#10389 = LINE('',#10390,#10391);
#10390 = CARTESIAN_POINT('',(89.45068359375,2.8076171875,17.5));
#10391 = VECTOR('',#10392,1.);
#10392 = DIRECTION('',(0.,0.,1.));
#10393 = PCURVE('',#8658,#10394);
#10394 = DEFINITIONAL_REPRESENTATION('',(#10395),#10399);
#10395 = LINE('',#10396,#10397);
#10396 = CARTESIAN_POINT('',(1.,0.));
#10397 = VECTOR('',#10398,1.);
#10398 = DIRECTION('',(0.,-1.));
#10399 = ( GEOMETRIC_REPRESENTATION_CONTEXT(2) 
PARAMETRIC_REPRESENTATION_CONTEXT() REPRESENTATION_CONTEXT('2D SPACE',''
  ) );
#10400 = PCURVE('',#8688,#10401);
#10401 = DEFINITIONAL_REPRESENTATION('',(#10402),#10406);
#10402 = LINE('',#10403,#10404);
#10403 = CARTESIAN_POINT('',(0.,0.));
#10404 = VECTOR('',#10405,1.);
#10405 = DIRECTION('',(0.,-1.));
#10406 = ( GEOMETRIC_REPRESENTATION_CONTEXT(2) 
PARAMETRIC_REPRESENTATION_CONTEXT() REPRESENTATION_CONTEXT('2D SPACE',''
  ) );
#10407 = ORIENTED_EDGE('',*,*,#10408,.F.);
#10408 = EDGE_CURVE('',#10337,#10386,#10409,.T.);
#10409 = SURFACE_CURVE('',#10410,(#10414,#10421),.PCURVE_S1.);
#10410 = B_SPLINE_CURVE_WITH_KNOTS('',2,(#10411,#10412,#10413),
  .UNSPECIFIED.,.F.,.F.,(3,3),(0.,1.),.PIECEWISE_BEZIER_KNOTS.);
#10411 = CARTESIAN_POINT('',(90.31494140625,1.796875,17.5));
#10412 = CARTESIAN_POINT('',(90.01953125,2.44873046875,17.5));
#10413 = CARTESIAN_POINT('',(89.45068359375,2.8076171875,17.5));
#10414 = PCURVE('',#8658,#10415);
#10415 = DEFINITIONAL_REPRESENTATION('',(#10416),#10420);
#10416 = LINE('',#10417,#10418);
#10417 = CARTESIAN_POINT('',(0.,0.));
#10418 = VECTOR('',#10419,1.);
#10419 = DIRECTION('',(1.,0.));
#10420 = ( GEOMETRIC_REPRESENTATION_CONTEXT(2) 
PARAMETRIC_REPRESENTATION_CONTEXT() REPRESENTATION_CONTEXT('2D SPACE',''
  ) );
#10421 = PCURVE('',#10172,#10422);
#10422 = DEFINITIONAL_REPRESENTATION('',(#10423),#10427);
#10423 = B_SPLINE_CURVE_WITH_KNOTS('',2,(#10424,#10425,#10426),
  .UNSPECIFIED.,.F.,.F.,(3,3),(0.,1.),.PIECEWISE_BEZIER_KNOTS.);
#10424 = CARTESIAN_POINT('',(210.31494140625,29.296875));
#10425 = CARTESIAN_POINT('',(210.01953125,29.94873046875));
#10426 = CARTESIAN_POINT('',(209.45068359375,30.3076171875));
#10427 = ( GEOMETRIC_REPRESENTATION_CONTEXT(2) 
PARAMETRIC_REPRESENTATION_CONTEXT() REPRESENTATION_CONTEXT('2D SPACE',''
  ) );
#10428 = ADVANCED_FACE('',(#10429),#8688,.T.);
#10429 = FACE_BOUND('',#10430,.T.);
#10430 = EDGE_LOOP('',(#10431,#10432,#10433,#10456));
#10431 = ORIENTED_EDGE('',*,*,#10385,.T.);
#10432 = ORIENTED_EDGE('',*,*,#8672,.T.);
#10433 = ORIENTED_EDGE('',*,*,#10434,.F.);
#10434 = EDGE_CURVE('',#10435,#8673,#10437,.T.);
#10435 = VERTEX_POINT('',#10436);
#10436 = CARTESIAN_POINT('',(88.173828125,3.16650390625,17.5));
#10437 = SURFACE_CURVE('',#10438,(#10442,#10449),.PCURVE_S1.);
#10438 = LINE('',#10439,#10440);
#10439 = CARTESIAN_POINT('',(88.173828125,3.16650390625,17.5));
#10440 = VECTOR('',#10441,1.);
#10441 = DIRECTION('',(0.,0.,1.));
#10442 = PCURVE('',#8688,#10443);
#10443 = DEFINITIONAL_REPRESENTATION('',(#10444),#10448);
#10444 = LINE('',#10445,#10446);
#10445 = CARTESIAN_POINT('',(1.,0.));
#10446 = VECTOR('',#10447,1.);
#10447 = DIRECTION('',(0.,-1.));
#10448 = ( GEOMETRIC_REPRESENTATION_CONTEXT(2) 
PARAMETRIC_REPRESENTATION_CONTEXT() REPRESENTATION_CONTEXT('2D SPACE',''
  ) );
#10449 = PCURVE('',#8718,#10450);
#10450 = DEFINITIONAL_REPRESENTATION('',(#10451),#10455);
#10451 = LINE('',#10452,#10453);
#10452 = CARTESIAN_POINT('',(0.,0.));
#10453 = VECTOR('',#10454,1.);
#10454 = DIRECTION('',(0.,-1.));
#10455 = ( GEOMETRIC_REPRESENTATION_CONTEXT(2) 
PARAMETRIC_REPRESENTATION_CONTEXT() REPRESENTATION_CONTEXT('2D SPACE',''
  ) );
#10456 = ORIENTED_EDGE('',*,*,#10457,.F.);
#10457 = EDGE_CURVE('',#10386,#10435,#10458,.T.);
#10458 = SURFACE_CURVE('',#10459,(#10463,#10470),.PCURVE_S1.);
#10459 = B_SPLINE_CURVE_WITH_KNOTS('',2,(#10460,#10461,#10462),
  .UNSPECIFIED.,.F.,.F.,(3,3),(0.,1.),.PIECEWISE_BEZIER_KNOTS.);
#10460 = CARTESIAN_POINT('',(89.45068359375,2.8076171875,17.5));
#10461 = CARTESIAN_POINT('',(88.8818359375,3.16650390625,17.5));
#10462 = CARTESIAN_POINT('',(88.173828125,3.16650390625,17.5));
#10463 = PCURVE('',#8688,#10464);
#10464 = DEFINITIONAL_REPRESENTATION('',(#10465),#10469);
#10465 = LINE('',#10466,#10467);
#10466 = CARTESIAN_POINT('',(0.,0.));
#10467 = VECTOR('',#10468,1.);
#10468 = DIRECTION('',(1.,0.));
#10469 = ( GEOMETRIC_REPRESENTATION_CONTEXT(2) 
PARAMETRIC_REPRESENTATION_CONTEXT() REPRESENTATION_CONTEXT('2D SPACE',''
  ) );
#10470 = PCURVE('',#10172,#10471);
#10471 = DEFINITIONAL_REPRESENTATION('',(#10472),#10476);
#10472 = B_SPLINE_CURVE_WITH_KNOTS('',2,(#10473,#10474,#10475),
  .UNSPECIFIED.,.F.,.F.,(3,3),(0.,1.),.PIECEWISE_BEZIER_KNOTS.);
#10473 = CARTESIAN_POINT('',(209.45068359375,30.3076171875));
#10474 = CARTESIAN_POINT('',(208.8818359375,30.66650390625));
#10475 = CARTESIAN_POINT('',(208.173828125,30.66650390625));
#10476 = ( GEOMETRIC_REPRESENTATION_CONTEXT(2) 
PARAMETRIC_REPRESENTATION_CONTEXT() REPRESENTATION_CONTEXT('2D SPACE',''
  ) );
#10477 = ADVANCED_FACE('',(#10478),#8718,.T.);
#10478 = FACE_BOUND('',#10479,.T.);
#10479 = EDGE_LOOP('',(#10480,#10481,#10482,#10505));
#10480 = ORIENTED_EDGE('',*,*,#10434,.T.);
#10481 = ORIENTED_EDGE('',*,*,#8702,.T.);
#10482 = ORIENTED_EDGE('',*,*,#10483,.F.);
#10483 = EDGE_CURVE('',#10484,#8703,#10486,.T.);
#10484 = VERTEX_POINT('',#10485);
#10485 = CARTESIAN_POINT('',(86.44287109375,2.4755859375,17.5));
#10486 = SURFACE_CURVE('',#10487,(#10491,#10498),.PCURVE_S1.);
#10487 = LINE('',#10488,#10489);
#10488 = CARTESIAN_POINT('',(86.44287109375,2.4755859375,17.5));
#10489 = VECTOR('',#10490,1.);
#10490 = DIRECTION('',(0.,0.,1.));
#10491 = PCURVE('',#8718,#10492);
#10492 = DEFINITIONAL_REPRESENTATION('',(#10493),#10497);
#10493 = LINE('',#10494,#10495);
#10494 = CARTESIAN_POINT('',(1.,0.));
#10495 = VECTOR('',#10496,1.);
#10496 = DIRECTION('',(0.,-1.));
#10497 = ( GEOMETRIC_REPRESENTATION_CONTEXT(2) 
PARAMETRIC_REPRESENTATION_CONTEXT() REPRESENTATION_CONTEXT('2D SPACE',''
  ) );
#10498 = PCURVE('',#8746,#10499);
#10499 = DEFINITIONAL_REPRESENTATION('',(#10500),#10504);
#10500 = LINE('',#10501,#10502);
#10501 = CARTESIAN_POINT('',(0.,0.));
#10502 = VECTOR('',#10503,1.);
#10503 = DIRECTION('',(0.,-1.));
#10504 = ( GEOMETRIC_REPRESENTATION_CONTEXT(2) 
PARAMETRIC_REPRESENTATION_CONTEXT() REPRESENTATION_CONTEXT('2D SPACE',''
  ) );
#10505 = ORIENTED_EDGE('',*,*,#10506,.F.);
#10506 = EDGE_CURVE('',#10435,#10484,#10507,.T.);
#10507 = SURFACE_CURVE('',#10508,(#10512,#10519),.PCURVE_S1.);
#10508 = B_SPLINE_CURVE_WITH_KNOTS('',2,(#10509,#10510,#10511),
  .UNSPECIFIED.,.F.,.F.,(3,3),(0.,1.),.PIECEWISE_BEZIER_KNOTS.);
#10509 = CARTESIAN_POINT('',(88.173828125,3.16650390625,17.5));
#10510 = CARTESIAN_POINT('',(87.16796875,3.16650390625,17.5));
#10511 = CARTESIAN_POINT('',(86.44287109375,2.4755859375,17.5));
#10512 = PCURVE('',#8718,#10513);
#10513 = DEFINITIONAL_REPRESENTATION('',(#10514),#10518);
#10514 = LINE('',#10515,#10516);
#10515 = CARTESIAN_POINT('',(0.,0.));
#10516 = VECTOR('',#10517,1.);
#10517 = DIRECTION('',(1.,0.));
#10518 = ( GEOMETRIC_REPRESENTATION_CONTEXT(2) 
PARAMETRIC_REPRESENTATION_CONTEXT() REPRESENTATION_CONTEXT('2D SPACE',''
  ) );
#10519 = PCURVE('',#10172,#10520);
#10520 = DEFINITIONAL_REPRESENTATION('',(#10521),#10525);
#10521 = B_SPLINE_CURVE_WITH_KNOTS('',2,(#10522,#10523,#10524),
  .UNSPECIFIED.,.F.,.F.,(3,3),(0.,1.),.PIECEWISE_BEZIER_KNOTS.);
#10522 = CARTESIAN_POINT('',(208.173828125,30.66650390625));
#10523 = CARTESIAN_POINT('',(207.16796875,30.66650390625));
#10524 = CARTESIAN_POINT('',(206.44287109375,29.9755859375));
#10525 = ( GEOMETRIC_REPRESENTATION_CONTEXT(2) 
PARAMETRIC_REPRESENTATION_CONTEXT() REPRESENTATION_CONTEXT('2D SPACE',''
  ) );
#10526 = ADVANCED_FACE('',(#10527),#8746,.T.);
#10527 = FACE_BOUND('',#10528,.T.);
#10528 = EDGE_LOOP('',(#10529,#10530,#10531,#10532));
#10529 = ORIENTED_EDGE('',*,*,#10483,.T.);
#10530 = ORIENTED_EDGE('',*,*,#8732,.T.);
#10531 = ORIENTED_EDGE('',*,*,#10111,.F.);
#10532 = ORIENTED_EDGE('',*,*,#10533,.F.);
#10533 = EDGE_CURVE('',#10484,#10112,#10534,.T.);
#10534 = SURFACE_CURVE('',#10535,(#10539,#10546),.PCURVE_S1.);
#10535 = B_SPLINE_CURVE_WITH_KNOTS('',2,(#10536,#10537,#10538),
  .UNSPECIFIED.,.F.,.F.,(3,3),(0.,1.),.PIECEWISE_BEZIER_KNOTS.);
#10536 = CARTESIAN_POINT('',(86.44287109375,2.4755859375,17.5));
#10537 = CARTESIAN_POINT('',(85.7177734375,1.78466796875,17.5));
#10538 = CARTESIAN_POINT('',(85.7177734375,0.16845703125,17.5));
#10539 = PCURVE('',#8746,#10540);
#10540 = DEFINITIONAL_REPRESENTATION('',(#10541),#10545);
#10541 = LINE('',#10542,#10543);
#10542 = CARTESIAN_POINT('',(0.,0.));
#10543 = VECTOR('',#10544,1.);
#10544 = DIRECTION('',(1.,0.));
#10545 = ( GEOMETRIC_REPRESENTATION_CONTEXT(2) 
PARAMETRIC_REPRESENTATION_CONTEXT() REPRESENTATION_CONTEXT('2D SPACE',''
  ) );
#10546 = PCURVE('',#10172,#10547);
#10547 = DEFINITIONAL_REPRESENTATION('',(#10548),#10552);
#10548 = B_SPLINE_CURVE_WITH_KNOTS('',2,(#10549,#10550,#10551),
  .UNSPECIFIED.,.F.,.F.,(3,3),(0.,1.),.PIECEWISE_BEZIER_KNOTS.);
#10549 = CARTESIAN_POINT('',(206.44287109375,29.9755859375));
#10550 = CARTESIAN_POINT('',(205.7177734375,29.28466796875));
#10551 = CARTESIAN_POINT('',(205.7177734375,27.66845703125));
#10552 = ( GEOMETRIC_REPRESENTATION_CONTEXT(2) 
PARAMETRIC_REPRESENTATION_CONTEXT() REPRESENTATION_CONTEXT('2D SPACE',''
  ) );
#10553 = ADVANCED_FACE('',(#10554),#8805,.T.);
#10554 = FACE_BOUND('',#10555,.T.);
#10555 = EDGE_LOOP('',(#10556,#10579,#10580,#10603));
#10556 = ORIENTED_EDGE('',*,*,#10557,.T.);
#10557 = EDGE_CURVE('',#10558,#8788,#10560,.T.);
#10558 = VERTEX_POINT('',#10559);
#10559 = CARTESIAN_POINT('',(99.423828125,0.16845703125,17.5));
#10560 = SURFACE_CURVE('',#10561,(#10565,#10572),.PCURVE_S1.);
#10561 = LINE('',#10562,#10563);
#10562 = CARTESIAN_POINT('',(99.423828125,0.16845703125,17.5));
#10563 = VECTOR('',#10564,1.);
#10564 = DIRECTION('',(0.,0.,1.));
#10565 = PCURVE('',#8805,#10566);
#10566 = DEFINITIONAL_REPRESENTATION('',(#10567),#10571);
#10567 = LINE('',#10568,#10569);
#10568 = CARTESIAN_POINT('',(0.,0.));
#10569 = VECTOR('',#10570,1.);
#10570 = DIRECTION('',(0.,-1.));
#10571 = ( GEOMETRIC_REPRESENTATION_CONTEXT(2) 
PARAMETRIC_REPRESENTATION_CONTEXT() REPRESENTATION_CONTEXT('2D SPACE',''
  ) );
#10572 = PCURVE('',#9043,#10573);
#10573 = DEFINITIONAL_REPRESENTATION('',(#10574),#10578);
#10574 = LINE('',#10575,#10576);
#10575 = CARTESIAN_POINT('',(1.,0.));
#10576 = VECTOR('',#10577,1.);
#10577 = DIRECTION('',(0.,-1.));
#10578 = ( GEOMETRIC_REPRESENTATION_CONTEXT(2) 
PARAMETRIC_REPRESENTATION_CONTEXT() REPRESENTATION_CONTEXT('2D SPACE',''
  ) );
#10579 = ORIENTED_EDGE('',*,*,#8787,.T.);
#10580 = ORIENTED_EDGE('',*,*,#10581,.F.);
#10581 = EDGE_CURVE('',#10582,#8790,#10584,.T.);
#10582 = VERTEX_POINT('',#10583);
#10583 = CARTESIAN_POINT('',(100.11962890625,-1.8701171875,17.5));
#10584 = SURFACE_CURVE('',#10585,(#10589,#10596),.PCURVE_S1.);
#10585 = LINE('',#10586,#10587);
#10586 = CARTESIAN_POINT('',(100.11962890625,-1.8701171875,17.5));
#10587 = VECTOR('',#10588,1.);
#10588 = DIRECTION('',(0.,0.,1.));
#10589 = PCURVE('',#8805,#10590);
#10590 = DEFINITIONAL_REPRESENTATION('',(#10591),#10595);
#10591 = LINE('',#10592,#10593);
#10592 = CARTESIAN_POINT('',(1.,0.));
#10593 = VECTOR('',#10594,1.);
#10594 = DIRECTION('',(0.,-1.));
#10595 = ( GEOMETRIC_REPRESENTATION_CONTEXT(2) 
PARAMETRIC_REPRESENTATION_CONTEXT() REPRESENTATION_CONTEXT('2D SPACE',''
  ) );
#10596 = PCURVE('',#8835,#10597);
#10597 = DEFINITIONAL_REPRESENTATION('',(#10598),#10602);
#10598 = LINE('',#10599,#10600);
#10599 = CARTESIAN_POINT('',(0.,0.));
#10600 = VECTOR('',#10601,1.);
#10601 = DIRECTION('',(0.,-1.));
#10602 = ( GEOMETRIC_REPRESENTATION_CONTEXT(2) 
PARAMETRIC_REPRESENTATION_CONTEXT() REPRESENTATION_CONTEXT('2D SPACE',''
  ) );
#10603 = ORIENTED_EDGE('',*,*,#10604,.F.);
#10604 = EDGE_CURVE('',#10558,#10582,#10605,.T.);
#10605 = SURFACE_CURVE('',#10606,(#10610,#10617),.PCURVE_S1.);
#10606 = B_SPLINE_CURVE_WITH_KNOTS('',2,(#10607,#10608,#10609),
  .UNSPECIFIED.,.F.,.F.,(3,3),(0.,1.),.PIECEWISE_BEZIER_KNOTS.);
#10607 = CARTESIAN_POINT('',(99.423828125,0.16845703125,17.5));
#10608 = CARTESIAN_POINT('',(99.423828125,-1.12548828125,17.5));
#10609 = CARTESIAN_POINT('',(100.11962890625,-1.8701171875,17.5));
#10610 = PCURVE('',#8805,#10611);
#10611 = DEFINITIONAL_REPRESENTATION('',(#10612),#10616);
#10612 = LINE('',#10613,#10614);
#10613 = CARTESIAN_POINT('',(0.,0.));
#10614 = VECTOR('',#10615,1.);
#10615 = DIRECTION('',(1.,0.));
#10616 = ( GEOMETRIC_REPRESENTATION_CONTEXT(2) 
PARAMETRIC_REPRESENTATION_CONTEXT() REPRESENTATION_CONTEXT('2D SPACE',''
  ) );
#10617 = PCURVE('',#10618,#10623);
#10618 = PLANE('',#10619);
#10619 = AXIS2_PLACEMENT_3D('',#10620,#10621,#10622);
#10620 = CARTESIAN_POINT('',(-120.,-27.5,17.5));
#10621 = DIRECTION('',(0.,0.,1.));
#10622 = DIRECTION('',(1.,0.,0.));
#10623 = DEFINITIONAL_REPRESENTATION('',(#10624),#10628);
#10624 = B_SPLINE_CURVE_WITH_KNOTS('',2,(#10625,#10626,#10627),
  .UNSPECIFIED.,.F.,.F.,(3,3),(0.,1.),.PIECEWISE_BEZIER_KNOTS.);
#10625 = CARTESIAN_POINT('',(219.423828125,27.66845703125));
#10626 = CARTESIAN_POINT('',(219.423828125,26.37451171875));
#10627 = CARTESIAN_POINT('',(220.11962890625,25.6298828125));
#10628 = ( GEOMETRIC_REPRESENTATION_CONTEXT(2) 
PARAMETRIC_REPRESENTATION_CONTEXT() REPRESENTATION_CONTEXT('2D SPACE',''
  ) );
#10629 = ADVANCED_FACE('',(#10630),#8835,.T.);
#10630 = FACE_BOUND('',#10631,.T.);
#10631 = EDGE_LOOP('',(#10632,#10633,#10634,#10657));
#10632 = ORIENTED_EDGE('',*,*,#10581,.T.);
#10633 = ORIENTED_EDGE('',*,*,#8819,.T.);
#10634 = ORIENTED_EDGE('',*,*,#10635,.F.);
#10635 = EDGE_CURVE('',#10636,#8820,#10638,.T.);
#10636 = VERTEX_POINT('',#10637);
#10637 = CARTESIAN_POINT('',(101.865234375,-2.61474609375,17.5));
#10638 = SURFACE_CURVE('',#10639,(#10643,#10650),.PCURVE_S1.);
#10639 = LINE('',#10640,#10641);
#10640 = CARTESIAN_POINT('',(101.865234375,-2.61474609375,17.5));
#10641 = VECTOR('',#10642,1.);
#10642 = DIRECTION('',(0.,0.,1.));
#10643 = PCURVE('',#8835,#10644);
#10644 = DEFINITIONAL_REPRESENTATION('',(#10645),#10649);
#10645 = LINE('',#10646,#10647);
#10646 = CARTESIAN_POINT('',(1.,0.));
#10647 = VECTOR('',#10648,1.);
#10648 = DIRECTION('',(0.,-1.));
#10649 = ( GEOMETRIC_REPRESENTATION_CONTEXT(2) 
PARAMETRIC_REPRESENTATION_CONTEXT() REPRESENTATION_CONTEXT('2D SPACE',''
  ) );
#10650 = PCURVE('',#8865,#10651);
#10651 = DEFINITIONAL_REPRESENTATION('',(#10652),#10656);
#10652 = LINE('',#10653,#10654);
#10653 = CARTESIAN_POINT('',(0.,0.));
#10654 = VECTOR('',#10655,1.);
#10655 = DIRECTION('',(0.,-1.));
#10656 = ( GEOMETRIC_REPRESENTATION_CONTEXT(2) 
PARAMETRIC_REPRESENTATION_CONTEXT() REPRESENTATION_CONTEXT('2D SPACE',''
  ) );
#10657 = ORIENTED_EDGE('',*,*,#10658,.F.);
#10658 = EDGE_CURVE('',#10582,#10636,#10659,.T.);
#10659 = SURFACE_CURVE('',#10660,(#10664,#10671),.PCURVE_S1.);
#10660 = B_SPLINE_CURVE_WITH_KNOTS('',2,(#10661,#10662,#10663),
  .UNSPECIFIED.,.F.,.F.,(3,3),(0.,1.),.PIECEWISE_BEZIER_KNOTS.);
#10661 = CARTESIAN_POINT('',(100.11962890625,-1.8701171875,17.5));
#10662 = CARTESIAN_POINT('',(100.8154296875,-2.61474609375,17.5));
#10663 = CARTESIAN_POINT('',(101.865234375,-2.61474609375,17.5));
#10664 = PCURVE('',#8835,#10665);
#10665 = DEFINITIONAL_REPRESENTATION('',(#10666),#10670);
#10666 = LINE('',#10667,#10668);
#10667 = CARTESIAN_POINT('',(0.,0.));
#10668 = VECTOR('',#10669,1.);
#10669 = DIRECTION('',(1.,0.));
#10670 = ( GEOMETRIC_REPRESENTATION_CONTEXT(2) 
PARAMETRIC_REPRESENTATION_CONTEXT() REPRESENTATION_CONTEXT('2D SPACE',''
  ) );
#10671 = PCURVE('',#10618,#10672);
#10672 = DEFINITIONAL_REPRESENTATION('',(#10673),#10677);
#10673 = B_SPLINE_CURVE_WITH_KNOTS('',2,(#10674,#10675,#10676),
  .UNSPECIFIED.,.F.,.F.,(3,3),(0.,1.),.PIECEWISE_BEZIER_KNOTS.);
#10674 = CARTESIAN_POINT('',(220.11962890625,25.6298828125));
#10675 = CARTESIAN_POINT('',(220.8154296875,24.88525390625));
#10676 = CARTESIAN_POINT('',(221.865234375,24.88525390625));
#10677 = ( GEOMETRIC_REPRESENTATION_CONTEXT(2) 
PARAMETRIC_REPRESENTATION_CONTEXT() REPRESENTATION_CONTEXT('2D SPACE',''
  ) );
#10678 = ADVANCED_FACE('',(#10679),#8865,.T.);
#10679 = FACE_BOUND('',#10680,.T.);
#10680 = EDGE_LOOP('',(#10681,#10682,#10683,#10706));
#10681 = ORIENTED_EDGE('',*,*,#10635,.T.);
#10682 = ORIENTED_EDGE('',*,*,#8849,.T.);
#10683 = ORIENTED_EDGE('',*,*,#10684,.F.);
#10684 = EDGE_CURVE('',#10685,#8850,#10687,.T.);
#10685 = VERTEX_POINT('',#10686);
#10686 = CARTESIAN_POINT('',(103.62548828125,-1.86279296875,17.5));
#10687 = SURFACE_CURVE('',#10688,(#10692,#10699),.PCURVE_S1.);
#10688 = LINE('',#10689,#10690);
#10689 = CARTESIAN_POINT('',(103.62548828125,-1.86279296875,17.5));
#10690 = VECTOR('',#10691,1.);
#10691 = DIRECTION('',(0.,0.,1.));
#10692 = PCURVE('',#8865,#10693);
#10693 = DEFINITIONAL_REPRESENTATION('',(#10694),#10698);
#10694 = LINE('',#10695,#10696);
#10695 = CARTESIAN_POINT('',(1.,0.));
#10696 = VECTOR('',#10697,1.);
#10697 = DIRECTION('',(0.,-1.));
#10698 = ( GEOMETRIC_REPRESENTATION_CONTEXT(2) 
PARAMETRIC_REPRESENTATION_CONTEXT() REPRESENTATION_CONTEXT('2D SPACE',''
  ) );
#10699 = PCURVE('',#8895,#10700);
#10700 = DEFINITIONAL_REPRESENTATION('',(#10701),#10705);
#10701 = LINE('',#10702,#10703);
#10702 = CARTESIAN_POINT('',(0.,0.));
#10703 = VECTOR('',#10704,1.);
#10704 = DIRECTION('',(0.,-1.));
#10705 = ( GEOMETRIC_REPRESENTATION_CONTEXT(2) 
PARAMETRIC_REPRESENTATION_CONTEXT() REPRESENTATION_CONTEXT('2D SPACE',''
  ) );
#10706 = ORIENTED_EDGE('',*,*,#10707,.F.);
#10707 = EDGE_CURVE('',#10636,#10685,#10708,.T.);
#10708 = SURFACE_CURVE('',#10709,(#10713,#10720),.PCURVE_S1.);
#10709 = B_SPLINE_CURVE_WITH_KNOTS('',2,(#10710,#10711,#10712),
  .UNSPECIFIED.,.F.,.F.,(3,3),(0.,1.),.PIECEWISE_BEZIER_KNOTS.);
#10710 = CARTESIAN_POINT('',(101.865234375,-2.61474609375,17.5));
#10711 = CARTESIAN_POINT('',(102.9345703125,-2.61474609375,17.5));
#10712 = CARTESIAN_POINT('',(103.62548828125,-1.86279296875,17.5));
#10713 = PCURVE('',#8865,#10714);
#10714 = DEFINITIONAL_REPRESENTATION('',(#10715),#10719);
#10715 = LINE('',#10716,#10717);
#10716 = CARTESIAN_POINT('',(0.,0.));
#10717 = VECTOR('',#10718,1.);
#10718 = DIRECTION('',(1.,0.));
#10719 = ( GEOMETRIC_REPRESENTATION_CONTEXT(2) 
PARAMETRIC_REPRESENTATION_CONTEXT() REPRESENTATION_CONTEXT('2D SPACE',''
  ) );
#10720 = PCURVE('',#10618,#10721);
#10721 = DEFINITIONAL_REPRESENTATION('',(#10722),#10726);
#10722 = B_SPLINE_CURVE_WITH_KNOTS('',2,(#10723,#10724,#10725),
  .UNSPECIFIED.,.F.,.F.,(3,3),(0.,1.),.PIECEWISE_BEZIER_KNOTS.);
#10723 = CARTESIAN_POINT('',(221.865234375,24.88525390625));
#10724 = CARTESIAN_POINT('',(222.9345703125,24.88525390625));
#10725 = CARTESIAN_POINT('',(223.62548828125,25.63720703125));
#10726 = ( GEOMETRIC_REPRESENTATION_CONTEXT(2) 
PARAMETRIC_REPRESENTATION_CONTEXT() REPRESENTATION_CONTEXT('2D SPACE',''
  ) );
#10727 = ADVANCED_FACE('',(#10728),#8895,.T.);
#10728 = FACE_BOUND('',#10729,.T.);
#10729 = EDGE_LOOP('',(#10730,#10731,#10732,#10755));
#10730 = ORIENTED_EDGE('',*,*,#10684,.T.);
#10731 = ORIENTED_EDGE('',*,*,#8879,.T.);
#10732 = ORIENTED_EDGE('',*,*,#10733,.F.);
#10733 = EDGE_CURVE('',#10734,#8880,#10736,.T.);
#10734 = VERTEX_POINT('',#10735);
#10735 = CARTESIAN_POINT('',(104.31640625,0.27099609375,17.5));
#10736 = SURFACE_CURVE('',#10737,(#10741,#10748),.PCURVE_S1.);
#10737 = LINE('',#10738,#10739);
#10738 = CARTESIAN_POINT('',(104.31640625,0.27099609375,17.5));
#10739 = VECTOR('',#10740,1.);
#10740 = DIRECTION('',(0.,0.,1.));
#10741 = PCURVE('',#8895,#10742);
#10742 = DEFINITIONAL_REPRESENTATION('',(#10743),#10747);
#10743 = LINE('',#10744,#10745);
#10744 = CARTESIAN_POINT('',(1.,0.));
#10745 = VECTOR('',#10746,1.);
#10746 = DIRECTION('',(0.,-1.));
#10747 = ( GEOMETRIC_REPRESENTATION_CONTEXT(2) 
PARAMETRIC_REPRESENTATION_CONTEXT() REPRESENTATION_CONTEXT('2D SPACE',''
  ) );
#10748 = PCURVE('',#8925,#10749);
#10749 = DEFINITIONAL_REPRESENTATION('',(#10750),#10754);
#10750 = LINE('',#10751,#10752);
#10751 = CARTESIAN_POINT('',(0.,0.));
#10752 = VECTOR('',#10753,1.);
#10753 = DIRECTION('',(0.,-1.));
#10754 = ( GEOMETRIC_REPRESENTATION_CONTEXT(2) 
PARAMETRIC_REPRESENTATION_CONTEXT() REPRESENTATION_CONTEXT('2D SPACE',''
  ) );
#10755 = ORIENTED_EDGE('',*,*,#10756,.F.);
#10756 = EDGE_CURVE('',#10685,#10734,#10757,.T.);
#10757 = SURFACE_CURVE('',#10758,(#10762,#10769),.PCURVE_S1.);
#10758 = B_SPLINE_CURVE_WITH_KNOTS('',2,(#10759,#10760,#10761),
  .UNSPECIFIED.,.F.,.F.,(3,3),(0.,1.),.PIECEWISE_BEZIER_KNOTS.);
#10759 = CARTESIAN_POINT('',(103.62548828125,-1.86279296875,17.5));
#10760 = CARTESIAN_POINT('',(104.31640625,-1.11083984375,17.5));
#10761 = CARTESIAN_POINT('',(104.31640625,0.27099609375,17.5));
#10762 = PCURVE('',#8895,#10763);
#10763 = DEFINITIONAL_REPRESENTATION('',(#10764),#10768);
#10764 = LINE('',#10765,#10766);
#10765 = CARTESIAN_POINT('',(0.,0.));
#10766 = VECTOR('',#10767,1.);
#10767 = DIRECTION('',(1.,0.));
#10768 = ( GEOMETRIC_REPRESENTATION_CONTEXT(2) 
PARAMETRIC_REPRESENTATION_CONTEXT() REPRESENTATION_CONTEXT('2D SPACE',''
  ) );
#10769 = PCURVE('',#10618,#10770);
#10770 = DEFINITIONAL_REPRESENTATION('',(#10771),#10775);
#10771 = B_SPLINE_CURVE_WITH_KNOTS('',2,(#10772,#10773,#10774),
  .UNSPECIFIED.,.F.,.F.,(3,3),(0.,1.),.PIECEWISE_BEZIER_KNOTS.);
#10772 = CARTESIAN_POINT('',(223.62548828125,25.63720703125));
#10773 = CARTESIAN_POINT('',(224.31640625,26.38916015625));
#10774 = CARTESIAN_POINT('',(224.31640625,27.77099609375));
#10775 = ( GEOMETRIC_REPRESENTATION_CONTEXT(2) 
PARAMETRIC_REPRESENTATION_CONTEXT() REPRESENTATION_CONTEXT('2D SPACE',''
  ) );
#10776 = ADVANCED_FACE('',(#10777),#8925,.T.);
#10777 = FACE_BOUND('',#10778,.T.);
#10778 = EDGE_LOOP('',(#10779,#10780,#10781,#10804));
#10779 = ORIENTED_EDGE('',*,*,#10733,.T.);
#10780 = ORIENTED_EDGE('',*,*,#8909,.T.);
#10781 = ORIENTED_EDGE('',*,*,#10782,.F.);
#10782 = EDGE_CURVE('',#10783,#8910,#10785,.T.);
#10783 = VERTEX_POINT('',#10784);
#10784 = CARTESIAN_POINT('',(104.02099609375,1.796875,17.5));
#10785 = SURFACE_CURVE('',#10786,(#10790,#10797),.PCURVE_S1.);
#10786 = LINE('',#10787,#10788);
#10787 = CARTESIAN_POINT('',(104.02099609375,1.796875,17.5));
#10788 = VECTOR('',#10789,1.);
#10789 = DIRECTION('',(0.,0.,1.));
#10790 = PCURVE('',#8925,#10791);
#10791 = DEFINITIONAL_REPRESENTATION('',(#10792),#10796);
#10792 = LINE('',#10793,#10794);
#10793 = CARTESIAN_POINT('',(1.,0.));
#10794 = VECTOR('',#10795,1.);
#10795 = DIRECTION('',(0.,-1.));
#10796 = ( GEOMETRIC_REPRESENTATION_CONTEXT(2) 
PARAMETRIC_REPRESENTATION_CONTEXT() REPRESENTATION_CONTEXT('2D SPACE',''
  ) );
#10797 = PCURVE('',#8955,#10798);
#10798 = DEFINITIONAL_REPRESENTATION('',(#10799),#10803);
#10799 = LINE('',#10800,#10801);
#10800 = CARTESIAN_POINT('',(0.,0.));
#10801 = VECTOR('',#10802,1.);
#10802 = DIRECTION('',(0.,-1.));
#10803 = ( GEOMETRIC_REPRESENTATION_CONTEXT(2) 
PARAMETRIC_REPRESENTATION_CONTEXT() REPRESENTATION_CONTEXT('2D SPACE',''
  ) );
#10804 = ORIENTED_EDGE('',*,*,#10805,.F.);
#10805 = EDGE_CURVE('',#10734,#10783,#10806,.T.);
#10806 = SURFACE_CURVE('',#10807,(#10811,#10818),.PCURVE_S1.);
#10807 = B_SPLINE_CURVE_WITH_KNOTS('',2,(#10808,#10809,#10810),
  .UNSPECIFIED.,.F.,.F.,(3,3),(0.,1.),.PIECEWISE_BEZIER_KNOTS.);
#10808 = CARTESIAN_POINT('',(104.31640625,0.27099609375,17.5));
#10809 = CARTESIAN_POINT('',(104.31640625,1.14501953125,17.5));
#10810 = CARTESIAN_POINT('',(104.02099609375,1.796875,17.5));
#10811 = PCURVE('',#8925,#10812);
#10812 = DEFINITIONAL_REPRESENTATION('',(#10813),#10817);
#10813 = LINE('',#10814,#10815);
#10814 = CARTESIAN_POINT('',(0.,0.));
#10815 = VECTOR('',#10816,1.);
#10816 = DIRECTION('',(1.,0.));
#10817 = ( GEOMETRIC_REPRESENTATION_CONTEXT(2) 
PARAMETRIC_REPRESENTATION_CONTEXT() REPRESENTATION_CONTEXT('2D SPACE',''
  ) );
#10818 = PCURVE('',#10618,#10819);
#10819 = DEFINITIONAL_REPRESENTATION('',(#10820),#10824);
#10820 = B_SPLINE_CURVE_WITH_KNOTS('',2,(#10821,#10822,#10823),
  .UNSPECIFIED.,.F.,.F.,(3,3),(0.,1.),.PIECEWISE_BEZIER_KNOTS.);
#10821 = CARTESIAN_POINT('',(224.31640625,27.77099609375));
#10822 = CARTESIAN_POINT('',(224.31640625,28.64501953125));
#10823 = CARTESIAN_POINT('',(224.02099609375,29.296875));
#10824 = ( GEOMETRIC_REPRESENTATION_CONTEXT(2) 
PARAMETRIC_REPRESENTATION_CONTEXT() REPRESENTATION_CONTEXT('2D SPACE',''
  ) );
#10825 = ADVANCED_FACE('',(#10826),#8955,.T.);
#10826 = FACE_BOUND('',#10827,.T.);
#10827 = EDGE_LOOP('',(#10828,#10829,#10830,#10853));
#10828 = ORIENTED_EDGE('',*,*,#10782,.T.);
#10829 = ORIENTED_EDGE('',*,*,#8939,.T.);
#10830 = ORIENTED_EDGE('',*,*,#10831,.F.);
#10831 = EDGE_CURVE('',#10832,#8940,#10834,.T.);
#10832 = VERTEX_POINT('',#10833);
#10833 = CARTESIAN_POINT('',(103.15673828125,2.8076171875,17.5));
#10834 = SURFACE_CURVE('',#10835,(#10839,#10846),.PCURVE_S1.);
#10835 = LINE('',#10836,#10837);
#10836 = CARTESIAN_POINT('',(103.15673828125,2.8076171875,17.5));
#10837 = VECTOR('',#10838,1.);
#10838 = DIRECTION('',(0.,0.,1.));
#10839 = PCURVE('',#8955,#10840);
#10840 = DEFINITIONAL_REPRESENTATION('',(#10841),#10845);
#10841 = LINE('',#10842,#10843);
#10842 = CARTESIAN_POINT('',(1.,0.));
#10843 = VECTOR('',#10844,1.);
#10844 = DIRECTION('',(0.,-1.));
#10845 = ( GEOMETRIC_REPRESENTATION_CONTEXT(2) 
PARAMETRIC_REPRESENTATION_CONTEXT() REPRESENTATION_CONTEXT('2D SPACE',''
  ) );
#10846 = PCURVE('',#8985,#10847);
#10847 = DEFINITIONAL_REPRESENTATION('',(#10848),#10852);
#10848 = LINE('',#10849,#10850);
#10849 = CARTESIAN_POINT('',(0.,0.));
#10850 = VECTOR('',#10851,1.);
#10851 = DIRECTION('',(0.,-1.));
#10852 = ( GEOMETRIC_REPRESENTATION_CONTEXT(2) 
PARAMETRIC_REPRESENTATION_CONTEXT() REPRESENTATION_CONTEXT('2D SPACE',''
  ) );
#10853 = ORIENTED_EDGE('',*,*,#10854,.F.);
#10854 = EDGE_CURVE('',#10783,#10832,#10855,.T.);
#10855 = SURFACE_CURVE('',#10856,(#10860,#10867),.PCURVE_S1.);
#10856 = B_SPLINE_CURVE_WITH_KNOTS('',2,(#10857,#10858,#10859),
  .UNSPECIFIED.,.F.,.F.,(3,3),(0.,1.),.PIECEWISE_BEZIER_KNOTS.);
#10857 = CARTESIAN_POINT('',(104.02099609375,1.796875,17.5));
#10858 = CARTESIAN_POINT('',(103.7255859375,2.44873046875,17.5));
#10859 = CARTESIAN_POINT('',(103.15673828125,2.8076171875,17.5));
#10860 = PCURVE('',#8955,#10861);
#10861 = DEFINITIONAL_REPRESENTATION('',(#10862),#10866);
#10862 = LINE('',#10863,#10864);
#10863 = CARTESIAN_POINT('',(0.,0.));
#10864 = VECTOR('',#10865,1.);
#10865 = DIRECTION('',(1.,0.));
#10866 = ( GEOMETRIC_REPRESENTATION_CONTEXT(2) 
PARAMETRIC_REPRESENTATION_CONTEXT() REPRESENTATION_CONTEXT('2D SPACE',''
  ) );
#10867 = PCURVE('',#10618,#10868);
#10868 = DEFINITIONAL_REPRESENTATION('',(#10869),#10873);
#10869 = B_SPLINE_CURVE_WITH_KNOTS('',2,(#10870,#10871,#10872),
  .UNSPECIFIED.,.F.,.F.,(3,3),(0.,1.),.PIECEWISE_BEZIER_KNOTS.);
#10870 = CARTESIAN_POINT('',(224.02099609375,29.296875));
#10871 = CARTESIAN_POINT('',(223.7255859375,29.94873046875));
#10872 = CARTESIAN_POINT('',(223.15673828125,30.3076171875));
#10873 = ( GEOMETRIC_REPRESENTATION_CONTEXT(2) 
PARAMETRIC_REPRESENTATION_CONTEXT() REPRESENTATION_CONTEXT('2D SPACE',''
  ) );
#10874 = ADVANCED_FACE('',(#10875),#8985,.T.);
#10875 = FACE_BOUND('',#10876,.T.);
#10876 = EDGE_LOOP('',(#10877,#10878,#10879,#10902));
#10877 = ORIENTED_EDGE('',*,*,#10831,.T.);
#10878 = ORIENTED_EDGE('',*,*,#8969,.T.);
#10879 = ORIENTED_EDGE('',*,*,#10880,.F.);
#10880 = EDGE_CURVE('',#10881,#8970,#10883,.T.);
#10881 = VERTEX_POINT('',#10882);
#10882 = CARTESIAN_POINT('',(101.8798828125,3.16650390625,17.5));
#10883 = SURFACE_CURVE('',#10884,(#10888,#10895),.PCURVE_S1.);
#10884 = LINE('',#10885,#10886);
#10885 = CARTESIAN_POINT('',(101.8798828125,3.16650390625,17.5));
#10886 = VECTOR('',#10887,1.);
#10887 = DIRECTION('',(0.,0.,1.));
#10888 = PCURVE('',#8985,#10889);
#10889 = DEFINITIONAL_REPRESENTATION('',(#10890),#10894);
#10890 = LINE('',#10891,#10892);
#10891 = CARTESIAN_POINT('',(1.,0.));
#10892 = VECTOR('',#10893,1.);
#10893 = DIRECTION('',(0.,-1.));
#10894 = ( GEOMETRIC_REPRESENTATION_CONTEXT(2) 
PARAMETRIC_REPRESENTATION_CONTEXT() REPRESENTATION_CONTEXT('2D SPACE',''
  ) );
#10895 = PCURVE('',#9015,#10896);
#10896 = DEFINITIONAL_REPRESENTATION('',(#10897),#10901);
#10897 = LINE('',#10898,#10899);
#10898 = CARTESIAN_POINT('',(0.,0.));
#10899 = VECTOR('',#10900,1.);
#10900 = DIRECTION('',(0.,-1.));
#10901 = ( GEOMETRIC_REPRESENTATION_CONTEXT(2) 
PARAMETRIC_REPRESENTATION_CONTEXT() REPRESENTATION_CONTEXT('2D SPACE',''
  ) );
#10902 = ORIENTED_EDGE('',*,*,#10903,.F.);
#10903 = EDGE_CURVE('',#10832,#10881,#10904,.T.);
#10904 = SURFACE_CURVE('',#10905,(#10909,#10916),.PCURVE_S1.);
#10905 = B_SPLINE_CURVE_WITH_KNOTS('',2,(#10906,#10907,#10908),
  .UNSPECIFIED.,.F.,.F.,(3,3),(0.,1.),.PIECEWISE_BEZIER_KNOTS.);
#10906 = CARTESIAN_POINT('',(103.15673828125,2.8076171875,17.5));
#10907 = CARTESIAN_POINT('',(102.587890625,3.16650390625,17.5));
#10908 = CARTESIAN_POINT('',(101.8798828125,3.16650390625,17.5));
#10909 = PCURVE('',#8985,#10910);
#10910 = DEFINITIONAL_REPRESENTATION('',(#10911),#10915);
#10911 = LINE('',#10912,#10913);
#10912 = CARTESIAN_POINT('',(0.,0.));
#10913 = VECTOR('',#10914,1.);
#10914 = DIRECTION('',(1.,0.));
#10915 = ( GEOMETRIC_REPRESENTATION_CONTEXT(2) 
PARAMETRIC_REPRESENTATION_CONTEXT() REPRESENTATION_CONTEXT('2D SPACE',''
  ) );
#10916 = PCURVE('',#10618,#10917);
#10917 = DEFINITIONAL_REPRESENTATION('',(#10918),#10922);
#10918 = B_SPLINE_CURVE_WITH_KNOTS('',2,(#10919,#10920,#10921),
  .UNSPECIFIED.,.F.,.F.,(3,3),(0.,1.),.PIECEWISE_BEZIER_KNOTS.);
#10919 = CARTESIAN_POINT('',(223.15673828125,30.3076171875));
#10920 = CARTESIAN_POINT('',(222.587890625,30.66650390625));
#10921 = CARTESIAN_POINT('',(221.8798828125,30.66650390625));
#10922 = ( GEOMETRIC_REPRESENTATION_CONTEXT(2) 
PARAMETRIC_REPRESENTATION_CONTEXT() REPRESENTATION_CONTEXT('2D SPACE',''
  ) );
#10923 = ADVANCED_FACE('',(#10924),#9015,.T.);
#10924 = FACE_BOUND('',#10925,.T.);
#10925 = EDGE_LOOP('',(#10926,#10927,#10928,#10951));
#10926 = ORIENTED_EDGE('',*,*,#10880,.T.);
#10927 = ORIENTED_EDGE('',*,*,#8999,.T.);
#10928 = ORIENTED_EDGE('',*,*,#10929,.F.);
#10929 = EDGE_CURVE('',#10930,#9000,#10932,.T.);
#10930 = VERTEX_POINT('',#10931);
#10931 = CARTESIAN_POINT('',(100.14892578125,2.4755859375,17.5));
#10932 = SURFACE_CURVE('',#10933,(#10937,#10944),.PCURVE_S1.);
#10933 = LINE('',#10934,#10935);
#10934 = CARTESIAN_POINT('',(100.14892578125,2.4755859375,17.5));
#10935 = VECTOR('',#10936,1.);
#10936 = DIRECTION('',(0.,0.,1.));
#10937 = PCURVE('',#9015,#10938);
#10938 = DEFINITIONAL_REPRESENTATION('',(#10939),#10943);
#10939 = LINE('',#10940,#10941);
#10940 = CARTESIAN_POINT('',(1.,0.));
#10941 = VECTOR('',#10942,1.);
#10942 = DIRECTION('',(0.,-1.));
#10943 = ( GEOMETRIC_REPRESENTATION_CONTEXT(2) 
PARAMETRIC_REPRESENTATION_CONTEXT() REPRESENTATION_CONTEXT('2D SPACE',''
  ) );
#10944 = PCURVE('',#9043,#10945);
#10945 = DEFINITIONAL_REPRESENTATION('',(#10946),#10950);
#10946 = LINE('',#10947,#10948);
#10947 = CARTESIAN_POINT('',(0.,0.));
#10948 = VECTOR('',#10949,1.);
#10949 = DIRECTION('',(0.,-1.));
#10950 = ( GEOMETRIC_REPRESENTATION_CONTEXT(2) 
PARAMETRIC_REPRESENTATION_CONTEXT() REPRESENTATION_CONTEXT('2D SPACE',''
  ) );
#10951 = ORIENTED_EDGE('',*,*,#10952,.F.);
#10952 = EDGE_CURVE('',#10881,#10930,#10953,.T.);
#10953 = SURFACE_CURVE('',#10954,(#10958,#10965),.PCURVE_S1.);
#10954 = B_SPLINE_CURVE_WITH_KNOTS('',2,(#10955,#10956,#10957),
  .UNSPECIFIED.,.F.,.F.,(3,3),(0.,1.),.PIECEWISE_BEZIER_KNOTS.);
#10955 = CARTESIAN_POINT('',(101.8798828125,3.16650390625,17.5));
#10956 = CARTESIAN_POINT('',(100.8740234375,3.16650390625,17.5));
#10957 = CARTESIAN_POINT('',(100.14892578125,2.4755859375,17.5));
#10958 = PCURVE('',#9015,#10959);
#10959 = DEFINITIONAL_REPRESENTATION('',(#10960),#10964);
#10960 = LINE('',#10961,#10962);
#10961 = CARTESIAN_POINT('',(0.,0.));
#10962 = VECTOR('',#10963,1.);
#10963 = DIRECTION('',(1.,0.));
#10964 = ( GEOMETRIC_REPRESENTATION_CONTEXT(2) 
PARAMETRIC_REPRESENTATION_CONTEXT() REPRESENTATION_CONTEXT('2D SPACE',''
  ) );
#10965 = PCURVE('',#10618,#10966);
#10966 = DEFINITIONAL_REPRESENTATION('',(#10967),#10971);
#10967 = B_SPLINE_CURVE_WITH_KNOTS('',2,(#10968,#10969,#10970),
  .UNSPECIFIED.,.F.,.F.,(3,3),(0.,1.),.PIECEWISE_BEZIER_KNOTS.);
#10968 = CARTESIAN_POINT('',(221.8798828125,30.66650390625));
#10969 = CARTESIAN_POINT('',(220.8740234375,30.66650390625));
#10970 = CARTESIAN_POINT('',(220.14892578125,29.9755859375));
#10971 = ( GEOMETRIC_REPRESENTATION_CONTEXT(2) 
PARAMETRIC_REPRESENTATION_CONTEXT() REPRESENTATION_CONTEXT('2D SPACE',''
  ) );
#10972 = ADVANCED_FACE('',(#10973),#9043,.T.);
#10973 = FACE_BOUND('',#10974,.T.);
#10974 = EDGE_LOOP('',(#10975,#10976,#10977,#10978));
#10975 = ORIENTED_EDGE('',*,*,#10929,.T.);
#10976 = ORIENTED_EDGE('',*,*,#9029,.T.);
#10977 = ORIENTED_EDGE('',*,*,#10557,.F.);
#10978 = ORIENTED_EDGE('',*,*,#10979,.F.);
#10979 = EDGE_CURVE('',#10930,#10558,#10980,.T.);
#10980 = SURFACE_CURVE('',#10981,(#10985,#10992),.PCURVE_S1.);
#10981 = B_SPLINE_CURVE_WITH_KNOTS('',2,(#10982,#10983,#10984),
  .UNSPECIFIED.,.F.,.F.,(3,3),(0.,1.),.PIECEWISE_BEZIER_KNOTS.);
#10982 = CARTESIAN_POINT('',(100.14892578125,2.4755859375,17.5));
#10983 = CARTESIAN_POINT('',(99.423828125,1.78466796875,17.5));
#10984 = CARTESIAN_POINT('',(99.423828125,0.16845703125,17.5));
#10985 = PCURVE('',#9043,#10986);
#10986 = DEFINITIONAL_REPRESENTATION('',(#10987),#10991);
#10987 = LINE('',#10988,#10989);
#10988 = CARTESIAN_POINT('',(0.,0.));
#10989 = VECTOR('',#10990,1.);
#10990 = DIRECTION('',(1.,0.));
#10991 = ( GEOMETRIC_REPRESENTATION_CONTEXT(2) 
PARAMETRIC_REPRESENTATION_CONTEXT() REPRESENTATION_CONTEXT('2D SPACE',''
  ) );
#10992 = PCURVE('',#10618,#10993);
#10993 = DEFINITIONAL_REPRESENTATION('',(#10994),#10998);
#10994 = B_SPLINE_CURVE_WITH_KNOTS('',2,(#10995,#10996,#10997),
  .UNSPECIFIED.,.F.,.F.,(3,3),(0.,1.),.PIECEWISE_BEZIER_KNOTS.);
#10995 = CARTESIAN_POINT('',(220.14892578125,29.9755859375));
#10996 = CARTESIAN_POINT('',(219.423828125,29.28466796875));
#10997 = CARTESIAN_POINT('',(219.423828125,27.66845703125));
#10998 = ( GEOMETRIC_REPRESENTATION_CONTEXT(2) 
PARAMETRIC_REPRESENTATION_CONTEXT() REPRESENTATION_CONTEXT('2D SPACE',''
  ) );
#10999 = ADVANCED_FACE('',(#11000),#9116,.T.);
#11000 = FACE_BOUND('',#11001,.T.);
#11001 = EDGE_LOOP('',(#11002));
#11002 = ORIENTED_EDGE('',*,*,#9101,.T.);
#11003 = ADVANCED_FACE('',(#11004),#9338,.T.);
#11004 = FACE_BOUND('',#11005,.T.);
#11005 = EDGE_LOOP('',(#11006,#11027,#11028,#11029));
#11006 = ORIENTED_EDGE('',*,*,#11007,.F.);
#11007 = EDGE_CURVE('',#9481,#9377,#11008,.T.);
#11008 = SURFACE_CURVE('',#11009,(#11013,#11020),.PCURVE_S1.);
#11009 = LINE('',#11010,#11011);
#11010 = CARTESIAN_POINT('',(-109.8312133667,-7.5,19.365849474614));
#11011 = VECTOR('',#11012,1.);
#11012 = DIRECTION('',(0.,1.,0.));
#11013 = PCURVE('',#9338,#11014);
#11014 = DEFINITIONAL_REPRESENTATION('',(#11015),#11019);
#11015 = LINE('',#11016,#11017);
#11016 = CARTESIAN_POINT('',(0.,0.));
#11017 = VECTOR('',#11018,1.);
#11018 = DIRECTION('',(0.,1.));
#11019 = ( GEOMETRIC_REPRESENTATION_CONTEXT(2) 
PARAMETRIC_REPRESENTATION_CONTEXT() REPRESENTATION_CONTEXT('2D SPACE',''
  ) );
#11020 = PCURVE('',#9392,#11021);
#11021 = DEFINITIONAL_REPRESENTATION('',(#11022),#11026);
#11022 = LINE('',#11023,#11024);
#11023 = CARTESIAN_POINT('',(3.,0.));
#11024 = VECTOR('',#11025,1.);
#11025 = DIRECTION('',(0.,-1.));
#11026 = ( GEOMETRIC_REPRESENTATION_CONTEXT(2) 
PARAMETRIC_REPRESENTATION_CONTEXT() REPRESENTATION_CONTEXT('2D SPACE',''
  ) );
#11027 = ORIENTED_EDGE('',*,*,#9503,.T.);
#11028 = ORIENTED_EDGE('',*,*,#9324,.T.);
#11029 = ORIENTED_EDGE('',*,*,#9404,.F.);
#11030 = ADVANCED_FACE('',(#11031),#9392,.F.);
#11031 = FACE_BOUND('',#11032,.F.);
#11032 = EDGE_LOOP('',(#11033,#11034,#11035,#11036));
#11033 = ORIENTED_EDGE('',*,*,#9480,.F.);
#11034 = ORIENTED_EDGE('',*,*,#9431,.T.);
#11035 = ORIENTED_EDGE('',*,*,#9376,.T.);
#11036 = ORIENTED_EDGE('',*,*,#11007,.F.);
#11037 = ADVANCED_FACE('',(#11038),#9567,.T.);
#11038 = FACE_BOUND('',#11039,.T.);
#11039 = EDGE_LOOP('',(#11040));
#11040 = ORIENTED_EDGE('',*,*,#9552,.T.);
#11041 = ADVANCED_FACE('',(#11042),#9622,.T.);
#11042 = FACE_BOUND('',#11043,.T.);
#11043 = EDGE_LOOP('',(#11044));
#11044 = ORIENTED_EDGE('',*,*,#9607,.T.);
#11045 = ADVANCED_FACE('',(#11046),#9677,.T.);
#11046 = FACE_BOUND('',#11047,.T.);
#11047 = EDGE_LOOP('',(#11048));
#11048 = ORIENTED_EDGE('',*,*,#9662,.T.);
#11049 = ADVANCED_FACE('',(#11050),#9732,.T.);
#11050 = FACE_BOUND('',#11051,.T.);
#11051 = EDGE_LOOP('',(#11052));
#11052 = ORIENTED_EDGE('',*,*,#9717,.T.);
#11053 = ADVANCED_FACE('',(#11054),#10039,.T.);
#11054 = FACE_BOUND('',#11055,.T.);
#11055 = EDGE_LOOP('',(#11056));
#11056 = ORIENTED_EDGE('',*,*,#10024,.T.);
#11057 = ADVANCED_FACE('',(#11058),#10094,.T.);
#11058 = FACE_BOUND('',#11059,.T.);
#11059 = EDGE_LOOP('',(#11060));
#11060 = ORIENTED_EDGE('',*,*,#10079,.T.);
#11061 = ADVANCED_FACE('',(#11062),#10172,.T.);
#11062 = FACE_BOUND('',#11063,.T.);
#11063 = EDGE_LOOP('',(#11064,#11065,#11066,#11067,#11068,#11069,#11070,
    #11071,#11072));
#11064 = ORIENTED_EDGE('',*,*,#10533,.T.);
#11065 = ORIENTED_EDGE('',*,*,#10158,.T.);
#11066 = ORIENTED_EDGE('',*,*,#10212,.T.);
#11067 = ORIENTED_EDGE('',*,*,#10261,.T.);
#11068 = ORIENTED_EDGE('',*,*,#10310,.T.);
#11069 = ORIENTED_EDGE('',*,*,#10359,.T.);
#11070 = ORIENTED_EDGE('',*,*,#10408,.T.);
#11071 = ORIENTED_EDGE('',*,*,#10457,.T.);
#11072 = ORIENTED_EDGE('',*,*,#10506,.T.);
#11073 = ADVANCED_FACE('',(#11074),#10618,.T.);
#11074 = FACE_BOUND('',#11075,.T.);
#11075 = EDGE_LOOP('',(#11076,#11077,#11078,#11079,#11080,#11081,#11082,
    #11083,#11084));
#11076 = ORIENTED_EDGE('',*,*,#10979,.T.);
#11077 = ORIENTED_EDGE('',*,*,#10604,.T.);
#11078 = ORIENTED_EDGE('',*,*,#10658,.T.);
#11079 = ORIENTED_EDGE('',*,*,#10707,.T.);
#11080 = ORIENTED_EDGE('',*,*,#10756,.T.);
#11081 = ORIENTED_EDGE('',*,*,#10805,.T.);
#11082 = ORIENTED_EDGE('',*,*,#10854,.T.);
#11083 = ORIENTED_EDGE('',*,*,#10903,.T.);
#11084 = ORIENTED_EDGE('',*,*,#10952,.T.);
#11085 = ORIENTED_CLOSED_SHELL('',*,#11086,.F.);
#11086 = CLOSED_SHELL('',(#11087,#11175,#11179));
#11087 = ADVANCED_FACE('',(#11088),#11101,.T.);
#11088 = FACE_BOUND('',#11089,.T.);
#11089 = EDGE_LOOP('',(#11090,#11124,#11147,#11174));
#11090 = ORIENTED_EDGE('',*,*,#11091,.F.);
#11091 = EDGE_CURVE('',#11092,#11092,#11094,.T.);
#11092 = VERTEX_POINT('',#11093);
#11093 = CARTESIAN_POINT('',(110.,-1.224646799147E-15,-5.));
#11094 = SURFACE_CURVE('',#11095,(#11100,#11112),.PCURVE_S1.);
#11095 = CIRCLE('',#11096,5.);
#11096 = AXIS2_PLACEMENT_3D('',#11097,#11098,#11099);
#11097 = CARTESIAN_POINT('',(110.,0.,-4.440892098501E-15));
#11098 = DIRECTION('',(1.,-0.,1.110223024625E-16));
#11099 = DIRECTION('',(1.110223024625E-16,0.,-1.));
#11100 = PCURVE('',#11101,#11106);
#11101 = CYLINDRICAL_SURFACE('',#11102,5.);
#11102 = AXIS2_PLACEMENT_3D('',#11103,#11104,#11105);
#11103 = CARTESIAN_POINT('',(92.,0.,-1.998401444325E-15));
#11104 = DIRECTION('',(1.,0.,1.110223024625E-16));
#11105 = DIRECTION('',(1.110223024625E-16,0.,-1.));
#11106 = DEFINITIONAL_REPRESENTATION('',(#11107),#11111);
#11107 = LINE('',#11108,#11109);
#11108 = CARTESIAN_POINT('',(0.,18.));
#11109 = VECTOR('',#11110,1.);
#11110 = DIRECTION('',(1.,0.));
#11111 = ( GEOMETRIC_REPRESENTATION_CONTEXT(2) 
PARAMETRIC_REPRESENTATION_CONTEXT() REPRESENTATION_CONTEXT('2D SPACE',''
  ) );
#11112 = PCURVE('',#11113,#11118);
#11113 = PLANE('',#11114);
#11114 = AXIS2_PLACEMENT_3D('',#11115,#11116,#11117);
#11115 = CARTESIAN_POINT('',(110.,0.,-4.440892098501E-15));
#11116 = DIRECTION('',(1.,0.,1.110223024625E-16));
#11117 = DIRECTION('',(1.110223024625E-16,0.,-1.));
#11118 = DEFINITIONAL_REPRESENTATION('',(#11119),#11123);
#11119 = CIRCLE('',#11120,5.);
#11120 = AXIS2_PLACEMENT_2D('',#11121,#11122);
#11121 = CARTESIAN_POINT('',(0.,0.));
#11122 = DIRECTION('',(1.,0.));
#11123 = ( GEOMETRIC_REPRESENTATION_CONTEXT(2) 
PARAMETRIC_REPRESENTATION_CONTEXT() REPRESENTATION_CONTEXT('2D SPACE',''
  ) );
#11124 = ORIENTED_EDGE('',*,*,#11125,.F.);
#11125 = EDGE_CURVE('',#11126,#11092,#11128,.T.);
#11126 = VERTEX_POINT('',#11127);
#11127 = CARTESIAN_POINT('',(92.,-1.224646799147E-15,-5.));
#11128 = SEAM_CURVE('',#11129,(#11133,#11140),.PCURVE_S1.);
#11129 = LINE('',#11130,#11131);
#11130 = CARTESIAN_POINT('',(92.,-1.224646799147E-15,-5.));
#11131 = VECTOR('',#11132,1.);
#11132 = DIRECTION('',(1.,0.,1.110223024625E-16));
#11133 = PCURVE('',#11101,#11134);
#11134 = DEFINITIONAL_REPRESENTATION('',(#11135),#11139);
#11135 = LINE('',#11136,#11137);
#11136 = CARTESIAN_POINT('',(6.28318530718,-0.));
#11137 = VECTOR('',#11138,1.);
#11138 = DIRECTION('',(0.,1.));
#11139 = ( GEOMETRIC_REPRESENTATION_CONTEXT(2) 
PARAMETRIC_REPRESENTATION_CONTEXT() REPRESENTATION_CONTEXT('2D SPACE',''
  ) );
#11140 = PCURVE('',#11101,#11141);
#11141 = DEFINITIONAL_REPRESENTATION('',(#11142),#11146);
#11142 = LINE('',#11143,#11144);
#11143 = CARTESIAN_POINT('',(0.,-0.));
#11144 = VECTOR('',#11145,1.);
#11145 = DIRECTION('',(0.,1.));
#11146 = ( GEOMETRIC_REPRESENTATION_CONTEXT(2) 
PARAMETRIC_REPRESENTATION_CONTEXT() REPRESENTATION_CONTEXT('2D SPACE',''
  ) );
#11147 = ORIENTED_EDGE('',*,*,#11148,.T.);
#11148 = EDGE_CURVE('',#11126,#11126,#11149,.T.);
#11149 = SURFACE_CURVE('',#11150,(#11155,#11162),.PCURVE_S1.);
#11150 = CIRCLE('',#11151,5.);
#11151 = AXIS2_PLACEMENT_3D('',#11152,#11153,#11154);
#11152 = CARTESIAN_POINT('',(92.,0.,-1.998401444325E-15));
#11153 = DIRECTION('',(1.,-0.,1.110223024625E-16));
#11154 = DIRECTION('',(1.110223024625E-16,0.,-1.));
#11155 = PCURVE('',#11101,#11156);
#11156 = DEFINITIONAL_REPRESENTATION('',(#11157),#11161);
#11157 = LINE('',#11158,#11159);
#11158 = CARTESIAN_POINT('',(0.,0.));
#11159 = VECTOR('',#11160,1.);
#11160 = DIRECTION('',(1.,0.));
#11161 = ( GEOMETRIC_REPRESENTATION_CONTEXT(2) 
PARAMETRIC_REPRESENTATION_CONTEXT() REPRESENTATION_CONTEXT('2D SPACE',''
  ) );
#11162 = PCURVE('',#11163,#11168);
#11163 = PLANE('',#11164);
#11164 = AXIS2_PLACEMENT_3D('',#11165,#11166,#11167);
#11165 = CARTESIAN_POINT('',(92.,0.,-1.998401444325E-15));
#11166 = DIRECTION('',(1.,0.,1.110223024625E-16));
#11167 = DIRECTION('',(1.110223024625E-16,0.,-1.));
#11168 = DEFINITIONAL_REPRESENTATION('',(#11169),#11173);
#11169 = CIRCLE('',#11170,5.);
#11170 = AXIS2_PLACEMENT_2D('',#11171,#11172);
#11171 = CARTESIAN_POINT('',(0.,0.));
#11172 = DIRECTION('',(1.,0.));
#11173 = ( GEOMETRIC_REPRESENTATION_CONTEXT(2) 
PARAMETRIC_REPRESENTATION_CONTEXT() REPRESENTATION_CONTEXT('2D SPACE',''
  ) );
#11174 = ORIENTED_EDGE('',*,*,#11125,.T.);
#11175 = ADVANCED_FACE('',(#11176),#11113,.T.);
#11176 = FACE_BOUND('',#11177,.F.);
#11177 = EDGE_LOOP('',(#11178));
#11178 = ORIENTED_EDGE('',*,*,#11091,.F.);
#11179 = ADVANCED_FACE('',(#11180),#11163,.F.);
#11180 = FACE_BOUND('',#11181,.T.);
#11181 = EDGE_LOOP('',(#11182));
#11182 = ORIENTED_EDGE('',*,*,#11148,.F.);
#11183 = ( GEOMETRIC_REPRESENTATION_CONTEXT(3) 
GLOBAL_UNCERTAINTY_ASSIGNED_CONTEXT((#11187)) 
GLOBAL_UNIT_ASSIGNED_CONTEXT((#11184,#11185,#11186)) 
REPRESENTATION_CONTEXT('Context #1',
  '3D Context with UNIT and UNCERTAINTY') );
#11184 = ( LENGTH_UNIT() NAMED_UNIT(*) SI_UNIT(.MILLI.,.METRE.) );
#11185 = ( NAMED_UNIT(*) PLANE_ANGLE_UNIT() SI_UNIT($,.RADIAN.) );
#11186 = ( NAMED_UNIT(*) SI_UNIT($,.STERADIAN.) SOLID_ANGLE_UNIT() );
#11187 = UNCERTAINTY_MEASURE_WITH_UNIT(LENGTH_MEASURE(1.E-07),#11184,
  'distance_accuracy_value','confusion accuracy');
#11188 = CONTEXT_DEPENDENT_SHAPE_REPRESENTATION(#11189,#11191);
#11189 = ( REPRESENTATION_RELATIONSHIP('','',#36,#10) 
REPRESENTATION_RELATIONSHIP_WITH_TRANSFORMATION(#11190) 
SHAPE_REPRESENTATION_RELATIONSHIP() );
#11190 = ITEM_DEFINED_TRANSFORMATION('','',#11,#15);
#11191 = PRODUCT_DEFINITION_SHAPE('Placement','Placement of an item',
  #11192);
#11192 = NEXT_ASSEMBLY_USAGE_OCCURRENCE('1','','',#5,#31,$);
#11193 = PRODUCT_RELATED_PRODUCT_CATEGORY('part',$,(#33));
#11194 = SHAPE_DEFINITION_REPRESENTATION(#11195,#11201);
#11195 = PRODUCT_DEFINITION_SHAPE('','',#11196);
#11196 = PRODUCT_DEFINITION('design','',#11197,#11200);
#11197 = PRODUCT_DEFINITION_FORMATION('','',#11198);
#11198 = PRODUCT('Open CASCADE STEP translator 7.8 1.2',
  'Open CASCADE STEP translator 7.8 1.2','',(#11199));
#11199 = PRODUCT_CONTEXT('',#2,'mechanical');
#11200 = PRODUCT_DEFINITION_CONTEXT('part definition',#2,'design');
#11201 = ADVANCED_BREP_SHAPE_REPRESENTATION('',(#11,#11202),#13362);
#11202 = MANIFOLD_SOLID_BREP('',#11203);
#11203 = CLOSED_SHELL('',(#11204,#11324,#11400,#11478,#11556,#11634,
    #11712,#11790,#11868,#11946,#12022,#12098,#12174,#12252,#12330,
    #12408,#12486,#12562,#12633,#12680,#12790,#12868,#12946,#13024,
    #13102,#13180,#13251,#13298,#13330));
#11204 = ADVANCED_FACE('',(#11205),#11219,.T.);
#11205 = FACE_BOUND('',#11206,.T.);
#11206 = EDGE_LOOP('',(#11207,#11242,#11270,#11298));
#11207 = ORIENTED_EDGE('',*,*,#11208,.T.);
#11208 = EDGE_CURVE('',#11209,#11211,#11213,.T.);
#11209 = VERTEX_POINT('',#11210);
#11210 = CARTESIAN_POINT('',(-24.0087890625,-3.30322265625,0.));
#11211 = VERTEX_POINT('',#11212);
#11212 = CARTESIAN_POINT('',(-24.0087890625,-3.30322265625,0.5));
#11213 = SURFACE_CURVE('',#11214,(#11218,#11230),.PCURVE_S1.);
#11214 = LINE('',#11215,#11216);
#11215 = CARTESIAN_POINT('',(-24.0087890625,-3.30322265625,0.));
#11216 = VECTOR('',#11217,1.);
#11217 = DIRECTION('',(0.,0.,1.));
#11218 = PCURVE('',#11219,#11224);
#11219 = PLANE('',#11220);
#11220 = AXIS2_PLACEMENT_3D('',#11221,#11222,#11223);
#11221 = CARTESIAN_POINT('',(-24.0087890625,-3.30322265625,0.));
#11222 = DIRECTION('',(0.,-1.,0.));
#11223 = DIRECTION('',(-1.,0.,0.));
#11224 = DEFINITIONAL_REPRESENTATION('',(#11225),#11229);
#11225 = LINE('',#11226,#11227);
#11226 = CARTESIAN_POINT('',(0.,-0.));
#11227 = VECTOR('',#11228,1.);
#11228 = DIRECTION('',(0.,-1.));
#11229 = ( GEOMETRIC_REPRESENTATION_CONTEXT(2) 
PARAMETRIC_REPRESENTATION_CONTEXT() REPRESENTATION_CONTEXT('2D SPACE',''
  ) );
#11230 = PCURVE('',#11231,#11236);
#11231 = PLANE('',#11232);
#11232 = AXIS2_PLACEMENT_3D('',#11233,#11234,#11235);
#11233 = CARTESIAN_POINT('',(-24.0087890625,-0.12451171875,0.));
#11234 = DIRECTION('',(1.,0.,-0.));
#11235 = DIRECTION('',(0.,-1.,0.));
#11236 = DEFINITIONAL_REPRESENTATION('',(#11237),#11241);
#11237 = LINE('',#11238,#11239);
#11238 = CARTESIAN_POINT('',(3.1787109375,0.));
#11239 = VECTOR('',#11240,1.);
#11240 = DIRECTION('',(0.,-1.));
#11241 = ( GEOMETRIC_REPRESENTATION_CONTEXT(2) 
PARAMETRIC_REPRESENTATION_CONTEXT() REPRESENTATION_CONTEXT('2D SPACE',''
  ) );
#11242 = ORIENTED_EDGE('',*,*,#11243,.T.);
#11243 = EDGE_CURVE('',#11211,#11244,#11246,.T.);
#11244 = VERTEX_POINT('',#11245);
#11245 = CARTESIAN_POINT('',(-24.9560546875,-3.30322265625,0.5));
#11246 = SURFACE_CURVE('',#11247,(#11251,#11258),.PCURVE_S1.);
#11247 = LINE('',#11248,#11249);
#11248 = CARTESIAN_POINT('',(-24.0087890625,-3.30322265625,0.5));
#11249 = VECTOR('',#11250,1.);
#11250 = DIRECTION('',(-1.,0.,0.));
#11251 = PCURVE('',#11219,#11252);
#11252 = DEFINITIONAL_REPRESENTATION('',(#11253),#11257);
#11253 = LINE('',#11254,#11255);
#11254 = CARTESIAN_POINT('',(0.,-0.5));
#11255 = VECTOR('',#11256,1.);
#11256 = DIRECTION('',(1.,0.));
#11257 = ( GEOMETRIC_REPRESENTATION_CONTEXT(2) 
PARAMETRIC_REPRESENTATION_CONTEXT() REPRESENTATION_CONTEXT('2D SPACE',''
  ) );
#11258 = PCURVE('',#11259,#11264);
#11259 = PLANE('',#11260);
#11260 = AXIS2_PLACEMENT_3D('',#11261,#11262,#11263);
#11261 = CARTESIAN_POINT('',(-25.7421875,-3.30322265625,0.5));
#11262 = DIRECTION('',(0.,0.,1.));
#11263 = DIRECTION('',(1.,0.,0.));
#11264 = DEFINITIONAL_REPRESENTATION('',(#11265),#11269);
#11265 = LINE('',#11266,#11267);
#11266 = CARTESIAN_POINT('',(1.7333984375,0.));
#11267 = VECTOR('',#11268,1.);
#11268 = DIRECTION('',(-1.,0.));
#11269 = ( GEOMETRIC_REPRESENTATION_CONTEXT(2) 
PARAMETRIC_REPRESENTATION_CONTEXT() REPRESENTATION_CONTEXT('2D SPACE',''
  ) );
#11270 = ORIENTED_EDGE('',*,*,#11271,.F.);
#11271 = EDGE_CURVE('',#11272,#11244,#11274,.T.);
#11272 = VERTEX_POINT('',#11273);
#11273 = CARTESIAN_POINT('',(-24.9560546875,-3.30322265625,0.));
#11274 = SURFACE_CURVE('',#11275,(#11279,#11286),.PCURVE_S1.);
#11275 = LINE('',#11276,#11277);
#11276 = CARTESIAN_POINT('',(-24.9560546875,-3.30322265625,0.));
#11277 = VECTOR('',#11278,1.);
#11278 = DIRECTION('',(0.,0.,1.));
#11279 = PCURVE('',#11219,#11280);
#11280 = DEFINITIONAL_REPRESENTATION('',(#11281),#11285);
#11281 = LINE('',#11282,#11283);
#11282 = CARTESIAN_POINT('',(0.947265625,0.));
#11283 = VECTOR('',#11284,1.);
#11284 = DIRECTION('',(0.,-1.));
#11285 = ( GEOMETRIC_REPRESENTATION_CONTEXT(2) 
PARAMETRIC_REPRESENTATION_CONTEXT() REPRESENTATION_CONTEXT('2D SPACE',''
  ) );
#11286 = PCURVE('',#11287,#11292);
#11287 = PLANE('',#11288);
#11288 = AXIS2_PLACEMENT_3D('',#11289,#11290,#11291);
#11289 = CARTESIAN_POINT('',(-24.9560546875,-3.30322265625,0.));
#11290 = DIRECTION('',(-1.,0.,0.));
#11291 = DIRECTION('',(0.,1.,0.));
#11292 = DEFINITIONAL_REPRESENTATION('',(#11293),#11297);
#11293 = LINE('',#11294,#11295);
#11294 = CARTESIAN_POINT('',(0.,0.));
#11295 = VECTOR('',#11296,1.);
#11296 = DIRECTION('',(0.,-1.));
#11297 = ( GEOMETRIC_REPRESENTATION_CONTEXT(2) 
PARAMETRIC_REPRESENTATION_CONTEXT() REPRESENTATION_CONTEXT('2D SPACE',''
  ) );
#11298 = ORIENTED_EDGE('',*,*,#11299,.F.);
#11299 = EDGE_CURVE('',#11209,#11272,#11300,.T.);
#11300 = SURFACE_CURVE('',#11301,(#11305,#11312),.PCURVE_S1.);
#11301 = LINE('',#11302,#11303);
#11302 = CARTESIAN_POINT('',(-24.0087890625,-3.30322265625,0.));
#11303 = VECTOR('',#11304,1.);
#11304 = DIRECTION('',(-1.,0.,0.));
#11305 = PCURVE('',#11219,#11306);
#11306 = DEFINITIONAL_REPRESENTATION('',(#11307),#11311);
#11307 = LINE('',#11308,#11309);
#11308 = CARTESIAN_POINT('',(0.,-0.));
#11309 = VECTOR('',#11310,1.);
#11310 = DIRECTION('',(1.,0.));
#11311 = ( GEOMETRIC_REPRESENTATION_CONTEXT(2) 
PARAMETRIC_REPRESENTATION_CONTEXT() REPRESENTATION_CONTEXT('2D SPACE',''
  ) );
#11312 = PCURVE('',#11313,#11318);
#11313 = PLANE('',#11314);
#11314 = AXIS2_PLACEMENT_3D('',#11315,#11316,#11317);
#11315 = CARTESIAN_POINT('',(-25.7421875,-3.30322265625,0.));
#11316 = DIRECTION('',(0.,0.,1.));
#11317 = DIRECTION('',(1.,0.,0.));
#11318 = DEFINITIONAL_REPRESENTATION('',(#11319),#11323);
#11319 = LINE('',#11320,#11321);
#11320 = CARTESIAN_POINT('',(1.7333984375,0.));
#11321 = VECTOR('',#11322,1.);
#11322 = DIRECTION('',(-1.,0.));
#11323 = ( GEOMETRIC_REPRESENTATION_CONTEXT(2) 
PARAMETRIC_REPRESENTATION_CONTEXT() REPRESENTATION_CONTEXT('2D SPACE',''
  ) );
#11324 = ADVANCED_FACE('',(#11325),#11287,.T.);
#11325 = FACE_BOUND('',#11326,.T.);
#11326 = EDGE_LOOP('',(#11327,#11328,#11351,#11379));
#11327 = ORIENTED_EDGE('',*,*,#11271,.T.);
#11328 = ORIENTED_EDGE('',*,*,#11329,.T.);
#11329 = EDGE_CURVE('',#11244,#11330,#11332,.T.);
#11330 = VERTEX_POINT('',#11331);
#11331 = CARTESIAN_POINT('',(-24.9560546875,3.85498046875,0.5));
#11332 = SURFACE_CURVE('',#11333,(#11337,#11344),.PCURVE_S1.);
#11333 = LINE('',#11334,#11335);
#11334 = CARTESIAN_POINT('',(-24.9560546875,-3.30322265625,0.5));
#11335 = VECTOR('',#11336,1.);
#11336 = DIRECTION('',(0.,1.,0.));
#11337 = PCURVE('',#11287,#11338);
#11338 = DEFINITIONAL_REPRESENTATION('',(#11339),#11343);
#11339 = LINE('',#11340,#11341);
#11340 = CARTESIAN_POINT('',(0.,-0.5));
#11341 = VECTOR('',#11342,1.);
#11342 = DIRECTION('',(1.,0.));
#11343 = ( GEOMETRIC_REPRESENTATION_CONTEXT(2) 
PARAMETRIC_REPRESENTATION_CONTEXT() REPRESENTATION_CONTEXT('2D SPACE',''
  ) );
#11344 = PCURVE('',#11259,#11345);
#11345 = DEFINITIONAL_REPRESENTATION('',(#11346),#11350);
#11346 = LINE('',#11347,#11348);
#11347 = CARTESIAN_POINT('',(0.7861328125,0.));
#11348 = VECTOR('',#11349,1.);
#11349 = DIRECTION('',(0.,1.));
#11350 = ( GEOMETRIC_REPRESENTATION_CONTEXT(2) 
PARAMETRIC_REPRESENTATION_CONTEXT() REPRESENTATION_CONTEXT('2D SPACE',''
  ) );
#11351 = ORIENTED_EDGE('',*,*,#11352,.F.);
#11352 = EDGE_CURVE('',#11353,#11330,#11355,.T.);
#11353 = VERTEX_POINT('',#11354);
#11354 = CARTESIAN_POINT('',(-24.9560546875,3.85498046875,0.));
#11355 = SURFACE_CURVE('',#11356,(#11360,#11367),.PCURVE_S1.);
#11356 = LINE('',#11357,#11358);
#11357 = CARTESIAN_POINT('',(-24.9560546875,3.85498046875,0.));
#11358 = VECTOR('',#11359,1.);
#11359 = DIRECTION('',(0.,0.,1.));
#11360 = PCURVE('',#11287,#11361);
#11361 = DEFINITIONAL_REPRESENTATION('',(#11362),#11366);
#11362 = LINE('',#11363,#11364);
#11363 = CARTESIAN_POINT('',(7.158203125,0.));
#11364 = VECTOR('',#11365,1.);
#11365 = DIRECTION('',(0.,-1.));
#11366 = ( GEOMETRIC_REPRESENTATION_CONTEXT(2) 
PARAMETRIC_REPRESENTATION_CONTEXT() REPRESENTATION_CONTEXT('2D SPACE',''
  ) );
#11367 = PCURVE('',#11368,#11373);
#11368 = PLANE('',#11369);
#11369 = AXIS2_PLACEMENT_3D('',#11370,#11371,#11372);
#11370 = CARTESIAN_POINT('',(-24.9560546875,3.85498046875,0.));
#11371 = DIRECTION('',(0.,1.,0.));
#11372 = DIRECTION('',(1.,0.,0.));
#11373 = DEFINITIONAL_REPRESENTATION('',(#11374),#11378);
#11374 = LINE('',#11375,#11376);
#11375 = CARTESIAN_POINT('',(0.,0.));
#11376 = VECTOR('',#11377,1.);
#11377 = DIRECTION('',(0.,-1.));
#11378 = ( GEOMETRIC_REPRESENTATION_CONTEXT(2) 
PARAMETRIC_REPRESENTATION_CONTEXT() REPRESENTATION_CONTEXT('2D SPACE',''
  ) );
#11379 = ORIENTED_EDGE('',*,*,#11380,.F.);
#11380 = EDGE_CURVE('',#11272,#11353,#11381,.T.);
#11381 = SURFACE_CURVE('',#11382,(#11386,#11393),.PCURVE_S1.);
#11382 = LINE('',#11383,#11384);
#11383 = CARTESIAN_POINT('',(-24.9560546875,-3.30322265625,0.));
#11384 = VECTOR('',#11385,1.);
#11385 = DIRECTION('',(0.,1.,0.));
#11386 = PCURVE('',#11287,#11387);
#11387 = DEFINITIONAL_REPRESENTATION('',(#11388),#11392);
#11388 = LINE('',#11389,#11390);
#11389 = CARTESIAN_POINT('',(0.,0.));
#11390 = VECTOR('',#11391,1.);
#11391 = DIRECTION('',(1.,0.));
#11392 = ( GEOMETRIC_REPRESENTATION_CONTEXT(2) 
PARAMETRIC_REPRESENTATION_CONTEXT() REPRESENTATION_CONTEXT('2D SPACE',''
  ) );
#11393 = PCURVE('',#11313,#11394);
#11394 = DEFINITIONAL_REPRESENTATION('',(#11395),#11399);
#11395 = LINE('',#11396,#11397);
#11396 = CARTESIAN_POINT('',(0.7861328125,0.));
#11397 = VECTOR('',#11398,1.);
#11398 = DIRECTION('',(0.,1.));
#11399 = ( GEOMETRIC_REPRESENTATION_CONTEXT(2) 
PARAMETRIC_REPRESENTATION_CONTEXT() REPRESENTATION_CONTEXT('2D SPACE',''
  ) );
#11400 = ADVANCED_FACE('',(#11401),#11368,.T.);
#11401 = FACE_BOUND('',#11402,.T.);
#11402 = EDGE_LOOP('',(#11403,#11404,#11427,#11457));
#11403 = ORIENTED_EDGE('',*,*,#11352,.T.);
#11404 = ORIENTED_EDGE('',*,*,#11405,.T.);
#11405 = EDGE_CURVE('',#11330,#11406,#11408,.T.);
#11406 = VERTEX_POINT('',#11407);
#11407 = CARTESIAN_POINT('',(-21.7822265625,3.85498046875,0.5));
#11408 = SURFACE_CURVE('',#11409,(#11413,#11420),.PCURVE_S1.);
#11409 = LINE('',#11410,#11411);
#11410 = CARTESIAN_POINT('',(-24.9560546875,3.85498046875,0.5));
#11411 = VECTOR('',#11412,1.);
#11412 = DIRECTION('',(1.,0.,0.));
#11413 = PCURVE('',#11368,#11414);
#11414 = DEFINITIONAL_REPRESENTATION('',(#11415),#11419);
#11415 = LINE('',#11416,#11417);
#11416 = CARTESIAN_POINT('',(0.,-0.5));
#11417 = VECTOR('',#11418,1.);
#11418 = DIRECTION('',(1.,0.));
#11419 = ( GEOMETRIC_REPRESENTATION_CONTEXT(2) 
PARAMETRIC_REPRESENTATION_CONTEXT() REPRESENTATION_CONTEXT('2D SPACE',''
  ) );
#11420 = PCURVE('',#11259,#11421);
#11421 = DEFINITIONAL_REPRESENTATION('',(#11422),#11426);
#11422 = LINE('',#11423,#11424);
#11423 = CARTESIAN_POINT('',(0.7861328125,7.158203125));
#11424 = VECTOR('',#11425,1.);
#11425 = DIRECTION('',(1.,0.));
#11426 = ( GEOMETRIC_REPRESENTATION_CONTEXT(2) 
PARAMETRIC_REPRESENTATION_CONTEXT() REPRESENTATION_CONTEXT('2D SPACE',''
  ) );
#11427 = ORIENTED_EDGE('',*,*,#11428,.F.);
#11428 = EDGE_CURVE('',#11429,#11406,#11431,.T.);
#11429 = VERTEX_POINT('',#11430);
#11430 = CARTESIAN_POINT('',(-21.7822265625,3.85498046875,0.));
#11431 = SURFACE_CURVE('',#11432,(#11436,#11443),.PCURVE_S1.);
#11432 = LINE('',#11433,#11434);
#11433 = CARTESIAN_POINT('',(-21.7822265625,3.85498046875,0.));
#11434 = VECTOR('',#11435,1.);
#11435 = DIRECTION('',(0.,0.,1.));
#11436 = PCURVE('',#11368,#11437);
#11437 = DEFINITIONAL_REPRESENTATION('',(#11438),#11442);
#11438 = LINE('',#11439,#11440);
#11439 = CARTESIAN_POINT('',(3.173828125,0.));
#11440 = VECTOR('',#11441,1.);
#11441 = DIRECTION('',(0.,-1.));
#11442 = ( GEOMETRIC_REPRESENTATION_CONTEXT(2) 
PARAMETRIC_REPRESENTATION_CONTEXT() REPRESENTATION_CONTEXT('2D SPACE',''
  ) );
#11443 = PCURVE('',#11444,#11451);
#11444 = SURFACE_OF_LINEAR_EXTRUSION('',#11445,#11449);
#11445 = B_SPLINE_CURVE_WITH_KNOTS('',2,(#11446,#11447,#11448),
  .UNSPECIFIED.,.F.,.F.,(3,3),(0.,1.),.PIECEWISE_BEZIER_KNOTS.);
#11446 = CARTESIAN_POINT('',(-21.7822265625,3.85498046875,0.));
#11447 = CARTESIAN_POINT('',(-20.8251953125,3.85498046875,0.));
#11448 = CARTESIAN_POINT('',(-20.3271484375,3.662109375,0.));
#11449 = VECTOR('',#11450,1.);
#11450 = DIRECTION('',(-0.,-0.,-1.));
#11451 = DEFINITIONAL_REPRESENTATION('',(#11452),#11456);
#11452 = LINE('',#11453,#11454);
#11453 = CARTESIAN_POINT('',(0.,0.));
#11454 = VECTOR('',#11455,1.);
#11455 = DIRECTION('',(0.,-1.));
#11456 = ( GEOMETRIC_REPRESENTATION_CONTEXT(2) 
PARAMETRIC_REPRESENTATION_CONTEXT() REPRESENTATION_CONTEXT('2D SPACE',''
  ) );
#11457 = ORIENTED_EDGE('',*,*,#11458,.F.);
#11458 = EDGE_CURVE('',#11353,#11429,#11459,.T.);
#11459 = SURFACE_CURVE('',#11460,(#11464,#11471),.PCURVE_S1.);
#11460 = LINE('',#11461,#11462);
#11461 = CARTESIAN_POINT('',(-24.9560546875,3.85498046875,0.));
#11462 = VECTOR('',#11463,1.);
#11463 = DIRECTION('',(1.,0.,0.));
#11464 = PCURVE('',#11368,#11465);
#11465 = DEFINITIONAL_REPRESENTATION('',(#11466),#11470);
#11466 = LINE('',#11467,#11468);
#11467 = CARTESIAN_POINT('',(0.,0.));
#11468 = VECTOR('',#11469,1.);
#11469 = DIRECTION('',(1.,0.));
#11470 = ( GEOMETRIC_REPRESENTATION_CONTEXT(2) 
PARAMETRIC_REPRESENTATION_CONTEXT() REPRESENTATION_CONTEXT('2D SPACE',''
  ) );
#11471 = PCURVE('',#11313,#11472);
#11472 = DEFINITIONAL_REPRESENTATION('',(#11473),#11477);
#11473 = LINE('',#11474,#11475);
#11474 = CARTESIAN_POINT('',(0.7861328125,7.158203125));
#11475 = VECTOR('',#11476,1.);
#11476 = DIRECTION('',(1.,0.));
#11477 = ( GEOMETRIC_REPRESENTATION_CONTEXT(2) 
PARAMETRIC_REPRESENTATION_CONTEXT() REPRESENTATION_CONTEXT('2D SPACE',''
  ) );
#11478 = ADVANCED_FACE('',(#11479),#11444,.T.);
#11479 = FACE_BOUND('',#11480,.T.);
#11480 = EDGE_LOOP('',(#11481,#11482,#11505,#11535));
#11481 = ORIENTED_EDGE('',*,*,#11428,.T.);
#11482 = ORIENTED_EDGE('',*,*,#11483,.T.);
#11483 = EDGE_CURVE('',#11406,#11484,#11486,.T.);
#11484 = VERTEX_POINT('',#11485);
#11485 = CARTESIAN_POINT('',(-20.3271484375,3.662109375,0.5));
#11486 = SURFACE_CURVE('',#11487,(#11491,#11498),.PCURVE_S1.);
#11487 = B_SPLINE_CURVE_WITH_KNOTS('',2,(#11488,#11489,#11490),
  .UNSPECIFIED.,.F.,.F.,(3,3),(0.,1.),.PIECEWISE_BEZIER_KNOTS.);
#11488 = CARTESIAN_POINT('',(-21.7822265625,3.85498046875,0.5));
#11489 = CARTESIAN_POINT('',(-20.8251953125,3.85498046875,0.5));
#11490 = CARTESIAN_POINT('',(-20.3271484375,3.662109375,0.5));
#11491 = PCURVE('',#11444,#11492);
#11492 = DEFINITIONAL_REPRESENTATION('',(#11493),#11497);
#11493 = LINE('',#11494,#11495);
#11494 = CARTESIAN_POINT('',(0.,-0.5));
#11495 = VECTOR('',#11496,1.);
#11496 = DIRECTION('',(1.,0.));
#11497 = ( GEOMETRIC_REPRESENTATION_CONTEXT(2) 
PARAMETRIC_REPRESENTATION_CONTEXT() REPRESENTATION_CONTEXT('2D SPACE',''
  ) );
#11498 = PCURVE('',#11259,#11499);
#11499 = DEFINITIONAL_REPRESENTATION('',(#11500),#11504);
#11500 = B_SPLINE_CURVE_WITH_KNOTS('',2,(#11501,#11502,#11503),
  .UNSPECIFIED.,.F.,.F.,(3,3),(0.,1.),.PIECEWISE_BEZIER_KNOTS.);
#11501 = CARTESIAN_POINT('',(3.9599609375,7.158203125));
#11502 = CARTESIAN_POINT('',(4.9169921875,7.158203125));
#11503 = CARTESIAN_POINT('',(5.4150390625,6.96533203125));
#11504 = ( GEOMETRIC_REPRESENTATION_CONTEXT(2) 
PARAMETRIC_REPRESENTATION_CONTEXT() REPRESENTATION_CONTEXT('2D SPACE',''
  ) );
#11505 = ORIENTED_EDGE('',*,*,#11506,.F.);
#11506 = EDGE_CURVE('',#11507,#11484,#11509,.T.);
#11507 = VERTEX_POINT('',#11508);
#11508 = CARTESIAN_POINT('',(-20.3271484375,3.662109375,0.));
#11509 = SURFACE_CURVE('',#11510,(#11514,#11521),.PCURVE_S1.);
#11510 = LINE('',#11511,#11512);
#11511 = CARTESIAN_POINT('',(-20.3271484375,3.662109375,0.));
#11512 = VECTOR('',#11513,1.);
#11513 = DIRECTION('',(0.,0.,1.));
#11514 = PCURVE('',#11444,#11515);
#11515 = DEFINITIONAL_REPRESENTATION('',(#11516),#11520);
#11516 = LINE('',#11517,#11518);
#11517 = CARTESIAN_POINT('',(1.,0.));
#11518 = VECTOR('',#11519,1.);
#11519 = DIRECTION('',(0.,-1.));
#11520 = ( GEOMETRIC_REPRESENTATION_CONTEXT(2) 
PARAMETRIC_REPRESENTATION_CONTEXT() REPRESENTATION_CONTEXT('2D SPACE',''
  ) );
#11521 = PCURVE('',#11522,#11529);
#11522 = SURFACE_OF_LINEAR_EXTRUSION('',#11523,#11527);
#11523 = B_SPLINE_CURVE_WITH_KNOTS('',2,(#11524,#11525,#11526),
  .UNSPECIFIED.,.F.,.F.,(3,3),(0.,1.),.PIECEWISE_BEZIER_KNOTS.);
#11524 = CARTESIAN_POINT('',(-20.3271484375,3.662109375,0.));
#11525 = CARTESIAN_POINT('',(-19.8291015625,3.46923828125,0.));
#11526 = CARTESIAN_POINT('',(-19.53125,2.98095703125,0.));
#11527 = VECTOR('',#11528,1.);
#11528 = DIRECTION('',(-0.,-0.,-1.));
#11529 = DEFINITIONAL_REPRESENTATION('',(#11530),#11534);
#11530 = LINE('',#11531,#11532);
#11531 = CARTESIAN_POINT('',(0.,0.));
#11532 = VECTOR('',#11533,1.);
#11533 = DIRECTION('',(0.,-1.));
#11534 = ( GEOMETRIC_REPRESENTATION_CONTEXT(2) 
PARAMETRIC_REPRESENTATION_CONTEXT() REPRESENTATION_CONTEXT('2D SPACE',''
  ) );
#11535 = ORIENTED_EDGE('',*,*,#11536,.F.);
#11536 = EDGE_CURVE('',#11429,#11507,#11537,.T.);
#11537 = SURFACE_CURVE('',#11538,(#11542,#11549),.PCURVE_S1.);
#11538 = B_SPLINE_CURVE_WITH_KNOTS('',2,(#11539,#11540,#11541),
  .UNSPECIFIED.,.F.,.F.,(3,3),(0.,1.),.PIECEWISE_BEZIER_KNOTS.);
#11539 = CARTESIAN_POINT('',(-21.7822265625,3.85498046875,0.));
#11540 = CARTESIAN_POINT('',(-20.8251953125,3.85498046875,0.));
#11541 = CARTESIAN_POINT('',(-20.3271484375,3.662109375,0.));
#11542 = PCURVE('',#11444,#11543);
#11543 = DEFINITIONAL_REPRESENTATION('',(#11544),#11548);
#11544 = LINE('',#11545,#11546);
#11545 = CARTESIAN_POINT('',(0.,0.));
#11546 = VECTOR('',#11547,1.);
#11547 = DIRECTION('',(1.,0.));
#11548 = ( GEOMETRIC_REPRESENTATION_CONTEXT(2) 
PARAMETRIC_REPRESENTATION_CONTEXT() REPRESENTATION_CONTEXT('2D SPACE',''
  ) );
#11549 = PCURVE('',#11313,#11550);
#11550 = DEFINITIONAL_REPRESENTATION('',(#11551),#11555);
#11551 = B_SPLINE_CURVE_WITH_KNOTS('',2,(#11552,#11553,#11554),
  .UNSPECIFIED.,.F.,.F.,(3,3),(0.,1.),.PIECEWISE_BEZIER_KNOTS.);
#11552 = CARTESIAN_POINT('',(3.9599609375,7.158203125));
#11553 = CARTESIAN_POINT('',(4.9169921875,7.158203125));
#11554 = CARTESIAN_POINT('',(5.4150390625,6.96533203125));
#11555 = ( GEOMETRIC_REPRESENTATION_CONTEXT(2) 
PARAMETRIC_REPRESENTATION_CONTEXT() REPRESENTATION_CONTEXT('2D SPACE',''
  ) );
#11556 = ADVANCED_FACE('',(#11557),#11522,.T.);
#11557 = FACE_BOUND('',#11558,.T.);
#11558 = EDGE_LOOP('',(#11559,#11560,#11583,#11613));
#11559 = ORIENTED_EDGE('',*,*,#11506,.T.);
#11560 = ORIENTED_EDGE('',*,*,#11561,.T.);
#11561 = EDGE_CURVE('',#11484,#11562,#11564,.T.);
#11562 = VERTEX_POINT('',#11563);
#11563 = CARTESIAN_POINT('',(-19.53125,2.98095703125,0.5));
#11564 = SURFACE_CURVE('',#11565,(#11569,#11576),.PCURVE_S1.);
#11565 = B_SPLINE_CURVE_WITH_KNOTS('',2,(#11566,#11567,#11568),
  .UNSPECIFIED.,.F.,.F.,(3,3),(0.,1.),.PIECEWISE_BEZIER_KNOTS.);
#11566 = CARTESIAN_POINT('',(-20.3271484375,3.662109375,0.5));
#11567 = CARTESIAN_POINT('',(-19.8291015625,3.46923828125,0.5));
#11568 = CARTESIAN_POINT('',(-19.53125,2.98095703125,0.5));
#11569 = PCURVE('',#11522,#11570);
#11570 = DEFINITIONAL_REPRESENTATION('',(#11571),#11575);
#11571 = LINE('',#11572,#11573);
#11572 = CARTESIAN_POINT('',(0.,-0.5));
#11573 = VECTOR('',#11574,1.);
#11574 = DIRECTION('',(1.,0.));
#11575 = ( GEOMETRIC_REPRESENTATION_CONTEXT(2) 
PARAMETRIC_REPRESENTATION_CONTEXT() REPRESENTATION_CONTEXT('2D SPACE',''
  ) );
#11576 = PCURVE('',#11259,#11577);
#11577 = DEFINITIONAL_REPRESENTATION('',(#11578),#11582);
#11578 = B_SPLINE_CURVE_WITH_KNOTS('',2,(#11579,#11580,#11581),
  .UNSPECIFIED.,.F.,.F.,(3,3),(0.,1.),.PIECEWISE_BEZIER_KNOTS.);
#11579 = CARTESIAN_POINT('',(5.4150390625,6.96533203125));
#11580 = CARTESIAN_POINT('',(5.9130859375,6.7724609375));
#11581 = CARTESIAN_POINT('',(6.2109375,6.2841796875));
#11582 = ( GEOMETRIC_REPRESENTATION_CONTEXT(2) 
PARAMETRIC_REPRESENTATION_CONTEXT() REPRESENTATION_CONTEXT('2D SPACE',''
  ) );
#11583 = ORIENTED_EDGE('',*,*,#11584,.F.);
#11584 = EDGE_CURVE('',#11585,#11562,#11587,.T.);
#11585 = VERTEX_POINT('',#11586);
#11586 = CARTESIAN_POINT('',(-19.53125,2.98095703125,0.));
#11587 = SURFACE_CURVE('',#11588,(#11592,#11599),.PCURVE_S1.);
#11588 = LINE('',#11589,#11590);
#11589 = CARTESIAN_POINT('',(-19.53125,2.98095703125,0.));
#11590 = VECTOR('',#11591,1.);
#11591 = DIRECTION('',(0.,0.,1.));
#11592 = PCURVE('',#11522,#11593);
#11593 = DEFINITIONAL_REPRESENTATION('',(#11594),#11598);
#11594 = LINE('',#11595,#11596);
#11595 = CARTESIAN_POINT('',(1.,0.));
#11596 = VECTOR('',#11597,1.);
#11597 = DIRECTION('',(0.,-1.));
#11598 = ( GEOMETRIC_REPRESENTATION_CONTEXT(2) 
PARAMETRIC_REPRESENTATION_CONTEXT() REPRESENTATION_CONTEXT('2D SPACE',''
  ) );
#11599 = PCURVE('',#11600,#11607);
#11600 = SURFACE_OF_LINEAR_EXTRUSION('',#11601,#11605);
#11601 = B_SPLINE_CURVE_WITH_KNOTS('',2,(#11602,#11603,#11604),
  .UNSPECIFIED.,.F.,.F.,(3,3),(0.,1.),.PIECEWISE_BEZIER_KNOTS.);
#11602 = CARTESIAN_POINT('',(-19.53125,2.98095703125,0.));
#11603 = CARTESIAN_POINT('',(-19.2333984375,2.49267578125,0.));
#11604 = CARTESIAN_POINT('',(-19.2333984375,1.90185546875,0.));
#11605 = VECTOR('',#11606,1.);
#11606 = DIRECTION('',(-0.,-0.,-1.));
#11607 = DEFINITIONAL_REPRESENTATION('',(#11608),#11612);
#11608 = LINE('',#11609,#11610);
#11609 = CARTESIAN_POINT('',(0.,0.));
#11610 = VECTOR('',#11611,1.);
#11611 = DIRECTION('',(0.,-1.));
#11612 = ( GEOMETRIC_REPRESENTATION_CONTEXT(2) 
PARAMETRIC_REPRESENTATION_CONTEXT() REPRESENTATION_CONTEXT('2D SPACE',''
  ) );
#11613 = ORIENTED_EDGE('',*,*,#11614,.F.);
#11614 = EDGE_CURVE('',#11507,#11585,#11615,.T.);
#11615 = SURFACE_CURVE('',#11616,(#11620,#11627),.PCURVE_S1.);
#11616 = B_SPLINE_CURVE_WITH_KNOTS('',2,(#11617,#11618,#11619),
  .UNSPECIFIED.,.F.,.F.,(3,3),(0.,1.),.PIECEWISE_BEZIER_KNOTS.);
#11617 = CARTESIAN_POINT('',(-20.3271484375,3.662109375,0.));
#11618 = CARTESIAN_POINT('',(-19.8291015625,3.46923828125,0.));
#11619 = CARTESIAN_POINT('',(-19.53125,2.98095703125,0.));
#11620 = PCURVE('',#11522,#11621);
#11621 = DEFINITIONAL_REPRESENTATION('',(#11622),#11626);
#11622 = LINE('',#11623,#11624);
#11623 = CARTESIAN_POINT('',(0.,0.));
#11624 = VECTOR('',#11625,1.);
#11625 = DIRECTION('',(1.,0.));
#11626 = ( GEOMETRIC_REPRESENTATION_CONTEXT(2) 
PARAMETRIC_REPRESENTATION_CONTEXT() REPRESENTATION_CONTEXT('2D SPACE',''
  ) );
#11627 = PCURVE('',#11313,#11628);
#11628 = DEFINITIONAL_REPRESENTATION('',(#11629),#11633);
#11629 = B_SPLINE_CURVE_WITH_KNOTS('',2,(#11630,#11631,#11632),
  .UNSPECIFIED.,.F.,.F.,(3,3),(0.,1.),.PIECEWISE_BEZIER_KNOTS.);
#11630 = CARTESIAN_POINT('',(5.4150390625,6.96533203125));
#11631 = CARTESIAN_POINT('',(5.9130859375,6.7724609375));
#11632 = CARTESIAN_POINT('',(6.2109375,6.2841796875));
#11633 = ( GEOMETRIC_REPRESENTATION_CONTEXT(2) 
PARAMETRIC_REPRESENTATION_CONTEXT() REPRESENTATION_CONTEXT('2D SPACE',''
  ) );
#11634 = ADVANCED_FACE('',(#11635),#11600,.T.);
#11635 = FACE_BOUND('',#11636,.T.);
#11636 = EDGE_LOOP('',(#11637,#11638,#11661,#11691));
#11637 = ORIENTED_EDGE('',*,*,#11584,.T.);
#11638 = ORIENTED_EDGE('',*,*,#11639,.T.);
#11639 = EDGE_CURVE('',#11562,#11640,#11642,.T.);
#11640 = VERTEX_POINT('',#11641);
#11641 = CARTESIAN_POINT('',(-19.2333984375,1.90185546875,0.5));
#11642 = SURFACE_CURVE('',#11643,(#11647,#11654),.PCURVE_S1.);
#11643 = B_SPLINE_CURVE_WITH_KNOTS('',2,(#11644,#11645,#11646),
  .UNSPECIFIED.,.F.,.F.,(3,3),(0.,1.),.PIECEWISE_BEZIER_KNOTS.);
#11644 = CARTESIAN_POINT('',(-19.53125,2.98095703125,0.5));
#11645 = CARTESIAN_POINT('',(-19.2333984375,2.49267578125,0.5));
#11646 = CARTESIAN_POINT('',(-19.2333984375,1.90185546875,0.5));
#11647 = PCURVE('',#11600,#11648);
#11648 = DEFINITIONAL_REPRESENTATION('',(#11649),#11653);
#11649 = LINE('',#11650,#11651);
#11650 = CARTESIAN_POINT('',(0.,-0.5));
#11651 = VECTOR('',#11652,1.);
#11652 = DIRECTION('',(1.,0.));
#11653 = ( GEOMETRIC_REPRESENTATION_CONTEXT(2) 
PARAMETRIC_REPRESENTATION_CONTEXT() REPRESENTATION_CONTEXT('2D SPACE',''
  ) );
#11654 = PCURVE('',#11259,#11655);
#11655 = DEFINITIONAL_REPRESENTATION('',(#11656),#11660);
#11656 = B_SPLINE_CURVE_WITH_KNOTS('',2,(#11657,#11658,#11659),
  .UNSPECIFIED.,.F.,.F.,(3,3),(0.,1.),.PIECEWISE_BEZIER_KNOTS.);
#11657 = CARTESIAN_POINT('',(6.2109375,6.2841796875));
#11658 = CARTESIAN_POINT('',(6.5087890625,5.7958984375));
#11659 = CARTESIAN_POINT('',(6.5087890625,5.205078125));
#11660 = ( GEOMETRIC_REPRESENTATION_CONTEXT(2) 
PARAMETRIC_REPRESENTATION_CONTEXT() REPRESENTATION_CONTEXT('2D SPACE',''
  ) );
#11661 = ORIENTED_EDGE('',*,*,#11662,.F.);
#11662 = EDGE_CURVE('',#11663,#11640,#11665,.T.);
#11663 = VERTEX_POINT('',#11664);
#11664 = CARTESIAN_POINT('',(-19.2333984375,1.90185546875,0.));
#11665 = SURFACE_CURVE('',#11666,(#11670,#11677),.PCURVE_S1.);
#11666 = LINE('',#11667,#11668);
#11667 = CARTESIAN_POINT('',(-19.2333984375,1.90185546875,0.));
#11668 = VECTOR('',#11669,1.);
#11669 = DIRECTION('',(0.,0.,1.));
#11670 = PCURVE('',#11600,#11671);
#11671 = DEFINITIONAL_REPRESENTATION('',(#11672),#11676);
#11672 = LINE('',#11673,#11674);
#11673 = CARTESIAN_POINT('',(1.,0.));
#11674 = VECTOR('',#11675,1.);
#11675 = DIRECTION('',(0.,-1.));
#11676 = ( GEOMETRIC_REPRESENTATION_CONTEXT(2) 
PARAMETRIC_REPRESENTATION_CONTEXT() REPRESENTATION_CONTEXT('2D SPACE',''
  ) );
#11677 = PCURVE('',#11678,#11685);
#11678 = SURFACE_OF_LINEAR_EXTRUSION('',#11679,#11683);
#11679 = B_SPLINE_CURVE_WITH_KNOTS('',2,(#11680,#11681,#11682),
  .UNSPECIFIED.,.F.,.F.,(3,3),(0.,1.),.PIECEWISE_BEZIER_KNOTS.);
#11680 = CARTESIAN_POINT('',(-19.2333984375,1.90185546875,0.));
#11681 = CARTESIAN_POINT('',(-19.2333984375,1.14013671875,0.));
#11682 = CARTESIAN_POINT('',(-19.7265625,0.61767578125,0.));
#11683 = VECTOR('',#11684,1.);
#11684 = DIRECTION('',(-0.,-0.,-1.));
#11685 = DEFINITIONAL_REPRESENTATION('',(#11686),#11690);
#11686 = LINE('',#11687,#11688);
#11687 = CARTESIAN_POINT('',(0.,0.));
#11688 = VECTOR('',#11689,1.);
#11689 = DIRECTION('',(0.,-1.));
#11690 = ( GEOMETRIC_REPRESENTATION_CONTEXT(2) 
PARAMETRIC_REPRESENTATION_CONTEXT() REPRESENTATION_CONTEXT('2D SPACE',''
  ) );
#11691 = ORIENTED_EDGE('',*,*,#11692,.F.);
#11692 = EDGE_CURVE('',#11585,#11663,#11693,.T.);
#11693 = SURFACE_CURVE('',#11694,(#11698,#11705),.PCURVE_S1.);
#11694 = B_SPLINE_CURVE_WITH_KNOTS('',2,(#11695,#11696,#11697),
  .UNSPECIFIED.,.F.,.F.,(3,3),(0.,1.),.PIECEWISE_BEZIER_KNOTS.);
#11695 = CARTESIAN_POINT('',(-19.53125,2.98095703125,0.));
#11696 = CARTESIAN_POINT('',(-19.2333984375,2.49267578125,0.));
#11697 = CARTESIAN_POINT('',(-19.2333984375,1.90185546875,0.));
#11698 = PCURVE('',#11600,#11699);
#11699 = DEFINITIONAL_REPRESENTATION('',(#11700),#11704);
#11700 = LINE('',#11701,#11702);
#11701 = CARTESIAN_POINT('',(0.,0.));
#11702 = VECTOR('',#11703,1.);
#11703 = DIRECTION('',(1.,0.));
#11704 = ( GEOMETRIC_REPRESENTATION_CONTEXT(2) 
PARAMETRIC_REPRESENTATION_CONTEXT() REPRESENTATION_CONTEXT('2D SPACE',''
  ) );
#11705 = PCURVE('',#11313,#11706);
#11706 = DEFINITIONAL_REPRESENTATION('',(#11707),#11711);
#11707 = B_SPLINE_CURVE_WITH_KNOTS('',2,(#11708,#11709,#11710),
  .UNSPECIFIED.,.F.,.F.,(3,3),(0.,1.),.PIECEWISE_BEZIER_KNOTS.);
#11708 = CARTESIAN_POINT('',(6.2109375,6.2841796875));
#11709 = CARTESIAN_POINT('',(6.5087890625,5.7958984375));
#11710 = CARTESIAN_POINT('',(6.5087890625,5.205078125));
#11711 = ( GEOMETRIC_REPRESENTATION_CONTEXT(2) 
PARAMETRIC_REPRESENTATION_CONTEXT() REPRESENTATION_CONTEXT('2D SPACE',''
  ) );
#11712 = ADVANCED_FACE('',(#11713),#11678,.T.);
#11713 = FACE_BOUND('',#11714,.T.);
#11714 = EDGE_LOOP('',(#11715,#11716,#11739,#11769));
#11715 = ORIENTED_EDGE('',*,*,#11662,.T.);
#11716 = ORIENTED_EDGE('',*,*,#11717,.T.);
#11717 = EDGE_CURVE('',#11640,#11718,#11720,.T.);
#11718 = VERTEX_POINT('',#11719);
#11719 = CARTESIAN_POINT('',(-19.7265625,0.61767578125,0.5));
#11720 = SURFACE_CURVE('',#11721,(#11725,#11732),.PCURVE_S1.);
#11721 = B_SPLINE_CURVE_WITH_KNOTS('',2,(#11722,#11723,#11724),
  .UNSPECIFIED.,.F.,.F.,(3,3),(0.,1.),.PIECEWISE_BEZIER_KNOTS.);
#11722 = CARTESIAN_POINT('',(-19.2333984375,1.90185546875,0.5));
#11723 = CARTESIAN_POINT('',(-19.2333984375,1.14013671875,0.5));
#11724 = CARTESIAN_POINT('',(-19.7265625,0.61767578125,0.5));
#11725 = PCURVE('',#11678,#11726);
#11726 = DEFINITIONAL_REPRESENTATION('',(#11727),#11731);
#11727 = LINE('',#11728,#11729);
#11728 = CARTESIAN_POINT('',(0.,-0.5));
#11729 = VECTOR('',#11730,1.);
#11730 = DIRECTION('',(1.,0.));
#11731 = ( GEOMETRIC_REPRESENTATION_CONTEXT(2) 
PARAMETRIC_REPRESENTATION_CONTEXT() REPRESENTATION_CONTEXT('2D SPACE',''
  ) );
#11732 = PCURVE('',#11259,#11733);
#11733 = DEFINITIONAL_REPRESENTATION('',(#11734),#11738);
#11734 = B_SPLINE_CURVE_WITH_KNOTS('',2,(#11735,#11736,#11737),
  .UNSPECIFIED.,.F.,.F.,(3,3),(0.,1.),.PIECEWISE_BEZIER_KNOTS.);
#11735 = CARTESIAN_POINT('',(6.5087890625,5.205078125));
#11736 = CARTESIAN_POINT('',(6.5087890625,4.443359375));
#11737 = CARTESIAN_POINT('',(6.015625,3.9208984375));
#11738 = ( GEOMETRIC_REPRESENTATION_CONTEXT(2) 
PARAMETRIC_REPRESENTATION_CONTEXT() REPRESENTATION_CONTEXT('2D SPACE',''
  ) );
#11739 = ORIENTED_EDGE('',*,*,#11740,.F.);
#11740 = EDGE_CURVE('',#11741,#11718,#11743,.T.);
#11741 = VERTEX_POINT('',#11742);
#11742 = CARTESIAN_POINT('',(-19.7265625,0.61767578125,0.));
#11743 = SURFACE_CURVE('',#11744,(#11748,#11755),.PCURVE_S1.);
#11744 = LINE('',#11745,#11746);
#11745 = CARTESIAN_POINT('',(-19.7265625,0.61767578125,0.));
#11746 = VECTOR('',#11747,1.);
#11747 = DIRECTION('',(0.,0.,1.));
#11748 = PCURVE('',#11678,#11749);
#11749 = DEFINITIONAL_REPRESENTATION('',(#11750),#11754);
#11750 = LINE('',#11751,#11752);
#11751 = CARTESIAN_POINT('',(1.,0.));
#11752 = VECTOR('',#11753,1.);
#11753 = DIRECTION('',(0.,-1.));
#11754 = ( GEOMETRIC_REPRESENTATION_CONTEXT(2) 
PARAMETRIC_REPRESENTATION_CONTEXT() REPRESENTATION_CONTEXT('2D SPACE',''
  ) );
#11755 = PCURVE('',#11756,#11763);
#11756 = SURFACE_OF_LINEAR_EXTRUSION('',#11757,#11761);
#11757 = B_SPLINE_CURVE_WITH_KNOTS('',2,(#11758,#11759,#11760),
  .UNSPECIFIED.,.F.,.F.,(3,3),(0.,1.),.PIECEWISE_BEZIER_KNOTS.);
#11758 = CARTESIAN_POINT('',(-19.7265625,0.61767578125,0.));
#11759 = CARTESIAN_POINT('',(-20.2197265625,9.521484375E-02,0.));
#11760 = CARTESIAN_POINT('',(-21.25,-4.638671875E-02,0.));
#11761 = VECTOR('',#11762,1.);
#11762 = DIRECTION('',(-0.,-0.,-1.));
#11763 = DEFINITIONAL_REPRESENTATION('',(#11764),#11768);
#11764 = LINE('',#11765,#11766);
#11765 = CARTESIAN_POINT('',(0.,0.));
#11766 = VECTOR('',#11767,1.);
#11767 = DIRECTION('',(0.,-1.));
#11768 = ( GEOMETRIC_REPRESENTATION_CONTEXT(2) 
PARAMETRIC_REPRESENTATION_CONTEXT() REPRESENTATION_CONTEXT('2D SPACE',''
  ) );
#11769 = ORIENTED_EDGE('',*,*,#11770,.F.);
#11770 = EDGE_CURVE('',#11663,#11741,#11771,.T.);
#11771 = SURFACE_CURVE('',#11772,(#11776,#11783),.PCURVE_S1.);
#11772 = B_SPLINE_CURVE_WITH_KNOTS('',2,(#11773,#11774,#11775),
  .UNSPECIFIED.,.F.,.F.,(3,3),(0.,1.),.PIECEWISE_BEZIER_KNOTS.);
#11773 = CARTESIAN_POINT('',(-19.2333984375,1.90185546875,0.));
#11774 = CARTESIAN_POINT('',(-19.2333984375,1.14013671875,0.));
#11775 = CARTESIAN_POINT('',(-19.7265625,0.61767578125,0.));
#11776 = PCURVE('',#11678,#11777);
#11777 = DEFINITIONAL_REPRESENTATION('',(#11778),#11782);
#11778 = LINE('',#11779,#11780);
#11779 = CARTESIAN_POINT('',(0.,0.));
#11780 = VECTOR('',#11781,1.);
#11781 = DIRECTION('',(1.,0.));
#11782 = ( GEOMETRIC_REPRESENTATION_CONTEXT(2) 
PARAMETRIC_REPRESENTATION_CONTEXT() REPRESENTATION_CONTEXT('2D SPACE',''
  ) );
#11783 = PCURVE('',#11313,#11784);
#11784 = DEFINITIONAL_REPRESENTATION('',(#11785),#11789);
#11785 = B_SPLINE_CURVE_WITH_KNOTS('',2,(#11786,#11787,#11788),
  .UNSPECIFIED.,.F.,.F.,(3,3),(0.,1.),.PIECEWISE_BEZIER_KNOTS.);
#11786 = CARTESIAN_POINT('',(6.5087890625,5.205078125));
#11787 = CARTESIAN_POINT('',(6.5087890625,4.443359375));
#11788 = CARTESIAN_POINT('',(6.015625,3.9208984375));
#11789 = ( GEOMETRIC_REPRESENTATION_CONTEXT(2) 
PARAMETRIC_REPRESENTATION_CONTEXT() REPRESENTATION_CONTEXT('2D SPACE',''
  ) );
#11790 = ADVANCED_FACE('',(#11791),#11756,.T.);
#11791 = FACE_BOUND('',#11792,.T.);
#11792 = EDGE_LOOP('',(#11793,#11794,#11817,#11847));
#11793 = ORIENTED_EDGE('',*,*,#11740,.T.);
#11794 = ORIENTED_EDGE('',*,*,#11795,.T.);
#11795 = EDGE_CURVE('',#11718,#11796,#11798,.T.);
#11796 = VERTEX_POINT('',#11797);
#11797 = CARTESIAN_POINT('',(-21.25,-4.638671875E-02,0.5));
#11798 = SURFACE_CURVE('',#11799,(#11803,#11810),.PCURVE_S1.);
#11799 = B_SPLINE_CURVE_WITH_KNOTS('',2,(#11800,#11801,#11802),
  .UNSPECIFIED.,.F.,.F.,(3,3),(0.,1.),.PIECEWISE_BEZIER_KNOTS.);
#11800 = CARTESIAN_POINT('',(-19.7265625,0.61767578125,0.5));
#11801 = CARTESIAN_POINT('',(-20.2197265625,9.521484375E-02,0.5));
#11802 = CARTESIAN_POINT('',(-21.25,-4.638671875E-02,0.5));
#11803 = PCURVE('',#11756,#11804);
#11804 = DEFINITIONAL_REPRESENTATION('',(#11805),#11809);
#11805 = LINE('',#11806,#11807);
#11806 = CARTESIAN_POINT('',(0.,-0.5));
#11807 = VECTOR('',#11808,1.);
#11808 = DIRECTION('',(1.,0.));
#11809 = ( GEOMETRIC_REPRESENTATION_CONTEXT(2) 
PARAMETRIC_REPRESENTATION_CONTEXT() REPRESENTATION_CONTEXT('2D SPACE',''
  ) );
#11810 = PCURVE('',#11259,#11811);
#11811 = DEFINITIONAL_REPRESENTATION('',(#11812),#11816);
#11812 = B_SPLINE_CURVE_WITH_KNOTS('',2,(#11813,#11814,#11815),
  .UNSPECIFIED.,.F.,.F.,(3,3),(0.,1.),.PIECEWISE_BEZIER_KNOTS.);
#11813 = CARTESIAN_POINT('',(6.015625,3.9208984375));
#11814 = CARTESIAN_POINT('',(5.5224609375,3.3984375));
#11815 = CARTESIAN_POINT('',(4.4921875,3.2568359375));
#11816 = ( GEOMETRIC_REPRESENTATION_CONTEXT(2) 
PARAMETRIC_REPRESENTATION_CONTEXT() REPRESENTATION_CONTEXT('2D SPACE',''
  ) );
#11817 = ORIENTED_EDGE('',*,*,#11818,.F.);
#11818 = EDGE_CURVE('',#11819,#11796,#11821,.T.);
#11819 = VERTEX_POINT('',#11820);
#11820 = CARTESIAN_POINT('',(-21.25,-4.638671875E-02,0.));
#11821 = SURFACE_CURVE('',#11822,(#11826,#11833),.PCURVE_S1.);
#11822 = LINE('',#11823,#11824);
#11823 = CARTESIAN_POINT('',(-21.25,-4.638671875E-02,0.));
#11824 = VECTOR('',#11825,1.);
#11825 = DIRECTION('',(0.,0.,1.));
#11826 = PCURVE('',#11756,#11827);
#11827 = DEFINITIONAL_REPRESENTATION('',(#11828),#11832);
#11828 = LINE('',#11829,#11830);
#11829 = CARTESIAN_POINT('',(1.,0.));
#11830 = VECTOR('',#11831,1.);
#11831 = DIRECTION('',(0.,-1.));
#11832 = ( GEOMETRIC_REPRESENTATION_CONTEXT(2) 
PARAMETRIC_REPRESENTATION_CONTEXT() REPRESENTATION_CONTEXT('2D SPACE',''
  ) );
#11833 = PCURVE('',#11834,#11841);
#11834 = SURFACE_OF_LINEAR_EXTRUSION('',#11835,#11839);
#11835 = B_SPLINE_CURVE_WITH_KNOTS('',2,(#11836,#11837,#11838),
  .UNSPECIFIED.,.F.,.F.,(3,3),(0.,1.),.PIECEWISE_BEZIER_KNOTS.);
#11836 = CARTESIAN_POINT('',(-21.25,-4.638671875E-02,0.));
#11837 = CARTESIAN_POINT('',(-20.8740234375,-0.22705078125,0.));
#11838 = CARTESIAN_POINT('',(-20.6787109375,-0.40283203125,0.));
#11839 = VECTOR('',#11840,1.);
#11840 = DIRECTION('',(-0.,-0.,-1.));
#11841 = DEFINITIONAL_REPRESENTATION('',(#11842),#11846);
#11842 = LINE('',#11843,#11844);
#11843 = CARTESIAN_POINT('',(0.,0.));
#11844 = VECTOR('',#11845,1.);
#11845 = DIRECTION('',(0.,-1.));
#11846 = ( GEOMETRIC_REPRESENTATION_CONTEXT(2) 
PARAMETRIC_REPRESENTATION_CONTEXT() REPRESENTATION_CONTEXT('2D SPACE',''
  ) );
#11847 = ORIENTED_EDGE('',*,*,#11848,.F.);
#11848 = EDGE_CURVE('',#11741,#11819,#11849,.T.);
#11849 = SURFACE_CURVE('',#11850,(#11854,#11861),.PCURVE_S1.);
#11850 = B_SPLINE_CURVE_WITH_KNOTS('',2,(#11851,#11852,#11853),
  .UNSPECIFIED.,.F.,.F.,(3,3),(0.,1.),.PIECEWISE_BEZIER_KNOTS.);
#11851 = CARTESIAN_POINT('',(-19.7265625,0.61767578125,0.));
#11852 = CARTESIAN_POINT('',(-20.2197265625,9.521484375E-02,0.));
#11853 = CARTESIAN_POINT('',(-21.25,-4.638671875E-02,0.));
#11854 = PCURVE('',#11756,#11855);
#11855 = DEFINITIONAL_REPRESENTATION('',(#11856),#11860);
#11856 = LINE('',#11857,#11858);
#11857 = CARTESIAN_POINT('',(0.,0.));
#11858 = VECTOR('',#11859,1.);
#11859 = DIRECTION('',(1.,0.));
#11860 = ( GEOMETRIC_REPRESENTATION_CONTEXT(2) 
PARAMETRIC_REPRESENTATION_CONTEXT() REPRESENTATION_CONTEXT('2D SPACE',''
  ) );
#11861 = PCURVE('',#11313,#11862);
#11862 = DEFINITIONAL_REPRESENTATION('',(#11863),#11867);
#11863 = B_SPLINE_CURVE_WITH_KNOTS('',2,(#11864,#11865,#11866),
  .UNSPECIFIED.,.F.,.F.,(3,3),(0.,1.),.PIECEWISE_BEZIER_KNOTS.);
#11864 = CARTESIAN_POINT('',(6.015625,3.9208984375));
#11865 = CARTESIAN_POINT('',(5.5224609375,3.3984375));
#11866 = CARTESIAN_POINT('',(4.4921875,3.2568359375));
#11867 = ( GEOMETRIC_REPRESENTATION_CONTEXT(2) 
PARAMETRIC_REPRESENTATION_CONTEXT() REPRESENTATION_CONTEXT('2D SPACE',''
  ) );
#11868 = ADVANCED_FACE('',(#11869),#11834,.T.);
#11869 = FACE_BOUND('',#11870,.T.);
#11870 = EDGE_LOOP('',(#11871,#11872,#11895,#11925));
#11871 = ORIENTED_EDGE('',*,*,#11818,.T.);
#11872 = ORIENTED_EDGE('',*,*,#11873,.T.);
#11873 = EDGE_CURVE('',#11796,#11874,#11876,.T.);
#11874 = VERTEX_POINT('',#11875);
#11875 = CARTESIAN_POINT('',(-20.6787109375,-0.40283203125,0.5));
#11876 = SURFACE_CURVE('',#11877,(#11881,#11888),.PCURVE_S1.);
#11877 = B_SPLINE_CURVE_WITH_KNOTS('',2,(#11878,#11879,#11880),
  .UNSPECIFIED.,.F.,.F.,(3,3),(0.,1.),.PIECEWISE_BEZIER_KNOTS.);
#11878 = CARTESIAN_POINT('',(-21.25,-4.638671875E-02,0.5));
#11879 = CARTESIAN_POINT('',(-20.8740234375,-0.22705078125,0.5));
#11880 = CARTESIAN_POINT('',(-20.6787109375,-0.40283203125,0.5));
#11881 = PCURVE('',#11834,#11882);
#11882 = DEFINITIONAL_REPRESENTATION('',(#11883),#11887);
#11883 = LINE('',#11884,#11885);
#11884 = CARTESIAN_POINT('',(0.,-0.5));
#11885 = VECTOR('',#11886,1.);
#11886 = DIRECTION('',(1.,0.));
#11887 = ( GEOMETRIC_REPRESENTATION_CONTEXT(2) 
PARAMETRIC_REPRESENTATION_CONTEXT() REPRESENTATION_CONTEXT('2D SPACE',''
  ) );
#11888 = PCURVE('',#11259,#11889);
#11889 = DEFINITIONAL_REPRESENTATION('',(#11890),#11894);
#11890 = B_SPLINE_CURVE_WITH_KNOTS('',2,(#11891,#11892,#11893),
  .UNSPECIFIED.,.F.,.F.,(3,3),(0.,1.),.PIECEWISE_BEZIER_KNOTS.);
#11891 = CARTESIAN_POINT('',(4.4921875,3.2568359375));
#11892 = CARTESIAN_POINT('',(4.8681640625,3.076171875));
#11893 = CARTESIAN_POINT('',(5.0634765625,2.900390625));
#11894 = ( GEOMETRIC_REPRESENTATION_CONTEXT(2) 
PARAMETRIC_REPRESENTATION_CONTEXT() REPRESENTATION_CONTEXT('2D SPACE',''
  ) );
#11895 = ORIENTED_EDGE('',*,*,#11896,.F.);
#11896 = EDGE_CURVE('',#11897,#11874,#11899,.T.);
#11897 = VERTEX_POINT('',#11898);
#11898 = CARTESIAN_POINT('',(-20.6787109375,-0.40283203125,0.));
#11899 = SURFACE_CURVE('',#11900,(#11904,#11911),.PCURVE_S1.);
#11900 = LINE('',#11901,#11902);
#11901 = CARTESIAN_POINT('',(-20.6787109375,-0.40283203125,0.));
#11902 = VECTOR('',#11903,1.);
#11903 = DIRECTION('',(0.,0.,1.));
#11904 = PCURVE('',#11834,#11905);
#11905 = DEFINITIONAL_REPRESENTATION('',(#11906),#11910);
#11906 = LINE('',#11907,#11908);
#11907 = CARTESIAN_POINT('',(1.,0.));
#11908 = VECTOR('',#11909,1.);
#11909 = DIRECTION('',(0.,-1.));
#11910 = ( GEOMETRIC_REPRESENTATION_CONTEXT(2) 
PARAMETRIC_REPRESENTATION_CONTEXT() REPRESENTATION_CONTEXT('2D SPACE',''
  ) );
#11911 = PCURVE('',#11912,#11919);
#11912 = SURFACE_OF_LINEAR_EXTRUSION('',#11913,#11917);
#11913 = B_SPLINE_CURVE_WITH_KNOTS('',2,(#11914,#11915,#11916),
  .UNSPECIFIED.,.F.,.F.,(3,3),(0.,1.),.PIECEWISE_BEZIER_KNOTS.);
#11914 = CARTESIAN_POINT('',(-20.6787109375,-0.40283203125,0.));
#11915 = CARTESIAN_POINT('',(-20.263671875,-0.78369140625,0.));
#11916 = CARTESIAN_POINT('',(-19.892578125,-1.35498046875,0.));
#11917 = VECTOR('',#11918,1.);
#11918 = DIRECTION('',(-0.,-0.,-1.));
#11919 = DEFINITIONAL_REPRESENTATION('',(#11920),#11924);
#11920 = LINE('',#11921,#11922);
#11921 = CARTESIAN_POINT('',(0.,0.));
#11922 = VECTOR('',#11923,1.);
#11923 = DIRECTION('',(0.,-1.));
#11924 = ( GEOMETRIC_REPRESENTATION_CONTEXT(2) 
PARAMETRIC_REPRESENTATION_CONTEXT() REPRESENTATION_CONTEXT('2D SPACE',''
  ) );
#11925 = ORIENTED_EDGE('',*,*,#11926,.F.);
#11926 = EDGE_CURVE('',#11819,#11897,#11927,.T.);
#11927 = SURFACE_CURVE('',#11928,(#11932,#11939),.PCURVE_S1.);
#11928 = B_SPLINE_CURVE_WITH_KNOTS('',2,(#11929,#11930,#11931),
  .UNSPECIFIED.,.F.,.F.,(3,3),(0.,1.),.PIECEWISE_BEZIER_KNOTS.);
#11929 = CARTESIAN_POINT('',(-21.25,-4.638671875E-02,0.));
#11930 = CARTESIAN_POINT('',(-20.8740234375,-0.22705078125,0.));
#11931 = CARTESIAN_POINT('',(-20.6787109375,-0.40283203125,0.));
#11932 = PCURVE('',#11834,#11933);
#11933 = DEFINITIONAL_REPRESENTATION('',(#11934),#11938);
#11934 = LINE('',#11935,#11936);
#11935 = CARTESIAN_POINT('',(0.,0.));
#11936 = VECTOR('',#11937,1.);
#11937 = DIRECTION('',(1.,0.));
#11938 = ( GEOMETRIC_REPRESENTATION_CONTEXT(2) 
PARAMETRIC_REPRESENTATION_CONTEXT() REPRESENTATION_CONTEXT('2D SPACE',''
  ) );
#11939 = PCURVE('',#11313,#11940);
#11940 = DEFINITIONAL_REPRESENTATION('',(#11941),#11945);
#11941 = B_SPLINE_CURVE_WITH_KNOTS('',2,(#11942,#11943,#11944),
  .UNSPECIFIED.,.F.,.F.,(3,3),(0.,1.),.PIECEWISE_BEZIER_KNOTS.);
#11942 = CARTESIAN_POINT('',(4.4921875,3.2568359375));
#11943 = CARTESIAN_POINT('',(4.8681640625,3.076171875));
#11944 = CARTESIAN_POINT('',(5.0634765625,2.900390625));
#11945 = ( GEOMETRIC_REPRESENTATION_CONTEXT(2) 
PARAMETRIC_REPRESENTATION_CONTEXT() REPRESENTATION_CONTEXT('2D SPACE',''
  ) );
#11946 = ADVANCED_FACE('',(#11947),#11912,.T.);
#11947 = FACE_BOUND('',#11948,.T.);
#11948 = EDGE_LOOP('',(#11949,#11950,#11973,#12001));
#11949 = ORIENTED_EDGE('',*,*,#11896,.T.);
#11950 = ORIENTED_EDGE('',*,*,#11951,.T.);
#11951 = EDGE_CURVE('',#11874,#11952,#11954,.T.);
#11952 = VERTEX_POINT('',#11953);
#11953 = CARTESIAN_POINT('',(-19.892578125,-1.35498046875,0.5));
#11954 = SURFACE_CURVE('',#11955,(#11959,#11966),.PCURVE_S1.);
#11955 = B_SPLINE_CURVE_WITH_KNOTS('',2,(#11956,#11957,#11958),
  .UNSPECIFIED.,.F.,.F.,(3,3),(0.,1.),.PIECEWISE_BEZIER_KNOTS.);
#11956 = CARTESIAN_POINT('',(-20.6787109375,-0.40283203125,0.5));
#11957 = CARTESIAN_POINT('',(-20.263671875,-0.78369140625,0.5));
#11958 = CARTESIAN_POINT('',(-19.892578125,-1.35498046875,0.5));
#11959 = PCURVE('',#11912,#11960);
#11960 = DEFINITIONAL_REPRESENTATION('',(#11961),#11965);
#11961 = LINE('',#11962,#11963);
#11962 = CARTESIAN_POINT('',(0.,-0.5));
#11963 = VECTOR('',#11964,1.);
#11964 = DIRECTION('',(1.,0.));
#11965 = ( GEOMETRIC_REPRESENTATION_CONTEXT(2) 
PARAMETRIC_REPRESENTATION_CONTEXT() REPRESENTATION_CONTEXT('2D SPACE',''
  ) );
#11966 = PCURVE('',#11259,#11967);
#11967 = DEFINITIONAL_REPRESENTATION('',(#11968),#11972);
#11968 = B_SPLINE_CURVE_WITH_KNOTS('',2,(#11969,#11970,#11971),
  .UNSPECIFIED.,.F.,.F.,(3,3),(0.,1.),.PIECEWISE_BEZIER_KNOTS.);
#11969 = CARTESIAN_POINT('',(5.0634765625,2.900390625));
#11970 = CARTESIAN_POINT('',(5.478515625,2.51953125));
#11971 = CARTESIAN_POINT('',(5.849609375,1.9482421875));
#11972 = ( GEOMETRIC_REPRESENTATION_CONTEXT(2) 
PARAMETRIC_REPRESENTATION_CONTEXT() REPRESENTATION_CONTEXT('2D SPACE',''
  ) );
#11973 = ORIENTED_EDGE('',*,*,#11974,.F.);
#11974 = EDGE_CURVE('',#11975,#11952,#11977,.T.);
#11975 = VERTEX_POINT('',#11976);
#11976 = CARTESIAN_POINT('',(-19.892578125,-1.35498046875,0.));
#11977 = SURFACE_CURVE('',#11978,(#11982,#11989),.PCURVE_S1.);
#11978 = LINE('',#11979,#11980);
#11979 = CARTESIAN_POINT('',(-19.892578125,-1.35498046875,0.));
#11980 = VECTOR('',#11981,1.);
#11981 = DIRECTION('',(0.,0.,1.));
#11982 = PCURVE('',#11912,#11983);
#11983 = DEFINITIONAL_REPRESENTATION('',(#11984),#11988);
#11984 = LINE('',#11985,#11986);
#11985 = CARTESIAN_POINT('',(1.,0.));
#11986 = VECTOR('',#11987,1.);
#11987 = DIRECTION('',(0.,-1.));
#11988 = ( GEOMETRIC_REPRESENTATION_CONTEXT(2) 
PARAMETRIC_REPRESENTATION_CONTEXT() REPRESENTATION_CONTEXT('2D SPACE',''
  ) );
#11989 = PCURVE('',#11990,#11995);
#11990 = PLANE('',#11991);
#11991 = AXIS2_PLACEMENT_3D('',#11992,#11993,#11994);
#11992 = CARTESIAN_POINT('',(-19.892578125,-1.35498046875,0.));
#11993 = DIRECTION('',(0.84261640637,0.538514244673,-0.));
#11994 = DIRECTION('',(0.538514244673,-0.84261640637,0.));
#11995 = DEFINITIONAL_REPRESENTATION('',(#11996),#12000);
#11996 = LINE('',#11997,#11998);
#11997 = CARTESIAN_POINT('',(0.,0.));
#11998 = VECTOR('',#11999,1.);
#11999 = DIRECTION('',(0.,-1.));
#12000 = ( GEOMETRIC_REPRESENTATION_CONTEXT(2) 
PARAMETRIC_REPRESENTATION_CONTEXT() REPRESENTATION_CONTEXT('2D SPACE',''
  ) );
#12001 = ORIENTED_EDGE('',*,*,#12002,.F.);
#12002 = EDGE_CURVE('',#11897,#11975,#12003,.T.);
#12003 = SURFACE_CURVE('',#12004,(#12008,#12015),.PCURVE_S1.);
#12004 = B_SPLINE_CURVE_WITH_KNOTS('',2,(#12005,#12006,#12007),
  .UNSPECIFIED.,.F.,.F.,(3,3),(0.,1.),.PIECEWISE_BEZIER_KNOTS.);
#12005 = CARTESIAN_POINT('',(-20.6787109375,-0.40283203125,0.));
#12006 = CARTESIAN_POINT('',(-20.263671875,-0.78369140625,0.));
#12007 = CARTESIAN_POINT('',(-19.892578125,-1.35498046875,0.));
#12008 = PCURVE('',#11912,#12009);
#12009 = DEFINITIONAL_REPRESENTATION('',(#12010),#12014);
#12010 = LINE('',#12011,#12012);
#12011 = CARTESIAN_POINT('',(0.,0.));
#12012 = VECTOR('',#12013,1.);
#12013 = DIRECTION('',(1.,0.));
#12014 = ( GEOMETRIC_REPRESENTATION_CONTEXT(2) 
PARAMETRIC_REPRESENTATION_CONTEXT() REPRESENTATION_CONTEXT('2D SPACE',''
  ) );
#12015 = PCURVE('',#11313,#12016);
#12016 = DEFINITIONAL_REPRESENTATION('',(#12017),#12021);
#12017 = B_SPLINE_CURVE_WITH_KNOTS('',2,(#12018,#12019,#12020),
  .UNSPECIFIED.,.F.,.F.,(3,3),(0.,1.),.PIECEWISE_BEZIER_KNOTS.);
#12018 = CARTESIAN_POINT('',(5.0634765625,2.900390625));
#12019 = CARTESIAN_POINT('',(5.478515625,2.51953125));
#12020 = CARTESIAN_POINT('',(5.849609375,1.9482421875));
#12021 = ( GEOMETRIC_REPRESENTATION_CONTEXT(2) 
PARAMETRIC_REPRESENTATION_CONTEXT() REPRESENTATION_CONTEXT('2D SPACE',''
  ) );
#12022 = ADVANCED_FACE('',(#12023),#11990,.T.);
#12023 = FACE_BOUND('',#12024,.T.);
#12024 = EDGE_LOOP('',(#12025,#12026,#12049,#12077));
#12025 = ORIENTED_EDGE('',*,*,#11974,.T.);
#12026 = ORIENTED_EDGE('',*,*,#12027,.T.);
#12027 = EDGE_CURVE('',#11952,#12028,#12030,.T.);
#12028 = VERTEX_POINT('',#12029);
#12029 = CARTESIAN_POINT('',(-18.6474609375,-3.30322265625,0.5));
#12030 = SURFACE_CURVE('',#12031,(#12035,#12042),.PCURVE_S1.);
#12031 = LINE('',#12032,#12033);
#12032 = CARTESIAN_POINT('',(-19.892578125,-1.35498046875,0.5));
#12033 = VECTOR('',#12034,1.);
#12034 = DIRECTION('',(0.538514244673,-0.84261640637,0.));
#12035 = PCURVE('',#11990,#12036);
#12036 = DEFINITIONAL_REPRESENTATION('',(#12037),#12041);
#12037 = LINE('',#12038,#12039);
#12038 = CARTESIAN_POINT('',(0.,-0.5));
#12039 = VECTOR('',#12040,1.);
#12040 = DIRECTION('',(1.,0.));
#12041 = ( GEOMETRIC_REPRESENTATION_CONTEXT(2) 
PARAMETRIC_REPRESENTATION_CONTEXT() REPRESENTATION_CONTEXT('2D SPACE',''
  ) );
#12042 = PCURVE('',#11259,#12043);
#12043 = DEFINITIONAL_REPRESENTATION('',(#12044),#12048);
#12044 = LINE('',#12045,#12046);
#12045 = CARTESIAN_POINT('',(5.849609375,1.9482421875));
#12046 = VECTOR('',#12047,1.);
#12047 = DIRECTION('',(0.538514244673,-0.84261640637));
#12048 = ( GEOMETRIC_REPRESENTATION_CONTEXT(2) 
PARAMETRIC_REPRESENTATION_CONTEXT() REPRESENTATION_CONTEXT('2D SPACE',''
  ) );
#12049 = ORIENTED_EDGE('',*,*,#12050,.F.);
#12050 = EDGE_CURVE('',#12051,#12028,#12053,.T.);
#12051 = VERTEX_POINT('',#12052);
#12052 = CARTESIAN_POINT('',(-18.6474609375,-3.30322265625,0.));
#12053 = SURFACE_CURVE('',#12054,(#12058,#12065),.PCURVE_S1.);
#12054 = LINE('',#12055,#12056);
#12055 = CARTESIAN_POINT('',(-18.6474609375,-3.30322265625,0.));
#12056 = VECTOR('',#12057,1.);
#12057 = DIRECTION('',(0.,0.,1.));
#12058 = PCURVE('',#11990,#12059);
#12059 = DEFINITIONAL_REPRESENTATION('',(#12060),#12064);
#12060 = LINE('',#12061,#12062);
#12061 = CARTESIAN_POINT('',(2.312134172526,0.));
#12062 = VECTOR('',#12063,1.);
#12063 = DIRECTION('',(0.,-1.));
#12064 = ( GEOMETRIC_REPRESENTATION_CONTEXT(2) 
PARAMETRIC_REPRESENTATION_CONTEXT() REPRESENTATION_CONTEXT('2D SPACE',''
  ) );
#12065 = PCURVE('',#12066,#12071);
#12066 = PLANE('',#12067);
#12067 = AXIS2_PLACEMENT_3D('',#12068,#12069,#12070);
#12068 = CARTESIAN_POINT('',(-18.6474609375,-3.30322265625,0.));
#12069 = DIRECTION('',(0.,-1.,0.));
#12070 = DIRECTION('',(-1.,0.,0.));
#12071 = DEFINITIONAL_REPRESENTATION('',(#12072),#12076);
#12072 = LINE('',#12073,#12074);
#12073 = CARTESIAN_POINT('',(0.,-0.));
#12074 = VECTOR('',#12075,1.);
#12075 = DIRECTION('',(0.,-1.));
#12076 = ( GEOMETRIC_REPRESENTATION_CONTEXT(2) 
PARAMETRIC_REPRESENTATION_CONTEXT() REPRESENTATION_CONTEXT('2D SPACE',''
  ) );
#12077 = ORIENTED_EDGE('',*,*,#12078,.F.);
#12078 = EDGE_CURVE('',#11975,#12051,#12079,.T.);
#12079 = SURFACE_CURVE('',#12080,(#12084,#12091),.PCURVE_S1.);
#12080 = LINE('',#12081,#12082);
#12081 = CARTESIAN_POINT('',(-19.892578125,-1.35498046875,0.));
#12082 = VECTOR('',#12083,1.);
#12083 = DIRECTION('',(0.538514244673,-0.84261640637,0.));
#12084 = PCURVE('',#11990,#12085);
#12085 = DEFINITIONAL_REPRESENTATION('',(#12086),#12090);
#12086 = LINE('',#12087,#12088);
#12087 = CARTESIAN_POINT('',(0.,0.));
#12088 = VECTOR('',#12089,1.);
#12089 = DIRECTION('',(1.,0.));
#12090 = ( GEOMETRIC_REPRESENTATION_CONTEXT(2) 
PARAMETRIC_REPRESENTATION_CONTEXT() REPRESENTATION_CONTEXT('2D SPACE',''
  ) );
#12091 = PCURVE('',#11313,#12092);
#12092 = DEFINITIONAL_REPRESENTATION('',(#12093),#12097);
#12093 = LINE('',#12094,#12095);
#12094 = CARTESIAN_POINT('',(5.849609375,1.9482421875));
#12095 = VECTOR('',#12096,1.);
#12096 = DIRECTION('',(0.538514244673,-0.84261640637));
#12097 = ( GEOMETRIC_REPRESENTATION_CONTEXT(2) 
PARAMETRIC_REPRESENTATION_CONTEXT() REPRESENTATION_CONTEXT('2D SPACE',''
  ) );
#12098 = ADVANCED_FACE('',(#12099),#12066,.T.);
#12099 = FACE_BOUND('',#12100,.T.);
#12100 = EDGE_LOOP('',(#12101,#12102,#12125,#12153));
#12101 = ORIENTED_EDGE('',*,*,#12050,.T.);
#12102 = ORIENTED_EDGE('',*,*,#12103,.T.);
#12103 = EDGE_CURVE('',#12028,#12104,#12106,.T.);
#12104 = VERTEX_POINT('',#12105);
#12105 = CARTESIAN_POINT('',(-19.8388671875,-3.30322265625,0.5));
#12106 = SURFACE_CURVE('',#12107,(#12111,#12118),.PCURVE_S1.);
#12107 = LINE('',#12108,#12109);
#12108 = CARTESIAN_POINT('',(-18.6474609375,-3.30322265625,0.5));
#12109 = VECTOR('',#12110,1.);
#12110 = DIRECTION('',(-1.,0.,0.));
#12111 = PCURVE('',#12066,#12112);
#12112 = DEFINITIONAL_REPRESENTATION('',(#12113),#12117);
#12113 = LINE('',#12114,#12115);
#12114 = CARTESIAN_POINT('',(0.,-0.5));
#12115 = VECTOR('',#12116,1.);
#12116 = DIRECTION('',(1.,0.));
#12117 = ( GEOMETRIC_REPRESENTATION_CONTEXT(2) 
PARAMETRIC_REPRESENTATION_CONTEXT() REPRESENTATION_CONTEXT('2D SPACE',''
  ) );
#12118 = PCURVE('',#11259,#12119);
#12119 = DEFINITIONAL_REPRESENTATION('',(#12120),#12124);
#12120 = LINE('',#12121,#12122);
#12121 = CARTESIAN_POINT('',(7.0947265625,0.));
#12122 = VECTOR('',#12123,1.);
#12123 = DIRECTION('',(-1.,0.));
#12124 = ( GEOMETRIC_REPRESENTATION_CONTEXT(2) 
PARAMETRIC_REPRESENTATION_CONTEXT() REPRESENTATION_CONTEXT('2D SPACE',''
  ) );
#12125 = ORIENTED_EDGE('',*,*,#12126,.F.);
#12126 = EDGE_CURVE('',#12127,#12104,#12129,.T.);
#12127 = VERTEX_POINT('',#12128);
#12128 = CARTESIAN_POINT('',(-19.8388671875,-3.30322265625,0.));
#12129 = SURFACE_CURVE('',#12130,(#12134,#12141),.PCURVE_S1.);
#12130 = LINE('',#12131,#12132);
#12131 = CARTESIAN_POINT('',(-19.8388671875,-3.30322265625,0.));
#12132 = VECTOR('',#12133,1.);
#12133 = DIRECTION('',(0.,0.,1.));
#12134 = PCURVE('',#12066,#12135);
#12135 = DEFINITIONAL_REPRESENTATION('',(#12136),#12140);
#12136 = LINE('',#12137,#12138);
#12137 = CARTESIAN_POINT('',(1.19140625,0.));
#12138 = VECTOR('',#12139,1.);
#12139 = DIRECTION('',(0.,-1.));
#12140 = ( GEOMETRIC_REPRESENTATION_CONTEXT(2) 
PARAMETRIC_REPRESENTATION_CONTEXT() REPRESENTATION_CONTEXT('2D SPACE',''
  ) );
#12141 = PCURVE('',#12142,#12147);
#12142 = PLANE('',#12143);
#12143 = AXIS2_PLACEMENT_3D('',#12144,#12145,#12146);
#12144 = CARTESIAN_POINT('',(-19.8388671875,-3.30322265625,0.));
#12145 = DIRECTION('',(-0.843775382486,-0.536696472795,0.));
#12146 = DIRECTION('',(-0.536696472795,0.843775382486,0.));
#12147 = DEFINITIONAL_REPRESENTATION('',(#12148),#12152);
#12148 = LINE('',#12149,#12150);
#12149 = CARTESIAN_POINT('',(0.,0.));
#12150 = VECTOR('',#12151,1.);
#12151 = DIRECTION('',(0.,-1.));
#12152 = ( GEOMETRIC_REPRESENTATION_CONTEXT(2) 
PARAMETRIC_REPRESENTATION_CONTEXT() REPRESENTATION_CONTEXT('2D SPACE',''
  ) );
#12153 = ORIENTED_EDGE('',*,*,#12154,.F.);
#12154 = EDGE_CURVE('',#12051,#12127,#12155,.T.);
#12155 = SURFACE_CURVE('',#12156,(#12160,#12167),.PCURVE_S1.);
#12156 = LINE('',#12157,#12158);
#12157 = CARTESIAN_POINT('',(-18.6474609375,-3.30322265625,0.));
#12158 = VECTOR('',#12159,1.);
#12159 = DIRECTION('',(-1.,0.,0.));
#12160 = PCURVE('',#12066,#12161);
#12161 = DEFINITIONAL_REPRESENTATION('',(#12162),#12166);
#12162 = LINE('',#12163,#12164);
#12163 = CARTESIAN_POINT('',(0.,-0.));
#12164 = VECTOR('',#12165,1.);
#12165 = DIRECTION('',(1.,0.));
#12166 = ( GEOMETRIC_REPRESENTATION_CONTEXT(2) 
PARAMETRIC_REPRESENTATION_CONTEXT() REPRESENTATION_CONTEXT('2D SPACE',''
  ) );
#12167 = PCURVE('',#11313,#12168);
#12168 = DEFINITIONAL_REPRESENTATION('',(#12169),#12173);
#12169 = LINE('',#12170,#12171);
#12170 = CARTESIAN_POINT('',(7.0947265625,0.));
#12171 = VECTOR('',#12172,1.);
#12172 = DIRECTION('',(-1.,0.));
#12173 = ( GEOMETRIC_REPRESENTATION_CONTEXT(2) 
PARAMETRIC_REPRESENTATION_CONTEXT() REPRESENTATION_CONTEXT('2D SPACE',''
  ) );
#12174 = ADVANCED_FACE('',(#12175),#12142,.T.);
#12175 = FACE_BOUND('',#12176,.T.);
#12176 = EDGE_LOOP('',(#12177,#12178,#12201,#12231));
#12177 = ORIENTED_EDGE('',*,*,#12126,.T.);
#12178 = ORIENTED_EDGE('',*,*,#12179,.T.);
#12179 = EDGE_CURVE('',#12104,#12180,#12182,.T.);
#12180 = VERTEX_POINT('',#12181);
#12181 = CARTESIAN_POINT('',(-20.7861328125,-1.81396484375,0.5));
#12182 = SURFACE_CURVE('',#12183,(#12187,#12194),.PCURVE_S1.);
#12183 = LINE('',#12184,#12185);
#12184 = CARTESIAN_POINT('',(-19.8388671875,-3.30322265625,0.5));
#12185 = VECTOR('',#12186,1.);
#12186 = DIRECTION('',(-0.536696472795,0.843775382486,0.));
#12187 = PCURVE('',#12142,#12188);
#12188 = DEFINITIONAL_REPRESENTATION('',(#12189),#12193);
#12189 = LINE('',#12190,#12191);
#12190 = CARTESIAN_POINT('',(0.,-0.5));
#12191 = VECTOR('',#12192,1.);
#12192 = DIRECTION('',(1.,0.));
#12193 = ( GEOMETRIC_REPRESENTATION_CONTEXT(2) 
PARAMETRIC_REPRESENTATION_CONTEXT() REPRESENTATION_CONTEXT('2D SPACE',''
  ) );
#12194 = PCURVE('',#11259,#12195);
#12195 = DEFINITIONAL_REPRESENTATION('',(#12196),#12200);
#12196 = LINE('',#12197,#12198);
#12197 = CARTESIAN_POINT('',(5.9033203125,0.));
#12198 = VECTOR('',#12199,1.);
#12199 = DIRECTION('',(-0.536696472795,0.843775382486));
#12200 = ( GEOMETRIC_REPRESENTATION_CONTEXT(2) 
PARAMETRIC_REPRESENTATION_CONTEXT() REPRESENTATION_CONTEXT('2D SPACE',''
  ) );
#12201 = ORIENTED_EDGE('',*,*,#12202,.F.);
#12202 = EDGE_CURVE('',#12203,#12180,#12205,.T.);
#12203 = VERTEX_POINT('',#12204);
#12204 = CARTESIAN_POINT('',(-20.7861328125,-1.81396484375,0.));
#12205 = SURFACE_CURVE('',#12206,(#12210,#12217),.PCURVE_S1.);
#12206 = LINE('',#12207,#12208);
#12207 = CARTESIAN_POINT('',(-20.7861328125,-1.81396484375,0.));
#12208 = VECTOR('',#12209,1.);
#12209 = DIRECTION('',(0.,0.,1.));
#12210 = PCURVE('',#12142,#12211);
#12211 = DEFINITIONAL_REPRESENTATION('',(#12212),#12216);
#12212 = LINE('',#12213,#12214);
#12213 = CARTESIAN_POINT('',(1.7649932001,0.));
#12214 = VECTOR('',#12215,1.);
#12215 = DIRECTION('',(0.,-1.));
#12216 = ( GEOMETRIC_REPRESENTATION_CONTEXT(2) 
PARAMETRIC_REPRESENTATION_CONTEXT() REPRESENTATION_CONTEXT('2D SPACE',''
  ) );
#12217 = PCURVE('',#12218,#12225);
#12218 = SURFACE_OF_LINEAR_EXTRUSION('',#12219,#12223);
#12219 = B_SPLINE_CURVE_WITH_KNOTS('',2,(#12220,#12221,#12222),
  .UNSPECIFIED.,.F.,.F.,(3,3),(0.,1.),.PIECEWISE_BEZIER_KNOTS.);
#12220 = CARTESIAN_POINT('',(-20.7861328125,-1.81396484375,0.));
#12221 = CARTESIAN_POINT('',(-21.201171875,-1.16943359375,0.));
#12222 = CARTESIAN_POINT('',(-21.4697265625,-0.82763671875,0.));
#12223 = VECTOR('',#12224,1.);
#12224 = DIRECTION('',(-0.,-0.,-1.));
#12225 = DEFINITIONAL_REPRESENTATION('',(#12226),#12230);
#12226 = LINE('',#12227,#12228);
#12227 = CARTESIAN_POINT('',(0.,0.));
#12228 = VECTOR('',#12229,1.);
#12229 = DIRECTION('',(0.,-1.));
#12230 = ( GEOMETRIC_REPRESENTATION_CONTEXT(2) 
PARAMETRIC_REPRESENTATION_CONTEXT() REPRESENTATION_CONTEXT('2D SPACE',''
  ) );
#12231 = ORIENTED_EDGE('',*,*,#12232,.F.);
#12232 = EDGE_CURVE('',#12127,#12203,#12233,.T.);
#12233 = SURFACE_CURVE('',#12234,(#12238,#12245),.PCURVE_S1.);
#12234 = LINE('',#12235,#12236);
#12235 = CARTESIAN_POINT('',(-19.8388671875,-3.30322265625,0.));
#12236 = VECTOR('',#12237,1.);
#12237 = DIRECTION('',(-0.536696472795,0.843775382486,0.));
#12238 = PCURVE('',#12142,#12239);
#12239 = DEFINITIONAL_REPRESENTATION('',(#12240),#12244);
#12240 = LINE('',#12241,#12242);
#12241 = CARTESIAN_POINT('',(0.,0.));
#12242 = VECTOR('',#12243,1.);
#12243 = DIRECTION('',(1.,0.));
#12244 = ( GEOMETRIC_REPRESENTATION_CONTEXT(2) 
PARAMETRIC_REPRESENTATION_CONTEXT() REPRESENTATION_CONTEXT('2D SPACE',''
  ) );
#12245 = PCURVE('',#11313,#12246);
#12246 = DEFINITIONAL_REPRESENTATION('',(#12247),#12251);
#12247 = LINE('',#12248,#12249);
#12248 = CARTESIAN_POINT('',(5.9033203125,0.));
#12249 = VECTOR('',#12250,1.);
#12250 = DIRECTION('',(-0.536696472795,0.843775382486));
#12251 = ( GEOMETRIC_REPRESENTATION_CONTEXT(2) 
PARAMETRIC_REPRESENTATION_CONTEXT() REPRESENTATION_CONTEXT('2D SPACE',''
  ) );
#12252 = ADVANCED_FACE('',(#12253),#12218,.T.);
#12253 = FACE_BOUND('',#12254,.T.);
#12254 = EDGE_LOOP('',(#12255,#12256,#12279,#12309));
#12255 = ORIENTED_EDGE('',*,*,#12202,.T.);
#12256 = ORIENTED_EDGE('',*,*,#12257,.T.);
#12257 = EDGE_CURVE('',#12180,#12258,#12260,.T.);
#12258 = VERTEX_POINT('',#12259);
#12259 = CARTESIAN_POINT('',(-21.4697265625,-0.82763671875,0.5));
#12260 = SURFACE_CURVE('',#12261,(#12265,#12272),.PCURVE_S1.);
#12261 = B_SPLINE_CURVE_WITH_KNOTS('',2,(#12262,#12263,#12264),
  .UNSPECIFIED.,.F.,.F.,(3,3),(0.,1.),.PIECEWISE_BEZIER_KNOTS.);
#12262 = CARTESIAN_POINT('',(-20.7861328125,-1.81396484375,0.5));
#12263 = CARTESIAN_POINT('',(-21.201171875,-1.16943359375,0.5));
#12264 = CARTESIAN_POINT('',(-21.4697265625,-0.82763671875,0.5));
#12265 = PCURVE('',#12218,#12266);
#12266 = DEFINITIONAL_REPRESENTATION('',(#12267),#12271);
#12267 = LINE('',#12268,#12269);
#12268 = CARTESIAN_POINT('',(0.,-0.5));
#12269 = VECTOR('',#12270,1.);
#12270 = DIRECTION('',(1.,0.));
#12271 = ( GEOMETRIC_REPRESENTATION_CONTEXT(2) 
PARAMETRIC_REPRESENTATION_CONTEXT() REPRESENTATION_CONTEXT('2D SPACE',''
  ) );
#12272 = PCURVE('',#11259,#12273);
#12273 = DEFINITIONAL_REPRESENTATION('',(#12274),#12278);
#12274 = B_SPLINE_CURVE_WITH_KNOTS('',2,(#12275,#12276,#12277),
  .UNSPECIFIED.,.F.,.F.,(3,3),(0.,1.),.PIECEWISE_BEZIER_KNOTS.);
#12275 = CARTESIAN_POINT('',(4.9560546875,1.4892578125));
#12276 = CARTESIAN_POINT('',(4.541015625,2.1337890625));
#12277 = CARTESIAN_POINT('',(4.2724609375,2.4755859375));
#12278 = ( GEOMETRIC_REPRESENTATION_CONTEXT(2) 
PARAMETRIC_REPRESENTATION_CONTEXT() REPRESENTATION_CONTEXT('2D SPACE',''
  ) );
#12279 = ORIENTED_EDGE('',*,*,#12280,.F.);
#12280 = EDGE_CURVE('',#12281,#12258,#12283,.T.);
#12281 = VERTEX_POINT('',#12282);
#12282 = CARTESIAN_POINT('',(-21.4697265625,-0.82763671875,0.));
#12283 = SURFACE_CURVE('',#12284,(#12288,#12295),.PCURVE_S1.);
#12284 = LINE('',#12285,#12286);
#12285 = CARTESIAN_POINT('',(-21.4697265625,-0.82763671875,0.));
#12286 = VECTOR('',#12287,1.);
#12287 = DIRECTION('',(0.,0.,1.));
#12288 = PCURVE('',#12218,#12289);
#12289 = DEFINITIONAL_REPRESENTATION('',(#12290),#12294);
#12290 = LINE('',#12291,#12292);
#12291 = CARTESIAN_POINT('',(1.,0.));
#12292 = VECTOR('',#12293,1.);
#12293 = DIRECTION('',(0.,-1.));
#12294 = ( GEOMETRIC_REPRESENTATION_CONTEXT(2) 
PARAMETRIC_REPRESENTATION_CONTEXT() REPRESENTATION_CONTEXT('2D SPACE',''
  ) );
#12295 = PCURVE('',#12296,#12303);
#12296 = SURFACE_OF_LINEAR_EXTRUSION('',#12297,#12301);
#12297 = B_SPLINE_CURVE_WITH_KNOTS('',2,(#12298,#12299,#12300),
  .UNSPECIFIED.,.F.,.F.,(3,3),(0.,1.),.PIECEWISE_BEZIER_KNOTS.);
#12298 = CARTESIAN_POINT('',(-21.4697265625,-0.82763671875,0.));
#12299 = CARTESIAN_POINT('',(-21.73828125,-0.48583984375,0.));
#12300 = CARTESIAN_POINT('',(-21.95068359375,-0.34912109375,0.));
#12301 = VECTOR('',#12302,1.);
#12302 = DIRECTION('',(-0.,-0.,-1.));
#12303 = DEFINITIONAL_REPRESENTATION('',(#12304),#12308);
#12304 = LINE('',#12305,#12306);
#12305 = CARTESIAN_POINT('',(0.,0.));
#12306 = VECTOR('',#12307,1.);
#12307 = DIRECTION('',(0.,-1.));
#12308 = ( GEOMETRIC_REPRESENTATION_CONTEXT(2) 
PARAMETRIC_REPRESENTATION_CONTEXT() REPRESENTATION_CONTEXT('2D SPACE',''
  ) );
#12309 = ORIENTED_EDGE('',*,*,#12310,.F.);
#12310 = EDGE_CURVE('',#12203,#12281,#12311,.T.);
#12311 = SURFACE_CURVE('',#12312,(#12316,#12323),.PCURVE_S1.);
#12312 = B_SPLINE_CURVE_WITH_KNOTS('',2,(#12313,#12314,#12315),
  .UNSPECIFIED.,.F.,.F.,(3,3),(0.,1.),.PIECEWISE_BEZIER_KNOTS.);
#12313 = CARTESIAN_POINT('',(-20.7861328125,-1.81396484375,0.));
#12314 = CARTESIAN_POINT('',(-21.201171875,-1.16943359375,0.));
#12315 = CARTESIAN_POINT('',(-21.4697265625,-0.82763671875,0.));
#12316 = PCURVE('',#12218,#12317);
#12317 = DEFINITIONAL_REPRESENTATION('',(#12318),#12322);
#12318 = LINE('',#12319,#12320);
#12319 = CARTESIAN_POINT('',(0.,0.));
#12320 = VECTOR('',#12321,1.);
#12321 = DIRECTION('',(1.,0.));
#12322 = ( GEOMETRIC_REPRESENTATION_CONTEXT(2) 
PARAMETRIC_REPRESENTATION_CONTEXT() REPRESENTATION_CONTEXT('2D SPACE',''
  ) );
#12323 = PCURVE('',#11313,#12324);
#12324 = DEFINITIONAL_REPRESENTATION('',(#12325),#12329);
#12325 = B_SPLINE_CURVE_WITH_KNOTS('',2,(#12326,#12327,#12328),
  .UNSPECIFIED.,.F.,.F.,(3,3),(0.,1.),.PIECEWISE_BEZIER_KNOTS.);
#12326 = CARTESIAN_POINT('',(4.9560546875,1.4892578125));
#12327 = CARTESIAN_POINT('',(4.541015625,2.1337890625));
#12328 = CARTESIAN_POINT('',(4.2724609375,2.4755859375));
#12329 = ( GEOMETRIC_REPRESENTATION_CONTEXT(2) 
PARAMETRIC_REPRESENTATION_CONTEXT() REPRESENTATION_CONTEXT('2D SPACE',''
  ) );
#12330 = ADVANCED_FACE('',(#12331),#12296,.T.);
#12331 = FACE_BOUND('',#12332,.T.);
#12332 = EDGE_LOOP('',(#12333,#12334,#12357,#12387));
#12333 = ORIENTED_EDGE('',*,*,#12280,.T.);
#12334 = ORIENTED_EDGE('',*,*,#12335,.T.);
#12335 = EDGE_CURVE('',#12258,#12336,#12338,.T.);
#12336 = VERTEX_POINT('',#12337);
#12337 = CARTESIAN_POINT('',(-21.95068359375,-0.34912109375,0.5));
#12338 = SURFACE_CURVE('',#12339,(#12343,#12350),.PCURVE_S1.);
#12339 = B_SPLINE_CURVE_WITH_KNOTS('',2,(#12340,#12341,#12342),
  .UNSPECIFIED.,.F.,.F.,(3,3),(0.,1.),.PIECEWISE_BEZIER_KNOTS.);
#12340 = CARTESIAN_POINT('',(-21.4697265625,-0.82763671875,0.5));
#12341 = CARTESIAN_POINT('',(-21.73828125,-0.48583984375,0.5));
#12342 = CARTESIAN_POINT('',(-21.95068359375,-0.34912109375,0.5));
#12343 = PCURVE('',#12296,#12344);
#12344 = DEFINITIONAL_REPRESENTATION('',(#12345),#12349);
#12345 = LINE('',#12346,#12347);
#12346 = CARTESIAN_POINT('',(0.,-0.5));
#12347 = VECTOR('',#12348,1.);
#12348 = DIRECTION('',(1.,0.));
#12349 = ( GEOMETRIC_REPRESENTATION_CONTEXT(2) 
PARAMETRIC_REPRESENTATION_CONTEXT() REPRESENTATION_CONTEXT('2D SPACE',''
  ) );
#12350 = PCURVE('',#11259,#12351);
#12351 = DEFINITIONAL_REPRESENTATION('',(#12352),#12356);
#12352 = B_SPLINE_CURVE_WITH_KNOTS('',2,(#12353,#12354,#12355),
  .UNSPECIFIED.,.F.,.F.,(3,3),(0.,1.),.PIECEWISE_BEZIER_KNOTS.);
#12353 = CARTESIAN_POINT('',(4.2724609375,2.4755859375));
#12354 = CARTESIAN_POINT('',(4.00390625,2.8173828125));
#12355 = CARTESIAN_POINT('',(3.79150390625,2.9541015625));
#12356 = ( GEOMETRIC_REPRESENTATION_CONTEXT(2) 
PARAMETRIC_REPRESENTATION_CONTEXT() REPRESENTATION_CONTEXT('2D SPACE',''
  ) );
#12357 = ORIENTED_EDGE('',*,*,#12358,.F.);
#12358 = EDGE_CURVE('',#12359,#12336,#12361,.T.);
#12359 = VERTEX_POINT('',#12360);
#12360 = CARTESIAN_POINT('',(-21.95068359375,-0.34912109375,0.));
#12361 = SURFACE_CURVE('',#12362,(#12366,#12373),.PCURVE_S1.);
#12362 = LINE('',#12363,#12364);
#12363 = CARTESIAN_POINT('',(-21.95068359375,-0.34912109375,0.));
#12364 = VECTOR('',#12365,1.);
#12365 = DIRECTION('',(0.,0.,1.));
#12366 = PCURVE('',#12296,#12367);
#12367 = DEFINITIONAL_REPRESENTATION('',(#12368),#12372);
#12368 = LINE('',#12369,#12370);
#12369 = CARTESIAN_POINT('',(1.,0.));
#12370 = VECTOR('',#12371,1.);
#12371 = DIRECTION('',(0.,-1.));
#12372 = ( GEOMETRIC_REPRESENTATION_CONTEXT(2) 
PARAMETRIC_REPRESENTATION_CONTEXT() REPRESENTATION_CONTEXT('2D SPACE',''
  ) );
#12373 = PCURVE('',#12374,#12381);
#12374 = SURFACE_OF_LINEAR_EXTRUSION('',#12375,#12379);
#12375 = B_SPLINE_CURVE_WITH_KNOTS('',2,(#12376,#12377,#12378),
  .UNSPECIFIED.,.F.,.F.,(3,3),(0.,1.),.PIECEWISE_BEZIER_KNOTS.);
#12376 = CARTESIAN_POINT('',(-21.95068359375,-0.34912109375,0.));
#12377 = CARTESIAN_POINT('',(-22.1630859375,-0.21240234375,0.));
#12378 = CARTESIAN_POINT('',(-22.3828125,-0.15869140625,0.));
#12379 = VECTOR('',#12380,1.);
#12380 = DIRECTION('',(-0.,-0.,-1.));
#12381 = DEFINITIONAL_REPRESENTATION('',(#12382),#12386);
#12382 = LINE('',#12383,#12384);
#12383 = CARTESIAN_POINT('',(0.,0.));
#12384 = VECTOR('',#12385,1.);
#12385 = DIRECTION('',(0.,-1.));
#12386 = ( GEOMETRIC_REPRESENTATION_CONTEXT(2) 
PARAMETRIC_REPRESENTATION_CONTEXT() REPRESENTATION_CONTEXT('2D SPACE',''
  ) );
#12387 = ORIENTED_EDGE('',*,*,#12388,.F.);
#12388 = EDGE_CURVE('',#12281,#12359,#12389,.T.);
#12389 = SURFACE_CURVE('',#12390,(#12394,#12401),.PCURVE_S1.);
#12390 = B_SPLINE_CURVE_WITH_KNOTS('',2,(#12391,#12392,#12393),
  .UNSPECIFIED.,.F.,.F.,(3,3),(0.,1.),.PIECEWISE_BEZIER_KNOTS.);
#12391 = CARTESIAN_POINT('',(-21.4697265625,-0.82763671875,0.));
#12392 = CARTESIAN_POINT('',(-21.73828125,-0.48583984375,0.));
#12393 = CARTESIAN_POINT('',(-21.95068359375,-0.34912109375,0.));
#12394 = PCURVE('',#12296,#12395);
#12395 = DEFINITIONAL_REPRESENTATION('',(#12396),#12400);
#12396 = LINE('',#12397,#12398);
#12397 = CARTESIAN_POINT('',(0.,0.));
#12398 = VECTOR('',#12399,1.);
#12399 = DIRECTION('',(1.,0.));
#12400 = ( GEOMETRIC_REPRESENTATION_CONTEXT(2) 
PARAMETRIC_REPRESENTATION_CONTEXT() REPRESENTATION_CONTEXT('2D SPACE',''
  ) );
#12401 = PCURVE('',#11313,#12402);
#12402 = DEFINITIONAL_REPRESENTATION('',(#12403),#12407);
#12403 = B_SPLINE_CURVE_WITH_KNOTS('',2,(#12404,#12405,#12406),
  .UNSPECIFIED.,.F.,.F.,(3,3),(0.,1.),.PIECEWISE_BEZIER_KNOTS.);
#12404 = CARTESIAN_POINT('',(4.2724609375,2.4755859375));
#12405 = CARTESIAN_POINT('',(4.00390625,2.8173828125));
#12406 = CARTESIAN_POINT('',(3.79150390625,2.9541015625));
#12407 = ( GEOMETRIC_REPRESENTATION_CONTEXT(2) 
PARAMETRIC_REPRESENTATION_CONTEXT() REPRESENTATION_CONTEXT('2D SPACE',''
  ) );
#12408 = ADVANCED_FACE('',(#12409),#12374,.T.);
#12409 = FACE_BOUND('',#12410,.T.);
#12410 = EDGE_LOOP('',(#12411,#12412,#12435,#12465));
#12411 = ORIENTED_EDGE('',*,*,#12358,.T.);
#12412 = ORIENTED_EDGE('',*,*,#12413,.T.);
#12413 = EDGE_CURVE('',#12336,#12414,#12416,.T.);
#12414 = VERTEX_POINT('',#12415);
#12415 = CARTESIAN_POINT('',(-22.3828125,-0.15869140625,0.5));
#12416 = SURFACE_CURVE('',#12417,(#12421,#12428),.PCURVE_S1.);
#12417 = B_SPLINE_CURVE_WITH_KNOTS('',2,(#12418,#12419,#12420),
  .UNSPECIFIED.,.F.,.F.,(3,3),(0.,1.),.PIECEWISE_BEZIER_KNOTS.);
#12418 = CARTESIAN_POINT('',(-21.95068359375,-0.34912109375,0.5));
#12419 = CARTESIAN_POINT('',(-22.1630859375,-0.21240234375,0.5));
#12420 = CARTESIAN_POINT('',(-22.3828125,-0.15869140625,0.5));
#12421 = PCURVE('',#12374,#12422);
#12422 = DEFINITIONAL_REPRESENTATION('',(#12423),#12427);
#12423 = LINE('',#12424,#12425);
#12424 = CARTESIAN_POINT('',(0.,-0.5));
#12425 = VECTOR('',#12426,1.);
#12426 = DIRECTION('',(1.,0.));
#12427 = ( GEOMETRIC_REPRESENTATION_CONTEXT(2) 
PARAMETRIC_REPRESENTATION_CONTEXT() REPRESENTATION_CONTEXT('2D SPACE',''
  ) );
#12428 = PCURVE('',#11259,#12429);
#12429 = DEFINITIONAL_REPRESENTATION('',(#12430),#12434);
#12430 = B_SPLINE_CURVE_WITH_KNOTS('',2,(#12431,#12432,#12433),
  .UNSPECIFIED.,.F.,.F.,(3,3),(0.,1.),.PIECEWISE_BEZIER_KNOTS.);
#12431 = CARTESIAN_POINT('',(3.79150390625,2.9541015625));
#12432 = CARTESIAN_POINT('',(3.5791015625,3.0908203125));
#12433 = CARTESIAN_POINT('',(3.359375,3.14453125));
#12434 = ( GEOMETRIC_REPRESENTATION_CONTEXT(2) 
PARAMETRIC_REPRESENTATION_CONTEXT() REPRESENTATION_CONTEXT('2D SPACE',''
  ) );
#12435 = ORIENTED_EDGE('',*,*,#12436,.F.);
#12436 = EDGE_CURVE('',#12437,#12414,#12439,.T.);
#12437 = VERTEX_POINT('',#12438);
#12438 = CARTESIAN_POINT('',(-22.3828125,-0.15869140625,0.));
#12439 = SURFACE_CURVE('',#12440,(#12444,#12451),.PCURVE_S1.);
#12440 = LINE('',#12441,#12442);
#12441 = CARTESIAN_POINT('',(-22.3828125,-0.15869140625,0.));
#12442 = VECTOR('',#12443,1.);
#12443 = DIRECTION('',(0.,0.,1.));
#12444 = PCURVE('',#12374,#12445);
#12445 = DEFINITIONAL_REPRESENTATION('',(#12446),#12450);
#12446 = LINE('',#12447,#12448);
#12447 = CARTESIAN_POINT('',(1.,0.));
#12448 = VECTOR('',#12449,1.);
#12449 = DIRECTION('',(0.,-1.));
#12450 = ( GEOMETRIC_REPRESENTATION_CONTEXT(2) 
PARAMETRIC_REPRESENTATION_CONTEXT() REPRESENTATION_CONTEXT('2D SPACE',''
  ) );
#12451 = PCURVE('',#12452,#12459);
#12452 = SURFACE_OF_LINEAR_EXTRUSION('',#12453,#12457);
#12453 = B_SPLINE_CURVE_WITH_KNOTS('',2,(#12454,#12455,#12456),
  .UNSPECIFIED.,.F.,.F.,(3,3),(0.,1.),.PIECEWISE_BEZIER_KNOTS.);
#12454 = CARTESIAN_POINT('',(-22.3828125,-0.15869140625,0.));
#12455 = CARTESIAN_POINT('',(-22.5439453125,-0.12451171875,0.));
#12456 = CARTESIAN_POINT('',(-22.91015625,-0.12451171875,0.));
#12457 = VECTOR('',#12458,1.);
#12458 = DIRECTION('',(-0.,-0.,-1.));
#12459 = DEFINITIONAL_REPRESENTATION('',(#12460),#12464);
#12460 = LINE('',#12461,#12462);
#12461 = CARTESIAN_POINT('',(0.,0.));
#12462 = VECTOR('',#12463,1.);
#12463 = DIRECTION('',(0.,-1.));
#12464 = ( GEOMETRIC_REPRESENTATION_CONTEXT(2) 
PARAMETRIC_REPRESENTATION_CONTEXT() REPRESENTATION_CONTEXT('2D SPACE',''
  ) );
#12465 = ORIENTED_EDGE('',*,*,#12466,.F.);
#12466 = EDGE_CURVE('',#12359,#12437,#12467,.T.);
#12467 = SURFACE_CURVE('',#12468,(#12472,#12479),.PCURVE_S1.);
#12468 = B_SPLINE_CURVE_WITH_KNOTS('',2,(#12469,#12470,#12471),
  .UNSPECIFIED.,.F.,.F.,(3,3),(0.,1.),.PIECEWISE_BEZIER_KNOTS.);
#12469 = CARTESIAN_POINT('',(-21.95068359375,-0.34912109375,0.));
#12470 = CARTESIAN_POINT('',(-22.1630859375,-0.21240234375,0.));
#12471 = CARTESIAN_POINT('',(-22.3828125,-0.15869140625,0.));
#12472 = PCURVE('',#12374,#12473);
#12473 = DEFINITIONAL_REPRESENTATION('',(#12474),#12478);
#12474 = LINE('',#12475,#12476);
#12475 = CARTESIAN_POINT('',(0.,0.));
#12476 = VECTOR('',#12477,1.);
#12477 = DIRECTION('',(1.,0.));
#12478 = ( GEOMETRIC_REPRESENTATION_CONTEXT(2) 
PARAMETRIC_REPRESENTATION_CONTEXT() REPRESENTATION_CONTEXT('2D SPACE',''
  ) );
#12479 = PCURVE('',#11313,#12480);
#12480 = DEFINITIONAL_REPRESENTATION('',(#12481),#12485);
#12481 = B_SPLINE_CURVE_WITH_KNOTS('',2,(#12482,#12483,#12484),
  .UNSPECIFIED.,.F.,.F.,(3,3),(0.,1.),.PIECEWISE_BEZIER_KNOTS.);
#12482 = CARTESIAN_POINT('',(3.79150390625,2.9541015625));
#12483 = CARTESIAN_POINT('',(3.5791015625,3.0908203125));
#12484 = CARTESIAN_POINT('',(3.359375,3.14453125));
#12485 = ( GEOMETRIC_REPRESENTATION_CONTEXT(2) 
PARAMETRIC_REPRESENTATION_CONTEXT() REPRESENTATION_CONTEXT('2D SPACE',''
  ) );
#12486 = ADVANCED_FACE('',(#12487),#12452,.T.);
#12487 = FACE_BOUND('',#12488,.T.);
#12488 = EDGE_LOOP('',(#12489,#12490,#12513,#12541));
#12489 = ORIENTED_EDGE('',*,*,#12436,.T.);
#12490 = ORIENTED_EDGE('',*,*,#12491,.T.);
#12491 = EDGE_CURVE('',#12414,#12492,#12494,.T.);
#12492 = VERTEX_POINT('',#12493);
#12493 = CARTESIAN_POINT('',(-22.91015625,-0.12451171875,0.5));
#12494 = SURFACE_CURVE('',#12495,(#12499,#12506),.PCURVE_S1.);
#12495 = B_SPLINE_CURVE_WITH_KNOTS('',2,(#12496,#12497,#12498),
  .UNSPECIFIED.,.F.,.F.,(3,3),(0.,1.),.PIECEWISE_BEZIER_KNOTS.);
#12496 = CARTESIAN_POINT('',(-22.3828125,-0.15869140625,0.5));
#12497 = CARTESIAN_POINT('',(-22.5439453125,-0.12451171875,0.5));
#12498 = CARTESIAN_POINT('',(-22.91015625,-0.12451171875,0.5));
#12499 = PCURVE('',#12452,#12500);
#12500 = DEFINITIONAL_REPRESENTATION('',(#12501),#12505);
#12501 = LINE('',#12502,#12503);
#12502 = CARTESIAN_POINT('',(0.,-0.5));
#12503 = VECTOR('',#12504,1.);
#12504 = DIRECTION('',(1.,0.));
#12505 = ( GEOMETRIC_REPRESENTATION_CONTEXT(2) 
PARAMETRIC_REPRESENTATION_CONTEXT() REPRESENTATION_CONTEXT('2D SPACE',''
  ) );
#12506 = PCURVE('',#11259,#12507);
#12507 = DEFINITIONAL_REPRESENTATION('',(#12508),#12512);
#12508 = B_SPLINE_CURVE_WITH_KNOTS('',2,(#12509,#12510,#12511),
  .UNSPECIFIED.,.F.,.F.,(3,3),(0.,1.),.PIECEWISE_BEZIER_KNOTS.);
#12509 = CARTESIAN_POINT('',(3.359375,3.14453125));
#12510 = CARTESIAN_POINT('',(3.1982421875,3.1787109375));
#12511 = CARTESIAN_POINT('',(2.83203125,3.1787109375));
#12512 = ( GEOMETRIC_REPRESENTATION_CONTEXT(2) 
PARAMETRIC_REPRESENTATION_CONTEXT() REPRESENTATION_CONTEXT('2D SPACE',''
  ) );
#12513 = ORIENTED_EDGE('',*,*,#12514,.F.);
#12514 = EDGE_CURVE('',#12515,#12492,#12517,.T.);
#12515 = VERTEX_POINT('',#12516);
#12516 = CARTESIAN_POINT('',(-22.91015625,-0.12451171875,0.));
#12517 = SURFACE_CURVE('',#12518,(#12522,#12529),.PCURVE_S1.);
#12518 = LINE('',#12519,#12520);
#12519 = CARTESIAN_POINT('',(-22.91015625,-0.12451171875,0.));
#12520 = VECTOR('',#12521,1.);
#12521 = DIRECTION('',(0.,0.,1.));
#12522 = PCURVE('',#12452,#12523);
#12523 = DEFINITIONAL_REPRESENTATION('',(#12524),#12528);
#12524 = LINE('',#12525,#12526);
#12525 = CARTESIAN_POINT('',(1.,0.));
#12526 = VECTOR('',#12527,1.);
#12527 = DIRECTION('',(0.,-1.));
#12528 = ( GEOMETRIC_REPRESENTATION_CONTEXT(2) 
PARAMETRIC_REPRESENTATION_CONTEXT() REPRESENTATION_CONTEXT('2D SPACE',''
  ) );
#12529 = PCURVE('',#12530,#12535);
#12530 = PLANE('',#12531);
#12531 = AXIS2_PLACEMENT_3D('',#12532,#12533,#12534);
#12532 = CARTESIAN_POINT('',(-22.91015625,-0.12451171875,0.));
#12533 = DIRECTION('',(0.,-1.,0.));
#12534 = DIRECTION('',(-1.,0.,0.));
#12535 = DEFINITIONAL_REPRESENTATION('',(#12536),#12540);
#12536 = LINE('',#12537,#12538);
#12537 = CARTESIAN_POINT('',(0.,-0.));
#12538 = VECTOR('',#12539,1.);
#12539 = DIRECTION('',(0.,-1.));
#12540 = ( GEOMETRIC_REPRESENTATION_CONTEXT(2) 
PARAMETRIC_REPRESENTATION_CONTEXT() REPRESENTATION_CONTEXT('2D SPACE',''
  ) );
#12541 = ORIENTED_EDGE('',*,*,#12542,.F.);
#12542 = EDGE_CURVE('',#12437,#12515,#12543,.T.);
#12543 = SURFACE_CURVE('',#12544,(#12548,#12555),.PCURVE_S1.);
#12544 = B_SPLINE_CURVE_WITH_KNOTS('',2,(#12545,#12546,#12547),
  .UNSPECIFIED.,.F.,.F.,(3,3),(0.,1.),.PIECEWISE_BEZIER_KNOTS.);
#12545 = CARTESIAN_POINT('',(-22.3828125,-0.15869140625,0.));
#12546 = CARTESIAN_POINT('',(-22.5439453125,-0.12451171875,0.));
#12547 = CARTESIAN_POINT('',(-22.91015625,-0.12451171875,0.));
#12548 = PCURVE('',#12452,#12549);
#12549 = DEFINITIONAL_REPRESENTATION('',(#12550),#12554);
#12550 = LINE('',#12551,#12552);
#12551 = CARTESIAN_POINT('',(0.,0.));
#12552 = VECTOR('',#12553,1.);
#12553 = DIRECTION('',(1.,0.));
#12554 = ( GEOMETRIC_REPRESENTATION_CONTEXT(2) 
PARAMETRIC_REPRESENTATION_CONTEXT() REPRESENTATION_CONTEXT('2D SPACE',''
  ) );
#12555 = PCURVE('',#11313,#12556);
#12556 = DEFINITIONAL_REPRESENTATION('',(#12557),#12561);
#12557 = B_SPLINE_CURVE_WITH_KNOTS('',2,(#12558,#12559,#12560),
  .UNSPECIFIED.,.F.,.F.,(3,3),(0.,1.),.PIECEWISE_BEZIER_KNOTS.);
#12558 = CARTESIAN_POINT('',(3.359375,3.14453125));
#12559 = CARTESIAN_POINT('',(3.1982421875,3.1787109375));
#12560 = CARTESIAN_POINT('',(2.83203125,3.1787109375));
#12561 = ( GEOMETRIC_REPRESENTATION_CONTEXT(2) 
PARAMETRIC_REPRESENTATION_CONTEXT() REPRESENTATION_CONTEXT('2D SPACE',''
  ) );
#12562 = ADVANCED_FACE('',(#12563),#12530,.T.);
#12563 = FACE_BOUND('',#12564,.T.);
#12564 = EDGE_LOOP('',(#12565,#12566,#12589,#12612));
#12565 = ORIENTED_EDGE('',*,*,#12514,.T.);
#12566 = ORIENTED_EDGE('',*,*,#12567,.T.);
#12567 = EDGE_CURVE('',#12492,#12568,#12570,.T.);
#12568 = VERTEX_POINT('',#12569);
#12569 = CARTESIAN_POINT('',(-24.0087890625,-0.12451171875,0.5));
#12570 = SURFACE_CURVE('',#12571,(#12575,#12582),.PCURVE_S1.);
#12571 = LINE('',#12572,#12573);
#12572 = CARTESIAN_POINT('',(-22.91015625,-0.12451171875,0.5));
#12573 = VECTOR('',#12574,1.);
#12574 = DIRECTION('',(-1.,0.,0.));
#12575 = PCURVE('',#12530,#12576);
#12576 = DEFINITIONAL_REPRESENTATION('',(#12577),#12581);
#12577 = LINE('',#12578,#12579);
#12578 = CARTESIAN_POINT('',(0.,-0.5));
#12579 = VECTOR('',#12580,1.);
#12580 = DIRECTION('',(1.,0.));
#12581 = ( GEOMETRIC_REPRESENTATION_CONTEXT(2) 
PARAMETRIC_REPRESENTATION_CONTEXT() REPRESENTATION_CONTEXT('2D SPACE',''
  ) );
#12582 = PCURVE('',#11259,#12583);
#12583 = DEFINITIONAL_REPRESENTATION('',(#12584),#12588);
#12584 = LINE('',#12585,#12586);
#12585 = CARTESIAN_POINT('',(2.83203125,3.1787109375));
#12586 = VECTOR('',#12587,1.);
#12587 = DIRECTION('',(-1.,0.));
#12588 = ( GEOMETRIC_REPRESENTATION_CONTEXT(2) 
PARAMETRIC_REPRESENTATION_CONTEXT() REPRESENTATION_CONTEXT('2D SPACE',''
  ) );
#12589 = ORIENTED_EDGE('',*,*,#12590,.F.);
#12590 = EDGE_CURVE('',#12591,#12568,#12593,.T.);
#12591 = VERTEX_POINT('',#12592);
#12592 = CARTESIAN_POINT('',(-24.0087890625,-0.12451171875,0.));
#12593 = SURFACE_CURVE('',#12594,(#12598,#12605),.PCURVE_S1.);
#12594 = LINE('',#12595,#12596);
#12595 = CARTESIAN_POINT('',(-24.0087890625,-0.12451171875,0.));
#12596 = VECTOR('',#12597,1.);
#12597 = DIRECTION('',(0.,0.,1.));
#12598 = PCURVE('',#12530,#12599);
#12599 = DEFINITIONAL_REPRESENTATION('',(#12600),#12604);
#12600 = LINE('',#12601,#12602);
#12601 = CARTESIAN_POINT('',(1.0986328125,0.));
#12602 = VECTOR('',#12603,1.);
#12603 = DIRECTION('',(0.,-1.));
#12604 = ( GEOMETRIC_REPRESENTATION_CONTEXT(2) 
PARAMETRIC_REPRESENTATION_CONTEXT() REPRESENTATION_CONTEXT('2D SPACE',''
  ) );
#12605 = PCURVE('',#11231,#12606);
#12606 = DEFINITIONAL_REPRESENTATION('',(#12607),#12611);
#12607 = LINE('',#12608,#12609);
#12608 = CARTESIAN_POINT('',(0.,0.));
#12609 = VECTOR('',#12610,1.);
#12610 = DIRECTION('',(0.,-1.));
#12611 = ( GEOMETRIC_REPRESENTATION_CONTEXT(2) 
PARAMETRIC_REPRESENTATION_CONTEXT() REPRESENTATION_CONTEXT('2D SPACE',''
  ) );
#12612 = ORIENTED_EDGE('',*,*,#12613,.F.);
#12613 = EDGE_CURVE('',#12515,#12591,#12614,.T.);
#12614 = SURFACE_CURVE('',#12615,(#12619,#12626),.PCURVE_S1.);
#12615 = LINE('',#12616,#12617);
#12616 = CARTESIAN_POINT('',(-22.91015625,-0.12451171875,0.));
#12617 = VECTOR('',#12618,1.);
#12618 = DIRECTION('',(-1.,0.,0.));
#12619 = PCURVE('',#12530,#12620);
#12620 = DEFINITIONAL_REPRESENTATION('',(#12621),#12625);
#12621 = LINE('',#12622,#12623);
#12622 = CARTESIAN_POINT('',(0.,-0.));
#12623 = VECTOR('',#12624,1.);
#12624 = DIRECTION('',(1.,0.));
#12625 = ( GEOMETRIC_REPRESENTATION_CONTEXT(2) 
PARAMETRIC_REPRESENTATION_CONTEXT() REPRESENTATION_CONTEXT('2D SPACE',''
  ) );
#12626 = PCURVE('',#11313,#12627);
#12627 = DEFINITIONAL_REPRESENTATION('',(#12628),#12632);
#12628 = LINE('',#12629,#12630);
#12629 = CARTESIAN_POINT('',(2.83203125,3.1787109375));
#12630 = VECTOR('',#12631,1.);
#12631 = DIRECTION('',(-1.,0.));
#12632 = ( GEOMETRIC_REPRESENTATION_CONTEXT(2) 
PARAMETRIC_REPRESENTATION_CONTEXT() REPRESENTATION_CONTEXT('2D SPACE',''
  ) );
#12633 = ADVANCED_FACE('',(#12634),#11231,.T.);
#12634 = FACE_BOUND('',#12635,.T.);
#12635 = EDGE_LOOP('',(#12636,#12637,#12658,#12659));
#12636 = ORIENTED_EDGE('',*,*,#12590,.T.);
#12637 = ORIENTED_EDGE('',*,*,#12638,.T.);
#12638 = EDGE_CURVE('',#12568,#11211,#12639,.T.);
#12639 = SURFACE_CURVE('',#12640,(#12644,#12651),.PCURVE_S1.);
#12640 = LINE('',#12641,#12642);
#12641 = CARTESIAN_POINT('',(-24.0087890625,-0.12451171875,0.5));
#12642 = VECTOR('',#12643,1.);
#12643 = DIRECTION('',(0.,-1.,0.));
#12644 = PCURVE('',#11231,#12645);
#12645 = DEFINITIONAL_REPRESENTATION('',(#12646),#12650);
#12646 = LINE('',#12647,#12648);
#12647 = CARTESIAN_POINT('',(0.,-0.5));
#12648 = VECTOR('',#12649,1.);
#12649 = DIRECTION('',(1.,0.));
#12650 = ( GEOMETRIC_REPRESENTATION_CONTEXT(2) 
PARAMETRIC_REPRESENTATION_CONTEXT() REPRESENTATION_CONTEXT('2D SPACE',''
  ) );
#12651 = PCURVE('',#11259,#12652);
#12652 = DEFINITIONAL_REPRESENTATION('',(#12653),#12657);
#12653 = LINE('',#12654,#12655);
#12654 = CARTESIAN_POINT('',(1.7333984375,3.1787109375));
#12655 = VECTOR('',#12656,1.);
#12656 = DIRECTION('',(0.,-1.));
#12657 = ( GEOMETRIC_REPRESENTATION_CONTEXT(2) 
PARAMETRIC_REPRESENTATION_CONTEXT() REPRESENTATION_CONTEXT('2D SPACE',''
  ) );
#12658 = ORIENTED_EDGE('',*,*,#11208,.F.);
#12659 = ORIENTED_EDGE('',*,*,#12660,.F.);
#12660 = EDGE_CURVE('',#12591,#11209,#12661,.T.);
#12661 = SURFACE_CURVE('',#12662,(#12666,#12673),.PCURVE_S1.);
#12662 = LINE('',#12663,#12664);
#12663 = CARTESIAN_POINT('',(-24.0087890625,-0.12451171875,0.));
#12664 = VECTOR('',#12665,1.);
#12665 = DIRECTION('',(0.,-1.,0.));
#12666 = PCURVE('',#11231,#12667);
#12667 = DEFINITIONAL_REPRESENTATION('',(#12668),#12672);
#12668 = LINE('',#12669,#12670);
#12669 = CARTESIAN_POINT('',(0.,0.));
#12670 = VECTOR('',#12671,1.);
#12671 = DIRECTION('',(1.,0.));
#12672 = ( GEOMETRIC_REPRESENTATION_CONTEXT(2) 
PARAMETRIC_REPRESENTATION_CONTEXT() REPRESENTATION_CONTEXT('2D SPACE',''
  ) );
#12673 = PCURVE('',#11313,#12674);
#12674 = DEFINITIONAL_REPRESENTATION('',(#12675),#12679);
#12675 = LINE('',#12676,#12677);
#12676 = CARTESIAN_POINT('',(1.7333984375,3.1787109375));
#12677 = VECTOR('',#12678,1.);
#12678 = DIRECTION('',(0.,-1.));
#12679 = ( GEOMETRIC_REPRESENTATION_CONTEXT(2) 
PARAMETRIC_REPRESENTATION_CONTEXT() REPRESENTATION_CONTEXT('2D SPACE',''
  ) );
#12680 = ADVANCED_FACE('',(#12681),#12695,.T.);
#12681 = FACE_BOUND('',#12682,.T.);
#12682 = EDGE_LOOP('',(#12683,#12718,#12741,#12769));
#12683 = ORIENTED_EDGE('',*,*,#12684,.T.);
#12684 = EDGE_CURVE('',#12685,#12687,#12689,.T.);
#12685 = VERTEX_POINT('',#12686);
#12686 = CARTESIAN_POINT('',(-24.0087890625,3.06396484375,0.));
#12687 = VERTEX_POINT('',#12688);
#12688 = CARTESIAN_POINT('',(-24.0087890625,3.06396484375,0.5));
#12689 = SURFACE_CURVE('',#12690,(#12694,#12706),.PCURVE_S1.);
#12690 = LINE('',#12691,#12692);
#12691 = CARTESIAN_POINT('',(-24.0087890625,3.06396484375,0.));
#12692 = VECTOR('',#12693,1.);
#12693 = DIRECTION('',(0.,0.,1.));
#12694 = PCURVE('',#12695,#12700);
#12695 = PLANE('',#12696);
#12696 = AXIS2_PLACEMENT_3D('',#12697,#12698,#12699);
#12697 = CARTESIAN_POINT('',(-24.0087890625,3.06396484375,0.));
#12698 = DIRECTION('',(1.,0.,-0.));
#12699 = DIRECTION('',(0.,-1.,0.));
#12700 = DEFINITIONAL_REPRESENTATION('',(#12701),#12705);
#12701 = LINE('',#12702,#12703);
#12702 = CARTESIAN_POINT('',(0.,0.));
#12703 = VECTOR('',#12704,1.);
#12704 = DIRECTION('',(0.,-1.));
#12705 = ( GEOMETRIC_REPRESENTATION_CONTEXT(2) 
PARAMETRIC_REPRESENTATION_CONTEXT() REPRESENTATION_CONTEXT('2D SPACE',''
  ) );
#12706 = PCURVE('',#12707,#12712);
#12707 = PLANE('',#12708);
#12708 = AXIS2_PLACEMENT_3D('',#12709,#12710,#12711);
#12709 = CARTESIAN_POINT('',(-21.7431640625,3.06396484375,0.));
#12710 = DIRECTION('',(0.,-1.,0.));
#12711 = DIRECTION('',(-1.,0.,0.));
#12712 = DEFINITIONAL_REPRESENTATION('',(#12713),#12717);
#12713 = LINE('',#12714,#12715);
#12714 = CARTESIAN_POINT('',(2.265625,0.));
#12715 = VECTOR('',#12716,1.);
#12716 = DIRECTION('',(0.,-1.));
#12717 = ( GEOMETRIC_REPRESENTATION_CONTEXT(2) 
PARAMETRIC_REPRESENTATION_CONTEXT() REPRESENTATION_CONTEXT('2D SPACE',''
  ) );
#12718 = ORIENTED_EDGE('',*,*,#12719,.T.);
#12719 = EDGE_CURVE('',#12687,#12720,#12722,.T.);
#12720 = VERTEX_POINT('',#12721);
#12721 = CARTESIAN_POINT('',(-24.0087890625,0.69580078125,0.5));
#12722 = SURFACE_CURVE('',#12723,(#12727,#12734),.PCURVE_S1.);
#12723 = LINE('',#12724,#12725);
#12724 = CARTESIAN_POINT('',(-24.0087890625,3.06396484375,0.5));
#12725 = VECTOR('',#12726,1.);
#12726 = DIRECTION('',(0.,-1.,0.));
#12727 = PCURVE('',#12695,#12728);
#12728 = DEFINITIONAL_REPRESENTATION('',(#12729),#12733);
#12729 = LINE('',#12730,#12731);
#12730 = CARTESIAN_POINT('',(0.,-0.5));
#12731 = VECTOR('',#12732,1.);
#12732 = DIRECTION('',(1.,0.));
#12733 = ( GEOMETRIC_REPRESENTATION_CONTEXT(2) 
PARAMETRIC_REPRESENTATION_CONTEXT() REPRESENTATION_CONTEXT('2D SPACE',''
  ) );
#12734 = PCURVE('',#11259,#12735);
#12735 = DEFINITIONAL_REPRESENTATION('',(#12736),#12740);
#12736 = LINE('',#12737,#12738);
#12737 = CARTESIAN_POINT('',(1.7333984375,6.3671875));
#12738 = VECTOR('',#12739,1.);
#12739 = DIRECTION('',(0.,-1.));
#12740 = ( GEOMETRIC_REPRESENTATION_CONTEXT(2) 
PARAMETRIC_REPRESENTATION_CONTEXT() REPRESENTATION_CONTEXT('2D SPACE',''
  ) );
#12741 = ORIENTED_EDGE('',*,*,#12742,.F.);
#12742 = EDGE_CURVE('',#12743,#12720,#12745,.T.);
#12743 = VERTEX_POINT('',#12744);
#12744 = CARTESIAN_POINT('',(-24.0087890625,0.69580078125,0.));
#12745 = SURFACE_CURVE('',#12746,(#12750,#12757),.PCURVE_S1.);
#12746 = LINE('',#12747,#12748);
#12747 = CARTESIAN_POINT('',(-24.0087890625,0.69580078125,0.));
#12748 = VECTOR('',#12749,1.);
#12749 = DIRECTION('',(0.,0.,1.));
#12750 = PCURVE('',#12695,#12751);
#12751 = DEFINITIONAL_REPRESENTATION('',(#12752),#12756);
#12752 = LINE('',#12753,#12754);
#12753 = CARTESIAN_POINT('',(2.3681640625,0.));
#12754 = VECTOR('',#12755,1.);
#12755 = DIRECTION('',(0.,-1.));
#12756 = ( GEOMETRIC_REPRESENTATION_CONTEXT(2) 
PARAMETRIC_REPRESENTATION_CONTEXT() REPRESENTATION_CONTEXT('2D SPACE',''
  ) );
#12757 = PCURVE('',#12758,#12763);
#12758 = PLANE('',#12759);
#12759 = AXIS2_PLACEMENT_3D('',#12760,#12761,#12762);
#12760 = CARTESIAN_POINT('',(-24.0087890625,0.69580078125,0.));
#12761 = DIRECTION('',(0.,1.,0.));
#12762 = DIRECTION('',(1.,0.,0.));
#12763 = DEFINITIONAL_REPRESENTATION('',(#12764),#12768);
#12764 = LINE('',#12765,#12766);
#12765 = CARTESIAN_POINT('',(0.,0.));
#12766 = VECTOR('',#12767,1.);
#12767 = DIRECTION('',(0.,-1.));
#12768 = ( GEOMETRIC_REPRESENTATION_CONTEXT(2) 
PARAMETRIC_REPRESENTATION_CONTEXT() REPRESENTATION_CONTEXT('2D SPACE',''
  ) );
#12769 = ORIENTED_EDGE('',*,*,#12770,.F.);
#12770 = EDGE_CURVE('',#12685,#12743,#12771,.T.);
#12771 = SURFACE_CURVE('',#12772,(#12776,#12783),.PCURVE_S1.);
#12772 = LINE('',#12773,#12774);
#12773 = CARTESIAN_POINT('',(-24.0087890625,3.06396484375,0.));
#12774 = VECTOR('',#12775,1.);
#12775 = DIRECTION('',(0.,-1.,0.));
#12776 = PCURVE('',#12695,#12777);
#12777 = DEFINITIONAL_REPRESENTATION('',(#12778),#12782);
#12778 = LINE('',#12779,#12780);
#12779 = CARTESIAN_POINT('',(0.,0.));
#12780 = VECTOR('',#12781,1.);
#12781 = DIRECTION('',(1.,0.));
#12782 = ( GEOMETRIC_REPRESENTATION_CONTEXT(2) 
PARAMETRIC_REPRESENTATION_CONTEXT() REPRESENTATION_CONTEXT('2D SPACE',''
  ) );
#12783 = PCURVE('',#11313,#12784);
#12784 = DEFINITIONAL_REPRESENTATION('',(#12785),#12789);
#12785 = LINE('',#12786,#12787);
#12786 = CARTESIAN_POINT('',(1.7333984375,6.3671875));
#12787 = VECTOR('',#12788,1.);
#12788 = DIRECTION('',(0.,-1.));
#12789 = ( GEOMETRIC_REPRESENTATION_CONTEXT(2) 
PARAMETRIC_REPRESENTATION_CONTEXT() REPRESENTATION_CONTEXT('2D SPACE',''
  ) );
#12790 = ADVANCED_FACE('',(#12791),#12758,.T.);
#12791 = FACE_BOUND('',#12792,.T.);
#12792 = EDGE_LOOP('',(#12793,#12794,#12817,#12847));
#12793 = ORIENTED_EDGE('',*,*,#12742,.T.);
#12794 = ORIENTED_EDGE('',*,*,#12795,.T.);
#12795 = EDGE_CURVE('',#12720,#12796,#12798,.T.);
#12796 = VERTEX_POINT('',#12797);
#12797 = CARTESIAN_POINT('',(-21.97265625,0.69580078125,0.5));
#12798 = SURFACE_CURVE('',#12799,(#12803,#12810),.PCURVE_S1.);
#12799 = LINE('',#12800,#12801);
#12800 = CARTESIAN_POINT('',(-24.0087890625,0.69580078125,0.5));
#12801 = VECTOR('',#12802,1.);
#12802 = DIRECTION('',(1.,0.,0.));
#12803 = PCURVE('',#12758,#12804);
#12804 = DEFINITIONAL_REPRESENTATION('',(#12805),#12809);
#12805 = LINE('',#12806,#12807);
#12806 = CARTESIAN_POINT('',(0.,-0.5));
#12807 = VECTOR('',#12808,1.);
#12808 = DIRECTION('',(1.,0.));
#12809 = ( GEOMETRIC_REPRESENTATION_CONTEXT(2) 
PARAMETRIC_REPRESENTATION_CONTEXT() REPRESENTATION_CONTEXT('2D SPACE',''
  ) );
#12810 = PCURVE('',#11259,#12811);
#12811 = DEFINITIONAL_REPRESENTATION('',(#12812),#12816);
#12812 = LINE('',#12813,#12814);
#12813 = CARTESIAN_POINT('',(1.7333984375,3.9990234375));
#12814 = VECTOR('',#12815,1.);
#12815 = DIRECTION('',(1.,0.));
#12816 = ( GEOMETRIC_REPRESENTATION_CONTEXT(2) 
PARAMETRIC_REPRESENTATION_CONTEXT() REPRESENTATION_CONTEXT('2D SPACE',''
  ) );
#12817 = ORIENTED_EDGE('',*,*,#12818,.F.);
#12818 = EDGE_CURVE('',#12819,#12796,#12821,.T.);
#12819 = VERTEX_POINT('',#12820);
#12820 = CARTESIAN_POINT('',(-21.97265625,0.69580078125,0.));
#12821 = SURFACE_CURVE('',#12822,(#12826,#12833),.PCURVE_S1.);
#12822 = LINE('',#12823,#12824);
#12823 = CARTESIAN_POINT('',(-21.97265625,0.69580078125,0.));
#12824 = VECTOR('',#12825,1.);
#12825 = DIRECTION('',(0.,0.,1.));
#12826 = PCURVE('',#12758,#12827);
#12827 = DEFINITIONAL_REPRESENTATION('',(#12828),#12832);
#12828 = LINE('',#12829,#12830);
#12829 = CARTESIAN_POINT('',(2.0361328125,0.));
#12830 = VECTOR('',#12831,1.);
#12831 = DIRECTION('',(0.,-1.));
#12832 = ( GEOMETRIC_REPRESENTATION_CONTEXT(2) 
PARAMETRIC_REPRESENTATION_CONTEXT() REPRESENTATION_CONTEXT('2D SPACE',''
  ) );
#12833 = PCURVE('',#12834,#12841);
#12834 = SURFACE_OF_LINEAR_EXTRUSION('',#12835,#12839);
#12835 = B_SPLINE_CURVE_WITH_KNOTS('',2,(#12836,#12837,#12838),
  .UNSPECIFIED.,.F.,.F.,(3,3),(0.,1.),.PIECEWISE_BEZIER_KNOTS.);
#12836 = CARTESIAN_POINT('',(-21.97265625,0.69580078125,0.));
#12837 = CARTESIAN_POINT('',(-21.3232421875,0.69580078125,0.));
#12838 = CARTESIAN_POINT('',(-20.95703125,0.830078125,0.));
#12839 = VECTOR('',#12840,1.);
#12840 = DIRECTION('',(-0.,-0.,-1.));
#12841 = DEFINITIONAL_REPRESENTATION('',(#12842),#12846);
#12842 = LINE('',#12843,#12844);
#12843 = CARTESIAN_POINT('',(0.,0.));
#12844 = VECTOR('',#12845,1.);
#12845 = DIRECTION('',(0.,-1.));
#12846 = ( GEOMETRIC_REPRESENTATION_CONTEXT(2) 
PARAMETRIC_REPRESENTATION_CONTEXT() REPRESENTATION_CONTEXT('2D SPACE',''
  ) );
#12847 = ORIENTED_EDGE('',*,*,#12848,.F.);
#12848 = EDGE_CURVE('',#12743,#12819,#12849,.T.);
#12849 = SURFACE_CURVE('',#12850,(#12854,#12861),.PCURVE_S1.);
#12850 = LINE('',#12851,#12852);
#12851 = CARTESIAN_POINT('',(-24.0087890625,0.69580078125,0.));
#12852 = VECTOR('',#12853,1.);
#12853 = DIRECTION('',(1.,0.,0.));
#12854 = PCURVE('',#12758,#12855);
#12855 = DEFINITIONAL_REPRESENTATION('',(#12856),#12860);
#12856 = LINE('',#12857,#12858);
#12857 = CARTESIAN_POINT('',(0.,0.));
#12858 = VECTOR('',#12859,1.);
#12859 = DIRECTION('',(1.,0.));
#12860 = ( GEOMETRIC_REPRESENTATION_CONTEXT(2) 
PARAMETRIC_REPRESENTATION_CONTEXT() REPRESENTATION_CONTEXT('2D SPACE',''
  ) );
#12861 = PCURVE('',#11313,#12862);
#12862 = DEFINITIONAL_REPRESENTATION('',(#12863),#12867);
#12863 = LINE('',#12864,#12865);
#12864 = CARTESIAN_POINT('',(1.7333984375,3.9990234375));
#12865 = VECTOR('',#12866,1.);
#12866 = DIRECTION('',(1.,0.));
#12867 = ( GEOMETRIC_REPRESENTATION_CONTEXT(2) 
PARAMETRIC_REPRESENTATION_CONTEXT() REPRESENTATION_CONTEXT('2D SPACE',''
  ) );
#12868 = ADVANCED_FACE('',(#12869),#12834,.T.);
#12869 = FACE_BOUND('',#12870,.T.);
#12870 = EDGE_LOOP('',(#12871,#12872,#12895,#12925));
#12871 = ORIENTED_EDGE('',*,*,#12818,.T.);
#12872 = ORIENTED_EDGE('',*,*,#12873,.T.);
#12873 = EDGE_CURVE('',#12796,#12874,#12876,.T.);
#12874 = VERTEX_POINT('',#12875);
#12875 = CARTESIAN_POINT('',(-20.95703125,0.830078125,0.5));
#12876 = SURFACE_CURVE('',#12877,(#12881,#12888),.PCURVE_S1.);
#12877 = B_SPLINE_CURVE_WITH_KNOTS('',2,(#12878,#12879,#12880),
  .UNSPECIFIED.,.F.,.F.,(3,3),(0.,1.),.PIECEWISE_BEZIER_KNOTS.);
#12878 = CARTESIAN_POINT('',(-21.97265625,0.69580078125,0.5));
#12879 = CARTESIAN_POINT('',(-21.3232421875,0.69580078125,0.5));
#12880 = CARTESIAN_POINT('',(-20.95703125,0.830078125,0.5));
#12881 = PCURVE('',#12834,#12882);
#12882 = DEFINITIONAL_REPRESENTATION('',(#12883),#12887);
#12883 = LINE('',#12884,#12885);
#12884 = CARTESIAN_POINT('',(0.,-0.5));
#12885 = VECTOR('',#12886,1.);
#12886 = DIRECTION('',(1.,0.));
#12887 = ( GEOMETRIC_REPRESENTATION_CONTEXT(2) 
PARAMETRIC_REPRESENTATION_CONTEXT() REPRESENTATION_CONTEXT('2D SPACE',''
  ) );
#12888 = PCURVE('',#11259,#12889);
#12889 = DEFINITIONAL_REPRESENTATION('',(#12890),#12894);
#12890 = B_SPLINE_CURVE_WITH_KNOTS('',2,(#12891,#12892,#12893),
  .UNSPECIFIED.,.F.,.F.,(3,3),(0.,1.),.PIECEWISE_BEZIER_KNOTS.);
#12891 = CARTESIAN_POINT('',(3.76953125,3.9990234375));
#12892 = CARTESIAN_POINT('',(4.4189453125,3.9990234375));
#12893 = CARTESIAN_POINT('',(4.78515625,4.13330078125));
#12894 = ( GEOMETRIC_REPRESENTATION_CONTEXT(2) 
PARAMETRIC_REPRESENTATION_CONTEXT() REPRESENTATION_CONTEXT('2D SPACE',''
  ) );
#12895 = ORIENTED_EDGE('',*,*,#12896,.F.);
#12896 = EDGE_CURVE('',#12897,#12874,#12899,.T.);
#12897 = VERTEX_POINT('',#12898);
#12898 = CARTESIAN_POINT('',(-20.95703125,0.830078125,0.));
#12899 = SURFACE_CURVE('',#12900,(#12904,#12911),.PCURVE_S1.);
#12900 = LINE('',#12901,#12902);
#12901 = CARTESIAN_POINT('',(-20.95703125,0.830078125,0.));
#12902 = VECTOR('',#12903,1.);
#12903 = DIRECTION('',(0.,0.,1.));
#12904 = PCURVE('',#12834,#12905);
#12905 = DEFINITIONAL_REPRESENTATION('',(#12906),#12910);
#12906 = LINE('',#12907,#12908);
#12907 = CARTESIAN_POINT('',(1.,0.));
#12908 = VECTOR('',#12909,1.);
#12909 = DIRECTION('',(0.,-1.));
#12910 = ( GEOMETRIC_REPRESENTATION_CONTEXT(2) 
PARAMETRIC_REPRESENTATION_CONTEXT() REPRESENTATION_CONTEXT('2D SPACE',''
  ) );
#12911 = PCURVE('',#12912,#12919);
#12912 = SURFACE_OF_LINEAR_EXTRUSION('',#12913,#12917);
#12913 = B_SPLINE_CURVE_WITH_KNOTS('',2,(#12914,#12915,#12916),
  .UNSPECIFIED.,.F.,.F.,(3,3),(0.,1.),.PIECEWISE_BEZIER_KNOTS.);
#12914 = CARTESIAN_POINT('',(-20.95703125,0.830078125,0.));
#12915 = CARTESIAN_POINT('',(-20.5908203125,0.96435546875,0.));
#12916 = CARTESIAN_POINT('',(-20.400390625,1.259765625,0.));
#12917 = VECTOR('',#12918,1.);
#12918 = DIRECTION('',(-0.,-0.,-1.));
#12919 = DEFINITIONAL_REPRESENTATION('',(#12920),#12924);
#12920 = LINE('',#12921,#12922);
#12921 = CARTESIAN_POINT('',(0.,0.));
#12922 = VECTOR('',#12923,1.);
#12923 = DIRECTION('',(0.,-1.));
#12924 = ( GEOMETRIC_REPRESENTATION_CONTEXT(2) 
PARAMETRIC_REPRESENTATION_CONTEXT() REPRESENTATION_CONTEXT('2D SPACE',''
  ) );
#12925 = ORIENTED_EDGE('',*,*,#12926,.F.);
#12926 = EDGE_CURVE('',#12819,#12897,#12927,.T.);
#12927 = SURFACE_CURVE('',#12928,(#12932,#12939),.PCURVE_S1.);
#12928 = B_SPLINE_CURVE_WITH_KNOTS('',2,(#12929,#12930,#12931),
  .UNSPECIFIED.,.F.,.F.,(3,3),(0.,1.),.PIECEWISE_BEZIER_KNOTS.);
#12929 = CARTESIAN_POINT('',(-21.97265625,0.69580078125,0.));
#12930 = CARTESIAN_POINT('',(-21.3232421875,0.69580078125,0.));
#12931 = CARTESIAN_POINT('',(-20.95703125,0.830078125,0.));
#12932 = PCURVE('',#12834,#12933);
#12933 = DEFINITIONAL_REPRESENTATION('',(#12934),#12938);
#12934 = LINE('',#12935,#12936);
#12935 = CARTESIAN_POINT('',(0.,0.));
#12936 = VECTOR('',#12937,1.);
#12937 = DIRECTION('',(1.,0.));
#12938 = ( GEOMETRIC_REPRESENTATION_CONTEXT(2) 
PARAMETRIC_REPRESENTATION_CONTEXT() REPRESENTATION_CONTEXT('2D SPACE',''
  ) );
#12939 = PCURVE('',#11313,#12940);
#12940 = DEFINITIONAL_REPRESENTATION('',(#12941),#12945);
#12941 = B_SPLINE_CURVE_WITH_KNOTS('',2,(#12942,#12943,#12944),
  .UNSPECIFIED.,.F.,.F.,(3,3),(0.,1.),.PIECEWISE_BEZIER_KNOTS.);
#12942 = CARTESIAN_POINT('',(3.76953125,3.9990234375));
#12943 = CARTESIAN_POINT('',(4.4189453125,3.9990234375));
#12944 = CARTESIAN_POINT('',(4.78515625,4.13330078125));
#12945 = ( GEOMETRIC_REPRESENTATION_CONTEXT(2) 
PARAMETRIC_REPRESENTATION_CONTEXT() REPRESENTATION_CONTEXT('2D SPACE',''
  ) );
#12946 = ADVANCED_FACE('',(#12947),#12912,.T.);
#12947 = FACE_BOUND('',#12948,.T.);
#12948 = EDGE_LOOP('',(#12949,#12950,#12973,#13003));
#12949 = ORIENTED_EDGE('',*,*,#12896,.T.);
#12950 = ORIENTED_EDGE('',*,*,#12951,.T.);
#12951 = EDGE_CURVE('',#12874,#12952,#12954,.T.);
#12952 = VERTEX_POINT('',#12953);
#12953 = CARTESIAN_POINT('',(-20.400390625,1.259765625,0.5));
#12954 = SURFACE_CURVE('',#12955,(#12959,#12966),.PCURVE_S1.);
#12955 = B_SPLINE_CURVE_WITH_KNOTS('',2,(#12956,#12957,#12958),
  .UNSPECIFIED.,.F.,.F.,(3,3),(0.,1.),.PIECEWISE_BEZIER_KNOTS.);
#12956 = CARTESIAN_POINT('',(-20.95703125,0.830078125,0.5));
#12957 = CARTESIAN_POINT('',(-20.5908203125,0.96435546875,0.5));
#12958 = CARTESIAN_POINT('',(-20.400390625,1.259765625,0.5));
#12959 = PCURVE('',#12912,#12960);
#12960 = DEFINITIONAL_REPRESENTATION('',(#12961),#12965);
#12961 = LINE('',#12962,#12963);
#12962 = CARTESIAN_POINT('',(0.,-0.5));
#12963 = VECTOR('',#12964,1.);
#12964 = DIRECTION('',(1.,0.));
#12965 = ( GEOMETRIC_REPRESENTATION_CONTEXT(2) 
PARAMETRIC_REPRESENTATION_CONTEXT() REPRESENTATION_CONTEXT('2D SPACE',''
  ) );
#12966 = PCURVE('',#11259,#12967);
#12967 = DEFINITIONAL_REPRESENTATION('',(#12968),#12972);
#12968 = B_SPLINE_CURVE_WITH_KNOTS('',2,(#12969,#12970,#12971),
  .UNSPECIFIED.,.F.,.F.,(3,3),(0.,1.),.PIECEWISE_BEZIER_KNOTS.);
#12969 = CARTESIAN_POINT('',(4.78515625,4.13330078125));
#12970 = CARTESIAN_POINT('',(5.1513671875,4.267578125));
#12971 = CARTESIAN_POINT('',(5.341796875,4.56298828125));
#12972 = ( GEOMETRIC_REPRESENTATION_CONTEXT(2) 
PARAMETRIC_REPRESENTATION_CONTEXT() REPRESENTATION_CONTEXT('2D SPACE',''
  ) );
#12973 = ORIENTED_EDGE('',*,*,#12974,.F.);
#12974 = EDGE_CURVE('',#12975,#12952,#12977,.T.);
#12975 = VERTEX_POINT('',#12976);
#12976 = CARTESIAN_POINT('',(-20.400390625,1.259765625,0.));
#12977 = SURFACE_CURVE('',#12978,(#12982,#12989),.PCURVE_S1.);
#12978 = LINE('',#12979,#12980);
#12979 = CARTESIAN_POINT('',(-20.400390625,1.259765625,0.));
#12980 = VECTOR('',#12981,1.);
#12981 = DIRECTION('',(0.,0.,1.));
#12982 = PCURVE('',#12912,#12983);
#12983 = DEFINITIONAL_REPRESENTATION('',(#12984),#12988);
#12984 = LINE('',#12985,#12986);
#12985 = CARTESIAN_POINT('',(1.,0.));
#12986 = VECTOR('',#12987,1.);
#12987 = DIRECTION('',(0.,-1.));
#12988 = ( GEOMETRIC_REPRESENTATION_CONTEXT(2) 
PARAMETRIC_REPRESENTATION_CONTEXT() REPRESENTATION_CONTEXT('2D SPACE',''
  ) );
#12989 = PCURVE('',#12990,#12997);
#12990 = SURFACE_OF_LINEAR_EXTRUSION('',#12991,#12995);
#12991 = B_SPLINE_CURVE_WITH_KNOTS('',2,(#12992,#12993,#12994),
  .UNSPECIFIED.,.F.,.F.,(3,3),(0.,1.),.PIECEWISE_BEZIER_KNOTS.);
#12992 = CARTESIAN_POINT('',(-20.400390625,1.259765625,0.));
#12993 = CARTESIAN_POINT('',(-20.2099609375,1.55517578125,0.));
#12994 = CARTESIAN_POINT('',(-20.2099609375,1.90185546875,0.));
#12995 = VECTOR('',#12996,1.);
#12996 = DIRECTION('',(-0.,-0.,-1.));
#12997 = DEFINITIONAL_REPRESENTATION('',(#12998),#13002);
#12998 = LINE('',#12999,#13000);
#12999 = CARTESIAN_POINT('',(0.,0.));
#13000 = VECTOR('',#13001,1.);
#13001 = DIRECTION('',(0.,-1.));
#13002 = ( GEOMETRIC_REPRESENTATION_CONTEXT(2) 
PARAMETRIC_REPRESENTATION_CONTEXT() REPRESENTATION_CONTEXT('2D SPACE',''
  ) );
#13003 = ORIENTED_EDGE('',*,*,#13004,.F.);
#13004 = EDGE_CURVE('',#12897,#12975,#13005,.T.);
#13005 = SURFACE_CURVE('',#13006,(#13010,#13017),.PCURVE_S1.);
#13006 = B_SPLINE_CURVE_WITH_KNOTS('',2,(#13007,#13008,#13009),
  .UNSPECIFIED.,.F.,.F.,(3,3),(0.,1.),.PIECEWISE_BEZIER_KNOTS.);
#13007 = CARTESIAN_POINT('',(-20.95703125,0.830078125,0.));
#13008 = CARTESIAN_POINT('',(-20.5908203125,0.96435546875,0.));
#13009 = CARTESIAN_POINT('',(-20.400390625,1.259765625,0.));
#13010 = PCURVE('',#12912,#13011);
#13011 = DEFINITIONAL_REPRESENTATION('',(#13012),#13016);
#13012 = LINE('',#13013,#13014);
#13013 = CARTESIAN_POINT('',(0.,0.));
#13014 = VECTOR('',#13015,1.);
#13015 = DIRECTION('',(1.,0.));
#13016 = ( GEOMETRIC_REPRESENTATION_CONTEXT(2) 
PARAMETRIC_REPRESENTATION_CONTEXT() REPRESENTATION_CONTEXT('2D SPACE',''
  ) );
#13017 = PCURVE('',#11313,#13018);
#13018 = DEFINITIONAL_REPRESENTATION('',(#13019),#13023);
#13019 = B_SPLINE_CURVE_WITH_KNOTS('',2,(#13020,#13021,#13022),
  .UNSPECIFIED.,.F.,.F.,(3,3),(0.,1.),.PIECEWISE_BEZIER_KNOTS.);
#13020 = CARTESIAN_POINT('',(4.78515625,4.13330078125));
#13021 = CARTESIAN_POINT('',(5.1513671875,4.267578125));
#13022 = CARTESIAN_POINT('',(5.341796875,4.56298828125));
#13023 = ( GEOMETRIC_REPRESENTATION_CONTEXT(2) 
PARAMETRIC_REPRESENTATION_CONTEXT() REPRESENTATION_CONTEXT('2D SPACE',''
  ) );
#13024 = ADVANCED_FACE('',(#13025),#12990,.T.);
#13025 = FACE_BOUND('',#13026,.T.);
#13026 = EDGE_LOOP('',(#13027,#13028,#13051,#13081));
#13027 = ORIENTED_EDGE('',*,*,#12974,.T.);
#13028 = ORIENTED_EDGE('',*,*,#13029,.T.);
#13029 = EDGE_CURVE('',#12952,#13030,#13032,.T.);
#13030 = VERTEX_POINT('',#13031);
#13031 = CARTESIAN_POINT('',(-20.2099609375,1.90185546875,0.5));
#13032 = SURFACE_CURVE('',#13033,(#13037,#13044),.PCURVE_S1.);
#13033 = B_SPLINE_CURVE_WITH_KNOTS('',2,(#13034,#13035,#13036),
  .UNSPECIFIED.,.F.,.F.,(3,3),(0.,1.),.PIECEWISE_BEZIER_KNOTS.);
#13034 = CARTESIAN_POINT('',(-20.400390625,1.259765625,0.5));
#13035 = CARTESIAN_POINT('',(-20.2099609375,1.55517578125,0.5));
#13036 = CARTESIAN_POINT('',(-20.2099609375,1.90185546875,0.5));
#13037 = PCURVE('',#12990,#13038);
#13038 = DEFINITIONAL_REPRESENTATION('',(#13039),#13043);
#13039 = LINE('',#13040,#13041);
#13040 = CARTESIAN_POINT('',(0.,-0.5));
#13041 = VECTOR('',#13042,1.);
#13042 = DIRECTION('',(1.,0.));
#13043 = ( GEOMETRIC_REPRESENTATION_CONTEXT(2) 
PARAMETRIC_REPRESENTATION_CONTEXT() REPRESENTATION_CONTEXT('2D SPACE',''
  ) );
#13044 = PCURVE('',#11259,#13045);
#13045 = DEFINITIONAL_REPRESENTATION('',(#13046),#13050);
#13046 = B_SPLINE_CURVE_WITH_KNOTS('',2,(#13047,#13048,#13049),
  .UNSPECIFIED.,.F.,.F.,(3,3),(0.,1.),.PIECEWISE_BEZIER_KNOTS.);
#13047 = CARTESIAN_POINT('',(5.341796875,4.56298828125));
#13048 = CARTESIAN_POINT('',(5.5322265625,4.8583984375));
#13049 = CARTESIAN_POINT('',(5.5322265625,5.205078125));
#13050 = ( GEOMETRIC_REPRESENTATION_CONTEXT(2) 
PARAMETRIC_REPRESENTATION_CONTEXT() REPRESENTATION_CONTEXT('2D SPACE',''
  ) );
#13051 = ORIENTED_EDGE('',*,*,#13052,.F.);
#13052 = EDGE_CURVE('',#13053,#13030,#13055,.T.);
#13053 = VERTEX_POINT('',#13054);
#13054 = CARTESIAN_POINT('',(-20.2099609375,1.90185546875,0.));
#13055 = SURFACE_CURVE('',#13056,(#13060,#13067),.PCURVE_S1.);
#13056 = LINE('',#13057,#13058);
#13057 = CARTESIAN_POINT('',(-20.2099609375,1.90185546875,0.));
#13058 = VECTOR('',#13059,1.);
#13059 = DIRECTION('',(0.,0.,1.));
#13060 = PCURVE('',#12990,#13061);
#13061 = DEFINITIONAL_REPRESENTATION('',(#13062),#13066);
#13062 = LINE('',#13063,#13064);
#13063 = CARTESIAN_POINT('',(1.,0.));
#13064 = VECTOR('',#13065,1.);
#13065 = DIRECTION('',(0.,-1.));
#13066 = ( GEOMETRIC_REPRESENTATION_CONTEXT(2) 
PARAMETRIC_REPRESENTATION_CONTEXT() REPRESENTATION_CONTEXT('2D SPACE',''
  ) );
#13067 = PCURVE('',#13068,#13075);
#13068 = SURFACE_OF_LINEAR_EXTRUSION('',#13069,#13073);
#13069 = B_SPLINE_CURVE_WITH_KNOTS('',2,(#13070,#13071,#13072),
  .UNSPECIFIED.,.F.,.F.,(3,3),(0.,1.),.PIECEWISE_BEZIER_KNOTS.);
#13070 = CARTESIAN_POINT('',(-20.2099609375,1.90185546875,0.));
#13071 = CARTESIAN_POINT('',(-20.2099609375,2.40966796875,0.));
#13072 = CARTESIAN_POINT('',(-20.57861328125,2.73681640625,0.));
#13073 = VECTOR('',#13074,1.);
#13074 = DIRECTION('',(-0.,-0.,-1.));
#13075 = DEFINITIONAL_REPRESENTATION('',(#13076),#13080);
#13076 = LINE('',#13077,#13078);
#13077 = CARTESIAN_POINT('',(0.,0.));
#13078 = VECTOR('',#13079,1.);
#13079 = DIRECTION('',(0.,-1.));
#13080 = ( GEOMETRIC_REPRESENTATION_CONTEXT(2) 
PARAMETRIC_REPRESENTATION_CONTEXT() REPRESENTATION_CONTEXT('2D SPACE',''
  ) );
#13081 = ORIENTED_EDGE('',*,*,#13082,.F.);
#13082 = EDGE_CURVE('',#12975,#13053,#13083,.T.);
#13083 = SURFACE_CURVE('',#13084,(#13088,#13095),.PCURVE_S1.);
#13084 = B_SPLINE_CURVE_WITH_KNOTS('',2,(#13085,#13086,#13087),
  .UNSPECIFIED.,.F.,.F.,(3,3),(0.,1.),.PIECEWISE_BEZIER_KNOTS.);
#13085 = CARTESIAN_POINT('',(-20.400390625,1.259765625,0.));
#13086 = CARTESIAN_POINT('',(-20.2099609375,1.55517578125,0.));
#13087 = CARTESIAN_POINT('',(-20.2099609375,1.90185546875,0.));
#13088 = PCURVE('',#12990,#13089);
#13089 = DEFINITIONAL_REPRESENTATION('',(#13090),#13094);
#13090 = LINE('',#13091,#13092);
#13091 = CARTESIAN_POINT('',(0.,0.));
#13092 = VECTOR('',#13093,1.);
#13093 = DIRECTION('',(1.,0.));
#13094 = ( GEOMETRIC_REPRESENTATION_CONTEXT(2) 
PARAMETRIC_REPRESENTATION_CONTEXT() REPRESENTATION_CONTEXT('2D SPACE',''
  ) );
#13095 = PCURVE('',#11313,#13096);
#13096 = DEFINITIONAL_REPRESENTATION('',(#13097),#13101);
#13097 = B_SPLINE_CURVE_WITH_KNOTS('',2,(#13098,#13099,#13100),
  .UNSPECIFIED.,.F.,.F.,(3,3),(0.,1.),.PIECEWISE_BEZIER_KNOTS.);
#13098 = CARTESIAN_POINT('',(5.341796875,4.56298828125));
#13099 = CARTESIAN_POINT('',(5.5322265625,4.8583984375));
#13100 = CARTESIAN_POINT('',(5.5322265625,5.205078125));
#13101 = ( GEOMETRIC_REPRESENTATION_CONTEXT(2) 
PARAMETRIC_REPRESENTATION_CONTEXT() REPRESENTATION_CONTEXT('2D SPACE',''
  ) );
#13102 = ADVANCED_FACE('',(#13103),#13068,.T.);
#13103 = FACE_BOUND('',#13104,.T.);
#13104 = EDGE_LOOP('',(#13105,#13106,#13129,#13159));
#13105 = ORIENTED_EDGE('',*,*,#13052,.T.);
#13106 = ORIENTED_EDGE('',*,*,#13107,.T.);
#13107 = EDGE_CURVE('',#13030,#13108,#13110,.T.);
#13108 = VERTEX_POINT('',#13109);
#13109 = CARTESIAN_POINT('',(-20.57861328125,2.73681640625,0.5));
#13110 = SURFACE_CURVE('',#13111,(#13115,#13122),.PCURVE_S1.);
#13111 = B_SPLINE_CURVE_WITH_KNOTS('',2,(#13112,#13113,#13114),
  .UNSPECIFIED.,.F.,.F.,(3,3),(0.,1.),.PIECEWISE_BEZIER_KNOTS.);
#13112 = CARTESIAN_POINT('',(-20.2099609375,1.90185546875,0.5));
#13113 = CARTESIAN_POINT('',(-20.2099609375,2.40966796875,0.5));
#13114 = CARTESIAN_POINT('',(-20.57861328125,2.73681640625,0.5));
#13115 = PCURVE('',#13068,#13116);
#13116 = DEFINITIONAL_REPRESENTATION('',(#13117),#13121);
#13117 = LINE('',#13118,#13119);
#13118 = CARTESIAN_POINT('',(0.,-0.5));
#13119 = VECTOR('',#13120,1.);
#13120 = DIRECTION('',(1.,0.));
#13121 = ( GEOMETRIC_REPRESENTATION_CONTEXT(2) 
PARAMETRIC_REPRESENTATION_CONTEXT() REPRESENTATION_CONTEXT('2D SPACE',''
  ) );
#13122 = PCURVE('',#11259,#13123);
#13123 = DEFINITIONAL_REPRESENTATION('',(#13124),#13128);
#13124 = B_SPLINE_CURVE_WITH_KNOTS('',2,(#13125,#13126,#13127),
  .UNSPECIFIED.,.F.,.F.,(3,3),(0.,1.),.PIECEWISE_BEZIER_KNOTS.);
#13125 = CARTESIAN_POINT('',(5.5322265625,5.205078125));
#13126 = CARTESIAN_POINT('',(5.5322265625,5.712890625));
#13127 = CARTESIAN_POINT('',(5.16357421875,6.0400390625));
#13128 = ( GEOMETRIC_REPRESENTATION_CONTEXT(2) 
PARAMETRIC_REPRESENTATION_CONTEXT() REPRESENTATION_CONTEXT('2D SPACE',''
  ) );
#13129 = ORIENTED_EDGE('',*,*,#13130,.F.);
#13130 = EDGE_CURVE('',#13131,#13108,#13133,.T.);
#13131 = VERTEX_POINT('',#13132);
#13132 = CARTESIAN_POINT('',(-20.57861328125,2.73681640625,0.));
#13133 = SURFACE_CURVE('',#13134,(#13138,#13145),.PCURVE_S1.);
#13134 = LINE('',#13135,#13136);
#13135 = CARTESIAN_POINT('',(-20.57861328125,2.73681640625,0.));
#13136 = VECTOR('',#13137,1.);
#13137 = DIRECTION('',(0.,0.,1.));
#13138 = PCURVE('',#13068,#13139);
#13139 = DEFINITIONAL_REPRESENTATION('',(#13140),#13144);
#13140 = LINE('',#13141,#13142);
#13141 = CARTESIAN_POINT('',(1.,0.));
#13142 = VECTOR('',#13143,1.);
#13143 = DIRECTION('',(0.,-1.));
#13144 = ( GEOMETRIC_REPRESENTATION_CONTEXT(2) 
PARAMETRIC_REPRESENTATION_CONTEXT() REPRESENTATION_CONTEXT('2D SPACE',''
  ) );
#13145 = PCURVE('',#13146,#13153);
#13146 = SURFACE_OF_LINEAR_EXTRUSION('',#13147,#13151);
#13147 = B_SPLINE_CURVE_WITH_KNOTS('',2,(#13148,#13149,#13150),
  .UNSPECIFIED.,.F.,.F.,(3,3),(0.,1.),.PIECEWISE_BEZIER_KNOTS.);
#13148 = CARTESIAN_POINT('',(-20.57861328125,2.73681640625,0.));
#13149 = CARTESIAN_POINT('',(-20.947265625,3.06396484375,0.));
#13150 = CARTESIAN_POINT('',(-21.7431640625,3.06396484375,0.));
#13151 = VECTOR('',#13152,1.);
#13152 = DIRECTION('',(-0.,-0.,-1.));
#13153 = DEFINITIONAL_REPRESENTATION('',(#13154),#13158);
#13154 = LINE('',#13155,#13156);
#13155 = CARTESIAN_POINT('',(0.,0.));
#13156 = VECTOR('',#13157,1.);
#13157 = DIRECTION('',(0.,-1.));
#13158 = ( GEOMETRIC_REPRESENTATION_CONTEXT(2) 
PARAMETRIC_REPRESENTATION_CONTEXT() REPRESENTATION_CONTEXT('2D SPACE',''
  ) );
#13159 = ORIENTED_EDGE('',*,*,#13160,.F.);
#13160 = EDGE_CURVE('',#13053,#13131,#13161,.T.);
#13161 = SURFACE_CURVE('',#13162,(#13166,#13173),.PCURVE_S1.);
#13162 = B_SPLINE_CURVE_WITH_KNOTS('',2,(#13163,#13164,#13165),
  .UNSPECIFIED.,.F.,.F.,(3,3),(0.,1.),.PIECEWISE_BEZIER_KNOTS.);
#13163 = CARTESIAN_POINT('',(-20.2099609375,1.90185546875,0.));
#13164 = CARTESIAN_POINT('',(-20.2099609375,2.40966796875,0.));
#13165 = CARTESIAN_POINT('',(-20.57861328125,2.73681640625,0.));
#13166 = PCURVE('',#13068,#13167);
#13167 = DEFINITIONAL_REPRESENTATION('',(#13168),#13172);
#13168 = LINE('',#13169,#13170);
#13169 = CARTESIAN_POINT('',(0.,0.));
#13170 = VECTOR('',#13171,1.);
#13171 = DIRECTION('',(1.,0.));
#13172 = ( GEOMETRIC_REPRESENTATION_CONTEXT(2) 
PARAMETRIC_REPRESENTATION_CONTEXT() REPRESENTATION_CONTEXT('2D SPACE',''
  ) );
#13173 = PCURVE('',#11313,#13174);
#13174 = DEFINITIONAL_REPRESENTATION('',(#13175),#13179);
#13175 = B_SPLINE_CURVE_WITH_KNOTS('',2,(#13176,#13177,#13178),
  .UNSPECIFIED.,.F.,.F.,(3,3),(0.,1.),.PIECEWISE_BEZIER_KNOTS.);
#13176 = CARTESIAN_POINT('',(5.5322265625,5.205078125));
#13177 = CARTESIAN_POINT('',(5.5322265625,5.712890625));
#13178 = CARTESIAN_POINT('',(5.16357421875,6.0400390625));
#13179 = ( GEOMETRIC_REPRESENTATION_CONTEXT(2) 
PARAMETRIC_REPRESENTATION_CONTEXT() REPRESENTATION_CONTEXT('2D SPACE',''
  ) );
#13180 = ADVANCED_FACE('',(#13181),#13146,.T.);
#13181 = FACE_BOUND('',#13182,.T.);
#13182 = EDGE_LOOP('',(#13183,#13184,#13207,#13230));
#13183 = ORIENTED_EDGE('',*,*,#13130,.T.);
#13184 = ORIENTED_EDGE('',*,*,#13185,.T.);
#13185 = EDGE_CURVE('',#13108,#13186,#13188,.T.);
#13186 = VERTEX_POINT('',#13187);
#13187 = CARTESIAN_POINT('',(-21.7431640625,3.06396484375,0.5));
#13188 = SURFACE_CURVE('',#13189,(#13193,#13200),.PCURVE_S1.);
#13189 = B_SPLINE_CURVE_WITH_KNOTS('',2,(#13190,#13191,#13192),
  .UNSPECIFIED.,.F.,.F.,(3,3),(0.,1.),.PIECEWISE_BEZIER_KNOTS.);
#13190 = CARTESIAN_POINT('',(-20.57861328125,2.73681640625,0.5));
#13191 = CARTESIAN_POINT('',(-20.947265625,3.06396484375,0.5));
#13192 = CARTESIAN_POINT('',(-21.7431640625,3.06396484375,0.5));
#13193 = PCURVE('',#13146,#13194);
#13194 = DEFINITIONAL_REPRESENTATION('',(#13195),#13199);
#13195 = LINE('',#13196,#13197);
#13196 = CARTESIAN_POINT('',(0.,-0.5));
#13197 = VECTOR('',#13198,1.);
#13198 = DIRECTION('',(1.,0.));
#13199 = ( GEOMETRIC_REPRESENTATION_CONTEXT(2) 
PARAMETRIC_REPRESENTATION_CONTEXT() REPRESENTATION_CONTEXT('2D SPACE',''
  ) );
#13200 = PCURVE('',#11259,#13201);
#13201 = DEFINITIONAL_REPRESENTATION('',(#13202),#13206);
#13202 = B_SPLINE_CURVE_WITH_KNOTS('',2,(#13203,#13204,#13205),
  .UNSPECIFIED.,.F.,.F.,(3,3),(0.,1.),.PIECEWISE_BEZIER_KNOTS.);
#13203 = CARTESIAN_POINT('',(5.16357421875,6.0400390625));
#13204 = CARTESIAN_POINT('',(4.794921875,6.3671875));
#13205 = CARTESIAN_POINT('',(3.9990234375,6.3671875));
#13206 = ( GEOMETRIC_REPRESENTATION_CONTEXT(2) 
PARAMETRIC_REPRESENTATION_CONTEXT() REPRESENTATION_CONTEXT('2D SPACE',''
  ) );
#13207 = ORIENTED_EDGE('',*,*,#13208,.F.);
#13208 = EDGE_CURVE('',#13209,#13186,#13211,.T.);
#13209 = VERTEX_POINT('',#13210);
#13210 = CARTESIAN_POINT('',(-21.7431640625,3.06396484375,0.));
#13211 = SURFACE_CURVE('',#13212,(#13216,#13223),.PCURVE_S1.);
#13212 = LINE('',#13213,#13214);
#13213 = CARTESIAN_POINT('',(-21.7431640625,3.06396484375,0.));
#13214 = VECTOR('',#13215,1.);
#13215 = DIRECTION('',(0.,0.,1.));
#13216 = PCURVE('',#13146,#13217);
#13217 = DEFINITIONAL_REPRESENTATION('',(#13218),#13222);
#13218 = LINE('',#13219,#13220);
#13219 = CARTESIAN_POINT('',(1.,0.));
#13220 = VECTOR('',#13221,1.);
#13221 = DIRECTION('',(0.,-1.));
#13222 = ( GEOMETRIC_REPRESENTATION_CONTEXT(2) 
PARAMETRIC_REPRESENTATION_CONTEXT() REPRESENTATION_CONTEXT('2D SPACE',''
  ) );
#13223 = PCURVE('',#12707,#13224);
#13224 = DEFINITIONAL_REPRESENTATION('',(#13225),#13229);
#13225 = LINE('',#13226,#13227);
#13226 = CARTESIAN_POINT('',(0.,-0.));
#13227 = VECTOR('',#13228,1.);
#13228 = DIRECTION('',(0.,-1.));
#13229 = ( GEOMETRIC_REPRESENTATION_CONTEXT(2) 
PARAMETRIC_REPRESENTATION_CONTEXT() REPRESENTATION_CONTEXT('2D SPACE',''
  ) );
#13230 = ORIENTED_EDGE('',*,*,#13231,.F.);
#13231 = EDGE_CURVE('',#13131,#13209,#13232,.T.);
#13232 = SURFACE_CURVE('',#13233,(#13237,#13244),.PCURVE_S1.);
#13233 = B_SPLINE_CURVE_WITH_KNOTS('',2,(#13234,#13235,#13236),
  .UNSPECIFIED.,.F.,.F.,(3,3),(0.,1.),.PIECEWISE_BEZIER_KNOTS.);
#13234 = CARTESIAN_POINT('',(-20.57861328125,2.73681640625,0.));
#13235 = CARTESIAN_POINT('',(-20.947265625,3.06396484375,0.));
#13236 = CARTESIAN_POINT('',(-21.7431640625,3.06396484375,0.));
#13237 = PCURVE('',#13146,#13238);
#13238 = DEFINITIONAL_REPRESENTATION('',(#13239),#13243);
#13239 = LINE('',#13240,#13241);
#13240 = CARTESIAN_POINT('',(0.,0.));
#13241 = VECTOR('',#13242,1.);
#13242 = DIRECTION('',(1.,0.));
#13243 = ( GEOMETRIC_REPRESENTATION_CONTEXT(2) 
PARAMETRIC_REPRESENTATION_CONTEXT() REPRESENTATION_CONTEXT('2D SPACE',''
  ) );
#13244 = PCURVE('',#11313,#13245);
#13245 = DEFINITIONAL_REPRESENTATION('',(#13246),#13250);
#13246 = B_SPLINE_CURVE_WITH_KNOTS('',2,(#13247,#13248,#13249),
  .UNSPECIFIED.,.F.,.F.,(3,3),(0.,1.),.PIECEWISE_BEZIER_KNOTS.);
#13247 = CARTESIAN_POINT('',(5.16357421875,6.0400390625));
#13248 = CARTESIAN_POINT('',(4.794921875,6.3671875));
#13249 = CARTESIAN_POINT('',(3.9990234375,6.3671875));
#13250 = ( GEOMETRIC_REPRESENTATION_CONTEXT(2) 
PARAMETRIC_REPRESENTATION_CONTEXT() REPRESENTATION_CONTEXT('2D SPACE',''
  ) );
#13251 = ADVANCED_FACE('',(#13252),#12707,.T.);
#13252 = FACE_BOUND('',#13253,.T.);
#13253 = EDGE_LOOP('',(#13254,#13255,#13276,#13277));
#13254 = ORIENTED_EDGE('',*,*,#13208,.T.);
#13255 = ORIENTED_EDGE('',*,*,#13256,.T.);
#13256 = EDGE_CURVE('',#13186,#12687,#13257,.T.);
#13257 = SURFACE_CURVE('',#13258,(#13262,#13269),.PCURVE_S1.);
#13258 = LINE('',#13259,#13260);
#13259 = CARTESIAN_POINT('',(-21.7431640625,3.06396484375,0.5));
#13260 = VECTOR('',#13261,1.);
#13261 = DIRECTION('',(-1.,0.,0.));
#13262 = PCURVE('',#12707,#13263);
#13263 = DEFINITIONAL_REPRESENTATION('',(#13264),#13268);
#13264 = LINE('',#13265,#13266);
#13265 = CARTESIAN_POINT('',(0.,-0.5));
#13266 = VECTOR('',#13267,1.);
#13267 = DIRECTION('',(1.,0.));
#13268 = ( GEOMETRIC_REPRESENTATION_CONTEXT(2) 
PARAMETRIC_REPRESENTATION_CONTEXT() REPRESENTATION_CONTEXT('2D SPACE',''
  ) );
#13269 = PCURVE('',#11259,#13270);
#13270 = DEFINITIONAL_REPRESENTATION('',(#13271),#13275);
#13271 = LINE('',#13272,#13273);
#13272 = CARTESIAN_POINT('',(3.9990234375,6.3671875));
#13273 = VECTOR('',#13274,1.);
#13274 = DIRECTION('',(-1.,0.));
#13275 = ( GEOMETRIC_REPRESENTATION_CONTEXT(2) 
PARAMETRIC_REPRESENTATION_CONTEXT() REPRESENTATION_CONTEXT('2D SPACE',''
  ) );
#13276 = ORIENTED_EDGE('',*,*,#12684,.F.);
#13277 = ORIENTED_EDGE('',*,*,#13278,.F.);
#13278 = EDGE_CURVE('',#13209,#12685,#13279,.T.);
#13279 = SURFACE_CURVE('',#13280,(#13284,#13291),.PCURVE_S1.);
#13280 = LINE('',#13281,#13282);
#13281 = CARTESIAN_POINT('',(-21.7431640625,3.06396484375,0.));
#13282 = VECTOR('',#13283,1.);
#13283 = DIRECTION('',(-1.,0.,0.));
#13284 = PCURVE('',#12707,#13285);
#13285 = DEFINITIONAL_REPRESENTATION('',(#13286),#13290);
#13286 = LINE('',#13287,#13288);
#13287 = CARTESIAN_POINT('',(0.,-0.));
#13288 = VECTOR('',#13289,1.);
#13289 = DIRECTION('',(1.,0.));
#13290 = ( GEOMETRIC_REPRESENTATION_CONTEXT(2) 
PARAMETRIC_REPRESENTATION_CONTEXT() REPRESENTATION_CONTEXT('2D SPACE',''
  ) );
#13291 = PCURVE('',#11313,#13292);
#13292 = DEFINITIONAL_REPRESENTATION('',(#13293),#13297);
#13293 = LINE('',#13294,#13295);
#13294 = CARTESIAN_POINT('',(3.9990234375,6.3671875));
#13295 = VECTOR('',#13296,1.);
#13296 = DIRECTION('',(-1.,0.));
#13297 = ( GEOMETRIC_REPRESENTATION_CONTEXT(2) 
PARAMETRIC_REPRESENTATION_CONTEXT() REPRESENTATION_CONTEXT('2D SPACE',''
  ) );
#13298 = ADVANCED_FACE('',(#13299,#13320),#11313,.F.);
#13299 = FACE_BOUND('',#13300,.T.);
#13300 = EDGE_LOOP('',(#13301,#13302,#13303,#13304,#13305,#13306,#13307,
    #13308,#13309,#13310,#13311,#13312,#13313,#13314,#13315,#13316,
    #13317,#13318,#13319));
#13301 = ORIENTED_EDGE('',*,*,#11299,.T.);
#13302 = ORIENTED_EDGE('',*,*,#11380,.T.);
#13303 = ORIENTED_EDGE('',*,*,#11458,.T.);
#13304 = ORIENTED_EDGE('',*,*,#11536,.T.);
#13305 = ORIENTED_EDGE('',*,*,#11614,.T.);
#13306 = ORIENTED_EDGE('',*,*,#11692,.T.);
#13307 = ORIENTED_EDGE('',*,*,#11770,.T.);
#13308 = ORIENTED_EDGE('',*,*,#11848,.T.);
#13309 = ORIENTED_EDGE('',*,*,#11926,.T.);
#13310 = ORIENTED_EDGE('',*,*,#12002,.T.);
#13311 = ORIENTED_EDGE('',*,*,#12078,.T.);
#13312 = ORIENTED_EDGE('',*,*,#12154,.T.);
#13313 = ORIENTED_EDGE('',*,*,#12232,.T.);
#13314 = ORIENTED_EDGE('',*,*,#12310,.T.);
#13315 = ORIENTED_EDGE('',*,*,#12388,.T.);
#13316 = ORIENTED_EDGE('',*,*,#12466,.T.);
#13317 = ORIENTED_EDGE('',*,*,#12542,.T.);
#13318 = ORIENTED_EDGE('',*,*,#12613,.T.);
#13319 = ORIENTED_EDGE('',*,*,#12660,.T.);
#13320 = FACE_BOUND('',#13321,.T.);
#13321 = EDGE_LOOP('',(#13322,#13323,#13324,#13325,#13326,#13327,#13328,
    #13329));
#13322 = ORIENTED_EDGE('',*,*,#12770,.T.);
#13323 = ORIENTED_EDGE('',*,*,#12848,.T.);
#13324 = ORIENTED_EDGE('',*,*,#12926,.T.);
#13325 = ORIENTED_EDGE('',*,*,#13004,.T.);
#13326 = ORIENTED_EDGE('',*,*,#13082,.T.);
#13327 = ORIENTED_EDGE('',*,*,#13160,.T.);
#13328 = ORIENTED_EDGE('',*,*,#13231,.T.);
#13329 = ORIENTED_EDGE('',*,*,#13278,.T.);
#13330 = ADVANCED_FACE('',(#13331,#13352),#11259,.T.);
#13331 = FACE_BOUND('',#13332,.F.);
#13332 = EDGE_LOOP('',(#13333,#13334,#13335,#13336,#13337,#13338,#13339,
    #13340,#13341,#13342,#13343,#13344,#13345,#13346,#13347,#13348,
    #13349,#13350,#13351));
#13333 = ORIENTED_EDGE('',*,*,#11243,.T.);
#13334 = ORIENTED_EDGE('',*,*,#11329,.T.);
#13335 = ORIENTED_EDGE('',*,*,#11405,.T.);
#13336 = ORIENTED_EDGE('',*,*,#11483,.T.);
#13337 = ORIENTED_EDGE('',*,*,#11561,.T.);
#13338 = ORIENTED_EDGE('',*,*,#11639,.T.);
#13339 = ORIENTED_EDGE('',*,*,#11717,.T.);
#13340 = ORIENTED_EDGE('',*,*,#11795,.T.);
#13341 = ORIENTED_EDGE('',*,*,#11873,.T.);
#13342 = ORIENTED_EDGE('',*,*,#11951,.T.);
#13343 = ORIENTED_EDGE('',*,*,#12027,.T.);
#13344 = ORIENTED_EDGE('',*,*,#12103,.T.);
#13345 = ORIENTED_EDGE('',*,*,#12179,.T.);
#13346 = ORIENTED_EDGE('',*,*,#12257,.T.);
#13347 = ORIENTED_EDGE('',*,*,#12335,.T.);
#13348 = ORIENTED_EDGE('',*,*,#12413,.T.);
#13349 = ORIENTED_EDGE('',*,*,#12491,.T.);
#13350 = ORIENTED_EDGE('',*,*,#12567,.T.);
#13351 = ORIENTED_EDGE('',*,*,#12638,.T.);
#13352 = FACE_BOUND('',#13353,.F.);
#13353 = EDGE_LOOP('',(#13354,#13355,#13356,#13357,#13358,#13359,#13360,
    #13361));
#13354 = ORIENTED_EDGE('',*,*,#12719,.T.);
#13355 = ORIENTED_EDGE('',*,*,#12795,.T.);
#13356 = ORIENTED_EDGE('',*,*,#12873,.T.);
#13357 = ORIENTED_EDGE('',*,*,#12951,.T.);
#13358 = ORIENTED_EDGE('',*,*,#13029,.T.);
#13359 = ORIENTED_EDGE('',*,*,#13107,.T.);
#13360 = ORIENTED_EDGE('',*,*,#13185,.T.);
#13361 = ORIENTED_EDGE('',*,*,#13256,.T.);
#13362 = ( GEOMETRIC_REPRESENTATION_CONTEXT(3) 
GLOBAL_UNCERTAINTY_ASSIGNED_CONTEXT((#13366)) 
GLOBAL_UNIT_ASSIGNED_CONTEXT((#13363,#13364,#13365)) 
REPRESENTATION_CONTEXT('Context #1',
  '3D Context with UNIT and UNCERTAINTY') );
#13363 = ( LENGTH_UNIT() NAMED_UNIT(*) SI_UNIT(.MILLI.,.METRE.) );
#13364 = ( NAMED_UNIT(*) PLANE_ANGLE_UNIT() SI_UNIT($,.RADIAN.) );
#13365 = ( NAMED_UNIT(*) SI_UNIT($,.STERADIAN.) SOLID_ANGLE_UNIT() );
#13366 = UNCERTAINTY_MEASURE_WITH_UNIT(LENGTH_MEASURE(1.E-07),#13363,
  'distance_accuracy_value','confusion accuracy');
#13367 = CONTEXT_DEPENDENT_SHAPE_REPRESENTATION(#13368,#13370);
#13368 = ( REPRESENTATION_RELATIONSHIP('','',#11201,#10) 
REPRESENTATION_RELATIONSHIP_WITH_TRANSFORMATION(#13369) 
SHAPE_REPRESENTATION_RELATIONSHIP() );
#13369 = ITEM_DEFINED_TRANSFORMATION('','',#11,#19);
#13370 = PRODUCT_DEFINITION_SHAPE('Placement','Placement of an item',
  #13371);
#13371 = NEXT_ASSEMBLY_USAGE_OCCURRENCE('2','','',#5,#11196,$);
#13372 = PRODUCT_RELATED_PRODUCT_CATEGORY('part',$,(#11198));
ENDSEC;
END-ISO-10303-21;
