ISO-10303-21;
HEADER;
FILE_DESCRIPTION(('Open CASCADE Model'),'2;1');
FILE_NAME('Open CASCADE Shape Model','2026-03-19T00:46:12',('Author'),(
    'Open CASCADE'),'Open CASCADE STEP processor 7.8','Open CASCADE 7.8'
  ,'Unknown');
FILE_SCHEMA(('AUTOMOTIVE_DESIGN { 1 0 10303 214 1 1 1 1 }'));
ENDSEC;
DATA;
#1 = APPLICATION_PROTOCOL_DEFINITION('international standard',
  'automotive_design',2000,#2);
#2 = APPLICATION_CONTEXT(
  'core data for automotive mechanical design processes');
#3 = SHAPE_DEFINITION_REPRESENTATION(#4,#10);
#4 = PRODUCT_DEFINITION_SHAPE('','',#5);
#5 = PRODUCT_DEFINITION('design','',#6,#9);
#6 = PRODUCT_DEFINITION_FORMATION('','',#7);
#7 = PRODUCT('Open CASCADE STEP translator 7.8 1',
  'Open CASCADE STEP translator 7.8 1','',(#8));
#8 = PRODUCT_CONTEXT('',#2,'mechanical');
#9 = PRODUCT_DEFINITION_CONTEXT('part definition',#2,'design');
#10 = ADVANCED_BREP_SHAPE_REPRESENTATION('',(#11,#15),#2002);
#11 = AXIS2_PLACEMENT_3D('',#12,#13,#14);
#12 = CARTESIAN_POINT('',(0.,0.,0.));
#13 = DIRECTION('',(0.,0.,1.));
#14 = DIRECTION('',(1.,0.,-0.));
#15 = MANIFOLD_SOLID_BREP('',#16);
#16 = CLOSED_SHELL('',(#17,#137,#213,#400,#454,#599,#631,#1351,#1378,
    #1410,#1994,#1998));
#17 = ADVANCED_FACE('',(#18),#32,.F.);
#18 = FACE_BOUND('',#19,.F.);
#19 = EDGE_LOOP('',(#20,#55,#83,#111));
#20 = ORIENTED_EDGE('',*,*,#21,.F.);
#21 = EDGE_CURVE('',#22,#24,#26,.T.);
#22 = VERTEX_POINT('',#23);
#23 = CARTESIAN_POINT('',(-8.881784197001E-16,-12.50370849898,-1.5));
#24 = VERTEX_POINT('',#25);
#25 = CARTESIAN_POINT('',(-8.881784197001E-16,-12.50370849898,1.5));
#26 = SURFACE_CURVE('',#27,(#31,#43),.PCURVE_S1.);
#27 = LINE('',#28,#29);
#28 = CARTESIAN_POINT('',(-8.881784197001E-16,-12.50370849898,-1.5));
#29 = VECTOR('',#30,1.);
#30 = DIRECTION('',(0.,0.,1.));
#31 = PCURVE('',#32,#37);
#32 = PLANE('',#33);
#33 = AXIS2_PLACEMENT_3D('',#34,#35,#36);
#34 = CARTESIAN_POINT('',(-8.881784197001E-16,-12.50370849898,-1.5));
#35 = DIRECTION('',(0.707106781187,0.707106781187,0.));
#36 = DIRECTION('',(0.,0.,1.));
#37 = DEFINITIONAL_REPRESENTATION('',(#38),#42);
#38 = LINE('',#39,#40);
#39 = CARTESIAN_POINT('',(0.,0.));
#40 = VECTOR('',#41,1.);
#41 = DIRECTION('',(1.,0.));
#42 = ( GEOMETRIC_REPRESENTATION_CONTEXT(2) 
PARAMETRIC_REPRESENTATION_CONTEXT() REPRESENTATION_CONTEXT('2D SPACE',''
  ) );
#43 = PCURVE('',#44,#49);
#44 = PLANE('',#45);
#45 = AXIS2_PLACEMENT_3D('',#46,#47,#48);
#46 = CARTESIAN_POINT('',(-8.881784197001E-16,-12.50370849898,-1.5));
#47 = DIRECTION('',(-0.707106781187,0.707106781187,0.));
#48 = DIRECTION('',(0.,0.,1.));
#49 = DEFINITIONAL_REPRESENTATION('',(#50),#54);
#50 = LINE('',#51,#52);
#51 = CARTESIAN_POINT('',(0.,0.));
#52 = VECTOR('',#53,1.);
#53 = DIRECTION('',(1.,0.));
#54 = ( GEOMETRIC_REPRESENTATION_CONTEXT(2) 
PARAMETRIC_REPRESENTATION_CONTEXT() REPRESENTATION_CONTEXT('2D SPACE',''
  ) );
#55 = ORIENTED_EDGE('',*,*,#56,.T.);
#56 = EDGE_CURVE('',#22,#57,#59,.T.);
#57 = VERTEX_POINT('',#58);
#58 = CARTESIAN_POINT('',(-11.31370849898,-1.19,-1.5));
#59 = SURFACE_CURVE('',#60,(#64,#71),.PCURVE_S1.);
#60 = LINE('',#61,#62);
#61 = CARTESIAN_POINT('',(-8.881784197001E-16,-12.50370849898,-1.5));
#62 = VECTOR('',#63,1.);
#63 = DIRECTION('',(-0.707106781187,0.707106781187,0.));
#64 = PCURVE('',#32,#65);
#65 = DEFINITIONAL_REPRESENTATION('',(#66),#70);
#66 = LINE('',#67,#68);
#67 = CARTESIAN_POINT('',(0.,0.));
#68 = VECTOR('',#69,1.);
#69 = DIRECTION('',(0.,-1.));
#70 = ( GEOMETRIC_REPRESENTATION_CONTEXT(2) 
PARAMETRIC_REPRESENTATION_CONTEXT() REPRESENTATION_CONTEXT('2D SPACE',''
  ) );
#71 = PCURVE('',#72,#77);
#72 = PLANE('',#73);
#73 = AXIS2_PLACEMENT_3D('',#74,#75,#76);
#74 = CARTESIAN_POINT('',(-8.881784197001E-16,-12.50370849898,-1.5));
#75 = DIRECTION('',(0.,0.,1.));
#76 = DIRECTION('',(0.707106781187,0.707106781187,0.));
#77 = DEFINITIONAL_REPRESENTATION('',(#78),#82);
#78 = LINE('',#79,#80);
#79 = CARTESIAN_POINT('',(0.,0.));
#80 = VECTOR('',#81,1.);
#81 = DIRECTION('',(0.,1.));
#82 = ( GEOMETRIC_REPRESENTATION_CONTEXT(2) 
PARAMETRIC_REPRESENTATION_CONTEXT() REPRESENTATION_CONTEXT('2D SPACE',''
  ) );
#83 = ORIENTED_EDGE('',*,*,#84,.T.);
#84 = EDGE_CURVE('',#57,#85,#87,.T.);
#85 = VERTEX_POINT('',#86);
#86 = CARTESIAN_POINT('',(-11.31370849898,-1.19,1.5));
#87 = SURFACE_CURVE('',#88,(#92,#99),.PCURVE_S1.);
#88 = LINE('',#89,#90);
#89 = CARTESIAN_POINT('',(-11.31370849898,-1.19,-1.5));
#90 = VECTOR('',#91,1.);
#91 = DIRECTION('',(0.,0.,1.));
#92 = PCURVE('',#32,#93);
#93 = DEFINITIONAL_REPRESENTATION('',(#94),#98);
#94 = LINE('',#95,#96);
#95 = CARTESIAN_POINT('',(0.,-16.));
#96 = VECTOR('',#97,1.);
#97 = DIRECTION('',(1.,0.));
#98 = ( GEOMETRIC_REPRESENTATION_CONTEXT(2) 
PARAMETRIC_REPRESENTATION_CONTEXT() REPRESENTATION_CONTEXT('2D SPACE',''
  ) );
#99 = PCURVE('',#100,#105);
#100 = PLANE('',#101);
#101 = AXIS2_PLACEMENT_3D('',#102,#103,#104);
#102 = CARTESIAN_POINT('',(-11.31370849898,-1.19,-1.5));
#103 = DIRECTION('',(-0.707106781187,0.707106781187,0.));
#104 = DIRECTION('',(0.,0.,1.));
#105 = DEFINITIONAL_REPRESENTATION('',(#106),#110);
#106 = LINE('',#107,#108);
#107 = CARTESIAN_POINT('',(0.,0.));
#108 = VECTOR('',#109,1.);
#109 = DIRECTION('',(1.,0.));
#110 = ( GEOMETRIC_REPRESENTATION_CONTEXT(2) 
PARAMETRIC_REPRESENTATION_CONTEXT() REPRESENTATION_CONTEXT('2D SPACE',''
  ) );
#111 = ORIENTED_EDGE('',*,*,#112,.F.);
#112 = EDGE_CURVE('',#24,#85,#113,.T.);
#113 = SURFACE_CURVE('',#114,(#118,#125),.PCURVE_S1.);
#114 = LINE('',#115,#116);
#115 = CARTESIAN_POINT('',(-8.881784197001E-16,-12.50370849898,1.5));
#116 = VECTOR('',#117,1.);
#117 = DIRECTION('',(-0.707106781187,0.707106781187,0.));
#118 = PCURVE('',#32,#119);
#119 = DEFINITIONAL_REPRESENTATION('',(#120),#124);
#120 = LINE('',#121,#122);
#121 = CARTESIAN_POINT('',(3.,0.));
#122 = VECTOR('',#123,1.);
#123 = DIRECTION('',(0.,-1.));
#124 = ( GEOMETRIC_REPRESENTATION_CONTEXT(2) 
PARAMETRIC_REPRESENTATION_CONTEXT() REPRESENTATION_CONTEXT('2D SPACE',''
  ) );
#125 = PCURVE('',#126,#131);
#126 = PLANE('',#127);
#127 = AXIS2_PLACEMENT_3D('',#128,#129,#130);
#128 = CARTESIAN_POINT('',(-8.881784197001E-16,-12.50370849898,1.5));
#129 = DIRECTION('',(0.,0.,1.));
#130 = DIRECTION('',(0.707106781187,0.707106781187,0.));
#131 = DEFINITIONAL_REPRESENTATION('',(#132),#136);
#132 = LINE('',#133,#134);
#133 = CARTESIAN_POINT('',(0.,0.));
#134 = VECTOR('',#135,1.);
#135 = DIRECTION('',(0.,1.));
#136 = ( GEOMETRIC_REPRESENTATION_CONTEXT(2) 
PARAMETRIC_REPRESENTATION_CONTEXT() REPRESENTATION_CONTEXT('2D SPACE',''
  ) );
#137 = ADVANCED_FACE('',(#138),#44,.F.);
#138 = FACE_BOUND('',#139,.F.);
#139 = EDGE_LOOP('',(#140,#163,#164,#187));
#140 = ORIENTED_EDGE('',*,*,#141,.F.);
#141 = EDGE_CURVE('',#22,#142,#144,.T.);
#142 = VERTEX_POINT('',#143);
#143 = CARTESIAN_POINT('',(11.313708498985,-1.19,-1.5));
#144 = SURFACE_CURVE('',#145,(#149,#156),.PCURVE_S1.);
#145 = LINE('',#146,#147);
#146 = CARTESIAN_POINT('',(-8.881784197001E-16,-12.50370849898,-1.5));
#147 = VECTOR('',#148,1.);
#148 = DIRECTION('',(0.707106781187,0.707106781187,0.));
#149 = PCURVE('',#44,#150);
#150 = DEFINITIONAL_REPRESENTATION('',(#151),#155);
#151 = LINE('',#152,#153);
#152 = CARTESIAN_POINT('',(0.,0.));
#153 = VECTOR('',#154,1.);
#154 = DIRECTION('',(0.,1.));
#155 = ( GEOMETRIC_REPRESENTATION_CONTEXT(2) 
PARAMETRIC_REPRESENTATION_CONTEXT() REPRESENTATION_CONTEXT('2D SPACE',''
  ) );
#156 = PCURVE('',#72,#157);
#157 = DEFINITIONAL_REPRESENTATION('',(#158),#162);
#158 = LINE('',#159,#160);
#159 = CARTESIAN_POINT('',(0.,0.));
#160 = VECTOR('',#161,1.);
#161 = DIRECTION('',(1.,0.));
#162 = ( GEOMETRIC_REPRESENTATION_CONTEXT(2) 
PARAMETRIC_REPRESENTATION_CONTEXT() REPRESENTATION_CONTEXT('2D SPACE',''
  ) );
#163 = ORIENTED_EDGE('',*,*,#21,.T.);
#164 = ORIENTED_EDGE('',*,*,#165,.T.);
#165 = EDGE_CURVE('',#24,#166,#168,.T.);
#166 = VERTEX_POINT('',#167);
#167 = CARTESIAN_POINT('',(11.313708498985,-1.19,1.5));
#168 = SURFACE_CURVE('',#169,(#173,#180),.PCURVE_S1.);
#169 = LINE('',#170,#171);
#170 = CARTESIAN_POINT('',(-8.881784197001E-16,-12.50370849898,1.5));
#171 = VECTOR('',#172,1.);
#172 = DIRECTION('',(0.707106781187,0.707106781187,0.));
#173 = PCURVE('',#44,#174);
#174 = DEFINITIONAL_REPRESENTATION('',(#175),#179);
#175 = LINE('',#176,#177);
#176 = CARTESIAN_POINT('',(3.,0.));
#177 = VECTOR('',#178,1.);
#178 = DIRECTION('',(0.,1.));
#179 = ( GEOMETRIC_REPRESENTATION_CONTEXT(2) 
PARAMETRIC_REPRESENTATION_CONTEXT() REPRESENTATION_CONTEXT('2D SPACE',''
  ) );
#180 = PCURVE('',#126,#181);
#181 = DEFINITIONAL_REPRESENTATION('',(#182),#186);
#182 = LINE('',#183,#184);
#183 = CARTESIAN_POINT('',(0.,0.));
#184 = VECTOR('',#185,1.);
#185 = DIRECTION('',(1.,0.));
#186 = ( GEOMETRIC_REPRESENTATION_CONTEXT(2) 
PARAMETRIC_REPRESENTATION_CONTEXT() REPRESENTATION_CONTEXT('2D SPACE',''
  ) );
#187 = ORIENTED_EDGE('',*,*,#188,.F.);
#188 = EDGE_CURVE('',#142,#166,#189,.T.);
#189 = SURFACE_CURVE('',#190,(#194,#201),.PCURVE_S1.);
#190 = LINE('',#191,#192);
#191 = CARTESIAN_POINT('',(11.313708498985,-1.19,-1.5));
#192 = VECTOR('',#193,1.);
#193 = DIRECTION('',(0.,0.,1.));
#194 = PCURVE('',#44,#195);
#195 = DEFINITIONAL_REPRESENTATION('',(#196),#200);
#196 = LINE('',#197,#198);
#197 = CARTESIAN_POINT('',(0.,16.));
#198 = VECTOR('',#199,1.);
#199 = DIRECTION('',(1.,0.));
#200 = ( GEOMETRIC_REPRESENTATION_CONTEXT(2) 
PARAMETRIC_REPRESENTATION_CONTEXT() REPRESENTATION_CONTEXT('2D SPACE',''
  ) );
#201 = PCURVE('',#202,#207);
#202 = PLANE('',#203);
#203 = AXIS2_PLACEMENT_3D('',#204,#205,#206);
#204 = CARTESIAN_POINT('',(11.313708498985,-1.19,-1.5));
#205 = DIRECTION('',(0.707106781187,0.707106781187,0.));
#206 = DIRECTION('',(0.,0.,1.));
#207 = DEFINITIONAL_REPRESENTATION('',(#208),#212);
#208 = LINE('',#209,#210);
#209 = CARTESIAN_POINT('',(0.,0.));
#210 = VECTOR('',#211,1.);
#211 = DIRECTION('',(1.,0.));
#212 = ( GEOMETRIC_REPRESENTATION_CONTEXT(2) 
PARAMETRIC_REPRESENTATION_CONTEXT() REPRESENTATION_CONTEXT('2D SPACE',''
  ) );
#213 = ADVANCED_FACE('',(#214),#126,.T.);
#214 = FACE_BOUND('',#215,.T.);
#215 = EDGE_LOOP('',(#216,#239,#240,#241,#264,#293,#321,#349,#378));
#216 = ORIENTED_EDGE('',*,*,#217,.F.);
#217 = EDGE_CURVE('',#85,#218,#220,.T.);
#218 = VERTEX_POINT('',#219);
#219 = CARTESIAN_POINT('',(-8.592188112808,1.531520386177,1.5));
#220 = SURFACE_CURVE('',#221,(#225,#232),.PCURVE_S1.);
#221 = LINE('',#222,#223);
#222 = CARTESIAN_POINT('',(-11.31370849898,-1.19,1.5));
#223 = VECTOR('',#224,1.);
#224 = DIRECTION('',(0.707106781187,0.707106781187,0.));
#225 = PCURVE('',#126,#226);
#226 = DEFINITIONAL_REPRESENTATION('',(#227),#231);
#227 = LINE('',#228,#229);
#228 = CARTESIAN_POINT('',(-1.7763568394E-15,16.));
#229 = VECTOR('',#230,1.);
#230 = DIRECTION('',(1.,0.));
#231 = ( GEOMETRIC_REPRESENTATION_CONTEXT(2) 
PARAMETRIC_REPRESENTATION_CONTEXT() REPRESENTATION_CONTEXT('2D SPACE',''
  ) );
#232 = PCURVE('',#100,#233);
#233 = DEFINITIONAL_REPRESENTATION('',(#234),#238);
#234 = LINE('',#235,#236);
#235 = CARTESIAN_POINT('',(3.,0.));
#236 = VECTOR('',#237,1.);
#237 = DIRECTION('',(0.,1.));
#238 = ( GEOMETRIC_REPRESENTATION_CONTEXT(2) 
PARAMETRIC_REPRESENTATION_CONTEXT() REPRESENTATION_CONTEXT('2D SPACE',''
  ) );
#239 = ORIENTED_EDGE('',*,*,#112,.F.);
#240 = ORIENTED_EDGE('',*,*,#165,.T.);
#241 = ORIENTED_EDGE('',*,*,#242,.T.);
#242 = EDGE_CURVE('',#166,#243,#245,.T.);
#243 = VERTEX_POINT('',#244);
#244 = CARTESIAN_POINT('',(8.592188112808,1.531520386177,1.5));
#245 = SURFACE_CURVE('',#246,(#250,#257),.PCURVE_S1.);
#246 = LINE('',#247,#248);
#247 = CARTESIAN_POINT('',(11.313708498985,-1.19,1.5));
#248 = VECTOR('',#249,1.);
#249 = DIRECTION('',(-0.707106781187,0.707106781187,0.));
#250 = PCURVE('',#126,#251);
#251 = DEFINITIONAL_REPRESENTATION('',(#252),#256);
#252 = LINE('',#253,#254);
#253 = CARTESIAN_POINT('',(16.,0.));
#254 = VECTOR('',#255,1.);
#255 = DIRECTION('',(0.,1.));
#256 = ( GEOMETRIC_REPRESENTATION_CONTEXT(2) 
PARAMETRIC_REPRESENTATION_CONTEXT() REPRESENTATION_CONTEXT('2D SPACE',''
  ) );
#257 = PCURVE('',#202,#258);
#258 = DEFINITIONAL_REPRESENTATION('',(#259),#263);
#259 = LINE('',#260,#261);
#260 = CARTESIAN_POINT('',(3.,0.));
#261 = VECTOR('',#262,1.);
#262 = DIRECTION('',(0.,-1.));
#263 = ( GEOMETRIC_REPRESENTATION_CONTEXT(2) 
PARAMETRIC_REPRESENTATION_CONTEXT() REPRESENTATION_CONTEXT('2D SPACE',''
  ) );
#264 = ORIENTED_EDGE('',*,*,#265,.F.);
#265 = EDGE_CURVE('',#266,#243,#268,.T.);
#266 = VERTEX_POINT('',#267);
#267 = CARTESIAN_POINT('',(0.531520386177,9.592188112808,1.5));
#268 = SURFACE_CURVE('',#269,(#274,#281),.PCURVE_S1.);
#269 = CIRCLE('',#270,6.324555320337);
#270 = AXIS2_PLACEMENT_3D('',#271,#272,#273);
#271 = CARTESIAN_POINT('',(6.5,7.5,1.5));
#272 = DIRECTION('',(0.,0.,1.));
#273 = DIRECTION('',(1.,0.,-0.));
#274 = PCURVE('',#126,#275);
#275 = DEFINITIONAL_REPRESENTATION('',(#276),#280);
#276 = CIRCLE('',#277,6.324555320337);
#277 = AXIS2_PLACEMENT_2D('',#278,#279);
#278 = CARTESIAN_POINT('',(18.740952006224,9.548563850799));
#279 = DIRECTION('',(0.707106781187,-0.707106781187));
#280 = ( GEOMETRIC_REPRESENTATION_CONTEXT(2) 
PARAMETRIC_REPRESENTATION_CONTEXT() REPRESENTATION_CONTEXT('2D SPACE',''
  ) );
#281 = PCURVE('',#282,#287);
#282 = SPHERICAL_SURFACE('',#283,6.5);
#283 = AXIS2_PLACEMENT_3D('',#284,#285,#286);
#284 = CARTESIAN_POINT('',(6.5,7.5,0.));
#285 = DIRECTION('',(0.,0.,1.));
#286 = DIRECTION('',(1.,0.,0.));
#287 = DEFINITIONAL_REPRESENTATION('',(#288),#292);
#288 = LINE('',#289,#290);
#289 = CARTESIAN_POINT('',(0.,0.232868178258));
#290 = VECTOR('',#291,1.);
#291 = DIRECTION('',(1.,0.));
#292 = ( GEOMETRIC_REPRESENTATION_CONTEXT(2) 
PARAMETRIC_REPRESENTATION_CONTEXT() REPRESENTATION_CONTEXT('2D SPACE',''
  ) );
#293 = ORIENTED_EDGE('',*,*,#294,.T.);
#294 = EDGE_CURVE('',#266,#295,#297,.T.);
#295 = VERTEX_POINT('',#296);
#296 = CARTESIAN_POINT('',(8.881784197001E-16,10.123708498985,1.5));
#297 = SURFACE_CURVE('',#298,(#302,#309),.PCURVE_S1.);
#298 = LINE('',#299,#300);
#299 = CARTESIAN_POINT('',(11.313708498985,-1.19,1.5));
#300 = VECTOR('',#301,1.);
#301 = DIRECTION('',(-0.707106781187,0.707106781187,0.));
#302 = PCURVE('',#126,#303);
#303 = DEFINITIONAL_REPRESENTATION('',(#304),#308);
#304 = LINE('',#305,#306);
#305 = CARTESIAN_POINT('',(16.,0.));
#306 = VECTOR('',#307,1.);
#307 = DIRECTION('',(0.,1.));
#308 = ( GEOMETRIC_REPRESENTATION_CONTEXT(2) 
PARAMETRIC_REPRESENTATION_CONTEXT() REPRESENTATION_CONTEXT('2D SPACE',''
  ) );
#309 = PCURVE('',#310,#315);
#310 = PLANE('',#311);
#311 = AXIS2_PLACEMENT_3D('',#312,#313,#314);
#312 = CARTESIAN_POINT('',(11.313708498985,-1.19,-1.5));
#313 = DIRECTION('',(0.707106781187,0.707106781187,0.));
#314 = DIRECTION('',(0.,0.,1.));
#315 = DEFINITIONAL_REPRESENTATION('',(#316),#320);
#316 = LINE('',#317,#318);
#317 = CARTESIAN_POINT('',(3.,0.));
#318 = VECTOR('',#319,1.);
#319 = DIRECTION('',(0.,-1.));
#320 = ( GEOMETRIC_REPRESENTATION_CONTEXT(2) 
PARAMETRIC_REPRESENTATION_CONTEXT() REPRESENTATION_CONTEXT('2D SPACE',''
  ) );
#321 = ORIENTED_EDGE('',*,*,#322,.F.);
#322 = EDGE_CURVE('',#323,#295,#325,.T.);
#323 = VERTEX_POINT('',#324);
#324 = CARTESIAN_POINT('',(-0.531520386177,9.592188112808,1.5));
#325 = SURFACE_CURVE('',#326,(#330,#337),.PCURVE_S1.);
#326 = LINE('',#327,#328);
#327 = CARTESIAN_POINT('',(-11.31370849898,-1.19,1.5));
#328 = VECTOR('',#329,1.);
#329 = DIRECTION('',(0.707106781187,0.707106781187,0.));
#330 = PCURVE('',#126,#331);
#331 = DEFINITIONAL_REPRESENTATION('',(#332),#336);
#332 = LINE('',#333,#334);
#333 = CARTESIAN_POINT('',(-1.7763568394E-15,16.));
#334 = VECTOR('',#335,1.);
#335 = DIRECTION('',(1.,0.));
#336 = ( GEOMETRIC_REPRESENTATION_CONTEXT(2) 
PARAMETRIC_REPRESENTATION_CONTEXT() REPRESENTATION_CONTEXT('2D SPACE',''
  ) );
#337 = PCURVE('',#338,#343);
#338 = PLANE('',#339);
#339 = AXIS2_PLACEMENT_3D('',#340,#341,#342);
#340 = CARTESIAN_POINT('',(-11.31370849898,-1.19,-1.5));
#341 = DIRECTION('',(-0.707106781187,0.707106781187,0.));
#342 = DIRECTION('',(0.,0.,1.));
#343 = DEFINITIONAL_REPRESENTATION('',(#344),#348);
#344 = LINE('',#345,#346);
#345 = CARTESIAN_POINT('',(3.,0.));
#346 = VECTOR('',#347,1.);
#347 = DIRECTION('',(0.,1.));
#348 = ( GEOMETRIC_REPRESENTATION_CONTEXT(2) 
PARAMETRIC_REPRESENTATION_CONTEXT() REPRESENTATION_CONTEXT('2D SPACE',''
  ) );
#349 = ORIENTED_EDGE('',*,*,#350,.F.);
#350 = EDGE_CURVE('',#351,#323,#353,.T.);
#351 = VERTEX_POINT('',#352);
#352 = CARTESIAN_POINT('',(-0.175444679663,7.5,1.5));
#353 = SURFACE_CURVE('',#354,(#359,#366),.PCURVE_S1.);
#354 = CIRCLE('',#355,6.324555320337);
#355 = AXIS2_PLACEMENT_3D('',#356,#357,#358);
#356 = CARTESIAN_POINT('',(-6.5,7.5,1.5));
#357 = DIRECTION('',(0.,0.,1.));
#358 = DIRECTION('',(1.,0.,-0.));
#359 = PCURVE('',#126,#360);
#360 = DEFINITIONAL_REPRESENTATION('',(#361),#365);
#361 = CIRCLE('',#362,6.324555320337);
#362 = AXIS2_PLACEMENT_2D('',#363,#364);
#363 = CARTESIAN_POINT('',(9.548563850799,18.740952006224));
#364 = DIRECTION('',(0.707106781187,-0.707106781187));
#365 = ( GEOMETRIC_REPRESENTATION_CONTEXT(2) 
PARAMETRIC_REPRESENTATION_CONTEXT() REPRESENTATION_CONTEXT('2D SPACE',''
  ) );
#366 = PCURVE('',#367,#372);
#367 = SPHERICAL_SURFACE('',#368,6.5);
#368 = AXIS2_PLACEMENT_3D('',#369,#370,#371);
#369 = CARTESIAN_POINT('',(-6.5,7.5,0.));
#370 = DIRECTION('',(0.,0.,1.));
#371 = DIRECTION('',(1.,0.,0.));
#372 = DEFINITIONAL_REPRESENTATION('',(#373),#377);
#373 = LINE('',#374,#375);
#374 = CARTESIAN_POINT('',(0.,0.232868178258));
#375 = VECTOR('',#376,1.);
#376 = DIRECTION('',(1.,0.));
#377 = ( GEOMETRIC_REPRESENTATION_CONTEXT(2) 
PARAMETRIC_REPRESENTATION_CONTEXT() REPRESENTATION_CONTEXT('2D SPACE',''
  ) );
#378 = ORIENTED_EDGE('',*,*,#379,.F.);
#379 = EDGE_CURVE('',#218,#351,#380,.T.);
#380 = SURFACE_CURVE('',#381,(#386,#393),.PCURVE_S1.);
#381 = CIRCLE('',#382,6.324555320337);
#382 = AXIS2_PLACEMENT_3D('',#383,#384,#385);
#383 = CARTESIAN_POINT('',(-6.5,7.5,1.5));
#384 = DIRECTION('',(0.,0.,1.));
#385 = DIRECTION('',(1.,0.,-0.));
#386 = PCURVE('',#126,#387);
#387 = DEFINITIONAL_REPRESENTATION('',(#388),#392);
#388 = CIRCLE('',#389,6.324555320337);
#389 = AXIS2_PLACEMENT_2D('',#390,#391);
#390 = CARTESIAN_POINT('',(9.548563850799,18.740952006224));
#391 = DIRECTION('',(0.707106781187,-0.707106781187));
#392 = ( GEOMETRIC_REPRESENTATION_CONTEXT(2) 
PARAMETRIC_REPRESENTATION_CONTEXT() REPRESENTATION_CONTEXT('2D SPACE',''
  ) );
#393 = PCURVE('',#367,#394);
#394 = DEFINITIONAL_REPRESENTATION('',(#395),#399);
#395 = LINE('',#396,#397);
#396 = CARTESIAN_POINT('',(0.,0.232868178258));
#397 = VECTOR('',#398,1.);
#398 = DIRECTION('',(1.,0.));
#399 = ( GEOMETRIC_REPRESENTATION_CONTEXT(2) 
PARAMETRIC_REPRESENTATION_CONTEXT() REPRESENTATION_CONTEXT('2D SPACE',''
  ) );
#400 = ADVANCED_FACE('',(#401),#100,.T.);
#401 = FACE_BOUND('',#402,.T.);
#402 = EDGE_LOOP('',(#403,#426,#427,#428));
#403 = ORIENTED_EDGE('',*,*,#404,.F.);
#404 = EDGE_CURVE('',#57,#405,#407,.T.);
#405 = VERTEX_POINT('',#406);
#406 = CARTESIAN_POINT('',(-8.592188112808,1.531520386177,-1.5));
#407 = SURFACE_CURVE('',#408,(#412,#419),.PCURVE_S1.);
#408 = LINE('',#409,#410);
#409 = CARTESIAN_POINT('',(-11.31370849898,-1.19,-1.5));
#410 = VECTOR('',#411,1.);
#411 = DIRECTION('',(0.707106781187,0.707106781187,0.));
#412 = PCURVE('',#100,#413);
#413 = DEFINITIONAL_REPRESENTATION('',(#414),#418);
#414 = LINE('',#415,#416);
#415 = CARTESIAN_POINT('',(0.,0.));
#416 = VECTOR('',#417,1.);
#417 = DIRECTION('',(0.,1.));
#418 = ( GEOMETRIC_REPRESENTATION_CONTEXT(2) 
PARAMETRIC_REPRESENTATION_CONTEXT() REPRESENTATION_CONTEXT('2D SPACE',''
  ) );
#419 = PCURVE('',#72,#420);
#420 = DEFINITIONAL_REPRESENTATION('',(#421),#425);
#421 = LINE('',#422,#423);
#422 = CARTESIAN_POINT('',(-1.7763568394E-15,16.));
#423 = VECTOR('',#424,1.);
#424 = DIRECTION('',(1.,0.));
#425 = ( GEOMETRIC_REPRESENTATION_CONTEXT(2) 
PARAMETRIC_REPRESENTATION_CONTEXT() REPRESENTATION_CONTEXT('2D SPACE',''
  ) );
#426 = ORIENTED_EDGE('',*,*,#84,.T.);
#427 = ORIENTED_EDGE('',*,*,#217,.T.);
#428 = ORIENTED_EDGE('',*,*,#429,.F.);
#429 = EDGE_CURVE('',#405,#218,#430,.T.);
#430 = SURFACE_CURVE('',#431,(#436,#443),.PCURVE_S1.);
#431 = CIRCLE('',#432,5.893825760877);
#432 = AXIS2_PLACEMENT_3D('',#433,#434,#435);
#433 = CARTESIAN_POINT('',(-4.561854249492,5.561854249492,0.));
#434 = DIRECTION('',(-0.707106781187,0.707106781187,0.));
#435 = DIRECTION('',(-0.707106781187,-0.707106781187,0.));
#436 = PCURVE('',#100,#437);
#437 = DEFINITIONAL_REPRESENTATION('',(#438),#442);
#438 = CIRCLE('',#439,5.893825760877);
#439 = AXIS2_PLACEMENT_2D('',#440,#441);
#440 = CARTESIAN_POINT('',(1.5,9.548563850799));
#441 = DIRECTION('',(0.,-1.));
#442 = ( GEOMETRIC_REPRESENTATION_CONTEXT(2) 
PARAMETRIC_REPRESENTATION_CONTEXT() REPRESENTATION_CONTEXT('2D SPACE',''
  ) );
#443 = PCURVE('',#367,#444);
#444 = DEFINITIONAL_REPRESENTATION('',(#445),#453);
#445 = B_SPLINE_CURVE_WITH_KNOTS('',6,(#446,#447,#448,#449,#450,#451,
    #452),.UNSPECIFIED.,.F.,.F.,(7,7),(6.025850918649,6.54051969571),
  .PIECEWISE_BEZIER_KNOTS.);
#446 = CARTESIAN_POINT('',(4.37523358048,-0.232868178258));
#447 = CARTESIAN_POINT('',(4.366416815373,-0.155564065956));
#448 = CARTESIAN_POINT('',(4.361436479329,-7.786678880729E-02));
#449 = CARTESIAN_POINT('',(4.359811195814,-1.110223024625E-16));
#450 = CARTESIAN_POINT('',(4.361436479329,7.786678880729E-02));
#451 = CARTESIAN_POINT('',(4.366416815373,0.155564065956));
#452 = CARTESIAN_POINT('',(4.37523358048,0.232868178258));
#453 = ( GEOMETRIC_REPRESENTATION_CONTEXT(2) 
PARAMETRIC_REPRESENTATION_CONTEXT() REPRESENTATION_CONTEXT('2D SPACE',''
  ) );
#454 = ADVANCED_FACE('',(#455),#72,.F.);
#455 = FACE_BOUND('',#456,.F.);
#456 = EDGE_LOOP('',(#457,#458,#459,#460,#483,#507,#530,#553,#577));
#457 = ORIENTED_EDGE('',*,*,#404,.F.);
#458 = ORIENTED_EDGE('',*,*,#56,.F.);
#459 = ORIENTED_EDGE('',*,*,#141,.T.);
#460 = ORIENTED_EDGE('',*,*,#461,.T.);
#461 = EDGE_CURVE('',#142,#462,#464,.T.);
#462 = VERTEX_POINT('',#463);
#463 = CARTESIAN_POINT('',(8.592188112808,1.531520386177,-1.5));
#464 = SURFACE_CURVE('',#465,(#469,#476),.PCURVE_S1.);
#465 = LINE('',#466,#467);
#466 = CARTESIAN_POINT('',(11.313708498985,-1.19,-1.5));
#467 = VECTOR('',#468,1.);
#468 = DIRECTION('',(-0.707106781187,0.707106781187,0.));
#469 = PCURVE('',#72,#470);
#470 = DEFINITIONAL_REPRESENTATION('',(#471),#475);
#471 = LINE('',#472,#473);
#472 = CARTESIAN_POINT('',(16.,0.));
#473 = VECTOR('',#474,1.);
#474 = DIRECTION('',(0.,1.));
#475 = ( GEOMETRIC_REPRESENTATION_CONTEXT(2) 
PARAMETRIC_REPRESENTATION_CONTEXT() REPRESENTATION_CONTEXT('2D SPACE',''
  ) );
#476 = PCURVE('',#202,#477);
#477 = DEFINITIONAL_REPRESENTATION('',(#478),#482);
#478 = LINE('',#479,#480);
#479 = CARTESIAN_POINT('',(0.,0.));
#480 = VECTOR('',#481,1.);
#481 = DIRECTION('',(0.,-1.));
#482 = ( GEOMETRIC_REPRESENTATION_CONTEXT(2) 
PARAMETRIC_REPRESENTATION_CONTEXT() REPRESENTATION_CONTEXT('2D SPACE',''
  ) );
#483 = ORIENTED_EDGE('',*,*,#484,.F.);
#484 = EDGE_CURVE('',#485,#462,#487,.T.);
#485 = VERTEX_POINT('',#486);
#486 = CARTESIAN_POINT('',(0.531520386177,9.592188112808,-1.5));
#487 = SURFACE_CURVE('',#488,(#493,#500),.PCURVE_S1.);
#488 = CIRCLE('',#489,6.324555320337);
#489 = AXIS2_PLACEMENT_3D('',#490,#491,#492);
#490 = CARTESIAN_POINT('',(6.5,7.5,-1.5));
#491 = DIRECTION('',(0.,0.,1.));
#492 = DIRECTION('',(1.,0.,-0.));
#493 = PCURVE('',#72,#494);
#494 = DEFINITIONAL_REPRESENTATION('',(#495),#499);
#495 = CIRCLE('',#496,6.324555320337);
#496 = AXIS2_PLACEMENT_2D('',#497,#498);
#497 = CARTESIAN_POINT('',(18.740952006224,9.548563850799));
#498 = DIRECTION('',(0.707106781187,-0.707106781187));
#499 = ( GEOMETRIC_REPRESENTATION_CONTEXT(2) 
PARAMETRIC_REPRESENTATION_CONTEXT() REPRESENTATION_CONTEXT('2D SPACE',''
  ) );
#500 = PCURVE('',#282,#501);
#501 = DEFINITIONAL_REPRESENTATION('',(#502),#506);
#502 = LINE('',#503,#504);
#503 = CARTESIAN_POINT('',(0.,-0.232868178258));
#504 = VECTOR('',#505,1.);
#505 = DIRECTION('',(1.,0.));
#506 = ( GEOMETRIC_REPRESENTATION_CONTEXT(2) 
PARAMETRIC_REPRESENTATION_CONTEXT() REPRESENTATION_CONTEXT('2D SPACE',''
  ) );
#507 = ORIENTED_EDGE('',*,*,#508,.T.);
#508 = EDGE_CURVE('',#485,#509,#511,.T.);
#509 = VERTEX_POINT('',#510);
#510 = CARTESIAN_POINT('',(8.881784197001E-16,10.123708498985,-1.5));
#511 = SURFACE_CURVE('',#512,(#516,#523),.PCURVE_S1.);
#512 = LINE('',#513,#514);
#513 = CARTESIAN_POINT('',(11.313708498985,-1.19,-1.5));
#514 = VECTOR('',#515,1.);
#515 = DIRECTION('',(-0.707106781187,0.707106781187,0.));
#516 = PCURVE('',#72,#517);
#517 = DEFINITIONAL_REPRESENTATION('',(#518),#522);
#518 = LINE('',#519,#520);
#519 = CARTESIAN_POINT('',(16.,0.));
#520 = VECTOR('',#521,1.);
#521 = DIRECTION('',(0.,1.));
#522 = ( GEOMETRIC_REPRESENTATION_CONTEXT(2) 
PARAMETRIC_REPRESENTATION_CONTEXT() REPRESENTATION_CONTEXT('2D SPACE',''
  ) );
#523 = PCURVE('',#310,#524);
#524 = DEFINITIONAL_REPRESENTATION('',(#525),#529);
#525 = LINE('',#526,#527);
#526 = CARTESIAN_POINT('',(0.,0.));
#527 = VECTOR('',#528,1.);
#528 = DIRECTION('',(0.,-1.));
#529 = ( GEOMETRIC_REPRESENTATION_CONTEXT(2) 
PARAMETRIC_REPRESENTATION_CONTEXT() REPRESENTATION_CONTEXT('2D SPACE',''
  ) );
#530 = ORIENTED_EDGE('',*,*,#531,.F.);
#531 = EDGE_CURVE('',#532,#509,#534,.T.);
#532 = VERTEX_POINT('',#533);
#533 = CARTESIAN_POINT('',(-0.531520386177,9.592188112808,-1.5));
#534 = SURFACE_CURVE('',#535,(#539,#546),.PCURVE_S1.);
#535 = LINE('',#536,#537);
#536 = CARTESIAN_POINT('',(-11.31370849898,-1.19,-1.5));
#537 = VECTOR('',#538,1.);
#538 = DIRECTION('',(0.707106781187,0.707106781187,0.));
#539 = PCURVE('',#72,#540);
#540 = DEFINITIONAL_REPRESENTATION('',(#541),#545);
#541 = LINE('',#542,#543);
#542 = CARTESIAN_POINT('',(-1.7763568394E-15,16.));
#543 = VECTOR('',#544,1.);
#544 = DIRECTION('',(1.,0.));
#545 = ( GEOMETRIC_REPRESENTATION_CONTEXT(2) 
PARAMETRIC_REPRESENTATION_CONTEXT() REPRESENTATION_CONTEXT('2D SPACE',''
  ) );
#546 = PCURVE('',#338,#547);
#547 = DEFINITIONAL_REPRESENTATION('',(#548),#552);
#548 = LINE('',#549,#550);
#549 = CARTESIAN_POINT('',(0.,0.));
#550 = VECTOR('',#551,1.);
#551 = DIRECTION('',(0.,1.));
#552 = ( GEOMETRIC_REPRESENTATION_CONTEXT(2) 
PARAMETRIC_REPRESENTATION_CONTEXT() REPRESENTATION_CONTEXT('2D SPACE',''
  ) );
#553 = ORIENTED_EDGE('',*,*,#554,.F.);
#554 = EDGE_CURVE('',#555,#532,#557,.T.);
#555 = VERTEX_POINT('',#556);
#556 = CARTESIAN_POINT('',(-0.175444679663,7.5,-1.5));
#557 = SURFACE_CURVE('',#558,(#563,#570),.PCURVE_S1.);
#558 = CIRCLE('',#559,6.324555320337);
#559 = AXIS2_PLACEMENT_3D('',#560,#561,#562);
#560 = CARTESIAN_POINT('',(-6.5,7.5,-1.5));
#561 = DIRECTION('',(0.,0.,1.));
#562 = DIRECTION('',(1.,0.,-0.));
#563 = PCURVE('',#72,#564);
#564 = DEFINITIONAL_REPRESENTATION('',(#565),#569);
#565 = CIRCLE('',#566,6.324555320337);
#566 = AXIS2_PLACEMENT_2D('',#567,#568);
#567 = CARTESIAN_POINT('',(9.548563850799,18.740952006224));
#568 = DIRECTION('',(0.707106781187,-0.707106781187));
#569 = ( GEOMETRIC_REPRESENTATION_CONTEXT(2) 
PARAMETRIC_REPRESENTATION_CONTEXT() REPRESENTATION_CONTEXT('2D SPACE',''
  ) );
#570 = PCURVE('',#367,#571);
#571 = DEFINITIONAL_REPRESENTATION('',(#572),#576);
#572 = LINE('',#573,#574);
#573 = CARTESIAN_POINT('',(0.,-0.232868178258));
#574 = VECTOR('',#575,1.);
#575 = DIRECTION('',(1.,0.));
#576 = ( GEOMETRIC_REPRESENTATION_CONTEXT(2) 
PARAMETRIC_REPRESENTATION_CONTEXT() REPRESENTATION_CONTEXT('2D SPACE',''
  ) );
#577 = ORIENTED_EDGE('',*,*,#578,.F.);
#578 = EDGE_CURVE('',#405,#555,#579,.T.);
#579 = SURFACE_CURVE('',#580,(#585,#592),.PCURVE_S1.);
#580 = CIRCLE('',#581,6.324555320337);
#581 = AXIS2_PLACEMENT_3D('',#582,#583,#584);
#582 = CARTESIAN_POINT('',(-6.5,7.5,-1.5));
#583 = DIRECTION('',(0.,0.,1.));
#584 = DIRECTION('',(1.,0.,-0.));
#585 = PCURVE('',#72,#586);
#586 = DEFINITIONAL_REPRESENTATION('',(#587),#591);
#587 = CIRCLE('',#588,6.324555320337);
#588 = AXIS2_PLACEMENT_2D('',#589,#590);
#589 = CARTESIAN_POINT('',(9.548563850799,18.740952006224));
#590 = DIRECTION('',(0.707106781187,-0.707106781187));
#591 = ( GEOMETRIC_REPRESENTATION_CONTEXT(2) 
PARAMETRIC_REPRESENTATION_CONTEXT() REPRESENTATION_CONTEXT('2D SPACE',''
  ) );
#592 = PCURVE('',#367,#593);
#593 = DEFINITIONAL_REPRESENTATION('',(#594),#598);
#594 = LINE('',#595,#596);
#595 = CARTESIAN_POINT('',(0.,-0.232868178258));
#596 = VECTOR('',#597,1.);
#597 = DIRECTION('',(1.,0.));
#598 = ( GEOMETRIC_REPRESENTATION_CONTEXT(2) 
PARAMETRIC_REPRESENTATION_CONTEXT() REPRESENTATION_CONTEXT('2D SPACE',''
  ) );
#599 = ADVANCED_FACE('',(#600),#202,.T.);
#600 = FACE_BOUND('',#601,.T.);
#601 = EDGE_LOOP('',(#602,#603,#604,#605));
#602 = ORIENTED_EDGE('',*,*,#242,.F.);
#603 = ORIENTED_EDGE('',*,*,#188,.F.);
#604 = ORIENTED_EDGE('',*,*,#461,.T.);
#605 = ORIENTED_EDGE('',*,*,#606,.F.);
#606 = EDGE_CURVE('',#243,#462,#607,.T.);
#607 = SURFACE_CURVE('',#608,(#613,#620),.PCURVE_S1.);
#608 = CIRCLE('',#609,5.893825760877);
#609 = AXIS2_PLACEMENT_3D('',#610,#611,#612);
#610 = CARTESIAN_POINT('',(4.561854249492,5.561854249492,0.));
#611 = DIRECTION('',(0.707106781187,0.707106781187,0.));
#612 = DIRECTION('',(-0.707106781187,0.707106781187,0.));
#613 = PCURVE('',#202,#614);
#614 = DEFINITIONAL_REPRESENTATION('',(#615),#619);
#615 = CIRCLE('',#616,5.893825760877);
#616 = AXIS2_PLACEMENT_2D('',#617,#618);
#617 = CARTESIAN_POINT('',(1.5,-9.548563850799));
#618 = DIRECTION('',(0.,-1.));
#619 = ( GEOMETRIC_REPRESENTATION_CONTEXT(2) 
PARAMETRIC_REPRESENTATION_CONTEXT() REPRESENTATION_CONTEXT('2D SPACE',''
  ) );
#620 = PCURVE('',#282,#621);
#621 = DEFINITIONAL_REPRESENTATION('',(#622),#630);
#622 = B_SPLINE_CURVE_WITH_KNOTS('',6,(#623,#624,#625,#626,#627,#628,
    #629),.UNSPECIFIED.,.F.,.F.,(7,7),(2.884258265059,3.39892704212),
  .PIECEWISE_BEZIER_KNOTS.);
#623 = CARTESIAN_POINT('',(5.04954438029,0.232868178258));
#624 = CARTESIAN_POINT('',(5.058361145396,0.155564065956));
#625 = CARTESIAN_POINT('',(5.063341481441,7.786678880729E-02));
#626 = CARTESIAN_POINT('',(5.064966764955,-5.551115123126E-16));
#627 = CARTESIAN_POINT('',(5.063341481441,-7.786678880729E-02));
#628 = CARTESIAN_POINT('',(5.058361145396,-0.155564065956));
#629 = CARTESIAN_POINT('',(5.04954438029,-0.232868178258));
#630 = ( GEOMETRIC_REPRESENTATION_CONTEXT(2) 
PARAMETRIC_REPRESENTATION_CONTEXT() REPRESENTATION_CONTEXT('2D SPACE',''
  ) );
#631 = ADVANCED_FACE('',(#632,#715),#367,.T.);
#632 = FACE_BOUND('',#633,.T.);
#633 = EDGE_LOOP('',(#634,#635,#659,#660,#661,#687,#688,#712,#713,#714)
  );
#634 = ORIENTED_EDGE('',*,*,#379,.T.);
#635 = ORIENTED_EDGE('',*,*,#636,.T.);
#636 = EDGE_CURVE('',#351,#637,#639,.T.);
#637 = VERTEX_POINT('',#638);
#638 = CARTESIAN_POINT('',(-6.5,7.5,6.5));
#639 = SEAM_CURVE('',#640,(#645,#652),.PCURVE_S1.);
#640 = CIRCLE('',#641,6.5);
#641 = AXIS2_PLACEMENT_3D('',#642,#643,#644);
#642 = CARTESIAN_POINT('',(-6.5,7.5,0.));
#643 = DIRECTION('',(-2.449293598295E-16,-1.,0.));
#644 = DIRECTION('',(1.,-2.449293598295E-16,0.));
#645 = PCURVE('',#367,#646);
#646 = DEFINITIONAL_REPRESENTATION('',(#647),#651);
#647 = LINE('',#648,#649);
#648 = CARTESIAN_POINT('',(0.,-6.28318530718));
#649 = VECTOR('',#650,1.);
#650 = DIRECTION('',(0.,1.));
#651 = ( GEOMETRIC_REPRESENTATION_CONTEXT(2) 
PARAMETRIC_REPRESENTATION_CONTEXT() REPRESENTATION_CONTEXT('2D SPACE',''
  ) );
#652 = PCURVE('',#367,#653);
#653 = DEFINITIONAL_REPRESENTATION('',(#654),#658);
#654 = LINE('',#655,#656);
#655 = CARTESIAN_POINT('',(6.28318530718,-6.28318530718));
#656 = VECTOR('',#657,1.);
#657 = DIRECTION('',(0.,1.));
#658 = ( GEOMETRIC_REPRESENTATION_CONTEXT(2) 
PARAMETRIC_REPRESENTATION_CONTEXT() REPRESENTATION_CONTEXT('2D SPACE',''
  ) );
#659 = ORIENTED_EDGE('',*,*,#636,.F.);
#660 = ORIENTED_EDGE('',*,*,#350,.T.);
#661 = ORIENTED_EDGE('',*,*,#662,.T.);
#662 = EDGE_CURVE('',#323,#532,#663,.T.);
#663 = SURFACE_CURVE('',#664,(#669,#680),.PCURVE_S1.);
#664 = CIRCLE('',#665,5.893825760877);
#665 = AXIS2_PLACEMENT_3D('',#666,#667,#668);
#666 = CARTESIAN_POINT('',(-4.561854249492,5.561854249492,0.));
#667 = DIRECTION('',(-0.707106781187,0.707106781187,0.));
#668 = DIRECTION('',(-0.707106781187,-0.707106781187,0.));
#669 = PCURVE('',#367,#670);
#670 = DEFINITIONAL_REPRESENTATION('',(#671),#679);
#671 = B_SPLINE_CURVE_WITH_KNOTS('',6,(#672,#673,#674,#675,#676,#677,
    #678),.UNSPECIFIED.,.F.,.F.,(7,7),(2.884258265059,3.39892704212),
  .PIECEWISE_BEZIER_KNOTS.);
#672 = CARTESIAN_POINT('',(0.337155399905,0.232868178258));
#673 = CARTESIAN_POINT('',(0.345972165011,0.155564065956));
#674 = CARTESIAN_POINT('',(0.350952501056,7.786678880729E-02));
#675 = CARTESIAN_POINT('',(0.35257778457,-4.440892098501E-16));
#676 = CARTESIAN_POINT('',(0.350952501056,-7.786678880729E-02));
#677 = CARTESIAN_POINT('',(0.345972165011,-0.155564065956));
#678 = CARTESIAN_POINT('',(0.337155399905,-0.232868178258));
#679 = ( GEOMETRIC_REPRESENTATION_CONTEXT(2) 
PARAMETRIC_REPRESENTATION_CONTEXT() REPRESENTATION_CONTEXT('2D SPACE',''
  ) );
#680 = PCURVE('',#338,#681);
#681 = DEFINITIONAL_REPRESENTATION('',(#682),#686);
#682 = CIRCLE('',#683,5.893825760877);
#683 = AXIS2_PLACEMENT_2D('',#684,#685);
#684 = CARTESIAN_POINT('',(1.5,9.548563850799));
#685 = DIRECTION('',(0.,-1.));
#686 = ( GEOMETRIC_REPRESENTATION_CONTEXT(2) 
PARAMETRIC_REPRESENTATION_CONTEXT() REPRESENTATION_CONTEXT('2D SPACE',''
  ) );
#687 = ORIENTED_EDGE('',*,*,#554,.F.);
#688 = ORIENTED_EDGE('',*,*,#689,.F.);
#689 = EDGE_CURVE('',#690,#555,#692,.T.);
#690 = VERTEX_POINT('',#691);
#691 = CARTESIAN_POINT('',(-6.5,7.5,-6.5));
#692 = SEAM_CURVE('',#693,(#698,#705),.PCURVE_S1.);
#693 = CIRCLE('',#694,6.5);
#694 = AXIS2_PLACEMENT_3D('',#695,#696,#697);
#695 = CARTESIAN_POINT('',(-6.5,7.5,0.));
#696 = DIRECTION('',(-2.449293598295E-16,-1.,0.));
#697 = DIRECTION('',(1.,-2.449293598295E-16,0.));
#698 = PCURVE('',#367,#699);
#699 = DEFINITIONAL_REPRESENTATION('',(#700),#704);
#700 = LINE('',#701,#702);
#701 = CARTESIAN_POINT('',(6.28318530718,-6.28318530718));
#702 = VECTOR('',#703,1.);
#703 = DIRECTION('',(0.,1.));
#704 = ( GEOMETRIC_REPRESENTATION_CONTEXT(2) 
PARAMETRIC_REPRESENTATION_CONTEXT() REPRESENTATION_CONTEXT('2D SPACE',''
  ) );
#705 = PCURVE('',#367,#706);
#706 = DEFINITIONAL_REPRESENTATION('',(#707),#711);
#707 = LINE('',#708,#709);
#708 = CARTESIAN_POINT('',(0.,-6.28318530718));
#709 = VECTOR('',#710,1.);
#710 = DIRECTION('',(0.,1.));
#711 = ( GEOMETRIC_REPRESENTATION_CONTEXT(2) 
PARAMETRIC_REPRESENTATION_CONTEXT() REPRESENTATION_CONTEXT('2D SPACE',''
  ) );
#712 = ORIENTED_EDGE('',*,*,#689,.T.);
#713 = ORIENTED_EDGE('',*,*,#578,.F.);
#714 = ORIENTED_EDGE('',*,*,#429,.T.);
#715 = FACE_BOUND('',#716,.T.);
#716 = EDGE_LOOP('',(#717));
#717 = ORIENTED_EDGE('',*,*,#718,.T.);
#718 = EDGE_CURVE('',#719,#719,#721,.T.);
#719 = VERTEX_POINT('',#720);
#720 = CARTESIAN_POINT('',(-1.44,11.58,0.));
#721 = SURFACE_CURVE('',#722,(#928,#1137),.PCURVE_S1.);
#722 = B_SPLINE_CURVE_WITH_KNOTS('',8,(#723,#724,#725,#726,#727,#728,
    #729,#730,#731,#732,#733,#734,#735,#736,#737,#738,#739,#740,#741,
    #742,#743,#744,#745,#746,#747,#748,#749,#750,#751,#752,#753,#754,
    #755,#756,#757,#758,#759,#760,#761,#762,#763,#764,#765,#766,#767,
    #768,#769,#770,#771,#772,#773,#774,#775,#776,#777,#778,#779,#780,
    #781,#782,#783,#784,#785,#786,#787,#788,#789,#790,#791,#792,#793,
    #794,#795,#796,#797,#798,#799,#800,#801,#802,#803,#804,#805,#806,
    #807,#808,#809,#810,#811,#812,#813,#814,#815,#816,#817,#818,#819,
    #820,#821,#822,#823,#824,#825,#826,#827,#828,#829,#830,#831,#832,
    #833,#834,#835,#836,#837,#838,#839,#840,#841,#842,#843,#844,#845,
    #846,#847,#848,#849,#850,#851,#852,#853,#854,#855,#856,#857,#858,
    #859,#860,#861,#862,#863,#864,#865,#866,#867,#868,#869,#870,#871,
    #872,#873,#874,#875,#876,#877,#878,#879,#880,#881,#882,#883,#884,
    #885,#886,#887,#888,#889,#890,#891,#892,#893,#894,#895,#896,#897,
    #898,#899,#900,#901,#902,#903,#904,#905,#906,#907,#908,#909,#910,
    #911,#912,#913,#914,#915,#916,#917,#918,#919,#920,#921,#922,#923,
    #924,#925,#926,#927),.UNSPECIFIED.,.T.,.F.,(9,7,7,7,7,7,7,7,7,7,7,7,
    7,7,7,7,7,7,7,7,7,7,7,7,7,7,7,7,7,9),(0.,0.132744469059,
    0.176769886988,0.220743780169,0.233708544994,0.239454388215,
    0.242714613972,0.249870742471,0.259600776839,0.264760785779,
    0.276001659648,0.295515226627,0.318990831286,0.360292181069,
    0.439553500583,0.499693549868,0.628861568262,0.675143047393,
    0.719831061324,0.7335200715,0.739284213184,0.742722595924,
    0.749886872333,0.75962798524,0.764793869325,0.776047541963,
    0.795583326932,0.819085660726,0.86636534039,1.),.UNSPECIFIED.);
#723 = CARTESIAN_POINT('',(-1.44,11.58,0.));
#724 = CARTESIAN_POINT('',(-1.44,11.58,-8.33513787341E-02));
#725 = CARTESIAN_POINT('',(-1.439109569019,11.576949653086,
    -0.166507878898));
#726 = CARTESIAN_POINT('',(-1.437342062654,11.570881218067,
    -0.249537000352));
#727 = CARTESIAN_POINT('',(-1.434618104537,11.561690446976,
    -0.332386417904));
#728 = CARTESIAN_POINT('',(-1.430838435212,11.549246730716,
    -0.414976700557));
#729 = CARTESIAN_POINT('',(-1.4257621561,11.533245854213,-0.497096276272
    ));
#730 = CARTESIAN_POINT('',(-1.419104195694,11.513348875493,
    -0.578477490209));
#731 = CARTESIAN_POINT('',(-1.407215661613,11.480558432203,
    -0.685189061909));
#732 = CARTESIAN_POINT('',(-1.404005521852,11.47187318223,
    -0.711624197852));
#733 = CARTESIAN_POINT('',(-1.400520986622,11.462638214318,
    -0.737904321096));
#734 = CARTESIAN_POINT('',(-1.396731332284,11.452816396176,
    -0.764006351125));
#735 = CARTESIAN_POINT('',(-1.392600805124,11.442365685543,
    -0.789897779141));
#736 = CARTESIAN_POINT('',(-1.388086308076,11.431236523269,
    -0.815535623796));
#737 = CARTESIAN_POINT('',(-1.383132234754,11.419365487807,
    -0.840863792361));
#738 = CARTESIAN_POINT('',(-1.372199068331,11.39397979809,
    -0.890724708096));
#739 = CARTESIAN_POINT('',(-1.366239727908,11.380509806666,
    -0.915175454376));
#740 = CARTESIAN_POINT('',(-1.359693938039,11.366133215723,
    -0.939170113418));
#741 = CARTESIAN_POINT('',(-1.352464433408,11.35073280899,
    -0.962636335691));
#742 = CARTESIAN_POINT('',(-1.344423624103,11.334173608093,
    -0.985392024996));
#743 = CARTESIAN_POINT('',(-1.33542736015,11.316323290776,
    -1.007163343884));
#744 = CARTESIAN_POINT('',(-1.325298860709,11.297035649647,
    -1.027572145295));
#745 = CARTESIAN_POINT('',(-1.310300596763,11.269820289378,
    -1.051453623586));
#746 = CARTESIAN_POINT('',(-1.306762584855,11.263479384038,
    -1.056714759388));
#747 = CARTESIAN_POINT('',(-1.303095098109,11.256989761905,
    -1.061782424258));
#748 = CARTESIAN_POINT('',(-1.299292010878,11.250348349668,
    -1.066635905211));
#749 = CARTESIAN_POINT('',(-1.295347909137,11.243553982717,
    -1.071251193795));
#750 = CARTESIAN_POINT('',(-1.291258404275,11.236607718291,
    -1.07560153918));
#751 = CARTESIAN_POINT('',(-1.28702044688,11.229513148626,
    -1.079658001248));
#752 = CARTESIAN_POINT('',(-1.280688012325,11.219069604756,
    -1.085043986704));
#753 = CARTESIAN_POINT('',(-1.278714114347,11.215834880986,
    -1.086634169337));
#754 = CARTESIAN_POINT('',(-1.276710903118,11.21257324666,
    -1.088157767022));
#755 = CARTESIAN_POINT('',(-1.274678479614,11.209285610814,
    -1.089612005778));
#756 = CARTESIAN_POINT('',(-1.272617089267,11.205973087642,
    -1.090994122208));
#757 = CARTESIAN_POINT('',(-1.270527121967,11.202636996501,
    -1.092301363498));
#758 = CARTESIAN_POINT('',(-1.268409112058,11.199278861906,
    -1.093530987412));
#759 = CARTESIAN_POINT('',(-1.265046440483,11.193983461745,
    -1.095332367736));
#760 = CARTESIAN_POINT('',(-1.263820341544,11.192059978301,
    -1.095958619971));
#761 = CARTESIAN_POINT('',(-1.262585573321,11.190130288258,
    -1.096558527751));
#762 = CARTESIAN_POINT('',(-1.26134228674,11.188194739477,
    -1.097131617306));
#763 = CARTESIAN_POINT('',(-1.260090651853,11.186253702617,
    -1.097677432353));
#764 = CARTESIAN_POINT('',(-1.258830857845,11.184307571138,
    -1.09819553409));
#765 = CARTESIAN_POINT('',(-1.257563113027,11.182356761301,
    -1.098685501205));
#766 = CARTESIAN_POINT('',(-1.253488018398,11.176110419513,
    -1.100159756293));
#767 = CARTESIAN_POINT('',(-1.250651013239,11.171798412054,
    -1.101035264121));
#768 = CARTESIAN_POINT('',(-1.247779228244,11.16747067432,
    -1.101768952378));
#769 = CARTESIAN_POINT('',(-1.244875584585,11.163132416287,
    -1.102357198243));
#770 = CARTESIAN_POINT('',(-1.24194332573,11.158789073373,
    -1.102797257057));
#771 = CARTESIAN_POINT('',(-1.238986017439,11.154446306441,
    -1.103087262313));
#772 = CARTESIAN_POINT('',(-1.23600754777,11.150110001796,
    -1.103226225665));
#773 = CARTESIAN_POINT('',(-1.228939317821,11.139907387451,
    -1.103197464145));
#774 = CARTESIAN_POINT('',(-1.224834449817,11.134050662135,
    -1.102901612473));
#775 = CARTESIAN_POINT('',(-1.220708583351,11.1282320591,-1.102326542876
    ));
#776 = CARTESIAN_POINT('',(-1.216572204268,11.122465685138,
    -1.101476056477));
#777 = CARTESIAN_POINT('',(-1.212435206684,11.116763921054,
    -1.100357131475));
#778 = CARTESIAN_POINT('',(-1.208306875712,11.111137552761,
    -1.098979360073));
#779 = CARTESIAN_POINT('',(-1.204195870182,11.10559590236,
    -1.097354385411));
#780 = CARTESIAN_POINT('',(-1.197943505204,11.097257288523,
    -1.094509453098));
#781 = CARTESIAN_POINT('',(-1.195783734087,11.094393433927,
    -1.093457624082));
#782 = CARTESIAN_POINT('',(-1.193631947379,11.09155638946,-1.09234178615
    ));
#783 = CARTESIAN_POINT('',(-1.19148910595,11.088747006197,
    -1.091163896141));
#784 = CARTESIAN_POINT('',(-1.189356076176,11.085965992269,
    -1.089925933027));
#785 = CARTESIAN_POINT('',(-1.187233629934,11.083213912865,
    -1.088629897911));
#786 = CARTESIAN_POINT('',(-1.185122444605,11.08049119023,
    -1.087277814025));
#787 = CARTESIAN_POINT('',(-1.178449771191,11.071931321898,
    -1.082808621598));
#788 = CARTESIAN_POINT('',(-1.17393310064,11.066205813405,
    -1.079489371783));
#789 = CARTESIAN_POINT('',(-1.169478490174,11.060623744726,
    -1.075934384653));
#790 = CARTESIAN_POINT('',(-1.165089899286,11.055185389904,
    -1.072163397182));
#791 = CARTESIAN_POINT('',(-1.160769965556,11.049889404472,
    -1.06819507641));
#792 = CARTESIAN_POINT('',(-1.156520121998,11.04473309944,
    -1.064046619894));
#793 = CARTESIAN_POINT('',(-1.152340714412,11.03971271528,
    -1.059733356162));
#794 = CARTESIAN_POINT('',(-1.141097076354,11.026336614922,
    -1.047517320469));
#795 = CARTESIAN_POINT('',(-1.134176669409,11.018249214877,
    -1.039312821928));
#796 = CARTESIAN_POINT('',(-1.127464497922,11.010534787241,
    -1.030721971675));
#797 = CARTESIAN_POINT('',(-1.120954468952,11.003168581682,
    -1.021801698658));
#798 = CARTESIAN_POINT('',(-1.114639621141,10.996127344629,
    -1.01259919077));
#799 = CARTESIAN_POINT('',(-1.108511949249,10.989388857829,
    -1.003152346956));
#800 = CARTESIAN_POINT('',(-1.1025622287,10.982931476903,-0.993490229332
    ));
#801 = CARTESIAN_POINT('',(-1.089823394465,10.96927745921,
    -0.971775492514));
#802 = CARTESIAN_POINT('',(-1.083112734033,10.962200764746,
    -0.959642038611));
#803 = CARTESIAN_POINT('',(-1.076632201683,10.955469282335,
    -0.947273354269));
#804 = CARTESIAN_POINT('',(-1.070368499194,10.949054218596,
    -0.934702681385));
#805 = CARTESIAN_POINT('',(-1.0643100983,10.942931168735,-0.921956994783
    ));
#806 = CARTESIAN_POINT('',(-1.058446651721,10.937078994343,
    -0.909057693923));
#807 = CARTESIAN_POINT('',(-1.052768404198,10.931478701187,
    -0.896021294607));
#808 = CARTESIAN_POINT('',(-1.03758435787,10.916671073077,
    -0.859705264597));
#809 = CARTESIAN_POINT('',(-1.02845048473,10.907958180485,
    -0.836173886383));
#810 = CARTESIAN_POINT('',(-1.019814015198,10.899879844056,
    -0.812336761688));
#811 = CARTESIAN_POINT('',(-1.011638451625,10.892367073457,
    -0.788248162348));
#812 = CARTESIAN_POINT('',(-1.003894916062,10.885365852094,
    -0.763949834913));
#813 = CARTESIAN_POINT('',(-0.996558491298,10.878830827789,
    -0.739473492119));
#814 = CARTESIAN_POINT('',(-0.989606754458,10.872722525232,
    -0.714841817318));
#815 = CARTESIAN_POINT('',(-0.970380844482,10.856041502739,
    -0.642524574765));
#816 = CARTESIAN_POINT('',(-0.959094598943,10.846531600585,
    -0.59448678835));
#817 = CARTESIAN_POINT('',(-0.949027769382,10.838245684842,
    -0.546073742738));
#818 = CARTESIAN_POINT('',(-0.940097587104,10.831037557468,
    -0.497373064113));
#819 = CARTESIAN_POINT('',(-0.932241578188,10.824798471809,
    -0.448451628747));
#820 = CARTESIAN_POINT('',(-0.925409529497,10.819443184329,
    -0.399358328284));
#821 = CARTESIAN_POINT('',(-0.919564276573,10.814909470994,
    -0.350123988302));
#822 = CARTESIAN_POINT('',(-0.910969160885,10.808296565052,
    -0.263311030726));
#823 = CARTESIAN_POINT('',(-0.907813563865,10.805889717786,
    -0.225794351568));
#824 = CARTESIAN_POINT('',(-0.905198530899,10.803908730621,
    -0.188226541528));
#825 = CARTESIAN_POINT('',(-0.90311498285,10.802338244778,
    -0.150619478094));
#826 = CARTESIAN_POINT('',(-0.901556438191,10.801167325088,
    -0.112983968115));
#827 = CARTESIAN_POINT('',(-0.900518776173,10.800389033069,
    -7.532980647872E-02));
#828 = CARTESIAN_POINT('',(-0.9,10.8,-3.766583478178E-02));
#829 = CARTESIAN_POINT('',(-0.9,10.8,8.089819176624E-02));
#830 = CARTESIAN_POINT('',(-0.90239367637,10.801795461907,0.161706300126
    ));
#831 = CARTESIAN_POINT('',(-0.907169987872,10.805376706858,
    0.242422949309));
#832 = CARTESIAN_POINT('',(-0.914385037786,10.810832138751,
    0.322984820074));
#833 = CARTESIAN_POINT('',(-0.924120939007,10.818296441199,
    0.403283284958));
#834 = CARTESIAN_POINT('',(-0.93654510519,10.828050898398,0.483134671244
    ));
#835 = CARTESIAN_POINT('',(-0.951848241578,10.840438185805,
    0.562304052441));
#836 = CARTESIAN_POINT('',(-0.977189354185,10.86194120304,0.668411709415
    ));
#837 = CARTESIAN_POINT('',(-0.984302104394,10.868053553015,
    0.696255825968));
#838 = CARTESIAN_POINT('',(-0.991864605592,10.874642815032,
    0.723940876766));
#839 = CARTESIAN_POINT('',(-0.999902782482,10.881754069392,
    0.751442628644));
#840 = CARTESIAN_POINT('',(-1.008445693526,10.889439471366,
    0.778726557776));
#841 = CARTESIAN_POINT('',(-1.0175273647,10.897761735119,0.805746707575)
  );
#842 = CARTESIAN_POINT('',(-1.027191564749,10.906802306073,0.83244271341
    ));
#843 = CARTESIAN_POINT('',(-1.047452577546,10.926206248554,
    0.884122035106));
#844 = CARTESIAN_POINT('',(-1.057972985635,10.93648172085,0.909049813395
    ));
#845 = CARTESIAN_POINT('',(-1.069142698429,10.947627704728,
    0.933527803942));
#846 = CARTESIAN_POINT('',(-1.081037258383,10.95977610177,0.957485748126
    ));
#847 = CARTESIAN_POINT('',(-1.093739516806,10.973095103793,
    0.980744603677));
#848 = CARTESIAN_POINT('',(-1.107324891988,10.98776838095,1.003034792017
    ));
#849 = CARTESIAN_POINT('',(-1.121871727634,11.004016874712,
    1.023983349476));
#850 = CARTESIAN_POINT('',(-1.142353038731,11.027845781967,1.0488142683)
  );
#851 = CARTESIAN_POINT('',(-1.147256849923,11.033614584549,
    1.054448494699));
#852 = CARTESIAN_POINT('',(-1.152264513457,11.039573744099,1.05987562177
    ));
#853 = CARTESIAN_POINT('',(-1.157377237058,11.045731518977,
    1.065072311997));
#854 = CARTESIAN_POINT('',(-1.162594450065,11.052094679922,
    1.070011180673));
#855 = CARTESIAN_POINT('',(-1.167913584904,11.058668033134,
    1.074661439998));
#856 = CARTESIAN_POINT('',(-1.173329858553,11.065453943345,
    1.078989543163));
#857 = CARTESIAN_POINT('',(-1.181154592038,11.075398524673,
    1.084631628413));
#858 = CARTESIAN_POINT('',(-1.183488867685,11.078382503929,
    1.086239892364));
#859 = CARTESIAN_POINT('',(-1.185838224152,11.08140361424,1.087781830431
    ));
#860 = CARTESIAN_POINT('',(-1.18820186316,11.084461468681,1.089254658332
    ));
#861 = CARTESIAN_POINT('',(-1.190578844951,11.087555473823,
    1.090655597369));
#862 = CARTESIAN_POINT('',(-1.192968088283,11.090684829738,
    1.091981874423));
#863 = CARTESIAN_POINT('',(-1.195368370433,11.093848529994,
    1.093230721958));
#864 = CARTESIAN_POINT('',(-1.199215896602,11.098952311805,
    1.095096496002));
#865 = CARTESIAN_POINT('',(-1.200656903305,11.100871038729,
    1.095765096925));
#866 = CARTESIAN_POINT('',(-1.202101050597,11.102801272453,1.09640460238
    ));
#867 = CARTESIAN_POINT('',(-1.203548023734,11.104742711112,
    1.097014455053));
#868 = CARTESIAN_POINT('',(-1.204997489928,11.106695020954,
    1.097594118721));
#869 = CARTESIAN_POINT('',(-1.206449098355,11.108657836339,
    1.098143078255));
#870 = CARTESIAN_POINT('',(-1.207902480146,11.110630759742,
    1.098660839618));
#871 = CARTESIAN_POINT('',(-1.212388429811,11.116744347111,
    1.100159756293));
#872 = CARTESIAN_POINT('',(-1.215425842977,11.120917610565,
    1.101035264121));
#873 = CARTESIAN_POINT('',(-1.218465737178,11.125128965002,
    1.101768952378));
#874 = CARTESIAN_POINT('',(-1.221504264129,11.129373842295,
    1.102357198243));
#875 = CARTESIAN_POINT('',(-1.224537477979,11.133647293289,
    1.102797257057));
#876 = CARTESIAN_POINT('',(-1.22756133531,11.137943987809,1.103087262313
    ));
#877 = CARTESIAN_POINT('',(-1.230571695134,11.142258214655,
    1.103226225665));
#878 = CARTESIAN_POINT('',(-1.237633325219,11.152465398136,
    1.103197464145));
#879 = CARTESIAN_POINT('',(-1.241670306577,11.158369121899,
    1.102901612473));
#880 = CARTESIAN_POINT('',(-1.245664214021,11.164279081179,
    1.102326542876));
#881 = CARTESIAN_POINT('',(-1.249605534613,11.170180495636,
    1.101476056477));
#882 = CARTESIAN_POINT('',(-1.253486162646,11.176059746332,
    1.100357131475));
#883 = CARTESIAN_POINT('',(-1.257299270866,11.181904345761,
    1.098979360073));
#884 = CARTESIAN_POINT('',(-1.261039181695,11.187702907879,
    1.097354385411));
#885 = CARTESIAN_POINT('',(-1.266643291774,11.196490313568,
    1.094509453098));
#886 = CARTESIAN_POINT('',(-1.268563620243,11.199519936152,
    1.093457624082));
#887 = CARTESIAN_POINT('',(-1.270461664942,11.202532648163,1.09234178615
    ));
#888 = CARTESIAN_POINT('',(-1.272336967494,11.205527250649,
    1.091163896141));
#889 = CARTESIAN_POINT('',(-1.27418917005,11.20850268342,1.089925933028)
  );
#890 = CARTESIAN_POINT('',(-1.276018015295,11.211458025053,
    1.088629897911));
#891 = CARTESIAN_POINT('',(-1.277823346445,11.214392492889,
    1.087277814025));
#892 = CARTESIAN_POINT('',(-1.283486602162,11.223651188857,
    1.082808621598));
#893 = CARTESIAN_POINT('',(-1.287255810077,11.229894171482,
    1.079489371783));
#894 = CARTESIAN_POINT('',(-1.290912603477,11.236028575053,
    1.075934384653));
#895 = CARTESIAN_POINT('',(-1.294458119599,11.242050597021,
    1.072163397183));
#896 = CARTESIAN_POINT('',(-1.29789454529,11.247958241865,1.068195076411
    ));
#897 = CARTESIAN_POINT('',(-1.301224901867,11.253751114807,
    1.064046619894));
#898 = CARTESIAN_POINT('',(-1.304452829971,11.259430215531,
    1.059733356162));
#899 = CARTESIAN_POINT('',(-1.313015099309,11.27466264808,1.04751732047)
  );
#900 = CARTESIAN_POINT('',(-1.318148922507,11.283986913795,
    1.039312821929));
#901 = CARTESIAN_POINT('',(-1.32300694241,11.292984984835,1.030721971675
    ));
#902 = CARTESIAN_POINT('',(-1.327610180617,11.301671276308,
    1.021801698659));
#903 = CARTESIAN_POINT('',(-1.331977952069,11.310060489303,
    1.012599190771));
#904 = CARTESIAN_POINT('',(-1.336128235208,11.318167937547,
    1.003152346956));
#905 = CARTESIAN_POINT('',(-1.34007804212,11.326009874067,0.993490229332
    ));
#906 = CARTESIAN_POINT('',(-1.34837413303,11.342739637138,0.971775492515
    ));
#907 = CARTESIAN_POINT('',(-1.352635766577,11.351511811754,
    0.959642038612));
#908 = CARTESIAN_POINT('',(-1.356655286727,11.359947071842,0.94727335427
    ));
#909 = CARTESIAN_POINT('',(-1.36045496311,11.368067999808,0.934702681386
    ));
#910 = CARTESIAN_POINT('',(-1.364053580665,11.375893976596,
    0.921956994784));
#911 = CARTESIAN_POINT('',(-1.367467282701,11.38344212798,0.909057693924
    ));
#912 = CARTESIAN_POINT('',(-1.370710413966,11.390728270852,
    0.896021294608));
#913 = CARTESIAN_POINT('',(-1.380004373403,11.411929410447,
    0.856383767647));
#914 = CARTESIAN_POINT('',(-1.385572676873,11.425085168611,
    0.829416736655));
#915 = CARTESIAN_POINT('',(-1.390606450307,11.437355199617,
    0.802062733017));
#916 = CARTESIAN_POINT('',(-1.395179532453,11.44882306439,0.774398668114
    ));
#917 = CARTESIAN_POINT('',(-1.3993475944,11.459552341543,0.74648193941)
  );
#918 = CARTESIAN_POINT('',(-1.403156423121,11.469596774151,
    0.718354846753));
#919 = CARTESIAN_POINT('',(-1.406645318789,11.479004040901,
    0.690046144981));
#920 = CARTESIAN_POINT('',(-1.418891125568,11.512711850723,0.58108196999
    ));
#921 = CARTESIAN_POINT('',(-1.42561987264,11.532798791447,0.499369930409
    ));
#922 = CARTESIAN_POINT('',(-1.430751355527,11.548959537889,
    0.416884587405));
#923 = CARTESIAN_POINT('',(-1.434570034331,11.56152627125,0.333899216231
    ));
#924 = CARTESIAN_POINT('',(-1.437318730892,11.570803683905,
    0.250628990165));
#925 = CARTESIAN_POINT('',(-1.439103853699,11.576928386228,
    0.167191760341));
#926 = CARTESIAN_POINT('',(-1.44,11.58,8.365301822095E-02));
#927 = CARTESIAN_POINT('',(-1.44,11.58,0.));
#928 = PCURVE('',#367,#929);
#929 = DEFINITIONAL_REPRESENTATION('',(#930),#1136);
#930 = B_SPLINE_CURVE_WITH_KNOTS('',8,(#931,#932,#933,#934,#935,#936,
    #937,#938,#939,#940,#941,#942,#943,#944,#945,#946,#947,#948,#949,
    #950,#951,#952,#953,#954,#955,#956,#957,#958,#959,#960,#961,#962,
    #963,#964,#965,#966,#967,#968,#969,#970,#971,#972,#973,#974,#975,
    #976,#977,#978,#979,#980,#981,#982,#983,#984,#985,#986,#987,#988,
    #989,#990,#991,#992,#993,#994,#995,#996,#997,#998,#999,#1000,#1001,
    #1002,#1003,#1004,#1005,#1006,#1007,#1008,#1009,#1010,#1011,#1012,
    #1013,#1014,#1015,#1016,#1017,#1018,#1019,#1020,#1021,#1022,#1023,
    #1024,#1025,#1026,#1027,#1028,#1029,#1030,#1031,#1032,#1033,#1034,
    #1035,#1036,#1037,#1038,#1039,#1040,#1041,#1042,#1043,#1044,#1045,
    #1046,#1047,#1048,#1049,#1050,#1051,#1052,#1053,#1054,#1055,#1056,
    #1057,#1058,#1059,#1060,#1061,#1062,#1063,#1064,#1065,#1066,#1067,
    #1068,#1069,#1070,#1071,#1072,#1073,#1074,#1075,#1076,#1077,#1078,
    #1079,#1080,#1081,#1082,#1083,#1084,#1085,#1086,#1087,#1088,#1089,
    #1090,#1091,#1092,#1093,#1094,#1095,#1096,#1097,#1098,#1099,#1100,
    #1101,#1102,#1103,#1104,#1105,#1106,#1107,#1108,#1109,#1110,#1111,
    #1112,#1113,#1114,#1115,#1116,#1117,#1118,#1119,#1120,#1121,#1122,
    #1123,#1124,#1125,#1126,#1127,#1128,#1129,#1130,#1131,#1132,#1133,
    #1134,#1135),.UNSPECIFIED.,.T.,.F.,(9,7,7,7,7,7,7,7,7,7,7,7,7,7,7,7,
    7,7,7,7,7,7,7,7,7,7,7,7,7,9),(0.,0.132744469059,0.176769886988,
    0.220743780169,0.233708544994,0.239454388215,0.242714613972,
    0.249870742471,0.259600776839,0.264760785779,0.276001659648,
    0.295515226627,0.318990831286,0.360292181069,0.439553500583,
    0.499693549868,0.628861568262,0.675143047393,0.719831061324,
    0.7335200715,0.739284213184,0.742722595924,0.749886872333,
    0.75962798524,0.764793869325,0.776047541963,0.795583326932,
    0.819085660726,0.86636534039,1.),.UNSPECIFIED.);
#931 = CARTESIAN_POINT('',(0.678585228908,0.));
#932 = CARTESIAN_POINT('',(0.678585228908,-1.282328903601E-02));
#933 = CARTESIAN_POINT('',(0.67813391683,-2.561659497909E-02));
#934 = CARTESIAN_POINT('',(0.677236473517,-3.839352469001E-02));
#935 = CARTESIAN_POINT('',(0.675871731188,-5.114915718677E-02));
#936 = CARTESIAN_POINT('',(0.674012710739,-6.387445605575E-02));
#937 = CARTESIAN_POINT('',(0.671596533226,-7.653986308365E-02));
#938 = CARTESIAN_POINT('',(0.668550715678,-8.910694465968E-02));
#939 = CARTESIAN_POINT('',(0.663425488954,-0.10560903945));
#940 = CARTESIAN_POINT('',(0.662060903179,-0.109698988783));
#941 = CARTESIAN_POINT('',(0.660601773161,-0.113767005422));
#942 = CARTESIAN_POINT('',(0.659040376417,-0.117809582466));
#943 = CARTESIAN_POINT('',(0.657367878211,-0.121821739171));
#944 = CARTESIAN_POINT('',(0.65557378796,-0.125796850049));
#945 = CARTESIAN_POINT('',(0.653644683482,-0.129726223425));
#946 = CARTESIAN_POINT('',(0.649482159833,-0.137466103644));
#947 = CARTESIAN_POINT('',(0.647256118414,-0.141263876361));
#948 = CARTESIAN_POINT('',(0.644860117873,-0.144993089963));
#949 = CARTESIAN_POINT('',(0.642270065869,-0.148642456075));
#950 = CARTESIAN_POINT('',(0.639456755483,-0.152183567422));
#951 = CARTESIAN_POINT('',(0.636389738688,-0.15557361666));
#952 = CARTESIAN_POINT('',(0.633033887777,-0.158753355026));
#953 = CARTESIAN_POINT('',(0.628228245445,-0.162475946812));
#954 = CARTESIAN_POINT('',(0.62710423618,-0.163296174736));
#955 = CARTESIAN_POINT('',(0.625949258876,-0.164086364761));
#956 = CARTESIAN_POINT('',(0.624762365072,-0.164843271795));
#957 = CARTESIAN_POINT('',(0.623542917558,-0.165563134704));
#958 = CARTESIAN_POINT('',(0.622290660708,-0.166241762725));
#959 = CARTESIAN_POINT('',(0.6210057908,-0.166874621885));
#960 = CARTESIAN_POINT('',(0.619105450628,-0.167714990253));
#961 = CARTESIAN_POINT('',(0.618515656852,-0.167963117291));
#962 = CARTESIAN_POINT('',(0.617919732807,-0.168200866298));
#963 = CARTESIAN_POINT('',(0.617317805891,-0.168427802709));
#964 = CARTESIAN_POINT('',(0.616710043117,-0.168643493617));
#965 = CARTESIAN_POINT('',(0.616096651113,-0.168847507779));
#966 = CARTESIAN_POINT('',(0.615477876124,-0.16903941561));
#967 = CARTESIAN_POINT('',(0.614500015245,-0.169320566831));
#968 = CARTESIAN_POINT('',(0.614144387314,-0.169418311446));
#969 = CARTESIAN_POINT('',(0.613787174305,-0.169511946081));
#970 = CARTESIAN_POINT('',(0.613428434981,-0.169601396519));
#971 = CARTESIAN_POINT('',(0.613068232782,-0.169686591284));
#972 = CARTESIAN_POINT('',(0.612706635823,-0.169767461638));
#973 = CARTESIAN_POINT('',(0.612343716892,-0.169843941582));
#974 = CARTESIAN_POINT('',(0.611180222201,-0.170074064056));
#975 = CARTESIAN_POINT('',(0.610374842567,-0.170210730604));
#976 = CARTESIAN_POINT('',(0.609564295245,-0.170325262462));
#977 = CARTESIAN_POINT('',(0.608749519131,-0.17041709214));
#978 = CARTESIAN_POINT('',(0.607931511322,-0.170485789708));
#979 = CARTESIAN_POINT('',(0.607111327119,-0.170531062788));
#980 = CARTESIAN_POINT('',(0.606290080025,-0.170552756562));
#981 = CARTESIAN_POINT('',(0.604352457646,-0.170548266569));
#982 = CARTESIAN_POINT('',(0.603235970398,-0.17050208088));
#983 = CARTESIAN_POINT('',(0.602122543604,-0.170412306155));
#984 = CARTESIAN_POINT('',(0.601014950803,-0.17027953783));
#985 = CARTESIAN_POINT('',(0.599915689697,-0.170104869053));
#986 = CARTESIAN_POINT('',(0.598826996378,-0.169889802441));
#987 = CARTESIAN_POINT('',(0.597750859544,-0.169636161814));
#988 = CARTESIAN_POINT('',(0.596125930288,-0.169192128106));
#989 = CARTESIAN_POINT('',(0.595566800486,-0.169027964475));
#990 = CARTESIAN_POINT('',(0.595011869417,-0.168853816127));
#991 = CARTESIAN_POINT('',(0.594461334132,-0.168669989608));
#992 = CARTESIAN_POINT('',(0.593915364636,-0.168476794931));
#993 = CARTESIAN_POINT('',(0.593374103894,-0.168274545582));
#994 = CARTESIAN_POINT('',(0.592837667824,-0.168063558513));
#995 = CARTESIAN_POINT('',(0.591148244659,-0.167366190478));
#996 = CARTESIAN_POINT('',(0.590013783284,-0.166848302445));
#997 = CARTESIAN_POINT('',(0.588903532225,-0.166293687348));
#998 = CARTESIAN_POINT('',(0.587817885647,-0.165705437281));
#999 = CARTESIAN_POINT('',(0.586756907627,-0.165086476635));
#1000 = CARTESIAN_POINT('',(0.58572037894,-0.164439499607));
#1001 = CARTESIAN_POINT('',(0.584707843855,-0.163766907706));
#1002 = CARTESIAN_POINT('',(0.582001480335,-0.161862249265));
#1003 = CARTESIAN_POINT('',(0.580355439898,-0.160583322475));
#1004 = CARTESIAN_POINT('',(0.578776599257,-0.15924448629));
#1005 = CARTESIAN_POINT('',(0.57726119692,-0.157854659218));
#1006 = CARTESIAN_POINT('',(0.575805577396,-0.156421231408));
#1007 = CARTESIAN_POINT('',(0.574406122342,-0.154950137181));
#1008 = CARTESIAN_POINT('',(0.573059181699,-0.153445927569));
#1009 = CARTESIAN_POINT('',(0.570199245955,-0.150066277318));
#1010 = CARTESIAN_POINT('',(0.568708868054,-0.148178440084));
#1011 = CARTESIAN_POINT('',(0.567283991759,-0.14625462595));
#1012 = CARTESIAN_POINT('',(0.565919656679,-0.14430003521));
#1013 = CARTESIAN_POINT('',(0.564611626594,-0.142318883615));
#1014 = CARTESIAN_POINT('',(0.563356194636,-0.140314512344));
#1015 = CARTESIAN_POINT('',(0.562149988466,-0.138289497981));
#1016 = CARTESIAN_POINT('',(0.558948577208,-0.132650156066));
#1017 = CARTESIAN_POINT('',(0.557050667061,-0.128998107018));
#1018 = CARTESIAN_POINT('',(0.555279231803,-0.125300645929));
#1019 = CARTESIAN_POINT('',(0.553621872597,-0.121566199581));
#1020 = CARTESIAN_POINT('',(0.552068823446,-0.117801221708));
#1021 = CARTESIAN_POINT('',(0.550611815216,-0.114010590323));
#1022 = CARTESIAN_POINT('',(0.549243585212,-0.110197771609));
#1023 = CARTESIAN_POINT('',(0.545490930914,-9.900880869137E-02));
#1024 = CARTESIAN_POINT('',(0.543329724482,-9.158297892287E-02));
#1025 = CARTESIAN_POINT('',(0.541431363347,-8.410530409347E-02));
#1026 = CARTESIAN_POINT('',(0.539768704798,-7.658881886864E-02));
#1027 = CARTESIAN_POINT('',(0.538321422114,-6.904327256156E-02));
#1028 = CARTESIAN_POINT('',(0.5370734672,-6.147559376792E-02));
#1029 = CARTESIAN_POINT('',(0.536013050746,-5.388989880732E-02));
#1030 = CARTESIAN_POINT('',(0.5344619208,-4.051973852064E-02));
#1031 = CARTESIAN_POINT('',(0.533895632422,-3.474351437211E-02));
#1032 = CARTESIAN_POINT('',(0.53342841576,-2.896089284618E-02));
#1033 = CARTESIAN_POINT('',(0.533057359984,-2.317341319399E-02));
#1034 = CARTESIAN_POINT('',(0.532780388608,-1.738244545069E-02));
#1035 = CARTESIAN_POINT('',(0.532596181737,-1.158920111229E-02));
#1036 = CARTESIAN_POINT('',(0.532504098302,-5.794743812582E-03));
#1037 = CARTESIAN_POINT('',(0.532504098302,1.244587565634E-02));
#1038 = CARTESIAN_POINT('',(0.532929039795,2.487789209586E-02));
#1039 = CARTESIAN_POINT('',(0.533776767911,3.729877691722E-02));
#1040 = CARTESIAN_POINT('',(0.535064255763,4.970169400636E-02));
#1041 = CARTESIAN_POINT('',(0.536817371086,6.207283572292E-02));
#1042 = CARTESIAN_POINT('',(0.539089279472,7.438670900067E-02));
#1043 = CARTESIAN_POINT('',(0.541944130072,8.660966218573E-02));
#1044 = CARTESIAN_POINT('',(0.546818726291,0.103013732179));
#1045 = CARTESIAN_POINT('',(0.548198348725,0.107320505627));
#1046 = CARTESIAN_POINT('',(0.549678598689,0.111604895329));
#1047 = CARTESIAN_POINT('',(0.551267815635,0.11586323247));
#1048 = CARTESIAN_POINT('',(0.552975565777,0.120090240008));
#1049 = CARTESIAN_POINT('',(0.554813256615,0.124278845358));
#1050 = CARTESIAN_POINT('',(0.556795613408,0.128419704883));
#1051 = CARTESIAN_POINT('',(0.561016486927,0.136440676366));
#1052 = CARTESIAN_POINT('',(0.563236968335,0.140311997094));
#1053 = CARTESIAN_POINT('',(0.565628320828,0.144115819514));
#1054 = CARTESIAN_POINT('',(0.568214600284,0.147841187349));
#1055 = CARTESIAN_POINT('',(0.571025312537,0.15146017687));
#1056 = CARTESIAN_POINT('',(0.574091405829,0.154930653907));
#1057 = CARTESIAN_POINT('',(0.57744888054,0.158194186999));
#1058 = CARTESIAN_POINT('',(0.58230581074,0.162064478416));
#1059 = CARTESIAN_POINT('',(0.583477352801,0.162942814584));
#1060 = CARTESIAN_POINT('',(0.584682968719,0.163789008298));
#1061 = CARTESIAN_POINT('',(0.585923838204,0.164599403287));
#1062 = CARTESIAN_POINT('',(0.587200788703,0.165369709538));
#1063 = CARTESIAN_POINT('',(0.588514211914,0.166095103893));
#1064 = CARTESIAN_POINT('',(0.589863980295,0.16677033064));
#1065 = CARTESIAN_POINT('',(0.591832718067,0.167650647943));
#1066 = CARTESIAN_POINT('',(0.592422333343,0.167901593611));
#1067 = CARTESIAN_POINT('',(0.593018126641,0.168142202052));
#1068 = CARTESIAN_POINT('',(0.593619975669,0.168372037084));
#1069 = CARTESIAN_POINT('',(0.594227718617,0.168590663403));
#1070 = CARTESIAN_POINT('',(0.594841154145,0.168797646584));
#1071 = CARTESIAN_POINT('',(0.595460041393,0.168992553079));
#1072 = CARTESIAN_POINT('',(0.59645635874,0.169283752396));
#1073 = CARTESIAN_POINT('',(0.596830455562,0.169388106109));
#1074 = CARTESIAN_POINT('',(0.597206328672,0.169487920748));
#1075 = CARTESIAN_POINT('',(0.597583910548,0.169583109008));
#1076 = CARTESIAN_POINT('',(0.597963127909,0.169673586892));
#1077 = CARTESIAN_POINT('',(0.598343901719,0.169759273704));
#1078 = CARTESIAN_POINT('',(0.598726147184,0.169840092055));
#1079 = CARTESIAN_POINT('',(0.599909105009,0.170074064056));
#1080 = CARTESIAN_POINT('',(0.600714484643,0.170210730604));
#1081 = CARTESIAN_POINT('',(0.601525031965,0.170325262462));
#1082 = CARTESIAN_POINT('',(0.602339808079,0.17041709214));
#1083 = CARTESIAN_POINT('',(0.603157815888,0.170485789708));
#1084 = CARTESIAN_POINT('',(0.60397800009,0.170531062788));
#1085 = CARTESIAN_POINT('',(0.604799247184,0.170552756562));
#1086 = CARTESIAN_POINT('',(0.606736869564,0.170548266569));
#1087 = CARTESIAN_POINT('',(0.607853356811,0.17050208088));
#1088 = CARTESIAN_POINT('',(0.608966783606,0.170412306155));
#1089 = CARTESIAN_POINT('',(0.610074376407,0.17027953783));
#1090 = CARTESIAN_POINT('',(0.611173637512,0.170104869053));
#1091 = CARTESIAN_POINT('',(0.612262330832,0.169889802441));
#1092 = CARTESIAN_POINT('',(0.613338467666,0.169636161814));
#1093 = CARTESIAN_POINT('',(0.614963396922,0.169192128106));
#1094 = CARTESIAN_POINT('',(0.615522526724,0.169027964475));
#1095 = CARTESIAN_POINT('',(0.616077457793,0.168853816127));
#1096 = CARTESIAN_POINT('',(0.616627993078,0.168669989608));
#1097 = CARTESIAN_POINT('',(0.617173962574,0.168476794931));
#1098 = CARTESIAN_POINT('',(0.617715223316,0.168274545582));
#1099 = CARTESIAN_POINT('',(0.618251659386,0.168063558513));
#1100 = CARTESIAN_POINT('',(0.619941082551,0.167366190479));
#1101 = CARTESIAN_POINT('',(0.621075543926,0.166848302445));
#1102 = CARTESIAN_POINT('',(0.622185794985,0.166293687348));
#1103 = CARTESIAN_POINT('',(0.623271441563,0.165705437281));
#1104 = CARTESIAN_POINT('',(0.624332419583,0.165086476635));
#1105 = CARTESIAN_POINT('',(0.62536894827,0.164439499607));
#1106 = CARTESIAN_POINT('',(0.626381483355,0.163766907706));
#1107 = CARTESIAN_POINT('',(0.629087846875,0.161862249265));
#1108 = CARTESIAN_POINT('',(0.630733887312,0.160583322475));
#1109 = CARTESIAN_POINT('',(0.632312727953,0.15924448629));
#1110 = CARTESIAN_POINT('',(0.63382813029,0.157854659218));
#1111 = CARTESIAN_POINT('',(0.635283749814,0.156421231408));
#1112 = CARTESIAN_POINT('',(0.636683204868,0.154950137181));
#1113 = CARTESIAN_POINT('',(0.638030145511,0.153445927569));
#1114 = CARTESIAN_POINT('',(0.640890081255,0.150066277318));
#1115 = CARTESIAN_POINT('',(0.642380459155,0.148178440084));
#1116 = CARTESIAN_POINT('',(0.64380533545,0.14625462595));
#1117 = CARTESIAN_POINT('',(0.64516967053,0.14430003521));
#1118 = CARTESIAN_POINT('',(0.646477700615,0.142318883615));
#1119 = CARTESIAN_POINT('',(0.647733132574,0.140314512344));
#1120 = CARTESIAN_POINT('',(0.648939338744,0.138289497981));
#1121 = CARTESIAN_POINT('',(0.652433553971,0.132134376754));
#1122 = CARTESIAN_POINT('',(0.654580097517,0.127949444575));
#1123 = CARTESIAN_POINT('',(0.656564436172,0.123707129153));
#1124 = CARTESIAN_POINT('',(0.658404297149,0.119419364472));
#1125 = CARTESIAN_POINT('',(0.660113172312,0.115095009417));
#1126 = CARTESIAN_POINT('',(0.661702359176,0.110740552177));
#1127 = CARTESIAN_POINT('',(0.66318175171,0.106360364956));
#1128 = CARTESIAN_POINT('',(0.668453210378,8.950913621744E-02));
#1129 = CARTESIAN_POINT('',(0.671528971989,7.689054657053E-02));
#1130 = CARTESIAN_POINT('',(0.673969827003,6.416841404482E-02));
#1131 = CARTESIAN_POINT('',(0.67584741343,5.138206296801E-02));
#1132 = CARTESIAN_POINT('',(0.677224930744,3.856155568495E-02));
#1133 = CARTESIAN_POINT('',(0.67813082106,2.572180891829E-02));
#1134 = CARTESIAN_POINT('',(0.678585228908,1.286969511092E-02));
#1135 = CARTESIAN_POINT('',(0.678585228908,0.));
#1136 = ( GEOMETRIC_REPRESENTATION_CONTEXT(2) 
PARAMETRIC_REPRESENTATION_CONTEXT() REPRESENTATION_CONTEXT('2D SPACE',''
  ) );
#1137 = PCURVE('',#1138,#1143);
#1138 = CYLINDRICAL_SURFACE('',#1139,1.5);
#1139 = AXIS2_PLACEMENT_3D('',#1140,#1141,#1142);
#1140 = CARTESIAN_POINT('',(0.,12.,-1.75));
#1141 = DIRECTION('',(0.,0.,1.));
#1142 = DIRECTION('',(1.,0.,0.));
#1143 = DEFINITIONAL_REPRESENTATION('',(#1144),#1350);
#1144 = B_SPLINE_CURVE_WITH_KNOTS('',8,(#1145,#1146,#1147,#1148,#1149,
    #1150,#1151,#1152,#1153,#1154,#1155,#1156,#1157,#1158,#1159,#1160,
    #1161,#1162,#1163,#1164,#1165,#1166,#1167,#1168,#1169,#1170,#1171,
    #1172,#1173,#1174,#1175,#1176,#1177,#1178,#1179,#1180,#1181,#1182,
    #1183,#1184,#1185,#1186,#1187,#1188,#1189,#1190,#1191,#1192,#1193,
    #1194,#1195,#1196,#1197,#1198,#1199,#1200,#1201,#1202,#1203,#1204,
    #1205,#1206,#1207,#1208,#1209,#1210,#1211,#1212,#1213,#1214,#1215,
    #1216,#1217,#1218,#1219,#1220,#1221,#1222,#1223,#1224,#1225,#1226,
    #1227,#1228,#1229,#1230,#1231,#1232,#1233,#1234,#1235,#1236,#1237,
    #1238,#1239,#1240,#1241,#1242,#1243,#1244,#1245,#1246,#1247,#1248,
    #1249,#1250,#1251,#1252,#1253,#1254,#1255,#1256,#1257,#1258,#1259,
    #1260,#1261,#1262,#1263,#1264,#1265,#1266,#1267,#1268,#1269,#1270,
    #1271,#1272,#1273,#1274,#1275,#1276,#1277,#1278,#1279,#1280,#1281,
    #1282,#1283,#1284,#1285,#1286,#1287,#1288,#1289,#1290,#1291,#1292,
    #1293,#1294,#1295,#1296,#1297,#1298,#1299,#1300,#1301,#1302,#1303,
    #1304,#1305,#1306,#1307,#1308,#1309,#1310,#1311,#1312,#1313,#1314,
    #1315,#1316,#1317,#1318,#1319,#1320,#1321,#1322,#1323,#1324,#1325,
    #1326,#1327,#1328,#1329,#1330,#1331,#1332,#1333,#1334,#1335,#1336,
    #1337,#1338,#1339,#1340,#1341,#1342,#1343,#1344,#1345,#1346,#1347,
    #1348,#1349),.UNSPECIFIED.,.T.,.F.,(9,7,7,7,7,7,7,7,7,7,7,7,7,7,7,7,
    7,7,7,7,7,7,7,7,7,7,7,7,7,9),(0.,0.132744469059,0.176769886988,
    0.220743780169,0.233708544994,0.239454388215,0.242714613972,
    0.249870742471,0.259600776839,0.264760785779,0.276001659648,
    0.295515226627,0.318990831286,0.360292181069,0.439553500583,
    0.499693549868,0.628861568262,0.675143047393,0.719831061324,
    0.7335200715,0.739284213184,0.742722595924,0.749886872333,
    0.75962798524,0.764793869325,0.776047541963,0.795583326932,
    0.819085660726,0.86636534039,1.),.UNSPECIFIED.);
#1145 = CARTESIAN_POINT('',(3.425386762798,1.75));
#1146 = CARTESIAN_POINT('',(3.425386762798,1.666648621266));
#1147 = CARTESIAN_POINT('',(3.427505280925,1.583492121102));
#1148 = CARTESIAN_POINT('',(3.431718743193,1.500462999648));
#1149 = CARTESIAN_POINT('',(3.438109760875,1.417613582096));
#1150 = CARTESIAN_POINT('',(3.446778712861,1.335023299443));
#1151 = CARTESIAN_POINT('',(3.457968738341,1.252903723728));
#1152 = CARTESIAN_POINT('',(3.471951990262,1.171522509791));
#1153 = CARTESIAN_POINT('',(3.495204712097,1.064810938091));
#1154 = CARTESIAN_POINT('',(3.501377605739,1.038375802148));
#1155 = CARTESIAN_POINT('',(3.507957664346,1.012095678904));
#1156 = CARTESIAN_POINT('',(3.514975632097,0.985993648875));
#1157 = CARTESIAN_POINT('',(3.522466674889,0.960102220859));
#1158 = CARTESIAN_POINT('',(3.530472673769,0.934464376204));
#1159 = CARTESIAN_POINT('',(3.539047657104,0.909136207639));
#1160 = CARTESIAN_POINT('',(3.557474296882,0.859275291904));
#1161 = CARTESIAN_POINT('',(3.567293384122,0.834824545624));
#1162 = CARTESIAN_POINT('',(3.577823498521,0.810829886582));
#1163 = CARTESIAN_POINT('',(3.589163672792,0.787363664309));
#1164 = CARTESIAN_POINT('',(3.601433460522,0.764607975004));
#1165 = CARTESIAN_POINT('',(3.614756705447,0.742836656116));
#1166 = CARTESIAN_POINT('',(3.629277310286,0.722427854705));
#1167 = CARTESIAN_POINT('',(3.649993635098,0.698546376414));
#1168 = CARTESIAN_POINT('',(3.654834349811,0.693285240612));
#1169 = CARTESIAN_POINT('',(3.659803716072,0.688217575742));
#1170 = CARTESIAN_POINT('',(3.664905695663,0.683364094789));
#1171 = CARTESIAN_POINT('',(3.670142950116,0.678748806205));
#1172 = CARTESIAN_POINT('',(3.675516561705,0.67439846082));
#1173 = CARTESIAN_POINT('',(3.681025754431,0.670341998752));
#1174 = CARTESIAN_POINT('',(3.689168026458,0.664956013296));
#1175 = CARTESIAN_POINT('',(3.691694296888,0.663365830663));
#1176 = CARTESIAN_POINT('',(3.694246064088,0.661842232978));
#1177 = CARTESIAN_POINT('',(3.696822800899,0.660387994222));
#1178 = CARTESIAN_POINT('',(3.699423815221,0.659005877792));
#1179 = CARTESIAN_POINT('',(3.702048250006,0.657698636502));
#1180 = CARTESIAN_POINT('',(3.704695083264,0.656469012588));
#1181 = CARTESIAN_POINT('',(3.708876992608,0.654667632264));
#1182 = CARTESIAN_POINT('',(3.710397678361,0.654041380029));
#1183 = CARTESIAN_POINT('',(3.7119249606,0.653441472249));
#1184 = CARTESIAN_POINT('',(3.713458595107,0.652868382694));
#1185 = CARTESIAN_POINT('',(3.714998318163,0.652322567647));
#1186 = CARTESIAN_POINT('',(3.716543846549,0.65180446591));
#1187 = CARTESIAN_POINT('',(3.718094877545,0.651314498795));
#1188 = CARTESIAN_POINT('',(3.72306694092,0.649840243707));
#1189 = CARTESIAN_POINT('',(3.726507973127,0.648964735879));
#1190 = CARTESIAN_POINT('',(3.729970519773,0.648231047622));
#1191 = CARTESIAN_POINT('',(3.733450672469,0.647642801757));
#1192 = CARTESIAN_POINT('',(3.736944280216,0.647202742943));
#1193 = CARTESIAN_POINT('',(3.740446949402,0.646912737687));
#1194 = CARTESIAN_POINT('',(3.743954043803,0.646773774335));
#1195 = CARTESIAN_POINT('',(3.752228588815,0.646802535855));
#1196 = CARTESIAN_POINT('',(3.756996520654,0.647098387527));
#1197 = CARTESIAN_POINT('',(3.761751699793,0.647673457124));
#1198 = CARTESIAN_POINT('',(3.766482578427,0.648523943523));
#1199 = CARTESIAN_POINT('',(3.77117877041,0.649642868525));
#1200 = CARTESIAN_POINT('',(3.775830980401,0.651020639927));
#1201 = CARTESIAN_POINT('',(3.780430933017,0.652645614589));
#1202 = CARTESIAN_POINT('',(3.787379139774,0.655490546902));
#1203 = CARTESIAN_POINT('',(3.78977043649,0.656542375918));
#1204 = CARTESIAN_POINT('',(3.79214426126,0.65765821385));
#1205 = CARTESIAN_POINT('',(3.794499795857,0.658836103859));
#1206 = CARTESIAN_POINT('',(3.796836334704,0.660074066973));
#1207 = CARTESIAN_POINT('',(3.79915328487,0.661370102089));
#1208 = CARTESIAN_POINT('',(3.801450166074,0.662722185975));
#1209 = CARTESIAN_POINT('',(3.808685754551,0.667191378402));
#1210 = CARTESIAN_POINT('',(3.813547394609,0.670510628217));
#1211 = CARTESIAN_POINT('',(3.818308366064,0.674065615347));
#1212 = CARTESIAN_POINT('',(3.822967055873,0.677836602818));
#1213 = CARTESIAN_POINT('',(3.827523214245,0.68180492359));
#1214 = CARTESIAN_POINT('',(3.831977766151,0.685953380106));
#1215 = CARTESIAN_POINT('',(3.83633262283,0.690266643838));
#1216 = CARTESIAN_POINT('',(3.84798193292,0.702482679531));
#1217 = CARTESIAN_POINT('',(3.855077765766,0.710687178072));
#1218 = CARTESIAN_POINT('',(3.861894543662,0.719278028325));
#1219 = CARTESIAN_POINT('',(3.868447928566,0.728198301342));
#1220 = CARTESIAN_POINT('',(3.874753043351,0.73740080923));
#1221 = CARTESIAN_POINT('',(3.880824822587,0.746847653044));
#1222 = CARTESIAN_POINT('',(3.886678363331,0.756509770668));
#1223 = CARTESIAN_POINT('',(3.899127550665,0.778224507486));
#1224 = CARTESIAN_POINT('',(3.905629051795,0.790357961389));
#1225 = CARTESIAN_POINT('',(3.911858087122,0.802726645731));
#1226 = CARTESIAN_POINT('',(3.917835056191,0.815297318615));
#1227 = CARTESIAN_POINT('',(3.923577297484,0.828043005217));
#1228 = CARTESIAN_POINT('',(3.929099935635,0.840942306077));
#1229 = CARTESIAN_POINT('',(3.934416728635,0.853978705393));
#1230 = CARTESIAN_POINT('',(3.948556053044,0.890294735403));
#1231 = CARTESIAN_POINT('',(3.956970930331,0.913826113617));
#1232 = CARTESIAN_POINT('',(3.964854153651,0.937663238312));
#1233 = CARTESIAN_POINT('',(3.972255778778,0.961751837652));
#1234 = CARTESIAN_POINT('',(3.979214926056,0.986050165087));
#1235 = CARTESIAN_POINT('',(3.985764626169,1.010526507881));
#1236 = CARTESIAN_POINT('',(3.991933896126,1.035158182682));
#1237 = CARTESIAN_POINT('',(4.00890304625,1.107475425235));
#1238 = CARTESIAN_POINT('',(4.018741118049,1.15551321165));
#1239 = CARTESIAN_POINT('',(4.027432489028,1.203926257262));
#1240 = CARTESIAN_POINT('',(4.035082802943,1.252626935887));
#1241 = CARTESIAN_POINT('',(4.041770548832,1.301548371253));
#1242 = CARTESIAN_POINT('',(4.047557624456,1.350641671716));
#1243 = CARTESIAN_POINT('',(4.052489182779,1.399876011698));
#1244 = CARTESIAN_POINT('',(4.059718952675,1.486688969274));
#1245 = CARTESIAN_POINT('',(4.062364742797,1.524205648432));
#1246 = CARTESIAN_POINT('',(4.064551827984,1.561773458472));
#1247 = CARTESIAN_POINT('',(4.066291246038,1.599380521907));
#1248 = CARTESIAN_POINT('',(4.067590841501,1.637016031885));
#1249 = CARTESIAN_POINT('',(4.068455581501,1.674670193521));
#1250 = CARTESIAN_POINT('',(4.068887871591,1.712334165218));
#1251 = CARTESIAN_POINT('',(4.068887871591,1.830898191766));
#1252 = CARTESIAN_POINT('',(4.066893041786,1.911706300126));
#1253 = CARTESIAN_POINT('',(4.062913262916,1.992422949309));
#1254 = CARTESIAN_POINT('',(4.05688285876,2.072984820074));
#1255 = CARTESIAN_POINT('',(4.048704993524,2.153283284958));
#1256 = CARTESIAN_POINT('',(4.038175490405,2.233134671244));
#1257 = CARTESIAN_POINT('',(4.025053440202,2.312304052441));
#1258 = CARTESIAN_POINT('',(4.002896908801,2.418411709415));
#1259 = CARTESIAN_POINT('',(3.996644841908,2.446255825968));
#1260 = CARTESIAN_POINT('',(3.989958161446,2.473940876766));
#1261 = CARTESIAN_POINT('',(3.982803725052,2.501442628644));
#1262 = CARTESIAN_POINT('',(3.975143528377,2.528726557776));
#1263 = CARTESIAN_POINT('',(3.966932117172,2.555746707575));
#1264 = CARTESIAN_POINT('',(3.95811030578,2.58244271341));
#1265 = CARTESIAN_POINT('',(3.939407702,2.634122035106));
#1266 = CARTESIAN_POINT('',(3.929604241659,2.659049813395));
#1267 = CARTESIAN_POINT('',(3.919085484548,2.683527803942));
#1268 = CARTESIAN_POINT('',(3.90775264274,2.707485748126));
#1269 = CARTESIAN_POINT('',(3.89548499807,2.730744603677));
#1270 = CARTESIAN_POINT('',(3.882156735947,2.753034792017));
#1271 = CARTESIAN_POINT('',(3.867620488605,2.773983349476));
#1272 = CARTESIAN_POINT('',(3.846672925234,2.7988142683));
#1273 = CARTESIAN_POINT('',(3.841625384427,2.804448494699));
#1274 = CARTESIAN_POINT('',(3.836436295069,2.80987562177));
#1275 = CARTESIAN_POINT('',(3.831100733347,2.815072311997));
#1276 = CARTESIAN_POINT('',(3.825615248248,2.820011180673));
#1277 = CARTESIAN_POINT('',(3.819978191066,2.824661439998));
#1278 = CARTESIAN_POINT('',(3.8141900449,2.828989543163));
#1279 = CARTESIAN_POINT('',(3.805754112444,2.834631628413));
#1280 = CARTESIAN_POINT('',(3.803228434602,2.836239892364));
#1281 = CARTESIAN_POINT('',(3.800677061949,2.837781830431));
#1282 = CARTESIAN_POINT('',(3.798100500352,2.839254658332));
#1283 = CARTESIAN_POINT('',(3.795499420226,2.840655597369));
#1284 = CARTESIAN_POINT('',(3.79287465654,2.841981874423));
#1285 = CARTESIAN_POINT('',(3.790227208813,2.843230721958));
#1286 = CARTESIAN_POINT('',(3.785966168439,2.845096496002));
#1287 = CARTESIAN_POINT('',(3.784366447036,2.845765096925));
#1288 = CARTESIAN_POINT('',(3.782759333503,2.84640460238));
#1289 = CARTESIAN_POINT('',(3.781145108448,2.847014455053));
#1290 = CARTESIAN_POINT('',(3.779524076487,2.847594118721));
#1291 = CARTESIAN_POINT('',(3.777896566245,2.848143078255));
#1292 = CARTESIAN_POINT('',(3.776262930355,2.848660839618));
#1293 = CARTESIAN_POINT('',(3.77120769347,2.850159756293));
#1294 = CARTESIAN_POINT('',(3.767766661263,2.851035264121));
#1295 = CARTESIAN_POINT('',(3.764304114617,2.851768952378));
#1296 = CARTESIAN_POINT('',(3.760823961921,2.852357198243));
#1297 = CARTESIAN_POINT('',(3.757330354174,2.852797257057));
#1298 = CARTESIAN_POINT('',(3.753827684988,2.853087262313));
#1299 = CARTESIAN_POINT('',(3.750320590586,2.853226225665));
#1300 = CARTESIAN_POINT('',(3.742046045575,2.853197464145));
#1301 = CARTESIAN_POINT('',(3.737278113736,2.852901612473));
#1302 = CARTESIAN_POINT('',(3.732522934597,2.852326542876));
#1303 = CARTESIAN_POINT('',(3.727792055963,2.851476056477));
#1304 = CARTESIAN_POINT('',(3.72309586398,2.850357131475));
#1305 = CARTESIAN_POINT('',(3.718443653989,2.848979360073));
#1306 = CARTESIAN_POINT('',(3.713843701373,2.847354385411));
#1307 = CARTESIAN_POINT('',(3.706895494616,2.844509453098));
#1308 = CARTESIAN_POINT('',(3.704504197899,2.843457624082));
#1309 = CARTESIAN_POINT('',(3.70213037313,2.84234178615));
#1310 = CARTESIAN_POINT('',(3.699774838533,2.841163896141));
#1311 = CARTESIAN_POINT('',(3.697438299686,2.839925933028));
#1312 = CARTESIAN_POINT('',(3.695121349519,2.838629897911));
#1313 = CARTESIAN_POINT('',(3.692824468315,2.837277814025));
#1314 = CARTESIAN_POINT('',(3.685588879839,2.832808621598));
#1315 = CARTESIAN_POINT('',(3.680727239781,2.829489371783));
#1316 = CARTESIAN_POINT('',(3.675966268326,2.825934384653));
#1317 = CARTESIAN_POINT('',(3.671307578517,2.822163397183));
#1318 = CARTESIAN_POINT('',(3.666751420145,2.818195076411));
#1319 = CARTESIAN_POINT('',(3.662296868239,2.814046619894));
#1320 = CARTESIAN_POINT('',(3.65794201156,2.809733356162));
#1321 = CARTESIAN_POINT('',(3.64629270147,2.79751732047));
#1322 = CARTESIAN_POINT('',(3.639196868624,2.789312821929));
#1323 = CARTESIAN_POINT('',(3.632380090728,2.780721971675));
#1324 = CARTESIAN_POINT('',(3.625826705824,2.771801698659));
#1325 = CARTESIAN_POINT('',(3.619521591039,2.762599190771));
#1326 = CARTESIAN_POINT('',(3.613449811803,2.753152346956));
#1327 = CARTESIAN_POINT('',(3.607596271058,2.743490229332));
#1328 = CARTESIAN_POINT('',(3.595147083725,2.721775492515));
#1329 = CARTESIAN_POINT('',(3.588645582595,2.709642038612));
#1330 = CARTESIAN_POINT('',(3.582416547268,2.69727335427));
#1331 = CARTESIAN_POINT('',(3.576439578199,2.684702681386));
#1332 = CARTESIAN_POINT('',(3.570697336906,2.671956994784));
#1333 = CARTESIAN_POINT('',(3.565174698755,2.659057693924));
#1334 = CARTESIAN_POINT('',(3.559857905755,2.646021294608));
#1335 = CARTESIAN_POINT('',(3.544425385948,2.606383767647));
#1336 = CARTESIAN_POINT('',(3.534902381548,2.579416736655));
#1337 = CARTESIAN_POINT('',(3.526061611846,2.552062733017));
#1338 = CARTESIAN_POINT('',(3.517831619523,2.524398668114));
#1339 = CARTESIAN_POINT('',(3.510158522227,2.49648193941));
#1340 = CARTESIAN_POINT('',(3.502997312768,2.468354846753));
#1341 = CARTESIAN_POINT('',(3.496308521527,2.440046144981));
#1342 = CARTESIAN_POINT('',(3.47239965542,2.33108196999));
#1343 = CARTESIAN_POINT('',(3.458281481139,2.249369930409));
#1344 = CARTESIAN_POINT('',(3.446978773221,2.166884587405));
#1345 = CARTESIAN_POINT('',(3.438223750678,2.083899216231));
#1346 = CARTESIAN_POINT('',(3.431772805691,2.000628990165));
#1347 = CARTESIAN_POINT('',(3.427519903201,1.917191760341));
#1348 = CARTESIAN_POINT('',(3.425386762798,1.833653018221));
#1349 = CARTESIAN_POINT('',(3.425386762798,1.75));
#1350 = ( GEOMETRIC_REPRESENTATION_CONTEXT(2) 
PARAMETRIC_REPRESENTATION_CONTEXT() REPRESENTATION_CONTEXT('2D SPACE',''
  ) );
#1351 = ADVANCED_FACE('',(#1352),#338,.T.);
#1352 = FACE_BOUND('',#1353,.T.);
#1353 = EDGE_LOOP('',(#1354,#1355,#1356,#1357));
#1354 = ORIENTED_EDGE('',*,*,#531,.F.);
#1355 = ORIENTED_EDGE('',*,*,#662,.F.);
#1356 = ORIENTED_EDGE('',*,*,#322,.T.);
#1357 = ORIENTED_EDGE('',*,*,#1358,.F.);
#1358 = EDGE_CURVE('',#509,#295,#1359,.T.);
#1359 = SURFACE_CURVE('',#1360,(#1364,#1371),.PCURVE_S1.);
#1360 = LINE('',#1361,#1362);
#1361 = CARTESIAN_POINT('',(8.881784197001E-16,10.123708498985,-1.5));
#1362 = VECTOR('',#1363,1.);
#1363 = DIRECTION('',(0.,0.,1.));
#1364 = PCURVE('',#338,#1365);
#1365 = DEFINITIONAL_REPRESENTATION('',(#1366),#1370);
#1366 = LINE('',#1367,#1368);
#1367 = CARTESIAN_POINT('',(0.,16.));
#1368 = VECTOR('',#1369,1.);
#1369 = DIRECTION('',(1.,0.));
#1370 = ( GEOMETRIC_REPRESENTATION_CONTEXT(2) 
PARAMETRIC_REPRESENTATION_CONTEXT() REPRESENTATION_CONTEXT('2D SPACE',''
  ) );
#1371 = PCURVE('',#310,#1372);
#1372 = DEFINITIONAL_REPRESENTATION('',(#1373),#1377);
#1373 = LINE('',#1374,#1375);
#1374 = CARTESIAN_POINT('',(0.,-16.));
#1375 = VECTOR('',#1376,1.);
#1376 = DIRECTION('',(1.,0.));
#1377 = ( GEOMETRIC_REPRESENTATION_CONTEXT(2) 
PARAMETRIC_REPRESENTATION_CONTEXT() REPRESENTATION_CONTEXT('2D SPACE',''
  ) );
#1378 = ADVANCED_FACE('',(#1379),#310,.T.);
#1379 = FACE_BOUND('',#1380,.T.);
#1380 = EDGE_LOOP('',(#1381,#1382,#1408,#1409));
#1381 = ORIENTED_EDGE('',*,*,#294,.F.);
#1382 = ORIENTED_EDGE('',*,*,#1383,.F.);
#1383 = EDGE_CURVE('',#485,#266,#1384,.T.);
#1384 = SURFACE_CURVE('',#1385,(#1390,#1397),.PCURVE_S1.);
#1385 = CIRCLE('',#1386,5.893825760877);
#1386 = AXIS2_PLACEMENT_3D('',#1387,#1388,#1389);
#1387 = CARTESIAN_POINT('',(4.561854249492,5.561854249492,0.));
#1388 = DIRECTION('',(0.707106781187,0.707106781187,0.));
#1389 = DIRECTION('',(-0.707106781187,0.707106781187,0.));
#1390 = PCURVE('',#310,#1391);
#1391 = DEFINITIONAL_REPRESENTATION('',(#1392),#1396);
#1392 = CIRCLE('',#1393,5.893825760877);
#1393 = AXIS2_PLACEMENT_2D('',#1394,#1395);
#1394 = CARTESIAN_POINT('',(1.5,-9.548563850799));
#1395 = DIRECTION('',(0.,-1.));
#1396 = ( GEOMETRIC_REPRESENTATION_CONTEXT(2) 
PARAMETRIC_REPRESENTATION_CONTEXT() REPRESENTATION_CONTEXT('2D SPACE',''
  ) );
#1397 = PCURVE('',#282,#1398);
#1398 = DEFINITIONAL_REPRESENTATION('',(#1399),#1407);
#1399 = B_SPLINE_CURVE_WITH_KNOTS('',6,(#1400,#1401,#1402,#1403,#1404,
    #1405,#1406),.UNSPECIFIED.,.F.,.F.,(7,7),(6.025850918649,
    6.54051969571),.PIECEWISE_BEZIER_KNOTS.);
#1400 = CARTESIAN_POINT('',(2.804437253685,-0.232868178258));
#1401 = CARTESIAN_POINT('',(2.795620488578,-0.155564065956));
#1402 = CARTESIAN_POINT('',(2.790640152534,-7.786678880729E-02));
#1403 = CARTESIAN_POINT('',(2.78901486902,1.110223024625E-16));
#1404 = CARTESIAN_POINT('',(2.790640152534,7.786678880729E-02));
#1405 = CARTESIAN_POINT('',(2.795620488578,0.155564065956));
#1406 = CARTESIAN_POINT('',(2.804437253685,0.232868178258));
#1407 = ( GEOMETRIC_REPRESENTATION_CONTEXT(2) 
PARAMETRIC_REPRESENTATION_CONTEXT() REPRESENTATION_CONTEXT('2D SPACE',''
  ) );
#1408 = ORIENTED_EDGE('',*,*,#508,.T.);
#1409 = ORIENTED_EDGE('',*,*,#1358,.T.);
#1410 = ADVANCED_FACE('',(#1411,#1415,#1988),#282,.T.);
#1411 = FACE_BOUND('',#1412,.T.);
#1412 = VERTEX_LOOP('',#1413);
#1413 = VERTEX_POINT('',#1414);
#1414 = CARTESIAN_POINT('',(6.5,7.5,-6.5));
#1415 = FACE_BOUND('',#1416,.T.);
#1416 = EDGE_LOOP('',(#1417));
#1417 = ORIENTED_EDGE('',*,*,#1418,.T.);
#1418 = EDGE_CURVE('',#1419,#1419,#1421,.T.);
#1419 = VERTEX_POINT('',#1420);
#1420 = CARTESIAN_POINT('',(0.9,10.8,0.));
#1421 = SURFACE_CURVE('',#1422,(#1607,#1795),.PCURVE_S1.);
#1422 = B_SPLINE_CURVE_WITH_KNOTS('',8,(#1423,#1424,#1425,#1426,#1427,
    #1428,#1429,#1430,#1431,#1432,#1433,#1434,#1435,#1436,#1437,#1438,
    #1439,#1440,#1441,#1442,#1443,#1444,#1445,#1446,#1447,#1448,#1449,
    #1450,#1451,#1452,#1453,#1454,#1455,#1456,#1457,#1458,#1459,#1460,
    #1461,#1462,#1463,#1464,#1465,#1466,#1467,#1468,#1469,#1470,#1471,
    #1472,#1473,#1474,#1475,#1476,#1477,#1478,#1479,#1480,#1481,#1482,
    #1483,#1484,#1485,#1486,#1487,#1488,#1489,#1490,#1491,#1492,#1493,
    #1494,#1495,#1496,#1497,#1498,#1499,#1500,#1501,#1502,#1503,#1504,
    #1505,#1506,#1507,#1508,#1509,#1510,#1511,#1512,#1513,#1514,#1515,
    #1516,#1517,#1518,#1519,#1520,#1521,#1522,#1523,#1524,#1525,#1526,
    #1527,#1528,#1529,#1530,#1531,#1532,#1533,#1534,#1535,#1536,#1537,
    #1538,#1539,#1540,#1541,#1542,#1543,#1544,#1545,#1546,#1547,#1548,
    #1549,#1550,#1551,#1552,#1553,#1554,#1555,#1556,#1557,#1558,#1559,
    #1560,#1561,#1562,#1563,#1564,#1565,#1566,#1567,#1568,#1569,#1570,
    #1571,#1572,#1573,#1574,#1575,#1576,#1577,#1578,#1579,#1580,#1581,
    #1582,#1583,#1584,#1585,#1586,#1587,#1588,#1589,#1590,#1591,#1592,
    #1593,#1594,#1595,#1596,#1597,#1598,#1599,#1600,#1601,#1602,#1603,
    #1604,#1605,#1606),.UNSPECIFIED.,.T.,.F.,(9,7,7,7,7,7,7,7,7,7,7,7,7,
    7,7,7,7,7,7,7,7,7,7,7,7,7,9),(0.,0.132761707454,0.176792842591,
    0.220772446289,0.233738894738,0.249730167259,0.264779359361,
    0.276019949158,0.295533023001,0.319008034399,0.360308340439,
    0.439567656908,0.499705827927,0.628870942338,0.675151252507,
    0.719838137722,0.733526802147,0.739290798241,0.742729094136,
    0.749893189592,0.759634056461,0.764799810068,0.776053198464,
    0.795588490005,0.819090230184,0.866368715674,1.),.UNSPECIFIED.);
#1423 = CARTESIAN_POINT('',(0.9,10.8,0.));
#1424 = CARTESIAN_POINT('',(0.9,10.8,-8.335137899671E-02));
#1425 = CARTESIAN_POINT('',(0.902541693001,10.801907165507,
    -0.166507878556));
#1426 = CARTESIAN_POINT('',(0.907599585952,10.805697640604,
    -0.249537000632));
#1427 = CARTESIAN_POINT('',(0.915243314418,10.811482416809,
    -0.332386417742));
#1428 = CARTESIAN_POINT('',(0.92556018925,10.819400375435,
    -0.414976700623));
#1429 = CARTESIAN_POINT('',(0.938750159401,10.829784081206,
    -0.497096276254));
#1430 = CARTESIAN_POINT('',(0.955030129424,10.843019668658,
    -0.578477490211));
#1431 = CARTESIAN_POINT('',(0.981537220346,10.865689572594,
    -0.685189061909));
#1432 = CARTESIAN_POINT('',(0.988536645125,10.871751471401,
    -0.711624197852));
#1433 = CARTESIAN_POINT('',(0.995954018689,10.878263705082,
    -0.737904321096));
#1434 = CARTESIAN_POINT('',(1.003813282143,10.885268101528,
    -0.764006351125));
#1435 = CARTESIAN_POINT('',(1.012141201735,10.892812925092,
    -0.789897779141));
#1436 = CARTESIAN_POINT('',(1.020968994663,10.90095595945,
    -0.815535623796));
#1437 = CARTESIAN_POINT('',(1.030336450046,10.909771576562,
    -0.840863792361));
#1438 = CARTESIAN_POINT('',(1.05024898104,10.928940783115,
    -0.890724708095));
#1439 = CARTESIAN_POINT('',(1.060759205184,10.939260162732,
    -0.915175454376));
#1440 = CARTESIAN_POINT('',(1.071911576272,10.950447582061,
    -0.939170113417));
#1441 = CARTESIAN_POINT('',(1.083781571345,10.962635341565,
    -0.962636335691));
#1442 = CARTESIAN_POINT('',(1.096450618509,10.97599037779,
    -0.985392024995));
#1443 = CARTESIAN_POINT('',(1.109991830606,10.990694192546,
    -1.007163343884));
#1444 = CARTESIAN_POINT('',(1.1244798309,11.006963717701,-1.027572145295
    ));
#1445 = CARTESIAN_POINT('',(1.144674019202,11.030581899569,
    -1.051453623586));
#1446 = CARTESIAN_POINT('',(1.14936372641,11.036125477394,
    -1.056714759388));
#1447 = CARTESIAN_POINT('',(1.154147057391,11.041842591979,
    -1.061782424258));
#1448 = CARTESIAN_POINT('',(1.159024732539,11.047740058735,
    -1.066635905211));
#1449 = CARTESIAN_POINT('',(1.163995936193,11.053823355131,
    -1.071251193795));
#1450 = CARTESIAN_POINT('',(1.169058133984,11.06009621676,-1.07560153918
    ));
#1451 = CARTESIAN_POINT('',(1.174206890188,11.066560233403,
    -1.079658001248));
#1452 = CARTESIAN_POINT('',(1.185884257664,11.08142095694,
    -1.087992610805));
#1453 = CARTESIAN_POINT('',(1.192459360453,11.089922820667,
    -1.092105256057));
#1454 = CARTESIAN_POINT('',(1.199140891921,11.098708433289,
    -1.095663744052));
#1455 = CARTESIAN_POINT('',(1.205902733219,11.107757611756,
    -1.098604208523));
#1456 = CARTESIAN_POINT('',(1.212712650525,11.117040112994,
    -1.100867333962));
#1457 = CARTESIAN_POINT('',(1.2195321039,11.126513551377,-1.102404634412
    ));
#1458 = CARTESIAN_POINT('',(1.226315962631,11.136120713631,
    -1.103186789382));
#1459 = CARTESIAN_POINT('',(1.239313805994,11.154882409858,
    -1.103239679247));
#1460 = CARTESIAN_POINT('',(1.245542158092,11.164036586679,
    -1.102596493807));
#1461 = CARTESIAN_POINT('',(1.251654040402,11.173186672635,
    -1.101283987241));
#1462 = CARTESIAN_POINT('',(1.257616731033,11.182279622694,
    -1.099323271872));
#1463 = CARTESIAN_POINT('',(1.263406486855,11.191270910458,
    -1.096751618545));
#1464 = CARTESIAN_POINT('',(1.269007101199,11.200123962805,
    -1.093617009468));
#1465 = CARTESIAN_POINT('',(1.274408461551,11.208809594539,
    -1.089972691048));
#1466 = CARTESIAN_POINT('',(1.283486602162,11.223651188857,
    -1.082808621598));
#1467 = CARTESIAN_POINT('',(1.287255810078,11.229894171482,
    -1.079489371783));
#1468 = CARTESIAN_POINT('',(1.290912603477,11.236028575053,
    -1.075934384653));
#1469 = CARTESIAN_POINT('',(1.294458119599,11.242050597021,
    -1.072163397183));
#1470 = CARTESIAN_POINT('',(1.29789454529,11.247958241865,
    -1.068195076411));
#1471 = CARTESIAN_POINT('',(1.301224901867,11.253751114807,
    -1.064046619894));
#1472 = CARTESIAN_POINT('',(1.304452829971,11.259430215531,
    -1.059733356162));
#1473 = CARTESIAN_POINT('',(1.313015099309,11.27466264808,-1.04751732047
    ));
#1474 = CARTESIAN_POINT('',(1.318148922507,11.283986913795,
    -1.039312821929));
#1475 = CARTESIAN_POINT('',(1.32300694241,11.292984984835,
    -1.030721971675));
#1476 = CARTESIAN_POINT('',(1.327610180617,11.301671276308,
    -1.021801698659));
#1477 = CARTESIAN_POINT('',(1.331977952069,11.310060489303,
    -1.01259919077));
#1478 = CARTESIAN_POINT('',(1.336128235208,11.318167937547,
    -1.003152346956));
#1479 = CARTESIAN_POINT('',(1.340078042121,11.326009874067,
    -0.993490229332));
#1480 = CARTESIAN_POINT('',(1.34837413303,11.342739637139,
    -0.971775492515));
#1481 = CARTESIAN_POINT('',(1.352635766577,11.351511811754,
    -0.959642038612));
#1482 = CARTESIAN_POINT('',(1.356655286727,11.359947071842,
    -0.94727335427));
#1483 = CARTESIAN_POINT('',(1.36045496311,11.368067999808,
    -0.934702681386));
#1484 = CARTESIAN_POINT('',(1.364053580665,11.375893976596,
    -0.921956994784));
#1485 = CARTESIAN_POINT('',(1.367467282701,11.38344212798,
    -0.909057693924));
#1486 = CARTESIAN_POINT('',(1.370710413966,11.390728270852,
    -0.896021294608));
#1487 = CARTESIAN_POINT('',(1.37922556957,11.41015282331,-0.859705264598
    ));
#1488 = CARTESIAN_POINT('',(1.384165713691,11.421769066762,
    -0.836173886385));
#1489 = CARTESIAN_POINT('',(1.388686999313,11.432696376666,
    -0.812336761689));
#1490 = CARTESIAN_POINT('',(1.392841154216,11.442993199422,
    -0.788248162349));
#1491 = CARTESIAN_POINT('',(1.396668572894,11.452705578628,
    -0.763949834914));
#1492 = CARTESIAN_POINT('',(1.400202934126,11.461872800763,
    -0.73947349212));
#1493 = CARTESIAN_POINT('',(1.403473293951,11.470529748945,
    -0.71484181732));
#1494 = CARTESIAN_POINT('',(1.412319210694,11.4943969206,-0.642524574767
    ));
#1495 = CARTESIAN_POINT('',(1.41724772068,11.508308331982,
    -0.594486788352));
#1496 = CARTESIAN_POINT('',(1.421459813811,11.520647526794,
    -0.546073742741));
#1497 = CARTESIAN_POINT('',(1.425063196871,11.531543438241,
    -0.497373064116));
#1498 = CARTESIAN_POINT('',(1.428137665909,11.541092820739,
    -0.448451628751));
#1499 = CARTESIAN_POINT('',(1.430745333851,11.549372679506,
    -0.399358328287));
#1500 = CARTESIAN_POINT('',(1.432931360503,11.556439703337,
    -0.350123988306));
#1501 = CARTESIAN_POINT('',(1.436095551607,11.566812447841,
    -0.263311253959));
#1502 = CARTESIAN_POINT('',(1.437237585017,11.57061327825,
    -0.225794798804));
#1503 = CARTESIAN_POINT('',(1.438171294319,11.573758245663,
    -0.188227213296));
#1504 = CARTESIAN_POINT('',(1.438907859291,11.576261254216,
    -0.150620374715));
#1505 = CARTESIAN_POINT('',(1.439455233649,11.578132219666,
    -0.112985089731));
#1506 = CARTESIAN_POINT('',(1.43981846127,11.579377441329,
    -7.533115308074E-02));
#1507 = CARTESIAN_POINT('',(1.439999992423,11.579999974022,
    -3.76674062355E-02));
#1508 = CARTESIAN_POINT('',(1.440000016273,11.580000055794,
    8.089662109525E-02));
#1509 = CARTESIAN_POINT('',(1.439162049591,11.57712761184,0.161704955093
    ));
#1510 = CARTESIAN_POINT('',(1.43749127373,11.571396410955,0.242421830583
    ));
#1511 = CARTESIAN_POINT('',(1.434924690993,11.562722822242,
    0.322983928119));
#1512 = CARTESIAN_POINT('',(1.431365141184,11.550982579246,
    0.403282619791));
#1513 = CARTESIAN_POINT('',(1.426608270604,11.535919969068,
    0.483134231621));
#1514 = CARTESIAN_POINT('',(1.420400462022,11.517235868414,
    0.562303835619));
#1515 = CARTESIAN_POINT('',(1.409193686628,11.485947461013,
    0.668411709414));
#1516 = CARTESIAN_POINT('',(1.405976215125,11.477138379626,
    0.696255825967));
#1517 = CARTESIAN_POINT('',(1.402470666299,11.467740458276,
    0.723940876764));
#1518 = CARTESIAN_POINT('',(1.398643970483,11.457713563171,
    0.751442628643));
#1519 = CARTESIAN_POINT('',(1.394457538923,11.447012136939,
    0.778726557774));
#1520 = CARTESIAN_POINT('',(1.389864648303,11.43558225588,0.805746707573
    ));
#1521 = CARTESIAN_POINT('',(1.384804472308,11.423354283658,
    0.832442713409));
#1522 = CARTESIAN_POINT('',(1.37377425865,11.397559787927,0.884122035105
    ));
#1523 = CARTESIAN_POINT('',(1.367859600228,11.384095719707,
    0.909049813393));
#1524 = CARTESIAN_POINT('',(1.361358698221,11.369717482207,
    0.933527803942));
#1525 = CARTESIAN_POINT('',(1.354174683694,11.354307938331,
    0.957485748125));
#1526 = CARTESIAN_POINT('',(1.346179292766,11.337730335736,
    0.980744603676));
#1527 = CARTESIAN_POINT('',(1.337227157411,11.319849431005,
    1.003034792016));
#1528 = CARTESIAN_POINT('',(1.327139053398,11.300514123036,
    1.023983349475));
#1529 = CARTESIAN_POINT('',(1.312044617712,11.272955840496,1.0488142683)
  );
#1530 = CARTESIAN_POINT('',(1.308371160035,11.266335254712,
    1.054448494698));
#1531 = CARTESIAN_POINT('',(1.30455608426,11.259550457481,1.05987562177)
  );
#1532 = CARTESIAN_POINT('',(1.300592085682,11.252597411435,
    1.065072311996));
#1533 = CARTESIAN_POINT('',(1.296472626016,11.245474267407,
    1.070011180673));
#1534 = CARTESIAN_POINT('',(1.292192302873,11.238181736867,
    1.074661439998));
#1535 = CARTESIAN_POINT('',(1.28774721924,11.230723464337,1.078989543162
    ));
#1536 = CARTESIAN_POINT('',(1.281193397304,11.219899021168,
    1.084631628413));
#1537 = CARTESIAN_POINT('',(1.279222057748,11.216663778464,
    1.086239892364));
#1538 = CARTESIAN_POINT('',(1.277221271973,11.213401349982,
    1.087781830431));
#1539 = CARTESIAN_POINT('',(1.275191121147,11.210112619107,
    1.089254658332));
#1540 = CARTESIAN_POINT('',(1.273131829925,11.206798674341,
    1.090655597369));
#1541 = CARTESIAN_POINT('',(1.271043766441,11.2034608093,1.091981874423)
  );
#1542 = CARTESIAN_POINT('',(1.268927442318,11.200100522717,
    1.093230721958));
#1543 = CARTESIAN_POINT('',(1.265504631755,11.194702707025,
    1.095096496002));
#1544 = CARTESIAN_POINT('',(1.264215937713,11.192678532875,
    1.095765096925));
#1545 = CARTESIAN_POINT('',(1.262917578795,11.190647368738,1.09640460238
    ));
#1546 = CARTESIAN_POINT('',(1.261609726754,11.188609615474,
    1.097014455053));
#1547 = CARTESIAN_POINT('',(1.260292576842,11.186565702052,
    1.097594118721));
#1548 = CARTESIAN_POINT('',(1.258966347808,11.184516085549,
    1.098143078255));
#1549 = CARTESIAN_POINT('',(1.257631281894,11.182461251155,
    1.098660839618));
#1550 = CARTESIAN_POINT('',(1.253488018398,11.176110419514,
    1.100159756293));
#1551 = CARTESIAN_POINT('',(1.25065101324,11.171798412055,1.101035264121
    ));
#1552 = CARTESIAN_POINT('',(1.247779228245,11.167470674321,
    1.101768952378));
#1553 = CARTESIAN_POINT('',(1.244875584586,11.163132416288,
    1.102357198243));
#1554 = CARTESIAN_POINT('',(1.241943325731,11.158789073374,
    1.102797257057));
#1555 = CARTESIAN_POINT('',(1.23898601744,11.154446306442,1.103087262313
    ));
#1556 = CARTESIAN_POINT('',(1.23600754777,11.150110001796,1.103226225665
    ));
#1557 = CARTESIAN_POINT('',(1.228939317822,11.139907387451,
    1.103197464145));
#1558 = CARTESIAN_POINT('',(1.224834449818,11.134050662136,
    1.102901612473));
#1559 = CARTESIAN_POINT('',(1.220708583352,11.128232059101,
    1.102326542876));
#1560 = CARTESIAN_POINT('',(1.216572204269,11.122465685138,
    1.101476056477));
#1561 = CARTESIAN_POINT('',(1.212435206685,11.116763921055,
    1.100357131475));
#1562 = CARTESIAN_POINT('',(1.208306875713,11.111137552762,
    1.098979360073));
#1563 = CARTESIAN_POINT('',(1.204195870183,11.105595902361,
    1.097354385411));
#1564 = CARTESIAN_POINT('',(1.197943505205,11.097257288524,
    1.094509453098));
#1565 = CARTESIAN_POINT('',(1.195783734088,11.094393433928,
    1.093457624082));
#1566 = CARTESIAN_POINT('',(1.193631947379,11.091556389461,1.09234178615
    ));
#1567 = CARTESIAN_POINT('',(1.191489105951,11.088747006197,
    1.091163896141));
#1568 = CARTESIAN_POINT('',(1.189356076177,11.085965992269,
    1.089925933028));
#1569 = CARTESIAN_POINT('',(1.187233629935,11.083213912866,
    1.088629897911));
#1570 = CARTESIAN_POINT('',(1.185122444605,11.080491190231,
    1.087277814025));
#1571 = CARTESIAN_POINT('',(1.178449771191,11.071931321899,
    1.082808621599));
#1572 = CARTESIAN_POINT('',(1.17393310064,11.066205813406,1.079489371783
    ));
#1573 = CARTESIAN_POINT('',(1.169478490175,11.060623744727,
    1.075934384653));
#1574 = CARTESIAN_POINT('',(1.165089899287,11.055185389905,
    1.072163397183));
#1575 = CARTESIAN_POINT('',(1.160769965557,11.049889404473,
    1.068195076411));
#1576 = CARTESIAN_POINT('',(1.156520121999,11.044733099441,
    1.064046619894));
#1577 = CARTESIAN_POINT('',(1.152340714413,11.039712715281,
    1.059733356163));
#1578 = CARTESIAN_POINT('',(1.141097076354,11.026336614923,1.04751732047
    ));
#1579 = CARTESIAN_POINT('',(1.13417666941,11.018249214878,1.039312821929
    ));
#1580 = CARTESIAN_POINT('',(1.127464497923,11.010534787242,
    1.030721971675));
#1581 = CARTESIAN_POINT('',(1.120954468953,11.003168581683,
    1.021801698659));
#1582 = CARTESIAN_POINT('',(1.114639621141,10.99612734463,1.012599190771
    ));
#1583 = CARTESIAN_POINT('',(1.108511949249,10.989388857829,
    1.003152346957));
#1584 = CARTESIAN_POINT('',(1.102562228701,10.982931476904,
    0.993490229333));
#1585 = CARTESIAN_POINT('',(1.089823394465,10.969277459211,
    0.971775492515));
#1586 = CARTESIAN_POINT('',(1.083112734034,10.962200764747,
    0.959642038613));
#1587 = CARTESIAN_POINT('',(1.076632201684,10.955469282336,
    0.947273354271));
#1588 = CARTESIAN_POINT('',(1.070368499195,10.949054218597,
    0.934702681387));
#1589 = CARTESIAN_POINT('',(1.064310098301,10.942931168736,
    0.921956994785));
#1590 = CARTESIAN_POINT('',(1.058446651722,10.937078994344,
    0.909057693925));
#1591 = CARTESIAN_POINT('',(1.052768404199,10.931478701188,
    0.896021294609));
#1592 = CARTESIAN_POINT('',(1.03619561126,10.915316754018,0.856383767648
    ));
#1593 = CARTESIAN_POINT('',(1.02584186444,10.905473995096,0.829416736657
    ));
#1594 = CARTESIAN_POINT('',(1.016129003667,10.896443332248,
    0.802062733018));
#1595 = CARTESIAN_POINT('',(1.007004807155,10.888126238959,
    0.774398668116));
#1596 = CARTESIAN_POINT('',(0.998429361545,10.880448227419,
    0.746481939412));
#1597 = CARTESIAN_POINT('',(0.990368480334,10.873347523458,
    0.718354846755));
#1598 = CARTESIAN_POINT('',(0.982791369931,10.866770559217,
    0.690046144983));
#1599 = CARTESIAN_POINT('',(0.955551383921,10.843443335012,
    0.581081969982));
#1600 = CARTESIAN_POINT('',(0.939118526374,10.830074624619,
    0.499369930401));
#1601 = CARTESIAN_POINT('',(0.92579834968,10.819582973888,0.416884587393
    ));
#1602 = CARTESIAN_POINT('',(0.915380062192,10.811585200384,
    0.333899216215));
#1603 = CARTESIAN_POINT('',(0.907663945134,10.805746771147,
    0.250628990129));
#1604 = CARTESIAN_POINT('',(0.90255958699,10.801920000984,0.167191760295
    ));
#1605 = CARTESIAN_POINT('',(0.9,10.8,8.365301817694E-02));
#1606 = CARTESIAN_POINT('',(0.9,10.8,0.));
#1607 = PCURVE('',#282,#1608);
#1608 = DEFINITIONAL_REPRESENTATION('',(#1609),#1794);
#1609 = B_SPLINE_CURVE_WITH_KNOTS('',8,(#1610,#1611,#1612,#1613,#1614,
    #1615,#1616,#1617,#1618,#1619,#1620,#1621,#1622,#1623,#1624,#1625,
    #1626,#1627,#1628,#1629,#1630,#1631,#1632,#1633,#1634,#1635,#1636,
    #1637,#1638,#1639,#1640,#1641,#1642,#1643,#1644,#1645,#1646,#1647,
    #1648,#1649,#1650,#1651,#1652,#1653,#1654,#1655,#1656,#1657,#1658,
    #1659,#1660,#1661,#1662,#1663,#1664,#1665,#1666,#1667,#1668,#1669,
    #1670,#1671,#1672,#1673,#1674,#1675,#1676,#1677,#1678,#1679,#1680,
    #1681,#1682,#1683,#1684,#1685,#1686,#1687,#1688,#1689,#1690,#1691,
    #1692,#1693,#1694,#1695,#1696,#1697,#1698,#1699,#1700,#1701,#1702,
    #1703,#1704,#1705,#1706,#1707,#1708,#1709,#1710,#1711,#1712,#1713,
    #1714,#1715,#1716,#1717,#1718,#1719,#1720,#1721,#1722,#1723,#1724,
    #1725,#1726,#1727,#1728,#1729,#1730,#1731,#1732,#1733,#1734,#1735,
    #1736,#1737,#1738,#1739,#1740,#1741,#1742,#1743,#1744,#1745,#1746,
    #1747,#1748,#1749,#1750,#1751,#1752,#1753,#1754,#1755,#1756,#1757,
    #1758,#1759,#1760,#1761,#1762,#1763,#1764,#1765,#1766,#1767,#1768,
    #1769,#1770,#1771,#1772,#1773,#1774,#1775,#1776,#1777,#1778,#1779,
    #1780,#1781,#1782,#1783,#1784,#1785,#1786,#1787,#1788,#1789,#1790,
    #1791,#1792,#1793),.UNSPECIFIED.,.T.,.F.,(9,7,7,7,7,7,7,7,7,7,7,7,7,
    7,7,7,7,7,7,7,7,7,7,7,7,7,9),(0.,0.132761707454,0.176792842591,
    0.220772446289,0.233738894738,0.249730167259,0.264779359361,
    0.276019949158,0.295533023001,0.319008034399,0.360308340439,
    0.439567656908,0.499705827927,0.628870942338,0.675151252507,
    0.719838137722,0.733526802147,0.739290798241,0.742729094136,
    0.749893189592,0.759634056461,0.764799810068,0.776053198464,
    0.795588490005,0.819090230184,0.866368715674,1.),.UNSPECIFIED.);
#1610 = CARTESIAN_POINT('',(2.609088555288,0.));
#1611 = CARTESIAN_POINT('',(2.609088555288,-1.282328907642E-02));
#1612 = CARTESIAN_POINT('',(2.60863724321,-2.561659492695E-02));
#1613 = CARTESIAN_POINT('',(2.607739799896,-3.839352473215E-02));
#1614 = CARTESIAN_POINT('',(2.606375057569,-5.11491571625E-02));
#1615 = CARTESIAN_POINT('',(2.604516037118,-6.387445606562E-02));
#1616 = CARTESIAN_POINT('',(2.602099859606,-7.653986308097E-02));
#1617 = CARTESIAN_POINT('',(2.599054042058,-8.910694466003E-02));
#1618 = CARTESIAN_POINT('',(2.593928815334,-0.10560903945));
#1619 = CARTESIAN_POINT('',(2.592564229559,-0.109698988783));
#1620 = CARTESIAN_POINT('',(2.591105099541,-0.113767005422));
#1621 = CARTESIAN_POINT('',(2.589543702797,-0.117809582466));
#1622 = CARTESIAN_POINT('',(2.58787120459,-0.121821739171));
#1623 = CARTESIAN_POINT('',(2.58607711434,-0.125796850049));
#1624 = CARTESIAN_POINT('',(2.584148009862,-0.129726223425));
#1625 = CARTESIAN_POINT('',(2.579985486213,-0.137466103644));
#1626 = CARTESIAN_POINT('',(2.577759444794,-0.141263876361));
#1627 = CARTESIAN_POINT('',(2.575363444253,-0.144993089963));
#1628 = CARTESIAN_POINT('',(2.572773392249,-0.148642456075));
#1629 = CARTESIAN_POINT('',(2.569960081863,-0.152183567422));
#1630 = CARTESIAN_POINT('',(2.566893065068,-0.15557361666));
#1631 = CARTESIAN_POINT('',(2.563537214157,-0.158753355026));
#1632 = CARTESIAN_POINT('',(2.558731571825,-0.162475946812));
#1633 = CARTESIAN_POINT('',(2.55760756256,-0.163296174736));
#1634 = CARTESIAN_POINT('',(2.556452585256,-0.164086364761));
#1635 = CARTESIAN_POINT('',(2.555265691451,-0.164843271795));
#1636 = CARTESIAN_POINT('',(2.554046243938,-0.165563134704));
#1637 = CARTESIAN_POINT('',(2.552793987088,-0.166241762725));
#1638 = CARTESIAN_POINT('',(2.55150911718,-0.166874621885));
#1639 = CARTESIAN_POINT('',(2.548568412366,-0.168175060271));
#1640 = CARTESIAN_POINT('',(2.54689475782,-0.168816850517));
#1641 = CARTESIAN_POINT('',(2.545174690619,-0.169372239867));
#1642 = CARTESIAN_POINT('',(2.543413173042,-0.1698312232));
#1643 = CARTESIAN_POINT('',(2.541617035563,-0.170184507487));
#1644 = CARTESIAN_POINT('',(2.539795260153,-0.17042449719));
#1645 = CARTESIAN_POINT('',(2.537959339458,-0.17054660012));
#1646 = CARTESIAN_POINT('',(2.53439622502,-0.170554856815));
#1647 = CARTESIAN_POINT('',(2.532667799163,-0.170454448702));
#1648 = CARTESIAN_POINT('',(2.530950364092,-0.170249551099));
#1649 = CARTESIAN_POINT('',(2.529253748697,-0.16994347133));
#1650 = CARTESIAN_POINT('',(2.527585876342,-0.169542048427));
#1651 = CARTESIAN_POINT('',(2.525952960264,-0.169052799193));
#1652 = CARTESIAN_POINT('',(2.524359698979,-0.168484064258));
#1653 = CARTESIAN_POINT('',(2.521651571039,-0.167366190479));
#1654 = CARTESIAN_POINT('',(2.520517109664,-0.166848302445));
#1655 = CARTESIAN_POINT('',(2.519406858604,-0.166293687348));
#1656 = CARTESIAN_POINT('',(2.518321212027,-0.165705437281));
#1657 = CARTESIAN_POINT('',(2.517260234007,-0.165086476635));
#1658 = CARTESIAN_POINT('',(2.51622370532,-0.164439499607));
#1659 = CARTESIAN_POINT('',(2.515211170235,-0.163766907706));
#1660 = CARTESIAN_POINT('',(2.512504806715,-0.161862249265));
#1661 = CARTESIAN_POINT('',(2.510858766278,-0.160583322475));
#1662 = CARTESIAN_POINT('',(2.509279925637,-0.15924448629));
#1663 = CARTESIAN_POINT('',(2.5077645233,-0.157854659218));
#1664 = CARTESIAN_POINT('',(2.506308903776,-0.156421231408));
#1665 = CARTESIAN_POINT('',(2.504909448722,-0.154950137181));
#1666 = CARTESIAN_POINT('',(2.503562508079,-0.153445927569));
#1667 = CARTESIAN_POINT('',(2.500702572335,-0.150066277318));
#1668 = CARTESIAN_POINT('',(2.499212194434,-0.148178440084));
#1669 = CARTESIAN_POINT('',(2.497787318139,-0.14625462595));
#1670 = CARTESIAN_POINT('',(2.496422983059,-0.14430003521));
#1671 = CARTESIAN_POINT('',(2.495114952974,-0.142318883615));
#1672 = CARTESIAN_POINT('',(2.493859521016,-0.140314512344));
#1673 = CARTESIAN_POINT('',(2.492653314846,-0.138289497981));
#1674 = CARTESIAN_POINT('',(2.489451903588,-0.132650156066));
#1675 = CARTESIAN_POINT('',(2.487553993441,-0.128998107018));
#1676 = CARTESIAN_POINT('',(2.485782558183,-0.125300645929));
#1677 = CARTESIAN_POINT('',(2.484125198976,-0.121566199581));
#1678 = CARTESIAN_POINT('',(2.482572149826,-0.117801221708));
#1679 = CARTESIAN_POINT('',(2.481115141596,-0.114010590323));
#1680 = CARTESIAN_POINT('',(2.479746911592,-0.110197771609));
#1681 = CARTESIAN_POINT('',(2.475994257294,-9.900880869169E-02));
#1682 = CARTESIAN_POINT('',(2.473833050862,-9.158297892323E-02));
#1683 = CARTESIAN_POINT('',(2.471934689727,-8.41053040939E-02));
#1684 = CARTESIAN_POINT('',(2.470272031178,-7.658881886914E-02));
#1685 = CARTESIAN_POINT('',(2.468824748494,-6.904327256211E-02));
#1686 = CARTESIAN_POINT('',(2.46757679358,-6.14755937685E-02));
#1687 = CARTESIAN_POINT('',(2.466516377126,-5.388989880799E-02));
#1688 = CARTESIAN_POINT('',(2.464965251169,-4.051977290103E-02));
#1689 = CARTESIAN_POINT('',(2.464398965552,-3.474358323032E-02));
#1690 = CARTESIAN_POINT('',(2.463931750495,-2.896099624798E-02));
#1691 = CARTESIAN_POINT('',(2.46356069521,-2.317355117808E-02));
#1692 = CARTESIAN_POINT('',(2.463283723242,-1.738261803352E-02));
#1693 = CARTESIAN_POINT('',(2.463099514704,-1.158940829243E-02));
#1694 = CARTESIAN_POINT('',(2.463007428525,-5.794985574693E-03));
#1695 = CARTESIAN_POINT('',(2.463007416428,1.244563401465E-02));
#1696 = CARTESIAN_POINT('',(2.463432352046,2.487768511881E-02));
#1697 = CARTESIAN_POINT('',(2.464280076418,3.729860468337E-02));
#1698 = CARTESIAN_POINT('',(2.465567562662,4.970155658794E-02));
#1699 = CARTESIAN_POINT('',(2.467320678543,6.207273314748E-02));
#1700 = CARTESIAN_POINT('',(2.469592589997,7.438664112731E-02));
#1701 = CARTESIAN_POINT('',(2.472447446491,8.660962866554E-02));
#1702 = CARTESIAN_POINT('',(2.477322052671,0.103013732179));
#1703 = CARTESIAN_POINT('',(2.478701675105,0.107320505627));
#1704 = CARTESIAN_POINT('',(2.480181925069,0.111604895329));
#1705 = CARTESIAN_POINT('',(2.481771142015,0.11586323247));
#1706 = CARTESIAN_POINT('',(2.483478892157,0.120090240008));
#1707 = CARTESIAN_POINT('',(2.485316582995,0.124278845357));
#1708 = CARTESIAN_POINT('',(2.487298939788,0.128419704883));
#1709 = CARTESIAN_POINT('',(2.491519813307,0.136440676366));
#1710 = CARTESIAN_POINT('',(2.493740294715,0.140311997094));
#1711 = CARTESIAN_POINT('',(2.496131647207,0.144115819514));
#1712 = CARTESIAN_POINT('',(2.498717926664,0.147841187349));
#1713 = CARTESIAN_POINT('',(2.501528638916,0.15146017687));
#1714 = CARTESIAN_POINT('',(2.504594732209,0.154930653907));
#1715 = CARTESIAN_POINT('',(2.50795220692,0.158194186999));
#1716 = CARTESIAN_POINT('',(2.51280913712,0.162064478416));
#1717 = CARTESIAN_POINT('',(2.513980679181,0.162942814584));
#1718 = CARTESIAN_POINT('',(2.515186295099,0.163789008298));
#1719 = CARTESIAN_POINT('',(2.516427164584,0.164599403287));
#1720 = CARTESIAN_POINT('',(2.517704115083,0.165369709538));
#1721 = CARTESIAN_POINT('',(2.519017538294,0.166095103893));
#1722 = CARTESIAN_POINT('',(2.520367306675,0.16677033064));
#1723 = CARTESIAN_POINT('',(2.522336044447,0.167650647943));
#1724 = CARTESIAN_POINT('',(2.522925659723,0.167901593611));
#1725 = CARTESIAN_POINT('',(2.52352145302,0.168142202052));
#1726 = CARTESIAN_POINT('',(2.524123302049,0.168372037083));
#1727 = CARTESIAN_POINT('',(2.524731044996,0.168590663403));
#1728 = CARTESIAN_POINT('',(2.525344480524,0.168797646584));
#1729 = CARTESIAN_POINT('',(2.525963367772,0.168992553079));
#1730 = CARTESIAN_POINT('',(2.52695968512,0.169283752396));
#1731 = CARTESIAN_POINT('',(2.527333781941,0.169388106109));
#1732 = CARTESIAN_POINT('',(2.527709655052,0.169487920748));
#1733 = CARTESIAN_POINT('',(2.528087236928,0.169583109008));
#1734 = CARTESIAN_POINT('',(2.528466454289,0.169673586892));
#1735 = CARTESIAN_POINT('',(2.528847228099,0.169759273704));
#1736 = CARTESIAN_POINT('',(2.529229473563,0.169840092055));
#1737 = CARTESIAN_POINT('',(2.530412431389,0.170074064056));
#1738 = CARTESIAN_POINT('',(2.531217811023,0.170210730604));
#1739 = CARTESIAN_POINT('',(2.532028358345,0.170325262462));
#1740 = CARTESIAN_POINT('',(2.532843134459,0.17041709214));
#1741 = CARTESIAN_POINT('',(2.533661142268,0.170485789708));
#1742 = CARTESIAN_POINT('',(2.53448132647,0.170531062788));
#1743 = CARTESIAN_POINT('',(2.535302573564,0.170552756562));
#1744 = CARTESIAN_POINT('',(2.537240195944,0.170548266569));
#1745 = CARTESIAN_POINT('',(2.538356683191,0.17050208088));
#1746 = CARTESIAN_POINT('',(2.539470109986,0.170412306155));
#1747 = CARTESIAN_POINT('',(2.540577702787,0.17027953783));
#1748 = CARTESIAN_POINT('',(2.541676963892,0.170104869053));
#1749 = CARTESIAN_POINT('',(2.542765657212,0.169889802441));
#1750 = CARTESIAN_POINT('',(2.543841794046,0.169636161814));
#1751 = CARTESIAN_POINT('',(2.545466723302,0.169192128106));
#1752 = CARTESIAN_POINT('',(2.546025853103,0.169027964475));
#1753 = CARTESIAN_POINT('',(2.546580784173,0.168853816127));
#1754 = CARTESIAN_POINT('',(2.547131319458,0.168669989608));
#1755 = CARTESIAN_POINT('',(2.547677288953,0.168476794931));
#1756 = CARTESIAN_POINT('',(2.548218549695,0.168274545582));
#1757 = CARTESIAN_POINT('',(2.548754985766,0.168063558513));
#1758 = CARTESIAN_POINT('',(2.55044440893,0.167366190479));
#1759 = CARTESIAN_POINT('',(2.551578870305,0.166848302445));
#1760 = CARTESIAN_POINT('',(2.552689121365,0.166293687348));
#1761 = CARTESIAN_POINT('',(2.553774767943,0.165705437281));
#1762 = CARTESIAN_POINT('',(2.554835745963,0.165086476635));
#1763 = CARTESIAN_POINT('',(2.55587227465,0.164439499607));
#1764 = CARTESIAN_POINT('',(2.556884809735,0.163766907706));
#1765 = CARTESIAN_POINT('',(2.559591173254,0.161862249265));
#1766 = CARTESIAN_POINT('',(2.561237213692,0.160583322475));
#1767 = CARTESIAN_POINT('',(2.562816054333,0.15924448629));
#1768 = CARTESIAN_POINT('',(2.56433145667,0.157854659218));
#1769 = CARTESIAN_POINT('',(2.565787076193,0.156421231408));
#1770 = CARTESIAN_POINT('',(2.567186531248,0.154950137181));
#1771 = CARTESIAN_POINT('',(2.568533471891,0.153445927569));
#1772 = CARTESIAN_POINT('',(2.571393407635,0.150066277318));
#1773 = CARTESIAN_POINT('',(2.572883785535,0.148178440084));
#1774 = CARTESIAN_POINT('',(2.57430866183,0.14625462595));
#1775 = CARTESIAN_POINT('',(2.57567299691,0.14430003521));
#1776 = CARTESIAN_POINT('',(2.576981026995,0.142318883615));
#1777 = CARTESIAN_POINT('',(2.578236458954,0.140314512344));
#1778 = CARTESIAN_POINT('',(2.579442665123,0.138289497981));
#1779 = CARTESIAN_POINT('',(2.58293688035,0.132134376754));
#1780 = CARTESIAN_POINT('',(2.585083423897,0.127949444576));
#1781 = CARTESIAN_POINT('',(2.587067762552,0.123707129153));
#1782 = CARTESIAN_POINT('',(2.588907623529,0.119419364472));
#1783 = CARTESIAN_POINT('',(2.590616498692,0.115095009417));
#1784 = CARTESIAN_POINT('',(2.592205685556,0.110740552177));
#1785 = CARTESIAN_POINT('',(2.59368507809,0.106360364956));
#1786 = CARTESIAN_POINT('',(2.598956536758,8.950913621616E-02));
#1787 = CARTESIAN_POINT('',(2.602032298369,7.689054656939E-02));
#1788 = CARTESIAN_POINT('',(2.604473153383,6.416841404283E-02));
#1789 = CARTESIAN_POINT('',(2.60635073981,5.13820629658E-02));
#1790 = CARTESIAN_POINT('',(2.607728257125,3.856155567912E-02));
#1791 = CARTESIAN_POINT('',(2.60863414744,2.572180891126E-02));
#1792 = CARTESIAN_POINT('',(2.609088555288,1.286969510415E-02));
#1793 = CARTESIAN_POINT('',(2.609088555288,0.));
#1794 = ( GEOMETRIC_REPRESENTATION_CONTEXT(2) 
PARAMETRIC_REPRESENTATION_CONTEXT() REPRESENTATION_CONTEXT('2D SPACE',''
  ) );
#1795 = PCURVE('',#1796,#1801);
#1796 = CYLINDRICAL_SURFACE('',#1797,1.5);
#1797 = AXIS2_PLACEMENT_3D('',#1798,#1799,#1800);
#1798 = CARTESIAN_POINT('',(0.,12.,-1.75));
#1799 = DIRECTION('',(0.,0.,1.));
#1800 = DIRECTION('',(1.,0.,0.));
#1801 = DEFINITIONAL_REPRESENTATION('',(#1802),#1987);
#1802 = B_SPLINE_CURVE_WITH_KNOTS('',8,(#1803,#1804,#1805,#1806,#1807,
    #1808,#1809,#1810,#1811,#1812,#1813,#1814,#1815,#1816,#1817,#1818,
    #1819,#1820,#1821,#1822,#1823,#1824,#1825,#1826,#1827,#1828,#1829,
    #1830,#1831,#1832,#1833,#1834,#1835,#1836,#1837,#1838,#1839,#1840,
    #1841,#1842,#1843,#1844,#1845,#1846,#1847,#1848,#1849,#1850,#1851,
    #1852,#1853,#1854,#1855,#1856,#1857,#1858,#1859,#1860,#1861,#1862,
    #1863,#1864,#1865,#1866,#1867,#1868,#1869,#1870,#1871,#1872,#1873,
    #1874,#1875,#1876,#1877,#1878,#1879,#1880,#1881,#1882,#1883,#1884,
    #1885,#1886,#1887,#1888,#1889,#1890,#1891,#1892,#1893,#1894,#1895,
    #1896,#1897,#1898,#1899,#1900,#1901,#1902,#1903,#1904,#1905,#1906,
    #1907,#1908,#1909,#1910,#1911,#1912,#1913,#1914,#1915,#1916,#1917,
    #1918,#1919,#1920,#1921,#1922,#1923,#1924,#1925,#1926,#1927,#1928,
    #1929,#1930,#1931,#1932,#1933,#1934,#1935,#1936,#1937,#1938,#1939,
    #1940,#1941,#1942,#1943,#1944,#1945,#1946,#1947,#1948,#1949,#1950,
    #1951,#1952,#1953,#1954,#1955,#1956,#1957,#1958,#1959,#1960,#1961,
    #1962,#1963,#1964,#1965,#1966,#1967,#1968,#1969,#1970,#1971,#1972,
    #1973,#1974,#1975,#1976,#1977,#1978,#1979,#1980,#1981,#1982,#1983,
    #1984,#1985,#1986),.UNSPECIFIED.,.T.,.F.,(9,7,7,7,7,7,7,7,7,7,7,7,7,
    7,7,7,7,7,7,7,7,7,7,7,7,7,9),(0.,0.132761707454,0.176792842591,
    0.220772446289,0.233738894738,0.249730167259,0.264779359361,
    0.276019949158,0.295533023001,0.319008034399,0.360308340439,
    0.439567656908,0.499705827927,0.628870942338,0.675151252507,
    0.719838137722,0.733526802147,0.739290798241,0.742729094136,
    0.749893189592,0.759634056461,0.764799810068,0.776053198464,
    0.795588490005,0.819090230184,0.866368715674,1.),.UNSPECIFIED.);
#1803 = CARTESIAN_POINT('',(5.355890089178,1.75));
#1804 = CARTESIAN_POINT('',(5.355890089178,1.666648621003));
#1805 = CARTESIAN_POINT('',(5.3580086073,1.583492121444));
#1806 = CARTESIAN_POINT('',(5.362222069582,1.500462999368));
#1807 = CARTESIAN_POINT('',(5.368613087246,1.417613582258));
#1808 = CARTESIAN_POINT('',(5.377282039246,1.335023299377));
#1809 = CARTESIAN_POINT('',(5.388472064718,1.252903723746));
#1810 = CARTESIAN_POINT('',(5.402455316642,1.171522509789));
#1811 = CARTESIAN_POINT('',(5.425708038477,1.064810938091));
#1812 = CARTESIAN_POINT('',(5.431880932119,1.038375802148));
#1813 = CARTESIAN_POINT('',(5.438460990726,1.012095678904));
#1814 = CARTESIAN_POINT('',(5.445478958476,0.985993648875));
#1815 = CARTESIAN_POINT('',(5.452970001269,0.960102220859));
#1816 = CARTESIAN_POINT('',(5.460976000149,0.934464376204));
#1817 = CARTESIAN_POINT('',(5.469550983484,0.909136207639));
#1818 = CARTESIAN_POINT('',(5.487977623262,0.859275291905));
#1819 = CARTESIAN_POINT('',(5.497796710501,0.834824545624));
#1820 = CARTESIAN_POINT('',(5.508326824901,0.810829886583));
#1821 = CARTESIAN_POINT('',(5.519666999171,0.787363664309));
#1822 = CARTESIAN_POINT('',(5.531936786902,0.764607975005));
#1823 = CARTESIAN_POINT('',(5.545260031827,0.742836656116));
#1824 = CARTESIAN_POINT('',(5.559780636665,0.722427854705));
#1825 = CARTESIAN_POINT('',(5.580496961478,0.698546376414));
#1826 = CARTESIAN_POINT('',(5.585337676191,0.693285240612));
#1827 = CARTESIAN_POINT('',(5.590307042452,0.688217575742));
#1828 = CARTESIAN_POINT('',(5.595409022043,0.683364094789));
#1829 = CARTESIAN_POINT('',(5.600646276496,0.678748806205));
#1830 = CARTESIAN_POINT('',(5.606019888085,0.67439846082));
#1831 = CARTESIAN_POINT('',(5.611529080811,0.670341998752));
#1832 = CARTESIAN_POINT('',(5.624128939984,0.662007389195));
#1833 = CARTESIAN_POINT('',(5.631293877864,0.657894743943));
#1834 = CARTESIAN_POINT('',(5.638651909393,0.654336255948));
#1835 = CARTESIAN_POINT('',(5.646182332231,0.651395791477));
#1836 = CARTESIAN_POINT('',(5.653856784289,0.649132666038));
#1837 = CARTESIAN_POINT('',(5.661638024307,0.647595365588));
#1838 = CARTESIAN_POINT('',(5.669478296062,0.646813210618));
#1839 = CARTESIAN_POINT('',(5.684694445047,0.646760320753));
#1840 = CARTESIAN_POINT('',(5.692075572075,0.647403506193));
#1841 = CARTESIAN_POINT('',(5.699410870351,0.648716012759));
#1842 = CARTESIAN_POINT('',(5.706659440243,0.650676728128));
#1843 = CARTESIAN_POINT('',(5.713788384379,0.653248381455));
#1844 = CARTESIAN_POINT('',(5.720771922631,0.656382990532));
#1845 = CARTESIAN_POINT('',(5.727590507094,0.660027308952));
#1846 = CARTESIAN_POINT('',(5.73918908093,0.667191378402));
#1847 = CARTESIAN_POINT('',(5.744050720988,0.670510628217));
#1848 = CARTESIAN_POINT('',(5.748811692444,0.674065615347));
#1849 = CARTESIAN_POINT('',(5.753470382253,0.677836602817));
#1850 = CARTESIAN_POINT('',(5.758026540624,0.681804923589));
#1851 = CARTESIAN_POINT('',(5.76248109253,0.685953380106));
#1852 = CARTESIAN_POINT('',(5.766835949209,0.690266643838));
#1853 = CARTESIAN_POINT('',(5.7784852593,0.70248267953));
#1854 = CARTESIAN_POINT('',(5.785581092145,0.710687178071));
#1855 = CARTESIAN_POINT('',(5.792397870041,0.719278028325));
#1856 = CARTESIAN_POINT('',(5.798951254946,0.728198301341));
#1857 = CARTESIAN_POINT('',(5.80525636973,0.73740080923));
#1858 = CARTESIAN_POINT('',(5.811328148966,0.746847653044));
#1859 = CARTESIAN_POINT('',(5.817181689711,0.756509770668));
#1860 = CARTESIAN_POINT('',(5.829630877044,0.778224507485));
#1861 = CARTESIAN_POINT('',(5.836132378174,0.790357961388));
#1862 = CARTESIAN_POINT('',(5.842361413501,0.80272664573));
#1863 = CARTESIAN_POINT('',(5.84833838257,0.815297318614));
#1864 = CARTESIAN_POINT('',(5.854080623864,0.828043005216));
#1865 = CARTESIAN_POINT('',(5.859603262014,0.840942306076));
#1866 = CARTESIAN_POINT('',(5.864920055014,0.853978705392));
#1867 = CARTESIAN_POINT('',(5.879059379423,0.890294735402));
#1868 = CARTESIAN_POINT('',(5.88747425671,0.913826113615));
#1869 = CARTESIAN_POINT('',(5.89535748003,0.937663238311));
#1870 = CARTESIAN_POINT('',(5.902759105157,0.961751837651));
#1871 = CARTESIAN_POINT('',(5.909718252436,0.986050165086));
#1872 = CARTESIAN_POINT('',(5.916267952548,1.01052650788));
#1873 = CARTESIAN_POINT('',(5.922437222505,1.03515818268));
#1874 = CARTESIAN_POINT('',(5.939406372629,1.107475425233));
#1875 = CARTESIAN_POINT('',(5.949244444428,1.155513211648));
#1876 = CARTESIAN_POINT('',(5.957935815407,1.203926257259));
#1877 = CARTESIAN_POINT('',(5.965586129323,1.252626935884));
#1878 = CARTESIAN_POINT('',(5.972273875212,1.301548371249));
#1879 = CARTESIAN_POINT('',(5.978060950836,1.350641671713));
#1880 = CARTESIAN_POINT('',(5.982992509158,1.399876011694));
#1881 = CARTESIAN_POINT('',(5.990222260464,1.486688746041));
#1882 = CARTESIAN_POINT('',(5.992868037635,1.524205201196));
#1883 = CARTESIAN_POINT('',(5.995055115255,1.561772786704));
#1884 = CARTESIAN_POINT('',(5.996794530948,1.599379625285));
#1885 = CARTESIAN_POINT('',(5.998094129152,1.637014910269));
#1886 = CARTESIAN_POINT('',(5.998958876955,1.674668846919));
#1887 = CARTESIAN_POINT('',(5.999391179931,1.712332593764));
#1888 = CARTESIAN_POINT('',(5.999391236717,1.830896621095));
#1889 = CARTESIAN_POINT('',(5.997396434494,1.911704955093));
#1890 = CARTESIAN_POINT('',(5.993416673013,1.992421830583));
#1891 = CARTESIAN_POINT('',(5.98738627601,2.072983928119));
#1892 = CARTESIAN_POINT('',(5.979208407605,2.153282619791));
#1893 = CARTESIAN_POINT('',(5.968678889659,2.233134231621));
#1894 = CARTESIAN_POINT('',(5.955556811856,2.312303835619));
#1895 = CARTESIAN_POINT('',(5.933400235181,2.418411709414));
#1896 = CARTESIAN_POINT('',(5.927148168288,2.446255825967));
#1897 = CARTESIAN_POINT('',(5.920461487826,2.473940876764));
#1898 = CARTESIAN_POINT('',(5.913307051432,2.501442628643));
#1899 = CARTESIAN_POINT('',(5.905646854757,2.528726557774));
#1900 = CARTESIAN_POINT('',(5.897435443553,2.555746707573));
#1901 = CARTESIAN_POINT('',(5.88861363216,2.582442713409));
#1902 = CARTESIAN_POINT('',(5.86991102838,2.634122035105));
#1903 = CARTESIAN_POINT('',(5.86010756804,2.659049813393));
#1904 = CARTESIAN_POINT('',(5.849588810928,2.683527803942));
#1905 = CARTESIAN_POINT('',(5.838255969121,2.707485748125));
#1906 = CARTESIAN_POINT('',(5.82598832445,2.730744603676));
#1907 = CARTESIAN_POINT('',(5.812660062327,2.753034792016));
#1908 = CARTESIAN_POINT('',(5.798123814985,2.773983349475));
#1909 = CARTESIAN_POINT('',(5.777176251614,2.7988142683));
#1910 = CARTESIAN_POINT('',(5.772128710807,2.804448494698));
#1911 = CARTESIAN_POINT('',(5.76693962145,2.80987562177));
#1912 = CARTESIAN_POINT('',(5.761604059727,2.815072311996));
#1913 = CARTESIAN_POINT('',(5.756118574628,2.820011180673));
#1914 = CARTESIAN_POINT('',(5.750481517446,2.824661439998));
#1915 = CARTESIAN_POINT('',(5.74469337128,2.828989543162));
#1916 = CARTESIAN_POINT('',(5.736257438825,2.834631628413));
#1917 = CARTESIAN_POINT('',(5.733731760982,2.836239892364));
#1918 = CARTESIAN_POINT('',(5.73118038833,2.837781830431));
#1919 = CARTESIAN_POINT('',(5.728603826732,2.839254658332));
#1920 = CARTESIAN_POINT('',(5.726002746606,2.840655597369));
#1921 = CARTESIAN_POINT('',(5.72337798292,2.841981874423));
#1922 = CARTESIAN_POINT('',(5.720730535193,2.843230721958));
#1923 = CARTESIAN_POINT('',(5.716469494819,2.845096496002));
#1924 = CARTESIAN_POINT('',(5.714869773416,2.845765096925));
#1925 = CARTESIAN_POINT('',(5.713262659884,2.84640460238));
#1926 = CARTESIAN_POINT('',(5.711648434829,2.847014455053));
#1927 = CARTESIAN_POINT('',(5.710027402867,2.847594118721));
#1928 = CARTESIAN_POINT('',(5.708399892625,2.848143078255));
#1929 = CARTESIAN_POINT('',(5.706766256735,2.848660839618));
#1930 = CARTESIAN_POINT('',(5.70171101985,2.850159756293));
#1931 = CARTESIAN_POINT('',(5.698269987643,2.851035264121));
#1932 = CARTESIAN_POINT('',(5.694807440997,2.851768952378));
#1933 = CARTESIAN_POINT('',(5.691327288301,2.852357198243));
#1934 = CARTESIAN_POINT('',(5.687833680554,2.852797257057));
#1935 = CARTESIAN_POINT('',(5.684331011368,2.853087262313));
#1936 = CARTESIAN_POINT('',(5.680823916967,2.853226225665));
#1937 = CARTESIAN_POINT('',(5.672549371955,2.853197464145));
#1938 = CARTESIAN_POINT('',(5.667781440116,2.852901612473));
#1939 = CARTESIAN_POINT('',(5.663026260977,2.852326542876));
#1940 = CARTESIAN_POINT('',(5.658295382343,2.851476056477));
#1941 = CARTESIAN_POINT('',(5.65359919036,2.850357131475));
#1942 = CARTESIAN_POINT('',(5.648946980369,2.848979360073));
#1943 = CARTESIAN_POINT('',(5.644347027753,2.847354385411));
#1944 = CARTESIAN_POINT('',(5.637398820996,2.844509453098));
#1945 = CARTESIAN_POINT('',(5.63500752428,2.843457624082));
#1946 = CARTESIAN_POINT('',(5.63263369951,2.84234178615));
#1947 = CARTESIAN_POINT('',(5.630278164913,2.841163896141));
#1948 = CARTESIAN_POINT('',(5.627941626066,2.839925933028));
#1949 = CARTESIAN_POINT('',(5.6256246759,2.838629897911));
#1950 = CARTESIAN_POINT('',(5.623327794696,2.837277814025));
#1951 = CARTESIAN_POINT('',(5.616092206219,2.832808621599));
#1952 = CARTESIAN_POINT('',(5.611230566161,2.829489371783));
#1953 = CARTESIAN_POINT('',(5.606469594706,2.825934384653));
#1954 = CARTESIAN_POINT('',(5.601810904897,2.822163397183));
#1955 = CARTESIAN_POINT('',(5.597254746525,2.818195076411));
#1956 = CARTESIAN_POINT('',(5.592800194619,2.814046619894));
#1957 = CARTESIAN_POINT('',(5.588445337941,2.809733356163));
#1958 = CARTESIAN_POINT('',(5.57679602785,2.79751732047));
#1959 = CARTESIAN_POINT('',(5.569700195004,2.789312821929));
#1960 = CARTESIAN_POINT('',(5.562883417108,2.780721971675));
#1961 = CARTESIAN_POINT('',(5.556330032204,2.771801698659));
#1962 = CARTESIAN_POINT('',(5.550024917419,2.762599190771));
#1963 = CARTESIAN_POINT('',(5.543953138183,2.753152346957));
#1964 = CARTESIAN_POINT('',(5.538099597439,2.743490229333));
#1965 = CARTESIAN_POINT('',(5.525650410106,2.721775492515));
#1966 = CARTESIAN_POINT('',(5.519148908975,2.709642038613));
#1967 = CARTESIAN_POINT('',(5.512919873648,2.697273354271));
#1968 = CARTESIAN_POINT('',(5.50694290458,2.684702681387));
#1969 = CARTESIAN_POINT('',(5.501200663286,2.671956994785));
#1970 = CARTESIAN_POINT('',(5.495678025136,2.659057693925));
#1971 = CARTESIAN_POINT('',(5.490361232135,2.646021294609));
#1972 = CARTESIAN_POINT('',(5.474928712328,2.606383767648));
#1973 = CARTESIAN_POINT('',(5.465405707928,2.579416736657));
#1974 = CARTESIAN_POINT('',(5.456564938226,2.552062733018));
#1975 = CARTESIAN_POINT('',(5.448334945904,2.524398668116));
#1976 = CARTESIAN_POINT('',(5.440661848607,2.496481939412));
#1977 = CARTESIAN_POINT('',(5.433500639148,2.468354846755));
#1978 = CARTESIAN_POINT('',(5.426811847908,2.440046144983));
#1979 = CARTESIAN_POINT('',(5.402902981798,2.331081969982));
#1980 = CARTESIAN_POINT('',(5.388784807518,2.249369930401));
#1981 = CARTESIAN_POINT('',(5.377482099599,2.166884587393));
#1982 = CARTESIAN_POINT('',(5.368727077056,2.083899216215));
#1983 = CARTESIAN_POINT('',(5.362276132067,2.000628990129));
#1984 = CARTESIAN_POINT('',(5.358023229579,1.917191760295));
#1985 = CARTESIAN_POINT('',(5.355890089178,1.833653018177));
#1986 = CARTESIAN_POINT('',(5.355890089178,1.75));
#1987 = ( GEOMETRIC_REPRESENTATION_CONTEXT(2) 
PARAMETRIC_REPRESENTATION_CONTEXT() REPRESENTATION_CONTEXT('2D SPACE',''
  ) );
#1988 = FACE_BOUND('',#1989,.T.);
#1989 = EDGE_LOOP('',(#1990,#1991,#1992,#1993));
#1990 = ORIENTED_EDGE('',*,*,#1383,.T.);
#1991 = ORIENTED_EDGE('',*,*,#265,.T.);
#1992 = ORIENTED_EDGE('',*,*,#606,.T.);
#1993 = ORIENTED_EDGE('',*,*,#484,.F.);
#1994 = ADVANCED_FACE('',(#1995),#1138,.F.);
#1995 = FACE_BOUND('',#1996,.F.);
#1996 = EDGE_LOOP('',(#1997));
#1997 = ORIENTED_EDGE('',*,*,#718,.T.);
#1998 = ADVANCED_FACE('',(#1999),#1796,.F.);
#1999 = FACE_BOUND('',#2000,.F.);
#2000 = EDGE_LOOP('',(#2001));
#2001 = ORIENTED_EDGE('',*,*,#1418,.T.);
#2002 = ( GEOMETRIC_REPRESENTATION_CONTEXT(3) 
GLOBAL_UNCERTAINTY_ASSIGNED_CONTEXT((#2006)) 
GLOBAL_UNIT_ASSIGNED_CONTEXT((#2003,#2004,#2005)) REPRESENTATION_CONTEXT
('Context #1','3D Context with UNIT and UNCERTAINTY') );
#2003 = ( LENGTH_UNIT() NAMED_UNIT(*) SI_UNIT(.MILLI.,.METRE.) );
#2004 = ( NAMED_UNIT(*) PLANE_ANGLE_UNIT() SI_UNIT($,.RADIAN.) );
#2005 = ( NAMED_UNIT(*) SI_UNIT($,.STERADIAN.) SOLID_ANGLE_UNIT() );
#2006 = UNCERTAINTY_MEASURE_WITH_UNIT(LENGTH_MEASURE(1.E-07),#2003,
  'distance_accuracy_value','confusion accuracy');
#2007 = PRODUCT_RELATED_PRODUCT_CATEGORY('part',$,(#7));
ENDSEC;
END-ISO-10303-21;
