ISO-10303-21;
HEADER;
FILE_DESCRIPTION(('Open CASCADE Model'),'2;1');
FILE_NAME('Open CASCADE Shape Model','2026-03-24T18:26:06',('Author'),(
    'Open CASCADE'),'Open CASCADE STEP processor 7.7','Open CASCADE 7.7'
  ,'Unknown');
FILE_SCHEMA(('AUTOMOTIVE_DESIGN { 1 0 10303 214 1 1 1 1 }'));
ENDSEC;
DATA;
#1 = APPLICATION_PROTOCOL_DEFINITION('international standard',
  'automotive_design',2000,#2);
#2 = APPLICATION_CONTEXT(
  'core data for automotive mechanical design processes');
#3 = SHAPE_DEFINITION_REPRESENTATION(#4,#10);
#4 = PRODUCT_DEFINITION_SHAPE('','',#5);
#5 = PRODUCT_DEFINITION('design','',#6,#9);
#6 = PRODUCT_DEFINITION_FORMATION('','',#7);
#7 = PRODUCT('Open CASCADE STEP translator 7.7 1',
  'Open CASCADE STEP translator 7.7 1','',(#8));
#8 = PRODUCT_CONTEXT('',#2,'mechanical');
#9 = PRODUCT_DEFINITION_CONTEXT('part definition',#2,'design');
#10 = ADVANCED_BREP_SHAPE_REPRESENTATION('',(#11,#15),#7921);
#11 = AXIS2_PLACEMENT_3D('',#12,#13,#14);
#12 = CARTESIAN_POINT('',(0.,0.,0.));
#13 = DIRECTION('',(0.,0.,1.));
#14 = DIRECTION('',(1.,0.,-0.));
#15 = MANIFOLD_SOLID_BREP('',#16);
#16 = CLOSED_SHELL('',(#17,#322,#454,#509,#1900,#1905,#1932,#1985,#2066,
    #2112,#2139,#2166,#2355,#2404,#2457,#2565,#2949,#3047,#3054,#3132,
    #3237,#3290,#3344,#3531,#3536,#3585,#3638,#3721,#3826,#3879,#3906,
    #3910,#3943,#4167,#4195,#4273,#4300,#4509,#4559,#4609,#4664,#4696,
    #4751,#4805,#4838,#4893,#4947,#4980,#5035,#5222,#5409,#5613,#5689,
    #5716,#5766,#5793,#5992,#6042,#6241,#6310,#6316,#6322,#6328,#6355,
    #6574,#6580,#6612,#6637,#6662,#6711,#7040,#7066,#7091,#7120,#7145,
    #7306,#7312,#7337,#7405,#7411,#7415,#7421,#7427,#7457,#7506,#7742,
    #7748,#7775,#7800,#7826,#7832,#7857,#7883,#7889,#7893,#7903,#7907,
    #7917));
#17 = ADVANCED_FACE('',(#18),#55,.T.);
#18 = FACE_BOUND('',#19,.T.);
#19 = EDGE_LOOP('',(#20,#166,#194,#234,#267,#296));
#20 = ORIENTED_EDGE('',*,*,#21,.T.);
#21 = EDGE_CURVE('',#22,#24,#26,.T.);
#22 = VERTEX_POINT('',#23);
#23 = CARTESIAN_POINT('',(-23.30219551168,-27.53866706079,12.));
#24 = VERTEX_POINT('',#25);
#25 = CARTESIAN_POINT('',(-12.19780448831,-33.94979020732,12.));
#26 = SURFACE_CURVE('',#27,(#54,#110),.PCURVE_S1.);
#27 = B_SPLINE_CURVE_WITH_KNOTS('',7,(#28,#29,#30,#31,#32,#33,#34,#35,
    #36,#37,#38,#39,#40,#41,#42,#43,#44,#45,#46,#47,#48,#49,#50,#51,#52,
    #53),.UNSPECIFIED.,.F.,.F.,(8,6,6,6,8),(0.,0.504392870813,1.,
    1.493626439325,1.999992588326),.UNSPECIFIED.);
#28 = CARTESIAN_POINT('',(-23.30219551168,-27.53866706079,12.));
#29 = CARTESIAN_POINT('',(-23.08485573813,-28.01478395209,12.));
#30 = CARTESIAN_POINT('',(-22.84442250763,-28.4718454739,11.97848503401)
  );
#31 = CARTESIAN_POINT('',(-22.58307107503,-28.90879789229,
    11.942605978747));
#32 = CARTESIAN_POINT('',(-22.3027115305,-29.3254175726,11.897883463282)
  );
#33 = CARTESIAN_POINT('',(-22.00473550085,-29.72197083257,
    11.848823342624));
#34 = CARTESIAN_POINT('',(-21.6899545204,-30.09895167009,11.799135045172
    ));
#35 = CARTESIAN_POINT('',(-21.03309929432,-30.80846639853,
    11.705510025851));
#36 = CARTESIAN_POINT('',(-20.69147164205,-31.14179449305,
    11.661470199315));
#37 = CARTESIAN_POINT('',(-20.33486232469,-31.45629072964,
    11.622849330102));
#38 = CARTESIAN_POINT('',(-19.96423803185,-31.75159099776,
    11.592109070402));
#39 = CARTESIAN_POINT('',(-19.58036336733,-32.02743922278,
    11.571002810643));
#40 = CARTESIAN_POINT('',(-19.18379576338,-32.28356236778,
    11.560427611529));
#41 = CARTESIAN_POINT('',(-18.36783798556,-32.75465581045,
    11.560427611529));
#42 = CARTESIAN_POINT('',(-17.94946500649,-32.96925552346,
    11.570918449804));
#43 = CARTESIAN_POINT('',(-17.52043694784,-33.16316803528,
    11.591856890995));
#44 = CARTESIAN_POINT('',(-17.08126478584,-33.33605051399,11.6223600018)
  );
#45 = CARTESIAN_POINT('',(-16.63254692076,-33.48737590422,11.66070180152
    ));
#46 = CARTESIAN_POINT('',(-16.17507315019,-33.61649798555,
    11.704457684246));
#47 = CARTESIAN_POINT('',(-15.23258890418,-33.83170390803,
    11.797964851354));
#48 = CARTESIAN_POINT('',(-14.74699410629,-33.91663164899,
    11.847859707864));
#49 = CARTESIAN_POINT('',(-14.25278072617,-33.97704349332,
    11.897180754805));
#50 = CARTESIAN_POINT('',(-13.74992432153,-34.01198214581,11.94218331612
    ));
#51 = CARTESIAN_POINT('',(-13.23889250211,-34.02009521064,
    11.978316121015));
#52 = CARTESIAN_POINT('',(-12.72084498752,-33.99982214932,12.));
#53 = CARTESIAN_POINT('',(-12.19780448831,-33.94979020732,12.));
#54 = PCURVE('',#55,#60);
#55 = CYLINDRICAL_SURFACE('',#56,11.05);
#56 = AXIS2_PLACEMENT_3D('',#57,#58,#59);
#57 = CARTESIAN_POINT('',(-13.25,-22.95,-1.));
#58 = DIRECTION('',(0.,0.,1.));
#59 = DIRECTION('',(-0.5,-0.866025403784,0.));
#60 = DEFINITIONAL_REPRESENTATION('',(#61),#109);
#61 = B_SPLINE_CURVE_WITH_KNOTS('',3,(#62,#63,#64,#65,#66,#67,#68,#69,
    #70,#71,#72,#73,#74,#75,#76,#77,#78,#79,#80,#81,#82,#83,#84,#85,#86,
    #87,#88,#89,#90,#91,#92,#93,#94,#95,#96,#97,#98,#99,#100,#101,#102,
    #103,#104,#105,#106,#107,#108),.UNSPECIFIED.,.F.,.F.,(4,1,1,1,1,1,1,
    1,1,1,1,1,1,1,1,1,1,1,1,1,1,1,1,1,1,1,1,1,1,1,1,1,1,1,1,1,1,1,1,1,1,
    1,1,1,4),(0.,4.54543770074E-02,9.09087540148E-02,0.136363131022,
    0.18181750803,0.227271885037,0.272726262044,0.318180639052,
    0.363635016059,0.409089393067,0.454543770074,0.499998147081,
    0.545452524089,0.590906901096,0.636361278104,0.681815655111,
    0.727270032118,0.772724409126,0.818178786133,0.863633163141,
    0.909087540148,0.954541917155,0.999996294163,1.04545067117,
    1.090905048178,1.136359425185,1.181813802192,1.2272681792,
    1.272722556207,1.318176933215,1.363631310222,1.409085687229,
    1.454540064237,1.499994441244,1.545448818252,1.590903195259,
    1.636357572266,1.681811949274,1.727266326281,1.772720703289,
    1.818175080296,1.863629457303,1.909083834311,1.954538211318,
    1.999992588326),.QUASI_UNIFORM_KNOTS.);
#62 = CARTESIAN_POINT('',(5.664220731153,13.));
#63 = CARTESIAN_POINT('',(5.674180431498,12.999993324233));
#64 = CARTESIAN_POINT('',(5.69401926286,12.997559401684));
#65 = CARTESIAN_POINT('',(5.723541117133,12.987613676955));
#66 = CARTESIAN_POINT('',(5.752830858483,12.972369616707));
#67 = CARTESIAN_POINT('',(5.78189639051,12.952720009972));
#68 = CARTESIAN_POINT('',(5.810747745917,12.929498541534));
#69 = CARTESIAN_POINT('',(5.839397272298,12.903475665826));
#70 = CARTESIAN_POINT('',(5.867859381164,12.875366609499));
#71 = CARTESIAN_POINT('',(5.896150465563,12.845835258246));
#72 = CARTESIAN_POINT('',(5.924288655766,12.815498561861));
#73 = CARTESIAN_POINT('',(5.952294106612,12.78492968923));
#74 = CARTESIAN_POINT('',(5.980187353027,12.754662895704));
#75 = CARTESIAN_POINT('',(6.007994878195,12.725190544552));
#76 = CARTESIAN_POINT('',(6.035728175633,12.696986938044));
#77 = CARTESIAN_POINT('',(6.063391701045,12.670497690553));
#78 = CARTESIAN_POINT('',(6.090992736192,12.646127162711));
#79 = CARTESIAN_POINT('',(6.118538800709,12.624239313426));
#80 = CARTESIAN_POINT('',(6.146038317339,12.605155049178));
#81 = CARTESIAN_POINT('',(6.173500443152,12.589150617113));
#82 = CARTESIAN_POINT('',(6.200934894183,12.576455889007));
#83 = CARTESIAN_POINT('',(6.228352541597,12.567252910224));
#84 = CARTESIAN_POINT('',(6.255762838101,12.561674679125));
#85 = CARTESIAN_POINT('',(6.283183058519,12.559804229906));
#86 = CARTESIAN_POINT('',(6.310603355255,12.561674070504));
#87 = CARTESIAN_POINT('',(6.338013838421,12.567251755464));
#88 = CARTESIAN_POINT('',(6.365431755675,12.576454289681));
#89 = CARTESIAN_POINT('',(6.392866527631,12.589148694184));
#90 = CARTESIAN_POINT('',(6.420328993179,12.605152921986));
#91 = CARTESIAN_POINT('',(6.447828834382,12.62423707986));
#92 = CARTESIAN_POINT('',(6.475375170874,12.646124878915));
#93 = CARTESIAN_POINT('',(6.502976389507,12.67049535938));
#94 = CARTESIAN_POINT('',(6.530639953066,12.696984477894));
#95 = CARTESIAN_POINT('',(6.558373145618,12.725187851464));
#96 = CARTESIAN_POINT('',(6.586180180641,12.754659585946));
#97 = CARTESIAN_POINT('',(6.614073393262,12.784926289822));
#98 = CARTESIAN_POINT('',(6.642078958992,12.815495297351));
#99 = CARTESIAN_POINT('',(6.670217420485,12.845832356864));
#100 = CARTESIAN_POINT('',(6.698508864818,12.875364202906));
#101 = CARTESIAN_POINT('',(6.726971383665,12.903473813734));
#102 = CARTESIAN_POINT('',(6.755621332585,12.929497234396));
#103 = CARTESIAN_POINT('',(6.784473094315,12.952719185183));
#104 = CARTESIAN_POINT('',(6.813538994416,12.972369175323));
#105 = CARTESIAN_POINT('',(6.842829051334,12.98761350199));
#106 = CARTESIAN_POINT('',(6.872351161231,12.99755937365));
#107 = CARTESIAN_POINT('',(6.892190125605,12.999993325189));
#108 = CARTESIAN_POINT('',(6.902149883206,13.));
#109 = ( GEOMETRIC_REPRESENTATION_CONTEXT(2) 
PARAMETRIC_REPRESENTATION_CONTEXT() REPRESENTATION_CONTEXT('2D SPACE',''
  ) );
#110 = PCURVE('',#111,#116);
#111 = CYLINDRICAL_SURFACE('',#112,5.);
#112 = AXIS2_PLACEMENT_3D('',#113,#114,#115);
#113 = CARTESIAN_POINT('',(-29.87435565298,-23.74422863406,7.));
#114 = DIRECTION('',(0.866025403784,-0.5,0.));
#115 = DIRECTION('',(-0.5,-0.866025403784,0.));
#116 = DEFINITIONAL_REPRESENTATION('',(#117),#165);
#117 = B_SPLINE_CURVE_WITH_KNOTS('',3,(#118,#119,#120,#121,#122,#123,
    #124,#125,#126,#127,#128,#129,#130,#131,#132,#133,#134,#135,#136,
    #137,#138,#139,#140,#141,#142,#143,#144,#145,#146,#147,#148,#149,
    #150,#151,#152,#153,#154,#155,#156,#157,#158,#159,#160,#161,#162,
    #163,#164),.UNSPECIFIED.,.F.,.F.,(4,1,1,1,1,1,1,1,1,1,1,1,1,1,1,1,1,
    1,1,1,1,1,1,1,1,1,1,1,1,1,1,1,1,1,1,1,1,1,1,1,1,1,1,1,4),(0.,
    4.54543770074E-02,9.09087540148E-02,0.136363131022,0.18181750803,
    0.227271885037,0.272726262044,0.318180639052,0.363635016059,
    0.409089393067,0.454543770074,0.499998147081,0.545452524089,
    0.590906901096,0.636361278104,0.681815655111,0.727270032118,
    0.772724409126,0.818178786133,0.863633163141,0.909087540148,
    0.954541917155,0.999996294163,1.04545067117,1.090905048178,
    1.136359425185,1.181813802192,1.2272681792,1.272722556207,
    1.318176933215,1.363631310222,1.409085687229,1.454540064237,
    1.499994441244,1.545448818252,1.590903195259,1.636357572266,
    1.681811949274,1.727266326281,1.772720703289,1.818175080296,
    1.863629457303,1.909083834311,1.954538211318,1.999992588326),
  .QUASI_UNIFORM_KNOTS.);
#118 = CARTESIAN_POINT('',(-1.570796326795,7.588876853468));
#119 = CARTESIAN_POINT('',(-1.558026773249,7.678515108092));
#120 = CARTESIAN_POINT('',(-1.53312269233,7.858970731483));
#121 = CARTESIAN_POINT('',(-1.497624574933,8.132878833984));
#122 = CARTESIAN_POINT('',(-1.463934240885,8.40968462133));
#123 = CARTESIAN_POINT('',(-1.432012480883,8.689111187369));
#124 = CARTESIAN_POINT('',(-1.401826150178,8.970914420636));
#125 = CARTESIAN_POINT('',(-1.373348612656,9.254887231611));
#126 = CARTESIAN_POINT('',(-1.346558958587,9.540857531436));
#127 = CARTESIAN_POINT('',(-1.321441691588,9.828687877413));
#128 = CARTESIAN_POINT('',(-1.29798649699,10.118272941335));
#129 = CARTESIAN_POINT('',(-1.276187777479,10.409542320983));
#130 = CARTESIAN_POINT('',(-1.256045478987,10.702442517261));
#131 = CARTESIAN_POINT('',(-1.237561350416,10.996995326617));
#132 = CARTESIAN_POINT('',(-1.220752166976,11.293074186037));
#133 = CARTESIAN_POINT('',(-1.205640086497,11.590481848038));
#134 = CARTESIAN_POINT('',(-1.192245547165,11.889054911277));
#135 = CARTESIAN_POINT('',(-1.180588500716,12.188636282792));
#136 = CARTESIAN_POINT('',(-1.170687505155,12.489082007983));
#137 = CARTESIAN_POINT('',(-1.16255945613,12.790259178927));
#138 = CARTESIAN_POINT('',(-1.15621921898,13.092043559968));
#139 = CARTESIAN_POINT('',(-1.151679366133,13.394325672079));
#140 = CARTESIAN_POINT('',(-1.148949972318,13.696981738895));
#141 = CARTESIAN_POINT('',(-1.148038484967,13.999975149161));
#142 = CARTESIAN_POINT('',(-1.148949675498,14.302969421584));
#143 = CARTESIAN_POINT('',(-1.151678799355,14.605627604172));
#144 = CARTESIAN_POINT('',(-1.156218425672,14.907912777391));
#145 = CARTESIAN_POINT('',(-1.16255848817,15.209700800181));
#146 = CARTESIAN_POINT('',(-1.170686413696,15.510881827506));
#147 = CARTESIAN_POINT('',(-1.180587327055,15.81133124243));
#148 = CARTESIAN_POINT('',(-1.192244311876,16.11091572496));
#149 = CARTESIAN_POINT('',(-1.205638782119,16.409490933571));
#150 = CARTESIAN_POINT('',(-1.220750733904,16.706899181371));
#151 = CARTESIAN_POINT('',(-1.237559710901,17.002977110987));
#152 = CARTESIAN_POINT('',(-1.256043348329,17.297524977742));
#153 = CARTESIAN_POINT('',(-1.276185438353,17.590425129478));
#154 = CARTESIAN_POINT('',(-1.297984075233,17.881696027613));
#155 = CARTESIAN_POINT('',(-1.32143933672,18.171284213895));
#156 = CARTESIAN_POINT('',(-1.346556785263,18.459118536042));
#157 = CARTESIAN_POINT('',(-1.37334670994,18.745093240712));
#158 = CARTESIAN_POINT('',(-1.401824575873,19.029070485229));
#159 = CARTESIAN_POINT('',(-1.432011262782,19.31087788547));
#160 = CARTESIAN_POINT('',(-1.463933378775,19.590308138121));
#161 = CARTESIAN_POINT('',(-1.497624045448,19.867117006395));
#162 = CARTESIAN_POINT('',(-1.533122454535,20.141027533928));
#163 = CARTESIAN_POINT('',(-1.558026699875,20.321484376752));
#164 = CARTESIAN_POINT('',(-1.570796326795,20.411123146532));
#165 = ( GEOMETRIC_REPRESENTATION_CONTEXT(2) 
PARAMETRIC_REPRESENTATION_CONTEXT() REPRESENTATION_CONTEXT('2D SPACE',''
  ) );
#166 = ORIENTED_EDGE('',*,*,#167,.T.);
#167 = EDGE_CURVE('',#24,#168,#170,.T.);
#168 = VERTEX_POINT('',#169);
#169 = CARTESIAN_POINT('',(-9.777003165498,-33.44003303081,12.));
#170 = SURFACE_CURVE('',#171,(#176,#182),.PCURVE_S1.);
#171 = CIRCLE('',#172,11.05);
#172 = AXIS2_PLACEMENT_3D('',#173,#174,#175);
#173 = CARTESIAN_POINT('',(-13.25,-22.95,12.));
#174 = DIRECTION('',(0.,0.,1.));
#175 = DIRECTION('',(-0.5,-0.866025403784,0.));
#176 = PCURVE('',#55,#177);
#177 = DEFINITIONAL_REPRESENTATION('',(#178),#181);
#178 = B_SPLINE_CURVE_WITH_KNOTS('',1,(#179,#180),.UNSPECIFIED.,.F.,.F.,
  (2,2),(0.618964576027,0.843316240838),.PIECEWISE_BEZIER_KNOTS.);
#179 = CARTESIAN_POINT('',(6.902149883206,13.));
#180 = CARTESIAN_POINT('',(7.126501548018,13.));
#181 = ( GEOMETRIC_REPRESENTATION_CONTEXT(2) 
PARAMETRIC_REPRESENTATION_CONTEXT() REPRESENTATION_CONTEXT('2D SPACE',''
  ) );
#182 = PCURVE('',#183,#188);
#183 = PLANE('',#184);
#184 = AXIS2_PLACEMENT_3D('',#185,#186,#187);
#185 = CARTESIAN_POINT('',(-18.37435565298,-3.825644347018,12.));
#186 = DIRECTION('',(0.,0.,1.));
#187 = DIRECTION('',(-0.5,-0.866025403784,0.));
#188 = DEFINITIONAL_REPRESENTATION('',(#189),#193);
#189 = CIRCLE('',#190,11.05);
#190 = AXIS2_PLACEMENT_2D('',#191,#192);
#191 = CARTESIAN_POINT('',(14.,14.));
#192 = DIRECTION('',(1.,0.));
#193 = ( GEOMETRIC_REPRESENTATION_CONTEXT(2) 
PARAMETRIC_REPRESENTATION_CONTEXT() REPRESENTATION_CONTEXT('2D SPACE',''
  ) );
#194 = ORIENTED_EDGE('',*,*,#195,.T.);
#195 = EDGE_CURVE('',#168,#196,#198,.T.);
#196 = VERTEX_POINT('',#197);
#197 = CARTESIAN_POINT('',(-9.732571899642,-33.42521835375,13.));
#198 = SURFACE_CURVE('',#199,(#207,#218),.PCURVE_S1.);
#199 = B_SPLINE_CURVE_WITH_KNOTS('',6,(#200,#201,#202,#203,#204,#205,
    #206),.UNSPECIFIED.,.F.,.F.,(7,7),(0.,1.),.PIECEWISE_BEZIER_KNOTS.);
#200 = CARTESIAN_POINT('',(-10.04927776038,-33.52628843899,
    5.999999999999));
#201 = CARTESIAN_POINT('',(-9.995534562078,-33.51002403291,
    7.162891604127));
#202 = CARTESIAN_POINT('',(-9.943282017411,-33.49385296407,
    8.303562801594));
#203 = CARTESIAN_POINT('',(-9.890367150161,-33.47715857427,
    9.467651803806));
#204 = CARTESIAN_POINT('',(-9.836476420984,-33.45978485028,
    10.663682073535));
#205 = CARTESIAN_POINT('',(-9.782938459828,-33.44213072251,
    11.86304791348));
#206 = CARTESIAN_POINT('',(-9.732571873062,-33.42521834482,13.0000006));
#207 = PCURVE('',#55,#208);
#208 = DEFINITIONAL_REPRESENTATION('',(#209),#217);
#209 = B_SPLINE_CURVE_WITH_KNOTS('',6,(#210,#211,#212,#213,#214,#215,
    #216),.UNSPECIFIED.,.F.,.F.,(7,7),(0.855722442941,0.999999912046),
  .PIECEWISE_BEZIER_KNOTS.);
#210 = CARTESIAN_POINT('',(7.126501548946,12.999999999507));
#211 = CARTESIAN_POINT('',(7.127218295351,13.16871893613));
#212 = CARTESIAN_POINT('',(7.127931807662,13.336831966297));
#213 = CARTESIAN_POINT('',(7.128641463536,13.504189908551));
#214 = CARTESIAN_POINT('',(7.129346576034,13.670627488897));
#215 = CARTESIAN_POINT('',(7.130046394321,13.835963339937));
#216 = CARTESIAN_POINT('',(7.130740104334,14.));
#217 = ( GEOMETRIC_REPRESENTATION_CONTEXT(2) 
PARAMETRIC_REPRESENTATION_CONTEXT() REPRESENTATION_CONTEXT('2D SPACE',''
  ) );
#218 = PCURVE('',#219,#224);
#219 = CONICAL_SURFACE('',#220,35.,2.66603483746E-02);
#220 = AXIS2_PLACEMENT_3D('',#221,#222,#223);
#221 = CARTESIAN_POINT('',(0.,0.,6.));
#222 = DIRECTION('',(-0.,-0.,-1.));
#223 = DIRECTION('',(1.,0.,-0.));
#224 = DEFINITIONAL_REPRESENTATION('',(#225),#233);
#225 = B_SPLINE_CURVE_WITH_KNOTS('',6,(#226,#227,#228,#229,#230,#231,
    #232),.UNSPECIFIED.,.F.,.F.,(7,7),(0.,1.),.PIECEWISE_BEZIER_KNOTS.);
#226 = CARTESIAN_POINT('',(-4.42116777755,5.229546883767E-13));
#227 = CARTESIAN_POINT('',(-4.422505217904,-1.162891604127));
#228 = CARTESIAN_POINT('',(-4.423805471626,-2.303562801594));
#229 = CARTESIAN_POINT('',(-4.425122155778,-3.467651803806));
#230 = CARTESIAN_POINT('',(-4.426463081135,-4.663682073535));
#231 = CARTESIAN_POINT('',(-4.427795232828,-5.86304791348));
#232 = CARTESIAN_POINT('',(-4.429048494471,-7.0000006));
#233 = ( GEOMETRIC_REPRESENTATION_CONTEXT(2) 
PARAMETRIC_REPRESENTATION_CONTEXT() REPRESENTATION_CONTEXT('2D SPACE',''
  ) );
#234 = ORIENTED_EDGE('',*,*,#235,.T.);
#235 = EDGE_CURVE('',#196,#236,#238,.T.);
#236 = VERTEX_POINT('',#237);
#237 = CARTESIAN_POINT('',(-24.08049222936,-25.14156064705,13.));
#238 = SURFACE_CURVE('',#239,(#244,#251),.PCURVE_S1.);
#239 = CIRCLE('',#240,11.05);
#240 = AXIS2_PLACEMENT_3D('',#241,#242,#243);
#241 = CARTESIAN_POINT('',(-13.25,-22.95,13.));
#242 = DIRECTION('',(0.,-0.,-1.));
#243 = DIRECTION('',(0.3183192851,-0.947983561426,0.));
#244 = PCURVE('',#55,#245);
#245 = DEFINITIONAL_REPRESENTATION('',(#246),#250);
#246 = LINE('',#247,#248);
#247 = CARTESIAN_POINT('',(7.130740104334,14.));
#248 = VECTOR('',#249,1.);
#249 = DIRECTION('',(-1.,-0.));
#250 = ( GEOMETRIC_REPRESENTATION_CONTEXT(2) 
PARAMETRIC_REPRESENTATION_CONTEXT() REPRESENTATION_CONTEXT('2D SPACE',''
  ) );
#251 = PCURVE('',#252,#257);
#252 = PLANE('',#253);
#253 = AXIS2_PLACEMENT_3D('',#254,#255,#256);
#254 = CARTESIAN_POINT('',(-13.25,-22.95,13.));
#255 = DIRECTION('',(0.,0.,1.));
#256 = DIRECTION('',(-0.5,-0.866025403784,0.));
#257 = DEFINITIONAL_REPRESENTATION('',(#258),#266);
#258 = ( BOUNDED_CURVE() B_SPLINE_CURVE(2,(#259,#260,#261,#262,#263,#264
,#265),.UNSPECIFIED.,.T.,.F.) B_SPLINE_CURVE_WITH_KNOTS((1,2,2,2,2,1),(
    -2.094395102393,0.,2.094395102393,4.188790204786,6.28318530718,
8.377580409573),.UNSPECIFIED.) CURVE() GEOMETRIC_REPRESENTATION_ITEM() 
RATIONAL_B_SPLINE_CURVE((1.,0.5,1.,0.5,1.,0.5,1.)) REPRESENTATION_ITEM(
  '') );
#259 = CARTESIAN_POINT('',(7.31309115436,8.283791267772));
#260 = CARTESIAN_POINT('',(21.661038509437,-4.382854171962));
#261 = CARTESIAN_POINT('',(3.517428100358,-10.47521835375));
#262 = CARTESIAN_POINT('',(-14.62618230872,-16.56758253554));
#263 = CARTESIAN_POINT('',(-10.83051925471,2.191427085981));
#264 = CARTESIAN_POINT('',(-7.034856200717,20.950436707507));
#265 = CARTESIAN_POINT('',(7.31309115436,8.283791267772));
#266 = ( GEOMETRIC_REPRESENTATION_CONTEXT(2) 
PARAMETRIC_REPRESENTATION_CONTEXT() REPRESENTATION_CONTEXT('2D SPACE',''
  ) );
#267 = ORIENTED_EDGE('',*,*,#268,.T.);
#268 = EDGE_CURVE('',#236,#269,#271,.T.);
#269 = VERTEX_POINT('',#270);
#270 = CARTESIAN_POINT('',(-24.07110591725,-25.18744647478,12.));
#271 = SURFACE_CURVE('',#272,(#278,#287),.PCURVE_S1.);
#272 = B_SPLINE_CURVE_WITH_KNOTS('',4,(#273,#274,#275,#276,#277),
  .UNSPECIFIED.,.F.,.F.,(5,5),(0.,1.),.PIECEWISE_BEZIER_KNOTS.);
#273 = CARTESIAN_POINT('',(-24.08049223492,-25.14156061957,13.0000006));
#274 = CARTESIAN_POINT('',(-24.06427286874,-25.2217152445,
    11.249979251637));
#275 = CARTESIAN_POINT('',(-24.04709236224,-25.30255075692,
    9.499971384968));
#276 = CARTESIAN_POINT('',(-24.02890690345,-25.3840924097,7.749977921223
    ));
#277 = CARTESIAN_POINT('',(-24.00966455484,-25.46637013718,6.));
#278 = PCURVE('',#55,#279);
#279 = DEFINITIONAL_REPRESENTATION('',(#280),#286);
#280 = B_SPLINE_CURVE_WITH_KNOTS('',4,(#281,#282,#283,#284,#285),
  .UNSPECIFIED.,.F.,.F.,(5,5),(8.571323178421E-08,0.142855723229),
  .PIECEWISE_BEZIER_KNOTS.);
#281 = CARTESIAN_POINT('',(5.435642841958,14.));
#282 = CARTESIAN_POINT('',(5.436700092157,13.749999584614));
#283 = CARTESIAN_POINT('',(5.437758926951,13.499999444359));
#284 = CARTESIAN_POINT('',(5.438819358297,13.24999958192));
#285 = CARTESIAN_POINT('',(5.439881398481,13.000000000075));
#286 = ( GEOMETRIC_REPRESENTATION_CONTEXT(2) 
PARAMETRIC_REPRESENTATION_CONTEXT() REPRESENTATION_CONTEXT('2D SPACE',''
  ) );
#287 = PCURVE('',#219,#288);
#288 = DEFINITIONAL_REPRESENTATION('',(#289),#295);
#289 = B_SPLINE_CURVE_WITH_KNOTS('',4,(#290,#291,#292,#293,#294),
  .UNSPECIFIED.,.F.,.F.,(5,5),(0.,1.),.PIECEWISE_BEZIER_KNOTS.);
#290 = CARTESIAN_POINT('',(-3.948544247035,-7.0000006));
#291 = CARTESIAN_POINT('',(-3.950473293561,-5.249979251637));
#292 = CARTESIAN_POINT('',(-3.952428911095,-3.499971384968));
#293 = CARTESIAN_POINT('',(-3.954412316274,-1.749977921223));
#294 = CARTESIAN_POINT('',(-3.956424963955,2.2759078923E-13));
#295 = ( GEOMETRIC_REPRESENTATION_CONTEXT(2) 
PARAMETRIC_REPRESENTATION_CONTEXT() REPRESENTATION_CONTEXT('2D SPACE',''
  ) );
#296 = ORIENTED_EDGE('',*,*,#297,.T.);
#297 = EDGE_CURVE('',#269,#22,#298,.T.);
#298 = SURFACE_CURVE('',#299,(#304,#310),.PCURVE_S1.);
#299 = CIRCLE('',#300,11.05);
#300 = AXIS2_PLACEMENT_3D('',#301,#302,#303);
#301 = CARTESIAN_POINT('',(-13.25,-22.95,12.));
#302 = DIRECTION('',(0.,0.,1.));
#303 = DIRECTION('',(-0.5,-0.866025403784,0.));
#304 = PCURVE('',#55,#305);
#305 = DEFINITIONAL_REPRESENTATION('',(#306),#309);
#306 = B_SPLINE_CURVE_WITH_KNOTS('',1,(#307,#308),.UNSPECIFIED.,.F.,.F.,
  (2,2),(5.439881398274,5.664220731153),.PIECEWISE_BEZIER_KNOTS.);
#307 = CARTESIAN_POINT('',(5.439881398274,13.));
#308 = CARTESIAN_POINT('',(5.664220731153,13.));
#309 = ( GEOMETRIC_REPRESENTATION_CONTEXT(2) 
PARAMETRIC_REPRESENTATION_CONTEXT() REPRESENTATION_CONTEXT('2D SPACE',''
  ) );
#310 = PCURVE('',#311,#316);
#311 = PLANE('',#312);
#312 = AXIS2_PLACEMENT_3D('',#313,#314,#315);
#313 = CARTESIAN_POINT('',(-18.37435565298,-3.825644347018,12.));
#314 = DIRECTION('',(0.,0.,1.));
#315 = DIRECTION('',(-0.5,-0.866025403784,0.));
#316 = DEFINITIONAL_REPRESENTATION('',(#317),#321);
#317 = CIRCLE('',#318,11.05);
#318 = AXIS2_PLACEMENT_2D('',#319,#320);
#319 = CARTESIAN_POINT('',(14.,14.));
#320 = DIRECTION('',(1.,0.));
#321 = ( GEOMETRIC_REPRESENTATION_CONTEXT(2) 
PARAMETRIC_REPRESENTATION_CONTEXT() REPRESENTATION_CONTEXT('2D SPACE',''
  ) );
#322 = ADVANCED_FACE('',(#323),#111,.T.);
#323 = FACE_BOUND('',#324,.F.);
#324 = EDGE_LOOP('',(#325,#354,#375,#376,#399,#428));
#325 = ORIENTED_EDGE('',*,*,#326,.F.);
#326 = EDGE_CURVE('',#327,#329,#331,.T.);
#327 = VERTEX_POINT('',#328);
#328 = CARTESIAN_POINT('',(-25.54422863406,-26.24422863406,12.));
#329 = VERTEX_POINT('',#330);
#330 = CARTESIAN_POINT('',(-28.04422863406,-30.57435565298,7.));
#331 = SURFACE_CURVE('',#332,(#337,#343),.PCURVE_S1.);
#332 = CIRCLE('',#333,5.);
#333 = AXIS2_PLACEMENT_3D('',#334,#335,#336);
#334 = CARTESIAN_POINT('',(-25.54422863406,-26.24422863406,7.));
#335 = DIRECTION('',(0.866025403784,-0.5,0.));
#336 = DIRECTION('',(-0.5,-0.866025403784,0.));
#337 = PCURVE('',#111,#338);
#338 = DEFINITIONAL_REPRESENTATION('',(#339),#342);
#339 = B_SPLINE_CURVE_WITH_KNOTS('',1,(#340,#341),.UNSPECIFIED.,.F.,.F.,
  (2,2),(4.712388980385,6.28318530718),.PIECEWISE_BEZIER_KNOTS.);
#340 = CARTESIAN_POINT('',(-1.570796326795,5.));
#341 = CARTESIAN_POINT('',(0.,5.));
#342 = ( GEOMETRIC_REPRESENTATION_CONTEXT(2) 
PARAMETRIC_REPRESENTATION_CONTEXT() REPRESENTATION_CONTEXT('2D SPACE',''
  ) );
#343 = PCURVE('',#344,#349);
#344 = SPHERICAL_SURFACE('',#345,5.);
#345 = AXIS2_PLACEMENT_3D('',#346,#347,#348);
#346 = CARTESIAN_POINT('',(-25.54422863406,-26.24422863406,7.));
#347 = DIRECTION('',(-0.,-0.,-1.));
#348 = DIRECTION('',(-0.5,-0.866025403784,0.));
#349 = DEFINITIONAL_REPRESENTATION('',(#350),#353);
#350 = B_SPLINE_CURVE_WITH_KNOTS('',1,(#351,#352),.UNSPECIFIED.,.F.,.F.,
  (2,2),(4.712388980385,6.28318530718),.PIECEWISE_BEZIER_KNOTS.);
#351 = CARTESIAN_POINT('',(0.,-1.570796326795));
#352 = CARTESIAN_POINT('',(0.,0.));
#353 = ( GEOMETRIC_REPRESENTATION_CONTEXT(2) 
PARAMETRIC_REPRESENTATION_CONTEXT() REPRESENTATION_CONTEXT('2D SPACE',''
  ) );
#354 = ORIENTED_EDGE('',*,*,#355,.T.);
#355 = EDGE_CURVE('',#327,#22,#356,.T.);
#356 = SURFACE_CURVE('',#357,(#361,#368),.PCURVE_S1.);
#357 = LINE('',#358,#359);
#358 = CARTESIAN_POINT('',(-29.87435565298,-23.74422863406,12.));
#359 = VECTOR('',#360,1.);
#360 = DIRECTION('',(0.866025403784,-0.5,0.));
#361 = PCURVE('',#111,#362);
#362 = DEFINITIONAL_REPRESENTATION('',(#363),#367);
#363 = LINE('',#364,#365);
#364 = CARTESIAN_POINT('',(-1.570796326795,0.));
#365 = VECTOR('',#366,1.);
#366 = DIRECTION('',(-0.,1.));
#367 = ( GEOMETRIC_REPRESENTATION_CONTEXT(2) 
PARAMETRIC_REPRESENTATION_CONTEXT() REPRESENTATION_CONTEXT('2D SPACE',''
  ) );
#368 = PCURVE('',#311,#369);
#369 = DEFINITIONAL_REPRESENTATION('',(#370),#374);
#370 = LINE('',#371,#372);
#371 = CARTESIAN_POINT('',(23.,0.));
#372 = VECTOR('',#373,1.);
#373 = DIRECTION('',(0.,1.));
#374 = ( GEOMETRIC_REPRESENTATION_CONTEXT(2) 
PARAMETRIC_REPRESENTATION_CONTEXT() REPRESENTATION_CONTEXT('2D SPACE',''
  ) );
#375 = ORIENTED_EDGE('',*,*,#21,.T.);
#376 = ORIENTED_EDGE('',*,*,#377,.T.);
#377 = EDGE_CURVE('',#24,#378,#380,.T.);
#378 = VERTEX_POINT('',#379);
#379 = CARTESIAN_POINT('',(-9.95577136594,-35.24422863406,12.));
#380 = SURFACE_CURVE('',#381,(#385,#392),.PCURVE_S1.);
#381 = LINE('',#382,#383);
#382 = CARTESIAN_POINT('',(-29.87435565298,-23.74422863406,12.));
#383 = VECTOR('',#384,1.);
#384 = DIRECTION('',(0.866025403784,-0.5,0.));
#385 = PCURVE('',#111,#386);
#386 = DEFINITIONAL_REPRESENTATION('',(#387),#391);
#387 = LINE('',#388,#389);
#388 = CARTESIAN_POINT('',(-1.570796326795,0.));
#389 = VECTOR('',#390,1.);
#390 = DIRECTION('',(-0.,1.));
#391 = ( GEOMETRIC_REPRESENTATION_CONTEXT(2) 
PARAMETRIC_REPRESENTATION_CONTEXT() REPRESENTATION_CONTEXT('2D SPACE',''
  ) );
#392 = PCURVE('',#183,#393);
#393 = DEFINITIONAL_REPRESENTATION('',(#394),#398);
#394 = LINE('',#395,#396);
#395 = CARTESIAN_POINT('',(23.,0.));
#396 = VECTOR('',#397,1.);
#397 = DIRECTION('',(0.,1.));
#398 = ( GEOMETRIC_REPRESENTATION_CONTEXT(2) 
PARAMETRIC_REPRESENTATION_CONTEXT() REPRESENTATION_CONTEXT('2D SPACE',''
  ) );
#399 = ORIENTED_EDGE('',*,*,#400,.F.);
#400 = EDGE_CURVE('',#401,#378,#403,.T.);
#401 = VERTEX_POINT('',#402);
#402 = CARTESIAN_POINT('',(-12.45577136594,-39.57435565298,7.));
#403 = SURFACE_CURVE('',#404,(#409,#416),.PCURVE_S1.);
#404 = CIRCLE('',#405,5.);
#405 = AXIS2_PLACEMENT_3D('',#406,#407,#408);
#406 = CARTESIAN_POINT('',(-9.95577136594,-35.24422863406,7.));
#407 = DIRECTION('',(-0.866025403784,0.5,0.));
#408 = DIRECTION('',(-0.5,-0.866025403784,0.));
#409 = PCURVE('',#111,#410);
#410 = DEFINITIONAL_REPRESENTATION('',(#411),#415);
#411 = LINE('',#412,#413);
#412 = CARTESIAN_POINT('',(-0.,23.));
#413 = VECTOR('',#414,1.);
#414 = DIRECTION('',(-1.,0.));
#415 = ( GEOMETRIC_REPRESENTATION_CONTEXT(2) 
PARAMETRIC_REPRESENTATION_CONTEXT() REPRESENTATION_CONTEXT('2D SPACE',''
  ) );
#416 = PCURVE('',#417,#422);
#417 = SPHERICAL_SURFACE('',#418,5.);
#418 = AXIS2_PLACEMENT_3D('',#419,#420,#421);
#419 = CARTESIAN_POINT('',(-9.95577136594,-35.24422863406,7.));
#420 = DIRECTION('',(-0.866025403784,0.5,-0.));
#421 = DIRECTION('',(-0.5,-0.866025403784,0.));
#422 = DEFINITIONAL_REPRESENTATION('',(#423),#427);
#423 = LINE('',#424,#425);
#424 = CARTESIAN_POINT('',(0.,0.));
#425 = VECTOR('',#426,1.);
#426 = DIRECTION('',(1.,0.));
#427 = ( GEOMETRIC_REPRESENTATION_CONTEXT(2) 
PARAMETRIC_REPRESENTATION_CONTEXT() REPRESENTATION_CONTEXT('2D SPACE',''
  ) );
#428 = ORIENTED_EDGE('',*,*,#429,.F.);
#429 = EDGE_CURVE('',#329,#401,#430,.T.);
#430 = SURFACE_CURVE('',#431,(#435,#442),.PCURVE_S1.);
#431 = LINE('',#432,#433);
#432 = CARTESIAN_POINT('',(-32.37435565298,-28.07435565298,7.));
#433 = VECTOR('',#434,1.);
#434 = DIRECTION('',(0.866025403784,-0.5,0.));
#435 = PCURVE('',#111,#436);
#436 = DEFINITIONAL_REPRESENTATION('',(#437),#441);
#437 = LINE('',#438,#439);
#438 = CARTESIAN_POINT('',(-0.,0.));
#439 = VECTOR('',#440,1.);
#440 = DIRECTION('',(-0.,1.));
#441 = ( GEOMETRIC_REPRESENTATION_CONTEXT(2) 
PARAMETRIC_REPRESENTATION_CONTEXT() REPRESENTATION_CONTEXT('2D SPACE',''
  ) );
#442 = PCURVE('',#443,#448);
#443 = PLANE('',#444);
#444 = AXIS2_PLACEMENT_3D('',#445,#446,#447);
#445 = CARTESIAN_POINT('',(-32.37435565298,-28.07435565298,0.));
#446 = DIRECTION('',(-0.5,-0.866025403784,0.));
#447 = DIRECTION('',(0.,0.,1.));
#448 = DEFINITIONAL_REPRESENTATION('',(#449),#453);
#449 = LINE('',#450,#451);
#450 = CARTESIAN_POINT('',(7.,-1.7763568394E-15));
#451 = VECTOR('',#452,1.);
#452 = DIRECTION('',(0.,-1.));
#453 = ( GEOMETRIC_REPRESENTATION_CONTEXT(2) 
PARAMETRIC_REPRESENTATION_CONTEXT() REPRESENTATION_CONTEXT('2D SPACE',''
  ) );
#454 = ADVANCED_FACE('',(#455),#311,.T.);
#455 = FACE_BOUND('',#456,.T.);
#456 = EDGE_LOOP('',(#457,#481,#507,#508));
#457 = ORIENTED_EDGE('',*,*,#458,.F.);
#458 = EDGE_CURVE('',#459,#269,#461,.T.);
#459 = VERTEX_POINT('',#460);
#460 = CARTESIAN_POINT('',(-24.62284629833,-24.64834761538,12.));
#461 = SURFACE_CURVE('',#462,(#467,#474),.PCURVE_S1.);
#462 = CIRCLE('',#463,34.84);
#463 = AXIS2_PLACEMENT_3D('',#464,#465,#466);
#464 = CARTESIAN_POINT('',(0.,0.,12.));
#465 = DIRECTION('',(0.,0.,1.));
#466 = DIRECTION('',(1.,0.,-0.));
#467 = PCURVE('',#311,#468);
#468 = DEFINITIONAL_REPRESENTATION('',(#469),#473);
#469 = CIRCLE('',#470,34.84);
#470 = AXIS2_PLACEMENT_2D('',#471,#472);
#471 = CARTESIAN_POINT('',(-12.50028301685,13.999836600144));
#472 = DIRECTION('',(-0.5,0.866025403784));
#473 = ( GEOMETRIC_REPRESENTATION_CONTEXT(2) 
PARAMETRIC_REPRESENTATION_CONTEXT() REPRESENTATION_CONTEXT('2D SPACE',''
  ) );
#474 = PCURVE('',#219,#475);
#475 = DEFINITIONAL_REPRESENTATION('',(#476),#480);
#476 = LINE('',#477,#478);
#477 = CARTESIAN_POINT('',(-0.,-6.));
#478 = VECTOR('',#479,1.);
#479 = DIRECTION('',(-1.,-0.));
#480 = ( GEOMETRIC_REPRESENTATION_CONTEXT(2) 
PARAMETRIC_REPRESENTATION_CONTEXT() REPRESENTATION_CONTEXT('2D SPACE',''
  ) );
#481 = ORIENTED_EDGE('',*,*,#482,.T.);
#482 = EDGE_CURVE('',#459,#327,#483,.T.);
#483 = SURFACE_CURVE('',#484,(#488,#495),.PCURVE_S1.);
#484 = LINE('',#485,#486);
#485 = CARTESIAN_POINT('',(-14.04422863406,-6.325644347018,12.));
#486 = VECTOR('',#487,1.);
#487 = DIRECTION('',(-0.5,-0.866025403784,0.));
#488 = PCURVE('',#311,#489);
#489 = DEFINITIONAL_REPRESENTATION('',(#490),#494);
#490 = LINE('',#491,#492);
#491 = CARTESIAN_POINT('',(0.,5.));
#492 = VECTOR('',#493,1.);
#493 = DIRECTION('',(1.,0.));
#494 = ( GEOMETRIC_REPRESENTATION_CONTEXT(2) 
PARAMETRIC_REPRESENTATION_CONTEXT() REPRESENTATION_CONTEXT('2D SPACE',''
  ) );
#495 = PCURVE('',#496,#501);
#496 = CYLINDRICAL_SURFACE('',#497,5.);
#497 = AXIS2_PLACEMENT_3D('',#498,#499,#500);
#498 = CARTESIAN_POINT('',(-14.04422863406,-6.325644347018,7.));
#499 = DIRECTION('',(-0.5,-0.866025403784,0.));
#500 = DIRECTION('',(-0.866025403784,0.5,0.));
#501 = DEFINITIONAL_REPRESENTATION('',(#502),#506);
#502 = LINE('',#503,#504);
#503 = CARTESIAN_POINT('',(-1.570796326795,0.));
#504 = VECTOR('',#505,1.);
#505 = DIRECTION('',(-0.,1.));
#506 = ( GEOMETRIC_REPRESENTATION_CONTEXT(2) 
PARAMETRIC_REPRESENTATION_CONTEXT() REPRESENTATION_CONTEXT('2D SPACE',''
  ) );
#507 = ORIENTED_EDGE('',*,*,#355,.T.);
#508 = ORIENTED_EDGE('',*,*,#297,.F.);
#509 = ADVANCED_FACE('',(#510),#219,.T.);
#510 = FACE_BOUND('',#511,.T.);
#511 = EDGE_LOOP('',(#512,#543,#566,#593,#594,#618,#658,#687,#802,#834,
    #863,#895,#1010,#1039,#1073,#1102,#1137,#1166,#1281,#1313,#1337,
    #1369,#1477,#1478,#1479,#1501,#1502,#1526,#1641,#1673,#1697,#1729,
    #1844,#1873));
#512 = ORIENTED_EDGE('',*,*,#513,.T.);
#513 = EDGE_CURVE('',#514,#516,#518,.T.);
#514 = VERTEX_POINT('',#515);
#515 = CARTESIAN_POINT('',(33.813503354298,-8.283427351446,13.));
#516 = VERTEX_POINT('',#517);
#517 = CARTESIAN_POINT('',(34.813333333333,-8.526807446863E-15,13.));
#518 = SURFACE_CURVE('',#519,(#524,#531),.PCURVE_S1.);
#519 = CIRCLE('',#520,34.813333333333);
#520 = AXIS2_PLACEMENT_3D('',#521,#522,#523);
#521 = CARTESIAN_POINT('',(0.,0.,13.));
#522 = DIRECTION('',(0.,0.,1.));
#523 = DIRECTION('',(1.,0.,-0.));
#524 = PCURVE('',#219,#525);
#525 = DEFINITIONAL_REPRESENTATION('',(#526),#530);
#526 = LINE('',#527,#528);
#527 = CARTESIAN_POINT('',(-0.,-7.));
#528 = VECTOR('',#529,1.);
#529 = DIRECTION('',(-1.,-0.));
#530 = ( GEOMETRIC_REPRESENTATION_CONTEXT(2) 
PARAMETRIC_REPRESENTATION_CONTEXT() REPRESENTATION_CONTEXT('2D SPACE',''
  ) );
#531 = PCURVE('',#532,#537);
#532 = PLANE('',#533);
#533 = AXIS2_PLACEMENT_3D('',#534,#535,#536);
#534 = CARTESIAN_POINT('',(26.5,0.,13.));
#535 = DIRECTION('',(0.,0.,1.));
#536 = DIRECTION('',(1.,0.,0.));
#537 = DEFINITIONAL_REPRESENTATION('',(#538),#542);
#538 = CIRCLE('',#539,34.813333333333);
#539 = AXIS2_PLACEMENT_2D('',#540,#541);
#540 = CARTESIAN_POINT('',(-26.5,0.));
#541 = DIRECTION('',(1.,0.));
#542 = ( GEOMETRIC_REPRESENTATION_CONTEXT(2) 
PARAMETRIC_REPRESENTATION_CONTEXT() REPRESENTATION_CONTEXT('2D SPACE',''
  ) );
#543 = ORIENTED_EDGE('',*,*,#544,.T.);
#544 = EDGE_CURVE('',#516,#545,#547,.T.);
#545 = VERTEX_POINT('',#546);
#546 = CARTESIAN_POINT('',(34.68,-8.494150198886E-15,18.));
#547 = SEAM_CURVE('',#548,(#552,#559),.PCURVE_S1.);
#548 = LINE('',#549,#550);
#549 = CARTESIAN_POINT('',(35.,-8.572527594031E-15,6.));
#550 = VECTOR('',#551,1.);
#551 = DIRECTION('',(-2.665719023898E-02,6.529128540086E-18,
    0.999644633962));
#552 = PCURVE('',#219,#553);
#553 = DEFINITIONAL_REPRESENTATION('',(#554),#558);
#554 = LINE('',#555,#556);
#555 = CARTESIAN_POINT('',(0.,-0.));
#556 = VECTOR('',#557,1.);
#557 = DIRECTION('',(-0.,-1.));
#558 = ( GEOMETRIC_REPRESENTATION_CONTEXT(2) 
PARAMETRIC_REPRESENTATION_CONTEXT() REPRESENTATION_CONTEXT('2D SPACE',''
  ) );
#559 = PCURVE('',#219,#560);
#560 = DEFINITIONAL_REPRESENTATION('',(#561),#565);
#561 = LINE('',#562,#563);
#562 = CARTESIAN_POINT('',(-6.28318530718,0.));
#563 = VECTOR('',#564,1.);
#564 = DIRECTION('',(-0.,-1.));
#565 = ( GEOMETRIC_REPRESENTATION_CONTEXT(2) 
PARAMETRIC_REPRESENTATION_CONTEXT() REPRESENTATION_CONTEXT('2D SPACE',''
  ) );
#566 = ORIENTED_EDGE('',*,*,#567,.F.);
#567 = EDGE_CURVE('',#545,#545,#568,.T.);
#568 = SURFACE_CURVE('',#569,(#574,#581),.PCURVE_S1.);
#569 = CIRCLE('',#570,34.68);
#570 = AXIS2_PLACEMENT_3D('',#571,#572,#573);
#571 = CARTESIAN_POINT('',(0.,0.,18.));
#572 = DIRECTION('',(0.,0.,1.));
#573 = DIRECTION('',(1.,0.,-0.));
#574 = PCURVE('',#219,#575);
#575 = DEFINITIONAL_REPRESENTATION('',(#576),#580);
#576 = LINE('',#577,#578);
#577 = CARTESIAN_POINT('',(-0.,-12.));
#578 = VECTOR('',#579,1.);
#579 = DIRECTION('',(-1.,-0.));
#580 = ( GEOMETRIC_REPRESENTATION_CONTEXT(2) 
PARAMETRIC_REPRESENTATION_CONTEXT() REPRESENTATION_CONTEXT('2D SPACE',''
  ) );
#581 = PCURVE('',#582,#587);
#582 = PLANE('',#583);
#583 = AXIS2_PLACEMENT_3D('',#584,#585,#586);
#584 = CARTESIAN_POINT('',(0.,0.,18.));
#585 = DIRECTION('',(0.,0.,1.));
#586 = DIRECTION('',(1.,0.,-0.));
#587 = DEFINITIONAL_REPRESENTATION('',(#588),#592);
#588 = CIRCLE('',#589,34.68);
#589 = AXIS2_PLACEMENT_2D('',#590,#591);
#590 = CARTESIAN_POINT('',(0.,0.));
#591 = DIRECTION('',(1.,0.));
#592 = ( GEOMETRIC_REPRESENTATION_CONTEXT(2) 
PARAMETRIC_REPRESENTATION_CONTEXT() REPRESENTATION_CONTEXT('2D SPACE',''
  ) );
#593 = ORIENTED_EDGE('',*,*,#544,.F.);
#594 = ORIENTED_EDGE('',*,*,#595,.T.);
#595 = EDGE_CURVE('',#516,#596,#598,.T.);
#596 = VERTEX_POINT('',#597);
#597 = CARTESIAN_POINT('',(33.813503354298,8.283427351446,13.));
#598 = SURFACE_CURVE('',#599,(#604,#611),.PCURVE_S1.);
#599 = CIRCLE('',#600,34.813333333333);
#600 = AXIS2_PLACEMENT_3D('',#601,#602,#603);
#601 = CARTESIAN_POINT('',(0.,0.,13.));
#602 = DIRECTION('',(0.,0.,1.));
#603 = DIRECTION('',(1.,0.,-0.));
#604 = PCURVE('',#219,#605);
#605 = DEFINITIONAL_REPRESENTATION('',(#606),#610);
#606 = LINE('',#607,#608);
#607 = CARTESIAN_POINT('',(-0.,-7.));
#608 = VECTOR('',#609,1.);
#609 = DIRECTION('',(-1.,-0.));
#610 = ( GEOMETRIC_REPRESENTATION_CONTEXT(2) 
PARAMETRIC_REPRESENTATION_CONTEXT() REPRESENTATION_CONTEXT('2D SPACE',''
  ) );
#611 = PCURVE('',#532,#612);
#612 = DEFINITIONAL_REPRESENTATION('',(#613),#617);
#613 = CIRCLE('',#614,34.813333333333);
#614 = AXIS2_PLACEMENT_2D('',#615,#616);
#615 = CARTESIAN_POINT('',(-26.5,0.));
#616 = DIRECTION('',(1.,0.));
#617 = ( GEOMETRIC_REPRESENTATION_CONTEXT(2) 
PARAMETRIC_REPRESENTATION_CONTEXT() REPRESENTATION_CONTEXT('2D SPACE',''
  ) );
#618 = ORIENTED_EDGE('',*,*,#619,.F.);
#619 = EDGE_CURVE('',#620,#596,#622,.T.);
#620 = VERTEX_POINT('',#621);
#621 = CARTESIAN_POINT('',(33.848549056604,8.252352801637,12.));
#622 = SURFACE_CURVE('',#623,(#631,#642),.PCURVE_S1.);
#623 = B_SPLINE_CURVE_WITH_KNOTS('',6,(#624,#625,#626,#627,#628,#629,
    #630),.UNSPECIFIED.,.F.,.F.,(7,7),(0.,1.),.PIECEWISE_BEZIER_KNOTS.);
#624 = CARTESIAN_POINT('',(34.059386792453,8.059663226344,6.));
#625 = CARTESIAN_POINT('',(34.018435079633,8.098072999597,7.16273613185)
  );
#626 = CARTESIAN_POINT('',(33.97829897406,8.135248369562,8.303551155673)
  );
#627 = CARTESIAN_POINT('',(33.937384028382,8.172730151537,9.467627664641
    ));
#628 = CARTESIAN_POINT('',(33.89540129298,8.210709960172,10.663403724314
    ));
#629 = CARTESIAN_POINT('',(33.853350516493,8.24824597778,11.862558862997
    ));
#630 = CARTESIAN_POINT('',(33.813503333278,8.283427370004,13.0000006));
#631 = PCURVE('',#219,#632);
#632 = DEFINITIONAL_REPRESENTATION('',(#633),#641);
#633 = B_SPLINE_CURVE_WITH_KNOTS('',6,(#634,#635,#636,#637,#638,#639,
    #640),.UNSPECIFIED.,.F.,.F.,(7,7),(0.,1.),.PIECEWISE_BEZIER_KNOTS.);
#634 = CARTESIAN_POINT('',(-0.232361390323,5.395104035459E-14));
#635 = CARTESIAN_POINT('',(-0.233698753864,-1.16273613185));
#636 = CARTESIAN_POINT('',(-0.23499927436,-2.303551155673));
#637 = CARTESIAN_POINT('',(-0.236316037475,-3.467627664641));
#638 = CARTESIAN_POINT('',(-0.237656776539,-4.663403724314));
#639 = CARTESIAN_POINT('',(-0.238988802674,-5.862558862997));
#640 = CARTESIAN_POINT('',(-0.240242694815,-7.0000006));
#641 = ( GEOMETRIC_REPRESENTATION_CONTEXT(2) 
PARAMETRIC_REPRESENTATION_CONTEXT() REPRESENTATION_CONTEXT('2D SPACE',''
  ) );
#642 = PCURVE('',#643,#648);
#643 = CYLINDRICAL_SURFACE('',#644,11.05);
#644 = AXIS2_PLACEMENT_3D('',#645,#646,#647);
#645 = CARTESIAN_POINT('',(26.5,0.,-1.));
#646 = DIRECTION('',(0.,0.,1.));
#647 = DIRECTION('',(1.,0.,0.));
#648 = DEFINITIONAL_REPRESENTATION('',(#649),#657);
#649 = B_SPLINE_CURVE_WITH_KNOTS('',6,(#650,#651,#652,#653,#654,#655,
    #656),.UNSPECIFIED.,.F.,.F.,(7,7),(0.855756911668,0.999999912083),
  .PIECEWISE_BEZIER_KNOTS.);
#650 = CARTESIAN_POINT('',(7.126451578517,12.999999999517));
#651 = CARTESIAN_POINT('',(7.127168253489,13.168693740023));
#652 = CARTESIAN_POINT('',(7.127881727434,13.336789365802));
#653 = CARTESIAN_POINT('',(7.128591384587,13.504139278475));
#654 = CARTESIAN_POINT('',(7.129296545295,13.670579963065));
#655 = CARTESIAN_POINT('',(7.129996466704,13.835931987144));
#656 = CARTESIAN_POINT('',(7.130690343424,14.));
#657 = ( GEOMETRIC_REPRESENTATION_CONTEXT(2) 
PARAMETRIC_REPRESENTATION_CONTEXT() REPRESENTATION_CONTEXT('2D SPACE',''
  ) );
#658 = ORIENTED_EDGE('',*,*,#659,.T.);
#659 = EDGE_CURVE('',#620,#660,#662,.T.);
#660 = VERTEX_POINT('',#661);
#661 = CARTESIAN_POINT('',(33.657474652742,9.,12.));
#662 = SURFACE_CURVE('',#663,(#668,#675),.PCURVE_S1.);
#663 = CIRCLE('',#664,34.84);
#664 = AXIS2_PLACEMENT_3D('',#665,#666,#667);
#665 = CARTESIAN_POINT('',(0.,0.,12.));
#666 = DIRECTION('',(0.,0.,1.));
#667 = DIRECTION('',(1.,0.,-0.));
#668 = PCURVE('',#219,#669);
#669 = DEFINITIONAL_REPRESENTATION('',(#670),#674);
#670 = LINE('',#671,#672);
#671 = CARTESIAN_POINT('',(-0.,-6.));
#672 = VECTOR('',#673,1.);
#673 = DIRECTION('',(-1.,-0.));
#674 = ( GEOMETRIC_REPRESENTATION_CONTEXT(2) 
PARAMETRIC_REPRESENTATION_CONTEXT() REPRESENTATION_CONTEXT('2D SPACE',''
  ) );
#675 = PCURVE('',#676,#681);
#676 = PLANE('',#677);
#677 = AXIS2_PLACEMENT_3D('',#678,#679,#680);
#678 = CARTESIAN_POINT('',(12.5,-14.,12.));
#679 = DIRECTION('',(0.,0.,1.));
#680 = DIRECTION('',(1.,0.,0.));
#681 = DEFINITIONAL_REPRESENTATION('',(#682),#686);
#682 = CIRCLE('',#683,34.84);
#683 = AXIS2_PLACEMENT_2D('',#684,#685);
#684 = CARTESIAN_POINT('',(-12.5,14.));
#685 = DIRECTION('',(1.,0.));
#686 = ( GEOMETRIC_REPRESENTATION_CONTEXT(2) 
PARAMETRIC_REPRESENTATION_CONTEXT() REPRESENTATION_CONTEXT('2D SPACE',''
  ) );
#687 = ORIENTED_EDGE('',*,*,#688,.F.);
#688 = EDGE_CURVE('',#689,#660,#691,.T.);
#689 = VERTEX_POINT('',#690);
#690 = CARTESIAN_POINT('',(32.048932032822,14.,7.));
#691 = SURFACE_CURVE('',#692,(#725,#761),.PCURVE_S1.);
#692 = B_SPLINE_CURVE_WITH_KNOTS('',7,(#693,#694,#695,#696,#697,#698,
    #699,#700,#701,#702,#703,#704,#705,#706,#707,#708,#709,#710,#711,
    #712,#713,#714,#715,#716,#717,#718,#719,#720,#721,#722,#723,#724),
  .UNSPECIFIED.,.F.,.F.,(8,6,6,6,6,8),(0.,0.401390994609,0.540808733306,
    0.709750632236,0.835060120556,1.),.UNSPECIFIED.);
#693 = CARTESIAN_POINT('',(32.048932032822,14.,7.));
#694 = CARTESIAN_POINT('',(32.037222235909,14.,7.402399252832));
#695 = CARTESIAN_POINT('',(32.042006761957,13.962218081624,
    7.805120443669));
#696 = CARTESIAN_POINT('',(32.063438804035,13.886540980326,
    8.205435017904));
#697 = CARTESIAN_POINT('',(32.101456530867,13.772613729984,
    8.600316321839));
#698 = CARTESIAN_POINT('',(32.155677098135,13.620024083002,
    8.986444150677));
#699 = CARTESIAN_POINT('',(32.225369805752,13.428392386479,
    9.360229444918));
#700 = CARTESIAN_POINT('',(32.338875104491,13.116537061453,
    9.841830434442));
#701 = CARTESIAN_POINT('',(32.369887239683,13.031349530788,
    9.963994636593));
#702 = CARTESIAN_POINT('',(32.402609072337,12.941343856653,
    10.083993746998));
#703 = CARTESIAN_POINT('',(32.436993238797,12.846497415916,
    10.201637919878));
#704 = CARTESIAN_POINT('',(32.472986285864,12.74679096721,
    10.316722651865));
#705 = CARTESIAN_POINT('',(32.51052859546,12.642209327587,
    10.429028960016));
#706 = CARTESIAN_POINT('',(32.596844404929,12.400093147688,
    10.670763214968));
#707 = CARTESIAN_POINT('',(32.646309173764,12.26027973469,
    10.798770858092));
#708 = CARTESIAN_POINT('',(32.697833857052,12.113278773825,
    10.921938383474));
#709 = CARTESIAN_POINT('',(32.751281359408,11.95909889062,
    11.039800256063));
#710 = CARTESIAN_POINT('',(32.806491692559,11.797791926998,
    11.151841275623));
#711 = CARTESIAN_POINT('',(32.863281419106,11.629464495797,
    11.257504340886));
#712 = CARTESIAN_POINT('',(32.964583430668,11.324356790321,
    11.429402544768));
#713 = CARTESIAN_POINT('',(33.008476081355,11.19066434142,
    11.498768226031));
#714 = CARTESIAN_POINT('',(33.053034245366,11.05329115923,
    11.564051578573));
#715 = CARTESIAN_POINT('',(33.098160045586,10.912348061272,
    11.624992553475));
#716 = CARTESIAN_POINT('',(33.143744971053,10.767984342676,
    11.681322633511));
#717 = CARTESIAN_POINT('',(33.189670317226,10.620394406892,
    11.732772734842));
#718 = CARTESIAN_POINT('',(33.296536325201,10.271635099593,
    11.840034973478));
#719 = CARTESIAN_POINT('',(33.357644699399,10.068242416571,
    11.892093546955));
#720 = CARTESIAN_POINT('',(33.418819190794,9.860274176552,
    11.934633136835));
#721 = CARTESIAN_POINT('',(33.479728892351,9.648486787149,
    11.967091050269));
#722 = CARTESIAN_POINT('',(33.540034216244,9.43377784554,11.988991797649
    ));
#723 = CARTESIAN_POINT('',(33.59939451459,9.217203419743,12.));
#724 = CARTESIAN_POINT('',(33.657474652742,9.,12.));
#725 = PCURVE('',#219,#726);
#726 = DEFINITIONAL_REPRESENTATION('',(#727),#760);
#727 = B_SPLINE_CURVE_WITH_KNOTS('',7,(#728,#729,#730,#731,#732,#733,
    #734,#735,#736,#737,#738,#739,#740,#741,#742,#743,#744,#745,#746,
    #747,#748,#749,#750,#751,#752,#753,#754,#755,#756,#757,#758,#759),
  .UNSPECIFIED.,.F.,.F.,(8,6,6,6,6,8),(0.,0.401390994609,0.540808733306,
    0.709750632236,0.835060120556,1.),.UNSPECIFIED.);
#728 = CARTESIAN_POINT('',(-0.411849646286,-1.));
#729 = CARTESIAN_POINT('',(-0.411983676695,-1.402399252832));
#730 = CARTESIAN_POINT('',(-0.410939035648,-1.805120443669));
#731 = CARTESIAN_POINT('',(-0.408709482556,-2.205435017904));
#732 = CARTESIAN_POINT('',(-0.405284888049,-2.600316321839));
#733 = CARTESIAN_POINT('',(-0.400657355802,-2.986444150678));
#734 = CARTESIAN_POINT('',(-0.394823700169,-3.360229444918));
#735 = CARTESIAN_POINT('',(-0.385321910218,-3.841830434442));
#736 = CARTESIAN_POINT('',(-0.382725752997,-3.963994636593));
#737 = CARTESIAN_POINT('',(-0.379982660897,-4.083993746998));
#738 = CARTESIAN_POINT('',(-0.377092472329,-4.201637919878));
#739 = CARTESIAN_POINT('',(-0.374055170448,-4.316722651865));
#740 = CARTESIAN_POINT('',(-0.370870898748,-4.429028960016));
#741 = CARTESIAN_POINT('',(-0.36350367316,-4.670763214968));
#742 = CARTESIAN_POINT('',(-0.3592523203,-4.798770858092));
#743 = CARTESIAN_POINT('',(-0.354786343769,-4.921938383474));
#744 = CARTESIAN_POINT('',(-0.350107210909,-5.039800256063));
#745 = CARTESIAN_POINT('',(-0.345217740859,-5.151841275623));
#746 = CARTESIAN_POINT('',(-0.340122414701,-5.257504340886));
#747 = CARTESIAN_POINT('',(-0.330900419528,-5.429402544768));
#748 = CARTESIAN_POINT('',(-0.326863677265,-5.498768226031));
#749 = CARTESIAN_POINT('',(-0.322720341565,-5.564051578573));
#750 = CARTESIAN_POINT('',(-0.31847424602,-5.624992553475));
#751 = CARTESIAN_POINT('',(-0.314130353323,-5.681322633511));
#752 = CARTESIAN_POINT('',(-0.309694933501,-5.732772734842));
#753 = CARTESIAN_POINT('',(-0.299227310891,-5.840034973478));
#754 = CARTESIAN_POINT('',(-0.293132532441,-5.892093546955));
#755 = CARTESIAN_POINT('',(-0.286911093029,-5.934633136835));
#756 = CARTESIAN_POINT('',(-0.280586310358,-5.967091050269));
#757 = CARTESIAN_POINT('',(-0.274185420341,-5.988991797649));
#758 = CARTESIAN_POINT('',(-0.267740020801,-6.));
#759 = CARTESIAN_POINT('',(-0.261286672117,-6.));
#760 = ( GEOMETRIC_REPRESENTATION_CONTEXT(2) 
PARAMETRIC_REPRESENTATION_CONTEXT() REPRESENTATION_CONTEXT('2D SPACE',''
  ) );
#761 = PCURVE('',#762,#767);
#762 = CYLINDRICAL_SURFACE('',#763,5.);
#763 = AXIS2_PLACEMENT_3D('',#764,#765,#766);
#764 = CARTESIAN_POINT('',(12.5,9.,7.));
#765 = DIRECTION('',(1.,0.,0.));
#766 = DIRECTION('',(-0.,1.,0.));
#767 = DEFINITIONAL_REPRESENTATION('',(#768),#801);
#768 = B_SPLINE_CURVE_WITH_KNOTS('',7,(#769,#770,#771,#772,#773,#774,
    #775,#776,#777,#778,#779,#780,#781,#782,#783,#784,#785,#786,#787,
    #788,#789,#790,#791,#792,#793,#794,#795,#796,#797,#798,#799,#800),
  .UNSPECIFIED.,.F.,.F.,(8,6,6,6,6,8),(0.,0.401390994609,0.540808733306,
    0.709750632236,0.835060120556,1.),.UNSPECIFIED.);
#769 = CARTESIAN_POINT('',(0.,19.548932032822));
#770 = CARTESIAN_POINT('',(8.047985056638E-02,19.537222235909));
#771 = CARTESIAN_POINT('',(0.161023996955,19.542006761957));
#772 = CARTESIAN_POINT('',(0.241938767487,19.563438804035));
#773 = CARTESIAN_POINT('',(0.323474325368,19.601456530867));
#774 = CARTESIAN_POINT('',(0.405892674131,19.655677098135));
#775 = CARTESIAN_POINT('',(0.489474501679,19.725369805752));
#776 = CARTESIAN_POINT('',(0.604225232719,19.838875104491));
#777 = CARTESIAN_POINT('',(0.633994305489,19.869887239683));
#778 = CARTESIAN_POINT('',(0.66396596994,19.902609072337));
#779 = CARTESIAN_POINT('',(0.694155486794,19.936993238797));
#780 = CARTESIAN_POINT('',(0.724578177435,19.972986285864));
#781 = CARTESIAN_POINT('',(0.755249897136,20.01052859546));
#782 = CARTESIAN_POINT('',(0.823676703166,20.096844404929));
#783 = CARTESIAN_POINT('',(0.861553672638,20.146309173764));
#784 = CARTESIAN_POINT('',(0.899849888677,20.197833857052));
#785 = CARTESIAN_POINT('',(0.938592630683,20.251281359408));
#786 = CARTESIAN_POINT('',(0.97780556795,20.306491692559));
#787 = CARTESIAN_POINT('',(1.01750934213,20.363281419106));
#788 = CARTESIAN_POINT('',(1.08754924631,20.464583430668));
#789 = CARTESIAN_POINT('',(1.117654662268,20.508476081355));
#790 = CARTESIAN_POINT('',(1.148043887963,20.553034245366));
#791 = CARTESIAN_POINT('',(1.178719256201,20.598160045586));
#792 = CARTESIAN_POINT('',(1.209679264997,20.643744971053));
#793 = CARTESIAN_POINT('',(1.240917900381,20.689670317226));
#794 = CARTESIAN_POINT('',(1.313894127268,20.796536325201));
#795 = CARTESIAN_POINT('',(1.355835977445,20.857644699399));
#796 = CARTESIAN_POINT('',(1.398209491443,20.918819190794));
#797 = CARTESIAN_POINT('',(1.440964998323,20.979728892351));
#798 = CARTESIAN_POINT('',(1.484040786123,21.040034216244));
#799 = CARTESIAN_POINT('',(1.527355642846,21.09939451459));
#800 = CARTESIAN_POINT('',(1.570796326795,21.157474652742));
#801 = ( GEOMETRIC_REPRESENTATION_CONTEXT(2) 
PARAMETRIC_REPRESENTATION_CONTEXT() REPRESENTATION_CONTEXT('2D SPACE',''
  ) );
#802 = ORIENTED_EDGE('',*,*,#803,.F.);
#803 = EDGE_CURVE('',#804,#689,#806,.T.);
#804 = VERTEX_POINT('',#805);
#805 = CARTESIAN_POINT('',(32.078029864691,14.,6.));
#806 = SURFACE_CURVE('',#807,(#812,#822),.PCURVE_S1.);
#807 = HYPERBOLA('',#808,525.,14.);
#808 = AXIS2_PLACEMENT_3D('',#809,#810,#811);
#809 = CARTESIAN_POINT('',(0.,14.,1.3185E+03));
#810 = DIRECTION('',(0.,1.,0.));
#811 = DIRECTION('',(0.,0.,-1.));
#812 = PCURVE('',#219,#813);
#813 = DEFINITIONAL_REPRESENTATION('',(#814),#821);
#814 = B_SPLINE_CURVE_WITH_KNOTS('',5,(#815,#816,#817,#818,#819,#820),
  .UNSPECIFIED.,.F.,.F.,(6,6),(-1.566799236972,-1.565801126154),
  .PIECEWISE_BEZIER_KNOTS.);
#815 = CARTESIAN_POINT('',(-0.411516846067,-2.274014458113E-13));
#816 = CARTESIAN_POINT('',(-0.411596694933,-0.240130714698));
#817 = CARTESIAN_POINT('',(-0.411676562059,-0.480196052118));
#818 = CARTESIAN_POINT('',(-0.411756447452,-0.720196032192));
#819 = CARTESIAN_POINT('',(-0.411836351114,-0.960130674849));
#820 = CARTESIAN_POINT('',(-0.411916273051,-1.2));
#821 = ( GEOMETRIC_REPRESENTATION_CONTEXT(2) 
PARAMETRIC_REPRESENTATION_CONTEXT() REPRESENTATION_CONTEXT('2D SPACE',''
  ) );
#822 = PCURVE('',#823,#828);
#823 = PLANE('',#824);
#824 = AXIS2_PLACEMENT_3D('',#825,#826,#827);
#825 = CARTESIAN_POINT('',(12.5,14.,0.));
#826 = DIRECTION('',(0.,1.,0.));
#827 = DIRECTION('',(0.,0.,1.));
#828 = DEFINITIONAL_REPRESENTATION('',(#829),#833);
#829 = ( BOUNDED_CURVE() B_SPLINE_CURVE(2,(#830,#831,#832),
.UNSPECIFIED.,.F.,.F.) B_SPLINE_CURVE_WITH_KNOTS((3,3),(-1.566799236972,
-1.565801126154),.PIECEWISE_BEZIER_KNOTS.) CURVE() 
GEOMETRIC_REPRESENTATION_ITEM() RATIONAL_B_SPLINE_CURVE((1.,
1.000000124528,1.)) REPRESENTATION_ITEM('') );
#830 = CARTESIAN_POINT('',(6.,19.578029864691));
#831 = CARTESIAN_POINT('',(6.600326736992,19.56056292683));
#832 = CARTESIAN_POINT('',(7.2,19.543111958735));
#833 = ( GEOMETRIC_REPRESENTATION_CONTEXT(2) 
PARAMETRIC_REPRESENTATION_CONTEXT() REPRESENTATION_CONTEXT('2D SPACE',''
  ) );
#834 = ORIENTED_EDGE('',*,*,#835,.T.);
#835 = EDGE_CURVE('',#804,#836,#838,.T.);
#836 = VERTEX_POINT('',#837);
#837 = CARTESIAN_POINT('',(-3.914482113917,34.780408706337,6.));
#838 = SURFACE_CURVE('',#839,(#844,#851),.PCURVE_S1.);
#839 = CIRCLE('',#840,35.);
#840 = AXIS2_PLACEMENT_3D('',#841,#842,#843);
#841 = CARTESIAN_POINT('',(0.,0.,6.));
#842 = DIRECTION('',(0.,0.,1.));
#843 = DIRECTION('',(1.,0.,-0.));
#844 = PCURVE('',#219,#845);
#845 = DEFINITIONAL_REPRESENTATION('',(#846),#850);
#846 = LINE('',#847,#848);
#847 = CARTESIAN_POINT('',(-0.,-0.));
#848 = VECTOR('',#849,1.);
#849 = DIRECTION('',(-1.,-0.));
#850 = ( GEOMETRIC_REPRESENTATION_CONTEXT(2) 
PARAMETRIC_REPRESENTATION_CONTEXT() REPRESENTATION_CONTEXT('2D SPACE',''
  ) );
#851 = PCURVE('',#852,#857);
#852 = PLANE('',#853);
#853 = AXIS2_PLACEMENT_3D('',#854,#855,#856);
#854 = CARTESIAN_POINT('',(0.,0.,6.));
#855 = DIRECTION('',(0.,0.,1.));
#856 = DIRECTION('',(1.,0.,-0.));
#857 = DEFINITIONAL_REPRESENTATION('',(#858),#862);
#858 = CIRCLE('',#859,35.);
#859 = AXIS2_PLACEMENT_2D('',#860,#861);
#860 = CARTESIAN_POINT('',(0.,0.));
#861 = DIRECTION('',(1.,0.));
#862 = ( GEOMETRIC_REPRESENTATION_CONTEXT(2) 
PARAMETRIC_REPRESENTATION_CONTEXT() REPRESENTATION_CONTEXT('2D SPACE',''
  ) );
#863 = ORIENTED_EDGE('',*,*,#864,.T.);
#864 = EDGE_CURVE('',#836,#865,#867,.T.);
#865 = VERTEX_POINT('',#866);
#866 = CARTESIAN_POINT('',(-3.899933165609,34.75520918867,7.));
#867 = SURFACE_CURVE('',#868,(#873,#883),.PCURVE_S1.);
#868 = HYPERBOLA('',#869,525.0061274946,14.000163399856);
#869 = AXIS2_PLACEMENT_3D('',#870,#871,#872);
#870 = CARTESIAN_POINT('',(12.124497161409,7.000081699928,1.3185E+03));
#871 = DIRECTION('',(-0.866025403784,-0.5,0.));
#872 = DIRECTION('',(-0.,0.,-1.));
#873 = PCURVE('',#219,#874);
#874 = DEFINITIONAL_REPRESENTATION('',(#875),#882);
#875 = B_SPLINE_CURVE_WITH_KNOTS('',5,(#876,#877,#878,#879,#880,#881),
  .UNSPECIFIED.,.F.,.F.,(6,6),(-1.566786502471,-1.565788389432),
  .PIECEWISE_BEZIER_KNOTS.);
#876 = CARTESIAN_POINT('',(-1.682873162495,0.));
#877 = CARTESIAN_POINT('',(-1.68279331252,-0.24013071528));
#878 = CARTESIAN_POINT('',(-1.682713444284,-0.480196052993));
#879 = CARTESIAN_POINT('',(-1.682633557782,-0.720196033065));
#880 = CARTESIAN_POINT('',(-1.682553653009,-0.960130675431));
#881 = CARTESIAN_POINT('',(-1.682473729961,-1.2));
#882 = ( GEOMETRIC_REPRESENTATION_CONTEXT(2) 
PARAMETRIC_REPRESENTATION_CONTEXT() REPRESENTATION_CONTEXT('2D SPACE',''
  ) );
#883 = PCURVE('',#884,#889);
#884 = PLANE('',#885);
#885 = AXIS2_PLACEMENT_3D('',#886,#887,#888);
#886 = CARTESIAN_POINT('',(5.874355652982,17.825644347018,0.));
#887 = DIRECTION('',(-0.866025403784,-0.5,0.));
#888 = DIRECTION('',(0.,0.,1.));
#889 = DEFINITIONAL_REPRESENTATION('',(#890),#894);
#890 = ( BOUNDED_CURVE() B_SPLINE_CURVE(2,(#891,#892,#893),
.UNSPECIFIED.,.F.,.F.) B_SPLINE_CURVE_WITH_KNOTS((3,3),(-1.566786502471,
-1.565788389432),.PIECEWISE_BEZIER_KNOTS.) CURVE() 
GEOMETRIC_REPRESENTATION_ITEM() RATIONAL_B_SPLINE_CURVE((1.,
1.000000124529,1.)) REPRESENTATION_ITEM('') );
#891 = CARTESIAN_POINT('',(6.,19.577675533799));
#892 = CARTESIAN_POINT('',(6.600326738441,19.560208557064));
#893 = CARTESIAN_POINT('',(7.2,19.54275755013));
#894 = ( GEOMETRIC_REPRESENTATION_CONTEXT(2) 
PARAMETRIC_REPRESENTATION_CONTEXT() REPRESENTATION_CONTEXT('2D SPACE',''
  ) );
#895 = ORIENTED_EDGE('',*,*,#896,.T.);
#896 = EDGE_CURVE('',#865,#897,#899,.T.);
#897 = VERTEX_POINT('',#898);
#898 = CARTESIAN_POINT('',(-9.034345337133,33.648271936749,12.));
#899 = SURFACE_CURVE('',#900,(#933,#969),.PCURVE_S1.);
#900 = B_SPLINE_CURVE_WITH_KNOTS('',7,(#901,#902,#903,#904,#905,#906,
    #907,#908,#909,#910,#911,#912,#913,#914,#915,#916,#917,#918,#919,
    #920,#921,#922,#923,#924,#925,#926,#927,#928,#929,#930,#931,#932),
  .UNSPECIFIED.,.F.,.F.,(8,6,6,6,6,8),(0.,0.401390618851,0.540808329374,
    0.709750300968,0.835059914031,1.),.UNSPECIFIED.);
#901 = CARTESIAN_POINT('',(-3.899933165609,34.75520918867,7.));
#902 = CARTESIAN_POINT('',(-3.894078252879,34.745068182348,7.40239933761
    ));
#903 = CARTESIAN_POINT('',(-3.929190734523,34.730320915907,
    7.805120625468));
#904 = CARTESIAN_POINT('',(-4.005445302562,34.711043427653,
    8.205435277253));
#905 = CARTESIAN_POINT('',(-4.123118438468,34.687004689374,
    8.600316615038));
#906 = CARTESIAN_POINT('',(-4.2823757118,34.657667025816,8.986444417255)
  );
#907 = CARTESIAN_POINT('',(-4.483180527556,34.622207806756,
    9.360229614131));
#908 = CARTESIAN_POINT('',(-4.810008623642,34.5645802017,9.841830466804)
  );
#909 = CARTESIAN_POINT('',(-4.899289521656,34.548844157855,
    9.963994690326));
#910 = CARTESIAN_POINT('',(-4.993597910393,34.532179707858,
    10.083993810936));
#911 = CARTESIAN_POINT('',(-5.092929698206,34.514534522164,
    10.201637982985));
#912 = CARTESIAN_POINT('',(-5.197274819931,34.495852688431,
    10.316722703523));
#913 = CARTESIAN_POINT('',(-5.306616613227,34.476074984602,
    10.42902899031));
#914 = CARTESIAN_POINT('',(-5.559453989052,34.429769772282,
    10.670763261987));
#915 = CARTESIAN_POINT('',(-5.705268776614,34.402701493342,
    10.798770933577));
#916 = CARTESIAN_POINT('',(-5.858338124364,34.373823413242,
    10.921938469738));
#917 = CARTESIAN_POINT('',(-6.018586010927,34.343021116777,
    11.039800337213));
#918 = CARTESIAN_POINT('',(-6.185887542329,34.310181970948,
    11.151841338384));
#919 = CARTESIAN_POINT('',(-6.360058667528,34.275200420437,
    11.257504375295));
#920 = CARTESIAN_POINT('',(-6.674941507818,34.210378153126,
    11.429402560632));
#921 = CARTESIAN_POINT('',(-6.812669278518,34.181544713338,
    11.498768250151));
#922 = CARTESIAN_POINT('',(-6.953917412994,34.151447275056,
    11.564051604568));
#923 = CARTESIAN_POINT('',(-7.098541001197,34.120056482413,
    11.624992576425));
#924 = CARTESIAN_POINT('',(-7.246356493912,34.087353008926,
    11.681322650071));
#925 = CARTESIAN_POINT('',(-7.397136180595,34.05333125408,
    11.732772743255));
#926 = CARTESIAN_POINT('',(-7.752604531843,33.971501909324,
    11.840034978047));
#927 = CARTESIAN_POINT('',(-7.959302497178,33.922727915441,
    11.892093550814));
#928 = CARTESIAN_POINT('',(-8.169996069926,33.871723419742,
    11.934633138129));
#929 = CARTESIAN_POINT('',(-8.3838647306,33.818580047523,11.967091049529
    ));
#930 = CARTESIAN_POINT('',(-8.599961345971,33.763452500249,
    11.988991796594));
#931 = CARTESIAN_POINT('',(-8.817201013414,33.706573795821,12.));
#932 = CARTESIAN_POINT('',(-9.034345337133,33.648271936749,12.));
#933 = PCURVE('',#219,#934);
#934 = DEFINITIONAL_REPRESENTATION('',(#935),#968);
#935 = B_SPLINE_CURVE_WITH_KNOTS('',7,(#936,#937,#938,#939,#940,#941,
    #942,#943,#944,#945,#946,#947,#948,#949,#950,#951,#952,#953,#954,
    #955,#956,#957,#958,#959,#960,#961,#962,#963,#964,#965,#966,#967),
  .UNSPECIFIED.,.F.,.F.,(8,6,6,6,6,8),(0.,0.401390618851,0.540808329374,
    0.709750300968,0.835059914031,1.),.UNSPECIFIED.);
#936 = CARTESIAN_POINT('',(-1.682540357653,-1.));
#937 = CARTESIAN_POINT('',(-1.682406325352,-1.40239933761));
#938 = CARTESIAN_POINT('',(-1.683450967623,-1.805120625468));
#939 = CARTESIAN_POINT('',(-1.685680525226,-2.205435277253));
#940 = CARTESIAN_POINT('',(-1.68910512714,-2.600316615038));
#941 = CARTESIAN_POINT('',(-1.693732668898,-2.986444417255));
#942 = CARTESIAN_POINT('',(-1.699566335057,-3.360229614131));
#943 = CARTESIAN_POINT('',(-1.709068140075,-3.841830466804));
#944 = CARTESIAN_POINT('',(-1.711664302659,-3.963994690326));
#945 = CARTESIAN_POINT('',(-1.714407400204,-4.083993810936));
#946 = CARTESIAN_POINT('',(-1.717297594233,-4.201637982985));
#947 = CARTESIAN_POINT('',(-1.720334901523,-4.316722703523));
#948 = CARTESIAN_POINT('',(-1.723519178511,-4.42902899031));
#949 = CARTESIAN_POINT('',(-1.730886417921,-4.670763261987));
#950 = CARTESIAN_POINT('',(-1.735137779502,-4.798770933577));
#951 = CARTESIAN_POINT('',(-1.739603764618,-4.921938469738));
#952 = CARTESIAN_POINT('',(-1.744282905803,-5.039800337213));
#953 = CARTESIAN_POINT('',(-1.749172383804,-5.151841338384));
#954 = CARTESIAN_POINT('',(-1.754267717439,-5.257504375295));
#955 = CARTESIAN_POINT('',(-1.76348972689,-5.429402560632));
#956 = CARTESIAN_POINT('',(-1.76752647633,-5.498768250151));
#957 = CARTESIAN_POINT('',(-1.771669818996,-5.564051604568));
#958 = CARTESIAN_POINT('',(-1.775915921271,-5.624992576425));
#959 = CARTESIAN_POINT('',(-1.780259820449,-5.681322650071));
#960 = CARTESIAN_POINT('',(-1.784695246505,-5.732772743255));
#961 = CARTESIAN_POINT('',(-1.795162884547,-5.840034978047));
#962 = CARTESIAN_POINT('',(-1.801257672082,-5.892093550814));
#963 = CARTESIAN_POINT('',(-1.807479120292,-5.934633138129));
#964 = CARTESIAN_POINT('',(-1.813803911556,-5.967091049529));
#965 = CARTESIAN_POINT('',(-1.820204810064,-5.988991796594));
#966 = CARTESIAN_POINT('',(-1.826650218116,-6.));
#967 = CARTESIAN_POINT('',(-1.833103575486,-6.));
#968 = ( GEOMETRIC_REPRESENTATION_CONTEXT(2) 
PARAMETRIC_REPRESENTATION_CONTEXT() REPRESENTATION_CONTEXT('2D SPACE',''
  ) );
#969 = PCURVE('',#970,#975);
#970 = CYLINDRICAL_SURFACE('',#971,5.);
#971 = AXIS2_PLACEMENT_3D('',#972,#973,#974);
#972 = CARTESIAN_POINT('',(1.54422863406,15.325644347018,7.));
#973 = DIRECTION('',(-0.5,0.866025403784,0.));
#974 = DIRECTION('',(0.866025403784,0.5,-0.));
#975 = DEFINITIONAL_REPRESENTATION('',(#976),#1009);
#976 = B_SPLINE_CURVE_WITH_KNOTS('',7,(#977,#978,#979,#980,#981,#982,
    #983,#984,#985,#986,#987,#988,#989,#990,#991,#992,#993,#994,#995,
    #996,#997,#998,#999,#1000,#1001,#1002,#1003,#1004,#1005,#1006,#1007,
    #1008),.UNSPECIFIED.,.F.,.F.,(8,6,6,6,6,8),(0.,0.401390618851,
    0.540808329374,0.709750300968,0.835059914031,1.),.UNSPECIFIED.);
#977 = CARTESIAN_POINT('',(0.,19.548577637182));
#978 = CARTESIAN_POINT('',(-8.047986752207E-02,19.536867811722));
#979 = CARTESIAN_POINT('',(-0.161024033318,19.54165254517));
#980 = CARTESIAN_POINT('',(-0.241938819885,19.563085034641));
#981 = CARTESIAN_POINT('',(-0.323474386415,19.601103444569));
#982 = CARTESIAN_POINT('',(-0.405892732464,19.655324919306));
#983 = CARTESIAN_POINT('',(-0.489474541997,19.72501874268));
#984 = CARTESIAN_POINT('',(-0.60422524043,19.838525820785));
#985 = CARTESIAN_POINT('',(-0.633994318637,19.869538456067));
#986 = CARTESIAN_POINT('',(-0.663965986062,19.902260813398));
#987 = CARTESIAN_POINT('',(-0.694155503256,19.93664552824));
#988 = CARTESIAN_POINT('',(-0.724578191438,19.972639146499));
#989 = CARTESIAN_POINT('',(-0.755249905711,20.010182049203));
#990 = CARTESIAN_POINT('',(-0.823676716476,20.096499246919));
#991 = CARTESIAN_POINT('',(-0.861553695171,20.145964823501));
#992 = CARTESIAN_POINT('',(-0.899849916063,20.197490346397));
#993 = CARTESIAN_POINT('',(-0.938592658349,20.250938718445));
#994 = CARTESIAN_POINT('',(-0.977805591185,20.306149949619));
#995 = CARTESIAN_POINT('',(-1.01750935615,20.362940600812));
#996 = CARTESIAN_POINT('',(-1.087549252774,20.464244290736));
#997 = CARTESIAN_POINT('',(-1.117654672892,20.508137684751));
#998 = CARTESIAN_POINT('',(-1.148043900481,20.552696605848));
#999 = CARTESIAN_POINT('',(-1.17871926843,20.597823176075));
#1000 = CARTESIAN_POINT('',(-1.209679274892,20.643408883601));
#1001 = CARTESIAN_POINT('',(-1.240917906106,20.689335022964));
#1002 = CARTESIAN_POINT('',(-1.313894130377,20.796202907255));
#1003 = CARTESIAN_POINT('',(-1.355835981049,20.857312372175));
#1004 = CARTESIAN_POINT('',(-1.398209493822,20.918487969567));
#1005 = CARTESIAN_POINT('',(-1.440964998671,20.97939878952));
#1006 = CARTESIAN_POINT('',(-1.484040784612,21.039705240818));
#1007 = CARTESIAN_POINT('',(-1.527355640762,21.09906667157));
#1008 = CARTESIAN_POINT('',(-1.570796326795,21.157147942385));
#1009 = ( GEOMETRIC_REPRESENTATION_CONTEXT(2) 
PARAMETRIC_REPRESENTATION_CONTEXT() REPRESENTATION_CONTEXT('2D SPACE',''
  ) );
#1010 = ORIENTED_EDGE('',*,*,#1011,.T.);
#1011 = EDGE_CURVE('',#897,#1012,#1014,.T.);
#1012 = VERTEX_POINT('',#1013);
#1013 = CARTESIAN_POINT('',(-9.777003165498,33.440033030813,12.));
#1014 = SURFACE_CURVE('',#1015,(#1020,#1027),.PCURVE_S1.);
#1015 = CIRCLE('',#1016,34.84);
#1016 = AXIS2_PLACEMENT_3D('',#1017,#1018,#1019);
#1017 = CARTESIAN_POINT('',(0.,0.,12.));
#1018 = DIRECTION('',(0.,0.,1.));
#1019 = DIRECTION('',(1.,0.,-0.));
#1020 = PCURVE('',#219,#1021);
#1021 = DEFINITIONAL_REPRESENTATION('',(#1022),#1026);
#1022 = LINE('',#1023,#1024);
#1023 = CARTESIAN_POINT('',(-0.,-6.));
#1024 = VECTOR('',#1025,1.);
#1025 = DIRECTION('',(-1.,-0.));
#1026 = ( GEOMETRIC_REPRESENTATION_CONTEXT(2) 
PARAMETRIC_REPRESENTATION_CONTEXT() REPRESENTATION_CONTEXT('2D SPACE',''
  ) );
#1027 = PCURVE('',#1028,#1033);
#1028 = PLANE('',#1029);
#1029 = AXIS2_PLACEMENT_3D('',#1030,#1031,#1032);
#1030 = CARTESIAN_POINT('',(5.874355652982,17.825644347018,12.));
#1031 = DIRECTION('',(0.,0.,1.));
#1032 = DIRECTION('',(-0.5,0.866025403784,0.));
#1033 = DEFINITIONAL_REPRESENTATION('',(#1034),#1038);
#1034 = CIRCLE('',#1035,34.84);
#1035 = AXIS2_PLACEMENT_2D('',#1036,#1037);
#1036 = CARTESIAN_POINT('',(-12.50028301685,14.000163399856));
#1037 = DIRECTION('',(-0.5,-0.866025403784));
#1038 = ( GEOMETRIC_REPRESENTATION_CONTEXT(2) 
PARAMETRIC_REPRESENTATION_CONTEXT() REPRESENTATION_CONTEXT('2D SPACE',''
  ) );
#1039 = ORIENTED_EDGE('',*,*,#1040,.F.);
#1040 = EDGE_CURVE('',#1041,#1012,#1043,.T.);
#1041 = VERTEX_POINT('',#1042);
#1042 = CARTESIAN_POINT('',(-9.732571899642,33.425218353753,13.));
#1043 = SURFACE_CURVE('',#1044,(#1050,#1059),.PCURVE_S1.);
#1044 = B_SPLINE_CURVE_WITH_KNOTS('',4,(#1045,#1046,#1047,#1048,#1049),
  .UNSPECIFIED.,.F.,.F.,(5,5),(0.,1.),.PIECEWISE_BEZIER_KNOTS.);
#1045 = CARTESIAN_POINT('',(-9.732571873062,33.425218344828,13.0000006)
  );
#1046 = CARTESIAN_POINT('',(-9.810097176559,33.451250230188,
    11.249979251637));
#1047 = CARTESIAN_POINT('',(-9.88869272214,33.47679020056,9.499971384968
    ));
#1048 = CARTESIAN_POINT('',(-9.968402285733,33.501812940634,
    7.749977921223));
#1049 = CARTESIAN_POINT('',(-10.04927776038,33.526288438995,6.));
#1050 = PCURVE('',#219,#1051);
#1051 = DEFINITIONAL_REPRESENTATION('',(#1052),#1058);
#1052 = B_SPLINE_CURVE_WITH_KNOTS('',4,(#1053,#1054,#1055,#1056,#1057),
  .UNSPECIFIED.,.F.,.F.,(5,5),(0.,1.),.PIECEWISE_BEZIER_KNOTS.);
#1053 = CARTESIAN_POINT('',(-1.854136812709,-7.0000006));
#1054 = CARTESIAN_POINT('',(-1.856065859235,-5.249979251637));
#1055 = CARTESIAN_POINT('',(-1.858021476769,-3.499971384968));
#1056 = CARTESIAN_POINT('',(-1.860004881948,-1.749977921223));
#1057 = CARTESIAN_POINT('',(-1.862017529629,2.2759078923E-13));
#1058 = ( GEOMETRIC_REPRESENTATION_CONTEXT(2) 
PARAMETRIC_REPRESENTATION_CONTEXT() REPRESENTATION_CONTEXT('2D SPACE',''
  ) );
#1059 = PCURVE('',#1060,#1065);
#1060 = CYLINDRICAL_SURFACE('',#1061,11.05);
#1061 = AXIS2_PLACEMENT_3D('',#1062,#1063,#1064);
#1062 = CARTESIAN_POINT('',(-13.25,22.95,-1.));
#1063 = DIRECTION('',(0.,0.,1.));
#1064 = DIRECTION('',(-0.5,0.866025403784,0.));
#1065 = DEFINITIONAL_REPRESENTATION('',(#1066),#1072);
#1066 = B_SPLINE_CURVE_WITH_KNOTS('',4,(#1067,#1068,#1069,#1070,#1071),
  .UNSPECIFIED.,.F.,.F.,(5,5),(8.571325410675E-08,0.142855723229),
  .PIECEWISE_BEZIER_KNOTS.);
#1067 = CARTESIAN_POINT('',(5.435630510025,14.));
#1068 = CARTESIAN_POINT('',(5.436687760224,13.749999584614));
#1069 = CARTESIAN_POINT('',(5.437746595018,13.499999444359));
#1070 = CARTESIAN_POINT('',(5.438807026364,13.24999958192));
#1071 = CARTESIAN_POINT('',(5.439869066549,13.000000000075));
#1072 = ( GEOMETRIC_REPRESENTATION_CONTEXT(2) 
PARAMETRIC_REPRESENTATION_CONTEXT() REPRESENTATION_CONTEXT('2D SPACE',''
  ) );
#1073 = ORIENTED_EDGE('',*,*,#1074,.T.);
#1074 = EDGE_CURVE('',#1041,#1075,#1077,.T.);
#1075 = VERTEX_POINT('',#1076);
#1076 = CARTESIAN_POINT('',(-24.08049222936,25.141560647051,13.));
#1077 = SURFACE_CURVE('',#1078,(#1083,#1090),.PCURVE_S1.);
#1078 = CIRCLE('',#1079,34.813333333333);
#1079 = AXIS2_PLACEMENT_3D('',#1080,#1081,#1082);
#1080 = CARTESIAN_POINT('',(0.,0.,13.));
#1081 = DIRECTION('',(0.,0.,1.));
#1082 = DIRECTION('',(1.,0.,-0.));
#1083 = PCURVE('',#219,#1084);
#1084 = DEFINITIONAL_REPRESENTATION('',(#1085),#1089);
#1085 = LINE('',#1086,#1087);
#1086 = CARTESIAN_POINT('',(-0.,-7.));
#1087 = VECTOR('',#1088,1.);
#1088 = DIRECTION('',(-1.,-0.));
#1089 = ( GEOMETRIC_REPRESENTATION_CONTEXT(2) 
PARAMETRIC_REPRESENTATION_CONTEXT() REPRESENTATION_CONTEXT('2D SPACE',''
  ) );
#1090 = PCURVE('',#1091,#1096);
#1091 = PLANE('',#1092);
#1092 = AXIS2_PLACEMENT_3D('',#1093,#1094,#1095);
#1093 = CARTESIAN_POINT('',(-13.25,22.95,13.));
#1094 = DIRECTION('',(0.,0.,1.));
#1095 = DIRECTION('',(-0.5,0.866025403784,0.));
#1096 = DEFINITIONAL_REPRESENTATION('',(#1097),#1101);
#1097 = CIRCLE('',#1098,34.813333333333);
#1098 = AXIS2_PLACEMENT_2D('',#1099,#1100);
#1099 = CARTESIAN_POINT('',(-26.50028301685,1.633998561825E-04));
#1100 = DIRECTION('',(-0.5,-0.866025403784));
#1101 = ( GEOMETRIC_REPRESENTATION_CONTEXT(2) 
PARAMETRIC_REPRESENTATION_CONTEXT() REPRESENTATION_CONTEXT('2D SPACE',''
  ) );
#1102 = ORIENTED_EDGE('',*,*,#1103,.F.);
#1103 = EDGE_CURVE('',#1104,#1075,#1106,.T.);
#1104 = VERTEX_POINT('',#1105);
#1105 = CARTESIAN_POINT('',(-24.07110591725,25.187446474787,12.));
#1106 = SURFACE_CURVE('',#1107,(#1115,#1126),.PCURVE_S1.);
#1107 = B_SPLINE_CURVE_WITH_KNOTS('',6,(#1108,#1109,#1110,#1111,#1112,
    #1113,#1114),.UNSPECIFIED.,.F.,.F.,(7,7),(0.,1.),
  .PIECEWISE_BEZIER_KNOTS.);
#1108 = CARTESIAN_POINT('',(-24.00966455484,25.466370137184,
    5.999999999999));
#1109 = CARTESIAN_POINT('',(-24.02245153063,25.411694726685,
    7.162899901788));
#1110 = CARTESIAN_POINT('',(-24.03457381177,25.358357684564,
    8.303563236626));
#1111 = CARTESIAN_POINT('',(-24.04657416539,25.304184980447,
    9.467652891094));
#1112 = CARTESIAN_POINT('',(-24.0584742651,25.248826885141,
    10.663696952909));
#1113 = CARTESIAN_POINT('',(-24.06995509241,25.193634214584,
    11.863074277474));
#1114 = CARTESIAN_POINT('',(-24.08049223492,25.14156061957,13.0000006));
#1115 = PCURVE('',#219,#1116);
#1116 = DEFINITIONAL_REPRESENTATION('',(#1117),#1125);
#1117 = B_SPLINE_CURVE_WITH_KNOTS('',6,(#1118,#1119,#1120,#1121,#1122,
    #1123,#1124),.UNSPECIFIED.,.F.,.F.,(7,7),(0.,1.),
  .PIECEWISE_BEZIER_KNOTS.);
#1118 = CARTESIAN_POINT('',(-2.326760343224,5.231440317954E-13));
#1119 = CARTESIAN_POINT('',(-2.328097793121,-1.162899901788));
#1120 = CARTESIAN_POINT('',(-2.329398037633,-2.303563236626));
#1121 = CARTESIAN_POINT('',(-2.330714722823,-3.467652891094));
#1122 = CARTESIAN_POINT('',(-2.332055663686,-4.663696952909));
#1123 = CARTESIAN_POINT('',(-2.333387827563,-5.863074277474));
#1124 = CARTESIAN_POINT('',(-2.334641060145,-7.0000006));
#1125 = ( GEOMETRIC_REPRESENTATION_CONTEXT(2) 
PARAMETRIC_REPRESENTATION_CONTEXT() REPRESENTATION_CONTEXT('2D SPACE',''
  ) );
#1126 = PCURVE('',#1060,#1127);
#1127 = DEFINITIONAL_REPRESENTATION('',(#1128),#1136);
#1128 = B_SPLINE_CURVE_WITH_KNOTS('',6,(#1129,#1130,#1131,#1132,#1133,
    #1134,#1135),.UNSPECIFIED.,.F.,.F.,(7,7),(0.855720588893,
    0.999999912044),.PIECEWISE_BEZIER_KNOTS.);
#1129 = CARTESIAN_POINT('',(7.126489217014,12.999999999506));
#1130 = CARTESIAN_POINT('',(7.127205969206,13.168720298423));
#1131 = CARTESIAN_POINT('',(7.127919485505,13.336834269842));
#1132 = CARTESIAN_POINT('',(7.12862914321,13.504192646548));
#1133 = CARTESIAN_POINT('',(7.129334254984,13.670630059258));
#1134 = CARTESIAN_POINT('',(7.130034069559,13.835965035751));
#1135 = CARTESIAN_POINT('',(7.130727772401,14.));
#1136 = ( GEOMETRIC_REPRESENTATION_CONTEXT(2) 
PARAMETRIC_REPRESENTATION_CONTEXT() REPRESENTATION_CONTEXT('2D SPACE',''
  ) );
#1137 = ORIENTED_EDGE('',*,*,#1138,.T.);
#1138 = EDGE_CURVE('',#1104,#1139,#1141,.T.);
#1139 = VERTEX_POINT('',#1140);
#1140 = CARTESIAN_POINT('',(-24.62284629833,24.648347615382,12.));
#1141 = SURFACE_CURVE('',#1142,(#1147,#1154),.PCURVE_S1.);
#1142 = CIRCLE('',#1143,34.84);
#1143 = AXIS2_PLACEMENT_3D('',#1144,#1145,#1146);
#1144 = CARTESIAN_POINT('',(0.,0.,12.));
#1145 = DIRECTION('',(0.,0.,1.));
#1146 = DIRECTION('',(1.,0.,-0.));
#1147 = PCURVE('',#219,#1148);
#1148 = DEFINITIONAL_REPRESENTATION('',(#1149),#1153);
#1149 = LINE('',#1150,#1151);
#1150 = CARTESIAN_POINT('',(-0.,-6.));
#1151 = VECTOR('',#1152,1.);
#1152 = DIRECTION('',(-1.,-0.));
#1153 = ( GEOMETRIC_REPRESENTATION_CONTEXT(2) 
PARAMETRIC_REPRESENTATION_CONTEXT() REPRESENTATION_CONTEXT('2D SPACE',''
  ) );
#1154 = PCURVE('',#1155,#1160);
#1155 = PLANE('',#1156);
#1156 = AXIS2_PLACEMENT_3D('',#1157,#1158,#1159);
#1157 = CARTESIAN_POINT('',(5.874355652982,17.825644347018,12.));
#1158 = DIRECTION('',(0.,0.,1.));
#1159 = DIRECTION('',(-0.5,0.866025403784,0.));
#1160 = DEFINITIONAL_REPRESENTATION('',(#1161),#1165);
#1161 = CIRCLE('',#1162,34.84);
#1162 = AXIS2_PLACEMENT_2D('',#1163,#1164);
#1163 = CARTESIAN_POINT('',(-12.50028301685,14.000163399856));
#1164 = DIRECTION('',(-0.5,-0.866025403784));
#1165 = ( GEOMETRIC_REPRESENTATION_CONTEXT(2) 
PARAMETRIC_REPRESENTATION_CONTEXT() REPRESENTATION_CONTEXT('2D SPACE',''
  ) );
#1166 = ORIENTED_EDGE('',*,*,#1167,.F.);
#1167 = EDGE_CURVE('',#1168,#1139,#1170,.T.);
#1168 = VERTEX_POINT('',#1169);
#1169 = CARTESIAN_POINT('',(-28.14871584986,20.755332819496,7.));
#1170 = SURFACE_CURVE('',#1171,(#1204,#1240),.PCURVE_S1.);
#1171 = B_SPLINE_CURVE_WITH_KNOTS('',7,(#1172,#1173,#1174,#1175,#1176,
    #1177,#1178,#1179,#1180,#1181,#1182,#1183,#1184,#1185,#1186,#1187,
    #1188,#1189,#1190,#1191,#1192,#1193,#1194,#1195,#1196,#1197,#1198,
    #1199,#1200,#1201,#1202,#1203),.UNSPECIFIED.,.F.,.F.,(8,6,6,6,6,8),(
    0.,0.401391370361,0.540809137231,0.709750963499,0.835060327078,1.),
  .UNSPECIFIED.);
#1172 = CARTESIAN_POINT('',(-28.14871584986,20.755332819496,7.));
#1173 = CARTESIAN_POINT('',(-28.14286096568,20.745191862618,
    7.402399168055));
#1174 = CARTESIAN_POINT('',(-28.11253303769,20.768226155327,
    7.805120261875));
#1175 = CARTESIAN_POINT('',(-28.05771057392,20.824624993469,
    8.205434758559));
#1176 = CARTESIAN_POINT('',(-27.97805524077,20.914512322378,
    8.600316028647));
#1177 = CARTESIAN_POINT('',(-27.87301858535,21.037762734026,
    8.986443884105));
#1178 = CARTESIAN_POINT('',(-27.74190645064,21.193933278947,
    9.360229275708));
#1179 = CARTESIAN_POINT('',(-27.52858349981,21.448157916971,
    9.84183040208));
#1180 = CARTESIAN_POINT('',(-27.47031476645,21.517608537612,
    9.963994582862));
#1181 = CARTESIAN_POINT('',(-27.40872822994,21.590948852987,
    10.083993683061));
#1182 = CARTESIAN_POINT('',(-27.3437806151,21.668149158207,
    10.201637856772));
#1183 = CARTESIAN_POINT('',(-27.27542853063,21.749172783848,
    10.316722600209));
#1184 = CARTESIAN_POINT('',(-27.20362901745,21.833975692352,
    10.429028929724));
#1185 = CARTESIAN_POINT('',(-27.03710748012,22.029784255424,
    10.67076316795));
#1186 = CARTESIAN_POINT('',(-26.94075752504,22.142527990428,
    10.798770782608));
#1187 = CARTESIAN_POINT('',(-26.83921290021,22.260649416954,
    10.921938297212));
#1188 = CARTESIAN_POINT('',(-26.73241252586,22.384025497348,
    11.039800174914));
#1189 = CARTESIAN_POINT('',(-26.62032130264,22.512491759722,
    11.151841212864));
#1190 = CARTESIAN_POINT('',(-26.50293984005,22.645836038882,
    11.257504306477));
#1191 = CARTESIAN_POINT('',(-26.28935895431,22.886118570048,
    11.429402528903));
#1192 = CARTESIAN_POINT('',(-26.1955238676,22.990976291681,
    11.498768201912));
#1193 = CARTESIAN_POINT('',(-26.09883391384,23.098250724281,
    11.564051552579));
#1194 = CARTESIAN_POINT('',(-25.9993361254,23.207801695907,
    11.624992530526));
#1195 = CARTESIAN_POINT('',(-25.89710554068,23.319460586454,
    11.681322616951));
#1196 = CARTESIAN_POINT('',(-25.79225116671,23.433027393549,
    11.732772726428));
#1197 = CARTESIAN_POINT('',(-25.5436488018,23.699954106226,
    11.840034968908));
#1198 = CARTESIAN_POINT('',(-25.39805921553,23.854570906182,
    11.892093543096));
#1199 = CARTESIAN_POINT('',(-25.24854012421,24.011532734863,
    11.934633135541));
#1200 = CARTESIAN_POINT('',(-25.09558114764,24.170174814934,
    11.96709105101));
#1201 = CARTESIAN_POINT('',(-24.9397898399,24.329754256549,
    11.988991798705));
#1202 = CARTESIAN_POINT('',(-24.78191046584,24.489448016538,12.));
#1203 = CARTESIAN_POINT('',(-24.62284629833,24.648347615382,12.));
#1204 = PCURVE('',#219,#1205);
#1205 = DEFINITIONAL_REPRESENTATION('',(#1206),#1239);
#1206 = B_SPLINE_CURVE_WITH_KNOTS('',7,(#1207,#1208,#1209,#1210,#1211,
    #1212,#1213,#1214,#1215,#1216,#1217,#1218,#1219,#1220,#1221,#1222,
    #1223,#1224,#1225,#1226,#1227,#1228,#1229,#1230,#1231,#1232,#1233,
    #1234,#1235,#1236,#1237,#1238),.UNSPECIFIED.,.F.,.F.,(8,6,6,6,6,8),(
    0.,0.401391370361,0.540809137231,0.709750963499,0.835060327078,1.),
  .UNSPECIFIED.);
#1207 = CARTESIAN_POINT('',(-2.506239650235,-1.));
#1208 = CARTESIAN_POINT('',(-2.506373678754,-1.402399168055));
#1209 = CARTESIAN_POINT('',(-2.505329038931,-1.805120261875));
#1210 = CARTESIAN_POINT('',(-2.503099490349,-2.205434758559));
#1211 = CARTESIAN_POINT('',(-2.499674903249,-2.600316028647));
#1212 = CARTESIAN_POINT('',(-2.495047380512,-2.986443884105));
#1213 = CARTESIAN_POINT('',(-2.489213735406,-3.360229275708));
#1214 = CARTESIAN_POINT('',(-2.479711960522,-3.84183040208));
#1215 = CARTESIAN_POINT('',(-2.477115808663,-3.963994582862));
#1216 = CARTESIAN_POINT('',(-2.474372722008,-4.083993683061));
#1217 = CARTESIAN_POINT('',(-2.4714825389,-4.201637856772));
#1218 = CARTESIAN_POINT('',(-2.468445242429,-4.316722600209));
#1219 = CARTESIAN_POINT('',(-2.465260976017,-4.429028929724));
#1220 = CARTESIAN_POINT('',(-2.457893764251,-4.67076316795));
#1221 = CARTESIAN_POINT('',(-2.453642420111,-4.798770782608));
#1222 = CARTESIAN_POINT('',(-2.449176452164,-4.921938297212));
#1223 = CARTESIAN_POINT('',(-2.444497327631,-5.039800174914));
#1224 = CARTESIAN_POINT('',(-2.439607865531,-5.151841212864));
#1225 = CARTESIAN_POINT('',(-2.43451254685,-5.257504306477));
#1226 = CARTESIAN_POINT('',(-2.425290565954,-5.429402528903));
#1227 = CARTESIAN_POINT('',(-2.421253830868,-5.498768201912));
#1228 = CARTESIAN_POINT('',(-2.417110502133,-5.564051552579));
#1229 = CARTESIAN_POINT('',(-2.412864413319,-5.624992530526));
#1230 = CARTESIAN_POINT('',(-2.408520527103,-5.681322616951));
#1231 = CARTESIAN_POINT('',(-2.404085113514,-5.732772726428));
#1232 = CARTESIAN_POINT('',(-2.393617506337,-5.840034968908));
#1233 = CARTESIAN_POINT('',(-2.387522736971,-5.892093543096));
#1234 = CARTESIAN_POINT('',(-2.381301306358,-5.934633135541));
#1235 = CARTESIAN_POINT('',(-2.37497653228,-5.96709105101));
#1236 = CARTESIAN_POINT('',(-2.368575650752,-5.988991798705));
#1237 = CARTESIAN_POINT('',(-2.362130259723,-6.));
#1238 = CARTESIAN_POINT('',(-2.355676919727,-6.));
#1239 = ( GEOMETRIC_REPRESENTATION_CONTEXT(2) 
PARAMETRIC_REPRESENTATION_CONTEXT() REPRESENTATION_CONTEXT('2D SPACE',''
  ) );
#1240 = PCURVE('',#1241,#1246);
#1241 = CYLINDRICAL_SURFACE('',#1242,5.);
#1242 = AXIS2_PLACEMENT_3D('',#1243,#1244,#1245);
#1243 = CARTESIAN_POINT('',(-14.04422863406,6.325644347018,7.));
#1244 = DIRECTION('',(-0.5,0.866025403784,0.));
#1245 = DIRECTION('',(-0.866025403784,-0.5,0.));
#1246 = DEFINITIONAL_REPRESENTATION('',(#1247),#1280);
#1247 = B_SPLINE_CURVE_WITH_KNOTS('',7,(#1248,#1249,#1250,#1251,#1252,
    #1253,#1254,#1255,#1256,#1257,#1258,#1259,#1260,#1261,#1262,#1263,
    #1264,#1265,#1266,#1267,#1268,#1269,#1270,#1271,#1272,#1273,#1274,
    #1275,#1276,#1277,#1278,#1279),.UNSPECIFIED.,.F.,.F.,(8,6,6,6,6,8),(
    0.,0.401391370361,0.540809137231,0.709750963499,0.835060327078,1.),
  .UNSPECIFIED.);
#1248 = CARTESIAN_POINT('',(0.,19.548720393764));
#1249 = CARTESIAN_POINT('',(8.047983361102E-02,19.537010625397));
#1250 = CARTESIAN_POINT('',(0.161023960594,19.541794944047));
#1251 = CARTESIAN_POINT('',(0.24193871509,19.563226538736));
#1252 = CARTESIAN_POINT('',(0.323474264323,19.601243582477));
#1253 = CARTESIAN_POINT('',(0.405892615798,19.655463242281));
#1254 = CARTESIAN_POINT('',(0.489474461361,19.725154834148));
#1255 = CARTESIAN_POINT('',(0.604225225008,19.83865835353));
#1256 = CARTESIAN_POINT('',(0.633994292341,19.869669988635));
#1257 = CARTESIAN_POINT('',(0.663965953818,19.902391296616));
#1258 = CARTESIAN_POINT('',(0.694155470331,19.936774914696));
#1259 = CARTESIAN_POINT('',(0.724578163432,19.972767390575));
#1260 = CARTESIAN_POINT('',(0.755249888562,20.010309107066));
#1261 = CARTESIAN_POINT('',(0.823676689857,20.096623528296));
#1262 = CARTESIAN_POINT('',(0.861553650106,20.14608748939));
#1263 = CARTESIAN_POINT('',(0.899849861291,20.197611333075));
#1264 = CARTESIAN_POINT('',(0.938592603018,20.251057965744));
#1265 = CARTESIAN_POINT('',(0.977805544715,20.306267400875));
#1266 = CARTESIAN_POINT('',(1.01750932811,20.363056202782));
#1267 = CARTESIAN_POINT('',(1.087549239846,20.464356535991));
#1268 = CARTESIAN_POINT('',(1.117654651644,20.508248443353));
#1269 = CARTESIAN_POINT('',(1.148043875446,20.552805850281));
#1270 = CARTESIAN_POINT('',(1.178719243972,20.597930880498));
#1271 = CARTESIAN_POINT('',(1.209679255101,20.643515023909));
#1272 = CARTESIAN_POINT('',(1.240917894657,20.689439576896));
#1273 = CARTESIAN_POINT('',(1.313894124159,20.796303708564));
#1274 = CARTESIAN_POINT('',(1.35583597384,20.857410992044));
#1275 = CARTESIAN_POINT('',(1.398209489064,20.918584377447));
#1276 = CARTESIAN_POINT('',(1.440964997974,20.979492960614));
#1277 = CARTESIAN_POINT('',(1.484040787634,21.039797157105));
#1278 = CARTESIAN_POINT('',(1.527355644931,21.09915632305));
#1279 = CARTESIAN_POINT('',(1.570796326795,21.157235328544));
#1280 = ( GEOMETRIC_REPRESENTATION_CONTEXT(2) 
PARAMETRIC_REPRESENTATION_CONTEXT() REPRESENTATION_CONTEXT('2D SPACE',''
  ) );
#1281 = ORIENTED_EDGE('',*,*,#1282,.F.);
#1282 = EDGE_CURVE('',#1283,#1168,#1285,.T.);
#1283 = VERTEX_POINT('',#1284);
#1284 = CARTESIAN_POINT('',(-28.16326473342,20.780532225018,6.));
#1285 = SURFACE_CURVE('',#1286,(#1291,#1301),.PCURVE_S1.);
#1286 = HYPERBOLA('',#1287,524.99387250539,13.999836600144);
#1287 = AXIS2_PLACEMENT_3D('',#1288,#1289,#1290);
#1288 = CARTESIAN_POINT('',(-12.12421414455,-6.999918300072,1.3185E+03)
  );
#1289 = DIRECTION('',(-0.866025403784,-0.5,0.));
#1290 = DIRECTION('',(-0.,0.,-1.));
#1291 = PCURVE('',#219,#1292);
#1292 = DEFINITIONAL_REPRESENTATION('',(#1293),#1300);
#1293 = B_SPLINE_CURVE_WITH_KNOTS('',5,(#1294,#1295,#1296,#1297,#1298,
    #1299),.UNSPECIFIED.,.F.,.F.,(6,6),(-1.566811971594,-1.565813862997)
  ,.PIECEWISE_BEZIER_KNOTS.);
#1294 = CARTESIAN_POINT('',(-2.505906854642,2.2759078923E-13));
#1295 = CARTESIAN_POINT('',(-2.505986702398,-0.240130714116));
#1296 = CARTESIAN_POINT('',(-2.506066568414,-0.480196051245));
#1297 = CARTESIAN_POINT('',(-2.506146452696,-0.72019603132));
#1298 = CARTESIAN_POINT('',(-2.506226355248,-0.960130674267));
#1299 = CARTESIAN_POINT('',(-2.506306276074,-1.2));
#1300 = ( GEOMETRIC_REPRESENTATION_CONTEXT(2) 
PARAMETRIC_REPRESENTATION_CONTEXT() REPRESENTATION_CONTEXT('2D SPACE',''
  ) );
#1301 = PCURVE('',#1302,#1307);
#1302 = PLANE('',#1303);
#1303 = AXIS2_PLACEMENT_3D('',#1304,#1305,#1306);
#1304 = CARTESIAN_POINT('',(-18.37435565298,3.825644347018,0.));
#1305 = DIRECTION('',(-0.866025403784,-0.5,0.));
#1306 = DIRECTION('',(0.,0.,1.));
#1307 = DEFINITIONAL_REPRESENTATION('',(#1308),#1312);
#1308 = ( BOUNDED_CURVE() B_SPLINE_CURVE(2,(#1309,#1310,#1311),
.UNSPECIFIED.,.F.,.F.) B_SPLINE_CURVE_WITH_KNOTS((3,3),(-1.566811971594,
-1.565813862997),.PIECEWISE_BEZIER_KNOTS.) CURVE() 
GEOMETRIC_REPRESENTATION_ITEM() RATIONAL_B_SPLINE_CURVE((1.,
1.000000124528,1.)) REPRESENTATION_ITEM('') );
#1309 = CARTESIAN_POINT('',(6.,19.577818160886));
#1310 = CARTESIAN_POINT('',(6.600326735308,19.560351261891));
#1311 = CARTESIAN_POINT('',(7.2,19.542900332641));
#1312 = ( GEOMETRIC_REPRESENTATION_CONTEXT(2) 
PARAMETRIC_REPRESENTATION_CONTEXT() REPRESENTATION_CONTEXT('2D SPACE',''
  ) );
#1313 = ORIENTED_EDGE('',*,*,#1314,.T.);
#1314 = EDGE_CURVE('',#1283,#1315,#1317,.T.);
#1315 = VERTEX_POINT('',#1316);
#1316 = CARTESIAN_POINT('',(-28.16326473342,-20.78053222501,6.));
#1317 = SURFACE_CURVE('',#1318,(#1323,#1330),.PCURVE_S1.);
#1318 = CIRCLE('',#1319,35.);
#1319 = AXIS2_PLACEMENT_3D('',#1320,#1321,#1322);
#1320 = CARTESIAN_POINT('',(0.,0.,6.));
#1321 = DIRECTION('',(0.,0.,1.));
#1322 = DIRECTION('',(1.,0.,-0.));
#1323 = PCURVE('',#219,#1324);
#1324 = DEFINITIONAL_REPRESENTATION('',(#1325),#1329);
#1325 = LINE('',#1326,#1327);
#1326 = CARTESIAN_POINT('',(-0.,-0.));
#1327 = VECTOR('',#1328,1.);
#1328 = DIRECTION('',(-1.,-0.));
#1329 = ( GEOMETRIC_REPRESENTATION_CONTEXT(2) 
PARAMETRIC_REPRESENTATION_CONTEXT() REPRESENTATION_CONTEXT('2D SPACE',''
  ) );
#1330 = PCURVE('',#852,#1331);
#1331 = DEFINITIONAL_REPRESENTATION('',(#1332),#1336);
#1332 = CIRCLE('',#1333,35.);
#1333 = AXIS2_PLACEMENT_2D('',#1334,#1335);
#1334 = CARTESIAN_POINT('',(0.,0.));
#1335 = DIRECTION('',(1.,0.));
#1336 = ( GEOMETRIC_REPRESENTATION_CONTEXT(2) 
PARAMETRIC_REPRESENTATION_CONTEXT() REPRESENTATION_CONTEXT('2D SPACE',''
  ) );
#1337 = ORIENTED_EDGE('',*,*,#1338,.T.);
#1338 = EDGE_CURVE('',#1315,#1339,#1341,.T.);
#1339 = VERTEX_POINT('',#1340);
#1340 = CARTESIAN_POINT('',(-28.14871584986,-20.75533281949,7.));
#1341 = SURFACE_CURVE('',#1342,(#1347,#1357),.PCURVE_S1.);
#1342 = HYPERBOLA('',#1343,524.99387250539,13.999836600144);
#1343 = AXIS2_PLACEMENT_3D('',#1344,#1345,#1346);
#1344 = CARTESIAN_POINT('',(-12.12421414455,6.999918300072,1.3185E+03));
#1345 = DIRECTION('',(0.866025403784,-0.5,0.));
#1346 = DIRECTION('',(0.,-0.,-1.));
#1347 = PCURVE('',#219,#1348);
#1348 = DEFINITIONAL_REPRESENTATION('',(#1349),#1356);
#1349 = B_SPLINE_CURVE_WITH_KNOTS('',5,(#1350,#1351,#1352,#1353,#1354,
    #1355),.UNSPECIFIED.,.F.,.F.,(6,6),(-1.566811971594,-1.565813862997)
  ,.PIECEWISE_BEZIER_KNOTS.);
#1350 = CARTESIAN_POINT('',(-3.777278452538,0.));
#1351 = CARTESIAN_POINT('',(-3.777198604782,-0.240130714116));
#1352 = CARTESIAN_POINT('',(-3.777118738765,-0.480196051246));
#1353 = CARTESIAN_POINT('',(-3.777038854483,-0.720196031319));
#1354 = CARTESIAN_POINT('',(-3.776958951931,-0.960130674268));
#1355 = CARTESIAN_POINT('',(-3.776879031105,-1.2));
#1356 = ( GEOMETRIC_REPRESENTATION_CONTEXT(2) 
PARAMETRIC_REPRESENTATION_CONTEXT() REPRESENTATION_CONTEXT('2D SPACE',''
  ) );
#1357 = PCURVE('',#1358,#1363);
#1358 = PLANE('',#1359);
#1359 = AXIS2_PLACEMENT_3D('',#1360,#1361,#1362);
#1360 = CARTESIAN_POINT('',(-18.37435565298,-3.825644347018,0.));
#1361 = DIRECTION('',(0.866025403784,-0.5,0.));
#1362 = DIRECTION('',(0.,0.,1.));
#1363 = DEFINITIONAL_REPRESENTATION('',(#1364),#1368);
#1364 = ( BOUNDED_CURVE() B_SPLINE_CURVE(2,(#1365,#1366,#1367),
.UNSPECIFIED.,.F.,.F.) B_SPLINE_CURVE_WITH_KNOTS((3,3),(-1.566811971594,
-1.565813862997),.PIECEWISE_BEZIER_KNOTS.) CURVE() 
GEOMETRIC_REPRESENTATION_ITEM() RATIONAL_B_SPLINE_CURVE((1.,
1.000000124528,1.)) REPRESENTATION_ITEM('') );
#1365 = CARTESIAN_POINT('',(6.,19.577818160886));
#1366 = CARTESIAN_POINT('',(6.600326735427,19.560351261899));
#1367 = CARTESIAN_POINT('',(7.2,19.542900332641));
#1368 = ( GEOMETRIC_REPRESENTATION_CONTEXT(2) 
PARAMETRIC_REPRESENTATION_CONTEXT() REPRESENTATION_CONTEXT('2D SPACE',''
  ) );
#1369 = ORIENTED_EDGE('',*,*,#1370,.T.);
#1370 = EDGE_CURVE('',#1339,#459,#1371,.T.);
#1371 = SURFACE_CURVE('',#1372,(#1405,#1441),.PCURVE_S1.);
#1372 = B_SPLINE_CURVE_WITH_KNOTS('',7,(#1373,#1374,#1375,#1376,#1377,
    #1378,#1379,#1380,#1381,#1382,#1383,#1384,#1385,#1386,#1387,#1388,
    #1389,#1390,#1391,#1392,#1393,#1394,#1395,#1396,#1397,#1398,#1399,
    #1400,#1401,#1402,#1403,#1404),.UNSPECIFIED.,.F.,.F.,(8,6,6,6,6,8),(
    0.,0.401391370361,0.540809137231,0.709750963498,0.835060327078,1.),
  .UNSPECIFIED.);
#1373 = CARTESIAN_POINT('',(-28.14871584986,-20.75533281949,7.));
#1374 = CARTESIAN_POINT('',(-28.14286096568,-20.74519186261,
    7.402399168055));
#1375 = CARTESIAN_POINT('',(-28.11253303769,-20.76822615532,
    7.805120261875));
#1376 = CARTESIAN_POINT('',(-28.05771057392,-20.82462499346,
    8.205434758559));
#1377 = CARTESIAN_POINT('',(-27.97805524077,-20.91451232237,
    8.600316028647));
#1378 = CARTESIAN_POINT('',(-27.87301858535,-21.03776273402,
    8.986443884105));
#1379 = CARTESIAN_POINT('',(-27.74190645064,-21.19393327894,
    9.360229275708));
#1380 = CARTESIAN_POINT('',(-27.52858349981,-21.44815791697,
    9.84183040208));
#1381 = CARTESIAN_POINT('',(-27.47031476645,-21.51760853761,
    9.963994582862));
#1382 = CARTESIAN_POINT('',(-27.40872822994,-21.59094885298,
    10.083993683061));
#1383 = CARTESIAN_POINT('',(-27.3437806151,-21.6681491582,
    10.201637856772));
#1384 = CARTESIAN_POINT('',(-27.27542853063,-21.74917278384,
    10.316722600209));
#1385 = CARTESIAN_POINT('',(-27.20362901745,-21.83397569235,
    10.429028929724));
#1386 = CARTESIAN_POINT('',(-27.03710748012,-22.02978425542,
    10.67076316795));
#1387 = CARTESIAN_POINT('',(-26.94075752504,-22.14252799042,
    10.798770782608));
#1388 = CARTESIAN_POINT('',(-26.83921290021,-22.26064941695,
    10.921938297212));
#1389 = CARTESIAN_POINT('',(-26.73241252586,-22.38402549734,
    11.039800174914));
#1390 = CARTESIAN_POINT('',(-26.62032130264,-22.51249175972,
    11.151841212864));
#1391 = CARTESIAN_POINT('',(-26.50293984005,-22.64583603888,
    11.257504306477));
#1392 = CARTESIAN_POINT('',(-26.28935895431,-22.88611857004,
    11.429402528903));
#1393 = CARTESIAN_POINT('',(-26.1955238676,-22.99097629168,
    11.498768201912));
#1394 = CARTESIAN_POINT('',(-26.09883391384,-23.09825072428,
    11.564051552578));
#1395 = CARTESIAN_POINT('',(-25.9993361254,-23.2078016959,
    11.624992530526));
#1396 = CARTESIAN_POINT('',(-25.89710554068,-23.31946058645,
    11.681322616951));
#1397 = CARTESIAN_POINT('',(-25.79225116671,-23.43302739354,
    11.732772726428));
#1398 = CARTESIAN_POINT('',(-25.5436488018,-23.69995410622,
    11.840034968908));
#1399 = CARTESIAN_POINT('',(-25.39805921553,-23.85457090618,
    11.892093543096));
#1400 = CARTESIAN_POINT('',(-25.24854012421,-24.01153273486,
    11.934633135541));
#1401 = CARTESIAN_POINT('',(-25.09558114764,-24.17017481493,
    11.96709105101));
#1402 = CARTESIAN_POINT('',(-24.9397898399,-24.32975425654,
    11.988991798705));
#1403 = CARTESIAN_POINT('',(-24.78191046584,-24.48944801653,12.));
#1404 = CARTESIAN_POINT('',(-24.62284629833,-24.64834761538,12.));
#1405 = PCURVE('',#219,#1406);
#1406 = DEFINITIONAL_REPRESENTATION('',(#1407),#1440);
#1407 = B_SPLINE_CURVE_WITH_KNOTS('',7,(#1408,#1409,#1410,#1411,#1412,
    #1413,#1414,#1415,#1416,#1417,#1418,#1419,#1420,#1421,#1422,#1423,
    #1424,#1425,#1426,#1427,#1428,#1429,#1430,#1431,#1432,#1433,#1434,
    #1435,#1436,#1437,#1438,#1439),.UNSPECIFIED.,.F.,.F.,(8,6,6,6,6,8),(
    0.,0.401391370361,0.540809137231,0.709750963498,0.835060327078,1.),
  .UNSPECIFIED.);
#1408 = CARTESIAN_POINT('',(-3.776945656944,-1.));
#1409 = CARTESIAN_POINT('',(-3.776811628426,-1.402399168055));
#1410 = CARTESIAN_POINT('',(-3.777856268248,-1.805120261876));
#1411 = CARTESIAN_POINT('',(-3.780085816831,-2.205434758558));
#1412 = CARTESIAN_POINT('',(-3.78351040393,-2.600316028648));
#1413 = CARTESIAN_POINT('',(-3.788137926667,-2.986443884105));
#1414 = CARTESIAN_POINT('',(-3.793971571774,-3.360229275708));
#1415 = CARTESIAN_POINT('',(-3.803473346658,-3.84183040208));
#1416 = CARTESIAN_POINT('',(-3.806069498516,-3.963994582862));
#1417 = CARTESIAN_POINT('',(-3.808812585172,-4.083993683061));
#1418 = CARTESIAN_POINT('',(-3.811702768279,-4.201637856772));
#1419 = CARTESIAN_POINT('',(-3.81474006475,-4.316722600209));
#1420 = CARTESIAN_POINT('',(-3.817924331162,-4.429028929724));
#1421 = CARTESIAN_POINT('',(-3.825291542929,-4.67076316795));
#1422 = CARTESIAN_POINT('',(-3.829542887069,-4.798770782608));
#1423 = CARTESIAN_POINT('',(-3.834008855015,-4.921938297212));
#1424 = CARTESIAN_POINT('',(-3.838687979549,-5.039800174914));
#1425 = CARTESIAN_POINT('',(-3.843577441649,-5.151841212864));
#1426 = CARTESIAN_POINT('',(-3.848672760329,-5.257504306477));
#1427 = CARTESIAN_POINT('',(-3.857894741225,-5.429402528903));
#1428 = CARTESIAN_POINT('',(-3.861931476311,-5.498768201912));
#1429 = CARTESIAN_POINT('',(-3.866074805046,-5.564051552578));
#1430 = CARTESIAN_POINT('',(-3.870320893861,-5.624992530526));
#1431 = CARTESIAN_POINT('',(-3.874664780077,-5.681322616951));
#1432 = CARTESIAN_POINT('',(-3.879100193666,-5.732772726428));
#1433 = CARTESIAN_POINT('',(-3.889567800842,-5.840034968908));
#1434 = CARTESIAN_POINT('',(-3.895662570209,-5.892093543096));
#1435 = CARTESIAN_POINT('',(-3.901884000822,-5.934633135541));
#1436 = CARTESIAN_POINT('',(-3.9082087749,-5.96709105101));
#1437 = CARTESIAN_POINT('',(-3.914609656428,-5.988991798705));
#1438 = CARTESIAN_POINT('',(-3.921055047456,-6.));
#1439 = CARTESIAN_POINT('',(-3.927508387453,-6.));
#1440 = ( GEOMETRIC_REPRESENTATION_CONTEXT(2) 
PARAMETRIC_REPRESENTATION_CONTEXT() REPRESENTATION_CONTEXT('2D SPACE',''
  ) );
#1441 = PCURVE('',#496,#1442);
#1442 = DEFINITIONAL_REPRESENTATION('',(#1443),#1476);
#1443 = B_SPLINE_CURVE_WITH_KNOTS('',7,(#1444,#1445,#1446,#1447,#1448,
    #1449,#1450,#1451,#1452,#1453,#1454,#1455,#1456,#1457,#1458,#1459,
    #1460,#1461,#1462,#1463,#1464,#1465,#1466,#1467,#1468,#1469,#1470,
    #1471,#1472,#1473,#1474,#1475),.UNSPECIFIED.,.F.,.F.,(8,6,6,6,6,8),(
    0.,0.401391370361,0.540809137231,0.709750963498,0.835060327078,1.),
  .UNSPECIFIED.);
#1444 = CARTESIAN_POINT('',(0.,19.548720393764));
#1445 = CARTESIAN_POINT('',(-8.0479833611E-02,19.537010625397));
#1446 = CARTESIAN_POINT('',(-0.161023960594,19.541794944047));
#1447 = CARTESIAN_POINT('',(-0.24193871509,19.563226538736));
#1448 = CARTESIAN_POINT('',(-0.323474264323,19.601243582477));
#1449 = CARTESIAN_POINT('',(-0.405892615798,19.655463242281));
#1450 = CARTESIAN_POINT('',(-0.489474461361,19.725154834149));
#1451 = CARTESIAN_POINT('',(-0.604225225008,19.83865835353));
#1452 = CARTESIAN_POINT('',(-0.633994292341,19.869669988635));
#1453 = CARTESIAN_POINT('',(-0.663965953818,19.902391296616));
#1454 = CARTESIAN_POINT('',(-0.694155470331,19.936774914696));
#1455 = CARTESIAN_POINT('',(-0.724578163432,19.972767390575));
#1456 = CARTESIAN_POINT('',(-0.755249888562,20.010309107066));
#1457 = CARTESIAN_POINT('',(-0.823676689857,20.096623528296));
#1458 = CARTESIAN_POINT('',(-0.861553650106,20.14608748939));
#1459 = CARTESIAN_POINT('',(-0.899849861291,20.197611333075));
#1460 = CARTESIAN_POINT('',(-0.938592603018,20.251057965744));
#1461 = CARTESIAN_POINT('',(-0.977805544715,20.306267400875));
#1462 = CARTESIAN_POINT('',(-1.01750932811,20.363056202782));
#1463 = CARTESIAN_POINT('',(-1.087549239846,20.464356535991));
#1464 = CARTESIAN_POINT('',(-1.117654651644,20.508248443353));
#1465 = CARTESIAN_POINT('',(-1.148043875446,20.552805850281));
#1466 = CARTESIAN_POINT('',(-1.178719243972,20.597930880498));
#1467 = CARTESIAN_POINT('',(-1.209679255101,20.643515023909));
#1468 = CARTESIAN_POINT('',(-1.240917894657,20.689439576896));
#1469 = CARTESIAN_POINT('',(-1.313894124159,20.796303708564));
#1470 = CARTESIAN_POINT('',(-1.355835973841,20.857410992044));
#1471 = CARTESIAN_POINT('',(-1.398209489064,20.918584377447));
#1472 = CARTESIAN_POINT('',(-1.440964997974,20.979492960614));
#1473 = CARTESIAN_POINT('',(-1.484040787634,21.039797157105));
#1474 = CARTESIAN_POINT('',(-1.527355644931,21.09915632305));
#1475 = CARTESIAN_POINT('',(-1.570796326795,21.157235328544));
#1476 = ( GEOMETRIC_REPRESENTATION_CONTEXT(2) 
PARAMETRIC_REPRESENTATION_CONTEXT() REPRESENTATION_CONTEXT('2D SPACE',''
  ) );
#1477 = ORIENTED_EDGE('',*,*,#458,.T.);
#1478 = ORIENTED_EDGE('',*,*,#268,.F.);
#1479 = ORIENTED_EDGE('',*,*,#1480,.T.);
#1480 = EDGE_CURVE('',#236,#196,#1481,.T.);
#1481 = SURFACE_CURVE('',#1482,(#1487,#1494),.PCURVE_S1.);
#1482 = CIRCLE('',#1483,34.813333333333);
#1483 = AXIS2_PLACEMENT_3D('',#1484,#1485,#1486);
#1484 = CARTESIAN_POINT('',(0.,0.,13.));
#1485 = DIRECTION('',(0.,0.,1.));
#1486 = DIRECTION('',(1.,0.,-0.));
#1487 = PCURVE('',#219,#1488);
#1488 = DEFINITIONAL_REPRESENTATION('',(#1489),#1493);
#1489 = LINE('',#1490,#1491);
#1490 = CARTESIAN_POINT('',(-0.,-7.));
#1491 = VECTOR('',#1492,1.);
#1492 = DIRECTION('',(-1.,-0.));
#1493 = ( GEOMETRIC_REPRESENTATION_CONTEXT(2) 
PARAMETRIC_REPRESENTATION_CONTEXT() REPRESENTATION_CONTEXT('2D SPACE',''
  ) );
#1494 = PCURVE('',#252,#1495);
#1495 = DEFINITIONAL_REPRESENTATION('',(#1496),#1500);
#1496 = CIRCLE('',#1497,34.813333333333);
#1497 = AXIS2_PLACEMENT_2D('',#1498,#1499);
#1498 = CARTESIAN_POINT('',(-26.50028301685,-1.633998562003E-04));
#1499 = DIRECTION('',(-0.5,0.866025403784));
#1500 = ( GEOMETRIC_REPRESENTATION_CONTEXT(2) 
PARAMETRIC_REPRESENTATION_CONTEXT() REPRESENTATION_CONTEXT('2D SPACE',''
  ) );
#1501 = ORIENTED_EDGE('',*,*,#195,.F.);
#1502 = ORIENTED_EDGE('',*,*,#1503,.T.);
#1503 = EDGE_CURVE('',#168,#1504,#1506,.T.);
#1504 = VERTEX_POINT('',#1505);
#1505 = CARTESIAN_POINT('',(-9.034345337133,-33.64827193674,12.));
#1506 = SURFACE_CURVE('',#1507,(#1512,#1519),.PCURVE_S1.);
#1507 = CIRCLE('',#1508,34.84);
#1508 = AXIS2_PLACEMENT_3D('',#1509,#1510,#1511);
#1509 = CARTESIAN_POINT('',(0.,0.,12.));
#1510 = DIRECTION('',(0.,0.,1.));
#1511 = DIRECTION('',(1.,0.,-0.));
#1512 = PCURVE('',#219,#1513);
#1513 = DEFINITIONAL_REPRESENTATION('',(#1514),#1518);
#1514 = LINE('',#1515,#1516);
#1515 = CARTESIAN_POINT('',(-0.,-6.));
#1516 = VECTOR('',#1517,1.);
#1517 = DIRECTION('',(-1.,-0.));
#1518 = ( GEOMETRIC_REPRESENTATION_CONTEXT(2) 
PARAMETRIC_REPRESENTATION_CONTEXT() REPRESENTATION_CONTEXT('2D SPACE',''
  ) );
#1519 = PCURVE('',#183,#1520);
#1520 = DEFINITIONAL_REPRESENTATION('',(#1521),#1525);
#1521 = CIRCLE('',#1522,34.84);
#1522 = AXIS2_PLACEMENT_2D('',#1523,#1524);
#1523 = CARTESIAN_POINT('',(-12.50028301685,13.999836600144));
#1524 = DIRECTION('',(-0.5,0.866025403784));
#1525 = ( GEOMETRIC_REPRESENTATION_CONTEXT(2) 
PARAMETRIC_REPRESENTATION_CONTEXT() REPRESENTATION_CONTEXT('2D SPACE',''
  ) );
#1526 = ORIENTED_EDGE('',*,*,#1527,.F.);
#1527 = EDGE_CURVE('',#1528,#1504,#1530,.T.);
#1528 = VERTEX_POINT('',#1529);
#1529 = CARTESIAN_POINT('',(-3.899933165609,-34.75520918867,7.));
#1530 = SURFACE_CURVE('',#1531,(#1564,#1600),.PCURVE_S1.);
#1531 = B_SPLINE_CURVE_WITH_KNOTS('',7,(#1532,#1533,#1534,#1535,#1536,
    #1537,#1538,#1539,#1540,#1541,#1542,#1543,#1544,#1545,#1546,#1547,
    #1548,#1549,#1550,#1551,#1552,#1553,#1554,#1555,#1556,#1557,#1558,
    #1559,#1560,#1561,#1562,#1563),.UNSPECIFIED.,.F.,.F.,(8,6,6,6,6,8),(
    0.,0.401390618851,0.540808329374,0.709750300968,0.835059914031,1.),
  .UNSPECIFIED.);
#1532 = CARTESIAN_POINT('',(-3.899933165609,-34.75520918867,7.));
#1533 = CARTESIAN_POINT('',(-3.894078252879,-34.74506818234,
    7.40239933761));
#1534 = CARTESIAN_POINT('',(-3.929190734523,-34.7303209159,7.80512062547
    ));
#1535 = CARTESIAN_POINT('',(-4.005445302562,-34.71104342765,
    8.20543527725));
#1536 = CARTESIAN_POINT('',(-4.123118438469,-34.68700468937,
    8.600316615041));
#1537 = CARTESIAN_POINT('',(-4.2823757118,-34.65766702581,8.986444417254
    ));
#1538 = CARTESIAN_POINT('',(-4.483180527556,-34.62220780675,
    9.360229614132));
#1539 = CARTESIAN_POINT('',(-4.810008623642,-34.56458020169,
    9.841830466804));
#1540 = CARTESIAN_POINT('',(-4.899289521656,-34.54884415785,
    9.963994690326));
#1541 = CARTESIAN_POINT('',(-4.993597910393,-34.53217970785,
    10.083993810936));
#1542 = CARTESIAN_POINT('',(-5.092929698206,-34.51453452216,
    10.201637982985));
#1543 = CARTESIAN_POINT('',(-5.197274819931,-34.49585268843,
    10.316722703523));
#1544 = CARTESIAN_POINT('',(-5.306616613227,-34.4760749846,
    10.42902899031));
#1545 = CARTESIAN_POINT('',(-5.559453989052,-34.42976977228,
    10.670763261987));
#1546 = CARTESIAN_POINT('',(-5.705268776614,-34.40270149334,
    10.798770933577));
#1547 = CARTESIAN_POINT('',(-5.858338124364,-34.37382341324,
    10.921938469738));
#1548 = CARTESIAN_POINT('',(-6.018586010927,-34.34302111677,
    11.039800337213));
#1549 = CARTESIAN_POINT('',(-6.185887542329,-34.31018197094,
    11.151841338384));
#1550 = CARTESIAN_POINT('',(-6.360058667528,-34.27520042043,
    11.257504375295));
#1551 = CARTESIAN_POINT('',(-6.674941507818,-34.21037815312,
    11.429402560632));
#1552 = CARTESIAN_POINT('',(-6.812669278518,-34.18154471333,
    11.498768250151));
#1553 = CARTESIAN_POINT('',(-6.953917412994,-34.15144727505,
    11.564051604568));
#1554 = CARTESIAN_POINT('',(-7.098541001197,-34.12005648241,
    11.624992576425));
#1555 = CARTESIAN_POINT('',(-7.246356493912,-34.08735300892,
    11.681322650071));
#1556 = CARTESIAN_POINT('',(-7.397136180595,-34.05333125408,
    11.732772743255));
#1557 = CARTESIAN_POINT('',(-7.752604531843,-33.97150190932,
    11.840034978047));
#1558 = CARTESIAN_POINT('',(-7.959302497178,-33.92272791544,
    11.892093550814));
#1559 = CARTESIAN_POINT('',(-8.169996069926,-33.87172341974,
    11.934633138129));
#1560 = CARTESIAN_POINT('',(-8.3838647306,-33.81858004752,
    11.967091049528));
#1561 = CARTESIAN_POINT('',(-8.599961345971,-33.76345250024,
    11.988991796594));
#1562 = CARTESIAN_POINT('',(-8.817201013414,-33.70657379582,12.));
#1563 = CARTESIAN_POINT('',(-9.034345337133,-33.64827193674,12.));
#1564 = PCURVE('',#219,#1565);
#1565 = DEFINITIONAL_REPRESENTATION('',(#1566),#1599);
#1566 = B_SPLINE_CURVE_WITH_KNOTS('',7,(#1567,#1568,#1569,#1570,#1571,
    #1572,#1573,#1574,#1575,#1576,#1577,#1578,#1579,#1580,#1581,#1582,
    #1583,#1584,#1585,#1586,#1587,#1588,#1589,#1590,#1591,#1592,#1593,
    #1594,#1595,#1596,#1597,#1598),.UNSPECIFIED.,.F.,.F.,(8,6,6,6,6,8),(
    0.,0.401390618851,0.540808329374,0.709750300968,0.835059914031,1.),
  .UNSPECIFIED.);
#1567 = CARTESIAN_POINT('',(-4.600644949527,-1.));
#1568 = CARTESIAN_POINT('',(-4.600778981828,-1.40239933761));
#1569 = CARTESIAN_POINT('',(-4.599734339556,-1.80512062547));
#1570 = CARTESIAN_POINT('',(-4.597504781954,-2.20543527725));
#1571 = CARTESIAN_POINT('',(-4.59408018004,-2.600316615041));
#1572 = CARTESIAN_POINT('',(-4.589452638281,-2.986444417254));
#1573 = CARTESIAN_POINT('',(-4.583618972122,-3.360229614132));
#1574 = CARTESIAN_POINT('',(-4.574117167105,-3.841830466804));
#1575 = CARTESIAN_POINT('',(-4.571521004521,-3.963994690326));
#1576 = CARTESIAN_POINT('',(-4.568777906975,-4.083993810936));
#1577 = CARTESIAN_POINT('',(-4.565887712946,-4.201637982985));
#1578 = CARTESIAN_POINT('',(-4.562850405657,-4.316722703523));
#1579 = CARTESIAN_POINT('',(-4.559666128669,-4.42902899031));
#1580 = CARTESIAN_POINT('',(-4.552298889259,-4.670763261987));
#1581 = CARTESIAN_POINT('',(-4.548047527678,-4.798770933577));
#1582 = CARTESIAN_POINT('',(-4.543581542562,-4.921938469738));
#1583 = CARTESIAN_POINT('',(-4.538902401377,-5.039800337213));
#1584 = CARTESIAN_POINT('',(-4.534012923375,-5.151841338384));
#1585 = CARTESIAN_POINT('',(-4.528917589741,-5.257504375295));
#1586 = CARTESIAN_POINT('',(-4.519695580289,-5.429402560632));
#1587 = CARTESIAN_POINT('',(-4.51565883085,-5.498768250151));
#1588 = CARTESIAN_POINT('',(-4.511515488184,-5.564051604568));
#1589 = CARTESIAN_POINT('',(-4.507269385909,-5.624992576425));
#1590 = CARTESIAN_POINT('',(-4.502925486731,-5.681322650071));
#1591 = CARTESIAN_POINT('',(-4.498490060674,-5.732772743255));
#1592 = CARTESIAN_POINT('',(-4.488022422632,-5.840034978047));
#1593 = CARTESIAN_POINT('',(-4.481927635097,-5.892093550814));
#1594 = CARTESIAN_POINT('',(-4.475706186888,-5.934633138129));
#1595 = CARTESIAN_POINT('',(-4.469381395623,-5.967091049528));
#1596 = CARTESIAN_POINT('',(-4.462980497116,-5.988991796594));
#1597 = CARTESIAN_POINT('',(-4.456535089064,-6.));
#1598 = CARTESIAN_POINT('',(-4.450081731693,-6.));
#1599 = ( GEOMETRIC_REPRESENTATION_CONTEXT(2) 
PARAMETRIC_REPRESENTATION_CONTEXT() REPRESENTATION_CONTEXT('2D SPACE',''
  ) );
#1600 = PCURVE('',#1601,#1606);
#1601 = CYLINDRICAL_SURFACE('',#1602,5.);
#1602 = AXIS2_PLACEMENT_3D('',#1603,#1604,#1605);
#1603 = CARTESIAN_POINT('',(1.54422863406,-15.32564434701,7.));
#1604 = DIRECTION('',(-0.5,-0.866025403784,0.));
#1605 = DIRECTION('',(0.866025403784,-0.5,0.));
#1606 = DEFINITIONAL_REPRESENTATION('',(#1607),#1640);
#1607 = B_SPLINE_CURVE_WITH_KNOTS('',7,(#1608,#1609,#1610,#1611,#1612,
    #1613,#1614,#1615,#1616,#1617,#1618,#1619,#1620,#1621,#1622,#1623,
    #1624,#1625,#1626,#1627,#1628,#1629,#1630,#1631,#1632,#1633,#1634,
    #1635,#1636,#1637,#1638,#1639),.UNSPECIFIED.,.F.,.F.,(8,6,6,6,6,8),(
    0.,0.401390618851,0.540808329374,0.709750300968,0.835059914031,1.),
  .UNSPECIFIED.);
#1608 = CARTESIAN_POINT('',(0.,19.548577637182));
#1609 = CARTESIAN_POINT('',(8.047986752196E-02,19.536867811722));
#1610 = CARTESIAN_POINT('',(0.161024033318,19.54165254517));
#1611 = CARTESIAN_POINT('',(0.241938819884,19.563085034641));
#1612 = CARTESIAN_POINT('',(0.323474386416,19.601103444569));
#1613 = CARTESIAN_POINT('',(0.405892732464,19.655324919306));
#1614 = CARTESIAN_POINT('',(0.489474541997,19.72501874268));
#1615 = CARTESIAN_POINT('',(0.60422524043,19.838525820785));
#1616 = CARTESIAN_POINT('',(0.633994318637,19.869538456067));
#1617 = CARTESIAN_POINT('',(0.663965986062,19.902260813398));
#1618 = CARTESIAN_POINT('',(0.694155503256,19.93664552824));
#1619 = CARTESIAN_POINT('',(0.724578191438,19.972639146499));
#1620 = CARTESIAN_POINT('',(0.755249905711,20.010182049203));
#1621 = CARTESIAN_POINT('',(0.823676716476,20.096499246919));
#1622 = CARTESIAN_POINT('',(0.861553695171,20.145964823501));
#1623 = CARTESIAN_POINT('',(0.899849916063,20.197490346397));
#1624 = CARTESIAN_POINT('',(0.938592658349,20.250938718445));
#1625 = CARTESIAN_POINT('',(0.977805591185,20.306149949619));
#1626 = CARTESIAN_POINT('',(1.01750935615,20.362940600812));
#1627 = CARTESIAN_POINT('',(1.087549252774,20.464244290736));
#1628 = CARTESIAN_POINT('',(1.117654672892,20.508137684751));
#1629 = CARTESIAN_POINT('',(1.148043900481,20.552696605848));
#1630 = CARTESIAN_POINT('',(1.178719268429,20.597823176075));
#1631 = CARTESIAN_POINT('',(1.209679274892,20.643408883601));
#1632 = CARTESIAN_POINT('',(1.240917906106,20.689335022964));
#1633 = CARTESIAN_POINT('',(1.313894130377,20.796202907255));
#1634 = CARTESIAN_POINT('',(1.355835981049,20.857312372175));
#1635 = CARTESIAN_POINT('',(1.398209493822,20.918487969567));
#1636 = CARTESIAN_POINT('',(1.440964998671,20.97939878952));
#1637 = CARTESIAN_POINT('',(1.484040784612,21.039705240818));
#1638 = CARTESIAN_POINT('',(1.527355640762,21.09906667157));
#1639 = CARTESIAN_POINT('',(1.570796326795,21.157147942385));
#1640 = ( GEOMETRIC_REPRESENTATION_CONTEXT(2) 
PARAMETRIC_REPRESENTATION_CONTEXT() REPRESENTATION_CONTEXT('2D SPACE',''
  ) );
#1641 = ORIENTED_EDGE('',*,*,#1642,.F.);
#1642 = EDGE_CURVE('',#1643,#1528,#1645,.T.);
#1643 = VERTEX_POINT('',#1644);
#1644 = CARTESIAN_POINT('',(-3.914482113917,-34.78040870633,6.));
#1645 = SURFACE_CURVE('',#1646,(#1651,#1661),.PCURVE_S1.);
#1646 = HYPERBOLA('',#1647,525.0061274946,14.000163399856);
#1647 = AXIS2_PLACEMENT_3D('',#1648,#1649,#1650);
#1648 = CARTESIAN_POINT('',(12.124497161409,-7.000081699928,1.3185E+03)
  );
#1649 = DIRECTION('',(0.866025403784,-0.5,0.));
#1650 = DIRECTION('',(0.,-0.,-1.));
#1651 = PCURVE('',#219,#1652);
#1652 = DEFINITIONAL_REPRESENTATION('',(#1653),#1660);
#1653 = B_SPLINE_CURVE_WITH_KNOTS('',5,(#1654,#1655,#1656,#1657,#1658,
    #1659),.UNSPECIFIED.,.F.,.F.,(6,6),(-1.566786502471,-1.565788389432)
  ,.PIECEWISE_BEZIER_KNOTS.);
#1654 = CARTESIAN_POINT('',(-4.600312144684,0.));
#1655 = CARTESIAN_POINT('',(-4.600391994659,-0.24013071528));
#1656 = CARTESIAN_POINT('',(-4.600471862896,-0.48019605299));
#1657 = CARTESIAN_POINT('',(-4.600551749398,-0.720196033066));
#1658 = CARTESIAN_POINT('',(-4.600631654171,-0.960130675431));
#1659 = CARTESIAN_POINT('',(-4.600711577218,-1.2));
#1660 = ( GEOMETRIC_REPRESENTATION_CONTEXT(2) 
PARAMETRIC_REPRESENTATION_CONTEXT() REPRESENTATION_CONTEXT('2D SPACE',''
  ) );
#1661 = PCURVE('',#1662,#1667);
#1662 = PLANE('',#1663);
#1663 = AXIS2_PLACEMENT_3D('',#1664,#1665,#1666);
#1664 = CARTESIAN_POINT('',(5.874355652982,-17.82564434701,0.));
#1665 = DIRECTION('',(0.866025403784,-0.5,0.));
#1666 = DIRECTION('',(0.,0.,1.));
#1667 = DEFINITIONAL_REPRESENTATION('',(#1668),#1672);
#1668 = ( BOUNDED_CURVE() B_SPLINE_CURVE(2,(#1669,#1670,#1671),
.UNSPECIFIED.,.F.,.F.) B_SPLINE_CURVE_WITH_KNOTS((3,3),(-1.566786502471,
-1.565788389432),.PIECEWISE_BEZIER_KNOTS.) CURVE() 
GEOMETRIC_REPRESENTATION_ITEM() RATIONAL_B_SPLINE_CURVE((1.,
1.000000124529,1.)) REPRESENTATION_ITEM('') );
#1669 = CARTESIAN_POINT('',(6.,19.577675533799));
#1670 = CARTESIAN_POINT('',(6.600326738381,19.560208557059));
#1671 = CARTESIAN_POINT('',(7.2,19.54275755013));
#1672 = ( GEOMETRIC_REPRESENTATION_CONTEXT(2) 
PARAMETRIC_REPRESENTATION_CONTEXT() REPRESENTATION_CONTEXT('2D SPACE',''
  ) );
#1673 = ORIENTED_EDGE('',*,*,#1674,.T.);
#1674 = EDGE_CURVE('',#1643,#1675,#1677,.T.);
#1675 = VERTEX_POINT('',#1676);
#1676 = CARTESIAN_POINT('',(32.078029864691,-14.,6.));
#1677 = SURFACE_CURVE('',#1678,(#1683,#1690),.PCURVE_S1.);
#1678 = CIRCLE('',#1679,35.);
#1679 = AXIS2_PLACEMENT_3D('',#1680,#1681,#1682);
#1680 = CARTESIAN_POINT('',(0.,0.,6.));
#1681 = DIRECTION('',(0.,0.,1.));
#1682 = DIRECTION('',(1.,0.,-0.));
#1683 = PCURVE('',#219,#1684);
#1684 = DEFINITIONAL_REPRESENTATION('',(#1685),#1689);
#1685 = LINE('',#1686,#1687);
#1686 = CARTESIAN_POINT('',(-0.,-0.));
#1687 = VECTOR('',#1688,1.);
#1688 = DIRECTION('',(-1.,-0.));
#1689 = ( GEOMETRIC_REPRESENTATION_CONTEXT(2) 
PARAMETRIC_REPRESENTATION_CONTEXT() REPRESENTATION_CONTEXT('2D SPACE',''
  ) );
#1690 = PCURVE('',#852,#1691);
#1691 = DEFINITIONAL_REPRESENTATION('',(#1692),#1696);
#1692 = CIRCLE('',#1693,35.);
#1693 = AXIS2_PLACEMENT_2D('',#1694,#1695);
#1694 = CARTESIAN_POINT('',(0.,0.));
#1695 = DIRECTION('',(1.,0.));
#1696 = ( GEOMETRIC_REPRESENTATION_CONTEXT(2) 
PARAMETRIC_REPRESENTATION_CONTEXT() REPRESENTATION_CONTEXT('2D SPACE',''
  ) );
#1697 = ORIENTED_EDGE('',*,*,#1698,.T.);
#1698 = EDGE_CURVE('',#1675,#1699,#1701,.T.);
#1699 = VERTEX_POINT('',#1700);
#1700 = CARTESIAN_POINT('',(32.048932032822,-14.,7.));
#1701 = SURFACE_CURVE('',#1702,(#1707,#1717),.PCURVE_S1.);
#1702 = HYPERBOLA('',#1703,525.,14.);
#1703 = AXIS2_PLACEMENT_3D('',#1704,#1705,#1706);
#1704 = CARTESIAN_POINT('',(0.,-14.,1.3185E+03));
#1705 = DIRECTION('',(0.,1.,0.));
#1706 = DIRECTION('',(0.,0.,-1.));
#1707 = PCURVE('',#219,#1708);
#1708 = DEFINITIONAL_REPRESENTATION('',(#1709),#1716);
#1709 = B_SPLINE_CURVE_WITH_KNOTS('',5,(#1710,#1711,#1712,#1713,#1714,
    #1715),.UNSPECIFIED.,.F.,.F.,(6,6),(-1.566799236972,-1.565801126154)
  ,.PIECEWISE_BEZIER_KNOTS.);
#1710 = CARTESIAN_POINT('',(-5.871668461112,-2.272121023926E-13));
#1711 = CARTESIAN_POINT('',(-5.871588612247,-0.240130714698));
#1712 = CARTESIAN_POINT('',(-5.87150874512,-0.480196052118));
#1713 = CARTESIAN_POINT('',(-5.871428859728,-0.720196032192));
#1714 = CARTESIAN_POINT('',(-5.871348956066,-0.960130674849));
#1715 = CARTESIAN_POINT('',(-5.871269034129,-1.2));
#1716 = ( GEOMETRIC_REPRESENTATION_CONTEXT(2) 
PARAMETRIC_REPRESENTATION_CONTEXT() REPRESENTATION_CONTEXT('2D SPACE',''
  ) );
#1717 = PCURVE('',#1718,#1723);
#1718 = PLANE('',#1719);
#1719 = AXIS2_PLACEMENT_3D('',#1720,#1721,#1722);
#1720 = CARTESIAN_POINT('',(12.5,-14.,0.));
#1721 = DIRECTION('',(0.,1.,0.));
#1722 = DIRECTION('',(0.,0.,1.));
#1723 = DEFINITIONAL_REPRESENTATION('',(#1724),#1728);
#1724 = ( BOUNDED_CURVE() B_SPLINE_CURVE(2,(#1725,#1726,#1727),
.UNSPECIFIED.,.F.,.F.) B_SPLINE_CURVE_WITH_KNOTS((3,3),(-1.566799236972,
-1.565801126154),.PIECEWISE_BEZIER_KNOTS.) CURVE() 
GEOMETRIC_REPRESENTATION_ITEM() RATIONAL_B_SPLINE_CURVE((1.,
1.000000124528,1.)) REPRESENTATION_ITEM('') );
#1725 = CARTESIAN_POINT('',(6.,19.578029864691));
#1726 = CARTESIAN_POINT('',(6.600326736992,19.56056292683));
#1727 = CARTESIAN_POINT('',(7.2,19.543111958735));
#1728 = ( GEOMETRIC_REPRESENTATION_CONTEXT(2) 
PARAMETRIC_REPRESENTATION_CONTEXT() REPRESENTATION_CONTEXT('2D SPACE',''
  ) );
#1729 = ORIENTED_EDGE('',*,*,#1730,.T.);
#1730 = EDGE_CURVE('',#1699,#1731,#1733,.T.);
#1731 = VERTEX_POINT('',#1732);
#1732 = CARTESIAN_POINT('',(33.657474652742,-9.,12.));
#1733 = SURFACE_CURVE('',#1734,(#1767,#1803),.PCURVE_S1.);
#1734 = B_SPLINE_CURVE_WITH_KNOTS('',7,(#1735,#1736,#1737,#1738,#1739,
    #1740,#1741,#1742,#1743,#1744,#1745,#1746,#1747,#1748,#1749,#1750,
    #1751,#1752,#1753,#1754,#1755,#1756,#1757,#1758,#1759,#1760,#1761,
    #1762,#1763,#1764,#1765,#1766),.UNSPECIFIED.,.F.,.F.,(8,6,6,6,6,8),(
    0.,0.40139099461,0.540808733306,0.709750632236,0.835060120557,1.),
  .UNSPECIFIED.);
#1735 = CARTESIAN_POINT('',(32.048932032822,-14.,7.));
#1736 = CARTESIAN_POINT('',(32.037222235909,-14.,7.402399252832));
#1737 = CARTESIAN_POINT('',(32.042006761957,-13.96221808162,
    7.805120443667));
#1738 = CARTESIAN_POINT('',(32.063438804035,-13.88654098032,
    8.205435017907));
#1739 = CARTESIAN_POINT('',(32.101456530867,-13.77261372998,
    8.600316321837));
#1740 = CARTESIAN_POINT('',(32.155677098135,-13.620024083,8.986444150679
    ));
#1741 = CARTESIAN_POINT('',(32.225369805752,-13.42839238647,
    9.360229444918));
#1742 = CARTESIAN_POINT('',(32.338875104491,-13.11653706145,
    9.841830434442));
#1743 = CARTESIAN_POINT('',(32.369887239683,-13.03134953078,
    9.963994636593));
#1744 = CARTESIAN_POINT('',(32.402609072337,-12.94134385665,
    10.083993746998));
#1745 = CARTESIAN_POINT('',(32.436993238797,-12.84649741591,
    10.201637919878));
#1746 = CARTESIAN_POINT('',(32.472986285864,-12.74679096721,
    10.316722651865));
#1747 = CARTESIAN_POINT('',(32.510528595459,-12.64220932758,
    10.429028960016));
#1748 = CARTESIAN_POINT('',(32.596844404929,-12.40009314768,
    10.670763214968));
#1749 = CARTESIAN_POINT('',(32.646309173764,-12.26027973469,
    10.798770858092));
#1750 = CARTESIAN_POINT('',(32.697833857052,-12.11327877382,
    10.921938383474));
#1751 = CARTESIAN_POINT('',(32.751281359408,-11.95909889062,
    11.039800256063));
#1752 = CARTESIAN_POINT('',(32.806491692559,-11.79779192699,
    11.151841275623));
#1753 = CARTESIAN_POINT('',(32.863281419106,-11.62946449579,
    11.257504340886));
#1754 = CARTESIAN_POINT('',(32.964583430668,-11.32435679032,
    11.429402544768));
#1755 = CARTESIAN_POINT('',(33.008476081355,-11.19066434142,
    11.498768226031));
#1756 = CARTESIAN_POINT('',(33.053034245366,-11.05329115923,
    11.564051578573));
#1757 = CARTESIAN_POINT('',(33.098160045586,-10.91234806127,
    11.624992553475));
#1758 = CARTESIAN_POINT('',(33.143744971053,-10.76798434267,
    11.681322633511));
#1759 = CARTESIAN_POINT('',(33.189670317226,-10.62039440689,
    11.732772734842));
#1760 = CARTESIAN_POINT('',(33.296536325201,-10.27163509959,
    11.840034973478));
#1761 = CARTESIAN_POINT('',(33.357644699399,-10.06824241657,
    11.892093546955));
#1762 = CARTESIAN_POINT('',(33.418819190794,-9.860274176553,
    11.934633136835));
#1763 = CARTESIAN_POINT('',(33.479728892351,-9.64848678715,
    11.967091050269));
#1764 = CARTESIAN_POINT('',(33.540034216244,-9.43377784554,
    11.988991797649));
#1765 = CARTESIAN_POINT('',(33.59939451459,-9.217203419743,12.));
#1766 = CARTESIAN_POINT('',(33.657474652742,-9.,12.));
#1767 = PCURVE('',#219,#1768);
#1768 = DEFINITIONAL_REPRESENTATION('',(#1769),#1802);
#1769 = B_SPLINE_CURVE_WITH_KNOTS('',7,(#1770,#1771,#1772,#1773,#1774,
    #1775,#1776,#1777,#1778,#1779,#1780,#1781,#1782,#1783,#1784,#1785,
    #1786,#1787,#1788,#1789,#1790,#1791,#1792,#1793,#1794,#1795,#1796,
    #1797,#1798,#1799,#1800,#1801),.UNSPECIFIED.,.F.,.F.,(8,6,6,6,6,8),(
    0.,0.40139099461,0.540808733306,0.709750632236,0.835060120557,1.),
  .UNSPECIFIED.);
#1770 = CARTESIAN_POINT('',(-5.871335660894,-1.));
#1771 = CARTESIAN_POINT('',(-5.871201630485,-1.402399252832));
#1772 = CARTESIAN_POINT('',(-5.872246271531,-1.805120443667));
#1773 = CARTESIAN_POINT('',(-5.874475824624,-2.205435017907));
#1774 = CARTESIAN_POINT('',(-5.87790041913,-2.600316321837));
#1775 = CARTESIAN_POINT('',(-5.882527951378,-2.986444150679));
#1776 = CARTESIAN_POINT('',(-5.888361607011,-3.360229444918));
#1777 = CARTESIAN_POINT('',(-5.897863396961,-3.841830434442));
#1778 = CARTESIAN_POINT('',(-5.900459554182,-3.963994636593));
#1779 = CARTESIAN_POINT('',(-5.903202646283,-4.083993746998));
#1780 = CARTESIAN_POINT('',(-5.906092834851,-4.201637919878));
#1781 = CARTESIAN_POINT('',(-5.909130136731,-4.316722651865));
#1782 = CARTESIAN_POINT('',(-5.912314408431,-4.429028960016));
#1783 = CARTESIAN_POINT('',(-5.919681634019,-4.670763214968));
#1784 = CARTESIAN_POINT('',(-5.92393298688,-4.798770858092));
#1785 = CARTESIAN_POINT('',(-5.928398963411,-4.921938383474));
#1786 = CARTESIAN_POINT('',(-5.93307809627,-5.039800256063));
#1787 = CARTESIAN_POINT('',(-5.937967566321,-5.151841275623));
#1788 = CARTESIAN_POINT('',(-5.943062892478,-5.257504340886));
#1789 = CARTESIAN_POINT('',(-5.952284887652,-5.429402544768));
#1790 = CARTESIAN_POINT('',(-5.956321629914,-5.498768226031));
#1791 = CARTESIAN_POINT('',(-5.960464965615,-5.564051578573));
#1792 = CARTESIAN_POINT('',(-5.96471106116,-5.624992553475));
#1793 = CARTESIAN_POINT('',(-5.969054953856,-5.681322633511));
#1794 = CARTESIAN_POINT('',(-5.973490373679,-5.732772734842));
#1795 = CARTESIAN_POINT('',(-5.983957996288,-5.840034973478));
#1796 = CARTESIAN_POINT('',(-5.990052774739,-5.892093546955));
#1797 = CARTESIAN_POINT('',(-5.99627421415,-5.934633136835));
#1798 = CARTESIAN_POINT('',(-6.002598996821,-5.967091050269));
#1799 = CARTESIAN_POINT('',(-6.008999886839,-5.988991797649));
#1800 = CARTESIAN_POINT('',(-6.015445286379,-6.));
#1801 = CARTESIAN_POINT('',(-6.021898635063,-6.));
#1802 = ( GEOMETRIC_REPRESENTATION_CONTEXT(2) 
PARAMETRIC_REPRESENTATION_CONTEXT() REPRESENTATION_CONTEXT('2D SPACE',''
  ) );
#1803 = PCURVE('',#1804,#1809);
#1804 = CYLINDRICAL_SURFACE('',#1805,5.);
#1805 = AXIS2_PLACEMENT_3D('',#1806,#1807,#1808);
#1806 = CARTESIAN_POINT('',(12.5,-9.,7.));
#1807 = DIRECTION('',(1.,0.,0.));
#1808 = DIRECTION('',(0.,-1.,0.));
#1809 = DEFINITIONAL_REPRESENTATION('',(#1810),#1843);
#1810 = B_SPLINE_CURVE_WITH_KNOTS('',7,(#1811,#1812,#1813,#1814,#1815,
    #1816,#1817,#1818,#1819,#1820,#1821,#1822,#1823,#1824,#1825,#1826,
    #1827,#1828,#1829,#1830,#1831,#1832,#1833,#1834,#1835,#1836,#1837,
    #1838,#1839,#1840,#1841,#1842),.UNSPECIFIED.,.F.,.F.,(8,6,6,6,6,8),(
    0.,0.40139099461,0.540808733306,0.709750632236,0.835060120557,1.),
  .UNSPECIFIED.);
#1811 = CARTESIAN_POINT('',(0.,19.548932032822));
#1812 = CARTESIAN_POINT('',(-8.047985056649E-02,19.537222235909));
#1813 = CARTESIAN_POINT('',(-0.161023996955,19.542006761957));
#1814 = CARTESIAN_POINT('',(-0.241938767488,19.563438804035));
#1815 = CARTESIAN_POINT('',(-0.323474325368,19.601456530867));
#1816 = CARTESIAN_POINT('',(-0.405892674131,19.655677098135));
#1817 = CARTESIAN_POINT('',(-0.489474501679,19.725369805752));
#1818 = CARTESIAN_POINT('',(-0.604225232719,19.838875104491));
#1819 = CARTESIAN_POINT('',(-0.633994305489,19.869887239683));
#1820 = CARTESIAN_POINT('',(-0.66396596994,19.902609072337));
#1821 = CARTESIAN_POINT('',(-0.694155486794,19.936993238797));
#1822 = CARTESIAN_POINT('',(-0.724578177435,19.972986285864));
#1823 = CARTESIAN_POINT('',(-0.755249897136,20.010528595459));
#1824 = CARTESIAN_POINT('',(-0.823676703166,20.096844404929));
#1825 = CARTESIAN_POINT('',(-0.861553672638,20.146309173764));
#1826 = CARTESIAN_POINT('',(-0.899849888677,20.197833857052));
#1827 = CARTESIAN_POINT('',(-0.938592630683,20.251281359408));
#1828 = CARTESIAN_POINT('',(-0.97780556795,20.306491692559));
#1829 = CARTESIAN_POINT('',(-1.01750934213,20.363281419106));
#1830 = CARTESIAN_POINT('',(-1.08754924631,20.464583430668));
#1831 = CARTESIAN_POINT('',(-1.117654662268,20.508476081355));
#1832 = CARTESIAN_POINT('',(-1.148043887963,20.553034245366));
#1833 = CARTESIAN_POINT('',(-1.178719256201,20.598160045586));
#1834 = CARTESIAN_POINT('',(-1.209679264997,20.643744971053));
#1835 = CARTESIAN_POINT('',(-1.240917900381,20.689670317226));
#1836 = CARTESIAN_POINT('',(-1.313894127268,20.796536325201));
#1837 = CARTESIAN_POINT('',(-1.355835977445,20.857644699399));
#1838 = CARTESIAN_POINT('',(-1.398209491443,20.918819190794));
#1839 = CARTESIAN_POINT('',(-1.440964998323,20.979728892351));
#1840 = CARTESIAN_POINT('',(-1.484040786123,21.040034216244));
#1841 = CARTESIAN_POINT('',(-1.527355642846,21.09939451459));
#1842 = CARTESIAN_POINT('',(-1.570796326795,21.157474652742));
#1843 = ( GEOMETRIC_REPRESENTATION_CONTEXT(2) 
PARAMETRIC_REPRESENTATION_CONTEXT() REPRESENTATION_CONTEXT('2D SPACE',''
  ) );
#1844 = ORIENTED_EDGE('',*,*,#1845,.T.);
#1845 = EDGE_CURVE('',#1731,#1846,#1848,.T.);
#1846 = VERTEX_POINT('',#1847);
#1847 = CARTESIAN_POINT('',(33.848549056604,-8.252352801637,12.));
#1848 = SURFACE_CURVE('',#1849,(#1854,#1861),.PCURVE_S1.);
#1849 = CIRCLE('',#1850,34.84);
#1850 = AXIS2_PLACEMENT_3D('',#1851,#1852,#1853);
#1851 = CARTESIAN_POINT('',(0.,0.,12.));
#1852 = DIRECTION('',(0.,0.,1.));
#1853 = DIRECTION('',(1.,0.,-0.));
#1854 = PCURVE('',#219,#1855);
#1855 = DEFINITIONAL_REPRESENTATION('',(#1856),#1860);
#1856 = LINE('',#1857,#1858);
#1857 = CARTESIAN_POINT('',(-0.,-6.));
#1858 = VECTOR('',#1859,1.);
#1859 = DIRECTION('',(-1.,-0.));
#1860 = ( GEOMETRIC_REPRESENTATION_CONTEXT(2) 
PARAMETRIC_REPRESENTATION_CONTEXT() REPRESENTATION_CONTEXT('2D SPACE',''
  ) );
#1861 = PCURVE('',#1862,#1867);
#1862 = PLANE('',#1863);
#1863 = AXIS2_PLACEMENT_3D('',#1864,#1865,#1866);
#1864 = CARTESIAN_POINT('',(12.5,-14.,12.));
#1865 = DIRECTION('',(0.,0.,1.));
#1866 = DIRECTION('',(1.,0.,0.));
#1867 = DEFINITIONAL_REPRESENTATION('',(#1868),#1872);
#1868 = CIRCLE('',#1869,34.84);
#1869 = AXIS2_PLACEMENT_2D('',#1870,#1871);
#1870 = CARTESIAN_POINT('',(-12.5,14.));
#1871 = DIRECTION('',(1.,0.));
#1872 = ( GEOMETRIC_REPRESENTATION_CONTEXT(2) 
PARAMETRIC_REPRESENTATION_CONTEXT() REPRESENTATION_CONTEXT('2D SPACE',''
  ) );
#1873 = ORIENTED_EDGE('',*,*,#1874,.F.);
#1874 = EDGE_CURVE('',#514,#1846,#1875,.T.);
#1875 = SURFACE_CURVE('',#1876,(#1882,#1891),.PCURVE_S1.);
#1876 = B_SPLINE_CURVE_WITH_KNOTS('',4,(#1877,#1878,#1879,#1880,#1881),
  .UNSPECIFIED.,.F.,.F.,(5,5),(0.,1.),.PIECEWISE_BEZIER_KNOTS.);
#1877 = CARTESIAN_POINT('',(33.813503333278,-8.283427370004,13.0000006)
  );
#1878 = CARTESIAN_POINT('',(33.874810580245,-8.229298718298,
    11.249979247038));
#1879 = CARTESIAN_POINT('',(33.936226931212,-8.173997094867,
    9.49997137863));
#1880 = CARTESIAN_POINT('',(33.997752350118,-8.117471918378,
    7.749977916291));
#1881 = CARTESIAN_POINT('',(34.059386792453,-8.059663226344,6.));
#1882 = PCURVE('',#219,#1883);
#1883 = DEFINITIONAL_REPRESENTATION('',(#1884),#1890);
#1884 = B_SPLINE_CURVE_WITH_KNOTS('',4,(#1885,#1886,#1887,#1888,#1889),
  .UNSPECIFIED.,.F.,.F.,(5,5),(0.,1.),.PIECEWISE_BEZIER_KNOTS.);
#1885 = CARTESIAN_POINT('',(-6.042942612365,-7.0000006));
#1886 = CARTESIAN_POINT('',(-6.044871799548,-5.249979247038));
#1887 = CARTESIAN_POINT('',(-6.046827561662,-3.49997137863));
#1888 = CARTESIAN_POINT('',(-6.048811115673,-1.749977916291));
#1889 = CARTESIAN_POINT('',(-6.050823916857,2.2759078923E-13));
#1890 = ( GEOMETRIC_REPRESENTATION_CONTEXT(2) 
PARAMETRIC_REPRESENTATION_CONTEXT() REPRESENTATION_CONTEXT('2D SPACE',''
  ) );
#1891 = PCURVE('',#643,#1892);
#1892 = DEFINITIONAL_REPRESENTATION('',(#1893),#1899);
#1893 = B_SPLINE_CURVE_WITH_KNOTS('',4,(#1894,#1895,#1896,#1897,#1898),
  .UNSPECIFIED.,.F.,.F.,(5,5),(8.571323152395E-08,0.142855722904),
  .PIECEWISE_BEZIER_KNOTS.);
#1894 = CARTESIAN_POINT('',(5.435680270935,14.));
#1895 = CARTESIAN_POINT('',(5.43673757312,13.749999584526));
#1896 = CARTESIAN_POINT('',(5.437796460156,13.499999444241));
#1897 = CARTESIAN_POINT('',(5.438856944006,13.249999581831));
#1898 = CARTESIAN_POINT('',(5.439919036959,13.000000000075));
#1899 = ( GEOMETRIC_REPRESENTATION_CONTEXT(2) 
PARAMETRIC_REPRESENTATION_CONTEXT() REPRESENTATION_CONTEXT('2D SPACE',''
  ) );
#1900 = ADVANCED_FACE('',(#1901),#252,.T.);
#1901 = FACE_BOUND('',#1902,.T.);
#1902 = EDGE_LOOP('',(#1903,#1904));
#1903 = ORIENTED_EDGE('',*,*,#1480,.F.);
#1904 = ORIENTED_EDGE('',*,*,#235,.F.);
#1905 = ADVANCED_FACE('',(#1906),#183,.T.);
#1906 = FACE_BOUND('',#1907,.T.);
#1907 = EDGE_LOOP('',(#1908,#1909,#1910,#1911));
#1908 = ORIENTED_EDGE('',*,*,#1503,.F.);
#1909 = ORIENTED_EDGE('',*,*,#167,.F.);
#1910 = ORIENTED_EDGE('',*,*,#377,.T.);
#1911 = ORIENTED_EDGE('',*,*,#1912,.F.);
#1912 = EDGE_CURVE('',#1504,#378,#1913,.T.);
#1913 = SURFACE_CURVE('',#1914,(#1918,#1925),.PCURVE_S1.);
#1914 = LINE('',#1915,#1916);
#1915 = CARTESIAN_POINT('',(1.54422863406,-15.32564434701,12.));
#1916 = VECTOR('',#1917,1.);
#1917 = DIRECTION('',(-0.5,-0.866025403784,0.));
#1918 = PCURVE('',#183,#1919);
#1919 = DEFINITIONAL_REPRESENTATION('',(#1920),#1924);
#1920 = LINE('',#1921,#1922);
#1921 = CARTESIAN_POINT('',(1.7763568394E-15,23.));
#1922 = VECTOR('',#1923,1.);
#1923 = DIRECTION('',(1.,0.));
#1924 = ( GEOMETRIC_REPRESENTATION_CONTEXT(2) 
PARAMETRIC_REPRESENTATION_CONTEXT() REPRESENTATION_CONTEXT('2D SPACE',''
  ) );
#1925 = PCURVE('',#1601,#1926);
#1926 = DEFINITIONAL_REPRESENTATION('',(#1927),#1931);
#1927 = LINE('',#1928,#1929);
#1928 = CARTESIAN_POINT('',(1.570796326795,0.));
#1929 = VECTOR('',#1930,1.);
#1930 = DIRECTION('',(0.,1.));
#1931 = ( GEOMETRIC_REPRESENTATION_CONTEXT(2) 
PARAMETRIC_REPRESENTATION_CONTEXT() REPRESENTATION_CONTEXT('2D SPACE',''
  ) );
#1932 = ADVANCED_FACE('',(#1933),#344,.T.);
#1933 = FACE_BOUND('',#1934,.T.);
#1934 = EDGE_LOOP('',(#1935,#1936,#1958));
#1935 = ORIENTED_EDGE('',*,*,#326,.F.);
#1936 = ORIENTED_EDGE('',*,*,#1937,.T.);
#1937 = EDGE_CURVE('',#327,#1938,#1940,.T.);
#1938 = VERTEX_POINT('',#1939);
#1939 = CARTESIAN_POINT('',(-29.87435565298,-23.74422863406,7.));
#1940 = SURFACE_CURVE('',#1941,(#1946,#1952),.PCURVE_S1.);
#1941 = CIRCLE('',#1942,5.);
#1942 = AXIS2_PLACEMENT_3D('',#1943,#1944,#1945);
#1943 = CARTESIAN_POINT('',(-25.54422863406,-26.24422863406,7.));
#1944 = DIRECTION('',(-0.5,-0.866025403784,0.));
#1945 = DIRECTION('',(-0.866025403784,0.5,0.));
#1946 = PCURVE('',#344,#1947);
#1947 = DEFINITIONAL_REPRESENTATION('',(#1948),#1951);
#1948 = B_SPLINE_CURVE_WITH_KNOTS('',1,(#1949,#1950),.UNSPECIFIED.,.F.,
  .F.,(2,2),(4.712388980385,6.28318530718),.PIECEWISE_BEZIER_KNOTS.);
#1949 = CARTESIAN_POINT('',(1.570796326795,-1.570796326795));
#1950 = CARTESIAN_POINT('',(1.570796326795,0.));
#1951 = ( GEOMETRIC_REPRESENTATION_CONTEXT(2) 
PARAMETRIC_REPRESENTATION_CONTEXT() REPRESENTATION_CONTEXT('2D SPACE',''
  ) );
#1952 = PCURVE('',#496,#1953);
#1953 = DEFINITIONAL_REPRESENTATION('',(#1954),#1957);
#1954 = B_SPLINE_CURVE_WITH_KNOTS('',1,(#1955,#1956),.UNSPECIFIED.,.F.,
  .F.,(2,2),(4.712388980385,6.28318530718),.PIECEWISE_BEZIER_KNOTS.);
#1955 = CARTESIAN_POINT('',(-1.570796326795,23.));
#1956 = CARTESIAN_POINT('',(0.,23.));
#1957 = ( GEOMETRIC_REPRESENTATION_CONTEXT(2) 
PARAMETRIC_REPRESENTATION_CONTEXT() REPRESENTATION_CONTEXT('2D SPACE',''
  ) );
#1958 = ORIENTED_EDGE('',*,*,#1959,.F.);
#1959 = EDGE_CURVE('',#329,#1938,#1960,.T.);
#1960 = SURFACE_CURVE('',#1961,(#1966,#1973),.PCURVE_S1.);
#1961 = CIRCLE('',#1962,5.);
#1962 = AXIS2_PLACEMENT_3D('',#1963,#1964,#1965);
#1963 = CARTESIAN_POINT('',(-25.54422863406,-26.24422863406,7.));
#1964 = DIRECTION('',(-0.,0.,-1.));
#1965 = DIRECTION('',(-0.5,-0.866025403784,0.));
#1966 = PCURVE('',#344,#1967);
#1967 = DEFINITIONAL_REPRESENTATION('',(#1968),#1972);
#1968 = LINE('',#1969,#1970);
#1969 = CARTESIAN_POINT('',(0.,0.));
#1970 = VECTOR('',#1971,1.);
#1971 = DIRECTION('',(1.,0.));
#1972 = ( GEOMETRIC_REPRESENTATION_CONTEXT(2) 
PARAMETRIC_REPRESENTATION_CONTEXT() REPRESENTATION_CONTEXT('2D SPACE',''
  ) );
#1973 = PCURVE('',#1974,#1979);
#1974 = CYLINDRICAL_SURFACE('',#1975,5.);
#1975 = AXIS2_PLACEMENT_3D('',#1976,#1977,#1978);
#1976 = CARTESIAN_POINT('',(-25.54422863406,-26.24422863406,0.));
#1977 = DIRECTION('',(0.,0.,1.));
#1978 = DIRECTION('',(-0.5,-0.866025403784,0.));
#1979 = DEFINITIONAL_REPRESENTATION('',(#1980),#1984);
#1980 = LINE('',#1981,#1982);
#1981 = CARTESIAN_POINT('',(-1.06581410364E-15,7.));
#1982 = VECTOR('',#1983,1.);
#1983 = DIRECTION('',(-1.,0.));
#1984 = ( GEOMETRIC_REPRESENTATION_CONTEXT(2) 
PARAMETRIC_REPRESENTATION_CONTEXT() REPRESENTATION_CONTEXT('2D SPACE',''
  ) );
#1985 = ADVANCED_FACE('',(#1986),#443,.T.);
#1986 = FACE_BOUND('',#1987,.T.);
#1987 = EDGE_LOOP('',(#1988,#2011,#2039,#2065));
#1988 = ORIENTED_EDGE('',*,*,#1989,.F.);
#1989 = EDGE_CURVE('',#1990,#329,#1992,.T.);
#1990 = VERTEX_POINT('',#1991);
#1991 = CARTESIAN_POINT('',(-28.04422863406,-30.57435565298,5.));
#1992 = SURFACE_CURVE('',#1993,(#1997,#2004),.PCURVE_S1.);
#1993 = LINE('',#1994,#1995);
#1994 = CARTESIAN_POINT('',(-28.04422863406,-30.57435565298,0.));
#1995 = VECTOR('',#1996,1.);
#1996 = DIRECTION('',(0.,0.,1.));
#1997 = PCURVE('',#443,#1998);
#1998 = DEFINITIONAL_REPRESENTATION('',(#1999),#2003);
#1999 = LINE('',#2000,#2001);
#2000 = CARTESIAN_POINT('',(0.,-5.));
#2001 = VECTOR('',#2002,1.);
#2002 = DIRECTION('',(1.,0.));
#2003 = ( GEOMETRIC_REPRESENTATION_CONTEXT(2) 
PARAMETRIC_REPRESENTATION_CONTEXT() REPRESENTATION_CONTEXT('2D SPACE',''
  ) );
#2004 = PCURVE('',#1974,#2005);
#2005 = DEFINITIONAL_REPRESENTATION('',(#2006),#2010);
#2006 = LINE('',#2007,#2008);
#2007 = CARTESIAN_POINT('',(-0.,0.));
#2008 = VECTOR('',#2009,1.);
#2009 = DIRECTION('',(-0.,1.));
#2010 = ( GEOMETRIC_REPRESENTATION_CONTEXT(2) 
PARAMETRIC_REPRESENTATION_CONTEXT() REPRESENTATION_CONTEXT('2D SPACE',''
  ) );
#2011 = ORIENTED_EDGE('',*,*,#2012,.T.);
#2012 = EDGE_CURVE('',#1990,#2013,#2015,.T.);
#2013 = VERTEX_POINT('',#2014);
#2014 = CARTESIAN_POINT('',(-12.45577136594,-39.57435565298,5.));
#2015 = SURFACE_CURVE('',#2016,(#2020,#2027),.PCURVE_S1.);
#2016 = LINE('',#2017,#2018);
#2017 = CARTESIAN_POINT('',(-32.37435565298,-28.07435565298,5.));
#2018 = VECTOR('',#2019,1.);
#2019 = DIRECTION('',(0.866025403784,-0.5,0.));
#2020 = PCURVE('',#443,#2021);
#2021 = DEFINITIONAL_REPRESENTATION('',(#2022),#2026);
#2022 = LINE('',#2023,#2024);
#2023 = CARTESIAN_POINT('',(5.,-1.7763568394E-15));
#2024 = VECTOR('',#2025,1.);
#2025 = DIRECTION('',(0.,-1.));
#2026 = ( GEOMETRIC_REPRESENTATION_CONTEXT(2) 
PARAMETRIC_REPRESENTATION_CONTEXT() REPRESENTATION_CONTEXT('2D SPACE',''
  ) );
#2027 = PCURVE('',#2028,#2033);
#2028 = CYLINDRICAL_SURFACE('',#2029,5.);
#2029 = AXIS2_PLACEMENT_3D('',#2030,#2031,#2032);
#2030 = CARTESIAN_POINT('',(-29.87435565298,-23.74422863406,5.));
#2031 = DIRECTION('',(0.866025403784,-0.5,0.));
#2032 = DIRECTION('',(-0.5,-0.866025403784,0.));
#2033 = DEFINITIONAL_REPRESENTATION('',(#2034),#2038);
#2034 = LINE('',#2035,#2036);
#2035 = CARTESIAN_POINT('',(0.,0.));
#2036 = VECTOR('',#2037,1.);
#2037 = DIRECTION('',(0.,1.));
#2038 = ( GEOMETRIC_REPRESENTATION_CONTEXT(2) 
PARAMETRIC_REPRESENTATION_CONTEXT() REPRESENTATION_CONTEXT('2D SPACE',''
  ) );
#2039 = ORIENTED_EDGE('',*,*,#2040,.T.);
#2040 = EDGE_CURVE('',#2013,#401,#2041,.T.);
#2041 = SURFACE_CURVE('',#2042,(#2046,#2053),.PCURVE_S1.);
#2042 = LINE('',#2043,#2044);
#2043 = CARTESIAN_POINT('',(-12.45577136594,-39.57435565298,0.));
#2044 = VECTOR('',#2045,1.);
#2045 = DIRECTION('',(0.,0.,1.));
#2046 = PCURVE('',#443,#2047);
#2047 = DEFINITIONAL_REPRESENTATION('',(#2048),#2052);
#2048 = LINE('',#2049,#2050);
#2049 = CARTESIAN_POINT('',(0.,-23.));
#2050 = VECTOR('',#2051,1.);
#2051 = DIRECTION('',(1.,0.));
#2052 = ( GEOMETRIC_REPRESENTATION_CONTEXT(2) 
PARAMETRIC_REPRESENTATION_CONTEXT() REPRESENTATION_CONTEXT('2D SPACE',''
  ) );
#2053 = PCURVE('',#2054,#2059);
#2054 = CYLINDRICAL_SURFACE('',#2055,5.);
#2055 = AXIS2_PLACEMENT_3D('',#2056,#2057,#2058);
#2056 = CARTESIAN_POINT('',(-9.95577136594,-35.24422863406,0.));
#2057 = DIRECTION('',(0.,0.,1.));
#2058 = DIRECTION('',(-0.5,-0.866025403784,0.));
#2059 = DEFINITIONAL_REPRESENTATION('',(#2060),#2064);
#2060 = LINE('',#2061,#2062);
#2061 = CARTESIAN_POINT('',(0.,0.));
#2062 = VECTOR('',#2063,1.);
#2063 = DIRECTION('',(0.,1.));
#2064 = ( GEOMETRIC_REPRESENTATION_CONTEXT(2) 
PARAMETRIC_REPRESENTATION_CONTEXT() REPRESENTATION_CONTEXT('2D SPACE',''
  ) );
#2065 = ORIENTED_EDGE('',*,*,#429,.F.);
#2066 = ADVANCED_FACE('',(#2067),#417,.T.);
#2067 = FACE_BOUND('',#2068,.T.);
#2068 = EDGE_LOOP('',(#2069,#2091,#2111));
#2069 = ORIENTED_EDGE('',*,*,#2070,.F.);
#2070 = EDGE_CURVE('',#2071,#401,#2073,.T.);
#2071 = VERTEX_POINT('',#2072);
#2072 = CARTESIAN_POINT('',(-5.625644347018,-37.74422863406,7.));
#2073 = SURFACE_CURVE('',#2074,(#2079,#2085),.PCURVE_S1.);
#2074 = CIRCLE('',#2075,5.);
#2075 = AXIS2_PLACEMENT_3D('',#2076,#2077,#2078);
#2076 = CARTESIAN_POINT('',(-9.95577136594,-35.24422863406,7.));
#2077 = DIRECTION('',(0.,-0.,-1.));
#2078 = DIRECTION('',(-0.5,-0.866025403784,0.));
#2079 = PCURVE('',#417,#2080);
#2080 = DEFINITIONAL_REPRESENTATION('',(#2081),#2084);
#2081 = B_SPLINE_CURVE_WITH_KNOTS('',1,(#2082,#2083),.UNSPECIFIED.,.F.,
  .F.,(2,2),(4.712388980385,6.28318530718),.PIECEWISE_BEZIER_KNOTS.);
#2082 = CARTESIAN_POINT('',(0.,-1.570796326795));
#2083 = CARTESIAN_POINT('',(0.,0.));
#2084 = ( GEOMETRIC_REPRESENTATION_CONTEXT(2) 
PARAMETRIC_REPRESENTATION_CONTEXT() REPRESENTATION_CONTEXT('2D SPACE',''
  ) );
#2085 = PCURVE('',#2054,#2086);
#2086 = DEFINITIONAL_REPRESENTATION('',(#2087),#2090);
#2087 = B_SPLINE_CURVE_WITH_KNOTS('',1,(#2088,#2089),.UNSPECIFIED.,.F.,
  .F.,(2,2),(4.712388980385,6.28318530718),.PIECEWISE_BEZIER_KNOTS.);
#2088 = CARTESIAN_POINT('',(1.570796326795,7.));
#2089 = CARTESIAN_POINT('',(0.,7.));
#2090 = ( GEOMETRIC_REPRESENTATION_CONTEXT(2) 
PARAMETRIC_REPRESENTATION_CONTEXT() REPRESENTATION_CONTEXT('2D SPACE',''
  ) );
#2091 = ORIENTED_EDGE('',*,*,#2092,.T.);
#2092 = EDGE_CURVE('',#2071,#378,#2093,.T.);
#2093 = SURFACE_CURVE('',#2094,(#2099,#2105),.PCURVE_S1.);
#2094 = CIRCLE('',#2095,5.);
#2095 = AXIS2_PLACEMENT_3D('',#2096,#2097,#2098);
#2096 = CARTESIAN_POINT('',(-9.95577136594,-35.24422863406,7.));
#2097 = DIRECTION('',(-0.5,-0.866025403784,6.049014748177E-16));
#2098 = DIRECTION('',(3.024507374089E-16,5.238600439788E-16,1.));
#2099 = PCURVE('',#417,#2100);
#2100 = DEFINITIONAL_REPRESENTATION('',(#2101),#2104);
#2101 = B_SPLINE_CURVE_WITH_KNOTS('',1,(#2102,#2103),.UNSPECIFIED.,.F.,
  .F.,(2,2),(4.712388980385,6.28318530718),.PIECEWISE_BEZIER_KNOTS.);
#2102 = CARTESIAN_POINT('',(1.570796326795,-1.570796326795));
#2103 = CARTESIAN_POINT('',(1.570796326795,0.));
#2104 = ( GEOMETRIC_REPRESENTATION_CONTEXT(2) 
PARAMETRIC_REPRESENTATION_CONTEXT() REPRESENTATION_CONTEXT('2D SPACE',''
  ) );
#2105 = PCURVE('',#1601,#2106);
#2106 = DEFINITIONAL_REPRESENTATION('',(#2107),#2110);
#2107 = B_SPLINE_CURVE_WITH_KNOTS('',1,(#2108,#2109),.UNSPECIFIED.,.F.,
  .F.,(2,2),(4.712388980385,6.28318530718),.PIECEWISE_BEZIER_KNOTS.);
#2108 = CARTESIAN_POINT('',(0.,23.));
#2109 = CARTESIAN_POINT('',(1.570796326795,23.));
#2110 = ( GEOMETRIC_REPRESENTATION_CONTEXT(2) 
PARAMETRIC_REPRESENTATION_CONTEXT() REPRESENTATION_CONTEXT('2D SPACE',''
  ) );
#2111 = ORIENTED_EDGE('',*,*,#400,.F.);
#2112 = ADVANCED_FACE('',(#2113),#496,.T.);
#2113 = FACE_BOUND('',#2114,.F.);
#2114 = EDGE_LOOP('',(#2115,#2116,#2117,#2118));
#2115 = ORIENTED_EDGE('',*,*,#1370,.T.);
#2116 = ORIENTED_EDGE('',*,*,#482,.T.);
#2117 = ORIENTED_EDGE('',*,*,#1937,.T.);
#2118 = ORIENTED_EDGE('',*,*,#2119,.F.);
#2119 = EDGE_CURVE('',#1339,#1938,#2120,.T.);
#2120 = SURFACE_CURVE('',#2121,(#2125,#2132),.PCURVE_S1.);
#2121 = LINE('',#2122,#2123);
#2122 = CARTESIAN_POINT('',(-18.37435565298,-3.825644347018,7.));
#2123 = VECTOR('',#2124,1.);
#2124 = DIRECTION('',(-0.5,-0.866025403784,0.));
#2125 = PCURVE('',#496,#2126);
#2126 = DEFINITIONAL_REPRESENTATION('',(#2127),#2131);
#2127 = LINE('',#2128,#2129);
#2128 = CARTESIAN_POINT('',(-0.,0.));
#2129 = VECTOR('',#2130,1.);
#2130 = DIRECTION('',(-0.,1.));
#2131 = ( GEOMETRIC_REPRESENTATION_CONTEXT(2) 
PARAMETRIC_REPRESENTATION_CONTEXT() REPRESENTATION_CONTEXT('2D SPACE',''
  ) );
#2132 = PCURVE('',#1358,#2133);
#2133 = DEFINITIONAL_REPRESENTATION('',(#2134),#2138);
#2134 = LINE('',#2135,#2136);
#2135 = CARTESIAN_POINT('',(7.,0.));
#2136 = VECTOR('',#2137,1.);
#2137 = DIRECTION('',(0.,1.));
#2138 = ( GEOMETRIC_REPRESENTATION_CONTEXT(2) 
PARAMETRIC_REPRESENTATION_CONTEXT() REPRESENTATION_CONTEXT('2D SPACE',''
  ) );
#2139 = ADVANCED_FACE('',(#2140),#532,.T.);
#2140 = FACE_BOUND('',#2141,.T.);
#2141 = EDGE_LOOP('',(#2142,#2164,#2165));
#2142 = ORIENTED_EDGE('',*,*,#2143,.T.);
#2143 = EDGE_CURVE('',#514,#596,#2144,.T.);
#2144 = SURFACE_CURVE('',#2145,(#2150,#2157),.PCURVE_S1.);
#2145 = CIRCLE('',#2146,11.05);
#2146 = AXIS2_PLACEMENT_3D('',#2147,#2148,#2149);
#2147 = CARTESIAN_POINT('',(26.5,0.,13.));
#2148 = DIRECTION('',(0.,0.,1.));
#2149 = DIRECTION('',(0.661855507176,-0.74963143452,0.));
#2150 = PCURVE('',#532,#2151);
#2151 = DEFINITIONAL_REPRESENTATION('',(#2152),#2156);
#2152 = CIRCLE('',#2153,11.05);
#2153 = AXIS2_PLACEMENT_2D('',#2154,#2155);
#2154 = CARTESIAN_POINT('',(0.,0.));
#2155 = DIRECTION('',(0.661855507176,-0.74963143452));
#2156 = ( GEOMETRIC_REPRESENTATION_CONTEXT(2) 
PARAMETRIC_REPRESENTATION_CONTEXT() REPRESENTATION_CONTEXT('2D SPACE',''
  ) );
#2157 = PCURVE('',#643,#2158);
#2158 = DEFINITIONAL_REPRESENTATION('',(#2159),#2163);
#2159 = LINE('',#2160,#2161);
#2160 = CARTESIAN_POINT('',(5.435680270935,14.));
#2161 = VECTOR('',#2162,1.);
#2162 = DIRECTION('',(1.,0.));
#2163 = ( GEOMETRIC_REPRESENTATION_CONTEXT(2) 
PARAMETRIC_REPRESENTATION_CONTEXT() REPRESENTATION_CONTEXT('2D SPACE',''
  ) );
#2164 = ORIENTED_EDGE('',*,*,#595,.F.);
#2165 = ORIENTED_EDGE('',*,*,#513,.F.);
#2166 = ADVANCED_FACE('',(#2167),#643,.T.);
#2167 = FACE_BOUND('',#2168,.T.);
#2168 = EDGE_LOOP('',(#2169,#2310,#2331,#2332,#2333,#2334));
#2169 = ORIENTED_EDGE('',*,*,#2170,.T.);
#2170 = EDGE_CURVE('',#2171,#2173,#2175,.T.);
#2171 = VERTEX_POINT('',#2172);
#2172 = CARTESIAN_POINT('',(35.5,-6.411123146532,12.));
#2173 = VERTEX_POINT('',#2174);
#2174 = CARTESIAN_POINT('',(35.5,6.411123146532,12.));
#2175 = SURFACE_CURVE('',#2176,(#2203,#2254),.PCURVE_S1.);
#2176 = B_SPLINE_CURVE_WITH_KNOTS('',7,(#2177,#2178,#2179,#2180,#2181,
    #2182,#2183,#2184,#2185,#2186,#2187,#2188,#2189,#2190,#2191,#2192,
    #2193,#2194,#2195,#2196,#2197,#2198,#2199,#2200,#2201,#2202),
  .UNSPECIFIED.,.F.,.F.,(8,6,6,6,8),(0.,0.504392870796,1.,1.493626433585
    ,1.999992571354),.UNSPECIFIED.);
#2177 = CARTESIAN_POINT('',(35.5,-6.411123146532,12.));
#2178 = CARTESIAN_POINT('',(35.803659436254,-5.984842935745,12.));
#2179 = CARTESIAN_POINT('',(36.079269709991,-5.548090889297,
    11.978485034012));
#2180 = CARTESIAN_POINT('',(36.327005888279,-5.103277700129,
    11.942605978744));
#2181 = CARTESIAN_POINT('',(36.547629342853,-4.652169372244,
    11.897883463282));
#2182 = CARTESIAN_POINT('',(36.742066525118,-4.195837930906,
    11.848823342628));
#2183 = CARTESIAN_POINT('',(36.911151016938,-3.734739186381,
    11.799135045169));
#2184 = CARTESIAN_POINT('',(37.197181183075,-2.811128509791,
    11.705510025851));
#2185 = CARTESIAN_POINT('',(37.315037954592,-2.348606237032,
    11.661470199316));
#2186 = CARTESIAN_POINT('',(37.409095026199,-1.882525390673,
    11.622849330101));
#2187 = CARTESIAN_POINT('',(37.479520413709,-1.41390520376,
    11.592109070402));
#2188 = CARTESIAN_POINT('',(37.52647465191,-0.943535879899,
    11.571002810643));
#2189 = CARTESIAN_POINT('',(37.55,-0.472036688068,11.560427611529));
#2190 = CARTESIAN_POINT('',(37.55,0.470150191799,11.560427611529));
#2191 = CARTESIAN_POINT('',(37.526662314126,0.939771694458,
    11.570918449645));
#2192 = CARTESIAN_POINT('',(37.480081443022,1.408277128163,
    11.591856891829));
#2193 = CARTESIAN_POINT('',(37.410215987743,1.875052616709,
    11.622360000221));
#2194 = CARTESIAN_POINT('',(37.316908678586,2.339316400821,
    11.660701802888));
#2195 = CARTESIAN_POINT('',(37.19999480148,2.800061331971,
    11.704457683759));
#2196 = CARTESIAN_POINT('',(36.915126472907,3.72387959773,
    11.797964851353));
#2197 = CARTESIAN_POINT('',(36.745878655125,4.186880899136,
    11.847859707864));
#2198 = CARTESIAN_POINT('',(36.551090156946,4.645088163368,
    11.897180754805));
#2199 = CARTESIAN_POINT('',(36.32991971525,5.098043910491,11.94218331612
    ));
#2200 = CARTESIAN_POINT('',(36.081429925786,5.544666980665,
    11.978316121015));
#2201 = CARTESIAN_POINT('',(35.804849182384,5.983172758004,12.));
#2202 = CARTESIAN_POINT('',(35.5,6.411123146532,12.));
#2203 = PCURVE('',#643,#2204);
#2204 = DEFINITIONAL_REPRESENTATION('',(#2205),#2253);
#2205 = B_SPLINE_CURVE_WITH_KNOTS('',3,(#2206,#2207,#2208,#2209,#2210,
    #2211,#2212,#2213,#2214,#2215,#2216,#2217,#2218,#2219,#2220,#2221,
    #2222,#2223,#2224,#2225,#2226,#2227,#2228,#2229,#2230,#2231,#2232,
    #2233,#2234,#2235,#2236,#2237,#2238,#2239,#2240,#2241,#2242,#2243,
    #2244,#2245,#2246,#2247,#2248,#2249,#2250,#2251,#2252),
  .UNSPECIFIED.,.F.,.F.,(4,1,1,1,1,1,1,1,1,1,1,1,1,1,1,1,1,1,1,1,1,1,1,1
    ,1,1,1,1,1,1,1,1,1,1,1,1,1,1,1,1,1,1,1,1,4),(0.,4.545437662169E-02,
    9.090875324338E-02,0.136363129865,0.181817506487,0.227271883108,
    0.27272625973,0.318180636352,0.363635012974,0.409089389595,
    0.454543766217,0.499998142839,0.54545251946,0.590906896082,
    0.636361272704,0.681815649325,0.727270025947,0.772724402569,
    0.81817877919,0.863633155812,0.909087532434,0.954541909055,
    0.999996285677,1.045450662299,1.090905038921,1.136359415542,
    1.181813792164,1.227268168786,1.272722545407,1.318176922029,
    1.363631298651,1.409085675272,1.454540051894,1.499994428516,
    1.545448805137,1.590903181759,1.636357558381,1.681811935002,
    1.727266311624,1.772720688246,1.818175064868,1.863629441489,
    1.909083818111,1.954538194733,1.999992571354),
  .QUASI_UNIFORM_KNOTS.);
#2206 = CARTESIAN_POINT('',(5.664220731153,13.));
#2207 = CARTESIAN_POINT('',(5.674180431413,12.999993324233));
#2208 = CARTESIAN_POINT('',(5.694019262609,12.997559401725));
#2209 = CARTESIAN_POINT('',(5.723541116635,12.987613677156));
#2210 = CARTESIAN_POINT('',(5.752830857743,12.972369617141));
#2211 = CARTESIAN_POINT('',(5.781896389531,12.952720010691));
#2212 = CARTESIAN_POINT('',(5.810747744702,12.929498542571));
#2213 = CARTESIAN_POINT('',(5.839397270849,12.903475667198));
#2214 = CARTESIAN_POINT('',(5.867859379484,12.875366611207));
#2215 = CARTESIAN_POINT('',(5.896150463654,12.845835260275));
#2216 = CARTESIAN_POINT('',(5.92428865363,12.815498564184));
#2217 = CARTESIAN_POINT('',(5.95229410425,12.784929691808));
#2218 = CARTESIAN_POINT('',(5.980187350438,12.75466289849));
#2219 = CARTESIAN_POINT('',(6.007994875376,12.72519054749));
#2220 = CARTESIAN_POINT('',(6.035728172586,12.696986941065));
#2221 = CARTESIAN_POINT('',(6.063391697769,12.67049769358));
#2222 = CARTESIAN_POINT('',(6.090992732689,12.646127165664));
#2223 = CARTESIAN_POINT('',(6.118538796978,12.624239316218));
#2224 = CARTESIAN_POINT('',(6.146038313379,12.605155051721));
#2225 = CARTESIAN_POINT('',(6.173500438963,12.589150619317));
#2226 = CARTESIAN_POINT('',(6.200934889766,12.576455890785));
#2227 = CARTESIAN_POINT('',(6.228352536942,12.56725291149));
#2228 = CARTESIAN_POINT('',(6.255762833233,12.561674679802));
#2229 = CARTESIAN_POINT('',(6.283183053339,12.559804229912));
#2230 = CARTESIAN_POINT('',(6.310603350124,12.561674069803));
#2231 = CARTESIAN_POINT('',(6.338013833525,12.567251754134));
#2232 = CARTESIAN_POINT('',(6.365431750883,12.576454287757));
#2233 = CARTESIAN_POINT('',(6.392866522861,12.589148691681));
#2234 = CARTESIAN_POINT('',(6.420328988425,12.605152918946));
#2235 = CARTESIAN_POINT('',(6.447828829708,12.624237076372));
#2236 = CARTESIAN_POINT('',(6.475375166342,12.646124875097));
#2237 = CARTESIAN_POINT('',(6.50297638511,12.670495355314));
#2238 = CARTESIAN_POINT('',(6.530639948722,12.696984473597));
#2239 = CARTESIAN_POINT('',(6.558373141194,12.725187846865));
#2240 = CARTESIAN_POINT('',(6.586180176408,12.754659581389));
#2241 = CARTESIAN_POINT('',(6.614073389444,12.784926285655));
#2242 = CARTESIAN_POINT('',(6.642078955529,12.815495293584));
#2243 = CARTESIAN_POINT('',(6.670217417394,12.845832353578));
#2244 = CARTESIAN_POINT('',(6.698508862097,12.875364200139));
#2245 = CARTESIAN_POINT('',(6.726971381318,12.90347381151));
#2246 = CARTESIAN_POINT('',(6.755621330615,12.929497232714));
#2247 = CARTESIAN_POINT('',(6.784473092728,12.952719184018));
#2248 = CARTESIAN_POINT('',(6.813538993217,12.97236917462));
#2249 = CARTESIAN_POINT('',(6.842829050527,12.987613501665));
#2250 = CARTESIAN_POINT('',(6.872351160824,12.997559373583));
#2251 = CARTESIAN_POINT('',(6.892190125469,12.999993325188));
#2252 = CARTESIAN_POINT('',(6.902149883206,13.));
#2253 = ( GEOMETRIC_REPRESENTATION_CONTEXT(2) 
PARAMETRIC_REPRESENTATION_CONTEXT() REPRESENTATION_CONTEXT('2D SPACE',''
  ) );
#2254 = PCURVE('',#2255,#2260);
#2255 = CYLINDRICAL_SURFACE('',#2256,5.);
#2256 = AXIS2_PLACEMENT_3D('',#2257,#2258,#2259);
#2257 = CARTESIAN_POINT('',(35.5,-14.,7.));
#2258 = DIRECTION('',(0.,1.,0.));
#2259 = DIRECTION('',(1.,0.,-0.));
#2260 = DEFINITIONAL_REPRESENTATION('',(#2261),#2309);
#2261 = B_SPLINE_CURVE_WITH_KNOTS('',3,(#2262,#2263,#2264,#2265,#2266,
    #2267,#2268,#2269,#2270,#2271,#2272,#2273,#2274,#2275,#2276,#2277,
    #2278,#2279,#2280,#2281,#2282,#2283,#2284,#2285,#2286,#2287,#2288,
    #2289,#2290,#2291,#2292,#2293,#2294,#2295,#2296,#2297,#2298,#2299,
    #2300,#2301,#2302,#2303,#2304,#2305,#2306,#2307,#2308),
  .UNSPECIFIED.,.F.,.F.,(4,1,1,1,1,1,1,1,1,1,1,1,1,1,1,1,1,1,1,1,1,1,1,1
    ,1,1,1,1,1,1,1,1,1,1,1,1,1,1,1,1,1,1,1,1,4),(0.,4.545437662169E-02,
    9.090875324338E-02,0.136363129865,0.181817506487,0.227271883108,
    0.27272625973,0.318180636352,0.363635012974,0.409089389595,
    0.454543766217,0.499998142839,0.54545251946,0.590906896082,
    0.636361272704,0.681815649325,0.727270025947,0.772724402569,
    0.81817877919,0.863633155812,0.909087532434,0.954541909055,
    0.999996285677,1.045450662299,1.090905038921,1.136359415542,
    1.181813792164,1.227268168786,1.272722545407,1.318176922029,
    1.363631298651,1.409085675272,1.454540051894,1.499994428516,
    1.545448805137,1.590903181759,1.636357558381,1.681811935002,
    1.727266311624,1.772720688246,1.818175064868,1.863629441489,
    1.909083818111,1.954538194733,1.999992571354),
  .QUASI_UNIFORM_KNOTS.);
#2262 = CARTESIAN_POINT('',(-1.570796326795,7.588876853468));
#2263 = CARTESIAN_POINT('',(-1.558026773357,7.678515107331));
#2264 = CARTESIAN_POINT('',(-1.533122692644,7.858970729186));
#2265 = CARTESIAN_POINT('',(-1.497624575524,8.132878829334));
#2266 = CARTESIAN_POINT('',(-1.463934241722,8.409684614285));
#2267 = CARTESIAN_POINT('',(-1.432012481937,8.68911117789));
#2268 = CARTESIAN_POINT('',(-1.401826151422,8.970914408687));
#2269 = CARTESIAN_POINT('',(-1.373348614062,9.254887217162));
#2270 = CARTESIAN_POINT('',(-1.346558960127,9.540857514461));
#2271 = CARTESIAN_POINT('',(-1.321441693235,9.828687857891));
#2272 = CARTESIAN_POINT('',(-1.297986498716,10.118272919245));
#2273 = CARTESIAN_POINT('',(-1.276187779256,10.409542296305));
#2274 = CARTESIAN_POINT('',(-1.256045480787,10.702442489962));
#2275 = CARTESIAN_POINT('',(-1.237561352212,10.996995296645));
#2276 = CARTESIAN_POINT('',(-1.220752168737,11.293074153394));
#2277 = CARTESIAN_POINT('',(-1.205640088191,11.590481812717));
#2278 = CARTESIAN_POINT('',(-1.192245548762,11.889054873279));
#2279 = CARTESIAN_POINT('',(-1.180588502183,12.188636242119));
#2280 = CARTESIAN_POINT('',(-1.170687506459,12.48908196464));
#2281 = CARTESIAN_POINT('',(-1.162559457239,12.790259132914));
#2282 = CARTESIAN_POINT('',(-1.156219219862,13.092043511315));
#2283 = CARTESIAN_POINT('',(-1.151679366755,13.394325620716));
#2284 = CARTESIAN_POINT('',(-1.148949972648,13.696981685123));
#2285 = CARTESIAN_POINT('',(-1.148038484971,13.999975091912));
#2286 = CARTESIAN_POINT('',(-1.148949675153,14.302969364909));
#2287 = CARTESIAN_POINT('',(-1.151678798702,14.605627550147));
#2288 = CARTESIAN_POINT('',(-1.15621842472,14.907912724617));
#2289 = CARTESIAN_POINT('',(-1.162558486912,15.209700747776));
#2290 = CARTESIAN_POINT('',(-1.170686412135,15.510881775463));
#2291 = CARTESIAN_POINT('',(-1.180587325222,15.81133119148));
#2292 = CARTESIAN_POINT('',(-1.192244309813,16.110915675809));
#2293 = CARTESIAN_POINT('',(-1.205638779848,16.409490886147));
#2294 = CARTESIAN_POINT('',(-1.220750731401,16.706899134822));
#2295 = CARTESIAN_POINT('',(-1.237559708089,17.002977063935));
#2296 = CARTESIAN_POINT('',(-1.256043345386,17.297524933106));
#2297 = CARTESIAN_POINT('',(-1.27618543548,17.590425089588));
#2298 = CARTESIAN_POINT('',(-1.297984072435,17.881695991794));
#2299 = CARTESIAN_POINT('',(-1.321439334053,18.171284182278));
#2300 = CARTESIAN_POINT('',(-1.346556782768,18.459118508542));
#2301 = CARTESIAN_POINT('',(-1.373346707662,18.745093217303));
#2302 = CARTESIAN_POINT('',(-1.401824573857,19.029070465865));
#2303 = CARTESIAN_POINT('',(-1.432011261073,19.310877870106));
#2304 = CARTESIAN_POINT('',(-1.46393337742,19.590308126704));
#2305 = CARTESIAN_POINT('',(-1.497624044492,19.867116998863));
#2306 = CARTESIAN_POINT('',(-1.533122454027,20.141027530211));
#2307 = CARTESIAN_POINT('',(-1.5580266997,20.321484375524));
#2308 = CARTESIAN_POINT('',(-1.570796326795,20.411123146532));
#2309 = ( GEOMETRIC_REPRESENTATION_CONTEXT(2) 
PARAMETRIC_REPRESENTATION_CONTEXT() REPRESENTATION_CONTEXT('2D SPACE',''
  ) );
#2310 = ORIENTED_EDGE('',*,*,#2311,.T.);
#2311 = EDGE_CURVE('',#2173,#620,#2312,.T.);
#2312 = SURFACE_CURVE('',#2313,(#2318,#2324),.PCURVE_S1.);
#2313 = CIRCLE('',#2314,11.05);
#2314 = AXIS2_PLACEMENT_3D('',#2315,#2316,#2317);
#2315 = CARTESIAN_POINT('',(26.5,0.,12.));
#2316 = DIRECTION('',(0.,0.,1.));
#2317 = DIRECTION('',(1.,0.,-0.));
#2318 = PCURVE('',#643,#2319);
#2319 = DEFINITIONAL_REPRESENTATION('',(#2320),#2323);
#2320 = B_SPLINE_CURVE_WITH_KNOTS('',1,(#2321,#2322),.UNSPECIFIED.,.F.,
  .F.,(2,2),(0.618964576027,0.843266270428),.PIECEWISE_BEZIER_KNOTS.);
#2321 = CARTESIAN_POINT('',(6.902149883206,13.));
#2322 = CARTESIAN_POINT('',(7.126451577607,13.));
#2323 = ( GEOMETRIC_REPRESENTATION_CONTEXT(2) 
PARAMETRIC_REPRESENTATION_CONTEXT() REPRESENTATION_CONTEXT('2D SPACE',''
  ) );
#2324 = PCURVE('',#676,#2325);
#2325 = DEFINITIONAL_REPRESENTATION('',(#2326),#2330);
#2326 = CIRCLE('',#2327,11.05);
#2327 = AXIS2_PLACEMENT_2D('',#2328,#2329);
#2328 = CARTESIAN_POINT('',(14.,14.));
#2329 = DIRECTION('',(1.,0.));
#2330 = ( GEOMETRIC_REPRESENTATION_CONTEXT(2) 
PARAMETRIC_REPRESENTATION_CONTEXT() REPRESENTATION_CONTEXT('2D SPACE',''
  ) );
#2331 = ORIENTED_EDGE('',*,*,#619,.T.);
#2332 = ORIENTED_EDGE('',*,*,#2143,.F.);
#2333 = ORIENTED_EDGE('',*,*,#1874,.T.);
#2334 = ORIENTED_EDGE('',*,*,#2335,.T.);
#2335 = EDGE_CURVE('',#1846,#2171,#2336,.T.);
#2336 = SURFACE_CURVE('',#2337,(#2342,#2348),.PCURVE_S1.);
#2337 = CIRCLE('',#2338,11.05);
#2338 = AXIS2_PLACEMENT_3D('',#2339,#2340,#2341);
#2339 = CARTESIAN_POINT('',(26.5,0.,12.));
#2340 = DIRECTION('',(0.,0.,1.));
#2341 = DIRECTION('',(1.,0.,-0.));
#2342 = PCURVE('',#643,#2343);
#2343 = DEFINITIONAL_REPRESENTATION('',(#2344),#2347);
#2344 = B_SPLINE_CURVE_WITH_KNOTS('',1,(#2345,#2346),.UNSPECIFIED.,.F.,
  .F.,(2,2),(5.439919036752,5.664220731153),.PIECEWISE_BEZIER_KNOTS.);
#2345 = CARTESIAN_POINT('',(5.439919036752,13.));
#2346 = CARTESIAN_POINT('',(5.664220731153,13.));
#2347 = ( GEOMETRIC_REPRESENTATION_CONTEXT(2) 
PARAMETRIC_REPRESENTATION_CONTEXT() REPRESENTATION_CONTEXT('2D SPACE',''
  ) );
#2348 = PCURVE('',#1862,#2349);
#2349 = DEFINITIONAL_REPRESENTATION('',(#2350),#2354);
#2350 = CIRCLE('',#2351,11.05);
#2351 = AXIS2_PLACEMENT_2D('',#2352,#2353);
#2352 = CARTESIAN_POINT('',(14.,14.));
#2353 = DIRECTION('',(1.,0.));
#2354 = ( GEOMETRIC_REPRESENTATION_CONTEXT(2) 
PARAMETRIC_REPRESENTATION_CONTEXT() REPRESENTATION_CONTEXT('2D SPACE',''
  ) );
#2355 = ADVANCED_FACE('',(#2356),#1862,.T.);
#2356 = FACE_BOUND('',#2357,.T.);
#2357 = EDGE_LOOP('',(#2358,#2359,#2382,#2403));
#2358 = ORIENTED_EDGE('',*,*,#1845,.F.);
#2359 = ORIENTED_EDGE('',*,*,#2360,.T.);
#2360 = EDGE_CURVE('',#1731,#2361,#2363,.T.);
#2361 = VERTEX_POINT('',#2362);
#2362 = CARTESIAN_POINT('',(35.5,-9.,12.));
#2363 = SURFACE_CURVE('',#2364,(#2368,#2375),.PCURVE_S1.);
#2364 = LINE('',#2365,#2366);
#2365 = CARTESIAN_POINT('',(12.5,-9.,12.));
#2366 = VECTOR('',#2367,1.);
#2367 = DIRECTION('',(1.,0.,0.));
#2368 = PCURVE('',#1862,#2369);
#2369 = DEFINITIONAL_REPRESENTATION('',(#2370),#2374);
#2370 = LINE('',#2371,#2372);
#2371 = CARTESIAN_POINT('',(0.,5.));
#2372 = VECTOR('',#2373,1.);
#2373 = DIRECTION('',(1.,0.));
#2374 = ( GEOMETRIC_REPRESENTATION_CONTEXT(2) 
PARAMETRIC_REPRESENTATION_CONTEXT() REPRESENTATION_CONTEXT('2D SPACE',''
  ) );
#2375 = PCURVE('',#1804,#2376);
#2376 = DEFINITIONAL_REPRESENTATION('',(#2377),#2381);
#2377 = LINE('',#2378,#2379);
#2378 = CARTESIAN_POINT('',(-1.570796326795,0.));
#2379 = VECTOR('',#2380,1.);
#2380 = DIRECTION('',(-0.,1.));
#2381 = ( GEOMETRIC_REPRESENTATION_CONTEXT(2) 
PARAMETRIC_REPRESENTATION_CONTEXT() REPRESENTATION_CONTEXT('2D SPACE',''
  ) );
#2382 = ORIENTED_EDGE('',*,*,#2383,.T.);
#2383 = EDGE_CURVE('',#2361,#2171,#2384,.T.);
#2384 = SURFACE_CURVE('',#2385,(#2389,#2396),.PCURVE_S1.);
#2385 = LINE('',#2386,#2387);
#2386 = CARTESIAN_POINT('',(35.5,-14.,12.));
#2387 = VECTOR('',#2388,1.);
#2388 = DIRECTION('',(0.,1.,0.));
#2389 = PCURVE('',#1862,#2390);
#2390 = DEFINITIONAL_REPRESENTATION('',(#2391),#2395);
#2391 = LINE('',#2392,#2393);
#2392 = CARTESIAN_POINT('',(23.,0.));
#2393 = VECTOR('',#2394,1.);
#2394 = DIRECTION('',(0.,1.));
#2395 = ( GEOMETRIC_REPRESENTATION_CONTEXT(2) 
PARAMETRIC_REPRESENTATION_CONTEXT() REPRESENTATION_CONTEXT('2D SPACE',''
  ) );
#2396 = PCURVE('',#2255,#2397);
#2397 = DEFINITIONAL_REPRESENTATION('',(#2398),#2402);
#2398 = LINE('',#2399,#2400);
#2399 = CARTESIAN_POINT('',(-1.570796326795,0.));
#2400 = VECTOR('',#2401,1.);
#2401 = DIRECTION('',(-0.,1.));
#2402 = ( GEOMETRIC_REPRESENTATION_CONTEXT(2) 
PARAMETRIC_REPRESENTATION_CONTEXT() REPRESENTATION_CONTEXT('2D SPACE',''
  ) );
#2403 = ORIENTED_EDGE('',*,*,#2335,.F.);
#2404 = ADVANCED_FACE('',(#2405),#1804,.T.);
#2405 = FACE_BOUND('',#2406,.F.);
#2406 = EDGE_LOOP('',(#2407,#2408,#2409,#2436));
#2407 = ORIENTED_EDGE('',*,*,#1730,.T.);
#2408 = ORIENTED_EDGE('',*,*,#2360,.T.);
#2409 = ORIENTED_EDGE('',*,*,#2410,.T.);
#2410 = EDGE_CURVE('',#2361,#2411,#2413,.T.);
#2411 = VERTEX_POINT('',#2412);
#2412 = CARTESIAN_POINT('',(35.5,-14.,7.));
#2413 = SURFACE_CURVE('',#2414,(#2419,#2425),.PCURVE_S1.);
#2414 = CIRCLE('',#2415,5.);
#2415 = AXIS2_PLACEMENT_3D('',#2416,#2417,#2418);
#2416 = CARTESIAN_POINT('',(35.5,-9.,7.));
#2417 = DIRECTION('',(1.,6.123233995737E-17,0.));
#2418 = DIRECTION('',(6.123233995737E-17,-1.,0.));
#2419 = PCURVE('',#1804,#2420);
#2420 = DEFINITIONAL_REPRESENTATION('',(#2421),#2424);
#2421 = B_SPLINE_CURVE_WITH_KNOTS('',1,(#2422,#2423),.UNSPECIFIED.,.F.,
  .F.,(2,2),(4.712388980385,6.28318530718),.PIECEWISE_BEZIER_KNOTS.);
#2422 = CARTESIAN_POINT('',(-1.570796326795,23.));
#2423 = CARTESIAN_POINT('',(0.,23.));
#2424 = ( GEOMETRIC_REPRESENTATION_CONTEXT(2) 
PARAMETRIC_REPRESENTATION_CONTEXT() REPRESENTATION_CONTEXT('2D SPACE',''
  ) );
#2425 = PCURVE('',#2426,#2431);
#2426 = SPHERICAL_SURFACE('',#2427,5.);
#2427 = AXIS2_PLACEMENT_3D('',#2428,#2429,#2430);
#2428 = CARTESIAN_POINT('',(35.5,-9.,7.));
#2429 = DIRECTION('',(-0.,-0.,-1.));
#2430 = DIRECTION('',(1.,0.,0.));
#2431 = DEFINITIONAL_REPRESENTATION('',(#2432),#2435);
#2432 = B_SPLINE_CURVE_WITH_KNOTS('',1,(#2433,#2434),.UNSPECIFIED.,.F.,
  .F.,(2,2),(4.712388980385,6.28318530718),.PIECEWISE_BEZIER_KNOTS.);
#2433 = CARTESIAN_POINT('',(1.570796326795,-1.570796326795));
#2434 = CARTESIAN_POINT('',(1.570796326795,0.));
#2435 = ( GEOMETRIC_REPRESENTATION_CONTEXT(2) 
PARAMETRIC_REPRESENTATION_CONTEXT() REPRESENTATION_CONTEXT('2D SPACE',''
  ) );
#2436 = ORIENTED_EDGE('',*,*,#2437,.F.);
#2437 = EDGE_CURVE('',#1699,#2411,#2438,.T.);
#2438 = SURFACE_CURVE('',#2439,(#2443,#2450),.PCURVE_S1.);
#2439 = LINE('',#2440,#2441);
#2440 = CARTESIAN_POINT('',(12.5,-14.,7.));
#2441 = VECTOR('',#2442,1.);
#2442 = DIRECTION('',(1.,0.,0.));
#2443 = PCURVE('',#1804,#2444);
#2444 = DEFINITIONAL_REPRESENTATION('',(#2445),#2449);
#2445 = LINE('',#2446,#2447);
#2446 = CARTESIAN_POINT('',(-0.,0.));
#2447 = VECTOR('',#2448,1.);
#2448 = DIRECTION('',(-0.,1.));
#2449 = ( GEOMETRIC_REPRESENTATION_CONTEXT(2) 
PARAMETRIC_REPRESENTATION_CONTEXT() REPRESENTATION_CONTEXT('2D SPACE',''
  ) );
#2450 = PCURVE('',#1718,#2451);
#2451 = DEFINITIONAL_REPRESENTATION('',(#2452),#2456);
#2452 = LINE('',#2453,#2454);
#2453 = CARTESIAN_POINT('',(7.,0.));
#2454 = VECTOR('',#2455,1.);
#2455 = DIRECTION('',(0.,1.));
#2456 = ( GEOMETRIC_REPRESENTATION_CONTEXT(2) 
PARAMETRIC_REPRESENTATION_CONTEXT() REPRESENTATION_CONTEXT('2D SPACE',''
  ) );
#2457 = ADVANCED_FACE('',(#2458),#1718,.F.);
#2458 = FACE_BOUND('',#2459,.F.);
#2459 = EDGE_LOOP('',(#2460,#2490,#2518,#2537,#2538,#2539));
#2460 = ORIENTED_EDGE('',*,*,#2461,.F.);
#2461 = EDGE_CURVE('',#2462,#2464,#2466,.T.);
#2462 = VERTEX_POINT('',#2463);
#2463 = CARTESIAN_POINT('',(17.5,-14.,5.));
#2464 = VERTEX_POINT('',#2465);
#2465 = CARTESIAN_POINT('',(35.5,-14.,5.));
#2466 = SURFACE_CURVE('',#2467,(#2471,#2478),.PCURVE_S1.);
#2467 = LINE('',#2468,#2469);
#2468 = CARTESIAN_POINT('',(12.5,-14.,5.));
#2469 = VECTOR('',#2470,1.);
#2470 = DIRECTION('',(1.,0.,0.));
#2471 = PCURVE('',#1718,#2472);
#2472 = DEFINITIONAL_REPRESENTATION('',(#2473),#2477);
#2473 = LINE('',#2474,#2475);
#2474 = CARTESIAN_POINT('',(5.,0.));
#2475 = VECTOR('',#2476,1.);
#2476 = DIRECTION('',(0.,1.));
#2477 = ( GEOMETRIC_REPRESENTATION_CONTEXT(2) 
PARAMETRIC_REPRESENTATION_CONTEXT() REPRESENTATION_CONTEXT('2D SPACE',''
  ) );
#2478 = PCURVE('',#2479,#2484);
#2479 = CYLINDRICAL_SURFACE('',#2480,5.);
#2480 = AXIS2_PLACEMENT_3D('',#2481,#2482,#2483);
#2481 = CARTESIAN_POINT('',(12.5,-9.,5.));
#2482 = DIRECTION('',(1.,0.,0.));
#2483 = DIRECTION('',(0.,-1.,0.));
#2484 = DEFINITIONAL_REPRESENTATION('',(#2485),#2489);
#2485 = LINE('',#2486,#2487);
#2486 = CARTESIAN_POINT('',(0.,0.));
#2487 = VECTOR('',#2488,1.);
#2488 = DIRECTION('',(0.,1.));
#2489 = ( GEOMETRIC_REPRESENTATION_CONTEXT(2) 
PARAMETRIC_REPRESENTATION_CONTEXT() REPRESENTATION_CONTEXT('2D SPACE',''
  ) );
#2490 = ORIENTED_EDGE('',*,*,#2491,.T.);
#2491 = EDGE_CURVE('',#2462,#2492,#2494,.T.);
#2492 = VERTEX_POINT('',#2493);
#2493 = CARTESIAN_POINT('',(17.5,-14.,6.));
#2494 = SURFACE_CURVE('',#2495,(#2499,#2506),.PCURVE_S1.);
#2495 = LINE('',#2496,#2497);
#2496 = CARTESIAN_POINT('',(17.5,-14.,0.));
#2497 = VECTOR('',#2498,1.);
#2498 = DIRECTION('',(0.,0.,1.));
#2499 = PCURVE('',#1718,#2500);
#2500 = DEFINITIONAL_REPRESENTATION('',(#2501),#2505);
#2501 = LINE('',#2502,#2503);
#2502 = CARTESIAN_POINT('',(0.,5.));
#2503 = VECTOR('',#2504,1.);
#2504 = DIRECTION('',(1.,0.));
#2505 = ( GEOMETRIC_REPRESENTATION_CONTEXT(2) 
PARAMETRIC_REPRESENTATION_CONTEXT() REPRESENTATION_CONTEXT('2D SPACE',''
  ) );
#2506 = PCURVE('',#2507,#2512);
#2507 = CYLINDRICAL_SURFACE('',#2508,5.);
#2508 = AXIS2_PLACEMENT_3D('',#2509,#2510,#2511);
#2509 = CARTESIAN_POINT('',(17.5,-9.,0.));
#2510 = DIRECTION('',(0.,0.,1.));
#2511 = DIRECTION('',(-1.,-0.,0.));
#2512 = DEFINITIONAL_REPRESENTATION('',(#2513),#2517);
#2513 = LINE('',#2514,#2515);
#2514 = CARTESIAN_POINT('',(1.570796326795,0.));
#2515 = VECTOR('',#2516,1.);
#2516 = DIRECTION('',(0.,1.));
#2517 = ( GEOMETRIC_REPRESENTATION_CONTEXT(2) 
PARAMETRIC_REPRESENTATION_CONTEXT() REPRESENTATION_CONTEXT('2D SPACE',''
  ) );
#2518 = ORIENTED_EDGE('',*,*,#2519,.F.);
#2519 = EDGE_CURVE('',#1675,#2492,#2520,.T.);
#2520 = SURFACE_CURVE('',#2521,(#2525,#2531),.PCURVE_S1.);
#2521 = LINE('',#2522,#2523);
#2522 = CARTESIAN_POINT('',(6.25,-14.,6.));
#2523 = VECTOR('',#2524,1.);
#2524 = DIRECTION('',(-1.,0.,0.));
#2525 = PCURVE('',#1718,#2526);
#2526 = DEFINITIONAL_REPRESENTATION('',(#2527),#2530);
#2527 = B_SPLINE_CURVE_WITH_KNOTS('',1,(#2528,#2529),.UNSPECIFIED.,.F.,
  .F.,(2,2),(-28.75,-11.25),.PIECEWISE_BEZIER_KNOTS.);
#2528 = CARTESIAN_POINT('',(6.,22.5));
#2529 = CARTESIAN_POINT('',(6.,5.));
#2530 = ( GEOMETRIC_REPRESENTATION_CONTEXT(2) 
PARAMETRIC_REPRESENTATION_CONTEXT() REPRESENTATION_CONTEXT('2D SPACE',''
  ) );
#2531 = PCURVE('',#852,#2532);
#2532 = DEFINITIONAL_REPRESENTATION('',(#2533),#2536);
#2533 = B_SPLINE_CURVE_WITH_KNOTS('',1,(#2534,#2535),.UNSPECIFIED.,.F.,
  .F.,(2,2),(-28.75,-11.25),.PIECEWISE_BEZIER_KNOTS.);
#2534 = CARTESIAN_POINT('',(35.,-14.));
#2535 = CARTESIAN_POINT('',(17.5,-14.));
#2536 = ( GEOMETRIC_REPRESENTATION_CONTEXT(2) 
PARAMETRIC_REPRESENTATION_CONTEXT() REPRESENTATION_CONTEXT('2D SPACE',''
  ) );
#2537 = ORIENTED_EDGE('',*,*,#1698,.T.);
#2538 = ORIENTED_EDGE('',*,*,#2437,.T.);
#2539 = ORIENTED_EDGE('',*,*,#2540,.F.);
#2540 = EDGE_CURVE('',#2464,#2411,#2541,.T.);
#2541 = SURFACE_CURVE('',#2542,(#2546,#2553),.PCURVE_S1.);
#2542 = LINE('',#2543,#2544);
#2543 = CARTESIAN_POINT('',(35.5,-14.,0.));
#2544 = VECTOR('',#2545,1.);
#2545 = DIRECTION('',(0.,0.,1.));
#2546 = PCURVE('',#1718,#2547);
#2547 = DEFINITIONAL_REPRESENTATION('',(#2548),#2552);
#2548 = LINE('',#2549,#2550);
#2549 = CARTESIAN_POINT('',(0.,23.));
#2550 = VECTOR('',#2551,1.);
#2551 = DIRECTION('',(1.,0.));
#2552 = ( GEOMETRIC_REPRESENTATION_CONTEXT(2) 
PARAMETRIC_REPRESENTATION_CONTEXT() REPRESENTATION_CONTEXT('2D SPACE',''
  ) );
#2553 = PCURVE('',#2554,#2559);
#2554 = CYLINDRICAL_SURFACE('',#2555,5.);
#2555 = AXIS2_PLACEMENT_3D('',#2556,#2557,#2558);
#2556 = CARTESIAN_POINT('',(35.5,-9.,0.));
#2557 = DIRECTION('',(0.,0.,1.));
#2558 = DIRECTION('',(1.,0.,-0.));
#2559 = DEFINITIONAL_REPRESENTATION('',(#2560),#2564);
#2560 = LINE('',#2561,#2562);
#2561 = CARTESIAN_POINT('',(-1.570796326795,0.));
#2562 = VECTOR('',#2563,1.);
#2563 = DIRECTION('',(-0.,1.));
#2564 = ( GEOMETRIC_REPRESENTATION_CONTEXT(2) 
PARAMETRIC_REPRESENTATION_CONTEXT() REPRESENTATION_CONTEXT('2D SPACE',''
  ) );
#2565 = ADVANCED_FACE('',(#2566,#2918),#852,.F.);
#2566 = FACE_BOUND('',#2567,.F.);
#2567 = EDGE_LOOP('',(#2568,#2589,#2590,#2611,#2640,#2666,#2695,#2714,
    #2715,#2736,#2765,#2791,#2820,#2839,#2840,#2841,#2865,#2891));
#2568 = ORIENTED_EDGE('',*,*,#2569,.F.);
#2569 = EDGE_CURVE('',#804,#2570,#2572,.T.);
#2570 = VERTEX_POINT('',#2571);
#2571 = CARTESIAN_POINT('',(17.5,14.,6.));
#2572 = SURFACE_CURVE('',#2573,(#2577,#2583),.PCURVE_S1.);
#2573 = LINE('',#2574,#2575);
#2574 = CARTESIAN_POINT('',(6.25,14.,6.));
#2575 = VECTOR('',#2576,1.);
#2576 = DIRECTION('',(-1.,0.,0.));
#2577 = PCURVE('',#852,#2578);
#2578 = DEFINITIONAL_REPRESENTATION('',(#2579),#2582);
#2579 = B_SPLINE_CURVE_WITH_KNOTS('',1,(#2580,#2581),.UNSPECIFIED.,.F.,
  .F.,(2,2),(-28.75,-11.25),.PIECEWISE_BEZIER_KNOTS.);
#2580 = CARTESIAN_POINT('',(35.,14.));
#2581 = CARTESIAN_POINT('',(17.5,14.));
#2582 = ( GEOMETRIC_REPRESENTATION_CONTEXT(2) 
PARAMETRIC_REPRESENTATION_CONTEXT() REPRESENTATION_CONTEXT('2D SPACE',''
  ) );
#2583 = PCURVE('',#823,#2584);
#2584 = DEFINITIONAL_REPRESENTATION('',(#2585),#2588);
#2585 = B_SPLINE_CURVE_WITH_KNOTS('',1,(#2586,#2587),.UNSPECIFIED.,.F.,
  .F.,(2,2),(-28.75,-11.25),.PIECEWISE_BEZIER_KNOTS.);
#2586 = CARTESIAN_POINT('',(6.,22.5));
#2587 = CARTESIAN_POINT('',(6.,5.));
#2588 = ( GEOMETRIC_REPRESENTATION_CONTEXT(2) 
PARAMETRIC_REPRESENTATION_CONTEXT() REPRESENTATION_CONTEXT('2D SPACE',''
  ) );
#2589 = ORIENTED_EDGE('',*,*,#835,.T.);
#2590 = ORIENTED_EDGE('',*,*,#2591,.T.);
#2591 = EDGE_CURVE('',#836,#2592,#2594,.T.);
#2592 = VERTEX_POINT('',#2593);
#2593 = CARTESIAN_POINT('',(3.374355652982,22.15577136594,6.));
#2594 = SURFACE_CURVE('',#2595,(#2599,#2605),.PCURVE_S1.);
#2595 = LINE('',#2596,#2597);
#2596 = CARTESIAN_POINT('',(8.999426407195,12.412863023473,6.));
#2597 = VECTOR('',#2598,1.);
#2598 = DIRECTION('',(0.5,-0.866025403784,0.));
#2599 = PCURVE('',#852,#2600);
#2600 = DEFINITIONAL_REPRESENTATION('',(#2601),#2604);
#2601 = B_SPLINE_CURVE_WITH_KNOTS('',1,(#2602,#2603),.UNSPECIFIED.,.F.,
  .F.,(2,2),(-26.08137922724,-11.25014150842),.PIECEWISE_BEZIER_KNOTS.);
#2602 = CARTESIAN_POINT('',(-4.041263206425,35.));
#2603 = CARTESIAN_POINT('',(3.374355652982,22.15577136594));
#2604 = ( GEOMETRIC_REPRESENTATION_CONTEXT(2) 
PARAMETRIC_REPRESENTATION_CONTEXT() REPRESENTATION_CONTEXT('2D SPACE',''
  ) );
#2605 = PCURVE('',#884,#2606);
#2606 = DEFINITIONAL_REPRESENTATION('',(#2607),#2610);
#2607 = B_SPLINE_CURVE_WITH_KNOTS('',1,(#2608,#2609),.UNSPECIFIED.,.F.,
  .F.,(2,2),(-26.08137922724,-11.25014150842),.PIECEWISE_BEZIER_KNOTS.);
#2608 = CARTESIAN_POINT('',(6.,19.831237718815));
#2609 = CARTESIAN_POINT('',(6.,5.));
#2610 = ( GEOMETRIC_REPRESENTATION_CONTEXT(2) 
PARAMETRIC_REPRESENTATION_CONTEXT() REPRESENTATION_CONTEXT('2D SPACE',''
  ) );
#2611 = ORIENTED_EDGE('',*,*,#2612,.F.);
#2612 = EDGE_CURVE('',#2613,#2592,#2615,.T.);
#2613 = VERTEX_POINT('',#2614);
#2614 = CARTESIAN_POINT('',(1.54422863406,15.325644347018,6.));
#2615 = SURFACE_CURVE('',#2616,(#2621,#2628),.PCURVE_S1.);
#2616 = CIRCLE('',#2617,5.);
#2617 = AXIS2_PLACEMENT_3D('',#2618,#2619,#2620);
#2618 = CARTESIAN_POINT('',(-0.95577136594,19.65577136594,6.));
#2619 = DIRECTION('',(0.,0.,1.));
#2620 = DIRECTION('',(0.5,-0.866025403784,0.));
#2621 = PCURVE('',#852,#2622);
#2622 = DEFINITIONAL_REPRESENTATION('',(#2623),#2627);
#2623 = CIRCLE('',#2624,5.);
#2624 = AXIS2_PLACEMENT_2D('',#2625,#2626);
#2625 = CARTESIAN_POINT('',(-0.95577136594,19.65577136594));
#2626 = DIRECTION('',(0.5,-0.866025403784));
#2627 = ( GEOMETRIC_REPRESENTATION_CONTEXT(2) 
PARAMETRIC_REPRESENTATION_CONTEXT() REPRESENTATION_CONTEXT('2D SPACE',''
  ) );
#2628 = PCURVE('',#2629,#2634);
#2629 = CYLINDRICAL_SURFACE('',#2630,5.);
#2630 = AXIS2_PLACEMENT_3D('',#2631,#2632,#2633);
#2631 = CARTESIAN_POINT('',(-0.95577136594,19.65577136594,0.));
#2632 = DIRECTION('',(0.,0.,1.));
#2633 = DIRECTION('',(0.5,-0.866025403784,0.));
#2634 = DEFINITIONAL_REPRESENTATION('',(#2635),#2639);
#2635 = LINE('',#2636,#2637);
#2636 = CARTESIAN_POINT('',(0.,6.));
#2637 = VECTOR('',#2638,1.);
#2638 = DIRECTION('',(1.,0.));
#2639 = ( GEOMETRIC_REPRESENTATION_CONTEXT(2) 
PARAMETRIC_REPRESENTATION_CONTEXT() REPRESENTATION_CONTEXT('2D SPACE',''
  ) );
#2640 = ORIENTED_EDGE('',*,*,#2641,.T.);
#2641 = EDGE_CURVE('',#2613,#2642,#2644,.T.);
#2642 = VERTEX_POINT('',#2643);
#2643 = CARTESIAN_POINT('',(-14.04422863406,6.325644347018,6.));
#2644 = SURFACE_CURVE('',#2645,(#2649,#2655),.PCURVE_S1.);
#2645 = LINE('',#2646,#2647);
#2646 = CARTESIAN_POINT('',(-0.187892927722,14.325603497054,6.));
#2647 = VECTOR('',#2648,1.);
#2648 = DIRECTION('',(-0.866025403784,-0.5,0.));
#2649 = PCURVE('',#852,#2650);
#2650 = DEFINITIONAL_REPRESENTATION('',(#2651),#2654);
#2651 = B_SPLINE_CURVE_WITH_KNOTS('',1,(#2652,#2653),.UNSPECIFIED.,.F.,
  .F.,(2,2),(-2.000081699928,15.999918300072),.PIECEWISE_BEZIER_KNOTS.);
#2652 = CARTESIAN_POINT('',(1.54422863406,15.325644347018));
#2653 = CARTESIAN_POINT('',(-14.04422863406,6.325644347018));
#2654 = ( GEOMETRIC_REPRESENTATION_CONTEXT(2) 
PARAMETRIC_REPRESENTATION_CONTEXT() REPRESENTATION_CONTEXT('2D SPACE',''
  ) );
#2655 = PCURVE('',#2656,#2661);
#2656 = PLANE('',#2657);
#2657 = AXIS2_PLACEMENT_3D('',#2658,#2659,#2660);
#2658 = CARTESIAN_POINT('',(5.874355652982,17.825644347018,0.));
#2659 = DIRECTION('',(-0.5,0.866025403784,0.));
#2660 = DIRECTION('',(0.,0.,1.));
#2661 = DEFINITIONAL_REPRESENTATION('',(#2662),#2665);
#2662 = B_SPLINE_CURVE_WITH_KNOTS('',1,(#2663,#2664),.UNSPECIFIED.,.F.,
  .F.,(2,2),(-2.000081699928,15.999918300072),.PIECEWISE_BEZIER_KNOTS.);
#2663 = CARTESIAN_POINT('',(6.,-5.));
#2664 = CARTESIAN_POINT('',(6.,-23.));
#2665 = ( GEOMETRIC_REPRESENTATION_CONTEXT(2) 
PARAMETRIC_REPRESENTATION_CONTEXT() REPRESENTATION_CONTEXT('2D SPACE',''
  ) );
#2666 = ORIENTED_EDGE('',*,*,#2667,.F.);
#2667 = EDGE_CURVE('',#2668,#2642,#2670,.T.);
#2668 = VERTEX_POINT('',#2669);
#2669 = CARTESIAN_POINT('',(-20.87435565298,8.15577136594,6.));
#2670 = SURFACE_CURVE('',#2671,(#2676,#2683),.PCURVE_S1.);
#2671 = CIRCLE('',#2672,5.);
#2672 = AXIS2_PLACEMENT_3D('',#2673,#2674,#2675);
#2673 = CARTESIAN_POINT('',(-16.54422863406,10.65577136594,6.));
#2674 = DIRECTION('',(0.,0.,1.));
#2675 = DIRECTION('',(0.5,-0.866025403784,0.));
#2676 = PCURVE('',#852,#2677);
#2677 = DEFINITIONAL_REPRESENTATION('',(#2678),#2682);
#2678 = CIRCLE('',#2679,5.);
#2679 = AXIS2_PLACEMENT_2D('',#2680,#2681);
#2680 = CARTESIAN_POINT('',(-16.54422863406,10.65577136594));
#2681 = DIRECTION('',(0.5,-0.866025403784));
#2682 = ( GEOMETRIC_REPRESENTATION_CONTEXT(2) 
PARAMETRIC_REPRESENTATION_CONTEXT() REPRESENTATION_CONTEXT('2D SPACE',''
  ) );
#2683 = PCURVE('',#2684,#2689);
#2684 = CYLINDRICAL_SURFACE('',#2685,5.);
#2685 = AXIS2_PLACEMENT_3D('',#2686,#2687,#2688);
#2686 = CARTESIAN_POINT('',(-16.54422863406,10.65577136594,0.));
#2687 = DIRECTION('',(0.,0.,1.));
#2688 = DIRECTION('',(0.5,-0.866025403784,0.));
#2689 = DEFINITIONAL_REPRESENTATION('',(#2690),#2694);
#2690 = LINE('',#2691,#2692);
#2691 = CARTESIAN_POINT('',(-6.28318530718,6.));
#2692 = VECTOR('',#2693,1.);
#2693 = DIRECTION('',(1.,-0.));
#2694 = ( GEOMETRIC_REPRESENTATION_CONTEXT(2) 
PARAMETRIC_REPRESENTATION_CONTEXT() REPRESENTATION_CONTEXT('2D SPACE',''
  ) );
#2695 = ORIENTED_EDGE('',*,*,#2696,.F.);
#2696 = EDGE_CURVE('',#1283,#2668,#2697,.T.);
#2697 = SURFACE_CURVE('',#2698,(#2702,#2708),.PCURVE_S1.);
#2698 = LINE('',#2699,#2700);
#2699 = CARTESIAN_POINT('',(-15.24928489876,-1.587136976527,6.));
#2700 = VECTOR('',#2701,1.);
#2701 = DIRECTION('',(0.5,-0.866025403784,0.));
#2702 = PCURVE('',#852,#2703);
#2703 = DEFINITIONAL_REPRESENTATION('',(#2704),#2707);
#2704 = B_SPLINE_CURVE_WITH_KNOTS('',1,(#2705,#2706),.UNSPECIFIED.,.F.,
  .F.,(2,2),(-29.25014150842,-11.25014150842),.PIECEWISE_BEZIER_KNOTS.);
#2705 = CARTESIAN_POINT('',(-29.87435565298,23.74422863406));
#2706 = CARTESIAN_POINT('',(-20.87435565298,8.15577136594));
#2707 = ( GEOMETRIC_REPRESENTATION_CONTEXT(2) 
PARAMETRIC_REPRESENTATION_CONTEXT() REPRESENTATION_CONTEXT('2D SPACE',''
  ) );
#2708 = PCURVE('',#1302,#2709);
#2709 = DEFINITIONAL_REPRESENTATION('',(#2710),#2713);
#2710 = B_SPLINE_CURVE_WITH_KNOTS('',1,(#2711,#2712),.UNSPECIFIED.,.F.,
  .F.,(2,2),(-29.25014150842,-11.25014150842),.PIECEWISE_BEZIER_KNOTS.);
#2711 = CARTESIAN_POINT('',(6.,23.));
#2712 = CARTESIAN_POINT('',(6.,5.));
#2713 = ( GEOMETRIC_REPRESENTATION_CONTEXT(2) 
PARAMETRIC_REPRESENTATION_CONTEXT() REPRESENTATION_CONTEXT('2D SPACE',''
  ) );
#2714 = ORIENTED_EDGE('',*,*,#1314,.T.);
#2715 = ORIENTED_EDGE('',*,*,#2716,.T.);
#2716 = EDGE_CURVE('',#1315,#2717,#2719,.T.);
#2717 = VERTEX_POINT('',#2718);
#2718 = CARTESIAN_POINT('',(-20.87435565298,-8.15577136594,6.));
#2719 = SURFACE_CURVE('',#2720,(#2724,#2730),.PCURVE_S1.);
#2720 = LINE('',#2721,#2722);
#2721 = CARTESIAN_POINT('',(-15.24928489876,1.587136976527,6.));
#2722 = VECTOR('',#2723,1.);
#2723 = DIRECTION('',(0.5,0.866025403784,-0.));
#2724 = PCURVE('',#852,#2725);
#2725 = DEFINITIONAL_REPRESENTATION('',(#2726),#2729);
#2726 = B_SPLINE_CURVE_WITH_KNOTS('',1,(#2727,#2728),.UNSPECIFIED.,.F.,
  .F.,(2,2),(-29.25014150842,-11.25014150842),.PIECEWISE_BEZIER_KNOTS.);
#2727 = CARTESIAN_POINT('',(-29.87435565298,-23.74422863406));
#2728 = CARTESIAN_POINT('',(-20.87435565298,-8.15577136594));
#2729 = ( GEOMETRIC_REPRESENTATION_CONTEXT(2) 
PARAMETRIC_REPRESENTATION_CONTEXT() REPRESENTATION_CONTEXT('2D SPACE',''
  ) );
#2730 = PCURVE('',#1358,#2731);
#2731 = DEFINITIONAL_REPRESENTATION('',(#2732),#2735);
#2732 = B_SPLINE_CURVE_WITH_KNOTS('',1,(#2733,#2734),.UNSPECIFIED.,.F.,
  .F.,(2,2),(-29.25014150842,-11.25014150842),.PIECEWISE_BEZIER_KNOTS.);
#2733 = CARTESIAN_POINT('',(6.,23.));
#2734 = CARTESIAN_POINT('',(6.,5.));
#2735 = ( GEOMETRIC_REPRESENTATION_CONTEXT(2) 
PARAMETRIC_REPRESENTATION_CONTEXT() REPRESENTATION_CONTEXT('2D SPACE',''
  ) );
#2736 = ORIENTED_EDGE('',*,*,#2737,.F.);
#2737 = EDGE_CURVE('',#2738,#2717,#2740,.T.);
#2738 = VERTEX_POINT('',#2739);
#2739 = CARTESIAN_POINT('',(-14.04422863406,-6.325644347018,6.));
#2740 = SURFACE_CURVE('',#2741,(#2746,#2753),.PCURVE_S1.);
#2741 = CIRCLE('',#2742,5.);
#2742 = AXIS2_PLACEMENT_3D('',#2743,#2744,#2745);
#2743 = CARTESIAN_POINT('',(-16.54422863406,-10.65577136594,6.));
#2744 = DIRECTION('',(0.,0.,1.));
#2745 = DIRECTION('',(0.5,0.866025403784,-0.));
#2746 = PCURVE('',#852,#2747);
#2747 = DEFINITIONAL_REPRESENTATION('',(#2748),#2752);
#2748 = CIRCLE('',#2749,5.);
#2749 = AXIS2_PLACEMENT_2D('',#2750,#2751);
#2750 = CARTESIAN_POINT('',(-16.54422863406,-10.65577136594));
#2751 = DIRECTION('',(0.5,0.866025403784));
#2752 = ( GEOMETRIC_REPRESENTATION_CONTEXT(2) 
PARAMETRIC_REPRESENTATION_CONTEXT() REPRESENTATION_CONTEXT('2D SPACE',''
  ) );
#2753 = PCURVE('',#2754,#2759);
#2754 = CYLINDRICAL_SURFACE('',#2755,5.);
#2755 = AXIS2_PLACEMENT_3D('',#2756,#2757,#2758);
#2756 = CARTESIAN_POINT('',(-16.54422863406,-10.65577136594,0.));
#2757 = DIRECTION('',(0.,0.,1.));
#2758 = DIRECTION('',(0.5,0.866025403784,-0.));
#2759 = DEFINITIONAL_REPRESENTATION('',(#2760),#2764);
#2760 = LINE('',#2761,#2762);
#2761 = CARTESIAN_POINT('',(0.,6.));
#2762 = VECTOR('',#2763,1.);
#2763 = DIRECTION('',(1.,0.));
#2764 = ( GEOMETRIC_REPRESENTATION_CONTEXT(2) 
PARAMETRIC_REPRESENTATION_CONTEXT() REPRESENTATION_CONTEXT('2D SPACE',''
  ) );
#2765 = ORIENTED_EDGE('',*,*,#2766,.T.);
#2766 = EDGE_CURVE('',#2738,#2767,#2769,.T.);
#2767 = VERTEX_POINT('',#2768);
#2768 = CARTESIAN_POINT('',(1.54422863406,-15.32564434701,6.));
#2769 = SURFACE_CURVE('',#2770,(#2774,#2780),.PCURVE_S1.);
#2770 = LINE('',#2771,#2772);
#2771 = CARTESIAN_POINT('',(-12.3122485807,-7.325603497054,6.));
#2772 = VECTOR('',#2773,1.);
#2773 = DIRECTION('',(0.866025403784,-0.5,0.));
#2774 = PCURVE('',#852,#2775);
#2775 = DEFINITIONAL_REPRESENTATION('',(#2776),#2779);
#2776 = B_SPLINE_CURVE_WITH_KNOTS('',1,(#2777,#2778),.UNSPECIFIED.,.F.,
  .F.,(2,2),(-1.999918300072,16.000081699928),.PIECEWISE_BEZIER_KNOTS.);
#2777 = CARTESIAN_POINT('',(-14.04422863406,-6.325644347018));
#2778 = CARTESIAN_POINT('',(1.54422863406,-15.32564434701));
#2779 = ( GEOMETRIC_REPRESENTATION_CONTEXT(2) 
PARAMETRIC_REPRESENTATION_CONTEXT() REPRESENTATION_CONTEXT('2D SPACE',''
  ) );
#2780 = PCURVE('',#2781,#2786);
#2781 = PLANE('',#2782);
#2782 = AXIS2_PLACEMENT_3D('',#2783,#2784,#2785);
#2783 = CARTESIAN_POINT('',(-18.37435565298,-3.825644347018,0.));
#2784 = DIRECTION('',(-0.5,-0.866025403784,0.));
#2785 = DIRECTION('',(0.,0.,1.));
#2786 = DEFINITIONAL_REPRESENTATION('',(#2787),#2790);
#2787 = B_SPLINE_CURVE_WITH_KNOTS('',1,(#2788,#2789),.UNSPECIFIED.,.F.,
  .F.,(2,2),(-1.999918300072,16.000081699928),.PIECEWISE_BEZIER_KNOTS.);
#2788 = CARTESIAN_POINT('',(6.,-5.));
#2789 = CARTESIAN_POINT('',(6.,-23.));
#2790 = ( GEOMETRIC_REPRESENTATION_CONTEXT(2) 
PARAMETRIC_REPRESENTATION_CONTEXT() REPRESENTATION_CONTEXT('2D SPACE',''
  ) );
#2791 = ORIENTED_EDGE('',*,*,#2792,.F.);
#2792 = EDGE_CURVE('',#2793,#2767,#2795,.T.);
#2793 = VERTEX_POINT('',#2794);
#2794 = CARTESIAN_POINT('',(3.374355652982,-22.15577136594,6.));
#2795 = SURFACE_CURVE('',#2796,(#2801,#2808),.PCURVE_S1.);
#2796 = CIRCLE('',#2797,5.);
#2797 = AXIS2_PLACEMENT_3D('',#2798,#2799,#2800);
#2798 = CARTESIAN_POINT('',(-0.95577136594,-19.65577136594,6.));
#2799 = DIRECTION('',(0.,0.,1.));
#2800 = DIRECTION('',(0.5,0.866025403784,-0.));
#2801 = PCURVE('',#852,#2802);
#2802 = DEFINITIONAL_REPRESENTATION('',(#2803),#2807);
#2803 = CIRCLE('',#2804,5.);
#2804 = AXIS2_PLACEMENT_2D('',#2805,#2806);
#2805 = CARTESIAN_POINT('',(-0.95577136594,-19.65577136594));
#2806 = DIRECTION('',(0.5,0.866025403784));
#2807 = ( GEOMETRIC_REPRESENTATION_CONTEXT(2) 
PARAMETRIC_REPRESENTATION_CONTEXT() REPRESENTATION_CONTEXT('2D SPACE',''
  ) );
#2808 = PCURVE('',#2809,#2814);
#2809 = CYLINDRICAL_SURFACE('',#2810,5.);
#2810 = AXIS2_PLACEMENT_3D('',#2811,#2812,#2813);
#2811 = CARTESIAN_POINT('',(-0.95577136594,-19.65577136594,0.));
#2812 = DIRECTION('',(0.,0.,1.));
#2813 = DIRECTION('',(0.5,0.866025403784,-0.));
#2814 = DEFINITIONAL_REPRESENTATION('',(#2815),#2819);
#2815 = LINE('',#2816,#2817);
#2816 = CARTESIAN_POINT('',(-6.28318530718,6.));
#2817 = VECTOR('',#2818,1.);
#2818 = DIRECTION('',(1.,-0.));
#2819 = ( GEOMETRIC_REPRESENTATION_CONTEXT(2) 
PARAMETRIC_REPRESENTATION_CONTEXT() REPRESENTATION_CONTEXT('2D SPACE',''
  ) );
#2820 = ORIENTED_EDGE('',*,*,#2821,.F.);
#2821 = EDGE_CURVE('',#1643,#2793,#2822,.T.);
#2822 = SURFACE_CURVE('',#2823,(#2827,#2833),.PCURVE_S1.);
#2823 = LINE('',#2824,#2825);
#2824 = CARTESIAN_POINT('',(8.999426407195,-12.41286302347,6.));
#2825 = VECTOR('',#2826,1.);
#2826 = DIRECTION('',(0.5,0.866025403784,-0.));
#2827 = PCURVE('',#852,#2828);
#2828 = DEFINITIONAL_REPRESENTATION('',(#2829),#2832);
#2829 = B_SPLINE_CURVE_WITH_KNOTS('',1,(#2830,#2831),.UNSPECIFIED.,.F.,
  .F.,(2,2),(-26.08137922724,-11.25014150842),.PIECEWISE_BEZIER_KNOTS.);
#2830 = CARTESIAN_POINT('',(-4.041263206425,-35.));
#2831 = CARTESIAN_POINT('',(3.374355652982,-22.15577136594));
#2832 = ( GEOMETRIC_REPRESENTATION_CONTEXT(2) 
PARAMETRIC_REPRESENTATION_CONTEXT() REPRESENTATION_CONTEXT('2D SPACE',''
  ) );
#2833 = PCURVE('',#1662,#2834);
#2834 = DEFINITIONAL_REPRESENTATION('',(#2835),#2838);
#2835 = B_SPLINE_CURVE_WITH_KNOTS('',1,(#2836,#2837),.UNSPECIFIED.,.F.,
  .F.,(2,2),(-26.08137922724,-11.25014150842),.PIECEWISE_BEZIER_KNOTS.);
#2836 = CARTESIAN_POINT('',(6.,19.831237718815));
#2837 = CARTESIAN_POINT('',(6.,5.));
#2838 = ( GEOMETRIC_REPRESENTATION_CONTEXT(2) 
PARAMETRIC_REPRESENTATION_CONTEXT() REPRESENTATION_CONTEXT('2D SPACE',''
  ) );
#2839 = ORIENTED_EDGE('',*,*,#1674,.T.);
#2840 = ORIENTED_EDGE('',*,*,#2519,.T.);
#2841 = ORIENTED_EDGE('',*,*,#2842,.F.);
#2842 = EDGE_CURVE('',#2843,#2492,#2845,.T.);
#2843 = VERTEX_POINT('',#2844);
#2844 = CARTESIAN_POINT('',(12.5,-9.,6.));
#2845 = SURFACE_CURVE('',#2846,(#2851,#2858),.PCURVE_S1.);
#2846 = CIRCLE('',#2847,5.);
#2847 = AXIS2_PLACEMENT_3D('',#2848,#2849,#2850);
#2848 = CARTESIAN_POINT('',(17.5,-9.,6.));
#2849 = DIRECTION('',(0.,0.,1.));
#2850 = DIRECTION('',(-1.,-0.,0.));
#2851 = PCURVE('',#852,#2852);
#2852 = DEFINITIONAL_REPRESENTATION('',(#2853),#2857);
#2853 = CIRCLE('',#2854,5.);
#2854 = AXIS2_PLACEMENT_2D('',#2855,#2856);
#2855 = CARTESIAN_POINT('',(17.5,-9.));
#2856 = DIRECTION('',(-1.,0.));
#2857 = ( GEOMETRIC_REPRESENTATION_CONTEXT(2) 
PARAMETRIC_REPRESENTATION_CONTEXT() REPRESENTATION_CONTEXT('2D SPACE',''
  ) );
#2858 = PCURVE('',#2507,#2859);
#2859 = DEFINITIONAL_REPRESENTATION('',(#2860),#2864);
#2860 = LINE('',#2861,#2862);
#2861 = CARTESIAN_POINT('',(0.,6.));
#2862 = VECTOR('',#2863,1.);
#2863 = DIRECTION('',(1.,0.));
#2864 = ( GEOMETRIC_REPRESENTATION_CONTEXT(2) 
PARAMETRIC_REPRESENTATION_CONTEXT() REPRESENTATION_CONTEXT('2D SPACE',''
  ) );
#2865 = ORIENTED_EDGE('',*,*,#2866,.T.);
#2866 = EDGE_CURVE('',#2843,#2867,#2869,.T.);
#2867 = VERTEX_POINT('',#2868);
#2868 = CARTESIAN_POINT('',(12.5,9.,6.));
#2869 = SURFACE_CURVE('',#2870,(#2874,#2880),.PCURVE_S1.);
#2870 = LINE('',#2871,#2872);
#2871 = CARTESIAN_POINT('',(12.5,-7.,6.));
#2872 = VECTOR('',#2873,1.);
#2873 = DIRECTION('',(0.,1.,0.));
#2874 = PCURVE('',#852,#2875);
#2875 = DEFINITIONAL_REPRESENTATION('',(#2876),#2879);
#2876 = B_SPLINE_CURVE_WITH_KNOTS('',1,(#2877,#2878),.UNSPECIFIED.,.F.,
  .F.,(2,2),(-2.,16.),.PIECEWISE_BEZIER_KNOTS.);
#2877 = CARTESIAN_POINT('',(12.5,-9.));
#2878 = CARTESIAN_POINT('',(12.5,9.));
#2879 = ( GEOMETRIC_REPRESENTATION_CONTEXT(2) 
PARAMETRIC_REPRESENTATION_CONTEXT() REPRESENTATION_CONTEXT('2D SPACE',''
  ) );
#2880 = PCURVE('',#2881,#2886);
#2881 = PLANE('',#2882);
#2882 = AXIS2_PLACEMENT_3D('',#2883,#2884,#2885);
#2883 = CARTESIAN_POINT('',(12.5,-14.,0.));
#2884 = DIRECTION('',(1.,0.,0.));
#2885 = DIRECTION('',(0.,0.,1.));
#2886 = DEFINITIONAL_REPRESENTATION('',(#2887),#2890);
#2887 = B_SPLINE_CURVE_WITH_KNOTS('',1,(#2888,#2889),.UNSPECIFIED.,.F.,
  .F.,(2,2),(-2.,16.),.PIECEWISE_BEZIER_KNOTS.);
#2888 = CARTESIAN_POINT('',(6.,-5.));
#2889 = CARTESIAN_POINT('',(6.,-23.));
#2890 = ( GEOMETRIC_REPRESENTATION_CONTEXT(2) 
PARAMETRIC_REPRESENTATION_CONTEXT() REPRESENTATION_CONTEXT('2D SPACE',''
  ) );
#2891 = ORIENTED_EDGE('',*,*,#2892,.F.);
#2892 = EDGE_CURVE('',#2570,#2867,#2893,.T.);
#2893 = SURFACE_CURVE('',#2894,(#2899,#2906),.PCURVE_S1.);
#2894 = CIRCLE('',#2895,5.);
#2895 = AXIS2_PLACEMENT_3D('',#2896,#2897,#2898);
#2896 = CARTESIAN_POINT('',(17.5,9.,6.));
#2897 = DIRECTION('',(0.,0.,1.));
#2898 = DIRECTION('',(-1.,-0.,0.));
#2899 = PCURVE('',#852,#2900);
#2900 = DEFINITIONAL_REPRESENTATION('',(#2901),#2905);
#2901 = CIRCLE('',#2902,5.);
#2902 = AXIS2_PLACEMENT_2D('',#2903,#2904);
#2903 = CARTESIAN_POINT('',(17.5,9.));
#2904 = DIRECTION('',(-1.,0.));
#2905 = ( GEOMETRIC_REPRESENTATION_CONTEXT(2) 
PARAMETRIC_REPRESENTATION_CONTEXT() REPRESENTATION_CONTEXT('2D SPACE',''
  ) );
#2906 = PCURVE('',#2907,#2912);
#2907 = CYLINDRICAL_SURFACE('',#2908,5.);
#2908 = AXIS2_PLACEMENT_3D('',#2909,#2910,#2911);
#2909 = CARTESIAN_POINT('',(17.5,9.,0.));
#2910 = DIRECTION('',(0.,0.,1.));
#2911 = DIRECTION('',(-1.,-0.,0.));
#2912 = DEFINITIONAL_REPRESENTATION('',(#2913),#2917);
#2913 = LINE('',#2914,#2915);
#2914 = CARTESIAN_POINT('',(-6.28318530718,6.));
#2915 = VECTOR('',#2916,1.);
#2916 = DIRECTION('',(1.,-0.));
#2917 = ( GEOMETRIC_REPRESENTATION_CONTEXT(2) 
PARAMETRIC_REPRESENTATION_CONTEXT() REPRESENTATION_CONTEXT('2D SPACE',''
  ) );
#2918 = FACE_BOUND('',#2919,.F.);
#2919 = EDGE_LOOP('',(#2920));
#2920 = ORIENTED_EDGE('',*,*,#2921,.F.);
#2921 = EDGE_CURVE('',#2922,#2922,#2924,.T.);
#2922 = VERTEX_POINT('',#2923);
#2923 = CARTESIAN_POINT('',(11.05,-2.706469426116E-15,6.));
#2924 = SURFACE_CURVE('',#2925,(#2930,#2937),.PCURVE_S1.);
#2925 = CIRCLE('',#2926,11.05);
#2926 = AXIS2_PLACEMENT_3D('',#2927,#2928,#2929);
#2927 = CARTESIAN_POINT('',(0.,0.,6.));
#2928 = DIRECTION('',(0.,0.,1.));
#2929 = DIRECTION('',(1.,0.,-0.));
#2930 = PCURVE('',#852,#2931);
#2931 = DEFINITIONAL_REPRESENTATION('',(#2932),#2936);
#2932 = CIRCLE('',#2933,11.05);
#2933 = AXIS2_PLACEMENT_2D('',#2934,#2935);
#2934 = CARTESIAN_POINT('',(0.,0.));
#2935 = DIRECTION('',(1.,0.));
#2936 = ( GEOMETRIC_REPRESENTATION_CONTEXT(2) 
PARAMETRIC_REPRESENTATION_CONTEXT() REPRESENTATION_CONTEXT('2D SPACE',''
  ) );
#2937 = PCURVE('',#2938,#2943);
#2938 = CYLINDRICAL_SURFACE('',#2939,11.05);
#2939 = AXIS2_PLACEMENT_3D('',#2940,#2941,#2942);
#2940 = CARTESIAN_POINT('',(0.,0.,-1.));
#2941 = DIRECTION('',(0.,0.,1.));
#2942 = DIRECTION('',(1.,0.,0.));
#2943 = DEFINITIONAL_REPRESENTATION('',(#2944),#2948);
#2944 = LINE('',#2945,#2946);
#2945 = CARTESIAN_POINT('',(0.,7.));
#2946 = VECTOR('',#2947,1.);
#2947 = DIRECTION('',(1.,0.));
#2948 = ( GEOMETRIC_REPRESENTATION_CONTEXT(2) 
PARAMETRIC_REPRESENTATION_CONTEXT() REPRESENTATION_CONTEXT('2D SPACE',''
  ) );
#2949 = ADVANCED_FACE('',(#2950),#1662,.T.);
#2950 = FACE_BOUND('',#2951,.T.);
#2951 = EDGE_LOOP('',(#2952,#2982,#3003,#3004,#3005,#3026));
#2952 = ORIENTED_EDGE('',*,*,#2953,.F.);
#2953 = EDGE_CURVE('',#2954,#2956,#2958,.T.);
#2954 = VERTEX_POINT('',#2955);
#2955 = CARTESIAN_POINT('',(3.374355652982,-22.15577136594,5.));
#2956 = VERTEX_POINT('',#2957);
#2957 = CARTESIAN_POINT('',(-5.625644347018,-37.74422863406,5.));
#2958 = SURFACE_CURVE('',#2959,(#2963,#2970),.PCURVE_S1.);
#2959 = LINE('',#2960,#2961);
#2960 = CARTESIAN_POINT('',(5.874355652982,-17.82564434701,5.));
#2961 = VECTOR('',#2962,1.);
#2962 = DIRECTION('',(-0.5,-0.866025403784,0.));
#2963 = PCURVE('',#1662,#2964);
#2964 = DEFINITIONAL_REPRESENTATION('',(#2965),#2969);
#2965 = LINE('',#2966,#2967);
#2966 = CARTESIAN_POINT('',(5.,0.));
#2967 = VECTOR('',#2968,1.);
#2968 = DIRECTION('',(0.,1.));
#2969 = ( GEOMETRIC_REPRESENTATION_CONTEXT(2) 
PARAMETRIC_REPRESENTATION_CONTEXT() REPRESENTATION_CONTEXT('2D SPACE',''
  ) );
#2970 = PCURVE('',#2971,#2976);
#2971 = CYLINDRICAL_SURFACE('',#2972,5.);
#2972 = AXIS2_PLACEMENT_3D('',#2973,#2974,#2975);
#2973 = CARTESIAN_POINT('',(1.54422863406,-15.32564434701,5.));
#2974 = DIRECTION('',(-0.5,-0.866025403784,0.));
#2975 = DIRECTION('',(0.866025403784,-0.5,0.));
#2976 = DEFINITIONAL_REPRESENTATION('',(#2977),#2981);
#2977 = LINE('',#2978,#2979);
#2978 = CARTESIAN_POINT('',(-0.,0.));
#2979 = VECTOR('',#2980,1.);
#2980 = DIRECTION('',(-0.,1.));
#2981 = ( GEOMETRIC_REPRESENTATION_CONTEXT(2) 
PARAMETRIC_REPRESENTATION_CONTEXT() REPRESENTATION_CONTEXT('2D SPACE',''
  ) );
#2982 = ORIENTED_EDGE('',*,*,#2983,.T.);
#2983 = EDGE_CURVE('',#2954,#2793,#2984,.T.);
#2984 = SURFACE_CURVE('',#2985,(#2989,#2996),.PCURVE_S1.);
#2985 = LINE('',#2986,#2987);
#2986 = CARTESIAN_POINT('',(3.374355652982,-22.15577136594,0.));
#2987 = VECTOR('',#2988,1.);
#2988 = DIRECTION('',(0.,0.,1.));
#2989 = PCURVE('',#1662,#2990);
#2990 = DEFINITIONAL_REPRESENTATION('',(#2991),#2995);
#2991 = LINE('',#2992,#2993);
#2992 = CARTESIAN_POINT('',(0.,5.));
#2993 = VECTOR('',#2994,1.);
#2994 = DIRECTION('',(1.,0.));
#2995 = ( GEOMETRIC_REPRESENTATION_CONTEXT(2) 
PARAMETRIC_REPRESENTATION_CONTEXT() REPRESENTATION_CONTEXT('2D SPACE',''
  ) );
#2996 = PCURVE('',#2809,#2997);
#2997 = DEFINITIONAL_REPRESENTATION('',(#2998),#3002);
#2998 = LINE('',#2999,#3000);
#2999 = CARTESIAN_POINT('',(-1.570796326795,0.));
#3000 = VECTOR('',#3001,1.);
#3001 = DIRECTION('',(-0.,1.));
#3002 = ( GEOMETRIC_REPRESENTATION_CONTEXT(2) 
PARAMETRIC_REPRESENTATION_CONTEXT() REPRESENTATION_CONTEXT('2D SPACE',''
  ) );
#3003 = ORIENTED_EDGE('',*,*,#2821,.F.);
#3004 = ORIENTED_EDGE('',*,*,#1642,.T.);
#3005 = ORIENTED_EDGE('',*,*,#3006,.T.);
#3006 = EDGE_CURVE('',#1528,#2071,#3007,.T.);
#3007 = SURFACE_CURVE('',#3008,(#3012,#3019),.PCURVE_S1.);
#3008 = LINE('',#3009,#3010);
#3009 = CARTESIAN_POINT('',(5.874355652982,-17.82564434701,7.));
#3010 = VECTOR('',#3011,1.);
#3011 = DIRECTION('',(-0.5,-0.866025403784,0.));
#3012 = PCURVE('',#1662,#3013);
#3013 = DEFINITIONAL_REPRESENTATION('',(#3014),#3018);
#3014 = LINE('',#3015,#3016);
#3015 = CARTESIAN_POINT('',(7.,0.));
#3016 = VECTOR('',#3017,1.);
#3017 = DIRECTION('',(0.,1.));
#3018 = ( GEOMETRIC_REPRESENTATION_CONTEXT(2) 
PARAMETRIC_REPRESENTATION_CONTEXT() REPRESENTATION_CONTEXT('2D SPACE',''
  ) );
#3019 = PCURVE('',#1601,#3020);
#3020 = DEFINITIONAL_REPRESENTATION('',(#3021),#3025);
#3021 = LINE('',#3022,#3023);
#3022 = CARTESIAN_POINT('',(0.,0.));
#3023 = VECTOR('',#3024,1.);
#3024 = DIRECTION('',(0.,1.));
#3025 = ( GEOMETRIC_REPRESENTATION_CONTEXT(2) 
PARAMETRIC_REPRESENTATION_CONTEXT() REPRESENTATION_CONTEXT('2D SPACE',''
  ) );
#3026 = ORIENTED_EDGE('',*,*,#3027,.F.);
#3027 = EDGE_CURVE('',#2956,#2071,#3028,.T.);
#3028 = SURFACE_CURVE('',#3029,(#3033,#3040),.PCURVE_S1.);
#3029 = LINE('',#3030,#3031);
#3030 = CARTESIAN_POINT('',(-5.625644347018,-37.74422863406,0.));
#3031 = VECTOR('',#3032,1.);
#3032 = DIRECTION('',(0.,0.,1.));
#3033 = PCURVE('',#1662,#3034);
#3034 = DEFINITIONAL_REPRESENTATION('',(#3035),#3039);
#3035 = LINE('',#3036,#3037);
#3036 = CARTESIAN_POINT('',(0.,23.));
#3037 = VECTOR('',#3038,1.);
#3038 = DIRECTION('',(1.,0.));
#3039 = ( GEOMETRIC_REPRESENTATION_CONTEXT(2) 
PARAMETRIC_REPRESENTATION_CONTEXT() REPRESENTATION_CONTEXT('2D SPACE',''
  ) );
#3040 = PCURVE('',#2054,#3041);
#3041 = DEFINITIONAL_REPRESENTATION('',(#3042),#3046);
#3042 = LINE('',#3043,#3044);
#3043 = CARTESIAN_POINT('',(1.570796326795,0.));
#3044 = VECTOR('',#3045,1.);
#3045 = DIRECTION('',(0.,1.));
#3046 = ( GEOMETRIC_REPRESENTATION_CONTEXT(2) 
PARAMETRIC_REPRESENTATION_CONTEXT() REPRESENTATION_CONTEXT('2D SPACE',''
  ) );
#3047 = ADVANCED_FACE('',(#3048),#1601,.T.);
#3048 = FACE_BOUND('',#3049,.T.);
#3049 = EDGE_LOOP('',(#3050,#3051,#3052,#3053));
#3050 = ORIENTED_EDGE('',*,*,#3006,.F.);
#3051 = ORIENTED_EDGE('',*,*,#1527,.T.);
#3052 = ORIENTED_EDGE('',*,*,#1912,.T.);
#3053 = ORIENTED_EDGE('',*,*,#2092,.F.);
#3054 = ADVANCED_FACE('',(#3055),#1358,.F.);
#3055 = FACE_BOUND('',#3056,.F.);
#3056 = EDGE_LOOP('',(#3057,#3087,#3108,#3109,#3110,#3111));
#3057 = ORIENTED_EDGE('',*,*,#3058,.F.);
#3058 = EDGE_CURVE('',#3059,#3061,#3063,.T.);
#3059 = VERTEX_POINT('',#3060);
#3060 = CARTESIAN_POINT('',(-20.87435565298,-8.15577136594,5.));
#3061 = VERTEX_POINT('',#3062);
#3062 = CARTESIAN_POINT('',(-29.87435565298,-23.74422863406,5.));
#3063 = SURFACE_CURVE('',#3064,(#3068,#3075),.PCURVE_S1.);
#3064 = LINE('',#3065,#3066);
#3065 = CARTESIAN_POINT('',(-18.37435565298,-3.825644347018,5.));
#3066 = VECTOR('',#3067,1.);
#3067 = DIRECTION('',(-0.5,-0.866025403784,0.));
#3068 = PCURVE('',#1358,#3069);
#3069 = DEFINITIONAL_REPRESENTATION('',(#3070),#3074);
#3070 = LINE('',#3071,#3072);
#3071 = CARTESIAN_POINT('',(5.,0.));
#3072 = VECTOR('',#3073,1.);
#3073 = DIRECTION('',(0.,1.));
#3074 = ( GEOMETRIC_REPRESENTATION_CONTEXT(2) 
PARAMETRIC_REPRESENTATION_CONTEXT() REPRESENTATION_CONTEXT('2D SPACE',''
  ) );
#3075 = PCURVE('',#3076,#3081);
#3076 = CYLINDRICAL_SURFACE('',#3077,5.);
#3077 = AXIS2_PLACEMENT_3D('',#3078,#3079,#3080);
#3078 = CARTESIAN_POINT('',(-14.04422863406,-6.325644347018,5.));
#3079 = DIRECTION('',(-0.5,-0.866025403784,0.));
#3080 = DIRECTION('',(-0.866025403784,0.5,0.));
#3081 = DEFINITIONAL_REPRESENTATION('',(#3082),#3086);
#3082 = LINE('',#3083,#3084);
#3083 = CARTESIAN_POINT('',(0.,0.));
#3084 = VECTOR('',#3085,1.);
#3085 = DIRECTION('',(0.,1.));
#3086 = ( GEOMETRIC_REPRESENTATION_CONTEXT(2) 
PARAMETRIC_REPRESENTATION_CONTEXT() REPRESENTATION_CONTEXT('2D SPACE',''
  ) );
#3087 = ORIENTED_EDGE('',*,*,#3088,.T.);
#3088 = EDGE_CURVE('',#3059,#2717,#3089,.T.);
#3089 = SURFACE_CURVE('',#3090,(#3094,#3101),.PCURVE_S1.);
#3090 = LINE('',#3091,#3092);
#3091 = CARTESIAN_POINT('',(-20.87435565298,-8.15577136594,0.));
#3092 = VECTOR('',#3093,1.);
#3093 = DIRECTION('',(0.,0.,1.));
#3094 = PCURVE('',#1358,#3095);
#3095 = DEFINITIONAL_REPRESENTATION('',(#3096),#3100);
#3096 = LINE('',#3097,#3098);
#3097 = CARTESIAN_POINT('',(0.,5.));
#3098 = VECTOR('',#3099,1.);
#3099 = DIRECTION('',(1.,0.));
#3100 = ( GEOMETRIC_REPRESENTATION_CONTEXT(2) 
PARAMETRIC_REPRESENTATION_CONTEXT() REPRESENTATION_CONTEXT('2D SPACE',''
  ) );
#3101 = PCURVE('',#2754,#3102);
#3102 = DEFINITIONAL_REPRESENTATION('',(#3103),#3107);
#3103 = LINE('',#3104,#3105);
#3104 = CARTESIAN_POINT('',(1.570796326795,0.));
#3105 = VECTOR('',#3106,1.);
#3106 = DIRECTION('',(0.,1.));
#3107 = ( GEOMETRIC_REPRESENTATION_CONTEXT(2) 
PARAMETRIC_REPRESENTATION_CONTEXT() REPRESENTATION_CONTEXT('2D SPACE',''
  ) );
#3108 = ORIENTED_EDGE('',*,*,#2716,.F.);
#3109 = ORIENTED_EDGE('',*,*,#1338,.T.);
#3110 = ORIENTED_EDGE('',*,*,#2119,.T.);
#3111 = ORIENTED_EDGE('',*,*,#3112,.F.);
#3112 = EDGE_CURVE('',#3061,#1938,#3113,.T.);
#3113 = SURFACE_CURVE('',#3114,(#3118,#3125),.PCURVE_S1.);
#3114 = LINE('',#3115,#3116);
#3115 = CARTESIAN_POINT('',(-29.87435565298,-23.74422863406,0.));
#3116 = VECTOR('',#3117,1.);
#3117 = DIRECTION('',(0.,0.,1.));
#3118 = PCURVE('',#1358,#3119);
#3119 = DEFINITIONAL_REPRESENTATION('',(#3120),#3124);
#3120 = LINE('',#3121,#3122);
#3121 = CARTESIAN_POINT('',(0.,23.));
#3122 = VECTOR('',#3123,1.);
#3123 = DIRECTION('',(1.,0.));
#3124 = ( GEOMETRIC_REPRESENTATION_CONTEXT(2) 
PARAMETRIC_REPRESENTATION_CONTEXT() REPRESENTATION_CONTEXT('2D SPACE',''
  ) );
#3125 = PCURVE('',#1974,#3126);
#3126 = DEFINITIONAL_REPRESENTATION('',(#3127),#3131);
#3127 = LINE('',#3128,#3129);
#3128 = CARTESIAN_POINT('',(-1.570796326795,0.));
#3129 = VECTOR('',#3130,1.);
#3130 = DIRECTION('',(-0.,1.));
#3131 = ( GEOMETRIC_REPRESENTATION_CONTEXT(2) 
PARAMETRIC_REPRESENTATION_CONTEXT() REPRESENTATION_CONTEXT('2D SPACE',''
  ) );
#3132 = ADVANCED_FACE('',(#3133),#1302,.T.);
#3133 = FACE_BOUND('',#3134,.T.);
#3134 = EDGE_LOOP('',(#3135,#3165,#3186,#3187,#3188,#3211));
#3135 = ORIENTED_EDGE('',*,*,#3136,.F.);
#3136 = EDGE_CURVE('',#3137,#3139,#3141,.T.);
#3137 = VERTEX_POINT('',#3138);
#3138 = CARTESIAN_POINT('',(-20.87435565298,8.15577136594,5.));
#3139 = VERTEX_POINT('',#3140);
#3140 = CARTESIAN_POINT('',(-29.87435565298,23.74422863406,5.));
#3141 = SURFACE_CURVE('',#3142,(#3146,#3153),.PCURVE_S1.);
#3142 = LINE('',#3143,#3144);
#3143 = CARTESIAN_POINT('',(-18.37435565298,3.825644347018,5.));
#3144 = VECTOR('',#3145,1.);
#3145 = DIRECTION('',(-0.5,0.866025403784,0.));
#3146 = PCURVE('',#1302,#3147);
#3147 = DEFINITIONAL_REPRESENTATION('',(#3148),#3152);
#3148 = LINE('',#3149,#3150);
#3149 = CARTESIAN_POINT('',(5.,0.));
#3150 = VECTOR('',#3151,1.);
#3151 = DIRECTION('',(0.,1.));
#3152 = ( GEOMETRIC_REPRESENTATION_CONTEXT(2) 
PARAMETRIC_REPRESENTATION_CONTEXT() REPRESENTATION_CONTEXT('2D SPACE',''
  ) );
#3153 = PCURVE('',#3154,#3159);
#3154 = CYLINDRICAL_SURFACE('',#3155,5.);
#3155 = AXIS2_PLACEMENT_3D('',#3156,#3157,#3158);
#3156 = CARTESIAN_POINT('',(-14.04422863406,6.325644347018,5.));
#3157 = DIRECTION('',(-0.5,0.866025403784,0.));
#3158 = DIRECTION('',(-0.866025403784,-0.5,0.));
#3159 = DEFINITIONAL_REPRESENTATION('',(#3160),#3164);
#3160 = LINE('',#3161,#3162);
#3161 = CARTESIAN_POINT('',(-0.,0.));
#3162 = VECTOR('',#3163,1.);
#3163 = DIRECTION('',(-0.,1.));
#3164 = ( GEOMETRIC_REPRESENTATION_CONTEXT(2) 
PARAMETRIC_REPRESENTATION_CONTEXT() REPRESENTATION_CONTEXT('2D SPACE',''
  ) );
#3165 = ORIENTED_EDGE('',*,*,#3166,.T.);
#3166 = EDGE_CURVE('',#3137,#2668,#3167,.T.);
#3167 = SURFACE_CURVE('',#3168,(#3172,#3179),.PCURVE_S1.);
#3168 = LINE('',#3169,#3170);
#3169 = CARTESIAN_POINT('',(-20.87435565298,8.15577136594,0.));
#3170 = VECTOR('',#3171,1.);
#3171 = DIRECTION('',(0.,0.,1.));
#3172 = PCURVE('',#1302,#3173);
#3173 = DEFINITIONAL_REPRESENTATION('',(#3174),#3178);
#3174 = LINE('',#3175,#3176);
#3175 = CARTESIAN_POINT('',(0.,5.));
#3176 = VECTOR('',#3177,1.);
#3177 = DIRECTION('',(1.,0.));
#3178 = ( GEOMETRIC_REPRESENTATION_CONTEXT(2) 
PARAMETRIC_REPRESENTATION_CONTEXT() REPRESENTATION_CONTEXT('2D SPACE',''
  ) );
#3179 = PCURVE('',#2684,#3180);
#3180 = DEFINITIONAL_REPRESENTATION('',(#3181),#3185);
#3181 = LINE('',#3182,#3183);
#3182 = CARTESIAN_POINT('',(-1.570796326795,0.));
#3183 = VECTOR('',#3184,1.);
#3184 = DIRECTION('',(-0.,1.));
#3185 = ( GEOMETRIC_REPRESENTATION_CONTEXT(2) 
PARAMETRIC_REPRESENTATION_CONTEXT() REPRESENTATION_CONTEXT('2D SPACE',''
  ) );
#3186 = ORIENTED_EDGE('',*,*,#2696,.F.);
#3187 = ORIENTED_EDGE('',*,*,#1282,.T.);
#3188 = ORIENTED_EDGE('',*,*,#3189,.T.);
#3189 = EDGE_CURVE('',#1168,#3190,#3192,.T.);
#3190 = VERTEX_POINT('',#3191);
#3191 = CARTESIAN_POINT('',(-29.87435565298,23.74422863406,7.));
#3192 = SURFACE_CURVE('',#3193,(#3197,#3204),.PCURVE_S1.);
#3193 = LINE('',#3194,#3195);
#3194 = CARTESIAN_POINT('',(-18.37435565298,3.825644347018,7.));
#3195 = VECTOR('',#3196,1.);
#3196 = DIRECTION('',(-0.5,0.866025403784,0.));
#3197 = PCURVE('',#1302,#3198);
#3198 = DEFINITIONAL_REPRESENTATION('',(#3199),#3203);
#3199 = LINE('',#3200,#3201);
#3200 = CARTESIAN_POINT('',(7.,0.));
#3201 = VECTOR('',#3202,1.);
#3202 = DIRECTION('',(0.,1.));
#3203 = ( GEOMETRIC_REPRESENTATION_CONTEXT(2) 
PARAMETRIC_REPRESENTATION_CONTEXT() REPRESENTATION_CONTEXT('2D SPACE',''
  ) );
#3204 = PCURVE('',#1241,#3205);
#3205 = DEFINITIONAL_REPRESENTATION('',(#3206),#3210);
#3206 = LINE('',#3207,#3208);
#3207 = CARTESIAN_POINT('',(0.,0.));
#3208 = VECTOR('',#3209,1.);
#3209 = DIRECTION('',(0.,1.));
#3210 = ( GEOMETRIC_REPRESENTATION_CONTEXT(2) 
PARAMETRIC_REPRESENTATION_CONTEXT() REPRESENTATION_CONTEXT('2D SPACE',''
  ) );
#3211 = ORIENTED_EDGE('',*,*,#3212,.F.);
#3212 = EDGE_CURVE('',#3139,#3190,#3213,.T.);
#3213 = SURFACE_CURVE('',#3214,(#3218,#3225),.PCURVE_S1.);
#3214 = LINE('',#3215,#3216);
#3215 = CARTESIAN_POINT('',(-29.87435565298,23.74422863406,0.));
#3216 = VECTOR('',#3217,1.);
#3217 = DIRECTION('',(0.,0.,1.));
#3218 = PCURVE('',#1302,#3219);
#3219 = DEFINITIONAL_REPRESENTATION('',(#3220),#3224);
#3220 = LINE('',#3221,#3222);
#3221 = CARTESIAN_POINT('',(0.,23.));
#3222 = VECTOR('',#3223,1.);
#3223 = DIRECTION('',(1.,0.));
#3224 = ( GEOMETRIC_REPRESENTATION_CONTEXT(2) 
PARAMETRIC_REPRESENTATION_CONTEXT() REPRESENTATION_CONTEXT('2D SPACE',''
  ) );
#3225 = PCURVE('',#3226,#3231);
#3226 = CYLINDRICAL_SURFACE('',#3227,5.);
#3227 = AXIS2_PLACEMENT_3D('',#3228,#3229,#3230);
#3228 = CARTESIAN_POINT('',(-25.54422863406,26.24422863406,0.));
#3229 = DIRECTION('',(0.,0.,1.));
#3230 = DIRECTION('',(-0.5,0.866025403784,0.));
#3231 = DEFINITIONAL_REPRESENTATION('',(#3232),#3236);
#3232 = LINE('',#3233,#3234);
#3233 = CARTESIAN_POINT('',(1.570796326795,0.));
#3234 = VECTOR('',#3235,1.);
#3235 = DIRECTION('',(0.,1.));
#3236 = ( GEOMETRIC_REPRESENTATION_CONTEXT(2) 
PARAMETRIC_REPRESENTATION_CONTEXT() REPRESENTATION_CONTEXT('2D SPACE',''
  ) );
#3237 = ADVANCED_FACE('',(#3238),#1241,.T.);
#3238 = FACE_BOUND('',#3239,.T.);
#3239 = EDGE_LOOP('',(#3240,#3241,#3242,#3265));
#3240 = ORIENTED_EDGE('',*,*,#3189,.F.);
#3241 = ORIENTED_EDGE('',*,*,#1167,.T.);
#3242 = ORIENTED_EDGE('',*,*,#3243,.T.);
#3243 = EDGE_CURVE('',#1139,#3244,#3246,.T.);
#3244 = VERTEX_POINT('',#3245);
#3245 = CARTESIAN_POINT('',(-25.54422863406,26.24422863406,12.));
#3246 = SURFACE_CURVE('',#3247,(#3251,#3258),.PCURVE_S1.);
#3247 = LINE('',#3248,#3249);
#3248 = CARTESIAN_POINT('',(-14.04422863406,6.325644347018,12.));
#3249 = VECTOR('',#3250,1.);
#3250 = DIRECTION('',(-0.5,0.866025403784,0.));
#3251 = PCURVE('',#1241,#3252);
#3252 = DEFINITIONAL_REPRESENTATION('',(#3253),#3257);
#3253 = LINE('',#3254,#3255);
#3254 = CARTESIAN_POINT('',(1.570796326795,0.));
#3255 = VECTOR('',#3256,1.);
#3256 = DIRECTION('',(0.,1.));
#3257 = ( GEOMETRIC_REPRESENTATION_CONTEXT(2) 
PARAMETRIC_REPRESENTATION_CONTEXT() REPRESENTATION_CONTEXT('2D SPACE',''
  ) );
#3258 = PCURVE('',#1155,#3259);
#3259 = DEFINITIONAL_REPRESENTATION('',(#3260),#3264);
#3260 = LINE('',#3261,#3262);
#3261 = CARTESIAN_POINT('',(1.7763568394E-15,23.));
#3262 = VECTOR('',#3263,1.);
#3263 = DIRECTION('',(1.,0.));
#3264 = ( GEOMETRIC_REPRESENTATION_CONTEXT(2) 
PARAMETRIC_REPRESENTATION_CONTEXT() REPRESENTATION_CONTEXT('2D SPACE',''
  ) );
#3265 = ORIENTED_EDGE('',*,*,#3266,.F.);
#3266 = EDGE_CURVE('',#3190,#3244,#3267,.T.);
#3267 = SURFACE_CURVE('',#3268,(#3273,#3279),.PCURVE_S1.);
#3268 = CIRCLE('',#3269,5.);
#3269 = AXIS2_PLACEMENT_3D('',#3270,#3271,#3272);
#3270 = CARTESIAN_POINT('',(-25.54422863406,26.24422863406,7.));
#3271 = DIRECTION('',(-0.5,0.866025403784,1.608122649677E-16));
#3272 = DIRECTION('',(8.040613248383E-17,-1.392675067021E-16,1.));
#3273 = PCURVE('',#1241,#3274);
#3274 = DEFINITIONAL_REPRESENTATION('',(#3275),#3278);
#3275 = B_SPLINE_CURVE_WITH_KNOTS('',1,(#3276,#3277),.UNSPECIFIED.,.F.,
  .F.,(2,2),(4.712388980385,6.28318530718),.PIECEWISE_BEZIER_KNOTS.);
#3276 = CARTESIAN_POINT('',(0.,23.));
#3277 = CARTESIAN_POINT('',(1.570796326795,23.));
#3278 = ( GEOMETRIC_REPRESENTATION_CONTEXT(2) 
PARAMETRIC_REPRESENTATION_CONTEXT() REPRESENTATION_CONTEXT('2D SPACE',''
  ) );
#3279 = PCURVE('',#3280,#3285);
#3280 = SPHERICAL_SURFACE('',#3281,5.);
#3281 = AXIS2_PLACEMENT_3D('',#3282,#3283,#3284);
#3282 = CARTESIAN_POINT('',(-25.54422863406,26.24422863406,7.));
#3283 = DIRECTION('',(0.866025403784,0.5,-0.));
#3284 = DIRECTION('',(-0.5,0.866025403784,0.));
#3285 = DEFINITIONAL_REPRESENTATION('',(#3286),#3289);
#3286 = B_SPLINE_CURVE_WITH_KNOTS('',1,(#3287,#3288),.UNSPECIFIED.,.F.,
  .F.,(2,2),(4.712388980385,6.28318530718),.PIECEWISE_BEZIER_KNOTS.);
#3287 = CARTESIAN_POINT('',(1.570796326795,-1.570796326795));
#3288 = CARTESIAN_POINT('',(1.570796326795,0.));
#3289 = ( GEOMETRIC_REPRESENTATION_CONTEXT(2) 
PARAMETRIC_REPRESENTATION_CONTEXT() REPRESENTATION_CONTEXT('2D SPACE',''
  ) );
#3290 = ADVANCED_FACE('',(#3291),#1155,.T.);
#3291 = FACE_BOUND('',#3292,.T.);
#3292 = EDGE_LOOP('',(#3293,#3294,#3317,#3343));
#3293 = ORIENTED_EDGE('',*,*,#1138,.F.);
#3294 = ORIENTED_EDGE('',*,*,#3295,.F.);
#3295 = EDGE_CURVE('',#3296,#1104,#3298,.T.);
#3296 = VERTEX_POINT('',#3297);
#3297 = CARTESIAN_POINT('',(-23.30219551168,27.538667060794,12.));
#3298 = SURFACE_CURVE('',#3299,(#3304,#3311),.PCURVE_S1.);
#3299 = CIRCLE('',#3300,11.05);
#3300 = AXIS2_PLACEMENT_3D('',#3301,#3302,#3303);
#3301 = CARTESIAN_POINT('',(-13.25,22.95,12.));
#3302 = DIRECTION('',(0.,0.,1.));
#3303 = DIRECTION('',(-0.5,0.866025403784,0.));
#3304 = PCURVE('',#1155,#3305);
#3305 = DEFINITIONAL_REPRESENTATION('',(#3306),#3310);
#3306 = CIRCLE('',#3307,11.05);
#3307 = AXIS2_PLACEMENT_2D('',#3308,#3309);
#3308 = CARTESIAN_POINT('',(14.,14.));
#3309 = DIRECTION('',(1.,0.));
#3310 = ( GEOMETRIC_REPRESENTATION_CONTEXT(2) 
PARAMETRIC_REPRESENTATION_CONTEXT() REPRESENTATION_CONTEXT('2D SPACE',''
  ) );
#3311 = PCURVE('',#1060,#3312);
#3312 = DEFINITIONAL_REPRESENTATION('',(#3313),#3316);
#3313 = B_SPLINE_CURVE_WITH_KNOTS('',1,(#3314,#3315),.UNSPECIFIED.,.F.,
  .F.,(2,2),(0.618964576027,0.843303908906),.PIECEWISE_BEZIER_KNOTS.);
#3314 = CARTESIAN_POINT('',(6.902149883206,13.));
#3315 = CARTESIAN_POINT('',(7.126489216085,13.));
#3316 = ( GEOMETRIC_REPRESENTATION_CONTEXT(2) 
PARAMETRIC_REPRESENTATION_CONTEXT() REPRESENTATION_CONTEXT('2D SPACE',''
  ) );
#3317 = ORIENTED_EDGE('',*,*,#3318,.T.);
#3318 = EDGE_CURVE('',#3296,#3244,#3319,.T.);
#3319 = SURFACE_CURVE('',#3320,(#3324,#3331),.PCURVE_S1.);
#3320 = LINE('',#3321,#3322);
#3321 = CARTESIAN_POINT('',(-5.625644347018,37.74422863406,12.));
#3322 = VECTOR('',#3323,1.);
#3323 = DIRECTION('',(-0.866025403784,-0.5,0.));
#3324 = PCURVE('',#1155,#3325);
#3325 = DEFINITIONAL_REPRESENTATION('',(#3326),#3330);
#3326 = LINE('',#3327,#3328);
#3327 = CARTESIAN_POINT('',(23.,0.));
#3328 = VECTOR('',#3329,1.);
#3329 = DIRECTION('',(0.,1.));
#3330 = ( GEOMETRIC_REPRESENTATION_CONTEXT(2) 
PARAMETRIC_REPRESENTATION_CONTEXT() REPRESENTATION_CONTEXT('2D SPACE',''
  ) );
#3331 = PCURVE('',#3332,#3337);
#3332 = CYLINDRICAL_SURFACE('',#3333,5.);
#3333 = AXIS2_PLACEMENT_3D('',#3334,#3335,#3336);
#3334 = CARTESIAN_POINT('',(-5.625644347018,37.74422863406,7.));
#3335 = DIRECTION('',(-0.866025403784,-0.5,0.));
#3336 = DIRECTION('',(-0.5,0.866025403784,0.));
#3337 = DEFINITIONAL_REPRESENTATION('',(#3338),#3342);
#3338 = LINE('',#3339,#3340);
#3339 = CARTESIAN_POINT('',(-1.570796326795,0.));
#3340 = VECTOR('',#3341,1.);
#3341 = DIRECTION('',(-0.,1.));
#3342 = ( GEOMETRIC_REPRESENTATION_CONTEXT(2) 
PARAMETRIC_REPRESENTATION_CONTEXT() REPRESENTATION_CONTEXT('2D SPACE',''
  ) );
#3343 = ORIENTED_EDGE('',*,*,#3243,.F.);
#3344 = ADVANCED_FACE('',(#3345),#1060,.T.);
#3345 = FACE_BOUND('',#3346,.T.);
#3346 = EDGE_LOOP('',(#3347,#3373,#3374,#3397,#3529,#3530));
#3347 = ORIENTED_EDGE('',*,*,#3348,.T.);
#3348 = EDGE_CURVE('',#1075,#1041,#3349,.T.);
#3349 = SURFACE_CURVE('',#3350,(#3355,#3362),.PCURVE_S1.);
#3350 = CIRCLE('',#3351,11.05);
#3351 = AXIS2_PLACEMENT_3D('',#3352,#3353,#3354);
#3352 = CARTESIAN_POINT('',(-13.25,22.95,13.));
#3353 = DIRECTION('',(0.,0.,-1.));
#3354 = DIRECTION('',(-0.980135043381,0.198331280276,0.));
#3355 = PCURVE('',#1060,#3356);
#3356 = DEFINITIONAL_REPRESENTATION('',(#3357),#3361);
#3357 = LINE('',#3358,#3359);
#3358 = CARTESIAN_POINT('',(7.130727772401,14.));
#3359 = VECTOR('',#3360,1.);
#3360 = DIRECTION('',(-1.,-0.));
#3361 = ( GEOMETRIC_REPRESENTATION_CONTEXT(2) 
PARAMETRIC_REPRESENTATION_CONTEXT() REPRESENTATION_CONTEXT('2D SPACE',''
  ) );
#3362 = PCURVE('',#1091,#3363);
#3363 = DEFINITIONAL_REPRESENTATION('',(#3364),#3372);
#3364 = ( BOUNDED_CURVE() B_SPLINE_CURVE(2,(#3365,#3366,#3367,#3368,
#3369,#3370,#3371),.UNSPECIFIED.,.T.,.F.) B_SPLINE_CURVE_WITH_KNOTS((1,2
    ,2,2,2,1),(-2.094395102393,0.,2.094395102393,4.188790204786,
6.28318530718,8.377580409573),.UNSPECIFIED.) CURVE() 
GEOMETRIC_REPRESENTATION_ITEM() RATIONAL_B_SPLINE_CURVE((1.,0.5,1.,0.5,
1.,0.5,1.)) REPRESENTATION_ITEM('') );
#3365 = CARTESIAN_POINT('',(7.313193308962,8.283701082593));
#3366 = CARTESIAN_POINT('',(21.660984458726,-4.383121294103));
#3367 = CARTESIAN_POINT('',(3.517298920401,-10.47526172964));
#3368 = CARTESIAN_POINT('',(-14.62638661792,-16.56740216518));
#3369 = CARTESIAN_POINT('',(-10.83049222936,2.191560647051));
#3370 = CARTESIAN_POINT('',(-7.034597840802,20.950523459288));
#3371 = CARTESIAN_POINT('',(7.313193308962,8.283701082593));
#3372 = ( GEOMETRIC_REPRESENTATION_CONTEXT(2) 
PARAMETRIC_REPRESENTATION_CONTEXT() REPRESENTATION_CONTEXT('2D SPACE',''
  ) );
#3373 = ORIENTED_EDGE('',*,*,#1040,.T.);
#3374 = ORIENTED_EDGE('',*,*,#3375,.T.);
#3375 = EDGE_CURVE('',#1012,#3376,#3378,.T.);
#3376 = VERTEX_POINT('',#3377);
#3377 = CARTESIAN_POINT('',(-12.19780448831,33.949790207326,12.));
#3378 = SURFACE_CURVE('',#3379,(#3384,#3390),.PCURVE_S1.);
#3379 = CIRCLE('',#3380,11.05);
#3380 = AXIS2_PLACEMENT_3D('',#3381,#3382,#3383);
#3381 = CARTESIAN_POINT('',(-13.25,22.95,12.));
#3382 = DIRECTION('',(0.,0.,1.));
#3383 = DIRECTION('',(-0.5,0.866025403784,0.));
#3384 = PCURVE('',#1060,#3385);
#3385 = DEFINITIONAL_REPRESENTATION('',(#3386),#3389);
#3386 = B_SPLINE_CURVE_WITH_KNOTS('',1,(#3387,#3388),.UNSPECIFIED.,.F.,
  .F.,(2,2),(5.439869066341,5.664220731153),.PIECEWISE_BEZIER_KNOTS.);
#3387 = CARTESIAN_POINT('',(5.439869066341,13.));
#3388 = CARTESIAN_POINT('',(5.664220731153,13.));
#3389 = ( GEOMETRIC_REPRESENTATION_CONTEXT(2) 
PARAMETRIC_REPRESENTATION_CONTEXT() REPRESENTATION_CONTEXT('2D SPACE',''
  ) );
#3390 = PCURVE('',#1028,#3391);
#3391 = DEFINITIONAL_REPRESENTATION('',(#3392),#3396);
#3392 = CIRCLE('',#3393,11.05);
#3393 = AXIS2_PLACEMENT_2D('',#3394,#3395);
#3394 = CARTESIAN_POINT('',(14.,14.));
#3395 = DIRECTION('',(1.,0.));
#3396 = ( GEOMETRIC_REPRESENTATION_CONTEXT(2) 
PARAMETRIC_REPRESENTATION_CONTEXT() REPRESENTATION_CONTEXT('2D SPACE',''
  ) );
#3397 = ORIENTED_EDGE('',*,*,#3398,.T.);
#3398 = EDGE_CURVE('',#3376,#3296,#3399,.T.);
#3399 = SURFACE_CURVE('',#3400,(#3427,#3478),.PCURVE_S1.);
#3400 = B_SPLINE_CURVE_WITH_KNOTS('',7,(#3401,#3402,#3403,#3404,#3405,
    #3406,#3407,#3408,#3409,#3410,#3411,#3412,#3413,#3414,#3415,#3416,
    #3417,#3418,#3419,#3420,#3421,#3422,#3423,#3424,#3425,#3426),
  .UNSPECIFIED.,.F.,.F.,(8,6,6,6,8),(0.,0.504392870785,1.,1.493626439352
    ,1.999992588476),.UNSPECIFIED.);
#3401 = CARTESIAN_POINT('',(-12.19780448831,33.949790207326,12.));
#3402 = CARTESIAN_POINT('',(-12.7188036981,33.999626887826,12.));
#3403 = CARTESIAN_POINT('',(-13.23484720235,34.019936363205,
    11.978485034013));
#3404 = CARTESIAN_POINT('',(-13.74393481328,34.012075592454,
    11.942605978741));
#3405 = CARTESIAN_POINT('',(-14.24491781235,33.977586944836,
    11.897883463281));
#3406 = CARTESIAN_POINT('',(-14.73733102419,33.917808763465,
    11.848823342631));
#3407 = CARTESIAN_POINT('',(-15.22119649657,33.833690856491,
    11.799135045167));
#3408 = CARTESIAN_POINT('',(-16.16408188875,33.619594908324,
    11.705510025851));
#3409 = CARTESIAN_POINT('',(-16.62356631254,33.490400730085,
    11.661470199316));
#3410 = CARTESIAN_POINT('',(-17.0742327015,33.338816120323,
    11.622849330101));
#3411 = CARTESIAN_POINT('',(-17.51528238185,33.165496201521,
    11.592109070402));
#3412 = CARTESIAN_POINT('',(-17.94611128457,32.97097510269,
    11.571002810642));
#3413 = CARTESIAN_POINT('',(-18.36620423661,32.755599055851,
    11.560427611529));
#3414 = CARTESIAN_POINT('',(-19.18216201443,32.284505613178,
    11.560427611529));
#3415 = CARTESIAN_POINT('',(-19.57719730707,32.029483841554,
    11.570918449804));
#3416 = CARTESIAN_POINT('',(-19.95964449775,31.754890899738,
    11.591856890995));
#3417 = CARTESIAN_POINT('',(-20.32895119718,31.46099789016,
    11.622360001801));
#3418 = CARTESIAN_POINT('',(-20.6843617619,31.148059514982,
    11.66070180152));
#3419 = CARTESIAN_POINT('',(-21.0249216498,30.816436648769,
    11.704457684246));
#3420 = CARTESIAN_POINT('',(-21.68253756878,30.107824310231,
    11.797964851362));
#3421 = CARTESIAN_POINT('',(-21.99888454873,29.72975074996,
    11.84785970785));
#3422 = CARTESIAN_POINT('',(-22.29830943078,29.33195532999,
    11.897180754805));
#3423 = CARTESIAN_POINT('',(-22.57999539376,28.913938235228,
    11.942183316131));
#3424 = CARTESIAN_POINT('',(-22.84253742366,28.475428229979,
    11.97831612101));
#3425 = CARTESIAN_POINT('',(-23.08400419483,28.016649391363,12.));
#3426 = CARTESIAN_POINT('',(-23.30219551168,27.538667060794,12.));
#3427 = PCURVE('',#1060,#3428);
#3428 = DEFINITIONAL_REPRESENTATION('',(#3429),#3477);
#3429 = B_SPLINE_CURVE_WITH_KNOTS('',3,(#3430,#3431,#3432,#3433,#3434,
    #3435,#3436,#3437,#3438,#3439,#3440,#3441,#3442,#3443,#3444,#3445,
    #3446,#3447,#3448,#3449,#3450,#3451,#3452,#3453,#3454,#3455,#3456,
    #3457,#3458,#3459,#3460,#3461,#3462,#3463,#3464,#3465,#3466,#3467,
    #3468,#3469,#3470,#3471,#3472,#3473,#3474,#3475,#3476),
  .UNSPECIFIED.,.F.,.F.,(4,1,1,1,1,1,1,1,1,1,1,1,1,1,1,1,1,1,1,1,1,1,1,1
    ,1,1,1,1,1,1,1,1,1,1,1,1,1,1,1,1,1,1,1,1,4),(0.,4.545437701082E-02,
    9.090875402165E-02,0.136363131032,0.181817508043,0.227271885054,
    0.272726262065,0.318180639076,0.363635016087,0.409089393097,
    0.454543770108,0.499998147119,0.54545252413,0.590906901141,
    0.636361278152,0.681815655162,0.727270032173,0.772724409184,
    0.818178786195,0.863633163206,0.909087540216,0.954541917227,
    0.999996294238,1.045450671249,1.09090504826,1.136359425271,
    1.181813802281,1.227268179292,1.272722556303,1.318176933314,
    1.363631310325,1.409085687336,1.454540064346,1.499994441357,
    1.545448818368,1.590903195379,1.63635757239,1.6818119494,
    1.727266326411,1.772720703422,1.818175080433,1.863629457444,
    1.909083834455,1.954538211465,1.999992588476),
  .QUASI_UNIFORM_KNOTS.);
#3430 = CARTESIAN_POINT('',(5.664220731153,13.));
#3431 = CARTESIAN_POINT('',(5.674180431498,12.999993324233));
#3432 = CARTESIAN_POINT('',(5.694019262863,12.997559401683));
#3433 = CARTESIAN_POINT('',(5.72354111714,12.987613676952));
#3434 = CARTESIAN_POINT('',(5.752830858495,12.9723696167));
#3435 = CARTESIAN_POINT('',(5.781896390525,12.95272000996));
#3436 = CARTESIAN_POINT('',(5.810747745936,12.929498541517));
#3437 = CARTESIAN_POINT('',(5.83939727232,12.903475665805));
#3438 = CARTESIAN_POINT('',(5.867859381189,12.875366609474));
#3439 = CARTESIAN_POINT('',(5.896150465591,12.845835258216));
#3440 = CARTESIAN_POINT('',(5.924288655798,12.815498561825));
#3441 = CARTESIAN_POINT('',(5.952294106649,12.784929689189));
#3442 = CARTESIAN_POINT('',(5.980187353067,12.75466289566));
#3443 = CARTESIAN_POINT('',(6.007994878235,12.72519054451));
#3444 = CARTESIAN_POINT('',(6.035728175674,12.696986938003));
#3445 = CARTESIAN_POINT('',(6.063391701086,12.670497690514));
#3446 = CARTESIAN_POINT('',(6.090992736234,12.646127162676));
#3447 = CARTESIAN_POINT('',(6.118538800751,12.624239313394));
#3448 = CARTESIAN_POINT('',(6.146038317381,12.605155049151));
#3449 = CARTESIAN_POINT('',(6.173500443195,12.58915061709));
#3450 = CARTESIAN_POINT('',(6.200934894227,12.576455888989));
#3451 = CARTESIAN_POINT('',(6.228352541641,12.567252910212));
#3452 = CARTESIAN_POINT('',(6.255762838146,12.561674679119));
#3453 = CARTESIAN_POINT('',(6.283183058565,12.559804229906));
#3454 = CARTESIAN_POINT('',(6.310603355301,12.56167407051));
#3455 = CARTESIAN_POINT('',(6.338013838468,12.567251755477));
#3456 = CARTESIAN_POINT('',(6.365431755722,12.5764542897));
#3457 = CARTESIAN_POINT('',(6.392866527679,12.589148694209));
#3458 = CARTESIAN_POINT('',(6.420328993227,12.605152922017));
#3459 = CARTESIAN_POINT('',(6.447828834431,12.624237079896));
#3460 = CARTESIAN_POINT('',(6.475375170923,12.646124878956));
#3461 = CARTESIAN_POINT('',(6.502976389557,12.670495359426));
#3462 = CARTESIAN_POINT('',(6.530639953117,12.696984477944));
#3463 = CARTESIAN_POINT('',(6.558373145669,12.725187851517));
#3464 = CARTESIAN_POINT('',(6.586180180694,12.754659586003));
#3465 = CARTESIAN_POINT('',(6.614073393311,12.784926289876));
#3466 = CARTESIAN_POINT('',(6.642078959034,12.815495297397));
#3467 = CARTESIAN_POINT('',(6.670217420521,12.845832356902));
#3468 = CARTESIAN_POINT('',(6.69850886485,12.875364202938));
#3469 = CARTESIAN_POINT('',(6.726971383693,12.903473813761));
#3470 = CARTESIAN_POINT('',(6.75562133261,12.929497234417));
#3471 = CARTESIAN_POINT('',(6.784473094335,12.952719185199));
#3472 = CARTESIAN_POINT('',(6.813538994432,12.972369175332));
#3473 = CARTESIAN_POINT('',(6.842829051342,12.987613501994));
#3474 = CARTESIAN_POINT('',(6.872351161234,12.99755937365));
#3475 = CARTESIAN_POINT('',(6.892190125606,12.999993325188));
#3476 = CARTESIAN_POINT('',(6.902149883206,13.));
#3477 = ( GEOMETRIC_REPRESENTATION_CONTEXT(2) 
PARAMETRIC_REPRESENTATION_CONTEXT() REPRESENTATION_CONTEXT('2D SPACE',''
  ) );
#3478 = PCURVE('',#3332,#3479);
#3479 = DEFINITIONAL_REPRESENTATION('',(#3480),#3528);
#3480 = B_SPLINE_CURVE_WITH_KNOTS('',3,(#3481,#3482,#3483,#3484,#3485,
    #3486,#3487,#3488,#3489,#3490,#3491,#3492,#3493,#3494,#3495,#3496,
    #3497,#3498,#3499,#3500,#3501,#3502,#3503,#3504,#3505,#3506,#3507,
    #3508,#3509,#3510,#3511,#3512,#3513,#3514,#3515,#3516,#3517,#3518,
    #3519,#3520,#3521,#3522,#3523,#3524,#3525,#3526,#3527),
  .UNSPECIFIED.,.F.,.F.,(4,1,1,1,1,1,1,1,1,1,1,1,1,1,1,1,1,1,1,1,1,1,1,1
    ,1,1,1,1,1,1,1,1,1,1,1,1,1,1,1,1,1,1,1,1,4),(0.,4.545437701082E-02,
    9.090875402165E-02,0.136363131032,0.181817508043,0.227271885054,
    0.272726262065,0.318180639076,0.363635016087,0.409089393097,
    0.454543770108,0.499998147119,0.54545252413,0.590906901141,
    0.636361278152,0.681815655162,0.727270032173,0.772724409184,
    0.818178786195,0.863633163206,0.909087540216,0.954541917227,
    0.999996294238,1.045450671249,1.09090504826,1.136359425271,
    1.181813802281,1.227268179292,1.272722556303,1.318176933314,
    1.363631310325,1.409085687336,1.454540064346,1.499994441357,
    1.545448818368,1.590903195379,1.63635757239,1.6818119494,
    1.727266326411,1.772720703422,1.818175080433,1.863629457444,
    1.909083834455,1.954538211465,1.999992588476),
  .QUASI_UNIFORM_KNOTS.);
#3481 = CARTESIAN_POINT('',(-1.570796326795,7.588876853468));
#3482 = CARTESIAN_POINT('',(-1.558026773248,7.678515108099));
#3483 = CARTESIAN_POINT('',(-1.533122692327,7.85897073151));
#3484 = CARTESIAN_POINT('',(-1.497624574925,8.13287883405));
#3485 = CARTESIAN_POINT('',(-1.463934240872,8.40968462144));
#3486 = CARTESIAN_POINT('',(-1.432012480866,8.689111187521));
#3487 = CARTESIAN_POINT('',(-1.401826150158,8.970914420824));
#3488 = CARTESIAN_POINT('',(-1.373348612635,9.254887231832));
#3489 = CARTESIAN_POINT('',(-1.346558958564,9.540857531689));
#3490 = CARTESIAN_POINT('',(-1.321441691563,9.828687877704));
#3491 = CARTESIAN_POINT('',(-1.297986496963,10.118272941672));
#3492 = CARTESIAN_POINT('',(-1.276187777451,10.409542321373));
#3493 = CARTESIAN_POINT('',(-1.256045478958,10.702442517687));
#3494 = CARTESIAN_POINT('',(-1.23756135039,10.996995327045));
#3495 = CARTESIAN_POINT('',(-1.220752166953,11.293074186475));
#3496 = CARTESIAN_POINT('',(-1.205640086475,11.590481848483));
#3497 = CARTESIAN_POINT('',(-1.192245547146,11.88905491173));
#3498 = CARTESIAN_POINT('',(-1.180588500699,12.188636283253));
#3499 = CARTESIAN_POINT('',(-1.170687505141,12.489082008451));
#3500 = CARTESIAN_POINT('',(-1.162559456118,12.790259179402));
#3501 = CARTESIAN_POINT('',(-1.156219218971,13.092043560451));
#3502 = CARTESIAN_POINT('',(-1.151679366127,13.394325672569));
#3503 = CARTESIAN_POINT('',(-1.148949972315,13.696981739391));
#3504 = CARTESIAN_POINT('',(-1.148038484967,13.999975149664));
#3505 = CARTESIAN_POINT('',(-1.148949675501,14.302969422092));
#3506 = CARTESIAN_POINT('',(-1.151678799362,14.605627604685));
#3507 = CARTESIAN_POINT('',(-1.156218425681,14.907912777908));
#3508 = CARTESIAN_POINT('',(-1.162558488182,15.209700800703));
#3509 = CARTESIAN_POINT('',(-1.170686413712,15.510881828034));
#3510 = CARTESIAN_POINT('',(-1.180587327074,15.811331242962));
#3511 = CARTESIAN_POINT('',(-1.192244311898,16.110915725496));
#3512 = CARTESIAN_POINT('',(-1.205638782145,16.409490934111));
#3513 = CARTESIAN_POINT('',(-1.220750733933,16.706899181914));
#3514 = CARTESIAN_POINT('',(-1.237559710933,17.00297711153));
#3515 = CARTESIAN_POINT('',(-1.256043348366,17.2975249783));
#3516 = CARTESIAN_POINT('',(-1.276185438389,17.590425129987));
#3517 = CARTESIAN_POINT('',(-1.297984075267,17.881696028048));
#3518 = CARTESIAN_POINT('',(-1.321439336752,18.171284214268));
#3519 = CARTESIAN_POINT('',(-1.346556785293,18.459118536366));
#3520 = CARTESIAN_POINT('',(-1.373346709968,18.745093240998));
#3521 = CARTESIAN_POINT('',(-1.401824575899,19.029070485476));
#3522 = CARTESIAN_POINT('',(-1.432011262804,19.310877885669));
#3523 = CARTESIAN_POINT('',(-1.463933378792,19.590308138265));
#3524 = CARTESIAN_POINT('',(-1.497624045459,19.867117006479));
#3525 = CARTESIAN_POINT('',(-1.533122454539,20.141027533959));
#3526 = CARTESIAN_POINT('',(-1.558026699876,20.32148437676));
#3527 = CARTESIAN_POINT('',(-1.570796326795,20.411123146532));
#3528 = ( GEOMETRIC_REPRESENTATION_CONTEXT(2) 
PARAMETRIC_REPRESENTATION_CONTEXT() REPRESENTATION_CONTEXT('2D SPACE',''
  ) );
#3529 = ORIENTED_EDGE('',*,*,#3295,.T.);
#3530 = ORIENTED_EDGE('',*,*,#1103,.T.);
#3531 = ADVANCED_FACE('',(#3532),#1091,.T.);
#3532 = FACE_BOUND('',#3533,.T.);
#3533 = EDGE_LOOP('',(#3534,#3535));
#3534 = ORIENTED_EDGE('',*,*,#1074,.F.);
#3535 = ORIENTED_EDGE('',*,*,#3348,.F.);
#3536 = ADVANCED_FACE('',(#3537),#1028,.T.);
#3537 = FACE_BOUND('',#3538,.T.);
#3538 = EDGE_LOOP('',(#3539,#3540,#3563,#3584));
#3539 = ORIENTED_EDGE('',*,*,#1011,.F.);
#3540 = ORIENTED_EDGE('',*,*,#3541,.T.);
#3541 = EDGE_CURVE('',#897,#3542,#3544,.T.);
#3542 = VERTEX_POINT('',#3543);
#3543 = CARTESIAN_POINT('',(-9.95577136594,35.24422863406,12.));
#3544 = SURFACE_CURVE('',#3545,(#3549,#3556),.PCURVE_S1.);
#3545 = LINE('',#3546,#3547);
#3546 = CARTESIAN_POINT('',(1.54422863406,15.325644347018,12.));
#3547 = VECTOR('',#3548,1.);
#3548 = DIRECTION('',(-0.5,0.866025403784,0.));
#3549 = PCURVE('',#1028,#3550);
#3550 = DEFINITIONAL_REPRESENTATION('',(#3551),#3555);
#3551 = LINE('',#3552,#3553);
#3552 = CARTESIAN_POINT('',(1.7763568394E-15,5.));
#3553 = VECTOR('',#3554,1.);
#3554 = DIRECTION('',(1.,0.));
#3555 = ( GEOMETRIC_REPRESENTATION_CONTEXT(2) 
PARAMETRIC_REPRESENTATION_CONTEXT() REPRESENTATION_CONTEXT('2D SPACE',''
  ) );
#3556 = PCURVE('',#970,#3557);
#3557 = DEFINITIONAL_REPRESENTATION('',(#3558),#3562);
#3558 = LINE('',#3559,#3560);
#3559 = CARTESIAN_POINT('',(-1.570796326795,0.));
#3560 = VECTOR('',#3561,1.);
#3561 = DIRECTION('',(-0.,1.));
#3562 = ( GEOMETRIC_REPRESENTATION_CONTEXT(2) 
PARAMETRIC_REPRESENTATION_CONTEXT() REPRESENTATION_CONTEXT('2D SPACE',''
  ) );
#3563 = ORIENTED_EDGE('',*,*,#3564,.T.);
#3564 = EDGE_CURVE('',#3542,#3376,#3565,.T.);
#3565 = SURFACE_CURVE('',#3566,(#3570,#3577),.PCURVE_S1.);
#3566 = LINE('',#3567,#3568);
#3567 = CARTESIAN_POINT('',(-5.625644347018,37.74422863406,12.));
#3568 = VECTOR('',#3569,1.);
#3569 = DIRECTION('',(-0.866025403784,-0.5,0.));
#3570 = PCURVE('',#1028,#3571);
#3571 = DEFINITIONAL_REPRESENTATION('',(#3572),#3576);
#3572 = LINE('',#3573,#3574);
#3573 = CARTESIAN_POINT('',(23.,0.));
#3574 = VECTOR('',#3575,1.);
#3575 = DIRECTION('',(0.,1.));
#3576 = ( GEOMETRIC_REPRESENTATION_CONTEXT(2) 
PARAMETRIC_REPRESENTATION_CONTEXT() REPRESENTATION_CONTEXT('2D SPACE',''
  ) );
#3577 = PCURVE('',#3332,#3578);
#3578 = DEFINITIONAL_REPRESENTATION('',(#3579),#3583);
#3579 = LINE('',#3580,#3581);
#3580 = CARTESIAN_POINT('',(-1.570796326795,0.));
#3581 = VECTOR('',#3582,1.);
#3582 = DIRECTION('',(-0.,1.));
#3583 = ( GEOMETRIC_REPRESENTATION_CONTEXT(2) 
PARAMETRIC_REPRESENTATION_CONTEXT() REPRESENTATION_CONTEXT('2D SPACE',''
  ) );
#3584 = ORIENTED_EDGE('',*,*,#3375,.F.);
#3585 = ADVANCED_FACE('',(#3586),#970,.T.);
#3586 = FACE_BOUND('',#3587,.F.);
#3587 = EDGE_LOOP('',(#3588,#3589,#3590,#3617));
#3588 = ORIENTED_EDGE('',*,*,#896,.T.);
#3589 = ORIENTED_EDGE('',*,*,#3541,.T.);
#3590 = ORIENTED_EDGE('',*,*,#3591,.T.);
#3591 = EDGE_CURVE('',#3542,#3592,#3594,.T.);
#3592 = VERTEX_POINT('',#3593);
#3593 = CARTESIAN_POINT('',(-5.625644347018,37.74422863406,7.));
#3594 = SURFACE_CURVE('',#3595,(#3600,#3606),.PCURVE_S1.);
#3595 = CIRCLE('',#3596,5.);
#3596 = AXIS2_PLACEMENT_3D('',#3597,#3598,#3599);
#3597 = CARTESIAN_POINT('',(-9.95577136594,35.24422863406,7.));
#3598 = DIRECTION('',(-0.5,0.866025403784,0.));
#3599 = DIRECTION('',(0.866025403784,0.5,0.));
#3600 = PCURVE('',#970,#3601);
#3601 = DEFINITIONAL_REPRESENTATION('',(#3602),#3605);
#3602 = B_SPLINE_CURVE_WITH_KNOTS('',1,(#3603,#3604),.UNSPECIFIED.,.F.,
  .F.,(2,2),(4.712388980385,6.28318530718),.PIECEWISE_BEZIER_KNOTS.);
#3603 = CARTESIAN_POINT('',(-1.570796326795,23.));
#3604 = CARTESIAN_POINT('',(0.,23.));
#3605 = ( GEOMETRIC_REPRESENTATION_CONTEXT(2) 
PARAMETRIC_REPRESENTATION_CONTEXT() REPRESENTATION_CONTEXT('2D SPACE',''
  ) );
#3606 = PCURVE('',#3607,#3612);
#3607 = SPHERICAL_SURFACE('',#3608,5.);
#3608 = AXIS2_PLACEMENT_3D('',#3609,#3610,#3611);
#3609 = CARTESIAN_POINT('',(-9.95577136594,35.24422863406,7.));
#3610 = DIRECTION('',(-0.,-0.,-1.));
#3611 = DIRECTION('',(-0.5,0.866025403784,0.));
#3612 = DEFINITIONAL_REPRESENTATION('',(#3613),#3616);
#3613 = B_SPLINE_CURVE_WITH_KNOTS('',1,(#3614,#3615),.UNSPECIFIED.,.F.,
  .F.,(2,2),(4.712388980385,6.28318530718),.PIECEWISE_BEZIER_KNOTS.);
#3614 = CARTESIAN_POINT('',(1.570796326795,-1.570796326795));
#3615 = CARTESIAN_POINT('',(1.570796326795,0.));
#3616 = ( GEOMETRIC_REPRESENTATION_CONTEXT(2) 
PARAMETRIC_REPRESENTATION_CONTEXT() REPRESENTATION_CONTEXT('2D SPACE',''
  ) );
#3617 = ORIENTED_EDGE('',*,*,#3618,.F.);
#3618 = EDGE_CURVE('',#865,#3592,#3619,.T.);
#3619 = SURFACE_CURVE('',#3620,(#3624,#3631),.PCURVE_S1.);
#3620 = LINE('',#3621,#3622);
#3621 = CARTESIAN_POINT('',(5.874355652982,17.825644347018,7.));
#3622 = VECTOR('',#3623,1.);
#3623 = DIRECTION('',(-0.5,0.866025403784,0.));
#3624 = PCURVE('',#970,#3625);
#3625 = DEFINITIONAL_REPRESENTATION('',(#3626),#3630);
#3626 = LINE('',#3627,#3628);
#3627 = CARTESIAN_POINT('',(-0.,0.));
#3628 = VECTOR('',#3629,1.);
#3629 = DIRECTION('',(-0.,1.));
#3630 = ( GEOMETRIC_REPRESENTATION_CONTEXT(2) 
PARAMETRIC_REPRESENTATION_CONTEXT() REPRESENTATION_CONTEXT('2D SPACE',''
  ) );
#3631 = PCURVE('',#884,#3632);
#3632 = DEFINITIONAL_REPRESENTATION('',(#3633),#3637);
#3633 = LINE('',#3634,#3635);
#3634 = CARTESIAN_POINT('',(7.,0.));
#3635 = VECTOR('',#3636,1.);
#3636 = DIRECTION('',(0.,1.));
#3637 = ( GEOMETRIC_REPRESENTATION_CONTEXT(2) 
PARAMETRIC_REPRESENTATION_CONTEXT() REPRESENTATION_CONTEXT('2D SPACE',''
  ) );
#3638 = ADVANCED_FACE('',(#3639),#884,.F.);
#3639 = FACE_BOUND('',#3640,.F.);
#3640 = EDGE_LOOP('',(#3641,#3671,#3692,#3693,#3694,#3695));
#3641 = ORIENTED_EDGE('',*,*,#3642,.F.);
#3642 = EDGE_CURVE('',#3643,#3645,#3647,.T.);
#3643 = VERTEX_POINT('',#3644);
#3644 = CARTESIAN_POINT('',(3.374355652982,22.15577136594,5.));
#3645 = VERTEX_POINT('',#3646);
#3646 = CARTESIAN_POINT('',(-5.625644347018,37.74422863406,5.));
#3647 = SURFACE_CURVE('',#3648,(#3652,#3659),.PCURVE_S1.);
#3648 = LINE('',#3649,#3650);
#3649 = CARTESIAN_POINT('',(5.874355652982,17.825644347018,5.));
#3650 = VECTOR('',#3651,1.);
#3651 = DIRECTION('',(-0.5,0.866025403784,0.));
#3652 = PCURVE('',#884,#3653);
#3653 = DEFINITIONAL_REPRESENTATION('',(#3654),#3658);
#3654 = LINE('',#3655,#3656);
#3655 = CARTESIAN_POINT('',(5.,0.));
#3656 = VECTOR('',#3657,1.);
#3657 = DIRECTION('',(0.,1.));
#3658 = ( GEOMETRIC_REPRESENTATION_CONTEXT(2) 
PARAMETRIC_REPRESENTATION_CONTEXT() REPRESENTATION_CONTEXT('2D SPACE',''
  ) );
#3659 = PCURVE('',#3660,#3665);
#3660 = CYLINDRICAL_SURFACE('',#3661,5.);
#3661 = AXIS2_PLACEMENT_3D('',#3662,#3663,#3664);
#3662 = CARTESIAN_POINT('',(1.54422863406,15.325644347018,5.));
#3663 = DIRECTION('',(-0.5,0.866025403784,0.));
#3664 = DIRECTION('',(0.866025403784,0.5,-0.));
#3665 = DEFINITIONAL_REPRESENTATION('',(#3666),#3670);
#3666 = LINE('',#3667,#3668);
#3667 = CARTESIAN_POINT('',(0.,0.));
#3668 = VECTOR('',#3669,1.);
#3669 = DIRECTION('',(0.,1.));
#3670 = ( GEOMETRIC_REPRESENTATION_CONTEXT(2) 
PARAMETRIC_REPRESENTATION_CONTEXT() REPRESENTATION_CONTEXT('2D SPACE',''
  ) );
#3671 = ORIENTED_EDGE('',*,*,#3672,.T.);
#3672 = EDGE_CURVE('',#3643,#2592,#3673,.T.);
#3673 = SURFACE_CURVE('',#3674,(#3678,#3685),.PCURVE_S1.);
#3674 = LINE('',#3675,#3676);
#3675 = CARTESIAN_POINT('',(3.374355652982,22.15577136594,0.));
#3676 = VECTOR('',#3677,1.);
#3677 = DIRECTION('',(0.,0.,1.));
#3678 = PCURVE('',#884,#3679);
#3679 = DEFINITIONAL_REPRESENTATION('',(#3680),#3684);
#3680 = LINE('',#3681,#3682);
#3681 = CARTESIAN_POINT('',(0.,5.));
#3682 = VECTOR('',#3683,1.);
#3683 = DIRECTION('',(1.,0.));
#3684 = ( GEOMETRIC_REPRESENTATION_CONTEXT(2) 
PARAMETRIC_REPRESENTATION_CONTEXT() REPRESENTATION_CONTEXT('2D SPACE',''
  ) );
#3685 = PCURVE('',#2629,#3686);
#3686 = DEFINITIONAL_REPRESENTATION('',(#3687),#3691);
#3687 = LINE('',#3688,#3689);
#3688 = CARTESIAN_POINT('',(1.570796326795,0.));
#3689 = VECTOR('',#3690,1.);
#3690 = DIRECTION('',(0.,1.));
#3691 = ( GEOMETRIC_REPRESENTATION_CONTEXT(2) 
PARAMETRIC_REPRESENTATION_CONTEXT() REPRESENTATION_CONTEXT('2D SPACE',''
  ) );
#3692 = ORIENTED_EDGE('',*,*,#2591,.F.);
#3693 = ORIENTED_EDGE('',*,*,#864,.T.);
#3694 = ORIENTED_EDGE('',*,*,#3618,.T.);
#3695 = ORIENTED_EDGE('',*,*,#3696,.F.);
#3696 = EDGE_CURVE('',#3645,#3592,#3697,.T.);
#3697 = SURFACE_CURVE('',#3698,(#3702,#3709),.PCURVE_S1.);
#3698 = LINE('',#3699,#3700);
#3699 = CARTESIAN_POINT('',(-5.625644347018,37.74422863406,0.));
#3700 = VECTOR('',#3701,1.);
#3701 = DIRECTION('',(0.,0.,1.));
#3702 = PCURVE('',#884,#3703);
#3703 = DEFINITIONAL_REPRESENTATION('',(#3704),#3708);
#3704 = LINE('',#3705,#3706);
#3705 = CARTESIAN_POINT('',(0.,23.));
#3706 = VECTOR('',#3707,1.);
#3707 = DIRECTION('',(1.,0.));
#3708 = ( GEOMETRIC_REPRESENTATION_CONTEXT(2) 
PARAMETRIC_REPRESENTATION_CONTEXT() REPRESENTATION_CONTEXT('2D SPACE',''
  ) );
#3709 = PCURVE('',#3710,#3715);
#3710 = CYLINDRICAL_SURFACE('',#3711,5.);
#3711 = AXIS2_PLACEMENT_3D('',#3712,#3713,#3714);
#3712 = CARTESIAN_POINT('',(-9.95577136594,35.24422863406,0.));
#3713 = DIRECTION('',(0.,0.,1.));
#3714 = DIRECTION('',(-0.5,0.866025403784,0.));
#3715 = DEFINITIONAL_REPRESENTATION('',(#3716),#3720);
#3716 = LINE('',#3717,#3718);
#3717 = CARTESIAN_POINT('',(-1.570796326795,0.));
#3718 = VECTOR('',#3719,1.);
#3719 = DIRECTION('',(-0.,1.));
#3720 = ( GEOMETRIC_REPRESENTATION_CONTEXT(2) 
PARAMETRIC_REPRESENTATION_CONTEXT() REPRESENTATION_CONTEXT('2D SPACE',''
  ) );
#3721 = ADVANCED_FACE('',(#3722),#823,.T.);
#3722 = FACE_BOUND('',#3723,.T.);
#3723 = EDGE_LOOP('',(#3724,#3754,#3775,#3776,#3777,#3800));
#3724 = ORIENTED_EDGE('',*,*,#3725,.F.);
#3725 = EDGE_CURVE('',#3726,#3728,#3730,.T.);
#3726 = VERTEX_POINT('',#3727);
#3727 = CARTESIAN_POINT('',(17.5,14.,5.));
#3728 = VERTEX_POINT('',#3729);
#3729 = CARTESIAN_POINT('',(35.5,14.,5.));
#3730 = SURFACE_CURVE('',#3731,(#3735,#3742),.PCURVE_S1.);
#3731 = LINE('',#3732,#3733);
#3732 = CARTESIAN_POINT('',(12.5,14.,5.));
#3733 = VECTOR('',#3734,1.);
#3734 = DIRECTION('',(1.,0.,0.));
#3735 = PCURVE('',#823,#3736);
#3736 = DEFINITIONAL_REPRESENTATION('',(#3737),#3741);
#3737 = LINE('',#3738,#3739);
#3738 = CARTESIAN_POINT('',(5.,0.));
#3739 = VECTOR('',#3740,1.);
#3740 = DIRECTION('',(0.,1.));
#3741 = ( GEOMETRIC_REPRESENTATION_CONTEXT(2) 
PARAMETRIC_REPRESENTATION_CONTEXT() REPRESENTATION_CONTEXT('2D SPACE',''
  ) );
#3742 = PCURVE('',#3743,#3748);
#3743 = CYLINDRICAL_SURFACE('',#3744,5.);
#3744 = AXIS2_PLACEMENT_3D('',#3745,#3746,#3747);
#3745 = CARTESIAN_POINT('',(12.5,9.,5.));
#3746 = DIRECTION('',(1.,0.,0.));
#3747 = DIRECTION('',(-0.,1.,0.));
#3748 = DEFINITIONAL_REPRESENTATION('',(#3749),#3753);
#3749 = LINE('',#3750,#3751);
#3750 = CARTESIAN_POINT('',(-0.,0.));
#3751 = VECTOR('',#3752,1.);
#3752 = DIRECTION('',(-0.,1.));
#3753 = ( GEOMETRIC_REPRESENTATION_CONTEXT(2) 
PARAMETRIC_REPRESENTATION_CONTEXT() REPRESENTATION_CONTEXT('2D SPACE',''
  ) );
#3754 = ORIENTED_EDGE('',*,*,#3755,.T.);
#3755 = EDGE_CURVE('',#3726,#2570,#3756,.T.);
#3756 = SURFACE_CURVE('',#3757,(#3761,#3768),.PCURVE_S1.);
#3757 = LINE('',#3758,#3759);
#3758 = CARTESIAN_POINT('',(17.5,14.,0.));
#3759 = VECTOR('',#3760,1.);
#3760 = DIRECTION('',(0.,0.,1.));
#3761 = PCURVE('',#823,#3762);
#3762 = DEFINITIONAL_REPRESENTATION('',(#3763),#3767);
#3763 = LINE('',#3764,#3765);
#3764 = CARTESIAN_POINT('',(0.,5.));
#3765 = VECTOR('',#3766,1.);
#3766 = DIRECTION('',(1.,0.));
#3767 = ( GEOMETRIC_REPRESENTATION_CONTEXT(2) 
PARAMETRIC_REPRESENTATION_CONTEXT() REPRESENTATION_CONTEXT('2D SPACE',''
  ) );
#3768 = PCURVE('',#2907,#3769);
#3769 = DEFINITIONAL_REPRESENTATION('',(#3770),#3774);
#3770 = LINE('',#3771,#3772);
#3771 = CARTESIAN_POINT('',(-1.570796326795,0.));
#3772 = VECTOR('',#3773,1.);
#3773 = DIRECTION('',(-0.,1.));
#3774 = ( GEOMETRIC_REPRESENTATION_CONTEXT(2) 
PARAMETRIC_REPRESENTATION_CONTEXT() REPRESENTATION_CONTEXT('2D SPACE',''
  ) );
#3775 = ORIENTED_EDGE('',*,*,#2569,.F.);
#3776 = ORIENTED_EDGE('',*,*,#803,.T.);
#3777 = ORIENTED_EDGE('',*,*,#3778,.T.);
#3778 = EDGE_CURVE('',#689,#3779,#3781,.T.);
#3779 = VERTEX_POINT('',#3780);
#3780 = CARTESIAN_POINT('',(35.5,14.,7.));
#3781 = SURFACE_CURVE('',#3782,(#3786,#3793),.PCURVE_S1.);
#3782 = LINE('',#3783,#3784);
#3783 = CARTESIAN_POINT('',(12.5,14.,7.));
#3784 = VECTOR('',#3785,1.);
#3785 = DIRECTION('',(1.,0.,0.));
#3786 = PCURVE('',#823,#3787);
#3787 = DEFINITIONAL_REPRESENTATION('',(#3788),#3792);
#3788 = LINE('',#3789,#3790);
#3789 = CARTESIAN_POINT('',(7.,0.));
#3790 = VECTOR('',#3791,1.);
#3791 = DIRECTION('',(0.,1.));
#3792 = ( GEOMETRIC_REPRESENTATION_CONTEXT(2) 
PARAMETRIC_REPRESENTATION_CONTEXT() REPRESENTATION_CONTEXT('2D SPACE',''
  ) );
#3793 = PCURVE('',#762,#3794);
#3794 = DEFINITIONAL_REPRESENTATION('',(#3795),#3799);
#3795 = LINE('',#3796,#3797);
#3796 = CARTESIAN_POINT('',(0.,0.));
#3797 = VECTOR('',#3798,1.);
#3798 = DIRECTION('',(0.,1.));
#3799 = ( GEOMETRIC_REPRESENTATION_CONTEXT(2) 
PARAMETRIC_REPRESENTATION_CONTEXT() REPRESENTATION_CONTEXT('2D SPACE',''
  ) );
#3800 = ORIENTED_EDGE('',*,*,#3801,.F.);
#3801 = EDGE_CURVE('',#3728,#3779,#3802,.T.);
#3802 = SURFACE_CURVE('',#3803,(#3807,#3814),.PCURVE_S1.);
#3803 = LINE('',#3804,#3805);
#3804 = CARTESIAN_POINT('',(35.5,14.,0.));
#3805 = VECTOR('',#3806,1.);
#3806 = DIRECTION('',(0.,0.,1.));
#3807 = PCURVE('',#823,#3808);
#3808 = DEFINITIONAL_REPRESENTATION('',(#3809),#3813);
#3809 = LINE('',#3810,#3811);
#3810 = CARTESIAN_POINT('',(0.,23.));
#3811 = VECTOR('',#3812,1.);
#3812 = DIRECTION('',(1.,0.));
#3813 = ( GEOMETRIC_REPRESENTATION_CONTEXT(2) 
PARAMETRIC_REPRESENTATION_CONTEXT() REPRESENTATION_CONTEXT('2D SPACE',''
  ) );
#3814 = PCURVE('',#3815,#3820);
#3815 = CYLINDRICAL_SURFACE('',#3816,5.);
#3816 = AXIS2_PLACEMENT_3D('',#3817,#3818,#3819);
#3817 = CARTESIAN_POINT('',(35.5,9.,0.));
#3818 = DIRECTION('',(0.,0.,1.));
#3819 = DIRECTION('',(1.,0.,-0.));
#3820 = DEFINITIONAL_REPRESENTATION('',(#3821),#3825);
#3821 = LINE('',#3822,#3823);
#3822 = CARTESIAN_POINT('',(1.570796326795,0.));
#3823 = VECTOR('',#3824,1.);
#3824 = DIRECTION('',(0.,1.));
#3825 = ( GEOMETRIC_REPRESENTATION_CONTEXT(2) 
PARAMETRIC_REPRESENTATION_CONTEXT() REPRESENTATION_CONTEXT('2D SPACE',''
  ) );
#3826 = ADVANCED_FACE('',(#3827),#762,.T.);
#3827 = FACE_BOUND('',#3828,.T.);
#3828 = EDGE_LOOP('',(#3829,#3830,#3831,#3854));
#3829 = ORIENTED_EDGE('',*,*,#3778,.F.);
#3830 = ORIENTED_EDGE('',*,*,#688,.T.);
#3831 = ORIENTED_EDGE('',*,*,#3832,.T.);
#3832 = EDGE_CURVE('',#660,#3833,#3835,.T.);
#3833 = VERTEX_POINT('',#3834);
#3834 = CARTESIAN_POINT('',(35.5,9.,12.));
#3835 = SURFACE_CURVE('',#3836,(#3840,#3847),.PCURVE_S1.);
#3836 = LINE('',#3837,#3838);
#3837 = CARTESIAN_POINT('',(12.5,9.,12.));
#3838 = VECTOR('',#3839,1.);
#3839 = DIRECTION('',(1.,0.,0.));
#3840 = PCURVE('',#762,#3841);
#3841 = DEFINITIONAL_REPRESENTATION('',(#3842),#3846);
#3842 = LINE('',#3843,#3844);
#3843 = CARTESIAN_POINT('',(1.570796326795,0.));
#3844 = VECTOR('',#3845,1.);
#3845 = DIRECTION('',(0.,1.));
#3846 = ( GEOMETRIC_REPRESENTATION_CONTEXT(2) 
PARAMETRIC_REPRESENTATION_CONTEXT() REPRESENTATION_CONTEXT('2D SPACE',''
  ) );
#3847 = PCURVE('',#676,#3848);
#3848 = DEFINITIONAL_REPRESENTATION('',(#3849),#3853);
#3849 = LINE('',#3850,#3851);
#3850 = CARTESIAN_POINT('',(0.,23.));
#3851 = VECTOR('',#3852,1.);
#3852 = DIRECTION('',(1.,0.));
#3853 = ( GEOMETRIC_REPRESENTATION_CONTEXT(2) 
PARAMETRIC_REPRESENTATION_CONTEXT() REPRESENTATION_CONTEXT('2D SPACE',''
  ) );
#3854 = ORIENTED_EDGE('',*,*,#3855,.F.);
#3855 = EDGE_CURVE('',#3779,#3833,#3856,.T.);
#3856 = SURFACE_CURVE('',#3857,(#3862,#3868),.PCURVE_S1.);
#3857 = CIRCLE('',#3858,5.);
#3858 = AXIS2_PLACEMENT_3D('',#3859,#3860,#3861);
#3859 = CARTESIAN_POINT('',(35.5,9.,7.));
#3860 = DIRECTION('',(1.,0.,-6.123233995737E-17));
#3861 = DIRECTION('',(6.123233995737E-17,0.,1.));
#3862 = PCURVE('',#762,#3863);
#3863 = DEFINITIONAL_REPRESENTATION('',(#3864),#3867);
#3864 = B_SPLINE_CURVE_WITH_KNOTS('',1,(#3865,#3866),.UNSPECIFIED.,.F.,
  .F.,(2,2),(4.712388980385,6.28318530718),.PIECEWISE_BEZIER_KNOTS.);
#3865 = CARTESIAN_POINT('',(0.,23.));
#3866 = CARTESIAN_POINT('',(1.570796326795,23.));
#3867 = ( GEOMETRIC_REPRESENTATION_CONTEXT(2) 
PARAMETRIC_REPRESENTATION_CONTEXT() REPRESENTATION_CONTEXT('2D SPACE',''
  ) );
#3868 = PCURVE('',#3869,#3874);
#3869 = SPHERICAL_SURFACE('',#3870,5.);
#3870 = AXIS2_PLACEMENT_3D('',#3871,#3872,#3873);
#3871 = CARTESIAN_POINT('',(35.5,9.,7.));
#3872 = DIRECTION('',(-0.,-1.,-0.));
#3873 = DIRECTION('',(1.,-0.,0.));
#3874 = DEFINITIONAL_REPRESENTATION('',(#3875),#3878);
#3875 = B_SPLINE_CURVE_WITH_KNOTS('',1,(#3876,#3877),.UNSPECIFIED.,.F.,
  .F.,(2,2),(4.712388980385,6.28318530718),.PIECEWISE_BEZIER_KNOTS.);
#3876 = CARTESIAN_POINT('',(1.570796326795,-1.570796326795));
#3877 = CARTESIAN_POINT('',(1.570796326795,0.));
#3878 = ( GEOMETRIC_REPRESENTATION_CONTEXT(2) 
PARAMETRIC_REPRESENTATION_CONTEXT() REPRESENTATION_CONTEXT('2D SPACE',''
  ) );
#3879 = ADVANCED_FACE('',(#3880),#676,.T.);
#3880 = FACE_BOUND('',#3881,.T.);
#3881 = EDGE_LOOP('',(#3882,#3883,#3884,#3905));
#3882 = ORIENTED_EDGE('',*,*,#659,.F.);
#3883 = ORIENTED_EDGE('',*,*,#2311,.F.);
#3884 = ORIENTED_EDGE('',*,*,#3885,.T.);
#3885 = EDGE_CURVE('',#2173,#3833,#3886,.T.);
#3886 = SURFACE_CURVE('',#3887,(#3891,#3898),.PCURVE_S1.);
#3887 = LINE('',#3888,#3889);
#3888 = CARTESIAN_POINT('',(35.5,-14.,12.));
#3889 = VECTOR('',#3890,1.);
#3890 = DIRECTION('',(0.,1.,0.));
#3891 = PCURVE('',#676,#3892);
#3892 = DEFINITIONAL_REPRESENTATION('',(#3893),#3897);
#3893 = LINE('',#3894,#3895);
#3894 = CARTESIAN_POINT('',(23.,0.));
#3895 = VECTOR('',#3896,1.);
#3896 = DIRECTION('',(0.,1.));
#3897 = ( GEOMETRIC_REPRESENTATION_CONTEXT(2) 
PARAMETRIC_REPRESENTATION_CONTEXT() REPRESENTATION_CONTEXT('2D SPACE',''
  ) );
#3898 = PCURVE('',#2255,#3899);
#3899 = DEFINITIONAL_REPRESENTATION('',(#3900),#3904);
#3900 = LINE('',#3901,#3902);
#3901 = CARTESIAN_POINT('',(-1.570796326795,0.));
#3902 = VECTOR('',#3903,1.);
#3903 = DIRECTION('',(-0.,1.));
#3904 = ( GEOMETRIC_REPRESENTATION_CONTEXT(2) 
PARAMETRIC_REPRESENTATION_CONTEXT() REPRESENTATION_CONTEXT('2D SPACE',''
  ) );
#3905 = ORIENTED_EDGE('',*,*,#3832,.F.);
#3906 = ADVANCED_FACE('',(#3907),#582,.T.);
#3907 = FACE_BOUND('',#3908,.T.);
#3908 = EDGE_LOOP('',(#3909));
#3909 = ORIENTED_EDGE('',*,*,#567,.T.);
#3910 = ADVANCED_FACE('',(#3911),#1974,.T.);
#3911 = FACE_BOUND('',#3912,.F.);
#3912 = EDGE_LOOP('',(#3913,#3914,#3941,#3942));
#3913 = ORIENTED_EDGE('',*,*,#1989,.F.);
#3914 = ORIENTED_EDGE('',*,*,#3915,.T.);
#3915 = EDGE_CURVE('',#1990,#3061,#3916,.T.);
#3916 = SURFACE_CURVE('',#3917,(#3922,#3929),.PCURVE_S1.);
#3917 = CIRCLE('',#3918,5.);
#3918 = AXIS2_PLACEMENT_3D('',#3919,#3920,#3921);
#3919 = CARTESIAN_POINT('',(-25.54422863406,-26.24422863406,5.));
#3920 = DIRECTION('',(-0.,0.,-1.));
#3921 = DIRECTION('',(-0.5,-0.866025403784,0.));
#3922 = PCURVE('',#1974,#3923);
#3923 = DEFINITIONAL_REPRESENTATION('',(#3924),#3928);
#3924 = LINE('',#3925,#3926);
#3925 = CARTESIAN_POINT('',(-1.06581410364E-15,5.));
#3926 = VECTOR('',#3927,1.);
#3927 = DIRECTION('',(-1.,0.));
#3928 = ( GEOMETRIC_REPRESENTATION_CONTEXT(2) 
PARAMETRIC_REPRESENTATION_CONTEXT() REPRESENTATION_CONTEXT('2D SPACE',''
  ) );
#3929 = PCURVE('',#3930,#3935);
#3930 = SPHERICAL_SURFACE('',#3931,5.);
#3931 = AXIS2_PLACEMENT_3D('',#3932,#3933,#3934);
#3932 = CARTESIAN_POINT('',(-25.54422863406,-26.24422863406,5.));
#3933 = DIRECTION('',(0.,0.,1.));
#3934 = DIRECTION('',(-0.5,-0.866025403784,0.));
#3935 = DEFINITIONAL_REPRESENTATION('',(#3936),#3940);
#3936 = LINE('',#3937,#3938);
#3937 = CARTESIAN_POINT('',(-0.,0.));
#3938 = VECTOR('',#3939,1.);
#3939 = DIRECTION('',(-1.,0.));
#3940 = ( GEOMETRIC_REPRESENTATION_CONTEXT(2) 
PARAMETRIC_REPRESENTATION_CONTEXT() REPRESENTATION_CONTEXT('2D SPACE',''
  ) );
#3941 = ORIENTED_EDGE('',*,*,#3112,.T.);
#3942 = ORIENTED_EDGE('',*,*,#1959,.F.);
#3943 = ADVANCED_FACE('',(#3944),#2028,.T.);
#3944 = FACE_BOUND('',#3945,.T.);
#3945 = EDGE_LOOP('',(#3946,#3968,#3996,#4057,#4113,#4141,#4166));
#3946 = ORIENTED_EDGE('',*,*,#3947,.F.);
#3947 = EDGE_CURVE('',#3948,#1990,#3950,.T.);
#3948 = VERTEX_POINT('',#3949);
#3949 = CARTESIAN_POINT('',(-25.54422863406,-26.24422863406,0.));
#3950 = SURFACE_CURVE('',#3951,(#3956,#3962),.PCURVE_S1.);
#3951 = CIRCLE('',#3952,5.);
#3952 = AXIS2_PLACEMENT_3D('',#3953,#3954,#3955);
#3953 = CARTESIAN_POINT('',(-25.54422863406,-26.24422863406,5.));
#3954 = DIRECTION('',(-0.866025403784,0.5,0.));
#3955 = DIRECTION('',(-0.5,-0.866025403784,0.));
#3956 = PCURVE('',#2028,#3957);
#3957 = DEFINITIONAL_REPRESENTATION('',(#3958),#3961);
#3958 = B_SPLINE_CURVE_WITH_KNOTS('',1,(#3959,#3960),.UNSPECIFIED.,.F.,
  .F.,(2,2),(4.712388980385,6.28318530718),.PIECEWISE_BEZIER_KNOTS.);
#3959 = CARTESIAN_POINT('',(1.570796326795,5.));
#3960 = CARTESIAN_POINT('',(0.,5.));
#3961 = ( GEOMETRIC_REPRESENTATION_CONTEXT(2) 
PARAMETRIC_REPRESENTATION_CONTEXT() REPRESENTATION_CONTEXT('2D SPACE',''
  ) );
#3962 = PCURVE('',#3930,#3963);
#3963 = DEFINITIONAL_REPRESENTATION('',(#3964),#3967);
#3964 = B_SPLINE_CURVE_WITH_KNOTS('',1,(#3965,#3966),.UNSPECIFIED.,.F.,
  .F.,(2,2),(4.712388980385,6.28318530718),.PIECEWISE_BEZIER_KNOTS.);
#3965 = CARTESIAN_POINT('',(0.,-1.570796326795));
#3966 = CARTESIAN_POINT('',(0.,0.));
#3967 = ( GEOMETRIC_REPRESENTATION_CONTEXT(2) 
PARAMETRIC_REPRESENTATION_CONTEXT() REPRESENTATION_CONTEXT('2D SPACE',''
  ) );
#3968 = ORIENTED_EDGE('',*,*,#3969,.T.);
#3969 = EDGE_CURVE('',#3948,#3970,#3972,.T.);
#3970 = VERTEX_POINT('',#3971);
#3971 = CARTESIAN_POINT('',(-23.30219551168,-27.53866706079,
    -8.881784197001E-16));
#3972 = SURFACE_CURVE('',#3973,(#3977,#3984),.PCURVE_S1.);
#3973 = LINE('',#3974,#3975);
#3974 = CARTESIAN_POINT('',(-29.87435565298,-23.74422863406,
    -8.881784197001E-16));
#3975 = VECTOR('',#3976,1.);
#3976 = DIRECTION('',(0.866025403784,-0.5,0.));
#3977 = PCURVE('',#2028,#3978);
#3978 = DEFINITIONAL_REPRESENTATION('',(#3979),#3983);
#3979 = LINE('',#3980,#3981);
#3980 = CARTESIAN_POINT('',(1.570796326795,0.));
#3981 = VECTOR('',#3982,1.);
#3982 = DIRECTION('',(0.,1.));
#3983 = ( GEOMETRIC_REPRESENTATION_CONTEXT(2) 
PARAMETRIC_REPRESENTATION_CONTEXT() REPRESENTATION_CONTEXT('2D SPACE',''
  ) );
#3984 = PCURVE('',#3985,#3990);
#3985 = PLANE('',#3986);
#3986 = AXIS2_PLACEMENT_3D('',#3987,#3988,#3989);
#3987 = CARTESIAN_POINT('',(-18.37435565298,-3.825644347018,0.));
#3988 = DIRECTION('',(0.,0.,1.));
#3989 = DIRECTION('',(-0.5,-0.866025403784,0.));
#3990 = DEFINITIONAL_REPRESENTATION('',(#3991),#3995);
#3991 = LINE('',#3992,#3993);
#3992 = CARTESIAN_POINT('',(23.,0.));
#3993 = VECTOR('',#3994,1.);
#3994 = DIRECTION('',(0.,1.));
#3995 = ( GEOMETRIC_REPRESENTATION_CONTEXT(2) 
PARAMETRIC_REPRESENTATION_CONTEXT() REPRESENTATION_CONTEXT('2D SPACE',''
  ) );
#3996 = ORIENTED_EDGE('',*,*,#3997,.T.);
#3997 = EDGE_CURVE('',#3970,#3998,#4000,.T.);
#3998 = VERTEX_POINT('',#3999);
#3999 = CARTESIAN_POINT('',(-18.775,-32.51958071181,0.439572388471));
#4000 = SURFACE_CURVE('',#4001,(#4016,#4034),.PCURVE_S1.);
#4001 = B_SPLINE_CURVE_WITH_KNOTS('',7,(#4002,#4003,#4004,#4005,#4006,
    #4007,#4008,#4009,#4010,#4011,#4012,#4013,#4014,#4015),
  .UNSPECIFIED.,.F.,.F.,(8,6,8),(0.,0.504392873499,1.),.UNSPECIFIED.);
#4002 = CARTESIAN_POINT('',(-23.30219551168,-27.53866706079,
    -8.881784197001E-16));
#4003 = CARTESIAN_POINT('',(-23.08485573813,-28.01478395209,
    -7.349873268889E-16));
#4004 = CARTESIAN_POINT('',(-22.84442250763,-28.4718454739,
    2.151496598947E-02));
#4005 = CARTESIAN_POINT('',(-22.58307107503,-28.9087978923,
    5.739402125329E-02));
#4006 = CARTESIAN_POINT('',(-22.3027115305,-29.3254175726,0.102116536719
    ));
#4007 = CARTESIAN_POINT('',(-22.00473550086,-29.72197083257,
    0.151176657375));
#4008 = CARTESIAN_POINT('',(-21.6899545204,-30.09895167009,
    0.200864954828));
#4009 = CARTESIAN_POINT('',(-21.03309929782,-30.80846639474,
    0.294489973649));
#4010 = CARTESIAN_POINT('',(-20.69147163387,-31.14179450261,
    0.338529802088));
#4011 = CARTESIAN_POINT('',(-20.33486232858,-31.4562907218,
    0.377150668278));
#4012 = CARTESIAN_POINT('',(-19.96423803973,-31.75159099627,
    0.407890930453));
#4013 = CARTESIAN_POINT('',(-19.58036335591,-32.02743922872,
    0.428997189194));
#4014 = CARTESIAN_POINT('',(-19.18379576824,-32.28356236497,
    0.439572388471));
#4015 = CARTESIAN_POINT('',(-18.775,-32.51958071181,0.439572388471));
#4016 = PCURVE('',#2028,#4017);
#4017 = DEFINITIONAL_REPRESENTATION('',(#4018),#4033);
#4018 = B_SPLINE_CURVE_WITH_KNOTS('',7,(#4019,#4020,#4021,#4022,#4023,
    #4024,#4025,#4026,#4027,#4028,#4029,#4030,#4031,#4032),
  .UNSPECIFIED.,.F.,.F.,(8,6,8),(0.,0.504392873499,1.),.UNSPECIFIED.);
#4019 = CARTESIAN_POINT('',(1.570796326795,7.588876853468));
#4020 = CARTESIAN_POINT('',(1.510064439543,8.015157064263));
#4021 = CARTESIAN_POINT('',(1.454942297846,8.451909110705));
#4022 = CARTESIAN_POINT('',(1.405029699029,8.896722299849));
#4023 = CARTESIAN_POINT('',(1.360109908639,9.347830627759));
#4024 = CARTESIAN_POINT('',(1.32005346247,9.804162069125));
#4025 = CARTESIAN_POINT('',(1.28482311494,10.265260813597));
#4026 = CARTESIAN_POINT('',(1.22463045784,11.188871485281));
#4027 = CARTESIAN_POINT('',(1.199488637197,11.651393774834));
#4028 = CARTESIAN_POINT('',(1.179164382694,12.117474602027));
#4029 = CARTESIAN_POINT('',(1.163796811158,12.586094788668));
#4030 = CARTESIAN_POINT('',(1.153500859129,13.05646413296));
#4031 = CARTESIAN_POINT('',(1.148342264608,13.527963306316));
#4032 = CARTESIAN_POINT('',(1.148342264608,14.));
#4033 = ( GEOMETRIC_REPRESENTATION_CONTEXT(2) 
PARAMETRIC_REPRESENTATION_CONTEXT() REPRESENTATION_CONTEXT('2D SPACE',''
  ) );
#4034 = PCURVE('',#4035,#4040);
#4035 = CYLINDRICAL_SURFACE('',#4036,11.05);
#4036 = AXIS2_PLACEMENT_3D('',#4037,#4038,#4039);
#4037 = CARTESIAN_POINT('',(-13.25,-22.95,-1.));
#4038 = DIRECTION('',(0.,0.,1.));
#4039 = DIRECTION('',(-0.5,-0.866025403784,0.));
#4040 = DEFINITIONAL_REPRESENTATION('',(#4041),#4056);
#4041 = B_SPLINE_CURVE_WITH_KNOTS('',7,(#4042,#4043,#4044,#4045,#4046,
    #4047,#4048,#4049,#4050,#4051,#4052,#4053,#4054,#4055),
  .UNSPECIFIED.,.F.,.F.,(8,6,8),(0.,0.504392873499,1.),.UNSPECIFIED.);
#4042 = CARTESIAN_POINT('',(5.664220731153,1.));
#4043 = CARTESIAN_POINT('',(5.711585199019,1.));
#4044 = CARTESIAN_POINT('',(5.758248774046,1.021514965989));
#4045 = CARTESIAN_POINT('',(5.80421655377,1.057394021253));
#4046 = CARTESIAN_POINT('',(5.849548626067,1.102116536719));
#4047 = CARTESIAN_POINT('',(5.894342988888,1.151176657375));
#4048 = CARTESIAN_POINT('',(5.938730361744,1.200864954828));
#4049 = CARTESIAN_POINT('',(6.026231422312,1.294489973649));
#4050 = CARTESIAN_POINT('',(6.069370406352,1.338529802088));
#4051 = CARTESIAN_POINT('',(6.112313050529,1.377150668278));
#4052 = CARTESIAN_POINT('',(6.155102747263,1.407890930453));
#4053 = CARTESIAN_POINT('',(6.197797448538,1.428997189194));
#4054 = CARTESIAN_POINT('',(6.240467054357,1.439572388471));
#4055 = CARTESIAN_POINT('',(6.28318530718,1.439572388471));
#4056 = ( GEOMETRIC_REPRESENTATION_CONTEXT(2) 
PARAMETRIC_REPRESENTATION_CONTEXT() REPRESENTATION_CONTEXT('2D SPACE',''
  ) );
#4057 = ORIENTED_EDGE('',*,*,#4058,.T.);
#4058 = EDGE_CURVE('',#3998,#4059,#4061,.T.);
#4059 = VERTEX_POINT('',#4060);
#4060 = CARTESIAN_POINT('',(-12.19780448831,-33.94979020732,
    -8.881784197001E-16));
#4061 = SURFACE_CURVE('',#4062,(#4077,#4095),.PCURVE_S1.);
#4062 = B_SPLINE_CURVE_WITH_KNOTS('',7,(#4063,#4064,#4065,#4066,#4067,
    #4068,#4069,#4070,#4071,#4072,#4073,#4074,#4075,#4076),
  .UNSPECIFIED.,.F.,.F.,(8,6,8),(0.,0.493630097902,1.),.UNSPECIFIED.);
#4063 = CARTESIAN_POINT('',(-18.775,-32.51958071181,0.439572388471));
#4064 = CARTESIAN_POINT('',(-18.36783798556,-32.75465581045,
    0.439572388471));
#4065 = CARTESIAN_POINT('',(-17.94946500649,-32.96925552346,
    0.429081550196));
#4066 = CARTESIAN_POINT('',(-17.52043694784,-33.16316803528,
    0.408143109005));
#4067 = CARTESIAN_POINT('',(-17.08126478584,-33.33605051399,0.3776399982
    ));
#4068 = CARTESIAN_POINT('',(-16.63254692076,-33.48737590422,
    0.33929819848));
#4069 = CARTESIAN_POINT('',(-16.17507315019,-33.61649798554,
    0.295542315754));
#4070 = CARTESIAN_POINT('',(-15.23258890409,-33.83170390805,
    0.202035148637));
#4071 = CARTESIAN_POINT('',(-14.74699410643,-33.91663164895,
    0.15214029215));
#4072 = CARTESIAN_POINT('',(-14.25278072619,-33.97704349335,
    0.102819245195));
#4073 = CARTESIAN_POINT('',(-13.74992432142,-34.0119821458,
    5.781668386829E-02));
#4074 = CARTESIAN_POINT('',(-13.23889250211,-34.02009521063,
    2.168387899072E-02));
#4075 = CARTESIAN_POINT('',(-12.72084498757,-33.99982214933,
    -6.036821039155E-16));
#4076 = CARTESIAN_POINT('',(-12.19780448831,-33.94979020732,
    -8.881784197001E-16));
#4077 = PCURVE('',#2028,#4078);
#4078 = DEFINITIONAL_REPRESENTATION('',(#4079),#4094);
#4079 = B_SPLINE_CURVE_WITH_KNOTS('',7,(#4080,#4081,#4082,#4083,#4084,
    #4085,#4086,#4087,#4088,#4089,#4090,#4091,#4092,#4093),
  .UNSPECIFIED.,.F.,.F.,(8,6,8),(0.,0.493630097902,1.),.UNSPECIFIED.);
#4080 = CARTESIAN_POINT('',(1.148342264608,14.));
#4081 = CARTESIAN_POINT('',(1.148342264608,14.47015019728));
#4082 = CARTESIAN_POINT('',(1.153459708832,14.939771681909));
#4083 = CARTESIAN_POINT('',(1.163673790905,15.408277135551));
#4084 = CARTESIAN_POINT('',(1.178919774897,15.875052623834));
#4085 = CARTESIAN_POINT('',(1.199084380288,16.33931638924));
#4086 = CARTESIAN_POINT('',(1.224030171427,16.800061336781));
#4087 = CARTESIAN_POINT('',(1.283994678962,17.723879597823));
#4088 = CARTESIAN_POINT('',(1.319268037373,18.186880898992));
#4089 = CARTESIAN_POINT('',(1.359405225585,18.64508816337));
#4090 = CARTESIAN_POINT('',(1.404442628059,19.098043910581));
#4091 = CARTESIAN_POINT('',(1.454510252292,19.54466698066));
#4092 = CARTESIAN_POINT('',(1.509826490313,19.983172757967));
#4093 = CARTESIAN_POINT('',(1.570796326795,20.411123146532));
#4094 = ( GEOMETRIC_REPRESENTATION_CONTEXT(2) 
PARAMETRIC_REPRESENTATION_CONTEXT() REPRESENTATION_CONTEXT('2D SPACE',''
  ) );
#4095 = PCURVE('',#4035,#4096);
#4096 = DEFINITIONAL_REPRESENTATION('',(#4097),#4112);
#4097 = B_SPLINE_CURVE_WITH_KNOTS('',7,(#4098,#4099,#4100,#4101,#4102,
    #4103,#4104,#4105,#4106,#4107,#4108,#4109,#4110,#4111),
  .UNSPECIFIED.,.F.,.F.,(8,6,8),(0.,0.493630097902,1.),.UNSPECIFIED.);
#4098 = CARTESIAN_POINT('',(0.,1.439572388471));
#4099 = CARTESIAN_POINT('',(4.254752916563E-02,1.439572388471));
#4100 = CARTESIAN_POINT('',(8.504720849969E-02,1.429081550196));
#4101 = CARTESIAN_POINT('',(0.127571710888,1.408143109005));
#4102 = CARTESIAN_POINT('',(0.170189938267,1.3776399982));
#4103 = CARTESIAN_POINT('',(0.212959038373,1.33929819848));
#4104 = CARTESIAN_POINT('',(0.255921801023,1.295542315754));
#4105 = CARTESIAN_POINT('',(0.343409767101,1.202035148637));
#4106 = CARTESIAN_POINT('',(0.387963241976,1.15214029215));
#4107 = CARTESIAN_POINT('',(0.432925190805,1.102819245195));
#4108 = CARTESIAN_POINT('',(0.47842793615,1.057816683868));
#4109 = CARTESIAN_POINT('',(0.524570737406,1.021683878991));
#4110 = CARTESIAN_POINT('',(0.571414532853,1.));
#4111 = CARTESIAN_POINT('',(0.618964576027,1.));
#4112 = ( GEOMETRIC_REPRESENTATION_CONTEXT(2) 
PARAMETRIC_REPRESENTATION_CONTEXT() REPRESENTATION_CONTEXT('2D SPACE',''
  ) );
#4113 = ORIENTED_EDGE('',*,*,#4114,.T.);
#4114 = EDGE_CURVE('',#4059,#4115,#4117,.T.);
#4115 = VERTEX_POINT('',#4116);
#4116 = CARTESIAN_POINT('',(-9.95577136594,-35.24422863406,0.));
#4117 = SURFACE_CURVE('',#4118,(#4122,#4129),.PCURVE_S1.);
#4118 = LINE('',#4119,#4120);
#4119 = CARTESIAN_POINT('',(-29.87435565298,-23.74422863406,
    -8.881784197001E-16));
#4120 = VECTOR('',#4121,1.);
#4121 = DIRECTION('',(0.866025403784,-0.5,0.));
#4122 = PCURVE('',#2028,#4123);
#4123 = DEFINITIONAL_REPRESENTATION('',(#4124),#4128);
#4124 = LINE('',#4125,#4126);
#4125 = CARTESIAN_POINT('',(1.570796326795,0.));
#4126 = VECTOR('',#4127,1.);
#4127 = DIRECTION('',(0.,1.));
#4128 = ( GEOMETRIC_REPRESENTATION_CONTEXT(2) 
PARAMETRIC_REPRESENTATION_CONTEXT() REPRESENTATION_CONTEXT('2D SPACE',''
  ) );
#4129 = PCURVE('',#4130,#4135);
#4130 = PLANE('',#4131);
#4131 = AXIS2_PLACEMENT_3D('',#4132,#4133,#4134);
#4132 = CARTESIAN_POINT('',(-18.37435565298,-3.825644347018,0.));
#4133 = DIRECTION('',(0.,0.,1.));
#4134 = DIRECTION('',(-0.5,-0.866025403784,0.));
#4135 = DEFINITIONAL_REPRESENTATION('',(#4136),#4140);
#4136 = LINE('',#4137,#4138);
#4137 = CARTESIAN_POINT('',(23.,0.));
#4138 = VECTOR('',#4139,1.);
#4139 = DIRECTION('',(0.,1.));
#4140 = ( GEOMETRIC_REPRESENTATION_CONTEXT(2) 
PARAMETRIC_REPRESENTATION_CONTEXT() REPRESENTATION_CONTEXT('2D SPACE',''
  ) );
#4141 = ORIENTED_EDGE('',*,*,#4142,.T.);
#4142 = EDGE_CURVE('',#4115,#2013,#4143,.T.);
#4143 = SURFACE_CURVE('',#4144,(#4149,#4155),.PCURVE_S1.);
#4144 = CIRCLE('',#4145,5.);
#4145 = AXIS2_PLACEMENT_3D('',#4146,#4147,#4148);
#4146 = CARTESIAN_POINT('',(-9.95577136594,-35.24422863406,5.));
#4147 = DIRECTION('',(-0.866025403784,0.5,0.));
#4148 = DIRECTION('',(-0.5,-0.866025403784,0.));
#4149 = PCURVE('',#2028,#4150);
#4150 = DEFINITIONAL_REPRESENTATION('',(#4151),#4154);
#4151 = B_SPLINE_CURVE_WITH_KNOTS('',1,(#4152,#4153),.UNSPECIFIED.,.F.,
  .F.,(2,2),(4.712388980385,6.28318530718),.PIECEWISE_BEZIER_KNOTS.);
#4152 = CARTESIAN_POINT('',(1.570796326795,23.));
#4153 = CARTESIAN_POINT('',(0.,23.));
#4154 = ( GEOMETRIC_REPRESENTATION_CONTEXT(2) 
PARAMETRIC_REPRESENTATION_CONTEXT() REPRESENTATION_CONTEXT('2D SPACE',''
  ) );
#4155 = PCURVE('',#4156,#4161);
#4156 = SPHERICAL_SURFACE('',#4157,5.);
#4157 = AXIS2_PLACEMENT_3D('',#4158,#4159,#4160);
#4158 = CARTESIAN_POINT('',(-9.95577136594,-35.24422863406,5.));
#4159 = DIRECTION('',(0.,0.,1.));
#4160 = DIRECTION('',(-0.5,-0.866025403784,0.));
#4161 = DEFINITIONAL_REPRESENTATION('',(#4162),#4165);
#4162 = B_SPLINE_CURVE_WITH_KNOTS('',1,(#4163,#4164),.UNSPECIFIED.,.F.,
  .F.,(2,2),(4.712388980385,6.28318530718),.PIECEWISE_BEZIER_KNOTS.);
#4163 = CARTESIAN_POINT('',(0.,-1.570796326795));
#4164 = CARTESIAN_POINT('',(0.,0.));
#4165 = ( GEOMETRIC_REPRESENTATION_CONTEXT(2) 
PARAMETRIC_REPRESENTATION_CONTEXT() REPRESENTATION_CONTEXT('2D SPACE',''
  ) );
#4166 = ORIENTED_EDGE('',*,*,#2012,.F.);
#4167 = ADVANCED_FACE('',(#4168),#2054,.T.);
#4168 = FACE_BOUND('',#4169,.T.);
#4169 = EDGE_LOOP('',(#4170,#4171,#4193,#4194));
#4170 = ORIENTED_EDGE('',*,*,#2040,.F.);
#4171 = ORIENTED_EDGE('',*,*,#4172,.T.);
#4172 = EDGE_CURVE('',#2013,#2956,#4173,.T.);
#4173 = SURFACE_CURVE('',#4174,(#4179,#4186),.PCURVE_S1.);
#4174 = CIRCLE('',#4175,5.);
#4175 = AXIS2_PLACEMENT_3D('',#4176,#4177,#4178);
#4176 = CARTESIAN_POINT('',(-9.95577136594,-35.24422863406,5.));
#4177 = DIRECTION('',(0.,0.,1.));
#4178 = DIRECTION('',(-0.5,-0.866025403784,0.));
#4179 = PCURVE('',#2054,#4180);
#4180 = DEFINITIONAL_REPRESENTATION('',(#4181),#4185);
#4181 = LINE('',#4182,#4183);
#4182 = CARTESIAN_POINT('',(0.,5.));
#4183 = VECTOR('',#4184,1.);
#4184 = DIRECTION('',(1.,0.));
#4185 = ( GEOMETRIC_REPRESENTATION_CONTEXT(2) 
PARAMETRIC_REPRESENTATION_CONTEXT() REPRESENTATION_CONTEXT('2D SPACE',''
  ) );
#4186 = PCURVE('',#4156,#4187);
#4187 = DEFINITIONAL_REPRESENTATION('',(#4188),#4192);
#4188 = LINE('',#4189,#4190);
#4189 = CARTESIAN_POINT('',(0.,0.));
#4190 = VECTOR('',#4191,1.);
#4191 = DIRECTION('',(1.,0.));
#4192 = ( GEOMETRIC_REPRESENTATION_CONTEXT(2) 
PARAMETRIC_REPRESENTATION_CONTEXT() REPRESENTATION_CONTEXT('2D SPACE',''
  ) );
#4193 = ORIENTED_EDGE('',*,*,#3027,.T.);
#4194 = ORIENTED_EDGE('',*,*,#2070,.T.);
#4195 = ADVANCED_FACE('',(#4196),#2255,.T.);
#4196 = FACE_BOUND('',#4197,.F.);
#4197 = EDGE_LOOP('',(#4198,#4220,#4221,#4222,#4223,#4247));
#4198 = ORIENTED_EDGE('',*,*,#4199,.F.);
#4199 = EDGE_CURVE('',#2361,#4200,#4202,.T.);
#4200 = VERTEX_POINT('',#4201);
#4201 = CARTESIAN_POINT('',(40.5,-9.,7.));
#4202 = SURFACE_CURVE('',#4203,(#4208,#4214),.PCURVE_S1.);
#4203 = CIRCLE('',#4204,5.);
#4204 = AXIS2_PLACEMENT_3D('',#4205,#4206,#4207);
#4205 = CARTESIAN_POINT('',(35.5,-9.,7.));
#4206 = DIRECTION('',(-0.,1.,0.));
#4207 = DIRECTION('',(1.,0.,0.));
#4208 = PCURVE('',#2255,#4209);
#4209 = DEFINITIONAL_REPRESENTATION('',(#4210),#4213);
#4210 = B_SPLINE_CURVE_WITH_KNOTS('',1,(#4211,#4212),.UNSPECIFIED.,.F.,
  .F.,(2,2),(4.712388980385,6.28318530718),.PIECEWISE_BEZIER_KNOTS.);
#4211 = CARTESIAN_POINT('',(-1.570796326795,5.));
#4212 = CARTESIAN_POINT('',(0.,5.));
#4213 = ( GEOMETRIC_REPRESENTATION_CONTEXT(2) 
PARAMETRIC_REPRESENTATION_CONTEXT() REPRESENTATION_CONTEXT('2D SPACE',''
  ) );
#4214 = PCURVE('',#2426,#4215);
#4215 = DEFINITIONAL_REPRESENTATION('',(#4216),#4219);
#4216 = B_SPLINE_CURVE_WITH_KNOTS('',1,(#4217,#4218),.UNSPECIFIED.,.F.,
  .F.,(2,2),(4.712388980385,6.28318530718),.PIECEWISE_BEZIER_KNOTS.);
#4217 = CARTESIAN_POINT('',(0.,-1.570796326795));
#4218 = CARTESIAN_POINT('',(0.,0.));
#4219 = ( GEOMETRIC_REPRESENTATION_CONTEXT(2) 
PARAMETRIC_REPRESENTATION_CONTEXT() REPRESENTATION_CONTEXT('2D SPACE',''
  ) );
#4220 = ORIENTED_EDGE('',*,*,#2383,.T.);
#4221 = ORIENTED_EDGE('',*,*,#2170,.T.);
#4222 = ORIENTED_EDGE('',*,*,#3885,.T.);
#4223 = ORIENTED_EDGE('',*,*,#4224,.F.);
#4224 = EDGE_CURVE('',#4225,#3833,#4227,.T.);
#4225 = VERTEX_POINT('',#4226);
#4226 = CARTESIAN_POINT('',(40.5,9.,7.));
#4227 = SURFACE_CURVE('',#4228,(#4233,#4240),.PCURVE_S1.);
#4228 = CIRCLE('',#4229,5.);
#4229 = AXIS2_PLACEMENT_3D('',#4230,#4231,#4232);
#4230 = CARTESIAN_POINT('',(35.5,9.,7.));
#4231 = DIRECTION('',(-0.,-1.,0.));
#4232 = DIRECTION('',(1.,-0.,0.));
#4233 = PCURVE('',#2255,#4234);
#4234 = DEFINITIONAL_REPRESENTATION('',(#4235),#4239);
#4235 = LINE('',#4236,#4237);
#4236 = CARTESIAN_POINT('',(-0.,23.));
#4237 = VECTOR('',#4238,1.);
#4238 = DIRECTION('',(-1.,0.));
#4239 = ( GEOMETRIC_REPRESENTATION_CONTEXT(2) 
PARAMETRIC_REPRESENTATION_CONTEXT() REPRESENTATION_CONTEXT('2D SPACE',''
  ) );
#4240 = PCURVE('',#3869,#4241);
#4241 = DEFINITIONAL_REPRESENTATION('',(#4242),#4246);
#4242 = LINE('',#4243,#4244);
#4243 = CARTESIAN_POINT('',(0.,0.));
#4244 = VECTOR('',#4245,1.);
#4245 = DIRECTION('',(1.,0.));
#4246 = ( GEOMETRIC_REPRESENTATION_CONTEXT(2) 
PARAMETRIC_REPRESENTATION_CONTEXT() REPRESENTATION_CONTEXT('2D SPACE',''
  ) );
#4247 = ORIENTED_EDGE('',*,*,#4248,.F.);
#4248 = EDGE_CURVE('',#4200,#4225,#4249,.T.);
#4249 = SURFACE_CURVE('',#4250,(#4254,#4261),.PCURVE_S1.);
#4250 = LINE('',#4251,#4252);
#4251 = CARTESIAN_POINT('',(40.5,-14.,7.));
#4252 = VECTOR('',#4253,1.);
#4253 = DIRECTION('',(0.,1.,0.));
#4254 = PCURVE('',#2255,#4255);
#4255 = DEFINITIONAL_REPRESENTATION('',(#4256),#4260);
#4256 = LINE('',#4257,#4258);
#4257 = CARTESIAN_POINT('',(-0.,0.));
#4258 = VECTOR('',#4259,1.);
#4259 = DIRECTION('',(-0.,1.));
#4260 = ( GEOMETRIC_REPRESENTATION_CONTEXT(2) 
PARAMETRIC_REPRESENTATION_CONTEXT() REPRESENTATION_CONTEXT('2D SPACE',''
  ) );
#4261 = PCURVE('',#4262,#4267);
#4262 = PLANE('',#4263);
#4263 = AXIS2_PLACEMENT_3D('',#4264,#4265,#4266);
#4264 = CARTESIAN_POINT('',(40.5,-14.,0.));
#4265 = DIRECTION('',(1.,0.,0.));
#4266 = DIRECTION('',(0.,0.,1.));
#4267 = DEFINITIONAL_REPRESENTATION('',(#4268),#4272);
#4268 = LINE('',#4269,#4270);
#4269 = CARTESIAN_POINT('',(7.,0.));
#4270 = VECTOR('',#4271,1.);
#4271 = DIRECTION('',(0.,-1.));
#4272 = ( GEOMETRIC_REPRESENTATION_CONTEXT(2) 
PARAMETRIC_REPRESENTATION_CONTEXT() REPRESENTATION_CONTEXT('2D SPACE',''
  ) );
#4273 = ADVANCED_FACE('',(#4274),#2426,.T.);
#4274 = FACE_BOUND('',#4275,.T.);
#4275 = EDGE_LOOP('',(#4276,#4277,#4278));
#4276 = ORIENTED_EDGE('',*,*,#4199,.F.);
#4277 = ORIENTED_EDGE('',*,*,#2410,.T.);
#4278 = ORIENTED_EDGE('',*,*,#4279,.F.);
#4279 = EDGE_CURVE('',#4200,#2411,#4280,.T.);
#4280 = SURFACE_CURVE('',#4281,(#4286,#4293),.PCURVE_S1.);
#4281 = CIRCLE('',#4282,5.);
#4282 = AXIS2_PLACEMENT_3D('',#4283,#4284,#4285);
#4283 = CARTESIAN_POINT('',(35.5,-9.,7.));
#4284 = DIRECTION('',(0.,0.,-1.));
#4285 = DIRECTION('',(1.,0.,0.));
#4286 = PCURVE('',#2426,#4287);
#4287 = DEFINITIONAL_REPRESENTATION('',(#4288),#4292);
#4288 = LINE('',#4289,#4290);
#4289 = CARTESIAN_POINT('',(0.,0.));
#4290 = VECTOR('',#4291,1.);
#4291 = DIRECTION('',(1.,0.));
#4292 = ( GEOMETRIC_REPRESENTATION_CONTEXT(2) 
PARAMETRIC_REPRESENTATION_CONTEXT() REPRESENTATION_CONTEXT('2D SPACE',''
  ) );
#4293 = PCURVE('',#2554,#4294);
#4294 = DEFINITIONAL_REPRESENTATION('',(#4295),#4299);
#4295 = LINE('',#4296,#4297);
#4296 = CARTESIAN_POINT('',(-0.,7.));
#4297 = VECTOR('',#4298,1.);
#4298 = DIRECTION('',(-1.,0.));
#4299 = ( GEOMETRIC_REPRESENTATION_CONTEXT(2) 
PARAMETRIC_REPRESENTATION_CONTEXT() REPRESENTATION_CONTEXT('2D SPACE',''
  ) );
#4300 = ADVANCED_FACE('',(#4301),#2479,.T.);
#4301 = FACE_BOUND('',#4302,.T.);
#4302 = EDGE_LOOP('',(#4303,#4330,#4358,#4455,#4483,#4508));
#4303 = ORIENTED_EDGE('',*,*,#4304,.F.);
#4304 = EDGE_CURVE('',#4305,#2462,#4307,.T.);
#4305 = VERTEX_POINT('',#4306);
#4306 = CARTESIAN_POINT('',(17.5,-9.,0.));
#4307 = SURFACE_CURVE('',#4308,(#4313,#4319),.PCURVE_S1.);
#4308 = CIRCLE('',#4309,5.);
#4309 = AXIS2_PLACEMENT_3D('',#4310,#4311,#4312);
#4310 = CARTESIAN_POINT('',(17.5,-9.,5.));
#4311 = DIRECTION('',(-1.,6.123233995737E-17,0.));
#4312 = DIRECTION('',(-6.123233995737E-17,-1.,0.));
#4313 = PCURVE('',#2479,#4314);
#4314 = DEFINITIONAL_REPRESENTATION('',(#4315),#4318);
#4315 = B_SPLINE_CURVE_WITH_KNOTS('',1,(#4316,#4317),.UNSPECIFIED.,.F.,
  .F.,(2,2),(4.712388980385,6.28318530718),.PIECEWISE_BEZIER_KNOTS.);
#4316 = CARTESIAN_POINT('',(1.570796326795,5.));
#4317 = CARTESIAN_POINT('',(0.,5.));
#4318 = ( GEOMETRIC_REPRESENTATION_CONTEXT(2) 
PARAMETRIC_REPRESENTATION_CONTEXT() REPRESENTATION_CONTEXT('2D SPACE',''
  ) );
#4319 = PCURVE('',#4320,#4325);
#4320 = SPHERICAL_SURFACE('',#4321,5.);
#4321 = AXIS2_PLACEMENT_3D('',#4322,#4323,#4324);
#4322 = CARTESIAN_POINT('',(17.5,-9.,5.));
#4323 = DIRECTION('',(0.,0.,1.));
#4324 = DIRECTION('',(-1.,0.,0.));
#4325 = DEFINITIONAL_REPRESENTATION('',(#4326),#4329);
#4326 = B_SPLINE_CURVE_WITH_KNOTS('',1,(#4327,#4328),.UNSPECIFIED.,.F.,
  .F.,(2,2),(4.712388980385,6.28318530718),.PIECEWISE_BEZIER_KNOTS.);
#4327 = CARTESIAN_POINT('',(1.570796326795,-1.570796326795));
#4328 = CARTESIAN_POINT('',(1.570796326795,0.));
#4329 = ( GEOMETRIC_REPRESENTATION_CONTEXT(2) 
PARAMETRIC_REPRESENTATION_CONTEXT() REPRESENTATION_CONTEXT('2D SPACE',''
  ) );
#4330 = ORIENTED_EDGE('',*,*,#4331,.T.);
#4331 = EDGE_CURVE('',#4305,#4332,#4334,.T.);
#4332 = VERTEX_POINT('',#4333);
#4333 = CARTESIAN_POINT('',(20.088876853468,-9.,-8.881784197001E-16));
#4334 = SURFACE_CURVE('',#4335,(#4339,#4346),.PCURVE_S1.);
#4335 = LINE('',#4336,#4337);
#4336 = CARTESIAN_POINT('',(12.5,-9.,-8.881784197001E-16));
#4337 = VECTOR('',#4338,1.);
#4338 = DIRECTION('',(1.,0.,0.));
#4339 = PCURVE('',#2479,#4340);
#4340 = DEFINITIONAL_REPRESENTATION('',(#4341),#4345);
#4341 = LINE('',#4342,#4343);
#4342 = CARTESIAN_POINT('',(1.570796326795,0.));
#4343 = VECTOR('',#4344,1.);
#4344 = DIRECTION('',(0.,1.));
#4345 = ( GEOMETRIC_REPRESENTATION_CONTEXT(2) 
PARAMETRIC_REPRESENTATION_CONTEXT() REPRESENTATION_CONTEXT('2D SPACE',''
  ) );
#4346 = PCURVE('',#4347,#4352);
#4347 = PLANE('',#4348);
#4348 = AXIS2_PLACEMENT_3D('',#4349,#4350,#4351);
#4349 = CARTESIAN_POINT('',(12.5,-14.,0.));
#4350 = DIRECTION('',(0.,0.,1.));
#4351 = DIRECTION('',(1.,0.,0.));
#4352 = DEFINITIONAL_REPRESENTATION('',(#4353),#4357);
#4353 = LINE('',#4354,#4355);
#4354 = CARTESIAN_POINT('',(0.,5.));
#4355 = VECTOR('',#4356,1.);
#4356 = DIRECTION('',(1.,0.));
#4357 = ( GEOMETRIC_REPRESENTATION_CONTEXT(2) 
PARAMETRIC_REPRESENTATION_CONTEXT() REPRESENTATION_CONTEXT('2D SPACE',''
  ) );
#4358 = ORIENTED_EDGE('',*,*,#4359,.T.);
#4359 = EDGE_CURVE('',#4332,#4360,#4362,.T.);
#4360 = VERTEX_POINT('',#4361);
#4361 = CARTESIAN_POINT('',(32.911123146532,-9.,-8.881784197001E-16));
#4362 = SURFACE_CURVE('',#4363,(#4390,#4420),.PCURVE_S1.);
#4363 = B_SPLINE_CURVE_WITH_KNOTS('',7,(#4364,#4365,#4366,#4367,#4368,
    #4369,#4370,#4371,#4372,#4373,#4374,#4375,#4376,#4377,#4378,#4379,
    #4380,#4381,#4382,#4383,#4384,#4385,#4386,#4387,#4388,#4389),
  .UNSPECIFIED.,.F.,.F.,(8,6,6,6,8),(0.,0.252197375692,0.50000186156,
    0.746815993,1.),.UNSPECIFIED.);
#4364 = CARTESIAN_POINT('',(20.088876853468,-9.,-8.881784197001E-16));
#4365 = CARTESIAN_POINT('',(20.515157064244,-9.303659436246,
    -8.881784197001E-16));
#4366 = CARTESIAN_POINT('',(20.951909110702,-9.579269709992,
    2.151496598669E-02));
#4367 = CARTESIAN_POINT('',(21.396722299896,-9.827005888296,
    5.739402125912E-02));
#4368 = CARTESIAN_POINT('',(21.847830627759,-10.04762934284,
    0.102116536719));
#4369 = CARTESIAN_POINT('',(22.30416206905,-10.2420665251,0.151176657367
    ));
#4370 = CARTESIAN_POINT('',(22.765260813647,-10.41115101694,
    0.200864954833));
#4371 = CARTESIAN_POINT('',(23.688871485285,-10.69718118155,
    0.29448997365));
#4372 = CARTESIAN_POINT('',(24.151393774832,-10.81503795878,
    0.338529802088));
#4373 = CARTESIAN_POINT('',(24.617474602023,-10.90909502134,
    0.377150668277));
#4374 = CARTESIAN_POINT('',(25.086094788671,-10.97952041636,
    0.407890930454));
#4375 = CARTESIAN_POINT('',(25.556464132963,-11.02647465134,
    0.428997189194));
#4376 = CARTESIAN_POINT('',(26.027963306313,-11.05,0.439572388471));
#4377 = CARTESIAN_POINT('',(26.970150191802,-11.05,0.439572388471));
#4378 = CARTESIAN_POINT('',(27.439771694457,-11.02666231412,
    0.429081550355));
#4379 = CARTESIAN_POINT('',(27.908277128157,-10.98008144302,
    0.408143108172));
#4380 = CARTESIAN_POINT('',(28.375052616715,-10.91021598774,
    0.377639999778));
#4381 = CARTESIAN_POINT('',(28.839316400821,-10.81690867858,
    0.339298197112));
#4382 = CARTESIAN_POINT('',(29.300061331969,-10.69999480148,
    0.295542316241));
#4383 = CARTESIAN_POINT('',(30.223879597478,-10.41512647298,
    0.202035148672));
#4384 = CARTESIAN_POINT('',(30.686880899507,-10.24587865503,
    0.152140292098));
#4385 = CARTESIAN_POINT('',(31.145088163351,-10.05109015686,
    0.102819245195));
#4386 = CARTESIAN_POINT('',(31.598043910275,-9.829919715395,
    5.781668390764E-02));
#4387 = CARTESIAN_POINT('',(32.04466698067,-9.581429925798,
    2.168387897169E-02));
#4388 = CARTESIAN_POINT('',(32.4831727581,-9.304849182316,
    -7.798742337017E-16));
#4389 = CARTESIAN_POINT('',(32.911123146532,-9.,-8.881784197001E-16));
#4390 = PCURVE('',#2479,#4391);
#4391 = DEFINITIONAL_REPRESENTATION('',(#4392),#4419);
#4392 = B_SPLINE_CURVE_WITH_KNOTS('',7,(#4393,#4394,#4395,#4396,#4397,
    #4398,#4399,#4400,#4401,#4402,#4403,#4404,#4405,#4406,#4407,#4408,
    #4409,#4410,#4411,#4412,#4413,#4414,#4415,#4416,#4417,#4418),
  .UNSPECIFIED.,.F.,.F.,(8,6,6,6,8),(0.,0.252197375692,0.50000186156,
    0.746815993,1.),.UNSPECIFIED.);
#4393 = CARTESIAN_POINT('',(1.570796326795,7.588876853468));
#4394 = CARTESIAN_POINT('',(1.510064439546,8.015157064244));
#4395 = CARTESIAN_POINT('',(1.454942297846,8.451909110703));
#4396 = CARTESIAN_POINT('',(1.405029699023,8.896722299896));
#4397 = CARTESIAN_POINT('',(1.360109908643,9.34783062776));
#4398 = CARTESIAN_POINT('',(1.320053462474,9.80416206905));
#4399 = CARTESIAN_POINT('',(1.284823114937,10.265260813647));
#4400 = CARTESIAN_POINT('',(1.224630457839,11.188871485285));
#4401 = CARTESIAN_POINT('',(1.199488637197,11.651393774832));
#4402 = CARTESIAN_POINT('',(1.179164382694,12.117474602023));
#4403 = CARTESIAN_POINT('',(1.163796811157,12.586094788671));
#4404 = CARTESIAN_POINT('',(1.153500859129,13.056464132963));
#4405 = CARTESIAN_POINT('',(1.148342264608,13.527963306313));
#4406 = CARTESIAN_POINT('',(1.148342264608,14.470150191802));
#4407 = CARTESIAN_POINT('',(1.153459708717,14.939771694457));
#4408 = CARTESIAN_POINT('',(1.163673791447,15.408277128156));
#4409 = CARTESIAN_POINT('',(1.178919773903,15.875052616715));
#4410 = CARTESIAN_POINT('',(1.199084381148,16.339316400821));
#4411 = CARTESIAN_POINT('',(1.224030171114,16.800061331969));
#4412 = CARTESIAN_POINT('',(1.283994678939,17.723879597478));
#4413 = CARTESIAN_POINT('',(1.319268037399,18.186880899507));
#4414 = CARTESIAN_POINT('',(1.359405225608,18.64508816335));
#4415 = CARTESIAN_POINT('',(1.404442628018,19.098043910275));
#4416 = CARTESIAN_POINT('',(1.454510252289,19.54466698067));
#4417 = CARTESIAN_POINT('',(1.509826490332,19.9831727581));
#4418 = CARTESIAN_POINT('',(1.570796326795,20.411123146532));
#4419 = ( GEOMETRIC_REPRESENTATION_CONTEXT(2) 
PARAMETRIC_REPRESENTATION_CONTEXT() REPRESENTATION_CONTEXT('2D SPACE',''
  ) );
#4420 = PCURVE('',#4421,#4426);
#4421 = CYLINDRICAL_SURFACE('',#4422,11.05);
#4422 = AXIS2_PLACEMENT_3D('',#4423,#4424,#4425);
#4423 = CARTESIAN_POINT('',(26.5,0.,-1.));
#4424 = DIRECTION('',(0.,0.,1.));
#4425 = DIRECTION('',(1.,0.,0.));
#4426 = DEFINITIONAL_REPRESENTATION('',(#4427),#4454);
#4427 = B_SPLINE_CURVE_WITH_KNOTS('',7,(#4428,#4429,#4430,#4431,#4432,
    #4433,#4434,#4435,#4436,#4437,#4438,#4439,#4440,#4441,#4442,#4443,
    #4444,#4445,#4446,#4447,#4448,#4449,#4450,#4451,#4452,#4453),
  .UNSPECIFIED.,.F.,.F.,(8,6,6,6,8),(0.,0.252197375692,0.50000186156,
    0.746815993,1.),.UNSPECIFIED.);
#4428 = CARTESIAN_POINT('',(4.093424404358,1.));
#4429 = CARTESIAN_POINT('',(4.140788872222,1.));
#4430 = CARTESIAN_POINT('',(4.187452447251,1.021514965987));
#4431 = CARTESIAN_POINT('',(4.23342022698,1.057394021259));
#4432 = CARTESIAN_POINT('',(4.278752299272,1.102116536719));
#4433 = CARTESIAN_POINT('',(4.323546662086,1.151176657367));
#4434 = CARTESIAN_POINT('',(4.367934034953,1.200864954833));
#4435 = CARTESIAN_POINT('',(4.455435095517,1.29448997365));
#4436 = CARTESIAN_POINT('',(4.498574079557,1.338529802088));
#4437 = CARTESIAN_POINT('',(4.541516723733,1.377150668277));
#4438 = CARTESIAN_POINT('',(4.584306420469,1.407890930454));
#4439 = CARTESIAN_POINT('',(4.627001121744,1.428997189194));
#4440 = CARTESIAN_POINT('',(4.669670727562,1.439572388471));
#4441 = CARTESIAN_POINT('',(4.754936509055,1.439572388471));
#4442 = CARTESIAN_POINT('',(4.797436190011,1.429081550355));
#4443 = CARTESIAN_POINT('',(4.83996069064,1.408143108172));
#4444 = CARTESIAN_POINT('',(4.882578917946,1.377639999778));
#4445 = CARTESIAN_POINT('',(4.925348019859,1.339298197112));
#4446 = CARTESIAN_POINT('',(4.968310780952,1.295542316241));
#4447 = CARTESIAN_POINT('',(5.055798747453,1.202035148672));
#4448 = CARTESIAN_POINT('',(5.100352222408,1.152140292098));
#4449 = CARTESIAN_POINT('',(5.145314171191,1.102819245195));
#4450 = CARTESIAN_POINT('',(5.190816916503,1.057816683908));
#4451 = CARTESIAN_POINT('',(5.236959717791,1.021683878972));
#4452 = CARTESIAN_POINT('',(5.283803513252,1.));
#4453 = CARTESIAN_POINT('',(5.331353556411,1.));
#4454 = ( GEOMETRIC_REPRESENTATION_CONTEXT(2) 
PARAMETRIC_REPRESENTATION_CONTEXT() REPRESENTATION_CONTEXT('2D SPACE',''
  ) );
#4455 = ORIENTED_EDGE('',*,*,#4456,.T.);
#4456 = EDGE_CURVE('',#4360,#4457,#4459,.T.);
#4457 = VERTEX_POINT('',#4458);
#4458 = CARTESIAN_POINT('',(35.5,-9.,0.));
#4459 = SURFACE_CURVE('',#4460,(#4464,#4471),.PCURVE_S1.);
#4460 = LINE('',#4461,#4462);
#4461 = CARTESIAN_POINT('',(12.5,-9.,-8.881784197001E-16));
#4462 = VECTOR('',#4463,1.);
#4463 = DIRECTION('',(1.,0.,0.));
#4464 = PCURVE('',#2479,#4465);
#4465 = DEFINITIONAL_REPRESENTATION('',(#4466),#4470);
#4466 = LINE('',#4467,#4468);
#4467 = CARTESIAN_POINT('',(1.570796326795,0.));
#4468 = VECTOR('',#4469,1.);
#4469 = DIRECTION('',(0.,1.));
#4470 = ( GEOMETRIC_REPRESENTATION_CONTEXT(2) 
PARAMETRIC_REPRESENTATION_CONTEXT() REPRESENTATION_CONTEXT('2D SPACE',''
  ) );
#4471 = PCURVE('',#4472,#4477);
#4472 = PLANE('',#4473);
#4473 = AXIS2_PLACEMENT_3D('',#4474,#4475,#4476);
#4474 = CARTESIAN_POINT('',(12.5,-14.,0.));
#4475 = DIRECTION('',(0.,0.,1.));
#4476 = DIRECTION('',(1.,0.,0.));
#4477 = DEFINITIONAL_REPRESENTATION('',(#4478),#4482);
#4478 = LINE('',#4479,#4480);
#4479 = CARTESIAN_POINT('',(0.,5.));
#4480 = VECTOR('',#4481,1.);
#4481 = DIRECTION('',(1.,0.));
#4482 = ( GEOMETRIC_REPRESENTATION_CONTEXT(2) 
PARAMETRIC_REPRESENTATION_CONTEXT() REPRESENTATION_CONTEXT('2D SPACE',''
  ) );
#4483 = ORIENTED_EDGE('',*,*,#4484,.T.);
#4484 = EDGE_CURVE('',#4457,#2464,#4485,.T.);
#4485 = SURFACE_CURVE('',#4486,(#4491,#4497),.PCURVE_S1.);
#4486 = CIRCLE('',#4487,5.);
#4487 = AXIS2_PLACEMENT_3D('',#4488,#4489,#4490);
#4488 = CARTESIAN_POINT('',(35.5,-9.,5.));
#4489 = DIRECTION('',(-1.,-6.123233995737E-17,0.));
#4490 = DIRECTION('',(6.123233995737E-17,-1.,-0.));
#4491 = PCURVE('',#2479,#4492);
#4492 = DEFINITIONAL_REPRESENTATION('',(#4493),#4496);
#4493 = B_SPLINE_CURVE_WITH_KNOTS('',1,(#4494,#4495),.UNSPECIFIED.,.F.,
  .F.,(2,2),(4.712388980385,6.28318530718),.PIECEWISE_BEZIER_KNOTS.);
#4494 = CARTESIAN_POINT('',(1.570796326795,23.));
#4495 = CARTESIAN_POINT('',(0.,23.));
#4496 = ( GEOMETRIC_REPRESENTATION_CONTEXT(2) 
PARAMETRIC_REPRESENTATION_CONTEXT() REPRESENTATION_CONTEXT('2D SPACE',''
  ) );
#4497 = PCURVE('',#4498,#4503);
#4498 = SPHERICAL_SURFACE('',#4499,5.);
#4499 = AXIS2_PLACEMENT_3D('',#4500,#4501,#4502);
#4500 = CARTESIAN_POINT('',(35.5,-9.,5.));
#4501 = DIRECTION('',(0.,0.,1.));
#4502 = DIRECTION('',(1.,0.,-0.));
#4503 = DEFINITIONAL_REPRESENTATION('',(#4504),#4507);
#4504 = B_SPLINE_CURVE_WITH_KNOTS('',1,(#4505,#4506),.UNSPECIFIED.,.F.,
  .F.,(2,2),(4.712388980385,6.28318530718),.PIECEWISE_BEZIER_KNOTS.);
#4505 = CARTESIAN_POINT('',(-1.570796326795,-1.570796326795));
#4506 = CARTESIAN_POINT('',(-1.570796326795,0.));
#4507 = ( GEOMETRIC_REPRESENTATION_CONTEXT(2) 
PARAMETRIC_REPRESENTATION_CONTEXT() REPRESENTATION_CONTEXT('2D SPACE',''
  ) );
#4508 = ORIENTED_EDGE('',*,*,#2461,.F.);
#4509 = ADVANCED_FACE('',(#4510),#2554,.T.);
#4510 = FACE_BOUND('',#4511,.F.);
#4511 = EDGE_LOOP('',(#4512,#4535,#4557,#4558));
#4512 = ORIENTED_EDGE('',*,*,#4513,.F.);
#4513 = EDGE_CURVE('',#4514,#4200,#4516,.T.);
#4514 = VERTEX_POINT('',#4515);
#4515 = CARTESIAN_POINT('',(40.5,-9.,5.));
#4516 = SURFACE_CURVE('',#4517,(#4521,#4528),.PCURVE_S1.);
#4517 = LINE('',#4518,#4519);
#4518 = CARTESIAN_POINT('',(40.5,-9.,0.));
#4519 = VECTOR('',#4520,1.);
#4520 = DIRECTION('',(0.,0.,1.));
#4521 = PCURVE('',#2554,#4522);
#4522 = DEFINITIONAL_REPRESENTATION('',(#4523),#4527);
#4523 = LINE('',#4524,#4525);
#4524 = CARTESIAN_POINT('',(-0.,0.));
#4525 = VECTOR('',#4526,1.);
#4526 = DIRECTION('',(-0.,1.));
#4527 = ( GEOMETRIC_REPRESENTATION_CONTEXT(2) 
PARAMETRIC_REPRESENTATION_CONTEXT() REPRESENTATION_CONTEXT('2D SPACE',''
  ) );
#4528 = PCURVE('',#4262,#4529);
#4529 = DEFINITIONAL_REPRESENTATION('',(#4530),#4534);
#4530 = LINE('',#4531,#4532);
#4531 = CARTESIAN_POINT('',(0.,-5.));
#4532 = VECTOR('',#4533,1.);
#4533 = DIRECTION('',(1.,0.));
#4534 = ( GEOMETRIC_REPRESENTATION_CONTEXT(2) 
PARAMETRIC_REPRESENTATION_CONTEXT() REPRESENTATION_CONTEXT('2D SPACE',''
  ) );
#4535 = ORIENTED_EDGE('',*,*,#4536,.T.);
#4536 = EDGE_CURVE('',#4514,#2464,#4537,.T.);
#4537 = SURFACE_CURVE('',#4538,(#4543,#4550),.PCURVE_S1.);
#4538 = CIRCLE('',#4539,5.);
#4539 = AXIS2_PLACEMENT_3D('',#4540,#4541,#4542);
#4540 = CARTESIAN_POINT('',(35.5,-9.,5.));
#4541 = DIRECTION('',(0.,-0.,-1.));
#4542 = DIRECTION('',(1.,0.,-0.));
#4543 = PCURVE('',#2554,#4544);
#4544 = DEFINITIONAL_REPRESENTATION('',(#4545),#4549);
#4545 = LINE('',#4546,#4547);
#4546 = CARTESIAN_POINT('',(-0.,5.));
#4547 = VECTOR('',#4548,1.);
#4548 = DIRECTION('',(-1.,0.));
#4549 = ( GEOMETRIC_REPRESENTATION_CONTEXT(2) 
PARAMETRIC_REPRESENTATION_CONTEXT() REPRESENTATION_CONTEXT('2D SPACE',''
  ) );
#4550 = PCURVE('',#4498,#4551);
#4551 = DEFINITIONAL_REPRESENTATION('',(#4552),#4556);
#4552 = LINE('',#4553,#4554);
#4553 = CARTESIAN_POINT('',(-0.,0.));
#4554 = VECTOR('',#4555,1.);
#4555 = DIRECTION('',(-1.,0.));
#4556 = ( GEOMETRIC_REPRESENTATION_CONTEXT(2) 
PARAMETRIC_REPRESENTATION_CONTEXT() REPRESENTATION_CONTEXT('2D SPACE',''
  ) );
#4557 = ORIENTED_EDGE('',*,*,#2540,.T.);
#4558 = ORIENTED_EDGE('',*,*,#4279,.F.);
#4559 = ADVANCED_FACE('',(#4560),#2507,.T.);
#4560 = FACE_BOUND('',#4561,.T.);
#4561 = EDGE_LOOP('',(#4562,#4585,#4607,#4608));
#4562 = ORIENTED_EDGE('',*,*,#4563,.F.);
#4563 = EDGE_CURVE('',#4564,#2843,#4566,.T.);
#4564 = VERTEX_POINT('',#4565);
#4565 = CARTESIAN_POINT('',(12.5,-9.,5.));
#4566 = SURFACE_CURVE('',#4567,(#4571,#4578),.PCURVE_S1.);
#4567 = LINE('',#4568,#4569);
#4568 = CARTESIAN_POINT('',(12.5,-9.,0.));
#4569 = VECTOR('',#4570,1.);
#4570 = DIRECTION('',(0.,0.,1.));
#4571 = PCURVE('',#2507,#4572);
#4572 = DEFINITIONAL_REPRESENTATION('',(#4573),#4577);
#4573 = LINE('',#4574,#4575);
#4574 = CARTESIAN_POINT('',(0.,0.));
#4575 = VECTOR('',#4576,1.);
#4576 = DIRECTION('',(0.,1.));
#4577 = ( GEOMETRIC_REPRESENTATION_CONTEXT(2) 
PARAMETRIC_REPRESENTATION_CONTEXT() REPRESENTATION_CONTEXT('2D SPACE',''
  ) );
#4578 = PCURVE('',#2881,#4579);
#4579 = DEFINITIONAL_REPRESENTATION('',(#4580),#4584);
#4580 = LINE('',#4581,#4582);
#4581 = CARTESIAN_POINT('',(0.,-5.));
#4582 = VECTOR('',#4583,1.);
#4583 = DIRECTION('',(1.,0.));
#4584 = ( GEOMETRIC_REPRESENTATION_CONTEXT(2) 
PARAMETRIC_REPRESENTATION_CONTEXT() REPRESENTATION_CONTEXT('2D SPACE',''
  ) );
#4585 = ORIENTED_EDGE('',*,*,#4586,.T.);
#4586 = EDGE_CURVE('',#4564,#2462,#4587,.T.);
#4587 = SURFACE_CURVE('',#4588,(#4593,#4600),.PCURVE_S1.);
#4588 = CIRCLE('',#4589,5.);
#4589 = AXIS2_PLACEMENT_3D('',#4590,#4591,#4592);
#4590 = CARTESIAN_POINT('',(17.5,-9.,5.));
#4591 = DIRECTION('',(0.,0.,1.));
#4592 = DIRECTION('',(-1.,0.,0.));
#4593 = PCURVE('',#2507,#4594);
#4594 = DEFINITIONAL_REPRESENTATION('',(#4595),#4599);
#4595 = LINE('',#4596,#4597);
#4596 = CARTESIAN_POINT('',(0.,5.));
#4597 = VECTOR('',#4598,1.);
#4598 = DIRECTION('',(1.,0.));
#4599 = ( GEOMETRIC_REPRESENTATION_CONTEXT(2) 
PARAMETRIC_REPRESENTATION_CONTEXT() REPRESENTATION_CONTEXT('2D SPACE',''
  ) );
#4600 = PCURVE('',#4320,#4601);
#4601 = DEFINITIONAL_REPRESENTATION('',(#4602),#4606);
#4602 = LINE('',#4603,#4604);
#4603 = CARTESIAN_POINT('',(0.,0.));
#4604 = VECTOR('',#4605,1.);
#4605 = DIRECTION('',(1.,0.));
#4606 = ( GEOMETRIC_REPRESENTATION_CONTEXT(2) 
PARAMETRIC_REPRESENTATION_CONTEXT() REPRESENTATION_CONTEXT('2D SPACE',''
  ) );
#4607 = ORIENTED_EDGE('',*,*,#2491,.T.);
#4608 = ORIENTED_EDGE('',*,*,#2842,.F.);
#4609 = ADVANCED_FACE('',(#4610),#2907,.T.);
#4610 = FACE_BOUND('',#4611,.F.);
#4611 = EDGE_LOOP('',(#4612,#4635,#4662,#4663));
#4612 = ORIENTED_EDGE('',*,*,#4613,.F.);
#4613 = EDGE_CURVE('',#4614,#2867,#4616,.T.);
#4614 = VERTEX_POINT('',#4615);
#4615 = CARTESIAN_POINT('',(12.5,9.,5.));
#4616 = SURFACE_CURVE('',#4617,(#4621,#4628),.PCURVE_S1.);
#4617 = LINE('',#4618,#4619);
#4618 = CARTESIAN_POINT('',(12.5,9.,0.));
#4619 = VECTOR('',#4620,1.);
#4620 = DIRECTION('',(0.,0.,1.));
#4621 = PCURVE('',#2907,#4622);
#4622 = DEFINITIONAL_REPRESENTATION('',(#4623),#4627);
#4623 = LINE('',#4624,#4625);
#4624 = CARTESIAN_POINT('',(-0.,0.));
#4625 = VECTOR('',#4626,1.);
#4626 = DIRECTION('',(-0.,1.));
#4627 = ( GEOMETRIC_REPRESENTATION_CONTEXT(2) 
PARAMETRIC_REPRESENTATION_CONTEXT() REPRESENTATION_CONTEXT('2D SPACE',''
  ) );
#4628 = PCURVE('',#2881,#4629);
#4629 = DEFINITIONAL_REPRESENTATION('',(#4630),#4634);
#4630 = LINE('',#4631,#4632);
#4631 = CARTESIAN_POINT('',(0.,-23.));
#4632 = VECTOR('',#4633,1.);
#4633 = DIRECTION('',(1.,0.));
#4634 = ( GEOMETRIC_REPRESENTATION_CONTEXT(2) 
PARAMETRIC_REPRESENTATION_CONTEXT() REPRESENTATION_CONTEXT('2D SPACE',''
  ) );
#4635 = ORIENTED_EDGE('',*,*,#4636,.T.);
#4636 = EDGE_CURVE('',#4614,#3726,#4637,.T.);
#4637 = SURFACE_CURVE('',#4638,(#4643,#4650),.PCURVE_S1.);
#4638 = CIRCLE('',#4639,5.);
#4639 = AXIS2_PLACEMENT_3D('',#4640,#4641,#4642);
#4640 = CARTESIAN_POINT('',(17.5,9.,5.));
#4641 = DIRECTION('',(-0.,0.,-1.));
#4642 = DIRECTION('',(-1.,0.,0.));
#4643 = PCURVE('',#2907,#4644);
#4644 = DEFINITIONAL_REPRESENTATION('',(#4645),#4649);
#4645 = LINE('',#4646,#4647);
#4646 = CARTESIAN_POINT('',(-0.,5.));
#4647 = VECTOR('',#4648,1.);
#4648 = DIRECTION('',(-1.,0.));
#4649 = ( GEOMETRIC_REPRESENTATION_CONTEXT(2) 
PARAMETRIC_REPRESENTATION_CONTEXT() REPRESENTATION_CONTEXT('2D SPACE',''
  ) );
#4650 = PCURVE('',#4651,#4656);
#4651 = SPHERICAL_SURFACE('',#4652,5.);
#4652 = AXIS2_PLACEMENT_3D('',#4653,#4654,#4655);
#4653 = CARTESIAN_POINT('',(17.5,9.,5.));
#4654 = DIRECTION('',(0.,0.,1.));
#4655 = DIRECTION('',(-1.,0.,0.));
#4656 = DEFINITIONAL_REPRESENTATION('',(#4657),#4661);
#4657 = LINE('',#4658,#4659);
#4658 = CARTESIAN_POINT('',(-0.,0.));
#4659 = VECTOR('',#4660,1.);
#4660 = DIRECTION('',(-1.,0.));
#4661 = ( GEOMETRIC_REPRESENTATION_CONTEXT(2) 
PARAMETRIC_REPRESENTATION_CONTEXT() REPRESENTATION_CONTEXT('2D SPACE',''
  ) );
#4662 = ORIENTED_EDGE('',*,*,#3755,.T.);
#4663 = ORIENTED_EDGE('',*,*,#2892,.T.);
#4664 = ADVANCED_FACE('',(#4665),#2881,.F.);
#4665 = FACE_BOUND('',#4666,.F.);
#4666 = EDGE_LOOP('',(#4667,#4668,#4694,#4695));
#4667 = ORIENTED_EDGE('',*,*,#4563,.F.);
#4668 = ORIENTED_EDGE('',*,*,#4669,.T.);
#4669 = EDGE_CURVE('',#4564,#4614,#4670,.T.);
#4670 = SURFACE_CURVE('',#4671,(#4675,#4682),.PCURVE_S1.);
#4671 = LINE('',#4672,#4673);
#4672 = CARTESIAN_POINT('',(12.5,-14.,5.));
#4673 = VECTOR('',#4674,1.);
#4674 = DIRECTION('',(0.,1.,0.));
#4675 = PCURVE('',#2881,#4676);
#4676 = DEFINITIONAL_REPRESENTATION('',(#4677),#4681);
#4677 = LINE('',#4678,#4679);
#4678 = CARTESIAN_POINT('',(5.,0.));
#4679 = VECTOR('',#4680,1.);
#4680 = DIRECTION('',(0.,-1.));
#4681 = ( GEOMETRIC_REPRESENTATION_CONTEXT(2) 
PARAMETRIC_REPRESENTATION_CONTEXT() REPRESENTATION_CONTEXT('2D SPACE',''
  ) );
#4682 = PCURVE('',#4683,#4688);
#4683 = CYLINDRICAL_SURFACE('',#4684,5.);
#4684 = AXIS2_PLACEMENT_3D('',#4685,#4686,#4687);
#4685 = CARTESIAN_POINT('',(17.5,-14.,5.));
#4686 = DIRECTION('',(0.,1.,0.));
#4687 = DIRECTION('',(-1.,0.,0.));
#4688 = DEFINITIONAL_REPRESENTATION('',(#4689),#4693);
#4689 = LINE('',#4690,#4691);
#4690 = CARTESIAN_POINT('',(-0.,0.));
#4691 = VECTOR('',#4692,1.);
#4692 = DIRECTION('',(-0.,1.));
#4693 = ( GEOMETRIC_REPRESENTATION_CONTEXT(2) 
PARAMETRIC_REPRESENTATION_CONTEXT() REPRESENTATION_CONTEXT('2D SPACE',''
  ) );
#4694 = ORIENTED_EDGE('',*,*,#4613,.T.);
#4695 = ORIENTED_EDGE('',*,*,#2866,.F.);
#4696 = ADVANCED_FACE('',(#4697),#2629,.T.);
#4697 = FACE_BOUND('',#4698,.T.);
#4698 = EDGE_LOOP('',(#4699,#4722,#4749,#4750));
#4699 = ORIENTED_EDGE('',*,*,#4700,.F.);
#4700 = EDGE_CURVE('',#4701,#2613,#4703,.T.);
#4701 = VERTEX_POINT('',#4702);
#4702 = CARTESIAN_POINT('',(1.54422863406,15.325644347018,5.));
#4703 = SURFACE_CURVE('',#4704,(#4708,#4715),.PCURVE_S1.);
#4704 = LINE('',#4705,#4706);
#4705 = CARTESIAN_POINT('',(1.54422863406,15.325644347018,0.));
#4706 = VECTOR('',#4707,1.);
#4707 = DIRECTION('',(0.,0.,1.));
#4708 = PCURVE('',#2629,#4709);
#4709 = DEFINITIONAL_REPRESENTATION('',(#4710),#4714);
#4710 = LINE('',#4711,#4712);
#4711 = CARTESIAN_POINT('',(0.,0.));
#4712 = VECTOR('',#4713,1.);
#4713 = DIRECTION('',(0.,1.));
#4714 = ( GEOMETRIC_REPRESENTATION_CONTEXT(2) 
PARAMETRIC_REPRESENTATION_CONTEXT() REPRESENTATION_CONTEXT('2D SPACE',''
  ) );
#4715 = PCURVE('',#2656,#4716);
#4716 = DEFINITIONAL_REPRESENTATION('',(#4717),#4721);
#4717 = LINE('',#4718,#4719);
#4718 = CARTESIAN_POINT('',(0.,-5.));
#4719 = VECTOR('',#4720,1.);
#4720 = DIRECTION('',(1.,0.));
#4721 = ( GEOMETRIC_REPRESENTATION_CONTEXT(2) 
PARAMETRIC_REPRESENTATION_CONTEXT() REPRESENTATION_CONTEXT('2D SPACE',''
  ) );
#4722 = ORIENTED_EDGE('',*,*,#4723,.T.);
#4723 = EDGE_CURVE('',#4701,#3643,#4724,.T.);
#4724 = SURFACE_CURVE('',#4725,(#4730,#4737),.PCURVE_S1.);
#4725 = CIRCLE('',#4726,5.);
#4726 = AXIS2_PLACEMENT_3D('',#4727,#4728,#4729);
#4727 = CARTESIAN_POINT('',(-0.95577136594,19.65577136594,5.));
#4728 = DIRECTION('',(0.,0.,1.));
#4729 = DIRECTION('',(0.5,-0.866025403784,0.));
#4730 = PCURVE('',#2629,#4731);
#4731 = DEFINITIONAL_REPRESENTATION('',(#4732),#4736);
#4732 = LINE('',#4733,#4734);
#4733 = CARTESIAN_POINT('',(0.,5.));
#4734 = VECTOR('',#4735,1.);
#4735 = DIRECTION('',(1.,0.));
#4736 = ( GEOMETRIC_REPRESENTATION_CONTEXT(2) 
PARAMETRIC_REPRESENTATION_CONTEXT() REPRESENTATION_CONTEXT('2D SPACE',''
  ) );
#4737 = PCURVE('',#4738,#4743);
#4738 = SPHERICAL_SURFACE('',#4739,5.);
#4739 = AXIS2_PLACEMENT_3D('',#4740,#4741,#4742);
#4740 = CARTESIAN_POINT('',(-0.95577136594,19.65577136594,5.));
#4741 = DIRECTION('',(0.,0.,1.));
#4742 = DIRECTION('',(0.5,-0.866025403784,0.));
#4743 = DEFINITIONAL_REPRESENTATION('',(#4744),#4748);
#4744 = LINE('',#4745,#4746);
#4745 = CARTESIAN_POINT('',(0.,0.));
#4746 = VECTOR('',#4747,1.);
#4747 = DIRECTION('',(1.,0.));
#4748 = ( GEOMETRIC_REPRESENTATION_CONTEXT(2) 
PARAMETRIC_REPRESENTATION_CONTEXT() REPRESENTATION_CONTEXT('2D SPACE',''
  ) );
#4749 = ORIENTED_EDGE('',*,*,#3672,.T.);
#4750 = ORIENTED_EDGE('',*,*,#2612,.F.);
#4751 = ADVANCED_FACE('',(#4752),#2656,.F.);
#4752 = FACE_BOUND('',#4753,.F.);
#4753 = EDGE_LOOP('',(#4754,#4755,#4783,#4804));
#4754 = ORIENTED_EDGE('',*,*,#4700,.F.);
#4755 = ORIENTED_EDGE('',*,*,#4756,.T.);
#4756 = EDGE_CURVE('',#4701,#4757,#4759,.T.);
#4757 = VERTEX_POINT('',#4758);
#4758 = CARTESIAN_POINT('',(-14.04422863406,6.325644347018,5.));
#4759 = SURFACE_CURVE('',#4760,(#4764,#4771),.PCURVE_S1.);
#4760 = LINE('',#4761,#4762);
#4761 = CARTESIAN_POINT('',(5.874355652982,17.825644347018,5.));
#4762 = VECTOR('',#4763,1.);
#4763 = DIRECTION('',(-0.866025403784,-0.5,0.));
#4764 = PCURVE('',#2656,#4765);
#4765 = DEFINITIONAL_REPRESENTATION('',(#4766),#4770);
#4766 = LINE('',#4767,#4768);
#4767 = CARTESIAN_POINT('',(5.,0.));
#4768 = VECTOR('',#4769,1.);
#4769 = DIRECTION('',(0.,-1.));
#4770 = ( GEOMETRIC_REPRESENTATION_CONTEXT(2) 
PARAMETRIC_REPRESENTATION_CONTEXT() REPRESENTATION_CONTEXT('2D SPACE',''
  ) );
#4771 = PCURVE('',#4772,#4777);
#4772 = CYLINDRICAL_SURFACE('',#4773,5.);
#4773 = AXIS2_PLACEMENT_3D('',#4774,#4775,#4776);
#4774 = CARTESIAN_POINT('',(3.374355652982,22.15577136594,5.));
#4775 = DIRECTION('',(-0.866025403784,-0.5,0.));
#4776 = DIRECTION('',(0.5,-0.866025403784,-0.));
#4777 = DEFINITIONAL_REPRESENTATION('',(#4778),#4782);
#4778 = LINE('',#4779,#4780);
#4779 = CARTESIAN_POINT('',(-0.,0.));
#4780 = VECTOR('',#4781,1.);
#4781 = DIRECTION('',(-0.,1.));
#4782 = ( GEOMETRIC_REPRESENTATION_CONTEXT(2) 
PARAMETRIC_REPRESENTATION_CONTEXT() REPRESENTATION_CONTEXT('2D SPACE',''
  ) );
#4783 = ORIENTED_EDGE('',*,*,#4784,.T.);
#4784 = EDGE_CURVE('',#4757,#2642,#4785,.T.);
#4785 = SURFACE_CURVE('',#4786,(#4790,#4797),.PCURVE_S1.);
#4786 = LINE('',#4787,#4788);
#4787 = CARTESIAN_POINT('',(-14.04422863406,6.325644347018,0.));
#4788 = VECTOR('',#4789,1.);
#4789 = DIRECTION('',(0.,0.,1.));
#4790 = PCURVE('',#2656,#4791);
#4791 = DEFINITIONAL_REPRESENTATION('',(#4792),#4796);
#4792 = LINE('',#4793,#4794);
#4793 = CARTESIAN_POINT('',(0.,-23.));
#4794 = VECTOR('',#4795,1.);
#4795 = DIRECTION('',(1.,0.));
#4796 = ( GEOMETRIC_REPRESENTATION_CONTEXT(2) 
PARAMETRIC_REPRESENTATION_CONTEXT() REPRESENTATION_CONTEXT('2D SPACE',''
  ) );
#4797 = PCURVE('',#2684,#4798);
#4798 = DEFINITIONAL_REPRESENTATION('',(#4799),#4803);
#4799 = LINE('',#4800,#4801);
#4800 = CARTESIAN_POINT('',(-0.,0.));
#4801 = VECTOR('',#4802,1.);
#4802 = DIRECTION('',(-0.,1.));
#4803 = ( GEOMETRIC_REPRESENTATION_CONTEXT(2) 
PARAMETRIC_REPRESENTATION_CONTEXT() REPRESENTATION_CONTEXT('2D SPACE',''
  ) );
#4804 = ORIENTED_EDGE('',*,*,#2641,.F.);
#4805 = ADVANCED_FACE('',(#4806),#2684,.T.);
#4806 = FACE_BOUND('',#4807,.F.);
#4807 = EDGE_LOOP('',(#4808,#4809,#4836,#4837));
#4808 = ORIENTED_EDGE('',*,*,#4784,.F.);
#4809 = ORIENTED_EDGE('',*,*,#4810,.T.);
#4810 = EDGE_CURVE('',#4757,#3137,#4811,.T.);
#4811 = SURFACE_CURVE('',#4812,(#4817,#4824),.PCURVE_S1.);
#4812 = CIRCLE('',#4813,5.);
#4813 = AXIS2_PLACEMENT_3D('',#4814,#4815,#4816);
#4814 = CARTESIAN_POINT('',(-16.54422863406,10.65577136594,5.));
#4815 = DIRECTION('',(0.,-0.,-1.));
#4816 = DIRECTION('',(0.5,-0.866025403784,0.));
#4817 = PCURVE('',#2684,#4818);
#4818 = DEFINITIONAL_REPRESENTATION('',(#4819),#4823);
#4819 = LINE('',#4820,#4821);
#4820 = CARTESIAN_POINT('',(-0.,5.));
#4821 = VECTOR('',#4822,1.);
#4822 = DIRECTION('',(-1.,0.));
#4823 = ( GEOMETRIC_REPRESENTATION_CONTEXT(2) 
PARAMETRIC_REPRESENTATION_CONTEXT() REPRESENTATION_CONTEXT('2D SPACE',''
  ) );
#4824 = PCURVE('',#4825,#4830);
#4825 = SPHERICAL_SURFACE('',#4826,5.);
#4826 = AXIS2_PLACEMENT_3D('',#4827,#4828,#4829);
#4827 = CARTESIAN_POINT('',(-16.54422863406,10.65577136594,5.));
#4828 = DIRECTION('',(0.,0.,1.));
#4829 = DIRECTION('',(0.5,-0.866025403784,0.));
#4830 = DEFINITIONAL_REPRESENTATION('',(#4831),#4835);
#4831 = LINE('',#4832,#4833);
#4832 = CARTESIAN_POINT('',(-0.,0.));
#4833 = VECTOR('',#4834,1.);
#4834 = DIRECTION('',(-1.,0.));
#4835 = ( GEOMETRIC_REPRESENTATION_CONTEXT(2) 
PARAMETRIC_REPRESENTATION_CONTEXT() REPRESENTATION_CONTEXT('2D SPACE',''
  ) );
#4836 = ORIENTED_EDGE('',*,*,#3166,.T.);
#4837 = ORIENTED_EDGE('',*,*,#2667,.T.);
#4838 = ADVANCED_FACE('',(#4839),#2809,.T.);
#4839 = FACE_BOUND('',#4840,.F.);
#4840 = EDGE_LOOP('',(#4841,#4864,#4891,#4892));
#4841 = ORIENTED_EDGE('',*,*,#4842,.F.);
#4842 = EDGE_CURVE('',#4843,#2767,#4845,.T.);
#4843 = VERTEX_POINT('',#4844);
#4844 = CARTESIAN_POINT('',(1.54422863406,-15.32564434701,5.));
#4845 = SURFACE_CURVE('',#4846,(#4850,#4857),.PCURVE_S1.);
#4846 = LINE('',#4847,#4848);
#4847 = CARTESIAN_POINT('',(1.54422863406,-15.32564434701,0.));
#4848 = VECTOR('',#4849,1.);
#4849 = DIRECTION('',(0.,0.,1.));
#4850 = PCURVE('',#2809,#4851);
#4851 = DEFINITIONAL_REPRESENTATION('',(#4852),#4856);
#4852 = LINE('',#4853,#4854);
#4853 = CARTESIAN_POINT('',(-0.,0.));
#4854 = VECTOR('',#4855,1.);
#4855 = DIRECTION('',(-0.,1.));
#4856 = ( GEOMETRIC_REPRESENTATION_CONTEXT(2) 
PARAMETRIC_REPRESENTATION_CONTEXT() REPRESENTATION_CONTEXT('2D SPACE',''
  ) );
#4857 = PCURVE('',#2781,#4858);
#4858 = DEFINITIONAL_REPRESENTATION('',(#4859),#4863);
#4859 = LINE('',#4860,#4861);
#4860 = CARTESIAN_POINT('',(0.,-23.));
#4861 = VECTOR('',#4862,1.);
#4862 = DIRECTION('',(1.,0.));
#4863 = ( GEOMETRIC_REPRESENTATION_CONTEXT(2) 
PARAMETRIC_REPRESENTATION_CONTEXT() REPRESENTATION_CONTEXT('2D SPACE',''
  ) );
#4864 = ORIENTED_EDGE('',*,*,#4865,.T.);
#4865 = EDGE_CURVE('',#4843,#2954,#4866,.T.);
#4866 = SURFACE_CURVE('',#4867,(#4872,#4879),.PCURVE_S1.);
#4867 = CIRCLE('',#4868,5.);
#4868 = AXIS2_PLACEMENT_3D('',#4869,#4870,#4871);
#4869 = CARTESIAN_POINT('',(-0.95577136594,-19.65577136594,5.));
#4870 = DIRECTION('',(0.,-0.,-1.));
#4871 = DIRECTION('',(0.5,0.866025403784,-0.));
#4872 = PCURVE('',#2809,#4873);
#4873 = DEFINITIONAL_REPRESENTATION('',(#4874),#4878);
#4874 = LINE('',#4875,#4876);
#4875 = CARTESIAN_POINT('',(-0.,5.));
#4876 = VECTOR('',#4877,1.);
#4877 = DIRECTION('',(-1.,0.));
#4878 = ( GEOMETRIC_REPRESENTATION_CONTEXT(2) 
PARAMETRIC_REPRESENTATION_CONTEXT() REPRESENTATION_CONTEXT('2D SPACE',''
  ) );
#4879 = PCURVE('',#4880,#4885);
#4880 = SPHERICAL_SURFACE('',#4881,5.);
#4881 = AXIS2_PLACEMENT_3D('',#4882,#4883,#4884);
#4882 = CARTESIAN_POINT('',(-0.95577136594,-19.65577136594,5.));
#4883 = DIRECTION('',(0.,0.,1.));
#4884 = DIRECTION('',(0.5,0.866025403784,-0.));
#4885 = DEFINITIONAL_REPRESENTATION('',(#4886),#4890);
#4886 = LINE('',#4887,#4888);
#4887 = CARTESIAN_POINT('',(-0.,0.));
#4888 = VECTOR('',#4889,1.);
#4889 = DIRECTION('',(-1.,0.));
#4890 = ( GEOMETRIC_REPRESENTATION_CONTEXT(2) 
PARAMETRIC_REPRESENTATION_CONTEXT() REPRESENTATION_CONTEXT('2D SPACE',''
  ) );
#4891 = ORIENTED_EDGE('',*,*,#2983,.T.);
#4892 = ORIENTED_EDGE('',*,*,#2792,.T.);
#4893 = ADVANCED_FACE('',(#4894),#2781,.F.);
#4894 = FACE_BOUND('',#4895,.F.);
#4895 = EDGE_LOOP('',(#4896,#4919,#4945,#4946));
#4896 = ORIENTED_EDGE('',*,*,#4897,.F.);
#4897 = EDGE_CURVE('',#4898,#2738,#4900,.T.);
#4898 = VERTEX_POINT('',#4899);
#4899 = CARTESIAN_POINT('',(-14.04422863406,-6.325644347018,5.));
#4900 = SURFACE_CURVE('',#4901,(#4905,#4912),.PCURVE_S1.);
#4901 = LINE('',#4902,#4903);
#4902 = CARTESIAN_POINT('',(-14.04422863406,-6.325644347018,0.));
#4903 = VECTOR('',#4904,1.);
#4904 = DIRECTION('',(0.,0.,1.));
#4905 = PCURVE('',#2781,#4906);
#4906 = DEFINITIONAL_REPRESENTATION('',(#4907),#4911);
#4907 = LINE('',#4908,#4909);
#4908 = CARTESIAN_POINT('',(0.,-5.));
#4909 = VECTOR('',#4910,1.);
#4910 = DIRECTION('',(1.,0.));
#4911 = ( GEOMETRIC_REPRESENTATION_CONTEXT(2) 
PARAMETRIC_REPRESENTATION_CONTEXT() REPRESENTATION_CONTEXT('2D SPACE',''
  ) );
#4912 = PCURVE('',#2754,#4913);
#4913 = DEFINITIONAL_REPRESENTATION('',(#4914),#4918);
#4914 = LINE('',#4915,#4916);
#4915 = CARTESIAN_POINT('',(0.,0.));
#4916 = VECTOR('',#4917,1.);
#4917 = DIRECTION('',(0.,1.));
#4918 = ( GEOMETRIC_REPRESENTATION_CONTEXT(2) 
PARAMETRIC_REPRESENTATION_CONTEXT() REPRESENTATION_CONTEXT('2D SPACE',''
  ) );
#4919 = ORIENTED_EDGE('',*,*,#4920,.T.);
#4920 = EDGE_CURVE('',#4898,#4843,#4921,.T.);
#4921 = SURFACE_CURVE('',#4922,(#4926,#4933),.PCURVE_S1.);
#4922 = LINE('',#4923,#4924);
#4923 = CARTESIAN_POINT('',(-18.37435565298,-3.825644347018,5.));
#4924 = VECTOR('',#4925,1.);
#4925 = DIRECTION('',(0.866025403784,-0.5,0.));
#4926 = PCURVE('',#2781,#4927);
#4927 = DEFINITIONAL_REPRESENTATION('',(#4928),#4932);
#4928 = LINE('',#4929,#4930);
#4929 = CARTESIAN_POINT('',(5.,0.));
#4930 = VECTOR('',#4931,1.);
#4931 = DIRECTION('',(0.,-1.));
#4932 = ( GEOMETRIC_REPRESENTATION_CONTEXT(2) 
PARAMETRIC_REPRESENTATION_CONTEXT() REPRESENTATION_CONTEXT('2D SPACE',''
  ) );
#4933 = PCURVE('',#4934,#4939);
#4934 = CYLINDRICAL_SURFACE('',#4935,5.);
#4935 = AXIS2_PLACEMENT_3D('',#4936,#4937,#4938);
#4936 = CARTESIAN_POINT('',(-20.87435565298,-8.15577136594,5.));
#4937 = DIRECTION('',(0.866025403784,-0.5,0.));
#4938 = DIRECTION('',(0.5,0.866025403784,0.));
#4939 = DEFINITIONAL_REPRESENTATION('',(#4940),#4944);
#4940 = LINE('',#4941,#4942);
#4941 = CARTESIAN_POINT('',(-0.,0.));
#4942 = VECTOR('',#4943,1.);
#4943 = DIRECTION('',(-0.,1.));
#4944 = ( GEOMETRIC_REPRESENTATION_CONTEXT(2) 
PARAMETRIC_REPRESENTATION_CONTEXT() REPRESENTATION_CONTEXT('2D SPACE',''
  ) );
#4945 = ORIENTED_EDGE('',*,*,#4842,.T.);
#4946 = ORIENTED_EDGE('',*,*,#2766,.F.);
#4947 = ADVANCED_FACE('',(#4948),#2754,.T.);
#4948 = FACE_BOUND('',#4949,.T.);
#4949 = EDGE_LOOP('',(#4950,#4951,#4978,#4979));
#4950 = ORIENTED_EDGE('',*,*,#4897,.F.);
#4951 = ORIENTED_EDGE('',*,*,#4952,.T.);
#4952 = EDGE_CURVE('',#4898,#3059,#4953,.T.);
#4953 = SURFACE_CURVE('',#4954,(#4959,#4966),.PCURVE_S1.);
#4954 = CIRCLE('',#4955,5.);
#4955 = AXIS2_PLACEMENT_3D('',#4956,#4957,#4958);
#4956 = CARTESIAN_POINT('',(-16.54422863406,-10.65577136594,5.));
#4957 = DIRECTION('',(0.,0.,1.));
#4958 = DIRECTION('',(0.5,0.866025403784,-0.));
#4959 = PCURVE('',#2754,#4960);
#4960 = DEFINITIONAL_REPRESENTATION('',(#4961),#4965);
#4961 = LINE('',#4962,#4963);
#4962 = CARTESIAN_POINT('',(0.,5.));
#4963 = VECTOR('',#4964,1.);
#4964 = DIRECTION('',(1.,0.));
#4965 = ( GEOMETRIC_REPRESENTATION_CONTEXT(2) 
PARAMETRIC_REPRESENTATION_CONTEXT() REPRESENTATION_CONTEXT('2D SPACE',''
  ) );
#4966 = PCURVE('',#4967,#4972);
#4967 = SPHERICAL_SURFACE('',#4968,5.);
#4968 = AXIS2_PLACEMENT_3D('',#4969,#4970,#4971);
#4969 = CARTESIAN_POINT('',(-16.54422863406,-10.65577136594,5.));
#4970 = DIRECTION('',(0.,0.,1.));
#4971 = DIRECTION('',(0.5,0.866025403784,-0.));
#4972 = DEFINITIONAL_REPRESENTATION('',(#4973),#4977);
#4973 = LINE('',#4974,#4975);
#4974 = CARTESIAN_POINT('',(0.,0.));
#4975 = VECTOR('',#4976,1.);
#4976 = DIRECTION('',(1.,0.));
#4977 = ( GEOMETRIC_REPRESENTATION_CONTEXT(2) 
PARAMETRIC_REPRESENTATION_CONTEXT() REPRESENTATION_CONTEXT('2D SPACE',''
  ) );
#4978 = ORIENTED_EDGE('',*,*,#3088,.T.);
#4979 = ORIENTED_EDGE('',*,*,#2737,.F.);
#4980 = ADVANCED_FACE('',(#4981),#2938,.T.);
#4981 = FACE_BOUND('',#4982,.T.);
#4982 = EDGE_LOOP('',(#4983,#4984,#5007,#5034));
#4983 = ORIENTED_EDGE('',*,*,#2921,.F.);
#4984 = ORIENTED_EDGE('',*,*,#4985,.F.);
#4985 = EDGE_CURVE('',#4986,#2922,#4988,.T.);
#4986 = VERTEX_POINT('',#4987);
#4987 = CARTESIAN_POINT('',(11.05,-2.706469426116E-15,-1.));
#4988 = SEAM_CURVE('',#4989,(#4993,#5000),.PCURVE_S1.);
#4989 = LINE('',#4990,#4991);
#4990 = CARTESIAN_POINT('',(11.05,-2.706469426116E-15,-1.));
#4991 = VECTOR('',#4992,1.);
#4992 = DIRECTION('',(0.,0.,1.));
#4993 = PCURVE('',#2938,#4994);
#4994 = DEFINITIONAL_REPRESENTATION('',(#4995),#4999);
#4995 = LINE('',#4996,#4997);
#4996 = CARTESIAN_POINT('',(6.28318530718,-0.));
#4997 = VECTOR('',#4998,1.);
#4998 = DIRECTION('',(0.,1.));
#4999 = ( GEOMETRIC_REPRESENTATION_CONTEXT(2) 
PARAMETRIC_REPRESENTATION_CONTEXT() REPRESENTATION_CONTEXT('2D SPACE',''
  ) );
#5000 = PCURVE('',#2938,#5001);
#5001 = DEFINITIONAL_REPRESENTATION('',(#5002),#5006);
#5002 = LINE('',#5003,#5004);
#5003 = CARTESIAN_POINT('',(0.,-0.));
#5004 = VECTOR('',#5005,1.);
#5005 = DIRECTION('',(0.,1.));
#5006 = ( GEOMETRIC_REPRESENTATION_CONTEXT(2) 
PARAMETRIC_REPRESENTATION_CONTEXT() REPRESENTATION_CONTEXT('2D SPACE',''
  ) );
#5007 = ORIENTED_EDGE('',*,*,#5008,.T.);
#5008 = EDGE_CURVE('',#4986,#4986,#5009,.T.);
#5009 = SURFACE_CURVE('',#5010,(#5015,#5022),.PCURVE_S1.);
#5010 = CIRCLE('',#5011,11.05);
#5011 = AXIS2_PLACEMENT_3D('',#5012,#5013,#5014);
#5012 = CARTESIAN_POINT('',(0.,0.,-1.));
#5013 = DIRECTION('',(0.,0.,1.));
#5014 = DIRECTION('',(1.,0.,0.));
#5015 = PCURVE('',#2938,#5016);
#5016 = DEFINITIONAL_REPRESENTATION('',(#5017),#5021);
#5017 = LINE('',#5018,#5019);
#5018 = CARTESIAN_POINT('',(0.,0.));
#5019 = VECTOR('',#5020,1.);
#5020 = DIRECTION('',(1.,0.));
#5021 = ( GEOMETRIC_REPRESENTATION_CONTEXT(2) 
PARAMETRIC_REPRESENTATION_CONTEXT() REPRESENTATION_CONTEXT('2D SPACE',''
  ) );
#5022 = PCURVE('',#5023,#5028);
#5023 = PLANE('',#5024);
#5024 = AXIS2_PLACEMENT_3D('',#5025,#5026,#5027);
#5025 = CARTESIAN_POINT('',(0.,0.,-1.));
#5026 = DIRECTION('',(0.,0.,1.));
#5027 = DIRECTION('',(1.,0.,0.));
#5028 = DEFINITIONAL_REPRESENTATION('',(#5029),#5033);
#5029 = CIRCLE('',#5030,11.05);
#5030 = AXIS2_PLACEMENT_2D('',#5031,#5032);
#5031 = CARTESIAN_POINT('',(0.,0.));
#5032 = DIRECTION('',(1.,0.));
#5033 = ( GEOMETRIC_REPRESENTATION_CONTEXT(2) 
PARAMETRIC_REPRESENTATION_CONTEXT() REPRESENTATION_CONTEXT('2D SPACE',''
  ) );
#5034 = ORIENTED_EDGE('',*,*,#4985,.T.);
#5035 = ADVANCED_FACE('',(#5036),#2971,.T.);
#5036 = FACE_BOUND('',#5037,.F.);
#5037 = EDGE_LOOP('',(#5038,#5060,#5088,#5180,#5201,#5221));
#5038 = ORIENTED_EDGE('',*,*,#5039,.F.);
#5039 = EDGE_CURVE('',#5040,#2954,#5042,.T.);
#5040 = VERTEX_POINT('',#5041);
#5041 = CARTESIAN_POINT('',(-0.95577136594,-19.65577136594,0.));
#5042 = SURFACE_CURVE('',#5043,(#5048,#5054),.PCURVE_S1.);
#5043 = CIRCLE('',#5044,5.);
#5044 = AXIS2_PLACEMENT_3D('',#5045,#5046,#5047);
#5045 = CARTESIAN_POINT('',(-0.95577136594,-19.65577136594,5.));
#5046 = DIRECTION('',(-0.5,-0.866025403784,0.));
#5047 = DIRECTION('',(0.866025403784,-0.5,0.));
#5048 = PCURVE('',#2971,#5049);
#5049 = DEFINITIONAL_REPRESENTATION('',(#5050),#5053);
#5050 = B_SPLINE_CURVE_WITH_KNOTS('',1,(#5051,#5052),.UNSPECIFIED.,.F.,
  .F.,(2,2),(4.712388980385,6.28318530718),.PIECEWISE_BEZIER_KNOTS.);
#5051 = CARTESIAN_POINT('',(-1.570796326795,5.));
#5052 = CARTESIAN_POINT('',(0.,5.));
#5053 = ( GEOMETRIC_REPRESENTATION_CONTEXT(2) 
PARAMETRIC_REPRESENTATION_CONTEXT() REPRESENTATION_CONTEXT('2D SPACE',''
  ) );
#5054 = PCURVE('',#4880,#5055);
#5055 = DEFINITIONAL_REPRESENTATION('',(#5056),#5059);
#5056 = B_SPLINE_CURVE_WITH_KNOTS('',1,(#5057,#5058),.UNSPECIFIED.,.F.,
  .F.,(2,2),(4.712388980385,6.28318530718),.PIECEWISE_BEZIER_KNOTS.);
#5057 = CARTESIAN_POINT('',(-1.570796326795,-1.570796326795));
#5058 = CARTESIAN_POINT('',(-1.570796326795,0.));
#5059 = ( GEOMETRIC_REPRESENTATION_CONTEXT(2) 
PARAMETRIC_REPRESENTATION_CONTEXT() REPRESENTATION_CONTEXT('2D SPACE',''
  ) );
#5060 = ORIENTED_EDGE('',*,*,#5061,.T.);
#5061 = EDGE_CURVE('',#5040,#5062,#5064,.T.);
#5062 = VERTEX_POINT('',#5063);
#5063 = CARTESIAN_POINT('',(-2.250209792674,-21.89780448831,
    -8.881784197001E-16));
#5064 = SURFACE_CURVE('',#5065,(#5069,#5076),.PCURVE_S1.);
#5065 = LINE('',#5066,#5067);
#5066 = CARTESIAN_POINT('',(1.54422863406,-15.32564434701,
    -8.881784197001E-16));
#5067 = VECTOR('',#5068,1.);
#5068 = DIRECTION('',(-0.5,-0.866025403784,0.));
#5069 = PCURVE('',#2971,#5070);
#5070 = DEFINITIONAL_REPRESENTATION('',(#5071),#5075);
#5071 = LINE('',#5072,#5073);
#5072 = CARTESIAN_POINT('',(-1.570796326795,0.));
#5073 = VECTOR('',#5074,1.);
#5074 = DIRECTION('',(-0.,1.));
#5075 = ( GEOMETRIC_REPRESENTATION_CONTEXT(2) 
PARAMETRIC_REPRESENTATION_CONTEXT() REPRESENTATION_CONTEXT('2D SPACE',''
  ) );
#5076 = PCURVE('',#5077,#5082);
#5077 = PLANE('',#5078);
#5078 = AXIS2_PLACEMENT_3D('',#5079,#5080,#5081);
#5079 = CARTESIAN_POINT('',(-18.37435565298,-3.825644347018,0.));
#5080 = DIRECTION('',(0.,0.,1.));
#5081 = DIRECTION('',(-0.5,-0.866025403784,0.));
#5082 = DEFINITIONAL_REPRESENTATION('',(#5083),#5087);
#5083 = LINE('',#5084,#5085);
#5084 = CARTESIAN_POINT('',(1.7763568394E-15,23.));
#5085 = VECTOR('',#5086,1.);
#5086 = DIRECTION('',(1.,0.));
#5087 = ( GEOMETRIC_REPRESENTATION_CONTEXT(2) 
PARAMETRIC_REPRESENTATION_CONTEXT() REPRESENTATION_CONTEXT('2D SPACE',''
  ) );
#5088 = ORIENTED_EDGE('',*,*,#5089,.F.);
#5089 = EDGE_CURVE('',#5090,#5062,#5092,.T.);
#5090 = VERTEX_POINT('',#5091);
#5091 = CARTESIAN_POINT('',(-8.661332939206,-33.00219551168,
    -8.881784197001E-16));
#5092 = SURFACE_CURVE('',#5093,(#5120,#5150),.PCURVE_S1.);
#5093 = B_SPLINE_CURVE_WITH_KNOTS('',7,(#5094,#5095,#5096,#5097,#5098,
    #5099,#5100,#5101,#5102,#5103,#5104,#5105,#5106,#5107,#5108,#5109,
    #5110,#5111,#5112,#5113,#5114,#5115,#5116,#5117,#5118,#5119),
  .UNSPECIFIED.,.F.,.F.,(8,6,6,6,8),(0.,0.252197370005,0.500001852928,
    0.746815987248,1.),.UNSPECIFIED.);
#5094 = CARTESIAN_POINT('',(-8.661332939206,-33.00219551168,
    -8.881784197001E-16));
#5095 = CARTESIAN_POINT('',(-8.185216047914,-32.78485573814,
    -8.881784197001E-16));
#5096 = CARTESIAN_POINT('',(-7.728154526091,-32.54442250763,
    2.151496598888E-02));
#5097 = CARTESIAN_POINT('',(-7.291202107689,-32.28307107502,
    5.739402125457E-02));
#5098 = CARTESIAN_POINT('',(-6.874582427394,-32.00271153049,
    0.102116536719));
#5099 = CARTESIAN_POINT('',(-6.478029167441,-31.70473550087,
    0.151176657374));
#5100 = CARTESIAN_POINT('',(-6.101048329894,-31.38995452039,
    0.200864954829));
#5101 = CARTESIAN_POINT('',(-5.391533601468,-30.73309929431,
    0.294489974149));
#5102 = CARTESIAN_POINT('',(-5.058205506946,-30.39147164205,
    0.338529800684));
#5103 = CARTESIAN_POINT('',(-4.74370927035,-30.03486232469,
    0.377150669898));
#5104 = CARTESIAN_POINT('',(-4.448409002238,-29.66423803185,
    0.407890929598));
#5105 = CARTESIAN_POINT('',(-4.17256077721,-29.28036336733,
    0.428997189357));
#5106 = CARTESIAN_POINT('',(-3.916437632216,-28.88379576338,
    0.439572388471));
#5107 = CARTESIAN_POINT('',(-3.445344189543,-28.06783798556,
    0.439572388471));
#5108 = CARTESIAN_POINT('',(-3.230744476536,-27.64946500649,
    0.429081550196));
#5109 = CARTESIAN_POINT('',(-3.036831964713,-27.22043694784,
    0.408143109005));
#5110 = CARTESIAN_POINT('',(-2.863949486003,-26.78126478583,
    0.377639998199));
#5111 = CARTESIAN_POINT('',(-2.712624095779,-26.33254692076,
    0.33929819848));
#5112 = CARTESIAN_POINT('',(-2.58350201445,-25.87507315019,
    0.295542315754));
#5113 = CARTESIAN_POINT('',(-2.368296091975,-24.9325889042,
    0.202035148649));
#5114 = CARTESIAN_POINT('',(-2.283368350992,-24.44699410626,
    0.152140292133));
#5115 = CARTESIAN_POINT('',(-2.222956506679,-23.95278072617,
    0.102819245195));
#5116 = CARTESIAN_POINT('',(-2.188017854185,-23.44992432155,
    5.781668388183E-02));
#5117 = CARTESIAN_POINT('',(-2.179904789355,-22.93889250211,
    2.168387898397E-02));
#5118 = CARTESIAN_POINT('',(-2.200177850671,-22.42084498751,
    -8.574201597453E-16));
#5119 = CARTESIAN_POINT('',(-2.250209792674,-21.89780448831,
    -8.881784197001E-16));
#5120 = PCURVE('',#2971,#5121);
#5121 = DEFINITIONAL_REPRESENTATION('',(#5122),#5149);
#5122 = B_SPLINE_CURVE_WITH_KNOTS('',7,(#5123,#5124,#5125,#5126,#5127,
    #5128,#5129,#5130,#5131,#5132,#5133,#5134,#5135,#5136,#5137,#5138,
    #5139,#5140,#5141,#5142,#5143,#5144,#5145,#5146,#5147,#5148),
  .UNSPECIFIED.,.F.,.F.,(8,6,6,6,8),(0.,0.252197370005,0.500001852928,
    0.746815987248,1.),.UNSPECIFIED.);
#5123 = CARTESIAN_POINT('',(-1.570796326795,20.411123146532));
#5124 = CARTESIAN_POINT('',(-1.510064439544,19.984842935742));
#5125 = CARTESIAN_POINT('',(-1.454942297846,19.548090889294));
#5126 = CARTESIAN_POINT('',(-1.405029699028,19.103277700142));
#5127 = CARTESIAN_POINT('',(-1.36010990864,18.65216937224));
#5128 = CARTESIAN_POINT('',(-1.320053462471,18.195837930891));
#5129 = CARTESIAN_POINT('',(-1.284823114939,17.734739186393));
#5130 = CARTESIAN_POINT('',(-1.224630457518,16.811128509791));
#5131 = CARTESIAN_POINT('',(-1.199488638082,16.348606237031));
#5132 = CARTESIAN_POINT('',(-1.179164381671,15.882525390674));
#5133 = CARTESIAN_POINT('',(-1.163796811715,15.413905203759));
#5134 = CARTESIAN_POINT('',(-1.153500859011,14.943535879899));
#5135 = CARTESIAN_POINT('',(-1.148342264608,14.472036688068));
#5136 = CARTESIAN_POINT('',(-1.148342264608,13.529849802721));
#5137 = CARTESIAN_POINT('',(-1.153459708832,13.060228318089));
#5138 = CARTESIAN_POINT('',(-1.163673790905,12.591722864451));
#5139 = CARTESIAN_POINT('',(-1.178919774897,12.124947376164));
#5140 = CARTESIAN_POINT('',(-1.199084380288,11.660683610762));
#5141 = CARTESIAN_POINT('',(-1.224030171427,11.199938663218));
#5142 = CARTESIAN_POINT('',(-1.283994678954,10.276120402292));
#5143 = CARTESIAN_POINT('',(-1.319268037381,9.813119100834));
#5144 = CARTESIAN_POINT('',(-1.359405225593,9.354911836635));
#5145 = CARTESIAN_POINT('',(-1.404442628045,8.901956089526));
#5146 = CARTESIAN_POINT('',(-1.454510252292,8.455333019334));
#5147 = CARTESIAN_POINT('',(-1.509826490319,8.016827241986));
#5148 = CARTESIAN_POINT('',(-1.570796326795,7.588876853468));
#5149 = ( GEOMETRIC_REPRESENTATION_CONTEXT(2) 
PARAMETRIC_REPRESENTATION_CONTEXT() REPRESENTATION_CONTEXT('2D SPACE',''
  ) );
#5150 = PCURVE('',#4035,#5151);
#5151 = DEFINITIONAL_REPRESENTATION('',(#5152),#5179);
#5152 = B_SPLINE_CURVE_WITH_KNOTS('',7,(#5153,#5154,#5155,#5156,#5157,
    #5158,#5159,#5160,#5161,#5162,#5163,#5164,#5165,#5166,#5167,#5168,
    #5169,#5170,#5171,#5172,#5173,#5174,#5175,#5176,#5177,#5178),
  .UNSPECIFIED.,.F.,.F.,(8,6,6,6,8),(0.,0.252197370005,0.500001852928,
    0.746815987248,1.),.UNSPECIFIED.);
#5153 = CARTESIAN_POINT('',(0.951831750768,1.));
#5154 = CARTESIAN_POINT('',(0.999196218634,1.));
#5155 = CARTESIAN_POINT('',(1.045859793661,1.021514965989));
#5156 = CARTESIAN_POINT('',(1.091827573386,1.057394021255));
#5157 = CARTESIAN_POINT('',(1.137159645683,1.102116536719));
#5158 = CARTESIAN_POINT('',(1.181954008502,1.151176657374));
#5159 = CARTESIAN_POINT('',(1.22634138136,1.200864954829));
#5160 = CARTESIAN_POINT('',(1.313842442394,1.294489974149));
#5161 = CARTESIAN_POINT('',(1.356981424838,1.338529800684));
#5162 = CARTESIAN_POINT('',(1.399924070868,1.377150669899));
#5163 = CARTESIAN_POINT('',(1.442713767527,1.407890929598));
#5164 = CARTESIAN_POINT('',(1.485408466999,1.428997189357));
#5165 = CARTESIAN_POINT('',(1.528078074481,1.439572388471));
#5166 = CARTESIAN_POINT('',(1.61334385596,1.439572388471));
#5167 = CARTESIAN_POINT('',(1.655843535295,1.429081550196));
#5168 = CARTESIAN_POINT('',(1.698368037683,1.408143109005));
#5169 = CARTESIAN_POINT('',(1.740986265063,1.377639998199));
#5170 = CARTESIAN_POINT('',(1.783755365168,1.33929819848));
#5171 = CARTESIAN_POINT('',(1.826718127818,1.295542315754));
#5172 = CARTESIAN_POINT('',(1.914206093886,1.202035148649));
#5173 = CARTESIAN_POINT('',(1.958759568787,1.152140292133));
#5174 = CARTESIAN_POINT('',(2.003721517601,1.102819245195));
#5175 = CARTESIAN_POINT('',(2.049224262934,1.057816683882));
#5176 = CARTESIAN_POINT('',(2.095367064202,1.021683878984));
#5177 = CARTESIAN_POINT('',(2.142210859653,1.));
#5178 = CARTESIAN_POINT('',(2.189760902821,1.));
#5179 = ( GEOMETRIC_REPRESENTATION_CONTEXT(2) 
PARAMETRIC_REPRESENTATION_CONTEXT() REPRESENTATION_CONTEXT('2D SPACE',''
  ) );
#5180 = ORIENTED_EDGE('',*,*,#5181,.T.);
#5181 = EDGE_CURVE('',#5090,#4115,#5182,.T.);
#5182 = SURFACE_CURVE('',#5183,(#5187,#5194),.PCURVE_S1.);
#5183 = LINE('',#5184,#5185);
#5184 = CARTESIAN_POINT('',(1.54422863406,-15.32564434701,
    -8.881784197001E-16));
#5185 = VECTOR('',#5186,1.);
#5186 = DIRECTION('',(-0.5,-0.866025403784,0.));
#5187 = PCURVE('',#2971,#5188);
#5188 = DEFINITIONAL_REPRESENTATION('',(#5189),#5193);
#5189 = LINE('',#5190,#5191);
#5190 = CARTESIAN_POINT('',(-1.570796326795,0.));
#5191 = VECTOR('',#5192,1.);
#5192 = DIRECTION('',(-0.,1.));
#5193 = ( GEOMETRIC_REPRESENTATION_CONTEXT(2) 
PARAMETRIC_REPRESENTATION_CONTEXT() REPRESENTATION_CONTEXT('2D SPACE',''
  ) );
#5194 = PCURVE('',#4130,#5195);
#5195 = DEFINITIONAL_REPRESENTATION('',(#5196),#5200);
#5196 = LINE('',#5197,#5198);
#5197 = CARTESIAN_POINT('',(1.7763568394E-15,23.));
#5198 = VECTOR('',#5199,1.);
#5199 = DIRECTION('',(1.,0.));
#5200 = ( GEOMETRIC_REPRESENTATION_CONTEXT(2) 
PARAMETRIC_REPRESENTATION_CONTEXT() REPRESENTATION_CONTEXT('2D SPACE',''
  ) );
#5201 = ORIENTED_EDGE('',*,*,#5202,.T.);
#5202 = EDGE_CURVE('',#4115,#2956,#5203,.T.);
#5203 = SURFACE_CURVE('',#5204,(#5209,#5215),.PCURVE_S1.);
#5204 = CIRCLE('',#5205,5.);
#5205 = AXIS2_PLACEMENT_3D('',#5206,#5207,#5208);
#5206 = CARTESIAN_POINT('',(-9.95577136594,-35.24422863406,5.));
#5207 = DIRECTION('',(-0.5,-0.866025403784,0.));
#5208 = DIRECTION('',(0.866025403784,-0.5,0.));
#5209 = PCURVE('',#2971,#5210);
#5210 = DEFINITIONAL_REPRESENTATION('',(#5211),#5214);
#5211 = B_SPLINE_CURVE_WITH_KNOTS('',1,(#5212,#5213),.UNSPECIFIED.,.F.,
  .F.,(2,2),(4.712388980385,6.28318530718),.PIECEWISE_BEZIER_KNOTS.);
#5212 = CARTESIAN_POINT('',(-1.570796326795,23.));
#5213 = CARTESIAN_POINT('',(0.,23.));
#5214 = ( GEOMETRIC_REPRESENTATION_CONTEXT(2) 
PARAMETRIC_REPRESENTATION_CONTEXT() REPRESENTATION_CONTEXT('2D SPACE',''
  ) );
#5215 = PCURVE('',#4156,#5216);
#5216 = DEFINITIONAL_REPRESENTATION('',(#5217),#5220);
#5217 = B_SPLINE_CURVE_WITH_KNOTS('',1,(#5218,#5219),.UNSPECIFIED.,.F.,
  .F.,(2,2),(4.712388980385,6.28318530718),.PIECEWISE_BEZIER_KNOTS.);
#5218 = CARTESIAN_POINT('',(1.570796326795,-1.570796326795));
#5219 = CARTESIAN_POINT('',(1.570796326795,0.));
#5220 = ( GEOMETRIC_REPRESENTATION_CONTEXT(2) 
PARAMETRIC_REPRESENTATION_CONTEXT() REPRESENTATION_CONTEXT('2D SPACE',''
  ) );
#5221 = ORIENTED_EDGE('',*,*,#2953,.F.);
#5222 = ADVANCED_FACE('',(#5223),#3076,.T.);
#5223 = FACE_BOUND('',#5224,.T.);
#5224 = EDGE_LOOP('',(#5225,#5247,#5275,#5367,#5388,#5408));
#5225 = ORIENTED_EDGE('',*,*,#5226,.F.);
#5226 = EDGE_CURVE('',#5227,#3059,#5229,.T.);
#5227 = VERTEX_POINT('',#5228);
#5228 = CARTESIAN_POINT('',(-16.54422863406,-10.65577136594,0.));
#5229 = SURFACE_CURVE('',#5230,(#5235,#5241),.PCURVE_S1.);
#5230 = CIRCLE('',#5231,5.);
#5231 = AXIS2_PLACEMENT_3D('',#5232,#5233,#5234);
#5232 = CARTESIAN_POINT('',(-16.54422863406,-10.65577136594,5.));
#5233 = DIRECTION('',(0.5,0.866025403784,-0.));
#5234 = DIRECTION('',(-0.866025403784,0.5,0.));
#5235 = PCURVE('',#3076,#5236);
#5236 = DEFINITIONAL_REPRESENTATION('',(#5237),#5240);
#5237 = B_SPLINE_CURVE_WITH_KNOTS('',1,(#5238,#5239),.UNSPECIFIED.,.F.,
  .F.,(2,2),(4.712388980385,6.28318530718),.PIECEWISE_BEZIER_KNOTS.);
#5238 = CARTESIAN_POINT('',(1.570796326795,5.));
#5239 = CARTESIAN_POINT('',(0.,5.));
#5240 = ( GEOMETRIC_REPRESENTATION_CONTEXT(2) 
PARAMETRIC_REPRESENTATION_CONTEXT() REPRESENTATION_CONTEXT('2D SPACE',''
  ) );
#5241 = PCURVE('',#4967,#5242);
#5242 = DEFINITIONAL_REPRESENTATION('',(#5243),#5246);
#5243 = B_SPLINE_CURVE_WITH_KNOTS('',1,(#5244,#5245),.UNSPECIFIED.,.F.,
  .F.,(2,2),(4.712388980385,6.28318530718),.PIECEWISE_BEZIER_KNOTS.);
#5244 = CARTESIAN_POINT('',(1.570796326795,-1.570796326795));
#5245 = CARTESIAN_POINT('',(1.570796326795,0.));
#5246 = ( GEOMETRIC_REPRESENTATION_CONTEXT(2) 
PARAMETRIC_REPRESENTATION_CONTEXT() REPRESENTATION_CONTEXT('2D SPACE',''
  ) );
#5247 = ORIENTED_EDGE('',*,*,#5248,.T.);
#5248 = EDGE_CURVE('',#5227,#5249,#5251,.T.);
#5249 = VERTEX_POINT('',#5250);
#5250 = CARTESIAN_POINT('',(-17.83866706079,-12.89780448831,
    -8.881784197001E-16));
#5251 = SURFACE_CURVE('',#5252,(#5256,#5263),.PCURVE_S1.);
#5252 = LINE('',#5253,#5254);
#5253 = CARTESIAN_POINT('',(-14.04422863406,-6.325644347018,
    -8.881784197001E-16));
#5254 = VECTOR('',#5255,1.);
#5255 = DIRECTION('',(-0.5,-0.866025403784,0.));
#5256 = PCURVE('',#3076,#5257);
#5257 = DEFINITIONAL_REPRESENTATION('',(#5258),#5262);
#5258 = LINE('',#5259,#5260);
#5259 = CARTESIAN_POINT('',(1.570796326795,0.));
#5260 = VECTOR('',#5261,1.);
#5261 = DIRECTION('',(0.,1.));
#5262 = ( GEOMETRIC_REPRESENTATION_CONTEXT(2) 
PARAMETRIC_REPRESENTATION_CONTEXT() REPRESENTATION_CONTEXT('2D SPACE',''
  ) );
#5263 = PCURVE('',#5264,#5269);
#5264 = PLANE('',#5265);
#5265 = AXIS2_PLACEMENT_3D('',#5266,#5267,#5268);
#5266 = CARTESIAN_POINT('',(-18.37435565298,-3.825644347018,0.));
#5267 = DIRECTION('',(0.,0.,1.));
#5268 = DIRECTION('',(-0.5,-0.866025403784,0.));
#5269 = DEFINITIONAL_REPRESENTATION('',(#5270),#5274);
#5270 = LINE('',#5271,#5272);
#5271 = CARTESIAN_POINT('',(0.,5.));
#5272 = VECTOR('',#5273,1.);
#5273 = DIRECTION('',(1.,0.));
#5274 = ( GEOMETRIC_REPRESENTATION_CONTEXT(2) 
PARAMETRIC_REPRESENTATION_CONTEXT() REPRESENTATION_CONTEXT('2D SPACE',''
  ) );
#5275 = ORIENTED_EDGE('',*,*,#5276,.T.);
#5276 = EDGE_CURVE('',#5249,#5277,#5279,.T.);
#5277 = VERTEX_POINT('',#5278);
#5278 = CARTESIAN_POINT('',(-24.24979020732,-24.00219551168,
    -8.881784197001E-16));
#5279 = SURFACE_CURVE('',#5280,(#5307,#5337),.PCURVE_S1.);
#5280 = B_SPLINE_CURVE_WITH_KNOTS('',7,(#5281,#5282,#5283,#5284,#5285,
    #5286,#5287,#5288,#5289,#5290,#5291,#5292,#5293,#5294,#5295,#5296,
    #5297,#5298,#5299,#5300,#5301,#5302,#5303,#5304,#5305,#5306),
  .UNSPECIFIED.,.F.,.F.,(8,6,6,6,8),(0.,0.252197375654,0.500001861482,
    0.746815992881,1.),.UNSPECIFIED.);
#5281 = CARTESIAN_POINT('',(-17.83866706079,-12.89780448831,
    -8.881784197001E-16));
#5282 = CARTESIAN_POINT('',(-18.31478395207,-13.11514426185,
    -9.494548568219E-16));
#5283 = CARTESIAN_POINT('',(-18.7718454739,-13.35557749236,
    2.15149659867E-02));
#5284 = CARTESIAN_POINT('',(-19.20879789235,-13.61692892499,
    5.739402125907E-02));
#5285 = CARTESIAN_POINT('',(-19.62541757259,-13.89728846951,
    0.102116536719));
#5286 = CARTESIAN_POINT('',(-20.02197083251,-14.19526449908,
    0.151176657368));
#5287 = CARTESIAN_POINT('',(-20.39895167013,-14.51004547963,
    0.200864954833));
#5288 = CARTESIAN_POINT('',(-21.10846639474,-15.16690070217,
    0.294489973649));
#5289 = CARTESIAN_POINT('',(-21.44179450261,-15.50852836612,
    0.338529802088));
#5290 = CARTESIAN_POINT('',(-21.75629072179,-15.8651376714,
    0.377150668277));
#5291 = CARTESIAN_POINT('',(-22.05159099627,-16.23576196026,
    0.407890930454));
#5292 = CARTESIAN_POINT('',(-22.32743922872,-16.61963664409,
    0.428997189194));
#5293 = CARTESIAN_POINT('',(-22.58356236497,-17.01620423174,
    0.439572388471));
#5294 = CARTESIAN_POINT('',(-23.05465580771,-17.83216200969,
    0.439572388471));
#5295 = CARTESIAN_POINT('',(-23.26925553021,-18.25053500409,
    0.429081550355));
#5296 = CARTESIAN_POINT('',(-23.46316802935,-18.67956304704,
    0.408143108171));
#5297 = CARTESIAN_POINT('',(-23.63605051451,-19.11873520563,
    0.377639999779));
#5298 = CARTESIAN_POINT('',(-23.78737590648,-19.5674530913,
    0.339298197112));
#5299 = CARTESIAN_POINT('',(-23.91649798442,-20.0249268449,
    0.295542316241));
#5300 = CARTESIAN_POINT('',(-24.13170390804,-20.96741109585,
    0.202035148642));
#5301 = CARTESIAN_POINT('',(-24.21663164897,-21.45300589363,
    0.152140292143));
#5302 = CARTESIAN_POINT('',(-24.27704349334,-21.94721927381,
    0.102819245194));
#5303 = CARTESIAN_POINT('',(-24.31198214581,-22.45007567852,
    5.781668387405E-02));
#5304 = CARTESIAN_POINT('',(-24.32009521064,-22.96110749789,
    2.16838789878E-02));
#5305 = CARTESIAN_POINT('',(-24.29982214933,-23.47915501244,
    -8.170543407572E-16));
#5306 = CARTESIAN_POINT('',(-24.24979020732,-24.00219551168,
    -8.881784197001E-16));
#5307 = PCURVE('',#3076,#5308);
#5308 = DEFINITIONAL_REPRESENTATION('',(#5309),#5336);
#5309 = B_SPLINE_CURVE_WITH_KNOTS('',7,(#5310,#5311,#5312,#5313,#5314,
    #5315,#5316,#5317,#5318,#5319,#5320,#5321,#5322,#5323,#5324,#5325,
    #5326,#5327,#5328,#5329,#5330,#5331,#5332,#5333,#5334,#5335),
  .UNSPECIFIED.,.F.,.F.,(8,6,6,6,8),(0.,0.252197375654,0.500001861482,
    0.746815992881,1.),.UNSPECIFIED.);
#5310 = CARTESIAN_POINT('',(1.570796326795,7.588876853468));
#5311 = CARTESIAN_POINT('',(1.510064439546,8.015157064244));
#5312 = CARTESIAN_POINT('',(1.454942297846,8.451909110702));
#5313 = CARTESIAN_POINT('',(1.405029699023,8.896722299896));
#5314 = CARTESIAN_POINT('',(1.360109908643,9.347830627757));
#5315 = CARTESIAN_POINT('',(1.320053462474,9.804162069053));
#5316 = CARTESIAN_POINT('',(1.284823114937,10.265260813648));
#5317 = CARTESIAN_POINT('',(1.22463045784,11.188871485282));
#5318 = CARTESIAN_POINT('',(1.199488637197,11.651393774834));
#5319 = CARTESIAN_POINT('',(1.179164382694,12.117474602022));
#5320 = CARTESIAN_POINT('',(1.163796811157,12.586094788674));
#5321 = CARTESIAN_POINT('',(1.153500859129,13.056464132962));
#5322 = CARTESIAN_POINT('',(1.148342264608,13.527963306313));
#5323 = CARTESIAN_POINT('',(1.148342264608,14.4701501918));
#5324 = CARTESIAN_POINT('',(1.153459708717,14.939771694459));
#5325 = CARTESIAN_POINT('',(1.163673791447,15.408277128159));
#5326 = CARTESIAN_POINT('',(1.178919773903,15.875052616713));
#5327 = CARTESIAN_POINT('',(1.199084381148,16.33931640082));
#5328 = CARTESIAN_POINT('',(1.224030171115,16.800061331971));
#5329 = CARTESIAN_POINT('',(1.283994678959,17.723879597773));
#5330 = CARTESIAN_POINT('',(1.319268037376,18.186880899064));
#5331 = CARTESIAN_POINT('',(1.359405225589,18.645088163373));
#5332 = CARTESIAN_POINT('',(1.404442628053,19.098043910532));
#5333 = CARTESIAN_POINT('',(1.454510252292,19.544666980666));
#5334 = CARTESIAN_POINT('',(1.509826490315,19.983172757986));
#5335 = CARTESIAN_POINT('',(1.570796326795,20.411123146532));
#5336 = ( GEOMETRIC_REPRESENTATION_CONTEXT(2) 
PARAMETRIC_REPRESENTATION_CONTEXT() REPRESENTATION_CONTEXT('2D SPACE',''
  ) );
#5337 = PCURVE('',#4035,#5338);
#5338 = DEFINITIONAL_REPRESENTATION('',(#5339),#5366);
#5339 = B_SPLINE_CURVE_WITH_KNOTS('',7,(#5340,#5341,#5342,#5343,#5344,
    #5345,#5346,#5347,#5348,#5349,#5350,#5351,#5352,#5353,#5354,#5355,
    #5356,#5357,#5358,#5359,#5360,#5361,#5362,#5363,#5364,#5365),
  .UNSPECIFIED.,.F.,.F.,(8,6,6,6,8),(0.,0.252197375654,0.500001861482,
    0.746815992881,1.),.UNSPECIFIED.);
#5340 = CARTESIAN_POINT('',(4.093424404358,1.));
#5341 = CARTESIAN_POINT('',(4.140788872222,1.));
#5342 = CARTESIAN_POINT('',(4.187452447251,1.021514965987));
#5343 = CARTESIAN_POINT('',(4.23342022698,1.057394021259));
#5344 = CARTESIAN_POINT('',(4.278752299272,1.102116536719));
#5345 = CARTESIAN_POINT('',(4.323546662087,1.151176657368));
#5346 = CARTESIAN_POINT('',(4.367934034954,1.200864954833));
#5347 = CARTESIAN_POINT('',(4.455435095517,1.294489973649));
#5348 = CARTESIAN_POINT('',(4.498574079557,1.338529802088));
#5349 = CARTESIAN_POINT('',(4.541516723733,1.377150668277));
#5350 = CARTESIAN_POINT('',(4.584306420469,1.407890930454));
#5351 = CARTESIAN_POINT('',(4.627001121744,1.428997189194));
#5352 = CARTESIAN_POINT('',(4.669670727562,1.439572388471));
#5353 = CARTESIAN_POINT('',(4.754936509054,1.439572388471));
#5354 = CARTESIAN_POINT('',(4.797436190011,1.429081550355));
#5355 = CARTESIAN_POINT('',(4.83996069064,1.408143108171));
#5356 = CARTESIAN_POINT('',(4.882578917946,1.377639999779));
#5357 = CARTESIAN_POINT('',(4.925348019859,1.339298197112));
#5358 = CARTESIAN_POINT('',(4.968310780952,1.295542316241));
#5359 = CARTESIAN_POINT('',(5.055798747481,1.202035148642));
#5360 = CARTESIAN_POINT('',(5.100352222367,1.152140292143));
#5361 = CARTESIAN_POINT('',(5.14531417119,1.102819245194));
#5362 = CARTESIAN_POINT('',(5.190816916529,1.057816683874));
#5363 = CARTESIAN_POINT('',(5.236959717792,1.021683878988));
#5364 = CARTESIAN_POINT('',(5.283803513239,1.));
#5365 = CARTESIAN_POINT('',(5.331353556411,1.));
#5366 = ( GEOMETRIC_REPRESENTATION_CONTEXT(2) 
PARAMETRIC_REPRESENTATION_CONTEXT() REPRESENTATION_CONTEXT('2D SPACE',''
  ) );
#5367 = ORIENTED_EDGE('',*,*,#5368,.T.);
#5368 = EDGE_CURVE('',#5277,#3948,#5369,.T.);
#5369 = SURFACE_CURVE('',#5370,(#5374,#5381),.PCURVE_S1.);
#5370 = LINE('',#5371,#5372);
#5371 = CARTESIAN_POINT('',(-14.04422863406,-6.325644347018,
    -8.881784197001E-16));
#5372 = VECTOR('',#5373,1.);
#5373 = DIRECTION('',(-0.5,-0.866025403784,0.));
#5374 = PCURVE('',#3076,#5375);
#5375 = DEFINITIONAL_REPRESENTATION('',(#5376),#5380);
#5376 = LINE('',#5377,#5378);
#5377 = CARTESIAN_POINT('',(1.570796326795,0.));
#5378 = VECTOR('',#5379,1.);
#5379 = DIRECTION('',(0.,1.));
#5380 = ( GEOMETRIC_REPRESENTATION_CONTEXT(2) 
PARAMETRIC_REPRESENTATION_CONTEXT() REPRESENTATION_CONTEXT('2D SPACE',''
  ) );
#5381 = PCURVE('',#3985,#5382);
#5382 = DEFINITIONAL_REPRESENTATION('',(#5383),#5387);
#5383 = LINE('',#5384,#5385);
#5384 = CARTESIAN_POINT('',(0.,5.));
#5385 = VECTOR('',#5386,1.);
#5386 = DIRECTION('',(1.,0.));
#5387 = ( GEOMETRIC_REPRESENTATION_CONTEXT(2) 
PARAMETRIC_REPRESENTATION_CONTEXT() REPRESENTATION_CONTEXT('2D SPACE',''
  ) );
#5388 = ORIENTED_EDGE('',*,*,#5389,.T.);
#5389 = EDGE_CURVE('',#3948,#3061,#5390,.T.);
#5390 = SURFACE_CURVE('',#5391,(#5396,#5402),.PCURVE_S1.);
#5391 = CIRCLE('',#5392,5.);
#5392 = AXIS2_PLACEMENT_3D('',#5393,#5394,#5395);
#5393 = CARTESIAN_POINT('',(-25.54422863406,-26.24422863406,5.));
#5394 = DIRECTION('',(0.5,0.866025403784,-0.));
#5395 = DIRECTION('',(-0.866025403784,0.5,0.));
#5396 = PCURVE('',#3076,#5397);
#5397 = DEFINITIONAL_REPRESENTATION('',(#5398),#5401);
#5398 = B_SPLINE_CURVE_WITH_KNOTS('',1,(#5399,#5400),.UNSPECIFIED.,.F.,
  .F.,(2,2),(4.712388980385,6.28318530718),.PIECEWISE_BEZIER_KNOTS.);
#5399 = CARTESIAN_POINT('',(1.570796326795,23.));
#5400 = CARTESIAN_POINT('',(0.,23.));
#5401 = ( GEOMETRIC_REPRESENTATION_CONTEXT(2) 
PARAMETRIC_REPRESENTATION_CONTEXT() REPRESENTATION_CONTEXT('2D SPACE',''
  ) );
#5402 = PCURVE('',#3930,#5403);
#5403 = DEFINITIONAL_REPRESENTATION('',(#5404),#5407);
#5404 = B_SPLINE_CURVE_WITH_KNOTS('',1,(#5405,#5406),.UNSPECIFIED.,.F.,
  .F.,(2,2),(4.712388980385,6.28318530718),.PIECEWISE_BEZIER_KNOTS.);
#5405 = CARTESIAN_POINT('',(-1.570796326795,-1.570796326795));
#5406 = CARTESIAN_POINT('',(-1.570796326795,0.));
#5407 = ( GEOMETRIC_REPRESENTATION_CONTEXT(2) 
PARAMETRIC_REPRESENTATION_CONTEXT() REPRESENTATION_CONTEXT('2D SPACE',''
  ) );
#5408 = ORIENTED_EDGE('',*,*,#3058,.F.);
#5409 = ADVANCED_FACE('',(#5410),#3154,.T.);
#5410 = FACE_BOUND('',#5411,.F.);
#5411 = EDGE_LOOP('',(#5412,#5434,#5462,#5559,#5587,#5612));
#5412 = ORIENTED_EDGE('',*,*,#5413,.F.);
#5413 = EDGE_CURVE('',#5414,#3137,#5416,.T.);
#5414 = VERTEX_POINT('',#5415);
#5415 = CARTESIAN_POINT('',(-16.54422863406,10.65577136594,0.));
#5416 = SURFACE_CURVE('',#5417,(#5422,#5428),.PCURVE_S1.);
#5417 = CIRCLE('',#5418,5.);
#5418 = AXIS2_PLACEMENT_3D('',#5419,#5420,#5421);
#5419 = CARTESIAN_POINT('',(-16.54422863406,10.65577136594,5.));
#5420 = DIRECTION('',(-0.5,0.866025403784,0.));
#5421 = DIRECTION('',(-0.866025403784,-0.5,0.));
#5422 = PCURVE('',#3154,#5423);
#5423 = DEFINITIONAL_REPRESENTATION('',(#5424),#5427);
#5424 = B_SPLINE_CURVE_WITH_KNOTS('',1,(#5425,#5426),.UNSPECIFIED.,.F.,
  .F.,(2,2),(4.712388980385,6.28318530718),.PIECEWISE_BEZIER_KNOTS.);
#5425 = CARTESIAN_POINT('',(-1.570796326795,5.));
#5426 = CARTESIAN_POINT('',(0.,5.));
#5427 = ( GEOMETRIC_REPRESENTATION_CONTEXT(2) 
PARAMETRIC_REPRESENTATION_CONTEXT() REPRESENTATION_CONTEXT('2D SPACE',''
  ) );
#5428 = PCURVE('',#4825,#5429);
#5429 = DEFINITIONAL_REPRESENTATION('',(#5430),#5433);
#5430 = B_SPLINE_CURVE_WITH_KNOTS('',1,(#5431,#5432),.UNSPECIFIED.,.F.,
  .F.,(2,2),(4.712388980385,6.28318530718),.PIECEWISE_BEZIER_KNOTS.);
#5431 = CARTESIAN_POINT('',(-1.570796326795,-1.570796326795));
#5432 = CARTESIAN_POINT('',(-1.570796326795,0.));
#5433 = ( GEOMETRIC_REPRESENTATION_CONTEXT(2) 
PARAMETRIC_REPRESENTATION_CONTEXT() REPRESENTATION_CONTEXT('2D SPACE',''
  ) );
#5434 = ORIENTED_EDGE('',*,*,#5435,.T.);
#5435 = EDGE_CURVE('',#5414,#5436,#5438,.T.);
#5436 = VERTEX_POINT('',#5437);
#5437 = CARTESIAN_POINT('',(-17.83866706079,12.897804488313,
    -8.881784197001E-16));
#5438 = SURFACE_CURVE('',#5439,(#5443,#5450),.PCURVE_S1.);
#5439 = LINE('',#5440,#5441);
#5440 = CARTESIAN_POINT('',(-14.04422863406,6.325644347018,
    -8.881784197001E-16));
#5441 = VECTOR('',#5442,1.);
#5442 = DIRECTION('',(-0.5,0.866025403784,0.));
#5443 = PCURVE('',#3154,#5444);
#5444 = DEFINITIONAL_REPRESENTATION('',(#5445),#5449);
#5445 = LINE('',#5446,#5447);
#5446 = CARTESIAN_POINT('',(-1.570796326795,0.));
#5447 = VECTOR('',#5448,1.);
#5448 = DIRECTION('',(-0.,1.));
#5449 = ( GEOMETRIC_REPRESENTATION_CONTEXT(2) 
PARAMETRIC_REPRESENTATION_CONTEXT() REPRESENTATION_CONTEXT('2D SPACE',''
  ) );
#5450 = PCURVE('',#5451,#5456);
#5451 = PLANE('',#5452);
#5452 = AXIS2_PLACEMENT_3D('',#5453,#5454,#5455);
#5453 = CARTESIAN_POINT('',(5.874355652982,17.825644347018,0.));
#5454 = DIRECTION('',(0.,0.,1.));
#5455 = DIRECTION('',(-0.5,0.866025403784,0.));
#5456 = DEFINITIONAL_REPRESENTATION('',(#5457),#5461);
#5457 = LINE('',#5458,#5459);
#5458 = CARTESIAN_POINT('',(1.7763568394E-15,23.));
#5459 = VECTOR('',#5460,1.);
#5460 = DIRECTION('',(1.,0.));
#5461 = ( GEOMETRIC_REPRESENTATION_CONTEXT(2) 
PARAMETRIC_REPRESENTATION_CONTEXT() REPRESENTATION_CONTEXT('2D SPACE',''
  ) );
#5462 = ORIENTED_EDGE('',*,*,#5463,.F.);
#5463 = EDGE_CURVE('',#5464,#5436,#5466,.T.);
#5464 = VERTEX_POINT('',#5465);
#5465 = CARTESIAN_POINT('',(-24.24979020732,24.002195511687,
    -8.881784197001E-16));
#5466 = SURFACE_CURVE('',#5467,(#5494,#5524),.PCURVE_S1.);
#5467 = B_SPLINE_CURVE_WITH_KNOTS('',7,(#5468,#5469,#5470,#5471,#5472,
    #5473,#5474,#5475,#5476,#5477,#5478,#5479,#5480,#5481,#5482,#5483,
    #5484,#5485,#5486,#5487,#5488,#5489,#5490,#5491,#5492,#5493),
  .UNSPECIFIED.,.F.,.F.,(8,6,6,6,8),(0.,0.252197372138,0.500001857164,
    0.746815990704,1.),.UNSPECIFIED.);
#5468 = CARTESIAN_POINT('',(-24.24979020732,24.002195511687,
    -1.33226762955E-15));
#5469 = CARTESIAN_POINT('',(-24.29962688782,23.481196301884,
    -1.403114129929E-15));
#5470 = CARTESIAN_POINT('',(-24.3199363632,22.965152797641,
    2.151496598843E-02));
#5471 = CARTESIAN_POINT('',(-24.31207559245,22.456065186735,
    5.739402125622E-02));
#5472 = CARTESIAN_POINT('',(-24.27758694484,21.955082187652,
    0.102116536718));
#5473 = CARTESIAN_POINT('',(-24.21780876345,21.462668975771,
    0.151176657372));
#5474 = CARTESIAN_POINT('',(-24.13369085649,20.978803503441,
    0.200864954831));
#5475 = CARTESIAN_POINT('',(-23.91959490832,20.035918111247,
    0.294489974149));
#5476 = CARTESIAN_POINT('',(-23.79040073008,19.576433687458,
    0.338529800684));
#5477 = CARTESIAN_POINT('',(-23.63881612032,19.125767298491,
    0.377150669899));
#5478 = CARTESIAN_POINT('',(-23.46549620152,18.684717618146,
    0.407890929598));
#5479 = CARTESIAN_POINT('',(-23.27097510269,18.253888715421,
    0.428997189358));
#5480 = CARTESIAN_POINT('',(-23.05559905585,17.833795763383,
    0.439572388471));
#5481 = CARTESIAN_POINT('',(-22.58450561591,17.017837990308,
    0.439572388471));
#5482 = CARTESIAN_POINT('',(-22.32948383575,16.62280268178,
    0.429081550355));
#5483 = CARTESIAN_POINT('',(-22.05489090119,16.24035550993,
    0.408143108171));
#5484 = CARTESIAN_POINT('',(-21.7609978978,15.871048806627,
    0.377639999779));
#5485 = CARTESIAN_POINT('',(-21.44805950566,15.515638230106,
    0.339298197112));
#5486 = CARTESIAN_POINT('',(-21.11643665245,15.175078353618,
    0.295542316241));
#5487 = CARTESIAN_POINT('',(-20.40782431029,14.517462431272,
    0.202035148646));
#5488 = CARTESIAN_POINT('',(-20.02975074987,14.201115451176,
    0.152140292137));
#5489 = CARTESIAN_POINT('',(-19.63195532996,13.901690569232,
    0.102819245195));
#5490 = CARTESIAN_POINT('',(-19.2139382353,13.620004606274,
    5.781668387827E-02));
#5491 = CARTESIAN_POINT('',(-18.77542822998,13.357462576327,
    2.168387898573E-02));
#5492 = CARTESIAN_POINT('',(-18.31664939132,13.115995805146,
    -1.516817189284E-15));
#5493 = CARTESIAN_POINT('',(-17.83866706079,12.897804488313,
    -1.33226762955E-15));
#5494 = PCURVE('',#3154,#5495);
#5495 = DEFINITIONAL_REPRESENTATION('',(#5496),#5523);
#5496 = B_SPLINE_CURVE_WITH_KNOTS('',7,(#5497,#5498,#5499,#5500,#5501,
    #5502,#5503,#5504,#5505,#5506,#5507,#5508,#5509,#5510,#5511,#5512,
    #5513,#5514,#5515,#5516,#5517,#5518,#5519,#5520,#5521,#5522),
  .UNSPECIFIED.,.F.,.F.,(8,6,6,6,8),(0.,0.252197372138,0.500001857164,
    0.746815990704,1.),.UNSPECIFIED.);
#5497 = CARTESIAN_POINT('',(-1.570796326795,20.411123146532));
#5498 = CARTESIAN_POINT('',(-1.510064439544,19.984842935742));
#5499 = CARTESIAN_POINT('',(-1.454942297846,19.548090889298));
#5500 = CARTESIAN_POINT('',(-1.405029699026,19.103277700124));
#5501 = CARTESIAN_POINT('',(-1.360109908642,18.652169372252));
#5502 = CARTESIAN_POINT('',(-1.320053462472,18.195837930909));
#5503 = CARTESIAN_POINT('',(-1.284823114938,17.734739186376));
#5504 = CARTESIAN_POINT('',(-1.224630457519,16.811128509794));
#5505 = CARTESIAN_POINT('',(-1.199488638081,16.348606237029));
#5506 = CARTESIAN_POINT('',(-1.179164381671,15.882525390672));
#5507 = CARTESIAN_POINT('',(-1.163796811715,15.41390520376));
#5508 = CARTESIAN_POINT('',(-1.153500859011,14.943535879902));
#5509 = CARTESIAN_POINT('',(-1.148342264608,14.472036688066));
#5510 = CARTESIAN_POINT('',(-1.148342264608,13.529849808201));
#5511 = CARTESIAN_POINT('',(-1.153459708717,13.060228305543));
#5512 = CARTESIAN_POINT('',(-1.163673791447,12.591722871834));
#5513 = CARTESIAN_POINT('',(-1.178919773903,12.124947383293));
#5514 = CARTESIAN_POINT('',(-1.199084381148,11.660683599179));
#5515 = CARTESIAN_POINT('',(-1.224030171115,11.199938668029));
#5516 = CARTESIAN_POINT('',(-1.283994678956,10.276120402262));
#5517 = CARTESIAN_POINT('',(-1.319268037379,9.813119100878));
#5518 = CARTESIAN_POINT('',(-1.359405225591,9.354911836636));
#5519 = CARTESIAN_POINT('',(-1.404442628049,8.901956089497));
#5520 = CARTESIAN_POINT('',(-1.454510252292,8.455333019337));
#5521 = CARTESIAN_POINT('',(-1.509826490318,8.016827241998));
#5522 = CARTESIAN_POINT('',(-1.570796326795,7.588876853468));
#5523 = ( GEOMETRIC_REPRESENTATION_CONTEXT(2) 
PARAMETRIC_REPRESENTATION_CONTEXT() REPRESENTATION_CONTEXT('2D SPACE',''
  ) );
#5524 = PCURVE('',#5525,#5530);
#5525 = CYLINDRICAL_SURFACE('',#5526,11.05);
#5526 = AXIS2_PLACEMENT_3D('',#5527,#5528,#5529);
#5527 = CARTESIAN_POINT('',(-13.25,22.95,-1.));
#5528 = DIRECTION('',(0.,0.,1.));
#5529 = DIRECTION('',(-0.5,0.866025403784,0.));
#5530 = DEFINITIONAL_REPRESENTATION('',(#5531),#5558);
#5531 = B_SPLINE_CURVE_WITH_KNOTS('',7,(#5532,#5533,#5534,#5535,#5536,
    #5537,#5538,#5539,#5540,#5541,#5542,#5543,#5544,#5545,#5546,#5547,
    #5548,#5549,#5550,#5551,#5552,#5553,#5554,#5555,#5556,#5557),
  .UNSPECIFIED.,.F.,.F.,(8,6,6,6,8),(0.,0.252197372138,0.500001857164,
    0.746815990704,1.),.UNSPECIFIED.);
#5532 = CARTESIAN_POINT('',(0.951831750768,1.));
#5533 = CARTESIAN_POINT('',(0.999196218634,1.));
#5534 = CARTESIAN_POINT('',(1.045859793661,1.021514965988));
#5535 = CARTESIAN_POINT('',(1.091827573388,1.057394021256));
#5536 = CARTESIAN_POINT('',(1.137159645682,1.102116536718));
#5537 = CARTESIAN_POINT('',(1.1819540085,1.151176657372));
#5538 = CARTESIAN_POINT('',(1.226341381361,1.200864954831));
#5539 = CARTESIAN_POINT('',(1.313842442394,1.294489974149));
#5540 = CARTESIAN_POINT('',(1.356981424839,1.338529800684));
#5541 = CARTESIAN_POINT('',(1.399924070868,1.377150669899));
#5542 = CARTESIAN_POINT('',(1.442713767527,1.407890929598));
#5543 = CARTESIAN_POINT('',(1.485408466999,1.428997189358));
#5544 = CARTESIAN_POINT('',(1.528078074481,1.439572388471));
#5545 = CARTESIAN_POINT('',(1.613343855465,1.439572388471));
#5546 = CARTESIAN_POINT('',(1.655843536421,1.429081550355));
#5547 = CARTESIAN_POINT('',(1.698368037051,1.408143108171));
#5548 = CARTESIAN_POINT('',(1.740986264356,1.377639999779));
#5549 = CARTESIAN_POINT('',(1.783755366269,1.339298197112));
#5550 = CARTESIAN_POINT('',(1.826718127362,1.295542316241));
#5551 = CARTESIAN_POINT('',(1.914206093888,1.202035148646));
#5552 = CARTESIAN_POINT('',(1.958759568783,1.152140292137));
#5553 = CARTESIAN_POINT('',(2.0037215176,1.102819245195));
#5554 = CARTESIAN_POINT('',(2.049224262937,1.057816683878));
#5555 = CARTESIAN_POINT('',(2.095367064201,1.021683878986));
#5556 = CARTESIAN_POINT('',(2.142210859651,1.));
#5557 = CARTESIAN_POINT('',(2.189760902821,1.));
#5558 = ( GEOMETRIC_REPRESENTATION_CONTEXT(2) 
PARAMETRIC_REPRESENTATION_CONTEXT() REPRESENTATION_CONTEXT('2D SPACE',''
  ) );
#5559 = ORIENTED_EDGE('',*,*,#5560,.T.);
#5560 = EDGE_CURVE('',#5464,#5561,#5563,.T.);
#5561 = VERTEX_POINT('',#5562);
#5562 = CARTESIAN_POINT('',(-25.54422863406,26.24422863406,0.));
#5563 = SURFACE_CURVE('',#5564,(#5568,#5575),.PCURVE_S1.);
#5564 = LINE('',#5565,#5566);
#5565 = CARTESIAN_POINT('',(-14.04422863406,6.325644347018,
    -8.881784197001E-16));
#5566 = VECTOR('',#5567,1.);
#5567 = DIRECTION('',(-0.5,0.866025403784,0.));
#5568 = PCURVE('',#3154,#5569);
#5569 = DEFINITIONAL_REPRESENTATION('',(#5570),#5574);
#5570 = LINE('',#5571,#5572);
#5571 = CARTESIAN_POINT('',(-1.570796326795,0.));
#5572 = VECTOR('',#5573,1.);
#5573 = DIRECTION('',(-0.,1.));
#5574 = ( GEOMETRIC_REPRESENTATION_CONTEXT(2) 
PARAMETRIC_REPRESENTATION_CONTEXT() REPRESENTATION_CONTEXT('2D SPACE',''
  ) );
#5575 = PCURVE('',#5576,#5581);
#5576 = PLANE('',#5577);
#5577 = AXIS2_PLACEMENT_3D('',#5578,#5579,#5580);
#5578 = CARTESIAN_POINT('',(5.874355652982,17.825644347018,0.));
#5579 = DIRECTION('',(0.,0.,1.));
#5580 = DIRECTION('',(-0.5,0.866025403784,0.));
#5581 = DEFINITIONAL_REPRESENTATION('',(#5582),#5586);
#5582 = LINE('',#5583,#5584);
#5583 = CARTESIAN_POINT('',(1.7763568394E-15,23.));
#5584 = VECTOR('',#5585,1.);
#5585 = DIRECTION('',(1.,0.));
#5586 = ( GEOMETRIC_REPRESENTATION_CONTEXT(2) 
PARAMETRIC_REPRESENTATION_CONTEXT() REPRESENTATION_CONTEXT('2D SPACE',''
  ) );
#5587 = ORIENTED_EDGE('',*,*,#5588,.T.);
#5588 = EDGE_CURVE('',#5561,#3139,#5589,.T.);
#5589 = SURFACE_CURVE('',#5590,(#5595,#5601),.PCURVE_S1.);
#5590 = CIRCLE('',#5591,5.);
#5591 = AXIS2_PLACEMENT_3D('',#5592,#5593,#5594);
#5592 = CARTESIAN_POINT('',(-25.54422863406,26.24422863406,5.));
#5593 = DIRECTION('',(-0.5,0.866025403784,0.));
#5594 = DIRECTION('',(-0.866025403784,-0.5,0.));
#5595 = PCURVE('',#3154,#5596);
#5596 = DEFINITIONAL_REPRESENTATION('',(#5597),#5600);
#5597 = B_SPLINE_CURVE_WITH_KNOTS('',1,(#5598,#5599),.UNSPECIFIED.,.F.,
  .F.,(2,2),(4.712388980385,6.28318530718),.PIECEWISE_BEZIER_KNOTS.);
#5598 = CARTESIAN_POINT('',(-1.570796326795,23.));
#5599 = CARTESIAN_POINT('',(0.,23.));
#5600 = ( GEOMETRIC_REPRESENTATION_CONTEXT(2) 
PARAMETRIC_REPRESENTATION_CONTEXT() REPRESENTATION_CONTEXT('2D SPACE',''
  ) );
#5601 = PCURVE('',#5602,#5607);
#5602 = SPHERICAL_SURFACE('',#5603,5.);
#5603 = AXIS2_PLACEMENT_3D('',#5604,#5605,#5606);
#5604 = CARTESIAN_POINT('',(-25.54422863406,26.24422863406,5.));
#5605 = DIRECTION('',(0.,0.,1.));
#5606 = DIRECTION('',(-0.5,0.866025403784,0.));
#5607 = DEFINITIONAL_REPRESENTATION('',(#5608),#5611);
#5608 = B_SPLINE_CURVE_WITH_KNOTS('',1,(#5609,#5610),.UNSPECIFIED.,.F.,
  .F.,(2,2),(4.712388980385,6.28318530718),.PIECEWISE_BEZIER_KNOTS.);
#5609 = CARTESIAN_POINT('',(1.570796326795,-1.570796326795));
#5610 = CARTESIAN_POINT('',(1.570796326795,0.));
#5611 = ( GEOMETRIC_REPRESENTATION_CONTEXT(2) 
PARAMETRIC_REPRESENTATION_CONTEXT() REPRESENTATION_CONTEXT('2D SPACE',''
  ) );
#5612 = ORIENTED_EDGE('',*,*,#3136,.F.);
#5613 = ADVANCED_FACE('',(#5614),#3226,.T.);
#5614 = FACE_BOUND('',#5615,.T.);
#5615 = EDGE_LOOP('',(#5616,#5646,#5668,#5669));
#5616 = ORIENTED_EDGE('',*,*,#5617,.F.);
#5617 = EDGE_CURVE('',#5618,#5620,#5622,.T.);
#5618 = VERTEX_POINT('',#5619);
#5619 = CARTESIAN_POINT('',(-28.04422863406,30.574355652982,5.));
#5620 = VERTEX_POINT('',#5621);
#5621 = CARTESIAN_POINT('',(-28.04422863406,30.574355652982,7.));
#5622 = SURFACE_CURVE('',#5623,(#5627,#5634),.PCURVE_S1.);
#5623 = LINE('',#5624,#5625);
#5624 = CARTESIAN_POINT('',(-28.04422863406,30.574355652982,0.));
#5625 = VECTOR('',#5626,1.);
#5626 = DIRECTION('',(0.,0.,1.));
#5627 = PCURVE('',#3226,#5628);
#5628 = DEFINITIONAL_REPRESENTATION('',(#5629),#5633);
#5629 = LINE('',#5630,#5631);
#5630 = CARTESIAN_POINT('',(0.,0.));
#5631 = VECTOR('',#5632,1.);
#5632 = DIRECTION('',(0.,1.));
#5633 = ( GEOMETRIC_REPRESENTATION_CONTEXT(2) 
PARAMETRIC_REPRESENTATION_CONTEXT() REPRESENTATION_CONTEXT('2D SPACE',''
  ) );
#5634 = PCURVE('',#5635,#5640);
#5635 = PLANE('',#5636);
#5636 = AXIS2_PLACEMENT_3D('',#5637,#5638,#5639);
#5637 = CARTESIAN_POINT('',(-8.125644347018,42.074355652982,0.));
#5638 = DIRECTION('',(-0.5,0.866025403784,0.));
#5639 = DIRECTION('',(0.,0.,1.));
#5640 = DEFINITIONAL_REPRESENTATION('',(#5641),#5645);
#5641 = LINE('',#5642,#5643);
#5642 = CARTESIAN_POINT('',(0.,-23.));
#5643 = VECTOR('',#5644,1.);
#5644 = DIRECTION('',(1.,0.));
#5645 = ( GEOMETRIC_REPRESENTATION_CONTEXT(2) 
PARAMETRIC_REPRESENTATION_CONTEXT() REPRESENTATION_CONTEXT('2D SPACE',''
  ) );
#5646 = ORIENTED_EDGE('',*,*,#5647,.T.);
#5647 = EDGE_CURVE('',#5618,#3139,#5648,.T.);
#5648 = SURFACE_CURVE('',#5649,(#5654,#5661),.PCURVE_S1.);
#5649 = CIRCLE('',#5650,5.);
#5650 = AXIS2_PLACEMENT_3D('',#5651,#5652,#5653);
#5651 = CARTESIAN_POINT('',(-25.54422863406,26.24422863406,5.));
#5652 = DIRECTION('',(0.,0.,1.));
#5653 = DIRECTION('',(-0.5,0.866025403784,0.));
#5654 = PCURVE('',#3226,#5655);
#5655 = DEFINITIONAL_REPRESENTATION('',(#5656),#5660);
#5656 = LINE('',#5657,#5658);
#5657 = CARTESIAN_POINT('',(0.,5.));
#5658 = VECTOR('',#5659,1.);
#5659 = DIRECTION('',(1.,0.));
#5660 = ( GEOMETRIC_REPRESENTATION_CONTEXT(2) 
PARAMETRIC_REPRESENTATION_CONTEXT() REPRESENTATION_CONTEXT('2D SPACE',''
  ) );
#5661 = PCURVE('',#5602,#5662);
#5662 = DEFINITIONAL_REPRESENTATION('',(#5663),#5667);
#5663 = LINE('',#5664,#5665);
#5664 = CARTESIAN_POINT('',(0.,0.));
#5665 = VECTOR('',#5666,1.);
#5666 = DIRECTION('',(1.,0.));
#5667 = ( GEOMETRIC_REPRESENTATION_CONTEXT(2) 
PARAMETRIC_REPRESENTATION_CONTEXT() REPRESENTATION_CONTEXT('2D SPACE',''
  ) );
#5668 = ORIENTED_EDGE('',*,*,#3212,.T.);
#5669 = ORIENTED_EDGE('',*,*,#5670,.T.);
#5670 = EDGE_CURVE('',#3190,#5620,#5671,.T.);
#5671 = SURFACE_CURVE('',#5672,(#5677,#5683),.PCURVE_S1.);
#5672 = CIRCLE('',#5673,5.);
#5673 = AXIS2_PLACEMENT_3D('',#5674,#5675,#5676);
#5674 = CARTESIAN_POINT('',(-25.54422863406,26.24422863406,7.));
#5675 = DIRECTION('',(0.,0.,-1.));
#5676 = DIRECTION('',(-0.5,0.866025403784,0.));
#5677 = PCURVE('',#3226,#5678);
#5678 = DEFINITIONAL_REPRESENTATION('',(#5679),#5682);
#5679 = B_SPLINE_CURVE_WITH_KNOTS('',1,(#5680,#5681),.UNSPECIFIED.,.F.,
  .F.,(2,2),(4.712388980385,6.28318530718),.PIECEWISE_BEZIER_KNOTS.);
#5680 = CARTESIAN_POINT('',(1.570796326795,7.));
#5681 = CARTESIAN_POINT('',(0.,7.));
#5682 = ( GEOMETRIC_REPRESENTATION_CONTEXT(2) 
PARAMETRIC_REPRESENTATION_CONTEXT() REPRESENTATION_CONTEXT('2D SPACE',''
  ) );
#5683 = PCURVE('',#3280,#5684);
#5684 = DEFINITIONAL_REPRESENTATION('',(#5685),#5688);
#5685 = B_SPLINE_CURVE_WITH_KNOTS('',1,(#5686,#5687),.UNSPECIFIED.,.F.,
  .F.,(2,2),(4.712388980385,6.28318530718),.PIECEWISE_BEZIER_KNOTS.);
#5686 = CARTESIAN_POINT('',(0.,-1.570796326795));
#5687 = CARTESIAN_POINT('',(0.,0.));
#5688 = ( GEOMETRIC_REPRESENTATION_CONTEXT(2) 
PARAMETRIC_REPRESENTATION_CONTEXT() REPRESENTATION_CONTEXT('2D SPACE',''
  ) );
#5689 = ADVANCED_FACE('',(#5690),#3280,.T.);
#5690 = FACE_BOUND('',#5691,.T.);
#5691 = EDGE_LOOP('',(#5692,#5693,#5694));
#5692 = ORIENTED_EDGE('',*,*,#5670,.F.);
#5693 = ORIENTED_EDGE('',*,*,#3266,.T.);
#5694 = ORIENTED_EDGE('',*,*,#5695,.F.);
#5695 = EDGE_CURVE('',#5620,#3244,#5696,.T.);
#5696 = SURFACE_CURVE('',#5697,(#5702,#5709),.PCURVE_S1.);
#5697 = CIRCLE('',#5698,5.);
#5698 = AXIS2_PLACEMENT_3D('',#5699,#5700,#5701);
#5699 = CARTESIAN_POINT('',(-25.54422863406,26.24422863406,7.));
#5700 = DIRECTION('',(0.866025403784,0.5,-0.));
#5701 = DIRECTION('',(-0.5,0.866025403784,0.));
#5702 = PCURVE('',#3280,#5703);
#5703 = DEFINITIONAL_REPRESENTATION('',(#5704),#5708);
#5704 = LINE('',#5705,#5706);
#5705 = CARTESIAN_POINT('',(0.,0.));
#5706 = VECTOR('',#5707,1.);
#5707 = DIRECTION('',(1.,0.));
#5708 = ( GEOMETRIC_REPRESENTATION_CONTEXT(2) 
PARAMETRIC_REPRESENTATION_CONTEXT() REPRESENTATION_CONTEXT('2D SPACE',''
  ) );
#5709 = PCURVE('',#3332,#5710);
#5710 = DEFINITIONAL_REPRESENTATION('',(#5711),#5715);
#5711 = LINE('',#5712,#5713);
#5712 = CARTESIAN_POINT('',(-0.,23.));
#5713 = VECTOR('',#5714,1.);
#5714 = DIRECTION('',(-1.,0.));
#5715 = ( GEOMETRIC_REPRESENTATION_CONTEXT(2) 
PARAMETRIC_REPRESENTATION_CONTEXT() REPRESENTATION_CONTEXT('2D SPACE',''
  ) );
#5716 = ADVANCED_FACE('',(#5717),#3332,.T.);
#5717 = FACE_BOUND('',#5718,.F.);
#5718 = EDGE_LOOP('',(#5719,#5741,#5742,#5743,#5744,#5745));
#5719 = ORIENTED_EDGE('',*,*,#5720,.F.);
#5720 = EDGE_CURVE('',#3542,#5721,#5723,.T.);
#5721 = VERTEX_POINT('',#5722);
#5722 = CARTESIAN_POINT('',(-12.45577136594,39.574355652982,7.));
#5723 = SURFACE_CURVE('',#5724,(#5729,#5735),.PCURVE_S1.);
#5724 = CIRCLE('',#5725,5.);
#5725 = AXIS2_PLACEMENT_3D('',#5726,#5727,#5728);
#5726 = CARTESIAN_POINT('',(-9.95577136594,35.24422863406,7.));
#5727 = DIRECTION('',(-0.866025403784,-0.5,0.));
#5728 = DIRECTION('',(-0.5,0.866025403784,0.));
#5729 = PCURVE('',#3332,#5730);
#5730 = DEFINITIONAL_REPRESENTATION('',(#5731),#5734);
#5731 = B_SPLINE_CURVE_WITH_KNOTS('',1,(#5732,#5733),.UNSPECIFIED.,.F.,
  .F.,(2,2),(4.712388980385,6.28318530718),.PIECEWISE_BEZIER_KNOTS.);
#5732 = CARTESIAN_POINT('',(-1.570796326795,5.));
#5733 = CARTESIAN_POINT('',(0.,5.));
#5734 = ( GEOMETRIC_REPRESENTATION_CONTEXT(2) 
PARAMETRIC_REPRESENTATION_CONTEXT() REPRESENTATION_CONTEXT('2D SPACE',''
  ) );
#5735 = PCURVE('',#3607,#5736);
#5736 = DEFINITIONAL_REPRESENTATION('',(#5737),#5740);
#5737 = B_SPLINE_CURVE_WITH_KNOTS('',1,(#5738,#5739),.UNSPECIFIED.,.F.,
  .F.,(2,2),(4.712388980385,6.28318530718),.PIECEWISE_BEZIER_KNOTS.);
#5738 = CARTESIAN_POINT('',(0.,-1.570796326795));
#5739 = CARTESIAN_POINT('',(0.,0.));
#5740 = ( GEOMETRIC_REPRESENTATION_CONTEXT(2) 
PARAMETRIC_REPRESENTATION_CONTEXT() REPRESENTATION_CONTEXT('2D SPACE',''
  ) );
#5741 = ORIENTED_EDGE('',*,*,#3564,.T.);
#5742 = ORIENTED_EDGE('',*,*,#3398,.T.);
#5743 = ORIENTED_EDGE('',*,*,#3318,.T.);
#5744 = ORIENTED_EDGE('',*,*,#5695,.F.);
#5745 = ORIENTED_EDGE('',*,*,#5746,.F.);
#5746 = EDGE_CURVE('',#5721,#5620,#5747,.T.);
#5747 = SURFACE_CURVE('',#5748,(#5752,#5759),.PCURVE_S1.);
#5748 = LINE('',#5749,#5750);
#5749 = CARTESIAN_POINT('',(-8.125644347018,42.074355652982,7.));
#5750 = VECTOR('',#5751,1.);
#5751 = DIRECTION('',(-0.866025403784,-0.5,0.));
#5752 = PCURVE('',#3332,#5753);
#5753 = DEFINITIONAL_REPRESENTATION('',(#5754),#5758);
#5754 = LINE('',#5755,#5756);
#5755 = CARTESIAN_POINT('',(-0.,0.));
#5756 = VECTOR('',#5757,1.);
#5757 = DIRECTION('',(-0.,1.));
#5758 = ( GEOMETRIC_REPRESENTATION_CONTEXT(2) 
PARAMETRIC_REPRESENTATION_CONTEXT() REPRESENTATION_CONTEXT('2D SPACE',''
  ) );
#5759 = PCURVE('',#5635,#5760);
#5760 = DEFINITIONAL_REPRESENTATION('',(#5761),#5765);
#5761 = LINE('',#5762,#5763);
#5762 = CARTESIAN_POINT('',(7.,0.));
#5763 = VECTOR('',#5764,1.);
#5764 = DIRECTION('',(0.,-1.));
#5765 = ( GEOMETRIC_REPRESENTATION_CONTEXT(2) 
PARAMETRIC_REPRESENTATION_CONTEXT() REPRESENTATION_CONTEXT('2D SPACE',''
  ) );
#5766 = ADVANCED_FACE('',(#5767),#3607,.T.);
#5767 = FACE_BOUND('',#5768,.T.);
#5768 = EDGE_LOOP('',(#5769,#5770,#5771));
#5769 = ORIENTED_EDGE('',*,*,#5720,.F.);
#5770 = ORIENTED_EDGE('',*,*,#3591,.T.);
#5771 = ORIENTED_EDGE('',*,*,#5772,.F.);
#5772 = EDGE_CURVE('',#5721,#3592,#5773,.T.);
#5773 = SURFACE_CURVE('',#5774,(#5779,#5786),.PCURVE_S1.);
#5774 = CIRCLE('',#5775,5.);
#5775 = AXIS2_PLACEMENT_3D('',#5776,#5777,#5778);
#5776 = CARTESIAN_POINT('',(-9.95577136594,35.24422863406,7.));
#5777 = DIRECTION('',(-0.,0.,-1.));
#5778 = DIRECTION('',(-0.5,0.866025403784,0.));
#5779 = PCURVE('',#3607,#5780);
#5780 = DEFINITIONAL_REPRESENTATION('',(#5781),#5785);
#5781 = LINE('',#5782,#5783);
#5782 = CARTESIAN_POINT('',(0.,0.));
#5783 = VECTOR('',#5784,1.);
#5784 = DIRECTION('',(1.,0.));
#5785 = ( GEOMETRIC_REPRESENTATION_CONTEXT(2) 
PARAMETRIC_REPRESENTATION_CONTEXT() REPRESENTATION_CONTEXT('2D SPACE',''
  ) );
#5786 = PCURVE('',#3710,#5787);
#5787 = DEFINITIONAL_REPRESENTATION('',(#5788),#5792);
#5788 = LINE('',#5789,#5790);
#5789 = CARTESIAN_POINT('',(-3.5527136788E-16,7.));
#5790 = VECTOR('',#5791,1.);
#5791 = DIRECTION('',(-1.,0.));
#5792 = ( GEOMETRIC_REPRESENTATION_CONTEXT(2) 
PARAMETRIC_REPRESENTATION_CONTEXT() REPRESENTATION_CONTEXT('2D SPACE',''
  ) );
#5793 = ADVANCED_FACE('',(#5794),#3660,.T.);
#5794 = FACE_BOUND('',#5795,.T.);
#5795 = EDGE_LOOP('',(#5796,#5818,#5846,#5938,#5966,#5991));
#5796 = ORIENTED_EDGE('',*,*,#5797,.F.);
#5797 = EDGE_CURVE('',#5798,#3643,#5800,.T.);
#5798 = VERTEX_POINT('',#5799);
#5799 = CARTESIAN_POINT('',(-0.95577136594,19.65577136594,0.));
#5800 = SURFACE_CURVE('',#5801,(#5806,#5812),.PCURVE_S1.);
#5801 = CIRCLE('',#5802,5.);
#5802 = AXIS2_PLACEMENT_3D('',#5803,#5804,#5805);
#5803 = CARTESIAN_POINT('',(-0.95577136594,19.65577136594,5.));
#5804 = DIRECTION('',(0.5,-0.866025403784,0.));
#5805 = DIRECTION('',(0.866025403784,0.5,0.));
#5806 = PCURVE('',#3660,#5807);
#5807 = DEFINITIONAL_REPRESENTATION('',(#5808),#5811);
#5808 = B_SPLINE_CURVE_WITH_KNOTS('',1,(#5809,#5810),.UNSPECIFIED.,.F.,
  .F.,(2,2),(4.712388980385,6.28318530718),.PIECEWISE_BEZIER_KNOTS.);
#5809 = CARTESIAN_POINT('',(1.570796326795,5.));
#5810 = CARTESIAN_POINT('',(0.,5.));
#5811 = ( GEOMETRIC_REPRESENTATION_CONTEXT(2) 
PARAMETRIC_REPRESENTATION_CONTEXT() REPRESENTATION_CONTEXT('2D SPACE',''
  ) );
#5812 = PCURVE('',#4738,#5813);
#5813 = DEFINITIONAL_REPRESENTATION('',(#5814),#5817);
#5814 = B_SPLINE_CURVE_WITH_KNOTS('',1,(#5815,#5816),.UNSPECIFIED.,.F.,
  .F.,(2,2),(4.712388980385,6.28318530718),.PIECEWISE_BEZIER_KNOTS.);
#5815 = CARTESIAN_POINT('',(1.570796326795,-1.570796326795));
#5816 = CARTESIAN_POINT('',(1.570796326795,0.));
#5817 = ( GEOMETRIC_REPRESENTATION_CONTEXT(2) 
PARAMETRIC_REPRESENTATION_CONTEXT() REPRESENTATION_CONTEXT('2D SPACE',''
  ) );
#5818 = ORIENTED_EDGE('',*,*,#5819,.T.);
#5819 = EDGE_CURVE('',#5798,#5820,#5822,.T.);
#5820 = VERTEX_POINT('',#5821);
#5821 = CARTESIAN_POINT('',(-2.250209792674,21.897804488313,
    -8.881784197001E-16));
#5822 = SURFACE_CURVE('',#5823,(#5827,#5834),.PCURVE_S1.);
#5823 = LINE('',#5824,#5825);
#5824 = CARTESIAN_POINT('',(1.54422863406,15.325644347018,
    -8.881784197001E-16));
#5825 = VECTOR('',#5826,1.);
#5826 = DIRECTION('',(-0.5,0.866025403784,0.));
#5827 = PCURVE('',#3660,#5828);
#5828 = DEFINITIONAL_REPRESENTATION('',(#5829),#5833);
#5829 = LINE('',#5830,#5831);
#5830 = CARTESIAN_POINT('',(1.570796326795,0.));
#5831 = VECTOR('',#5832,1.);
#5832 = DIRECTION('',(0.,1.));
#5833 = ( GEOMETRIC_REPRESENTATION_CONTEXT(2) 
PARAMETRIC_REPRESENTATION_CONTEXT() REPRESENTATION_CONTEXT('2D SPACE',''
  ) );
#5834 = PCURVE('',#5835,#5840);
#5835 = PLANE('',#5836);
#5836 = AXIS2_PLACEMENT_3D('',#5837,#5838,#5839);
#5837 = CARTESIAN_POINT('',(5.874355652982,17.825644347018,0.));
#5838 = DIRECTION('',(0.,0.,1.));
#5839 = DIRECTION('',(-0.5,0.866025403784,0.));
#5840 = DEFINITIONAL_REPRESENTATION('',(#5841),#5845);
#5841 = LINE('',#5842,#5843);
#5842 = CARTESIAN_POINT('',(1.7763568394E-15,5.));
#5843 = VECTOR('',#5844,1.);
#5844 = DIRECTION('',(1.,0.));
#5845 = ( GEOMETRIC_REPRESENTATION_CONTEXT(2) 
PARAMETRIC_REPRESENTATION_CONTEXT() REPRESENTATION_CONTEXT('2D SPACE',''
  ) );
#5846 = ORIENTED_EDGE('',*,*,#5847,.T.);
#5847 = EDGE_CURVE('',#5820,#5848,#5850,.T.);
#5848 = VERTEX_POINT('',#5849);
#5849 = CARTESIAN_POINT('',(-8.661332939206,33.002195511687,
    -8.881784197001E-16));
#5850 = SURFACE_CURVE('',#5851,(#5878,#5908),.PCURVE_S1.);
#5851 = B_SPLINE_CURVE_WITH_KNOTS('',7,(#5852,#5853,#5854,#5855,#5856,
    #5857,#5858,#5859,#5860,#5861,#5862,#5863,#5864,#5865,#5866,#5867,
    #5868,#5869,#5870,#5871,#5872,#5873,#5874,#5875,#5876,#5877),
  .UNSPECIFIED.,.F.,.F.,(8,6,6,6,8),(0.,0.25219737351,0.500001857222,
    0.74681598939,1.),.UNSPECIFIED.);
#5852 = CARTESIAN_POINT('',(-2.250209792674,21.897804488313,
    -1.33226762955E-15));
#5853 = CARTESIAN_POINT('',(-2.200373112173,22.418803698107,
    -1.362905848112E-15));
#5854 = CARTESIAN_POINT('',(-2.180063636796,22.93484720236,
    2.151496598777E-02));
#5855 = CARTESIAN_POINT('',(-2.187924407546,23.443934813268,
    5.739402125676E-02));
#5856 = CARTESIAN_POINT('',(-2.22241305516,23.944917812358,
    0.102116536719));
#5857 = CARTESIAN_POINT('',(-2.282191236541,24.437331024218,
    0.151176657371));
#5858 = CARTESIAN_POINT('',(-2.366309143506,24.921196496561,
    0.200864954831));
#5859 = CARTESIAN_POINT('',(-2.580405090536,25.86408188373,0.29448997365
    ));
#5860 = CARTESIAN_POINT('',(-2.709599272214,26.323566324908,
    0.338529802087));
#5861 = CARTESIAN_POINT('',(-2.861183880227,26.774232692759,
    0.377150668277));
#5862 = CARTESIAN_POINT('',(-3.034503792393,27.215282376626,
    0.407890930454));
#5863 = CARTESIAN_POINT('',(-3.229024904236,27.646111295439,
    0.428997189194));
#5864 = CARTESIAN_POINT('',(-3.444400941337,28.066204231746,
    0.439572388471));
#5865 = CARTESIAN_POINT('',(-3.915494386823,28.88216201444,
    0.439572388471));
#5866 = CARTESIAN_POINT('',(-4.170516158447,29.277197307079,
    0.429081550196));
#5867 = CARTESIAN_POINT('',(-4.445109100259,29.659644497749,
    0.408143109005));
#5868 = CARTESIAN_POINT('',(-4.739002109841,30.028951197194,
    0.377639998199));
#5869 = CARTESIAN_POINT('',(-5.051940485017,30.3843617619,0.33929819848)
  );
#5870 = CARTESIAN_POINT('',(-5.383563351232,30.724921649806,
    0.295542315754));
#5871 = CARTESIAN_POINT('',(-6.092175689776,31.382537568793,
    0.202035148637));
#5872 = CARTESIAN_POINT('',(-6.470249250022,31.698884548713,
    0.152140292152));
#5873 = CARTESIAN_POINT('',(-6.868044670023,31.9983094308,0.102819245193
    ));
#5874 = CARTESIAN_POINT('',(-7.286061764768,32.27999539376,
    5.781668386838E-02));
#5875 = CARTESIAN_POINT('',(-7.72457177003,32.542537423673,
    2.168387899063E-02));
#5876 = CARTESIAN_POINT('',(-8.18335060863,32.784004194835,
    -1.33226762955E-15));
#5877 = CARTESIAN_POINT('',(-8.661332939206,33.002195511687,
    -1.33226762955E-15));
#5878 = PCURVE('',#3660,#5879);
#5879 = DEFINITIONAL_REPRESENTATION('',(#5880),#5907);
#5880 = B_SPLINE_CURVE_WITH_KNOTS('',7,(#5881,#5882,#5883,#5884,#5885,
    #5886,#5887,#5888,#5889,#5890,#5891,#5892,#5893,#5894,#5895,#5896,
    #5897,#5898,#5899,#5900,#5901,#5902,#5903,#5904,#5905,#5906),
  .UNSPECIFIED.,.F.,.F.,(8,6,6,6,8),(0.,0.25219737351,0.500001857222,
    0.74681598939,1.),.UNSPECIFIED.);
#5881 = CARTESIAN_POINT('',(1.570796326795,7.588876853468));
#5882 = CARTESIAN_POINT('',(1.510064439545,8.015157064251));
#5883 = CARTESIAN_POINT('',(1.454942297846,8.451909110703));
#5884 = CARTESIAN_POINT('',(1.405029699025,8.896722299877));
#5885 = CARTESIAN_POINT('',(1.360109908641,9.34783062776));
#5886 = CARTESIAN_POINT('',(1.320053462472,9.80416206908));
#5887 = CARTESIAN_POINT('',(1.284823114938,10.265260813626));
#5888 = CARTESIAN_POINT('',(1.224630457839,11.188871485286));
#5889 = CARTESIAN_POINT('',(1.199488637197,11.651393774829));
#5890 = CARTESIAN_POINT('',(1.179164382694,12.117474602025));
#5891 = CARTESIAN_POINT('',(1.163796811157,12.586094788669));
#5892 = CARTESIAN_POINT('',(1.153500859129,13.056464132967));
#5893 = CARTESIAN_POINT('',(1.148342264608,13.52796330631));
#5894 = CARTESIAN_POINT('',(1.148342264608,14.470150197282));
#5895 = CARTESIAN_POINT('',(1.153459708832,14.93977168191));
#5896 = CARTESIAN_POINT('',(1.163673790905,15.408277135543));
#5897 = CARTESIAN_POINT('',(1.178919774897,15.87505262384));
#5898 = CARTESIAN_POINT('',(1.199084380288,16.339316389238));
#5899 = CARTESIAN_POINT('',(1.224030171427,16.800061336782));
#5900 = CARTESIAN_POINT('',(1.283994678962,17.72387959783));
#5901 = CARTESIAN_POINT('',(1.319268037371,18.186880898973));
#5902 = CARTESIAN_POINT('',(1.359405225586,18.645088163388));
#5903 = CARTESIAN_POINT('',(1.404442628058,19.098043910571));
#5904 = CARTESIAN_POINT('',(1.454510252293,19.544666980669));
#5905 = CARTESIAN_POINT('',(1.509826490312,19.983172757964));
#5906 = CARTESIAN_POINT('',(1.570796326795,20.411123146532));
#5907 = ( GEOMETRIC_REPRESENTATION_CONTEXT(2) 
PARAMETRIC_REPRESENTATION_CONTEXT() REPRESENTATION_CONTEXT('2D SPACE',''
  ) );
#5908 = PCURVE('',#5525,#5909);
#5909 = DEFINITIONAL_REPRESENTATION('',(#5910),#5937);
#5910 = B_SPLINE_CURVE_WITH_KNOTS('',7,(#5911,#5912,#5913,#5914,#5915,
    #5916,#5917,#5918,#5919,#5920,#5921,#5922,#5923,#5924,#5925,#5926,
    #5927,#5928,#5929,#5930,#5931,#5932,#5933,#5934,#5935,#5936),
  .UNSPECIFIED.,.F.,.F.,(8,6,6,6,8),(0.,0.25219737351,0.500001857222,
    0.74681598939,1.),.UNSPECIFIED.);
#5911 = CARTESIAN_POINT('',(4.093424404358,1.));
#5912 = CARTESIAN_POINT('',(4.140788872223,1.));
#5913 = CARTESIAN_POINT('',(4.187452447251,1.021514965988));
#5914 = CARTESIAN_POINT('',(4.233420226978,1.057394021257));
#5915 = CARTESIAN_POINT('',(4.278752299272,1.102116536719));
#5916 = CARTESIAN_POINT('',(4.323546662089,1.151176657371));
#5917 = CARTESIAN_POINT('',(4.367934034951,1.200864954831));
#5918 = CARTESIAN_POINT('',(4.455435095518,1.29448997365));
#5919 = CARTESIAN_POINT('',(4.498574079556,1.338529802087));
#5920 = CARTESIAN_POINT('',(4.541516723734,1.377150668277));
#5921 = CARTESIAN_POINT('',(4.584306420468,1.407890930454));
#5922 = CARTESIAN_POINT('',(4.627001121744,1.428997189194));
#5923 = CARTESIAN_POINT('',(4.669670727562,1.439572388471));
#5924 = CARTESIAN_POINT('',(4.75493650955,1.439572388471));
#5925 = CARTESIAN_POINT('',(4.797436188885,1.429081550196));
#5926 = CARTESIAN_POINT('',(4.839960691272,1.408143109005));
#5927 = CARTESIAN_POINT('',(4.882578918653,1.377639998199));
#5928 = CARTESIAN_POINT('',(4.925348018757,1.33929819848));
#5929 = CARTESIAN_POINT('',(4.968310781407,1.295542315754));
#5930 = CARTESIAN_POINT('',(5.055798747487,1.202035148637));
#5931 = CARTESIAN_POINT('',(5.100352222359,1.152140292152));
#5932 = CARTESIAN_POINT('',(5.145314171191,1.102819245193));
#5933 = CARTESIAN_POINT('',(5.190816916534,1.057816683868));
#5934 = CARTESIAN_POINT('',(5.236959717792,1.021683878991));
#5935 = CARTESIAN_POINT('',(5.283803513237,1.));
#5936 = CARTESIAN_POINT('',(5.331353556411,1.));
#5937 = ( GEOMETRIC_REPRESENTATION_CONTEXT(2) 
PARAMETRIC_REPRESENTATION_CONTEXT() REPRESENTATION_CONTEXT('2D SPACE',''
  ) );
#5938 = ORIENTED_EDGE('',*,*,#5939,.T.);
#5939 = EDGE_CURVE('',#5848,#5940,#5942,.T.);
#5940 = VERTEX_POINT('',#5941);
#5941 = CARTESIAN_POINT('',(-9.95577136594,35.24422863406,0.));
#5942 = SURFACE_CURVE('',#5943,(#5947,#5954),.PCURVE_S1.);
#5943 = LINE('',#5944,#5945);
#5944 = CARTESIAN_POINT('',(1.54422863406,15.325644347018,
    -8.881784197001E-16));
#5945 = VECTOR('',#5946,1.);
#5946 = DIRECTION('',(-0.5,0.866025403784,0.));
#5947 = PCURVE('',#3660,#5948);
#5948 = DEFINITIONAL_REPRESENTATION('',(#5949),#5953);
#5949 = LINE('',#5950,#5951);
#5950 = CARTESIAN_POINT('',(1.570796326795,0.));
#5951 = VECTOR('',#5952,1.);
#5952 = DIRECTION('',(0.,1.));
#5953 = ( GEOMETRIC_REPRESENTATION_CONTEXT(2) 
PARAMETRIC_REPRESENTATION_CONTEXT() REPRESENTATION_CONTEXT('2D SPACE',''
  ) );
#5954 = PCURVE('',#5955,#5960);
#5955 = PLANE('',#5956);
#5956 = AXIS2_PLACEMENT_3D('',#5957,#5958,#5959);
#5957 = CARTESIAN_POINT('',(5.874355652982,17.825644347018,0.));
#5958 = DIRECTION('',(0.,0.,1.));
#5959 = DIRECTION('',(-0.5,0.866025403784,0.));
#5960 = DEFINITIONAL_REPRESENTATION('',(#5961),#5965);
#5961 = LINE('',#5962,#5963);
#5962 = CARTESIAN_POINT('',(1.7763568394E-15,5.));
#5963 = VECTOR('',#5964,1.);
#5964 = DIRECTION('',(1.,0.));
#5965 = ( GEOMETRIC_REPRESENTATION_CONTEXT(2) 
PARAMETRIC_REPRESENTATION_CONTEXT() REPRESENTATION_CONTEXT('2D SPACE',''
  ) );
#5966 = ORIENTED_EDGE('',*,*,#5967,.T.);
#5967 = EDGE_CURVE('',#5940,#3645,#5968,.T.);
#5968 = SURFACE_CURVE('',#5969,(#5974,#5980),.PCURVE_S1.);
#5969 = CIRCLE('',#5970,5.);
#5970 = AXIS2_PLACEMENT_3D('',#5971,#5972,#5973);
#5971 = CARTESIAN_POINT('',(-9.95577136594,35.24422863406,5.));
#5972 = DIRECTION('',(0.5,-0.866025403784,0.));
#5973 = DIRECTION('',(0.866025403784,0.5,0.));
#5974 = PCURVE('',#3660,#5975);
#5975 = DEFINITIONAL_REPRESENTATION('',(#5976),#5979);
#5976 = B_SPLINE_CURVE_WITH_KNOTS('',1,(#5977,#5978),.UNSPECIFIED.,.F.,
  .F.,(2,2),(4.712388980385,6.28318530718),.PIECEWISE_BEZIER_KNOTS.);
#5977 = CARTESIAN_POINT('',(1.570796326795,23.));
#5978 = CARTESIAN_POINT('',(0.,23.));
#5979 = ( GEOMETRIC_REPRESENTATION_CONTEXT(2) 
PARAMETRIC_REPRESENTATION_CONTEXT() REPRESENTATION_CONTEXT('2D SPACE',''
  ) );
#5980 = PCURVE('',#5981,#5986);
#5981 = SPHERICAL_SURFACE('',#5982,5.);
#5982 = AXIS2_PLACEMENT_3D('',#5983,#5984,#5985);
#5983 = CARTESIAN_POINT('',(-9.95577136594,35.24422863406,5.));
#5984 = DIRECTION('',(0.,0.,1.));
#5985 = DIRECTION('',(-0.5,0.866025403784,0.));
#5986 = DEFINITIONAL_REPRESENTATION('',(#5987),#5990);
#5987 = B_SPLINE_CURVE_WITH_KNOTS('',1,(#5988,#5989),.UNSPECIFIED.,.F.,
  .F.,(2,2),(4.712388980385,6.28318530718),.PIECEWISE_BEZIER_KNOTS.);
#5988 = CARTESIAN_POINT('',(-1.570796326795,-1.570796326795));
#5989 = CARTESIAN_POINT('',(-1.570796326795,0.));
#5990 = ( GEOMETRIC_REPRESENTATION_CONTEXT(2) 
PARAMETRIC_REPRESENTATION_CONTEXT() REPRESENTATION_CONTEXT('2D SPACE',''
  ) );
#5991 = ORIENTED_EDGE('',*,*,#3642,.F.);
#5992 = ADVANCED_FACE('',(#5993),#3710,.T.);
#5993 = FACE_BOUND('',#5994,.F.);
#5994 = EDGE_LOOP('',(#5995,#6018,#6040,#6041));
#5995 = ORIENTED_EDGE('',*,*,#5996,.F.);
#5996 = EDGE_CURVE('',#5997,#5721,#5999,.T.);
#5997 = VERTEX_POINT('',#5998);
#5998 = CARTESIAN_POINT('',(-12.45577136594,39.574355652982,5.));
#5999 = SURFACE_CURVE('',#6000,(#6004,#6011),.PCURVE_S1.);
#6000 = LINE('',#6001,#6002);
#6001 = CARTESIAN_POINT('',(-12.45577136594,39.574355652982,0.));
#6002 = VECTOR('',#6003,1.);
#6003 = DIRECTION('',(0.,0.,1.));
#6004 = PCURVE('',#3710,#6005);
#6005 = DEFINITIONAL_REPRESENTATION('',(#6006),#6010);
#6006 = LINE('',#6007,#6008);
#6007 = CARTESIAN_POINT('',(-0.,0.));
#6008 = VECTOR('',#6009,1.);
#6009 = DIRECTION('',(-0.,1.));
#6010 = ( GEOMETRIC_REPRESENTATION_CONTEXT(2) 
PARAMETRIC_REPRESENTATION_CONTEXT() REPRESENTATION_CONTEXT('2D SPACE',''
  ) );
#6011 = PCURVE('',#5635,#6012);
#6012 = DEFINITIONAL_REPRESENTATION('',(#6013),#6017);
#6013 = LINE('',#6014,#6015);
#6014 = CARTESIAN_POINT('',(0.,-5.));
#6015 = VECTOR('',#6016,1.);
#6016 = DIRECTION('',(1.,0.));
#6017 = ( GEOMETRIC_REPRESENTATION_CONTEXT(2) 
PARAMETRIC_REPRESENTATION_CONTEXT() REPRESENTATION_CONTEXT('2D SPACE',''
  ) );
#6018 = ORIENTED_EDGE('',*,*,#6019,.T.);
#6019 = EDGE_CURVE('',#5997,#3645,#6020,.T.);
#6020 = SURFACE_CURVE('',#6021,(#6026,#6033),.PCURVE_S1.);
#6021 = CIRCLE('',#6022,5.);
#6022 = AXIS2_PLACEMENT_3D('',#6023,#6024,#6025);
#6023 = CARTESIAN_POINT('',(-9.95577136594,35.24422863406,5.));
#6024 = DIRECTION('',(-0.,0.,-1.));
#6025 = DIRECTION('',(-0.5,0.866025403784,0.));
#6026 = PCURVE('',#3710,#6027);
#6027 = DEFINITIONAL_REPRESENTATION('',(#6028),#6032);
#6028 = LINE('',#6029,#6030);
#6029 = CARTESIAN_POINT('',(-3.5527136788E-16,5.));
#6030 = VECTOR('',#6031,1.);
#6031 = DIRECTION('',(-1.,0.));
#6032 = ( GEOMETRIC_REPRESENTATION_CONTEXT(2) 
PARAMETRIC_REPRESENTATION_CONTEXT() REPRESENTATION_CONTEXT('2D SPACE',''
  ) );
#6033 = PCURVE('',#5981,#6034);
#6034 = DEFINITIONAL_REPRESENTATION('',(#6035),#6039);
#6035 = LINE('',#6036,#6037);
#6036 = CARTESIAN_POINT('',(-0.,0.));
#6037 = VECTOR('',#6038,1.);
#6038 = DIRECTION('',(-1.,0.));
#6039 = ( GEOMETRIC_REPRESENTATION_CONTEXT(2) 
PARAMETRIC_REPRESENTATION_CONTEXT() REPRESENTATION_CONTEXT('2D SPACE',''
  ) );
#6040 = ORIENTED_EDGE('',*,*,#3696,.T.);
#6041 = ORIENTED_EDGE('',*,*,#5772,.F.);
#6042 = ADVANCED_FACE('',(#6043),#3743,.T.);
#6043 = FACE_BOUND('',#6044,.F.);
#6044 = EDGE_LOOP('',(#6045,#6067,#6095,#6187,#6215,#6240));
#6045 = ORIENTED_EDGE('',*,*,#6046,.F.);
#6046 = EDGE_CURVE('',#6047,#3726,#6049,.T.);
#6047 = VERTEX_POINT('',#6048);
#6048 = CARTESIAN_POINT('',(17.5,9.,0.));
#6049 = SURFACE_CURVE('',#6050,(#6055,#6061),.PCURVE_S1.);
#6050 = CIRCLE('',#6051,5.);
#6051 = AXIS2_PLACEMENT_3D('',#6052,#6053,#6054);
#6052 = CARTESIAN_POINT('',(17.5,9.,5.));
#6053 = DIRECTION('',(1.,6.123233995737E-17,-0.));
#6054 = DIRECTION('',(-6.123233995737E-17,1.,0.));
#6055 = PCURVE('',#3743,#6056);
#6056 = DEFINITIONAL_REPRESENTATION('',(#6057),#6060);
#6057 = B_SPLINE_CURVE_WITH_KNOTS('',1,(#6058,#6059),.UNSPECIFIED.,.F.,
  .F.,(2,2),(4.712388980385,6.28318530718),.PIECEWISE_BEZIER_KNOTS.);
#6058 = CARTESIAN_POINT('',(-1.570796326795,5.));
#6059 = CARTESIAN_POINT('',(0.,5.));
#6060 = ( GEOMETRIC_REPRESENTATION_CONTEXT(2) 
PARAMETRIC_REPRESENTATION_CONTEXT() REPRESENTATION_CONTEXT('2D SPACE',''
  ) );
#6061 = PCURVE('',#4651,#6062);
#6062 = DEFINITIONAL_REPRESENTATION('',(#6063),#6066);
#6063 = B_SPLINE_CURVE_WITH_KNOTS('',1,(#6064,#6065),.UNSPECIFIED.,.F.,
  .F.,(2,2),(4.712388980385,6.28318530718),.PIECEWISE_BEZIER_KNOTS.);
#6064 = CARTESIAN_POINT('',(-1.570796326795,-1.570796326795));
#6065 = CARTESIAN_POINT('',(-1.570796326795,0.));
#6066 = ( GEOMETRIC_REPRESENTATION_CONTEXT(2) 
PARAMETRIC_REPRESENTATION_CONTEXT() REPRESENTATION_CONTEXT('2D SPACE',''
  ) );
#6067 = ORIENTED_EDGE('',*,*,#6068,.T.);
#6068 = EDGE_CURVE('',#6047,#6069,#6071,.T.);
#6069 = VERTEX_POINT('',#6070);
#6070 = CARTESIAN_POINT('',(20.088876853468,9.,-8.881784197001E-16));
#6071 = SURFACE_CURVE('',#6072,(#6076,#6083),.PCURVE_S1.);
#6072 = LINE('',#6073,#6074);
#6073 = CARTESIAN_POINT('',(12.5,9.,-8.881784197001E-16));
#6074 = VECTOR('',#6075,1.);
#6075 = DIRECTION('',(1.,0.,0.));
#6076 = PCURVE('',#3743,#6077);
#6077 = DEFINITIONAL_REPRESENTATION('',(#6078),#6082);
#6078 = LINE('',#6079,#6080);
#6079 = CARTESIAN_POINT('',(-1.570796326795,0.));
#6080 = VECTOR('',#6081,1.);
#6081 = DIRECTION('',(-0.,1.));
#6082 = ( GEOMETRIC_REPRESENTATION_CONTEXT(2) 
PARAMETRIC_REPRESENTATION_CONTEXT() REPRESENTATION_CONTEXT('2D SPACE',''
  ) );
#6083 = PCURVE('',#6084,#6089);
#6084 = PLANE('',#6085);
#6085 = AXIS2_PLACEMENT_3D('',#6086,#6087,#6088);
#6086 = CARTESIAN_POINT('',(12.5,-14.,0.));
#6087 = DIRECTION('',(0.,0.,1.));
#6088 = DIRECTION('',(1.,0.,0.));
#6089 = DEFINITIONAL_REPRESENTATION('',(#6090),#6094);
#6090 = LINE('',#6091,#6092);
#6091 = CARTESIAN_POINT('',(0.,23.));
#6092 = VECTOR('',#6093,1.);
#6093 = DIRECTION('',(1.,0.));
#6094 = ( GEOMETRIC_REPRESENTATION_CONTEXT(2) 
PARAMETRIC_REPRESENTATION_CONTEXT() REPRESENTATION_CONTEXT('2D SPACE',''
  ) );
#6095 = ORIENTED_EDGE('',*,*,#6096,.F.);
#6096 = EDGE_CURVE('',#6097,#6069,#6099,.T.);
#6097 = VERTEX_POINT('',#6098);
#6098 = CARTESIAN_POINT('',(32.911123146532,9.,-8.881784197001E-16));
#6099 = SURFACE_CURVE('',#6100,(#6127,#6157),.PCURVE_S1.);
#6100 = B_SPLINE_CURVE_WITH_KNOTS('',7,(#6101,#6102,#6103,#6104,#6105,
    #6106,#6107,#6108,#6109,#6110,#6111,#6112,#6113,#6114,#6115,#6116,
    #6117,#6118,#6119,#6120,#6121,#6122,#6123,#6124,#6125,#6126),
  .UNSPECIFIED.,.F.,.F.,(8,6,6,6,8),(0.,0.252197372122,0.500001857146,
    0.746815990682,1.),.UNSPECIFIED.);
#6101 = CARTESIAN_POINT('',(32.911123146532,9.,-8.881784197001E-16));
#6102 = CARTESIAN_POINT('',(32.484842935758,9.303659436245,
    -8.881784197001E-16));
#6103 = CARTESIAN_POINT('',(32.048090889308,9.579269709987,
    2.151496598601E-02));
#6104 = CARTESIAN_POINT('',(31.603277700081,9.827005888307,
    5.73940212603E-02));
#6105 = CARTESIAN_POINT('',(31.152169372256,10.047629342837,
    0.102116536718));
#6106 = CARTESIAN_POINT('',(30.695837930948,10.242066525108,
    0.151176657367));
#6107 = CARTESIAN_POINT('',(30.234739186352,10.411151016948,
    0.200864954833));
#6108 = CARTESIAN_POINT('',(29.311128509792,10.697181183075,
    0.294489974149));
#6109 = CARTESIAN_POINT('',(28.848606237029,10.815037954593,
    0.338529800684));
#6110 = CARTESIAN_POINT('',(28.382525390675,10.909095026198,
    0.377150669899));
#6111 = CARTESIAN_POINT('',(27.913905203757,10.979520413709,
    0.407890929598));
#6112 = CARTESIAN_POINT('',(27.443535879904,11.02647465191,
    0.428997189358));
#6113 = CARTESIAN_POINT('',(26.972036688066,11.05,0.439572388471));
#6114 = CARTESIAN_POINT('',(26.029849808204,11.05,0.439572388471));
#6115 = CARTESIAN_POINT('',(25.56022830554,11.026662314126,
    0.429081550355));
#6116 = CARTESIAN_POINT('',(25.091722871838,10.980081443022,
    0.408143108171));
#6117 = CARTESIAN_POINT('',(24.624947383289,10.910215987742,
    0.377639999779));
#6118 = CARTESIAN_POINT('',(24.160683599181,10.816908678587,
    0.339298197112));
#6119 = CARTESIAN_POINT('',(23.699938668028,10.69999480148,
    0.295542316241));
#6120 = CARTESIAN_POINT('',(22.776120402216,10.41512647289,
    0.202035148641));
#6121 = CARTESIAN_POINT('',(22.313119100948,10.245878655145,
    0.152140292144));
#6122 = CARTESIAN_POINT('',(21.854911836633,10.051090156967,
    0.102819245195));
#6123 = CARTESIAN_POINT('',(21.401956089455,9.829919715215,
    5.7816683873E-02));
#6124 = CARTESIAN_POINT('',(20.955333019338,9.581429925785,
    2.168387898833E-02));
#6125 = CARTESIAN_POINT('',(20.516827242016,9.304849182399,
    -7.798742336721E-16));
#6126 = CARTESIAN_POINT('',(20.088876853468,9.,-8.881784197001E-16));
#6127 = PCURVE('',#3743,#6128);
#6128 = DEFINITIONAL_REPRESENTATION('',(#6129),#6156);
#6129 = B_SPLINE_CURVE_WITH_KNOTS('',7,(#6130,#6131,#6132,#6133,#6134,
    #6135,#6136,#6137,#6138,#6139,#6140,#6141,#6142,#6143,#6144,#6145,
    #6146,#6147,#6148,#6149,#6150,#6151,#6152,#6153,#6154,#6155),
  .UNSPECIFIED.,.F.,.F.,(8,6,6,6,8),(0.,0.252197372122,0.500001857146,
    0.746815990682,1.),.UNSPECIFIED.);
#6130 = CARTESIAN_POINT('',(-1.570796326795,20.411123146532));
#6131 = CARTESIAN_POINT('',(-1.510064439546,19.984842935758));
#6132 = CARTESIAN_POINT('',(-1.454942297847,19.548090889308));
#6133 = CARTESIAN_POINT('',(-1.405029699021,19.103277700081));
#6134 = CARTESIAN_POINT('',(-1.360109908644,18.652169372255));
#6135 = CARTESIAN_POINT('',(-1.320053462473,18.195837930948));
#6136 = CARTESIAN_POINT('',(-1.284823114937,17.734739186352));
#6137 = CARTESIAN_POINT('',(-1.224630457519,16.811128509792));
#6138 = CARTESIAN_POINT('',(-1.199488638081,16.348606237029));
#6139 = CARTESIAN_POINT('',(-1.179164381671,15.882525390675));
#6140 = CARTESIAN_POINT('',(-1.163796811715,15.413905203757));
#6141 = CARTESIAN_POINT('',(-1.153500859011,14.943535879903));
#6142 = CARTESIAN_POINT('',(-1.148342264608,14.472036688066));
#6143 = CARTESIAN_POINT('',(-1.148342264608,13.529849808204));
#6144 = CARTESIAN_POINT('',(-1.153459708717,13.06022830554));
#6145 = CARTESIAN_POINT('',(-1.163673791447,12.591722871838));
#6146 = CARTESIAN_POINT('',(-1.178919773903,12.124947383289));
#6147 = CARTESIAN_POINT('',(-1.199084381148,11.660683599181));
#6148 = CARTESIAN_POINT('',(-1.224030171115,11.199938668028));
#6149 = CARTESIAN_POINT('',(-1.283994678959,10.276120402216));
#6150 = CARTESIAN_POINT('',(-1.319268037376,9.813119100948));
#6151 = CARTESIAN_POINT('',(-1.359405225588,9.354911836632));
#6152 = CARTESIAN_POINT('',(-1.404442628054,8.901956089455));
#6153 = CARTESIAN_POINT('',(-1.454510252292,8.455333019338));
#6154 = CARTESIAN_POINT('',(-1.509826490315,8.016827242016));
#6155 = CARTESIAN_POINT('',(-1.570796326795,7.588876853468));
#6156 = ( GEOMETRIC_REPRESENTATION_CONTEXT(2) 
PARAMETRIC_REPRESENTATION_CONTEXT() REPRESENTATION_CONTEXT('2D SPACE',''
  ) );
#6157 = PCURVE('',#4421,#6158);
#6158 = DEFINITIONAL_REPRESENTATION('',(#6159),#6186);
#6159 = B_SPLINE_CURVE_WITH_KNOTS('',7,(#6160,#6161,#6162,#6163,#6164,
    #6165,#6166,#6167,#6168,#6169,#6170,#6171,#6172,#6173,#6174,#6175,
    #6176,#6177,#6178,#6179,#6180,#6181,#6182,#6183,#6184,#6185),
  .UNSPECIFIED.,.F.,.F.,(8,6,6,6,8),(0.,0.252197372122,0.500001857146,
    0.746815990682,1.),.UNSPECIFIED.);
#6160 = CARTESIAN_POINT('',(0.951831750768,1.));
#6161 = CARTESIAN_POINT('',(0.999196218632,1.));
#6162 = CARTESIAN_POINT('',(1.04585979366,1.021514965986));
#6163 = CARTESIAN_POINT('',(1.091827573392,1.05739402126));
#6164 = CARTESIAN_POINT('',(1.137159645681,1.102116536718));
#6165 = CARTESIAN_POINT('',(1.181954008497,1.151176657367));
#6166 = CARTESIAN_POINT('',(1.226341381364,1.200864954833));
#6167 = CARTESIAN_POINT('',(1.313842442394,1.294489974149));
#6168 = CARTESIAN_POINT('',(1.356981424839,1.338529800684));
#6169 = CARTESIAN_POINT('',(1.399924070868,1.377150669899));
#6170 = CARTESIAN_POINT('',(1.442713767527,1.407890929598));
#6171 = CARTESIAN_POINT('',(1.485408466999,1.428997189358));
#6172 = CARTESIAN_POINT('',(1.528078074481,1.439572388471));
#6173 = CARTESIAN_POINT('',(1.613343855464,1.439572388471));
#6174 = CARTESIAN_POINT('',(1.655843536421,1.429081550355));
#6175 = CARTESIAN_POINT('',(1.69836803705,1.408143108171));
#6176 = CARTESIAN_POINT('',(1.740986264356,1.377639999779));
#6177 = CARTESIAN_POINT('',(1.783755366269,1.339298197112));
#6178 = CARTESIAN_POINT('',(1.826718127362,1.295542316241));
#6179 = CARTESIAN_POINT('',(1.914206093893,1.202035148641));
#6180 = CARTESIAN_POINT('',(1.958759568776,1.152140292144));
#6181 = CARTESIAN_POINT('',(2.0037215176,1.102819245195));
#6182 = CARTESIAN_POINT('',(2.049224262941,1.057816683873));
#6183 = CARTESIAN_POINT('',(2.095367064201,1.021683878988));
#6184 = CARTESIAN_POINT('',(2.142210859649,1.));
#6185 = CARTESIAN_POINT('',(2.189760902821,1.));
#6186 = ( GEOMETRIC_REPRESENTATION_CONTEXT(2) 
PARAMETRIC_REPRESENTATION_CONTEXT() REPRESENTATION_CONTEXT('2D SPACE',''
  ) );
#6187 = ORIENTED_EDGE('',*,*,#6188,.T.);
#6188 = EDGE_CURVE('',#6097,#6189,#6191,.T.);
#6189 = VERTEX_POINT('',#6190);
#6190 = CARTESIAN_POINT('',(35.5,9.,0.));
#6191 = SURFACE_CURVE('',#6192,(#6196,#6203),.PCURVE_S1.);
#6192 = LINE('',#6193,#6194);
#6193 = CARTESIAN_POINT('',(12.5,9.,-8.881784197001E-16));
#6194 = VECTOR('',#6195,1.);
#6195 = DIRECTION('',(1.,0.,0.));
#6196 = PCURVE('',#3743,#6197);
#6197 = DEFINITIONAL_REPRESENTATION('',(#6198),#6202);
#6198 = LINE('',#6199,#6200);
#6199 = CARTESIAN_POINT('',(-1.570796326795,0.));
#6200 = VECTOR('',#6201,1.);
#6201 = DIRECTION('',(-0.,1.));
#6202 = ( GEOMETRIC_REPRESENTATION_CONTEXT(2) 
PARAMETRIC_REPRESENTATION_CONTEXT() REPRESENTATION_CONTEXT('2D SPACE',''
  ) );
#6203 = PCURVE('',#6204,#6209);
#6204 = PLANE('',#6205);
#6205 = AXIS2_PLACEMENT_3D('',#6206,#6207,#6208);
#6206 = CARTESIAN_POINT('',(12.5,-14.,0.));
#6207 = DIRECTION('',(0.,0.,1.));
#6208 = DIRECTION('',(1.,0.,0.));
#6209 = DEFINITIONAL_REPRESENTATION('',(#6210),#6214);
#6210 = LINE('',#6211,#6212);
#6211 = CARTESIAN_POINT('',(0.,23.));
#6212 = VECTOR('',#6213,1.);
#6213 = DIRECTION('',(1.,0.));
#6214 = ( GEOMETRIC_REPRESENTATION_CONTEXT(2) 
PARAMETRIC_REPRESENTATION_CONTEXT() REPRESENTATION_CONTEXT('2D SPACE',''
  ) );
#6215 = ORIENTED_EDGE('',*,*,#6216,.T.);
#6216 = EDGE_CURVE('',#6189,#3728,#6217,.T.);
#6217 = SURFACE_CURVE('',#6218,(#6223,#6229),.PCURVE_S1.);
#6218 = CIRCLE('',#6219,5.);
#6219 = AXIS2_PLACEMENT_3D('',#6220,#6221,#6222);
#6220 = CARTESIAN_POINT('',(35.5,9.,5.));
#6221 = DIRECTION('',(1.,-6.123233995737E-17,0.));
#6222 = DIRECTION('',(6.123233995737E-17,1.,0.));
#6223 = PCURVE('',#3743,#6224);
#6224 = DEFINITIONAL_REPRESENTATION('',(#6225),#6228);
#6225 = B_SPLINE_CURVE_WITH_KNOTS('',1,(#6226,#6227),.UNSPECIFIED.,.F.,
  .F.,(2,2),(4.712388980385,6.28318530718),.PIECEWISE_BEZIER_KNOTS.);
#6226 = CARTESIAN_POINT('',(-1.570796326795,23.));
#6227 = CARTESIAN_POINT('',(0.,23.));
#6228 = ( GEOMETRIC_REPRESENTATION_CONTEXT(2) 
PARAMETRIC_REPRESENTATION_CONTEXT() REPRESENTATION_CONTEXT('2D SPACE',''
  ) );
#6229 = PCURVE('',#6230,#6235);
#6230 = SPHERICAL_SURFACE('',#6231,5.);
#6231 = AXIS2_PLACEMENT_3D('',#6232,#6233,#6234);
#6232 = CARTESIAN_POINT('',(35.5,9.,5.));
#6233 = DIRECTION('',(0.,0.,1.));
#6234 = DIRECTION('',(1.,0.,-0.));
#6235 = DEFINITIONAL_REPRESENTATION('',(#6236),#6239);
#6236 = B_SPLINE_CURVE_WITH_KNOTS('',1,(#6237,#6238),.UNSPECIFIED.,.F.,
  .F.,(2,2),(4.712388980385,6.28318530718),.PIECEWISE_BEZIER_KNOTS.);
#6237 = CARTESIAN_POINT('',(1.570796326795,-1.570796326795));
#6238 = CARTESIAN_POINT('',(1.570796326795,0.));
#6239 = ( GEOMETRIC_REPRESENTATION_CONTEXT(2) 
PARAMETRIC_REPRESENTATION_CONTEXT() REPRESENTATION_CONTEXT('2D SPACE',''
  ) );
#6240 = ORIENTED_EDGE('',*,*,#3725,.F.);
#6241 = ADVANCED_FACE('',(#6242),#3815,.T.);
#6242 = FACE_BOUND('',#6243,.T.);
#6243 = EDGE_LOOP('',(#6244,#6267,#6289,#6290));
#6244 = ORIENTED_EDGE('',*,*,#6245,.F.);
#6245 = EDGE_CURVE('',#6246,#4225,#6248,.T.);
#6246 = VERTEX_POINT('',#6247);
#6247 = CARTESIAN_POINT('',(40.5,9.,5.));
#6248 = SURFACE_CURVE('',#6249,(#6253,#6260),.PCURVE_S1.);
#6249 = LINE('',#6250,#6251);
#6250 = CARTESIAN_POINT('',(40.5,9.,0.));
#6251 = VECTOR('',#6252,1.);
#6252 = DIRECTION('',(0.,0.,1.));
#6253 = PCURVE('',#3815,#6254);
#6254 = DEFINITIONAL_REPRESENTATION('',(#6255),#6259);
#6255 = LINE('',#6256,#6257);
#6256 = CARTESIAN_POINT('',(0.,0.));
#6257 = VECTOR('',#6258,1.);
#6258 = DIRECTION('',(0.,1.));
#6259 = ( GEOMETRIC_REPRESENTATION_CONTEXT(2) 
PARAMETRIC_REPRESENTATION_CONTEXT() REPRESENTATION_CONTEXT('2D SPACE',''
  ) );
#6260 = PCURVE('',#4262,#6261);
#6261 = DEFINITIONAL_REPRESENTATION('',(#6262),#6266);
#6262 = LINE('',#6263,#6264);
#6263 = CARTESIAN_POINT('',(0.,-23.));
#6264 = VECTOR('',#6265,1.);
#6265 = DIRECTION('',(1.,0.));
#6266 = ( GEOMETRIC_REPRESENTATION_CONTEXT(2) 
PARAMETRIC_REPRESENTATION_CONTEXT() REPRESENTATION_CONTEXT('2D SPACE',''
  ) );
#6267 = ORIENTED_EDGE('',*,*,#6268,.T.);
#6268 = EDGE_CURVE('',#6246,#3728,#6269,.T.);
#6269 = SURFACE_CURVE('',#6270,(#6275,#6282),.PCURVE_S1.);
#6270 = CIRCLE('',#6271,5.);
#6271 = AXIS2_PLACEMENT_3D('',#6272,#6273,#6274);
#6272 = CARTESIAN_POINT('',(35.5,9.,5.));
#6273 = DIRECTION('',(0.,0.,1.));
#6274 = DIRECTION('',(1.,0.,-0.));
#6275 = PCURVE('',#3815,#6276);
#6276 = DEFINITIONAL_REPRESENTATION('',(#6277),#6281);
#6277 = LINE('',#6278,#6279);
#6278 = CARTESIAN_POINT('',(0.,5.));
#6279 = VECTOR('',#6280,1.);
#6280 = DIRECTION('',(1.,0.));
#6281 = ( GEOMETRIC_REPRESENTATION_CONTEXT(2) 
PARAMETRIC_REPRESENTATION_CONTEXT() REPRESENTATION_CONTEXT('2D SPACE',''
  ) );
#6282 = PCURVE('',#6230,#6283);
#6283 = DEFINITIONAL_REPRESENTATION('',(#6284),#6288);
#6284 = LINE('',#6285,#6286);
#6285 = CARTESIAN_POINT('',(0.,0.));
#6286 = VECTOR('',#6287,1.);
#6287 = DIRECTION('',(1.,0.));
#6288 = ( GEOMETRIC_REPRESENTATION_CONTEXT(2) 
PARAMETRIC_REPRESENTATION_CONTEXT() REPRESENTATION_CONTEXT('2D SPACE',''
  ) );
#6289 = ORIENTED_EDGE('',*,*,#3801,.T.);
#6290 = ORIENTED_EDGE('',*,*,#6291,.T.);
#6291 = EDGE_CURVE('',#3779,#4225,#6292,.T.);
#6292 = SURFACE_CURVE('',#6293,(#6298,#6304),.PCURVE_S1.);
#6293 = CIRCLE('',#6294,5.);
#6294 = AXIS2_PLACEMENT_3D('',#6295,#6296,#6297);
#6295 = CARTESIAN_POINT('',(35.5,9.,7.));
#6296 = DIRECTION('',(0.,0.,-1.));
#6297 = DIRECTION('',(1.,0.,0.));
#6298 = PCURVE('',#3815,#6299);
#6299 = DEFINITIONAL_REPRESENTATION('',(#6300),#6303);
#6300 = B_SPLINE_CURVE_WITH_KNOTS('',1,(#6301,#6302),.UNSPECIFIED.,.F.,
  .F.,(2,2),(4.712388980385,6.28318530718),.PIECEWISE_BEZIER_KNOTS.);
#6301 = CARTESIAN_POINT('',(1.570796326795,7.));
#6302 = CARTESIAN_POINT('',(0.,7.));
#6303 = ( GEOMETRIC_REPRESENTATION_CONTEXT(2) 
PARAMETRIC_REPRESENTATION_CONTEXT() REPRESENTATION_CONTEXT('2D SPACE',''
  ) );
#6304 = PCURVE('',#3869,#6305);
#6305 = DEFINITIONAL_REPRESENTATION('',(#6306),#6309);
#6306 = B_SPLINE_CURVE_WITH_KNOTS('',1,(#6307,#6308),.UNSPECIFIED.,.F.,
  .F.,(2,2),(4.712388980385,6.28318530718),.PIECEWISE_BEZIER_KNOTS.);
#6307 = CARTESIAN_POINT('',(0.,-1.570796326795));
#6308 = CARTESIAN_POINT('',(0.,0.));
#6309 = ( GEOMETRIC_REPRESENTATION_CONTEXT(2) 
PARAMETRIC_REPRESENTATION_CONTEXT() REPRESENTATION_CONTEXT('2D SPACE',''
  ) );
#6310 = ADVANCED_FACE('',(#6311),#3869,.T.);
#6311 = FACE_BOUND('',#6312,.T.);
#6312 = EDGE_LOOP('',(#6313,#6314,#6315));
#6313 = ORIENTED_EDGE('',*,*,#6291,.F.);
#6314 = ORIENTED_EDGE('',*,*,#3855,.T.);
#6315 = ORIENTED_EDGE('',*,*,#4224,.F.);
#6316 = ADVANCED_FACE('',(#6317),#3930,.T.);
#6317 = FACE_BOUND('',#6318,.F.);
#6318 = EDGE_LOOP('',(#6319,#6320,#6321));
#6319 = ORIENTED_EDGE('',*,*,#3947,.F.);
#6320 = ORIENTED_EDGE('',*,*,#5389,.T.);
#6321 = ORIENTED_EDGE('',*,*,#3915,.F.);
#6322 = ADVANCED_FACE('',(#6323),#4156,.T.);
#6323 = FACE_BOUND('',#6324,.T.);
#6324 = EDGE_LOOP('',(#6325,#6326,#6327));
#6325 = ORIENTED_EDGE('',*,*,#4142,.F.);
#6326 = ORIENTED_EDGE('',*,*,#5202,.T.);
#6327 = ORIENTED_EDGE('',*,*,#4172,.F.);
#6328 = ADVANCED_FACE('',(#6329),#4130,.F.);
#6329 = FACE_BOUND('',#6330,.F.);
#6330 = EDGE_LOOP('',(#6331,#6332,#6354));
#6331 = ORIENTED_EDGE('',*,*,#5181,.F.);
#6332 = ORIENTED_EDGE('',*,*,#6333,.F.);
#6333 = EDGE_CURVE('',#4059,#5090,#6334,.T.);
#6334 = SURFACE_CURVE('',#6335,(#6340,#6347),.PCURVE_S1.);
#6335 = CIRCLE('',#6336,11.05);
#6336 = AXIS2_PLACEMENT_3D('',#6337,#6338,#6339);
#6337 = CARTESIAN_POINT('',(-13.25,-22.95,0.));
#6338 = DIRECTION('',(0.,0.,1.));
#6339 = DIRECTION('',(-0.5,-0.866025403784,0.));
#6340 = PCURVE('',#4130,#6341);
#6341 = DEFINITIONAL_REPRESENTATION('',(#6342),#6346);
#6342 = CIRCLE('',#6343,11.05);
#6343 = AXIS2_PLACEMENT_2D('',#6344,#6345);
#6344 = CARTESIAN_POINT('',(14.,14.));
#6345 = DIRECTION('',(1.,0.));
#6346 = ( GEOMETRIC_REPRESENTATION_CONTEXT(2) 
PARAMETRIC_REPRESENTATION_CONTEXT() REPRESENTATION_CONTEXT('2D SPACE',''
  ) );
#6347 = PCURVE('',#4035,#6348);
#6348 = DEFINITIONAL_REPRESENTATION('',(#6349),#6353);
#6349 = LINE('',#6350,#6351);
#6350 = CARTESIAN_POINT('',(0.,1.));
#6351 = VECTOR('',#6352,1.);
#6352 = DIRECTION('',(1.,0.));
#6353 = ( GEOMETRIC_REPRESENTATION_CONTEXT(2) 
PARAMETRIC_REPRESENTATION_CONTEXT() REPRESENTATION_CONTEXT('2D SPACE',''
  ) );
#6354 = ORIENTED_EDGE('',*,*,#4114,.T.);
#6355 = ADVANCED_FACE('',(#6356),#4035,.T.);
#6356 = FACE_BOUND('',#6357,.T.);
#6357 = EDGE_LOOP('',(#6358,#6359,#6382,#6409,#6410,#6411,#6433,#6434,
    #6458,#6550,#6572,#6573));
#6358 = ORIENTED_EDGE('',*,*,#4058,.F.);
#6359 = ORIENTED_EDGE('',*,*,#6360,.F.);
#6360 = EDGE_CURVE('',#6361,#3998,#6363,.T.);
#6361 = VERTEX_POINT('',#6362);
#6362 = CARTESIAN_POINT('',(-18.775,-32.51958071181,-1.));
#6363 = SEAM_CURVE('',#6364,(#6368,#6375),.PCURVE_S1.);
#6364 = LINE('',#6365,#6366);
#6365 = CARTESIAN_POINT('',(-18.775,-32.51958071181,-1.));
#6366 = VECTOR('',#6367,1.);
#6367 = DIRECTION('',(0.,0.,1.));
#6368 = PCURVE('',#4035,#6369);
#6369 = DEFINITIONAL_REPRESENTATION('',(#6370),#6374);
#6370 = LINE('',#6371,#6372);
#6371 = CARTESIAN_POINT('',(6.28318530718,-0.));
#6372 = VECTOR('',#6373,1.);
#6373 = DIRECTION('',(0.,1.));
#6374 = ( GEOMETRIC_REPRESENTATION_CONTEXT(2) 
PARAMETRIC_REPRESENTATION_CONTEXT() REPRESENTATION_CONTEXT('2D SPACE',''
  ) );
#6375 = PCURVE('',#4035,#6376);
#6376 = DEFINITIONAL_REPRESENTATION('',(#6377),#6381);
#6377 = LINE('',#6378,#6379);
#6378 = CARTESIAN_POINT('',(0.,-0.));
#6379 = VECTOR('',#6380,1.);
#6380 = DIRECTION('',(0.,1.));
#6381 = ( GEOMETRIC_REPRESENTATION_CONTEXT(2) 
PARAMETRIC_REPRESENTATION_CONTEXT() REPRESENTATION_CONTEXT('2D SPACE',''
  ) );
#6382 = ORIENTED_EDGE('',*,*,#6383,.T.);
#6383 = EDGE_CURVE('',#6361,#6361,#6384,.T.);
#6384 = SURFACE_CURVE('',#6385,(#6390,#6397),.PCURVE_S1.);
#6385 = CIRCLE('',#6386,11.05);
#6386 = AXIS2_PLACEMENT_3D('',#6387,#6388,#6389);
#6387 = CARTESIAN_POINT('',(-13.25,-22.95,-1.));
#6388 = DIRECTION('',(0.,0.,1.));
#6389 = DIRECTION('',(-0.5,-0.866025403784,0.));
#6390 = PCURVE('',#4035,#6391);
#6391 = DEFINITIONAL_REPRESENTATION('',(#6392),#6396);
#6392 = LINE('',#6393,#6394);
#6393 = CARTESIAN_POINT('',(0.,0.));
#6394 = VECTOR('',#6395,1.);
#6395 = DIRECTION('',(1.,0.));
#6396 = ( GEOMETRIC_REPRESENTATION_CONTEXT(2) 
PARAMETRIC_REPRESENTATION_CONTEXT() REPRESENTATION_CONTEXT('2D SPACE',''
  ) );
#6397 = PCURVE('',#6398,#6403);
#6398 = PLANE('',#6399);
#6399 = AXIS2_PLACEMENT_3D('',#6400,#6401,#6402);
#6400 = CARTESIAN_POINT('',(-13.25,-22.95,-1.));
#6401 = DIRECTION('',(0.,0.,1.));
#6402 = DIRECTION('',(-0.5,-0.866025403784,0.));
#6403 = DEFINITIONAL_REPRESENTATION('',(#6404),#6408);
#6404 = CIRCLE('',#6405,11.05);
#6405 = AXIS2_PLACEMENT_2D('',#6406,#6407);
#6406 = CARTESIAN_POINT('',(0.,0.));
#6407 = DIRECTION('',(1.,0.));
#6408 = ( GEOMETRIC_REPRESENTATION_CONTEXT(2) 
PARAMETRIC_REPRESENTATION_CONTEXT() REPRESENTATION_CONTEXT('2D SPACE',''
  ) );
#6409 = ORIENTED_EDGE('',*,*,#6360,.T.);
#6410 = ORIENTED_EDGE('',*,*,#3997,.F.);
#6411 = ORIENTED_EDGE('',*,*,#6412,.F.);
#6412 = EDGE_CURVE('',#5277,#3970,#6413,.T.);
#6413 = SURFACE_CURVE('',#6414,(#6419,#6426),.PCURVE_S1.);
#6414 = CIRCLE('',#6415,11.05);
#6415 = AXIS2_PLACEMENT_3D('',#6416,#6417,#6418);
#6416 = CARTESIAN_POINT('',(-13.25,-22.95,0.));
#6417 = DIRECTION('',(0.,0.,1.));
#6418 = DIRECTION('',(-0.5,-0.866025403784,0.));
#6419 = PCURVE('',#4035,#6420);
#6420 = DEFINITIONAL_REPRESENTATION('',(#6421),#6425);
#6421 = LINE('',#6422,#6423);
#6422 = CARTESIAN_POINT('',(0.,1.));
#6423 = VECTOR('',#6424,1.);
#6424 = DIRECTION('',(1.,0.));
#6425 = ( GEOMETRIC_REPRESENTATION_CONTEXT(2) 
PARAMETRIC_REPRESENTATION_CONTEXT() REPRESENTATION_CONTEXT('2D SPACE',''
  ) );
#6426 = PCURVE('',#3985,#6427);
#6427 = DEFINITIONAL_REPRESENTATION('',(#6428),#6432);
#6428 = CIRCLE('',#6429,11.05);
#6429 = AXIS2_PLACEMENT_2D('',#6430,#6431);
#6430 = CARTESIAN_POINT('',(14.,14.));
#6431 = DIRECTION('',(1.,0.));
#6432 = ( GEOMETRIC_REPRESENTATION_CONTEXT(2) 
PARAMETRIC_REPRESENTATION_CONTEXT() REPRESENTATION_CONTEXT('2D SPACE',''
  ) );
#6433 = ORIENTED_EDGE('',*,*,#5276,.F.);
#6434 = ORIENTED_EDGE('',*,*,#6435,.F.);
#6435 = EDGE_CURVE('',#6436,#5249,#6438,.T.);
#6436 = VERTEX_POINT('',#6437);
#6437 = CARTESIAN_POINT('',(-14.30219551168,-11.95020979267,
    -8.881784197001E-16));
#6438 = SURFACE_CURVE('',#6439,(#6444,#6451),.PCURVE_S1.);
#6439 = CIRCLE('',#6440,11.05);
#6440 = AXIS2_PLACEMENT_3D('',#6441,#6442,#6443);
#6441 = CARTESIAN_POINT('',(-13.25,-22.95,0.));
#6442 = DIRECTION('',(0.,0.,1.));
#6443 = DIRECTION('',(-0.5,-0.866025403784,0.));
#6444 = PCURVE('',#4035,#6445);
#6445 = DEFINITIONAL_REPRESENTATION('',(#6446),#6450);
#6446 = LINE('',#6447,#6448);
#6447 = CARTESIAN_POINT('',(0.,1.));
#6448 = VECTOR('',#6449,1.);
#6449 = DIRECTION('',(1.,0.));
#6450 = ( GEOMETRIC_REPRESENTATION_CONTEXT(2) 
PARAMETRIC_REPRESENTATION_CONTEXT() REPRESENTATION_CONTEXT('2D SPACE',''
  ) );
#6451 = PCURVE('',#5264,#6452);
#6452 = DEFINITIONAL_REPRESENTATION('',(#6453),#6457);
#6453 = CIRCLE('',#6454,11.05);
#6454 = AXIS2_PLACEMENT_2D('',#6455,#6456);
#6455 = CARTESIAN_POINT('',(14.,14.));
#6456 = DIRECTION('',(1.,0.));
#6457 = ( GEOMETRIC_REPRESENTATION_CONTEXT(2) 
PARAMETRIC_REPRESENTATION_CONTEXT() REPRESENTATION_CONTEXT('2D SPACE',''
  ) );
#6458 = ORIENTED_EDGE('',*,*,#6459,.F.);
#6459 = EDGE_CURVE('',#6460,#6436,#6462,.T.);
#6460 = VERTEX_POINT('',#6461);
#6461 = CARTESIAN_POINT('',(-3.197804488313,-18.3613329392,
    -8.881784197001E-16));
#6462 = SURFACE_CURVE('',#6463,(#6490,#6520),.PCURVE_S1.);
#6463 = B_SPLINE_CURVE_WITH_KNOTS('',7,(#6464,#6465,#6466,#6467,#6468,
    #6469,#6470,#6471,#6472,#6473,#6474,#6475,#6476,#6477,#6478,#6479,
    #6480,#6481,#6482,#6483,#6484,#6485,#6486,#6487,#6488,#6489),
  .UNSPECIFIED.,.F.,.F.,(8,6,6,6,8),(0.,0.252197373472,0.500001857211,
    0.746815989409,1.),.UNSPECIFIED.);
#6464 = CARTESIAN_POINT('',(-3.197804488313,-18.3613329392,
    -8.881784197001E-16));
#6465 = CARTESIAN_POINT('',(-3.41514426183,-17.88521604797,
    -8.173319193312E-16));
#6466 = CARTESIAN_POINT('',(-3.655577492362,-17.42815452609,
    2.151496598054E-02));
#6467 = CARTESIAN_POINT('',(-3.916928925048,-16.99120210753,
    5.739402127192E-02));
#6468 = CARTESIAN_POINT('',(-4.197288469535,-16.57458242743,
    0.102116536719));
#6469 = CARTESIAN_POINT('',(-4.495264498957,-16.17802916759,
    0.151176657351));
#6470 = CARTESIAN_POINT('',(-4.810045479712,-15.80104832978,
    0.200864954844));
#6471 = CARTESIAN_POINT('',(-5.466900702175,-15.09153360525,
    0.294489973649));
#6472 = CARTESIAN_POINT('',(-5.808528366129,-14.75820549737,
    0.338529802088));
#6473 = CARTESIAN_POINT('',(-6.165137671408,-14.4437092782,
    0.377150668277));
#6474 = CARTESIAN_POINT('',(-6.535761960267,-14.14840900372,
    0.407890930454));
#6475 = CARTESIAN_POINT('',(-6.919636644089,-13.87256077127,
    0.428997189194));
#6476 = CARTESIAN_POINT('',(-7.31620423175,-13.61643763502,
    0.439572388471));
#6477 = CARTESIAN_POINT('',(-8.132162014439,-13.14534418954,
    0.439572388471));
#6478 = CARTESIAN_POINT('',(-8.550534993503,-12.93074447653,
    0.429081550196));
#6479 = CARTESIAN_POINT('',(-8.979563052154,-12.73683196471,
    0.408143109005));
#6480 = CARTESIAN_POINT('',(-9.41873521416,-12.563949486,0.377639998199)
  );
#6481 = CARTESIAN_POINT('',(-9.867453079239,-12.41262409577,
    0.33929819848));
#6482 = CARTESIAN_POINT('',(-10.32492684981,-12.28350201445,
    0.295542315754));
#6483 = CARTESIAN_POINT('',(-11.26741109582,-12.06829609196,
    0.202035148646));
#6484 = CARTESIAN_POINT('',(-11.75300589369,-11.983368351,0.152140292138
    ));
#6485 = CARTESIAN_POINT('',(-12.24721927381,-11.92295650666,
    0.102819245195));
#6486 = CARTESIAN_POINT('',(-12.75007567848,-11.88801785418,
    5.781668387777E-02));
#6487 = CARTESIAN_POINT('',(-13.26110749788,-11.87990478935,
    2.168387898606E-02));
#6488 = CARTESIAN_POINT('',(-13.77915501246,-11.90017785067,
    -8.266618997884E-16));
#6489 = CARTESIAN_POINT('',(-14.30219551168,-11.95020979267,
    -8.881784197001E-16));
#6490 = PCURVE('',#4035,#6491);
#6491 = DEFINITIONAL_REPRESENTATION('',(#6492),#6519);
#6492 = B_SPLINE_CURVE_WITH_KNOTS('',7,(#6493,#6494,#6495,#6496,#6497,
    #6498,#6499,#6500,#6501,#6502,#6503,#6504,#6505,#6506,#6507,#6508,
    #6509,#6510,#6511,#6512,#6513,#6514,#6515,#6516,#6517,#6518),
  .UNSPECIFIED.,.F.,.F.,(8,6,6,6,8),(0.,0.252197373472,0.500001857211,
    0.746815989409,1.),.UNSPECIFIED.);
#6493 = CARTESIAN_POINT('',(2.522628077563,1.));
#6494 = CARTESIAN_POINT('',(2.569992545423,1.));
#6495 = CARTESIAN_POINT('',(2.616656120456,1.021514965981));
#6496 = CARTESIAN_POINT('',(2.662623900196,1.057394021272));
#6497 = CARTESIAN_POINT('',(2.707955972476,1.102116536719));
#6498 = CARTESIAN_POINT('',(2.752750335276,1.151176657351));
#6499 = CARTESIAN_POINT('',(2.797137708169,1.200864954844));
#6500 = CARTESIAN_POINT('',(2.884638768722,1.294489973649));
#6501 = CARTESIAN_POINT('',(2.927777752762,1.338529802088));
#6502 = CARTESIAN_POINT('',(2.970720396938,1.377150668277));
#6503 = CARTESIAN_POINT('',(3.013510093674,1.407890930454));
#6504 = CARTESIAN_POINT('',(3.056204794948,1.428997189194));
#6505 = CARTESIAN_POINT('',(3.098874400768,1.439572388471));
#6506 = CARTESIAN_POINT('',(3.184140182755,1.439572388471));
#6507 = CARTESIAN_POINT('',(3.22663986209,1.429081550196));
#6508 = CARTESIAN_POINT('',(3.269164364478,1.408143109005));
#6509 = CARTESIAN_POINT('',(3.311782591857,1.377639998199));
#6510 = CARTESIAN_POINT('',(3.354551691963,1.33929819848));
#6511 = CARTESIAN_POINT('',(3.397514454613,1.295542315754));
#6512 = CARTESIAN_POINT('',(3.485002420684,1.202035148646));
#6513 = CARTESIAN_POINT('',(3.529555895577,1.152140292138));
#6514 = CARTESIAN_POINT('',(3.574517844395,1.102819245195));
#6515 = CARTESIAN_POINT('',(3.620020589732,1.057816683878));
#6516 = CARTESIAN_POINT('',(3.666163390996,1.021683878986));
#6517 = CARTESIAN_POINT('',(3.713007186446,1.));
#6518 = CARTESIAN_POINT('',(3.760557229616,1.));
#6519 = ( GEOMETRIC_REPRESENTATION_CONTEXT(2) 
PARAMETRIC_REPRESENTATION_CONTEXT() REPRESENTATION_CONTEXT('2D SPACE',''
  ) );
#6520 = PCURVE('',#4934,#6521);
#6521 = DEFINITIONAL_REPRESENTATION('',(#6522),#6549);
#6522 = B_SPLINE_CURVE_WITH_KNOTS('',7,(#6523,#6524,#6525,#6526,#6527,
    #6528,#6529,#6530,#6531,#6532,#6533,#6534,#6535,#6536,#6537,#6538,
    #6539,#6540,#6541,#6542,#6543,#6544,#6545,#6546,#6547,#6548),
  .UNSPECIFIED.,.F.,.F.,(8,6,6,6,8),(0.,0.252197373472,0.500001857211,
    0.746815989409,1.),.UNSPECIFIED.);
#6523 = CARTESIAN_POINT('',(-1.570796326795,20.411123146532));
#6524 = CARTESIAN_POINT('',(-1.510064439552,19.984842935799));
#6525 = CARTESIAN_POINT('',(-1.454942297845,19.548090889301));
#6526 = CARTESIAN_POINT('',(-1.405029699009,19.103277700003));
#6527 = CARTESIAN_POINT('',(-1.36010990865,18.652169372234));
#6528 = CARTESIAN_POINT('',(-1.320053462482,18.195837931116));
#6529 = CARTESIAN_POINT('',(-1.28482311493,17.734739186246));
#6530 = CARTESIAN_POINT('',(-1.22463045784,16.811128514721));
#6531 = CARTESIAN_POINT('',(-1.199488637197,16.348606225163));
#6532 = CARTESIAN_POINT('',(-1.179164382694,15.882525397978));
#6533 = CARTESIAN_POINT('',(-1.163796811157,15.413905211326));
#6534 = CARTESIAN_POINT('',(-1.153500859129,14.943535867042));
#6535 = CARTESIAN_POINT('',(-1.148342264608,14.472036693685));
#6536 = CARTESIAN_POINT('',(-1.148342264608,13.52984980272));
#6537 = CARTESIAN_POINT('',(-1.153459708832,13.06022831809));
#6538 = CARTESIAN_POINT('',(-1.163673790905,12.591722864452));
#6539 = CARTESIAN_POINT('',(-1.178919774897,12.124947376163));
#6540 = CARTESIAN_POINT('',(-1.199084380288,11.660683610762));
#6541 = CARTESIAN_POINT('',(-1.224030171427,11.199938663218));
#6542 = CARTESIAN_POINT('',(-1.283994678956,10.276120402259));
#6543 = CARTESIAN_POINT('',(-1.319268037379,9.813119100884));
#6544 = CARTESIAN_POINT('',(-1.359405225591,9.354911836634));
#6545 = CARTESIAN_POINT('',(-1.404442628049,8.901956089492));
#6546 = CARTESIAN_POINT('',(-1.454510252292,8.455333019337));
#6547 = CARTESIAN_POINT('',(-1.509826490317,8.016827242));
#6548 = CARTESIAN_POINT('',(-1.570796326795,7.588876853468));
#6549 = ( GEOMETRIC_REPRESENTATION_CONTEXT(2) 
PARAMETRIC_REPRESENTATION_CONTEXT() REPRESENTATION_CONTEXT('2D SPACE',''
  ) );
#6550 = ORIENTED_EDGE('',*,*,#6551,.F.);
#6551 = EDGE_CURVE('',#5062,#6460,#6552,.T.);
#6552 = SURFACE_CURVE('',#6553,(#6558,#6565),.PCURVE_S1.);
#6553 = CIRCLE('',#6554,11.05);
#6554 = AXIS2_PLACEMENT_3D('',#6555,#6556,#6557);
#6555 = CARTESIAN_POINT('',(-13.25,-22.95,0.));
#6556 = DIRECTION('',(0.,0.,1.));
#6557 = DIRECTION('',(-0.5,-0.866025403784,0.));
#6558 = PCURVE('',#4035,#6559);
#6559 = DEFINITIONAL_REPRESENTATION('',(#6560),#6564);
#6560 = LINE('',#6561,#6562);
#6561 = CARTESIAN_POINT('',(0.,1.));
#6562 = VECTOR('',#6563,1.);
#6563 = DIRECTION('',(1.,0.));
#6564 = ( GEOMETRIC_REPRESENTATION_CONTEXT(2) 
PARAMETRIC_REPRESENTATION_CONTEXT() REPRESENTATION_CONTEXT('2D SPACE',''
  ) );
#6565 = PCURVE('',#5077,#6566);
#6566 = DEFINITIONAL_REPRESENTATION('',(#6567),#6571);
#6567 = CIRCLE('',#6568,11.05);
#6568 = AXIS2_PLACEMENT_2D('',#6569,#6570);
#6569 = CARTESIAN_POINT('',(14.,14.));
#6570 = DIRECTION('',(1.,0.));
#6571 = ( GEOMETRIC_REPRESENTATION_CONTEXT(2) 
PARAMETRIC_REPRESENTATION_CONTEXT() REPRESENTATION_CONTEXT('2D SPACE',''
  ) );
#6572 = ORIENTED_EDGE('',*,*,#5089,.F.);
#6573 = ORIENTED_EDGE('',*,*,#6333,.F.);
#6574 = ADVANCED_FACE('',(#6575),#3985,.F.);
#6575 = FACE_BOUND('',#6576,.F.);
#6576 = EDGE_LOOP('',(#6577,#6578,#6579));
#6577 = ORIENTED_EDGE('',*,*,#6412,.F.);
#6578 = ORIENTED_EDGE('',*,*,#5368,.T.);
#6579 = ORIENTED_EDGE('',*,*,#3969,.T.);
#6580 = ADVANCED_FACE('',(#6581),#4262,.T.);
#6581 = FACE_BOUND('',#6582,.T.);
#6582 = EDGE_LOOP('',(#6583,#6584,#6610,#6611));
#6583 = ORIENTED_EDGE('',*,*,#4513,.F.);
#6584 = ORIENTED_EDGE('',*,*,#6585,.T.);
#6585 = EDGE_CURVE('',#4514,#6246,#6586,.T.);
#6586 = SURFACE_CURVE('',#6587,(#6591,#6598),.PCURVE_S1.);
#6587 = LINE('',#6588,#6589);
#6588 = CARTESIAN_POINT('',(40.5,-14.,5.));
#6589 = VECTOR('',#6590,1.);
#6590 = DIRECTION('',(0.,1.,0.));
#6591 = PCURVE('',#4262,#6592);
#6592 = DEFINITIONAL_REPRESENTATION('',(#6593),#6597);
#6593 = LINE('',#6594,#6595);
#6594 = CARTESIAN_POINT('',(5.,0.));
#6595 = VECTOR('',#6596,1.);
#6596 = DIRECTION('',(0.,-1.));
#6597 = ( GEOMETRIC_REPRESENTATION_CONTEXT(2) 
PARAMETRIC_REPRESENTATION_CONTEXT() REPRESENTATION_CONTEXT('2D SPACE',''
  ) );
#6598 = PCURVE('',#6599,#6604);
#6599 = CYLINDRICAL_SURFACE('',#6600,5.);
#6600 = AXIS2_PLACEMENT_3D('',#6601,#6602,#6603);
#6601 = CARTESIAN_POINT('',(35.5,-14.,5.));
#6602 = DIRECTION('',(0.,1.,0.));
#6603 = DIRECTION('',(1.,0.,-0.));
#6604 = DEFINITIONAL_REPRESENTATION('',(#6605),#6609);
#6605 = LINE('',#6606,#6607);
#6606 = CARTESIAN_POINT('',(0.,0.));
#6607 = VECTOR('',#6608,1.);
#6608 = DIRECTION('',(0.,1.));
#6609 = ( GEOMETRIC_REPRESENTATION_CONTEXT(2) 
PARAMETRIC_REPRESENTATION_CONTEXT() REPRESENTATION_CONTEXT('2D SPACE',''
  ) );
#6610 = ORIENTED_EDGE('',*,*,#6245,.T.);
#6611 = ORIENTED_EDGE('',*,*,#4248,.F.);
#6612 = ADVANCED_FACE('',(#6613),#4320,.T.);
#6613 = FACE_BOUND('',#6614,.T.);
#6614 = EDGE_LOOP('',(#6615,#6635,#6636));
#6615 = ORIENTED_EDGE('',*,*,#6616,.F.);
#6616 = EDGE_CURVE('',#4305,#4564,#6617,.T.);
#6617 = SURFACE_CURVE('',#6618,(#6623,#6629),.PCURVE_S1.);
#6618 = CIRCLE('',#6619,5.);
#6619 = AXIS2_PLACEMENT_3D('',#6620,#6621,#6622);
#6620 = CARTESIAN_POINT('',(17.5,-9.,5.));
#6621 = DIRECTION('',(0.,1.,-0.));
#6622 = DIRECTION('',(-1.,0.,0.));
#6623 = PCURVE('',#4320,#6624);
#6624 = DEFINITIONAL_REPRESENTATION('',(#6625),#6628);
#6625 = B_SPLINE_CURVE_WITH_KNOTS('',1,(#6626,#6627),.UNSPECIFIED.,.F.,
  .F.,(2,2),(4.712388980385,6.28318530718),.PIECEWISE_BEZIER_KNOTS.);
#6626 = CARTESIAN_POINT('',(0.,-1.570796326795));
#6627 = CARTESIAN_POINT('',(0.,0.));
#6628 = ( GEOMETRIC_REPRESENTATION_CONTEXT(2) 
PARAMETRIC_REPRESENTATION_CONTEXT() REPRESENTATION_CONTEXT('2D SPACE',''
  ) );
#6629 = PCURVE('',#4683,#6630);
#6630 = DEFINITIONAL_REPRESENTATION('',(#6631),#6634);
#6631 = B_SPLINE_CURVE_WITH_KNOTS('',1,(#6632,#6633),.UNSPECIFIED.,.F.,
  .F.,(2,2),(4.712388980385,6.28318530718),.PIECEWISE_BEZIER_KNOTS.);
#6632 = CARTESIAN_POINT('',(-1.570796326795,5.));
#6633 = CARTESIAN_POINT('',(0.,5.));
#6634 = ( GEOMETRIC_REPRESENTATION_CONTEXT(2) 
PARAMETRIC_REPRESENTATION_CONTEXT() REPRESENTATION_CONTEXT('2D SPACE',''
  ) );
#6635 = ORIENTED_EDGE('',*,*,#4304,.T.);
#6636 = ORIENTED_EDGE('',*,*,#4586,.F.);
#6637 = ADVANCED_FACE('',(#6638),#4498,.T.);
#6638 = FACE_BOUND('',#6639,.F.);
#6639 = EDGE_LOOP('',(#6640,#6660,#6661));
#6640 = ORIENTED_EDGE('',*,*,#6641,.F.);
#6641 = EDGE_CURVE('',#4457,#4514,#6642,.T.);
#6642 = SURFACE_CURVE('',#6643,(#6648,#6654),.PCURVE_S1.);
#6643 = CIRCLE('',#6644,5.);
#6644 = AXIS2_PLACEMENT_3D('',#6645,#6646,#6647);
#6645 = CARTESIAN_POINT('',(35.5,-9.,5.));
#6646 = DIRECTION('',(0.,-1.,0.));
#6647 = DIRECTION('',(1.,0.,0.));
#6648 = PCURVE('',#4498,#6649);
#6649 = DEFINITIONAL_REPRESENTATION('',(#6650),#6653);
#6650 = B_SPLINE_CURVE_WITH_KNOTS('',1,(#6651,#6652),.UNSPECIFIED.,.F.,
  .F.,(2,2),(4.712388980385,6.28318530718),.PIECEWISE_BEZIER_KNOTS.);
#6651 = CARTESIAN_POINT('',(0.,-1.570796326795));
#6652 = CARTESIAN_POINT('',(0.,0.));
#6653 = ( GEOMETRIC_REPRESENTATION_CONTEXT(2) 
PARAMETRIC_REPRESENTATION_CONTEXT() REPRESENTATION_CONTEXT('2D SPACE',''
  ) );
#6654 = PCURVE('',#6599,#6655);
#6655 = DEFINITIONAL_REPRESENTATION('',(#6656),#6659);
#6656 = B_SPLINE_CURVE_WITH_KNOTS('',1,(#6657,#6658),.UNSPECIFIED.,.F.,
  .F.,(2,2),(4.712388980385,6.28318530718),.PIECEWISE_BEZIER_KNOTS.);
#6657 = CARTESIAN_POINT('',(1.570796326795,5.));
#6658 = CARTESIAN_POINT('',(0.,5.));
#6659 = ( GEOMETRIC_REPRESENTATION_CONTEXT(2) 
PARAMETRIC_REPRESENTATION_CONTEXT() REPRESENTATION_CONTEXT('2D SPACE',''
  ) );
#6660 = ORIENTED_EDGE('',*,*,#4484,.T.);
#6661 = ORIENTED_EDGE('',*,*,#4536,.F.);
#6662 = ADVANCED_FACE('',(#6663),#4472,.F.);
#6663 = FACE_BOUND('',#6664,.F.);
#6664 = EDGE_LOOP('',(#6665,#6689,#6690));
#6665 = ORIENTED_EDGE('',*,*,#6666,.F.);
#6666 = EDGE_CURVE('',#4360,#6667,#6669,.T.);
#6667 = VERTEX_POINT('',#6668);
#6668 = CARTESIAN_POINT('',(35.5,-6.411123146532,-8.881784197001E-16));
#6669 = SURFACE_CURVE('',#6670,(#6675,#6682),.PCURVE_S1.);
#6670 = CIRCLE('',#6671,11.05);
#6671 = AXIS2_PLACEMENT_3D('',#6672,#6673,#6674);
#6672 = CARTESIAN_POINT('',(26.5,0.,0.));
#6673 = DIRECTION('',(0.,0.,1.));
#6674 = DIRECTION('',(1.,0.,-0.));
#6675 = PCURVE('',#4472,#6676);
#6676 = DEFINITIONAL_REPRESENTATION('',(#6677),#6681);
#6677 = CIRCLE('',#6678,11.05);
#6678 = AXIS2_PLACEMENT_2D('',#6679,#6680);
#6679 = CARTESIAN_POINT('',(14.,14.));
#6680 = DIRECTION('',(1.,0.));
#6681 = ( GEOMETRIC_REPRESENTATION_CONTEXT(2) 
PARAMETRIC_REPRESENTATION_CONTEXT() REPRESENTATION_CONTEXT('2D SPACE',''
  ) );
#6682 = PCURVE('',#4421,#6683);
#6683 = DEFINITIONAL_REPRESENTATION('',(#6684),#6688);
#6684 = LINE('',#6685,#6686);
#6685 = CARTESIAN_POINT('',(0.,1.));
#6686 = VECTOR('',#6687,1.);
#6687 = DIRECTION('',(1.,0.));
#6688 = ( GEOMETRIC_REPRESENTATION_CONTEXT(2) 
PARAMETRIC_REPRESENTATION_CONTEXT() REPRESENTATION_CONTEXT('2D SPACE',''
  ) );
#6689 = ORIENTED_EDGE('',*,*,#4456,.T.);
#6690 = ORIENTED_EDGE('',*,*,#6691,.T.);
#6691 = EDGE_CURVE('',#4457,#6667,#6692,.T.);
#6692 = SURFACE_CURVE('',#6693,(#6697,#6704),.PCURVE_S1.);
#6693 = LINE('',#6694,#6695);
#6694 = CARTESIAN_POINT('',(35.5,-14.,-8.881784197001E-16));
#6695 = VECTOR('',#6696,1.);
#6696 = DIRECTION('',(0.,1.,0.));
#6697 = PCURVE('',#4472,#6698);
#6698 = DEFINITIONAL_REPRESENTATION('',(#6699),#6703);
#6699 = LINE('',#6700,#6701);
#6700 = CARTESIAN_POINT('',(23.,0.));
#6701 = VECTOR('',#6702,1.);
#6702 = DIRECTION('',(0.,1.));
#6703 = ( GEOMETRIC_REPRESENTATION_CONTEXT(2) 
PARAMETRIC_REPRESENTATION_CONTEXT() REPRESENTATION_CONTEXT('2D SPACE',''
  ) );
#6704 = PCURVE('',#6599,#6705);
#6705 = DEFINITIONAL_REPRESENTATION('',(#6706),#6710);
#6706 = LINE('',#6707,#6708);
#6707 = CARTESIAN_POINT('',(1.570796326795,0.));
#6708 = VECTOR('',#6709,1.);
#6709 = DIRECTION('',(0.,1.));
#6710 = ( GEOMETRIC_REPRESENTATION_CONTEXT(2) 
PARAMETRIC_REPRESENTATION_CONTEXT() REPRESENTATION_CONTEXT('2D SPACE',''
  ) );
#6711 = ADVANCED_FACE('',(#6712),#4421,.T.);
#6712 = FACE_BOUND('',#6713,.T.);
#6713 = EDGE_LOOP('',(#6714,#6772,#6795,#6822,#6823,#6877,#6878,#6879,
    #6903,#6995,#7017,#7018));
#6714 = ORIENTED_EDGE('',*,*,#6715,.F.);
#6715 = EDGE_CURVE('',#6716,#6718,#6720,.T.);
#6716 = VERTEX_POINT('',#6717);
#6717 = CARTESIAN_POINT('',(37.55,-2.706469426116E-15,0.439572388471));
#6718 = VERTEX_POINT('',#6719);
#6719 = CARTESIAN_POINT('',(35.5,6.411123146532,-8.881784197001E-16));
#6720 = SURFACE_CURVE('',#6721,(#6736,#6754),.PCURVE_S1.);
#6721 = B_SPLINE_CURVE_WITH_KNOTS('',7,(#6722,#6723,#6724,#6725,#6726,
    #6727,#6728,#6729,#6730,#6731,#6732,#6733,#6734,#6735),
  .UNSPECIFIED.,.F.,.F.,(8,6,8),(0.,0.493630097908,1.),.UNSPECIFIED.);
#6722 = CARTESIAN_POINT('',(37.55,-3.129591552458E-15,0.439572388471));
#6723 = CARTESIAN_POINT('',(37.55,0.470150197281,0.439572388471));
#6724 = CARTESIAN_POINT('',(37.526662313575,0.939771681908,
    0.429081550196));
#6725 = CARTESIAN_POINT('',(37.480081445601,1.40827713555,0.408143109005
    ));
#6726 = CARTESIAN_POINT('',(37.41021598303,1.875052623835,0.377639998199
    ));
#6727 = CARTESIAN_POINT('',(37.316908682662,2.33931638924,0.33929819848)
  );
#6728 = CARTESIAN_POINT('',(37.199994799997,2.800061336781,
    0.295542315754));
#6729 = CARTESIAN_POINT('',(36.915126472881,3.723879597812,
    0.202035148638));
#6730 = CARTESIAN_POINT('',(36.745878655153,4.186880899012,
    0.152140292148));
#6731 = CARTESIAN_POINT('',(36.551090156979,4.645088163366,
    0.102819245195));
#6732 = CARTESIAN_POINT('',(36.329919715196,5.098043910573,
    5.78166838696E-02));
#6733 = CARTESIAN_POINT('',(36.081429925785,5.544666980659,
    2.168387898999E-02));
#6734 = CARTESIAN_POINT('',(35.804849182407,5.983172757973,
    -8.881784197001E-16));
#6735 = CARTESIAN_POINT('',(35.5,6.411123146532,-8.881784197001E-16));
#6736 = PCURVE('',#4421,#6737);
#6737 = DEFINITIONAL_REPRESENTATION('',(#6738),#6753);
#6738 = B_SPLINE_CURVE_WITH_KNOTS('',7,(#6739,#6740,#6741,#6742,#6743,
    #6744,#6745,#6746,#6747,#6748,#6749,#6750,#6751,#6752),
  .UNSPECIFIED.,.F.,.F.,(8,6,8),(0.,0.493630097908,1.),.UNSPECIFIED.);
#6739 = CARTESIAN_POINT('',(0.,1.439572388471));
#6740 = CARTESIAN_POINT('',(4.254752916571E-02,1.439572388471));
#6741 = CARTESIAN_POINT('',(8.504720849958E-02,1.429081550196));
#6742 = CARTESIAN_POINT('',(0.127571710888,1.408143109005));
#6743 = CARTESIAN_POINT('',(0.170189938268,1.377639998199));
#6744 = CARTESIAN_POINT('',(0.212959038373,1.33929819848));
#6745 = CARTESIAN_POINT('',(0.255921801023,1.295542315754));
#6746 = CARTESIAN_POINT('',(0.3434097671,1.202035148638));
#6747 = CARTESIAN_POINT('',(0.387963241978,1.152140292148));
#6748 = CARTESIAN_POINT('',(0.432925190805,1.102819245195));
#6749 = CARTESIAN_POINT('',(0.478427936149,1.05781668387));
#6750 = CARTESIAN_POINT('',(0.524570737406,1.02168387899));
#6751 = CARTESIAN_POINT('',(0.571414532853,1.));
#6752 = CARTESIAN_POINT('',(0.618964576027,1.));
#6753 = ( GEOMETRIC_REPRESENTATION_CONTEXT(2) 
PARAMETRIC_REPRESENTATION_CONTEXT() REPRESENTATION_CONTEXT('2D SPACE',''
  ) );
#6754 = PCURVE('',#6599,#6755);
#6755 = DEFINITIONAL_REPRESENTATION('',(#6756),#6771);
#6756 = B_SPLINE_CURVE_WITH_KNOTS('',7,(#6757,#6758,#6759,#6760,#6761,
    #6762,#6763,#6764,#6765,#6766,#6767,#6768,#6769,#6770),
  .UNSPECIFIED.,.F.,.F.,(8,6,8),(0.,0.493630097908,1.),.UNSPECIFIED.);
#6757 = CARTESIAN_POINT('',(1.148342264608,14.));
#6758 = CARTESIAN_POINT('',(1.148342264608,14.470150197281));
#6759 = CARTESIAN_POINT('',(1.153459708832,14.939771681907));
#6760 = CARTESIAN_POINT('',(1.163673790905,15.40827713555));
#6761 = CARTESIAN_POINT('',(1.178919774897,15.875052623835));
#6762 = CARTESIAN_POINT('',(1.199084380288,16.33931638924));
#6763 = CARTESIAN_POINT('',(1.224030171427,16.800061336781));
#6764 = CARTESIAN_POINT('',(1.283994678961,17.723879597812));
#6765 = CARTESIAN_POINT('',(1.319268037374,18.186880899012));
#6766 = CARTESIAN_POINT('',(1.359405225586,18.645088163366));
#6767 = CARTESIAN_POINT('',(1.404442628058,19.098043910573));
#6768 = CARTESIAN_POINT('',(1.454510252292,19.544666980659));
#6769 = CARTESIAN_POINT('',(1.509826490314,19.983172757973));
#6770 = CARTESIAN_POINT('',(1.570796326795,20.411123146532));
#6771 = ( GEOMETRIC_REPRESENTATION_CONTEXT(2) 
PARAMETRIC_REPRESENTATION_CONTEXT() REPRESENTATION_CONTEXT('2D SPACE',''
  ) );
#6772 = ORIENTED_EDGE('',*,*,#6773,.F.);
#6773 = EDGE_CURVE('',#6774,#6716,#6776,.T.);
#6774 = VERTEX_POINT('',#6775);
#6775 = CARTESIAN_POINT('',(37.55,-2.706469426116E-15,-1.));
#6776 = SEAM_CURVE('',#6777,(#6781,#6788),.PCURVE_S1.);
#6777 = LINE('',#6778,#6779);
#6778 = CARTESIAN_POINT('',(37.55,-2.706469426116E-15,-1.));
#6779 = VECTOR('',#6780,1.);
#6780 = DIRECTION('',(0.,0.,1.));
#6781 = PCURVE('',#4421,#6782);
#6782 = DEFINITIONAL_REPRESENTATION('',(#6783),#6787);
#6783 = LINE('',#6784,#6785);
#6784 = CARTESIAN_POINT('',(6.28318530718,-0.));
#6785 = VECTOR('',#6786,1.);
#6786 = DIRECTION('',(0.,1.));
#6787 = ( GEOMETRIC_REPRESENTATION_CONTEXT(2) 
PARAMETRIC_REPRESENTATION_CONTEXT() REPRESENTATION_CONTEXT('2D SPACE',''
  ) );
#6788 = PCURVE('',#4421,#6789);
#6789 = DEFINITIONAL_REPRESENTATION('',(#6790),#6794);
#6790 = LINE('',#6791,#6792);
#6791 = CARTESIAN_POINT('',(0.,-0.));
#6792 = VECTOR('',#6793,1.);
#6793 = DIRECTION('',(0.,1.));
#6794 = ( GEOMETRIC_REPRESENTATION_CONTEXT(2) 
PARAMETRIC_REPRESENTATION_CONTEXT() REPRESENTATION_CONTEXT('2D SPACE',''
  ) );
#6795 = ORIENTED_EDGE('',*,*,#6796,.T.);
#6796 = EDGE_CURVE('',#6774,#6774,#6797,.T.);
#6797 = SURFACE_CURVE('',#6798,(#6803,#6810),.PCURVE_S1.);
#6798 = CIRCLE('',#6799,11.05);
#6799 = AXIS2_PLACEMENT_3D('',#6800,#6801,#6802);
#6800 = CARTESIAN_POINT('',(26.5,0.,-1.));
#6801 = DIRECTION('',(0.,0.,1.));
#6802 = DIRECTION('',(1.,0.,0.));
#6803 = PCURVE('',#4421,#6804);
#6804 = DEFINITIONAL_REPRESENTATION('',(#6805),#6809);
#6805 = LINE('',#6806,#6807);
#6806 = CARTESIAN_POINT('',(0.,0.));
#6807 = VECTOR('',#6808,1.);
#6808 = DIRECTION('',(1.,0.));
#6809 = ( GEOMETRIC_REPRESENTATION_CONTEXT(2) 
PARAMETRIC_REPRESENTATION_CONTEXT() REPRESENTATION_CONTEXT('2D SPACE',''
  ) );
#6810 = PCURVE('',#6811,#6816);
#6811 = PLANE('',#6812);
#6812 = AXIS2_PLACEMENT_3D('',#6813,#6814,#6815);
#6813 = CARTESIAN_POINT('',(26.5,0.,-1.));
#6814 = DIRECTION('',(0.,0.,1.));
#6815 = DIRECTION('',(1.,0.,0.));
#6816 = DEFINITIONAL_REPRESENTATION('',(#6817),#6821);
#6817 = CIRCLE('',#6818,11.05);
#6818 = AXIS2_PLACEMENT_2D('',#6819,#6820);
#6819 = CARTESIAN_POINT('',(0.,0.));
#6820 = DIRECTION('',(1.,0.));
#6821 = ( GEOMETRIC_REPRESENTATION_CONTEXT(2) 
PARAMETRIC_REPRESENTATION_CONTEXT() REPRESENTATION_CONTEXT('2D SPACE',''
  ) );
#6822 = ORIENTED_EDGE('',*,*,#6773,.T.);
#6823 = ORIENTED_EDGE('',*,*,#6824,.F.);
#6824 = EDGE_CURVE('',#6667,#6716,#6825,.T.);
#6825 = SURFACE_CURVE('',#6826,(#6841,#6859),.PCURVE_S1.);
#6826 = B_SPLINE_CURVE_WITH_KNOTS('',7,(#6827,#6828,#6829,#6830,#6831,
    #6832,#6833,#6834,#6835,#6836,#6837,#6838,#6839,#6840),
  .UNSPECIFIED.,.F.,.F.,(8,6,8),(0.,0.504392870802,1.),.UNSPECIFIED.);
#6827 = CARTESIAN_POINT('',(35.5,-6.411123146532,-8.881784197001E-16));
#6828 = CARTESIAN_POINT('',(35.803659436258,-5.984842935739,
    -8.881784197001E-16));
#6829 = CARTESIAN_POINT('',(36.079269709989,-5.548090889298,
    2.151496598904E-02));
#6830 = CARTESIAN_POINT('',(36.32700588827,-5.103277700141,
    5.739402125423E-02));
#6831 = CARTESIAN_POINT('',(36.547629342858,-4.652169372246,
    0.102116536718));
#6832 = CARTESIAN_POINT('',(36.742066525123,-4.195837930882,
    0.151176657374));
#6833 = CARTESIAN_POINT('',(36.911151016933,-3.734739186397,
    0.200864954829));
#6834 = CARTESIAN_POINT('',(37.197181183076,-2.811128509787,
    0.294489974149));
#6835 = CARTESIAN_POINT('',(37.315037954591,-2.348606237034,
    0.338529800684));
#6836 = CARTESIAN_POINT('',(37.409095026198,-1.882525390675,
    0.377150669898));
#6837 = CARTESIAN_POINT('',(37.479520413709,-1.413905203762,
    0.407890929598));
#6838 = CARTESIAN_POINT('',(37.52647465191,-0.943535879896,
    0.428997189358));
#6839 = CARTESIAN_POINT('',(37.55,-0.472036688068,0.439572388471));
#6840 = CARTESIAN_POINT('',(37.55,-3.552713678801E-15,0.439572388471));
#6841 = PCURVE('',#4421,#6842);
#6842 = DEFINITIONAL_REPRESENTATION('',(#6843),#6858);
#6843 = B_SPLINE_CURVE_WITH_KNOTS('',7,(#6844,#6845,#6846,#6847,#6848,
    #6849,#6850,#6851,#6852,#6853,#6854,#6855,#6856,#6857),
  .UNSPECIFIED.,.F.,.F.,(8,6,8),(0.,0.504392870802,1.),.UNSPECIFIED.);
#6844 = CARTESIAN_POINT('',(5.664220731153,1.));
#6845 = CARTESIAN_POINT('',(5.711585199019,1.));
#6846 = CARTESIAN_POINT('',(5.758248774046,1.021514965989));
#6847 = CARTESIAN_POINT('',(5.804216553771,1.057394021254));
#6848 = CARTESIAN_POINT('',(5.849548626067,1.102116536718));
#6849 = CARTESIAN_POINT('',(5.894342988888,1.151176657374));
#6850 = CARTESIAN_POINT('',(5.938730361744,1.200864954829));
#6851 = CARTESIAN_POINT('',(6.026231422779,1.294489974149));
#6852 = CARTESIAN_POINT('',(6.069370405223,1.338529800684));
#6853 = CARTESIAN_POINT('',(6.112313051253,1.377150669898));
#6854 = CARTESIAN_POINT('',(6.155102747912,1.407890929598));
#6855 = CARTESIAN_POINT('',(6.197797447384,1.428997189358));
#6856 = CARTESIAN_POINT('',(6.240467054866,1.439572388471));
#6857 = CARTESIAN_POINT('',(6.28318530718,1.439572388471));
#6858 = ( GEOMETRIC_REPRESENTATION_CONTEXT(2) 
PARAMETRIC_REPRESENTATION_CONTEXT() REPRESENTATION_CONTEXT('2D SPACE',''
  ) );
#6859 = PCURVE('',#6599,#6860);
#6860 = DEFINITIONAL_REPRESENTATION('',(#6861),#6876);
#6861 = B_SPLINE_CURVE_WITH_KNOTS('',7,(#6862,#6863,#6864,#6865,#6866,
    #6867,#6868,#6869,#6870,#6871,#6872,#6873,#6874,#6875),
  .UNSPECIFIED.,.F.,.F.,(8,6,8),(0.,0.504392870802,1.),.UNSPECIFIED.);
#6862 = CARTESIAN_POINT('',(1.570796326795,7.588876853468));
#6863 = CARTESIAN_POINT('',(1.510064439543,8.015157064261));
#6864 = CARTESIAN_POINT('',(1.454942297847,8.451909110702));
#6865 = CARTESIAN_POINT('',(1.405029699028,8.896722299859));
#6866 = CARTESIAN_POINT('',(1.36010990864,9.347830627754));
#6867 = CARTESIAN_POINT('',(1.32005346247,9.804162069118));
#6868 = CARTESIAN_POINT('',(1.28482311494,10.265260813603));
#6869 = CARTESIAN_POINT('',(1.224630457518,11.188871490213));
#6870 = CARTESIAN_POINT('',(1.199488638082,11.651393762966));
#6871 = CARTESIAN_POINT('',(1.179164381671,12.117474609325));
#6872 = CARTESIAN_POINT('',(1.163796811715,12.586094796238));
#6873 = CARTESIAN_POINT('',(1.153500859011,13.056464120104));
#6874 = CARTESIAN_POINT('',(1.148342264608,13.527963311932));
#6875 = CARTESIAN_POINT('',(1.148342264608,14.));
#6876 = ( GEOMETRIC_REPRESENTATION_CONTEXT(2) 
PARAMETRIC_REPRESENTATION_CONTEXT() REPRESENTATION_CONTEXT('2D SPACE',''
  ) );
#6877 = ORIENTED_EDGE('',*,*,#6666,.F.);
#6878 = ORIENTED_EDGE('',*,*,#4359,.F.);
#6879 = ORIENTED_EDGE('',*,*,#6880,.F.);
#6880 = EDGE_CURVE('',#6881,#4332,#6883,.T.);
#6881 = VERTEX_POINT('',#6882);
#6882 = CARTESIAN_POINT('',(17.5,-6.411123146532,-8.881784197001E-16));
#6883 = SURFACE_CURVE('',#6884,(#6889,#6896),.PCURVE_S1.);
#6884 = CIRCLE('',#6885,11.05);
#6885 = AXIS2_PLACEMENT_3D('',#6886,#6887,#6888);
#6886 = CARTESIAN_POINT('',(26.5,0.,0.));
#6887 = DIRECTION('',(0.,0.,1.));
#6888 = DIRECTION('',(1.,0.,-0.));
#6889 = PCURVE('',#4421,#6890);
#6890 = DEFINITIONAL_REPRESENTATION('',(#6891),#6895);
#6891 = LINE('',#6892,#6893);
#6892 = CARTESIAN_POINT('',(0.,1.));
#6893 = VECTOR('',#6894,1.);
#6894 = DIRECTION('',(1.,0.));
#6895 = ( GEOMETRIC_REPRESENTATION_CONTEXT(2) 
PARAMETRIC_REPRESENTATION_CONTEXT() REPRESENTATION_CONTEXT('2D SPACE',''
  ) );
#6896 = PCURVE('',#4347,#6897);
#6897 = DEFINITIONAL_REPRESENTATION('',(#6898),#6902);
#6898 = CIRCLE('',#6899,11.05);
#6899 = AXIS2_PLACEMENT_2D('',#6900,#6901);
#6900 = CARTESIAN_POINT('',(14.,14.));
#6901 = DIRECTION('',(1.,0.));
#6902 = ( GEOMETRIC_REPRESENTATION_CONTEXT(2) 
PARAMETRIC_REPRESENTATION_CONTEXT() REPRESENTATION_CONTEXT('2D SPACE',''
  ) );
#6903 = ORIENTED_EDGE('',*,*,#6904,.F.);
#6904 = EDGE_CURVE('',#6905,#6881,#6907,.T.);
#6905 = VERTEX_POINT('',#6906);
#6906 = CARTESIAN_POINT('',(17.5,6.411123146532,-8.881784197001E-16));
#6907 = SURFACE_CURVE('',#6908,(#6935,#6965),.PCURVE_S1.);
#6908 = B_SPLINE_CURVE_WITH_KNOTS('',7,(#6909,#6910,#6911,#6912,#6913,
    #6914,#6915,#6916,#6917,#6918,#6919,#6920,#6921,#6922,#6923,#6924,
    #6925,#6926,#6927,#6928,#6929,#6930,#6931,#6932,#6933,#6934),
  .UNSPECIFIED.,.F.,.F.,(8,6,6,6,8),(0.,0.252197373615,0.500001857303,
    0.746815989449,1.),.UNSPECIFIED.);
#6909 = CARTESIAN_POINT('',(17.5,6.411123146532,-8.881784197001E-16));
#6910 = CARTESIAN_POINT('',(17.196340563684,5.984842935657,
    -8.881784197001E-16));
#6911 = CARTESIAN_POINT('',(16.920730290007,5.548090889269,
    2.151496600169E-02));
#6912 = CARTESIAN_POINT('',(16.672994111876,5.103277700371,
    5.739402122821E-02));
#6913 = CARTESIAN_POINT('',(16.452370657055,4.652169372224,0.10211653672
    ));
#6914 = CARTESIAN_POINT('',(16.257933474808,4.19583793058,0.151176657406
    ));
#6915 = CARTESIAN_POINT('',(16.088848983131,3.734739186604,
    0.200864954808));
#6916 = CARTESIAN_POINT('',(15.802818818453,2.811128514724,
    0.294489973649));
#6917 = CARTESIAN_POINT('',(15.684962041212,2.348606225161,
    0.338529802089));
#6918 = CARTESIAN_POINT('',(15.590904978653,1.88252539798,0.377150668277
    ));
#6919 = CARTESIAN_POINT('',(15.520479583636,1.413905211322,
    0.407890930454));
#6920 = CARTESIAN_POINT('',(15.473525348657,0.943535867044,
    0.428997189194));
#6921 = CARTESIAN_POINT('',(15.45,0.472036693685,0.439572388471));
#6922 = CARTESIAN_POINT('',(15.45,-0.47015019728,0.439572388471));
#6923 = CARTESIAN_POINT('',(15.473337686425,-0.939771681909,
    0.429081550196));
#6924 = CARTESIAN_POINT('',(15.519918554399,-1.40827713555,
    0.408143109005));
#6925 = CARTESIAN_POINT('',(15.589784016971,-1.875052623836,
    0.377639998199));
#6926 = CARTESIAN_POINT('',(15.683091317337,-2.339316389239,
    0.33929819848));
#6927 = CARTESIAN_POINT('',(15.800005200003,-2.800061336782,
    0.295542315754));
#6928 = CARTESIAN_POINT('',(16.084873527104,-3.723879597765,
    0.202035148643));
#6929 = CARTESIAN_POINT('',(16.254121344863,-4.186880899082,
    0.152140292141));
#6930 = CARTESIAN_POINT('',(16.448909843038,-4.645088163364,
    0.102819245195));
#6931 = CARTESIAN_POINT('',(16.670080284774,-5.098043910529,
    5.781668387514E-02));
#6932 = CARTESIAN_POINT('',(16.918570074214,-5.544666980662,
    2.168387898721E-02));
#6933 = CARTESIAN_POINT('',(17.195150817607,-5.983172757992,
    -8.881784197001E-16));
#6934 = CARTESIAN_POINT('',(17.5,-6.411123146532,-8.881784197001E-16));
#6935 = PCURVE('',#4421,#6936);
#6936 = DEFINITIONAL_REPRESENTATION('',(#6937),#6964);
#6937 = B_SPLINE_CURVE_WITH_KNOTS('',7,(#6938,#6939,#6940,#6941,#6942,
    #6943,#6944,#6945,#6946,#6947,#6948,#6949,#6950,#6951,#6952,#6953,
    #6954,#6955,#6956,#6957,#6958,#6959,#6960,#6961,#6962,#6963),
  .UNSPECIFIED.,.F.,.F.,(8,6,6,6,8),(0.,0.252197373615,0.500001857303,
    0.746815989449,1.),.UNSPECIFIED.);
#6938 = CARTESIAN_POINT('',(2.522628077563,1.));
#6939 = CARTESIAN_POINT('',(2.569992545438,1.));
#6940 = CARTESIAN_POINT('',(2.616656120458,1.021514966002));
#6941 = CARTESIAN_POINT('',(2.662623900157,1.057394021228));
#6942 = CARTESIAN_POINT('',(2.707955972481,1.10211653672));
#6943 = CARTESIAN_POINT('',(2.752750335326,1.151176657406));
#6944 = CARTESIAN_POINT('',(2.797137708135,1.200864954808));
#6945 = CARTESIAN_POINT('',(2.884638768722,1.294489973649));
#6946 = CARTESIAN_POINT('',(2.927777752763,1.338529802089));
#6947 = CARTESIAN_POINT('',(2.970720396938,1.377150668277));
#6948 = CARTESIAN_POINT('',(3.013510093674,1.407890930454));
#6949 = CARTESIAN_POINT('',(3.056204794948,1.428997189194));
#6950 = CARTESIAN_POINT('',(3.098874400768,1.439572388471));
#6951 = CARTESIAN_POINT('',(3.184140182755,1.439572388471));
#6952 = CARTESIAN_POINT('',(3.22663986209,1.429081550196));
#6953 = CARTESIAN_POINT('',(3.269164364478,1.408143109005));
#6954 = CARTESIAN_POINT('',(3.311782591858,1.377639998199));
#6955 = CARTESIAN_POINT('',(3.354551691962,1.33929819848));
#6956 = CARTESIAN_POINT('',(3.397514454613,1.295542315754));
#6957 = CARTESIAN_POINT('',(3.485002420686,1.202035148643));
#6958 = CARTESIAN_POINT('',(3.529555895574,1.152140292141));
#6959 = CARTESIAN_POINT('',(3.574517844395,1.102819245195));
#6960 = CARTESIAN_POINT('',(3.620020589734,1.057816683875));
#6961 = CARTESIAN_POINT('',(3.666163390996,1.021683878987));
#6962 = CARTESIAN_POINT('',(3.713007186445,1.));
#6963 = CARTESIAN_POINT('',(3.760557229616,1.));
#6964 = ( GEOMETRIC_REPRESENTATION_CONTEXT(2) 
PARAMETRIC_REPRESENTATION_CONTEXT() REPRESENTATION_CONTEXT('2D SPACE',''
  ) );
#6965 = PCURVE('',#4683,#6966);
#6966 = DEFINITIONAL_REPRESENTATION('',(#6967),#6994);
#6967 = B_SPLINE_CURVE_WITH_KNOTS('',7,(#6968,#6969,#6970,#6971,#6972,
    #6973,#6974,#6975,#6976,#6977,#6978,#6979,#6980,#6981,#6982,#6983,
    #6984,#6985,#6986,#6987,#6988,#6989,#6990,#6991,#6992,#6993),
  .UNSPECIFIED.,.F.,.F.,(8,6,6,6,8),(0.,0.252197373615,0.500001857303,
    0.746815989449,1.),.UNSPECIFIED.);
#6968 = CARTESIAN_POINT('',(-1.570796326795,20.411123146532));
#6969 = CARTESIAN_POINT('',(-1.510064439532,19.984842935657));
#6970 = CARTESIAN_POINT('',(-1.454942297846,19.548090889269));
#6971 = CARTESIAN_POINT('',(-1.405029699057,19.103277700371));
#6972 = CARTESIAN_POINT('',(-1.360109908623,18.652169372224));
#6973 = CARTESIAN_POINT('',(-1.320053462455,18.19583793058));
#6974 = CARTESIAN_POINT('',(-1.284823114953,17.734739186604));
#6975 = CARTESIAN_POINT('',(-1.22463045784,16.811128514724));
#6976 = CARTESIAN_POINT('',(-1.199488637196,16.348606225161));
#6977 = CARTESIAN_POINT('',(-1.179164382694,15.882525397981));
#6978 = CARTESIAN_POINT('',(-1.163796811157,15.413905211321));
#6979 = CARTESIAN_POINT('',(-1.153500859129,14.943535867044));
#6980 = CARTESIAN_POINT('',(-1.148342264608,14.472036693685));
#6981 = CARTESIAN_POINT('',(-1.148342264608,13.52984980272));
#6982 = CARTESIAN_POINT('',(-1.153459708832,13.060228318091));
#6983 = CARTESIAN_POINT('',(-1.163673790905,12.59172286445));
#6984 = CARTESIAN_POINT('',(-1.178919774897,12.124947376164));
#6985 = CARTESIAN_POINT('',(-1.199084380288,11.660683610761));
#6986 = CARTESIAN_POINT('',(-1.224030171427,11.199938663218));
#6987 = CARTESIAN_POINT('',(-1.283994678958,10.276120402235));
#6988 = CARTESIAN_POINT('',(-1.319268037377,9.813119100918));
#6989 = CARTESIAN_POINT('',(-1.359405225589,9.354911836636));
#6990 = CARTESIAN_POINT('',(-1.404442628052,8.901956089471));
#6991 = CARTESIAN_POINT('',(-1.454510252292,8.455333019338));
#6992 = CARTESIAN_POINT('',(-1.509826490316,8.016827242008));
#6993 = CARTESIAN_POINT('',(-1.570796326795,7.588876853468));
#6994 = ( GEOMETRIC_REPRESENTATION_CONTEXT(2) 
PARAMETRIC_REPRESENTATION_CONTEXT() REPRESENTATION_CONTEXT('2D SPACE',''
  ) );
#6995 = ORIENTED_EDGE('',*,*,#6996,.F.);
#6996 = EDGE_CURVE('',#6069,#6905,#6997,.T.);
#6997 = SURFACE_CURVE('',#6998,(#7003,#7010),.PCURVE_S1.);
#6998 = CIRCLE('',#6999,11.05);
#6999 = AXIS2_PLACEMENT_3D('',#7000,#7001,#7002);
#7000 = CARTESIAN_POINT('',(26.5,0.,0.));
#7001 = DIRECTION('',(0.,0.,1.));
#7002 = DIRECTION('',(1.,0.,-0.));
#7003 = PCURVE('',#4421,#7004);
#7004 = DEFINITIONAL_REPRESENTATION('',(#7005),#7009);
#7005 = LINE('',#7006,#7007);
#7006 = CARTESIAN_POINT('',(0.,1.));
#7007 = VECTOR('',#7008,1.);
#7008 = DIRECTION('',(1.,0.));
#7009 = ( GEOMETRIC_REPRESENTATION_CONTEXT(2) 
PARAMETRIC_REPRESENTATION_CONTEXT() REPRESENTATION_CONTEXT('2D SPACE',''
  ) );
#7010 = PCURVE('',#6084,#7011);
#7011 = DEFINITIONAL_REPRESENTATION('',(#7012),#7016);
#7012 = CIRCLE('',#7013,11.05);
#7013 = AXIS2_PLACEMENT_2D('',#7014,#7015);
#7014 = CARTESIAN_POINT('',(14.,14.));
#7015 = DIRECTION('',(1.,0.));
#7016 = ( GEOMETRIC_REPRESENTATION_CONTEXT(2) 
PARAMETRIC_REPRESENTATION_CONTEXT() REPRESENTATION_CONTEXT('2D SPACE',''
  ) );
#7017 = ORIENTED_EDGE('',*,*,#6096,.F.);
#7018 = ORIENTED_EDGE('',*,*,#7019,.F.);
#7019 = EDGE_CURVE('',#6718,#6097,#7020,.T.);
#7020 = SURFACE_CURVE('',#7021,(#7026,#7033),.PCURVE_S1.);
#7021 = CIRCLE('',#7022,11.05);
#7022 = AXIS2_PLACEMENT_3D('',#7023,#7024,#7025);
#7023 = CARTESIAN_POINT('',(26.5,0.,0.));
#7024 = DIRECTION('',(0.,0.,1.));
#7025 = DIRECTION('',(1.,0.,-0.));
#7026 = PCURVE('',#4421,#7027);
#7027 = DEFINITIONAL_REPRESENTATION('',(#7028),#7032);
#7028 = LINE('',#7029,#7030);
#7029 = CARTESIAN_POINT('',(0.,1.));
#7030 = VECTOR('',#7031,1.);
#7031 = DIRECTION('',(1.,0.));
#7032 = ( GEOMETRIC_REPRESENTATION_CONTEXT(2) 
PARAMETRIC_REPRESENTATION_CONTEXT() REPRESENTATION_CONTEXT('2D SPACE',''
  ) );
#7033 = PCURVE('',#6204,#7034);
#7034 = DEFINITIONAL_REPRESENTATION('',(#7035),#7039);
#7035 = CIRCLE('',#7036,11.05);
#7036 = AXIS2_PLACEMENT_2D('',#7037,#7038);
#7037 = CARTESIAN_POINT('',(14.,14.));
#7038 = DIRECTION('',(1.,0.));
#7039 = ( GEOMETRIC_REPRESENTATION_CONTEXT(2) 
PARAMETRIC_REPRESENTATION_CONTEXT() REPRESENTATION_CONTEXT('2D SPACE',''
  ) );
#7040 = ADVANCED_FACE('',(#7041),#4347,.F.);
#7041 = FACE_BOUND('',#7042,.F.);
#7042 = EDGE_LOOP('',(#7043,#7064,#7065));
#7043 = ORIENTED_EDGE('',*,*,#7044,.F.);
#7044 = EDGE_CURVE('',#4305,#6881,#7045,.T.);
#7045 = SURFACE_CURVE('',#7046,(#7050,#7057),.PCURVE_S1.);
#7046 = LINE('',#7047,#7048);
#7047 = CARTESIAN_POINT('',(17.5,-14.,-8.881784197001E-16));
#7048 = VECTOR('',#7049,1.);
#7049 = DIRECTION('',(0.,1.,0.));
#7050 = PCURVE('',#4347,#7051);
#7051 = DEFINITIONAL_REPRESENTATION('',(#7052),#7056);
#7052 = LINE('',#7053,#7054);
#7053 = CARTESIAN_POINT('',(5.,0.));
#7054 = VECTOR('',#7055,1.);
#7055 = DIRECTION('',(0.,1.));
#7056 = ( GEOMETRIC_REPRESENTATION_CONTEXT(2) 
PARAMETRIC_REPRESENTATION_CONTEXT() REPRESENTATION_CONTEXT('2D SPACE',''
  ) );
#7057 = PCURVE('',#4683,#7058);
#7058 = DEFINITIONAL_REPRESENTATION('',(#7059),#7063);
#7059 = LINE('',#7060,#7061);
#7060 = CARTESIAN_POINT('',(-1.570796326795,0.));
#7061 = VECTOR('',#7062,1.);
#7062 = DIRECTION('',(-0.,1.));
#7063 = ( GEOMETRIC_REPRESENTATION_CONTEXT(2) 
PARAMETRIC_REPRESENTATION_CONTEXT() REPRESENTATION_CONTEXT('2D SPACE',''
  ) );
#7064 = ORIENTED_EDGE('',*,*,#4331,.T.);
#7065 = ORIENTED_EDGE('',*,*,#6880,.F.);
#7066 = ADVANCED_FACE('',(#7067),#4651,.T.);
#7067 = FACE_BOUND('',#7068,.F.);
#7068 = EDGE_LOOP('',(#7069,#7089,#7090));
#7069 = ORIENTED_EDGE('',*,*,#7070,.F.);
#7070 = EDGE_CURVE('',#6047,#4614,#7071,.T.);
#7071 = SURFACE_CURVE('',#7072,(#7077,#7083),.PCURVE_S1.);
#7072 = CIRCLE('',#7073,5.);
#7073 = AXIS2_PLACEMENT_3D('',#7074,#7075,#7076);
#7074 = CARTESIAN_POINT('',(17.5,9.,5.));
#7075 = DIRECTION('',(0.,1.,-0.));
#7076 = DIRECTION('',(-1.,0.,0.));
#7077 = PCURVE('',#4651,#7078);
#7078 = DEFINITIONAL_REPRESENTATION('',(#7079),#7082);
#7079 = B_SPLINE_CURVE_WITH_KNOTS('',1,(#7080,#7081),.UNSPECIFIED.,.F.,
  .F.,(2,2),(4.712388980385,6.28318530718),.PIECEWISE_BEZIER_KNOTS.);
#7080 = CARTESIAN_POINT('',(0.,-1.570796326795));
#7081 = CARTESIAN_POINT('',(0.,0.));
#7082 = ( GEOMETRIC_REPRESENTATION_CONTEXT(2) 
PARAMETRIC_REPRESENTATION_CONTEXT() REPRESENTATION_CONTEXT('2D SPACE',''
  ) );
#7083 = PCURVE('',#4683,#7084);
#7084 = DEFINITIONAL_REPRESENTATION('',(#7085),#7088);
#7085 = B_SPLINE_CURVE_WITH_KNOTS('',1,(#7086,#7087),.UNSPECIFIED.,.F.,
  .F.,(2,2),(4.712388980385,6.28318530718),.PIECEWISE_BEZIER_KNOTS.);
#7086 = CARTESIAN_POINT('',(-1.570796326795,23.));
#7087 = CARTESIAN_POINT('',(0.,23.));
#7088 = ( GEOMETRIC_REPRESENTATION_CONTEXT(2) 
PARAMETRIC_REPRESENTATION_CONTEXT() REPRESENTATION_CONTEXT('2D SPACE',''
  ) );
#7089 = ORIENTED_EDGE('',*,*,#6046,.T.);
#7090 = ORIENTED_EDGE('',*,*,#4636,.F.);
#7091 = ADVANCED_FACE('',(#7092),#4683,.T.);
#7092 = FACE_BOUND('',#7093,.F.);
#7093 = EDGE_LOOP('',(#7094,#7095,#7096,#7097,#7118,#7119));
#7094 = ORIENTED_EDGE('',*,*,#6616,.F.);
#7095 = ORIENTED_EDGE('',*,*,#7044,.T.);
#7096 = ORIENTED_EDGE('',*,*,#6904,.F.);
#7097 = ORIENTED_EDGE('',*,*,#7098,.T.);
#7098 = EDGE_CURVE('',#6905,#6047,#7099,.T.);
#7099 = SURFACE_CURVE('',#7100,(#7104,#7111),.PCURVE_S1.);
#7100 = LINE('',#7101,#7102);
#7101 = CARTESIAN_POINT('',(17.5,-14.,-8.881784197001E-16));
#7102 = VECTOR('',#7103,1.);
#7103 = DIRECTION('',(0.,1.,0.));
#7104 = PCURVE('',#4683,#7105);
#7105 = DEFINITIONAL_REPRESENTATION('',(#7106),#7110);
#7106 = LINE('',#7107,#7108);
#7107 = CARTESIAN_POINT('',(-1.570796326795,0.));
#7108 = VECTOR('',#7109,1.);
#7109 = DIRECTION('',(-0.,1.));
#7110 = ( GEOMETRIC_REPRESENTATION_CONTEXT(2) 
PARAMETRIC_REPRESENTATION_CONTEXT() REPRESENTATION_CONTEXT('2D SPACE',''
  ) );
#7111 = PCURVE('',#6084,#7112);
#7112 = DEFINITIONAL_REPRESENTATION('',(#7113),#7117);
#7113 = LINE('',#7114,#7115);
#7114 = CARTESIAN_POINT('',(5.,0.));
#7115 = VECTOR('',#7116,1.);
#7116 = DIRECTION('',(0.,1.));
#7117 = ( GEOMETRIC_REPRESENTATION_CONTEXT(2) 
PARAMETRIC_REPRESENTATION_CONTEXT() REPRESENTATION_CONTEXT('2D SPACE',''
  ) );
#7118 = ORIENTED_EDGE('',*,*,#7070,.T.);
#7119 = ORIENTED_EDGE('',*,*,#4669,.F.);
#7120 = ADVANCED_FACE('',(#7121),#4738,.T.);
#7121 = FACE_BOUND('',#7122,.T.);
#7122 = EDGE_LOOP('',(#7123,#7143,#7144));
#7123 = ORIENTED_EDGE('',*,*,#7124,.F.);
#7124 = EDGE_CURVE('',#5798,#4701,#7125,.T.);
#7125 = SURFACE_CURVE('',#7126,(#7131,#7137),.PCURVE_S1.);
#7126 = CIRCLE('',#7127,5.);
#7127 = AXIS2_PLACEMENT_3D('',#7128,#7129,#7130);
#7128 = CARTESIAN_POINT('',(-0.95577136594,19.65577136594,5.));
#7129 = DIRECTION('',(-0.866025403784,-0.5,0.));
#7130 = DIRECTION('',(0.5,-0.866025403784,0.));
#7131 = PCURVE('',#4738,#7132);
#7132 = DEFINITIONAL_REPRESENTATION('',(#7133),#7136);
#7133 = B_SPLINE_CURVE_WITH_KNOTS('',1,(#7134,#7135),.UNSPECIFIED.,.F.,
  .F.,(2,2),(4.712388980385,6.28318530718),.PIECEWISE_BEZIER_KNOTS.);
#7134 = CARTESIAN_POINT('',(0.,-1.570796326795));
#7135 = CARTESIAN_POINT('',(0.,0.));
#7136 = ( GEOMETRIC_REPRESENTATION_CONTEXT(2) 
PARAMETRIC_REPRESENTATION_CONTEXT() REPRESENTATION_CONTEXT('2D SPACE',''
  ) );
#7137 = PCURVE('',#4772,#7138);
#7138 = DEFINITIONAL_REPRESENTATION('',(#7139),#7142);
#7139 = B_SPLINE_CURVE_WITH_KNOTS('',1,(#7140,#7141),.UNSPECIFIED.,.F.,
  .F.,(2,2),(4.712388980385,6.28318530718),.PIECEWISE_BEZIER_KNOTS.);
#7140 = CARTESIAN_POINT('',(-1.570796326795,5.));
#7141 = CARTESIAN_POINT('',(0.,5.));
#7142 = ( GEOMETRIC_REPRESENTATION_CONTEXT(2) 
PARAMETRIC_REPRESENTATION_CONTEXT() REPRESENTATION_CONTEXT('2D SPACE',''
  ) );
#7143 = ORIENTED_EDGE('',*,*,#5797,.T.);
#7144 = ORIENTED_EDGE('',*,*,#4723,.F.);
#7145 = ADVANCED_FACE('',(#7146),#4772,.T.);
#7146 = FACE_BOUND('',#7147,.F.);
#7147 = EDGE_LOOP('',(#7148,#7149,#7172,#7264,#7285,#7305));
#7148 = ORIENTED_EDGE('',*,*,#7124,.F.);
#7149 = ORIENTED_EDGE('',*,*,#7150,.T.);
#7150 = EDGE_CURVE('',#5798,#7151,#7153,.T.);
#7151 = VERTEX_POINT('',#7152);
#7152 = CARTESIAN_POINT('',(-3.197804488313,18.361332939206,
    -8.881784197001E-16));
#7153 = SURFACE_CURVE('',#7154,(#7158,#7165),.PCURVE_S1.);
#7154 = LINE('',#7155,#7156);
#7155 = CARTESIAN_POINT('',(3.374355652982,22.15577136594,
    -8.881784197001E-16));
#7156 = VECTOR('',#7157,1.);
#7157 = DIRECTION('',(-0.866025403784,-0.5,0.));
#7158 = PCURVE('',#4772,#7159);
#7159 = DEFINITIONAL_REPRESENTATION('',(#7160),#7164);
#7160 = LINE('',#7161,#7162);
#7161 = CARTESIAN_POINT('',(-1.570796326795,0.));
#7162 = VECTOR('',#7163,1.);
#7163 = DIRECTION('',(-0.,1.));
#7164 = ( GEOMETRIC_REPRESENTATION_CONTEXT(2) 
PARAMETRIC_REPRESENTATION_CONTEXT() REPRESENTATION_CONTEXT('2D SPACE',''
  ) );
#7165 = PCURVE('',#5835,#7166);
#7166 = DEFINITIONAL_REPRESENTATION('',(#7167),#7171);
#7167 = LINE('',#7168,#7169);
#7168 = CARTESIAN_POINT('',(5.,-1.7763568394E-15));
#7169 = VECTOR('',#7170,1.);
#7170 = DIRECTION('',(0.,1.));
#7171 = ( GEOMETRIC_REPRESENTATION_CONTEXT(2) 
PARAMETRIC_REPRESENTATION_CONTEXT() REPRESENTATION_CONTEXT('2D SPACE',''
  ) );
#7172 = ORIENTED_EDGE('',*,*,#7173,.F.);
#7173 = EDGE_CURVE('',#7174,#7151,#7176,.T.);
#7174 = VERTEX_POINT('',#7175);
#7175 = CARTESIAN_POINT('',(-14.30219551168,11.950209792674,
    -8.881784197001E-16));
#7176 = SURFACE_CURVE('',#7177,(#7204,#7234),.PCURVE_S1.);
#7177 = B_SPLINE_CURVE_WITH_KNOTS('',7,(#7178,#7179,#7180,#7181,#7182,
    #7183,#7184,#7185,#7186,#7187,#7188,#7189,#7190,#7191,#7192,#7193,
    #7194,#7195,#7196,#7197,#7198,#7199,#7200,#7201,#7202,#7203),
  .UNSPECIFIED.,.F.,.F.,(8,6,6,6,8),(0.,0.252197373499,0.50000185721,
    0.746815989376,1.),.UNSPECIFIED.);
#7178 = CARTESIAN_POINT('',(-14.30219551168,11.950209792674,
    -1.33226762955E-15));
#7179 = CARTESIAN_POINT('',(-13.7811963019,11.900373112174,
    -1.403114129926E-15));
#7180 = CARTESIAN_POINT('',(-13.26515279764,11.880063636795,
    2.151496598647E-02));
#7181 = CARTESIAN_POINT('',(-12.7560651867,11.887924407545,
    5.739402125915E-02));
#7182 = CARTESIAN_POINT('',(-12.25508218764,11.922413055167,
    0.102116536719));
#7183 = CARTESIAN_POINT('',(-11.76266897581,11.982191236532,
    0.151176657368));
#7184 = CARTESIAN_POINT('',(-11.27880350341,12.066309143511,
    0.200864954833));
#7185 = CARTESIAN_POINT('',(-10.33591811627,12.280405090535,
    0.294489973649));
#7186 = CARTESIAN_POINT('',(-9.876433675091,12.409599272215,
    0.338529802088));
#7187 = CARTESIAN_POINT('',(-9.425767307238,12.561183880227,
    0.377150668278));
#7188 = CARTESIAN_POINT('',(-8.984717623376,12.734503792394,
    0.407890930454));
#7189 = CARTESIAN_POINT('',(-8.553888704562,12.929024904234,
    0.428997189194));
#7190 = CARTESIAN_POINT('',(-8.133795768252,13.144400941338,
    0.439572388471));
#7191 = CARTESIAN_POINT('',(-7.317837985563,13.615494386821,
    0.439572388471));
#7192 = CARTESIAN_POINT('',(-6.92280269292,13.870516158447,
    0.429081550196));
#7193 = CARTESIAN_POINT('',(-6.540355502244,14.145109100262,
    0.408143109005));
#7194 = CARTESIAN_POINT('',(-6.171048802813,14.439002109839,0.3776399982
    ));
#7195 = CARTESIAN_POINT('',(-5.815638238099,14.751940485016,
    0.33929819848));
#7196 = CARTESIAN_POINT('',(-5.475078350193,15.083563351233,
    0.295542315754));
#7197 = CARTESIAN_POINT('',(-4.817462431186,15.792175689799,
    0.202035148634));
#7198 = CARTESIAN_POINT('',(-4.501115451316,16.170249249996,
    0.152140292156));
#7199 = CARTESIAN_POINT('',(-4.201690569199,16.568044670008,
    0.102819245194));
#7200 = CARTESIAN_POINT('',(-3.92000460622,16.986061764805,
    5.781668386438E-02));
#7201 = CARTESIAN_POINT('',(-3.657462576332,17.424571770025,
    2.168387899268E-02));
#7202 = CARTESIAN_POINT('',(-3.415995805172,17.883350608616,
    -1.270751109632E-15));
#7203 = CARTESIAN_POINT('',(-3.197804488313,18.361332939206,
    -1.33226762955E-15));
#7204 = PCURVE('',#4772,#7205);
#7205 = DEFINITIONAL_REPRESENTATION('',(#7206),#7233);
#7206 = B_SPLINE_CURVE_WITH_KNOTS('',7,(#7207,#7208,#7209,#7210,#7211,
    #7212,#7213,#7214,#7215,#7216,#7217,#7218,#7219,#7220,#7221,#7222,
    #7223,#7224,#7225,#7226,#7227,#7228,#7229,#7230,#7231,#7232),
  .UNSPECIFIED.,.F.,.F.,(8,6,6,6,8),(0.,0.252197373499,0.50000185721,
    0.746815989376,1.),.UNSPECIFIED.);
#7207 = CARTESIAN_POINT('',(-1.570796326795,20.411123146532));
#7208 = CARTESIAN_POINT('',(-1.510064439546,19.984842935758));
#7209 = CARTESIAN_POINT('',(-1.454942297846,19.548090889299));
#7210 = CARTESIAN_POINT('',(-1.405029699023,19.103277700102));
#7211 = CARTESIAN_POINT('',(-1.360109908643,18.65216937224));
#7212 = CARTESIAN_POINT('',(-1.320053462474,18.195837930949));
#7213 = CARTESIAN_POINT('',(-1.284823114937,17.734739186354));
#7214 = CARTESIAN_POINT('',(-1.224630457839,16.811128514717));
#7215 = CARTESIAN_POINT('',(-1.199488637197,16.34860622517));
#7216 = CARTESIAN_POINT('',(-1.179164382694,15.88252539797));
#7217 = CARTESIAN_POINT('',(-1.163796811157,15.413905211334));
#7218 = CARTESIAN_POINT('',(-1.153500859129,14.943535867034));
#7219 = CARTESIAN_POINT('',(-1.148342264608,14.472036693688));
#7220 = CARTESIAN_POINT('',(-1.148342264608,13.529849802722));
#7221 = CARTESIAN_POINT('',(-1.153459708832,13.060228318089));
#7222 = CARTESIAN_POINT('',(-1.163673790905,12.591722864451));
#7223 = CARTESIAN_POINT('',(-1.178919774897,12.124947376165));
#7224 = CARTESIAN_POINT('',(-1.199084380288,11.660683610762));
#7225 = CARTESIAN_POINT('',(-1.224030171427,11.199938663217));
#7226 = CARTESIAN_POINT('',(-1.283994678964,10.276120402141));
#7227 = CARTESIAN_POINT('',(-1.31926803737,9.813119101064));
#7228 = CARTESIAN_POINT('',(-1.359405225584,9.354911836623));
#7229 = CARTESIAN_POINT('',(-1.404442628063,8.90195608939));
#7230 = CARTESIAN_POINT('',(-1.454510252293,8.455333019339));
#7231 = CARTESIAN_POINT('',(-1.509826490311,8.016827242048));
#7232 = CARTESIAN_POINT('',(-1.570796326795,7.588876853468));
#7233 = ( GEOMETRIC_REPRESENTATION_CONTEXT(2) 
PARAMETRIC_REPRESENTATION_CONTEXT() REPRESENTATION_CONTEXT('2D SPACE',''
  ) );
#7234 = PCURVE('',#5525,#7235);
#7235 = DEFINITIONAL_REPRESENTATION('',(#7236),#7263);
#7236 = B_SPLINE_CURVE_WITH_KNOTS('',7,(#7237,#7238,#7239,#7240,#7241,
    #7242,#7243,#7244,#7245,#7246,#7247,#7248,#7249,#7250,#7251,#7252,
    #7253,#7254,#7255,#7256,#7257,#7258,#7259,#7260,#7261,#7262),
  .UNSPECIFIED.,.F.,.F.,(8,6,6,6,8),(0.,0.252197373499,0.50000185721,
    0.746815989376,1.),.UNSPECIFIED.);
#7237 = CARTESIAN_POINT('',(2.522628077563,1.));
#7238 = CARTESIAN_POINT('',(2.569992545427,1.));
#7239 = CARTESIAN_POINT('',(2.616656120456,1.021514965986));
#7240 = CARTESIAN_POINT('',(2.662623900185,1.057394021259));
#7241 = CARTESIAN_POINT('',(2.707955972477,1.102116536719));
#7242 = CARTESIAN_POINT('',(2.752750335292,1.151176657368));
#7243 = CARTESIAN_POINT('',(2.797137708159,1.200864954833));
#7244 = CARTESIAN_POINT('',(2.884638768722,1.294489973649));
#7245 = CARTESIAN_POINT('',(2.927777752762,1.338529802088));
#7246 = CARTESIAN_POINT('',(2.970720396939,1.377150668278));
#7247 = CARTESIAN_POINT('',(3.013510093674,1.407890930454));
#7248 = CARTESIAN_POINT('',(3.056204794949,1.428997189194));
#7249 = CARTESIAN_POINT('',(3.098874400767,1.439572388471));
#7250 = CARTESIAN_POINT('',(3.184140182755,1.439572388471));
#7251 = CARTESIAN_POINT('',(3.22663986209,1.429081550196));
#7252 = CARTESIAN_POINT('',(3.269164364478,1.408143109005));
#7253 = CARTESIAN_POINT('',(3.311782591857,1.3776399982));
#7254 = CARTESIAN_POINT('',(3.354551691962,1.33929819848));
#7255 = CARTESIAN_POINT('',(3.397514454613,1.295542315754));
#7256 = CARTESIAN_POINT('',(3.485002420695,1.202035148634));
#7257 = CARTESIAN_POINT('',(3.529555895561,1.152140292156));
#7258 = CARTESIAN_POINT('',(3.574517844395,1.102819245194));
#7259 = CARTESIAN_POINT('',(3.620020589742,1.057816683864));
#7260 = CARTESIAN_POINT('',(3.666163390997,1.021683878993));
#7261 = CARTESIAN_POINT('',(3.713007186441,1.));
#7262 = CARTESIAN_POINT('',(3.760557229616,1.));
#7263 = ( GEOMETRIC_REPRESENTATION_CONTEXT(2) 
PARAMETRIC_REPRESENTATION_CONTEXT() REPRESENTATION_CONTEXT('2D SPACE',''
  ) );
#7264 = ORIENTED_EDGE('',*,*,#7265,.T.);
#7265 = EDGE_CURVE('',#7174,#5414,#7266,.T.);
#7266 = SURFACE_CURVE('',#7267,(#7271,#7278),.PCURVE_S1.);
#7267 = LINE('',#7268,#7269);
#7268 = CARTESIAN_POINT('',(3.374355652982,22.15577136594,
    -8.881784197001E-16));
#7269 = VECTOR('',#7270,1.);
#7270 = DIRECTION('',(-0.866025403784,-0.5,0.));
#7271 = PCURVE('',#4772,#7272);
#7272 = DEFINITIONAL_REPRESENTATION('',(#7273),#7277);
#7273 = LINE('',#7274,#7275);
#7274 = CARTESIAN_POINT('',(-1.570796326795,0.));
#7275 = VECTOR('',#7276,1.);
#7276 = DIRECTION('',(-0.,1.));
#7277 = ( GEOMETRIC_REPRESENTATION_CONTEXT(2) 
PARAMETRIC_REPRESENTATION_CONTEXT() REPRESENTATION_CONTEXT('2D SPACE',''
  ) );
#7278 = PCURVE('',#5451,#7279);
#7279 = DEFINITIONAL_REPRESENTATION('',(#7280),#7284);
#7280 = LINE('',#7281,#7282);
#7281 = CARTESIAN_POINT('',(5.,-1.7763568394E-15));
#7282 = VECTOR('',#7283,1.);
#7283 = DIRECTION('',(0.,1.));
#7284 = ( GEOMETRIC_REPRESENTATION_CONTEXT(2) 
PARAMETRIC_REPRESENTATION_CONTEXT() REPRESENTATION_CONTEXT('2D SPACE',''
  ) );
#7285 = ORIENTED_EDGE('',*,*,#7286,.T.);
#7286 = EDGE_CURVE('',#5414,#4757,#7287,.T.);
#7287 = SURFACE_CURVE('',#7288,(#7293,#7299),.PCURVE_S1.);
#7288 = CIRCLE('',#7289,5.);
#7289 = AXIS2_PLACEMENT_3D('',#7290,#7291,#7292);
#7290 = CARTESIAN_POINT('',(-16.54422863406,10.65577136594,5.));
#7291 = DIRECTION('',(-0.866025403784,-0.5,0.));
#7292 = DIRECTION('',(0.5,-0.866025403784,0.));
#7293 = PCURVE('',#4772,#7294);
#7294 = DEFINITIONAL_REPRESENTATION('',(#7295),#7298);
#7295 = B_SPLINE_CURVE_WITH_KNOTS('',1,(#7296,#7297),.UNSPECIFIED.,.F.,
  .F.,(2,2),(4.712388980385,6.28318530718),.PIECEWISE_BEZIER_KNOTS.);
#7296 = CARTESIAN_POINT('',(-1.570796326795,23.));
#7297 = CARTESIAN_POINT('',(0.,23.));
#7298 = ( GEOMETRIC_REPRESENTATION_CONTEXT(2) 
PARAMETRIC_REPRESENTATION_CONTEXT() REPRESENTATION_CONTEXT('2D SPACE',''
  ) );
#7299 = PCURVE('',#4825,#7300);
#7300 = DEFINITIONAL_REPRESENTATION('',(#7301),#7304);
#7301 = B_SPLINE_CURVE_WITH_KNOTS('',1,(#7302,#7303),.UNSPECIFIED.,.F.,
  .F.,(2,2),(4.712388980385,6.28318530718),.PIECEWISE_BEZIER_KNOTS.);
#7302 = CARTESIAN_POINT('',(0.,-1.570796326795));
#7303 = CARTESIAN_POINT('',(0.,0.));
#7304 = ( GEOMETRIC_REPRESENTATION_CONTEXT(2) 
PARAMETRIC_REPRESENTATION_CONTEXT() REPRESENTATION_CONTEXT('2D SPACE',''
  ) );
#7305 = ORIENTED_EDGE('',*,*,#4756,.F.);
#7306 = ADVANCED_FACE('',(#7307),#4825,.T.);
#7307 = FACE_BOUND('',#7308,.F.);
#7308 = EDGE_LOOP('',(#7309,#7310,#7311));
#7309 = ORIENTED_EDGE('',*,*,#7286,.F.);
#7310 = ORIENTED_EDGE('',*,*,#5413,.T.);
#7311 = ORIENTED_EDGE('',*,*,#4810,.F.);
#7312 = ADVANCED_FACE('',(#7313),#4880,.T.);
#7313 = FACE_BOUND('',#7314,.F.);
#7314 = EDGE_LOOP('',(#7315,#7335,#7336));
#7315 = ORIENTED_EDGE('',*,*,#7316,.F.);
#7316 = EDGE_CURVE('',#5040,#4843,#7317,.T.);
#7317 = SURFACE_CURVE('',#7318,(#7323,#7329),.PCURVE_S1.);
#7318 = CIRCLE('',#7319,5.);
#7319 = AXIS2_PLACEMENT_3D('',#7320,#7321,#7322);
#7320 = CARTESIAN_POINT('',(-0.95577136594,-19.65577136594,5.));
#7321 = DIRECTION('',(0.866025403784,-0.5,0.));
#7322 = DIRECTION('',(0.5,0.866025403784,0.));
#7323 = PCURVE('',#4880,#7324);
#7324 = DEFINITIONAL_REPRESENTATION('',(#7325),#7328);
#7325 = B_SPLINE_CURVE_WITH_KNOTS('',1,(#7326,#7327),.UNSPECIFIED.,.F.,
  .F.,(2,2),(4.712388980385,6.28318530718),.PIECEWISE_BEZIER_KNOTS.);
#7326 = CARTESIAN_POINT('',(0.,-1.570796326795));
#7327 = CARTESIAN_POINT('',(0.,0.));
#7328 = ( GEOMETRIC_REPRESENTATION_CONTEXT(2) 
PARAMETRIC_REPRESENTATION_CONTEXT() REPRESENTATION_CONTEXT('2D SPACE',''
  ) );
#7329 = PCURVE('',#4934,#7330);
#7330 = DEFINITIONAL_REPRESENTATION('',(#7331),#7334);
#7331 = B_SPLINE_CURVE_WITH_KNOTS('',1,(#7332,#7333),.UNSPECIFIED.,.F.,
  .F.,(2,2),(4.712388980385,6.28318530718),.PIECEWISE_BEZIER_KNOTS.);
#7332 = CARTESIAN_POINT('',(-1.570796326795,23.));
#7333 = CARTESIAN_POINT('',(0.,23.));
#7334 = ( GEOMETRIC_REPRESENTATION_CONTEXT(2) 
PARAMETRIC_REPRESENTATION_CONTEXT() REPRESENTATION_CONTEXT('2D SPACE',''
  ) );
#7335 = ORIENTED_EDGE('',*,*,#5039,.T.);
#7336 = ORIENTED_EDGE('',*,*,#4865,.F.);
#7337 = ADVANCED_FACE('',(#7338),#4934,.T.);
#7338 = FACE_BOUND('',#7339,.F.);
#7339 = EDGE_LOOP('',(#7340,#7360,#7381,#7382,#7403,#7404));
#7340 = ORIENTED_EDGE('',*,*,#7341,.F.);
#7341 = EDGE_CURVE('',#5227,#4898,#7342,.T.);
#7342 = SURFACE_CURVE('',#7343,(#7348,#7354),.PCURVE_S1.);
#7343 = CIRCLE('',#7344,5.);
#7344 = AXIS2_PLACEMENT_3D('',#7345,#7346,#7347);
#7345 = CARTESIAN_POINT('',(-16.54422863406,-10.65577136594,5.));
#7346 = DIRECTION('',(0.866025403784,-0.5,0.));
#7347 = DIRECTION('',(0.5,0.866025403784,0.));
#7348 = PCURVE('',#4934,#7349);
#7349 = DEFINITIONAL_REPRESENTATION('',(#7350),#7353);
#7350 = B_SPLINE_CURVE_WITH_KNOTS('',1,(#7351,#7352),.UNSPECIFIED.,.F.,
  .F.,(2,2),(4.712388980385,6.28318530718),.PIECEWISE_BEZIER_KNOTS.);
#7351 = CARTESIAN_POINT('',(-1.570796326795,5.));
#7352 = CARTESIAN_POINT('',(0.,5.));
#7353 = ( GEOMETRIC_REPRESENTATION_CONTEXT(2) 
PARAMETRIC_REPRESENTATION_CONTEXT() REPRESENTATION_CONTEXT('2D SPACE',''
  ) );
#7354 = PCURVE('',#4967,#7355);
#7355 = DEFINITIONAL_REPRESENTATION('',(#7356),#7359);
#7356 = B_SPLINE_CURVE_WITH_KNOTS('',1,(#7357,#7358),.UNSPECIFIED.,.F.,
  .F.,(2,2),(4.712388980385,6.28318530718),.PIECEWISE_BEZIER_KNOTS.);
#7357 = CARTESIAN_POINT('',(0.,-1.570796326795));
#7358 = CARTESIAN_POINT('',(0.,0.));
#7359 = ( GEOMETRIC_REPRESENTATION_CONTEXT(2) 
PARAMETRIC_REPRESENTATION_CONTEXT() REPRESENTATION_CONTEXT('2D SPACE',''
  ) );
#7360 = ORIENTED_EDGE('',*,*,#7361,.T.);
#7361 = EDGE_CURVE('',#5227,#6436,#7362,.T.);
#7362 = SURFACE_CURVE('',#7363,(#7367,#7374),.PCURVE_S1.);
#7363 = LINE('',#7364,#7365);
#7364 = CARTESIAN_POINT('',(-20.87435565298,-8.15577136594,
    -8.881784197001E-16));
#7365 = VECTOR('',#7366,1.);
#7366 = DIRECTION('',(0.866025403784,-0.5,0.));
#7367 = PCURVE('',#4934,#7368);
#7368 = DEFINITIONAL_REPRESENTATION('',(#7369),#7373);
#7369 = LINE('',#7370,#7371);
#7370 = CARTESIAN_POINT('',(-1.570796326795,0.));
#7371 = VECTOR('',#7372,1.);
#7372 = DIRECTION('',(-0.,1.));
#7373 = ( GEOMETRIC_REPRESENTATION_CONTEXT(2) 
PARAMETRIC_REPRESENTATION_CONTEXT() REPRESENTATION_CONTEXT('2D SPACE',''
  ) );
#7374 = PCURVE('',#5264,#7375);
#7375 = DEFINITIONAL_REPRESENTATION('',(#7376),#7380);
#7376 = LINE('',#7377,#7378);
#7377 = CARTESIAN_POINT('',(5.,1.7763568394E-15));
#7378 = VECTOR('',#7379,1.);
#7379 = DIRECTION('',(0.,1.));
#7380 = ( GEOMETRIC_REPRESENTATION_CONTEXT(2) 
PARAMETRIC_REPRESENTATION_CONTEXT() REPRESENTATION_CONTEXT('2D SPACE',''
  ) );
#7381 = ORIENTED_EDGE('',*,*,#6459,.F.);
#7382 = ORIENTED_EDGE('',*,*,#7383,.T.);
#7383 = EDGE_CURVE('',#6460,#5040,#7384,.T.);
#7384 = SURFACE_CURVE('',#7385,(#7389,#7396),.PCURVE_S1.);
#7385 = LINE('',#7386,#7387);
#7386 = CARTESIAN_POINT('',(-20.87435565298,-8.15577136594,
    -8.881784197001E-16));
#7387 = VECTOR('',#7388,1.);
#7388 = DIRECTION('',(0.866025403784,-0.5,0.));
#7389 = PCURVE('',#4934,#7390);
#7390 = DEFINITIONAL_REPRESENTATION('',(#7391),#7395);
#7391 = LINE('',#7392,#7393);
#7392 = CARTESIAN_POINT('',(-1.570796326795,0.));
#7393 = VECTOR('',#7394,1.);
#7394 = DIRECTION('',(-0.,1.));
#7395 = ( GEOMETRIC_REPRESENTATION_CONTEXT(2) 
PARAMETRIC_REPRESENTATION_CONTEXT() REPRESENTATION_CONTEXT('2D SPACE',''
  ) );
#7396 = PCURVE('',#5077,#7397);
#7397 = DEFINITIONAL_REPRESENTATION('',(#7398),#7402);
#7398 = LINE('',#7399,#7400);
#7399 = CARTESIAN_POINT('',(5.,1.7763568394E-15));
#7400 = VECTOR('',#7401,1.);
#7401 = DIRECTION('',(0.,1.));
#7402 = ( GEOMETRIC_REPRESENTATION_CONTEXT(2) 
PARAMETRIC_REPRESENTATION_CONTEXT() REPRESENTATION_CONTEXT('2D SPACE',''
  ) );
#7403 = ORIENTED_EDGE('',*,*,#7316,.T.);
#7404 = ORIENTED_EDGE('',*,*,#4920,.F.);
#7405 = ADVANCED_FACE('',(#7406),#4967,.T.);
#7406 = FACE_BOUND('',#7407,.T.);
#7407 = EDGE_LOOP('',(#7408,#7409,#7410));
#7408 = ORIENTED_EDGE('',*,*,#7341,.F.);
#7409 = ORIENTED_EDGE('',*,*,#5226,.T.);
#7410 = ORIENTED_EDGE('',*,*,#4952,.F.);
#7411 = ADVANCED_FACE('',(#7412),#5023,.F.);
#7412 = FACE_BOUND('',#7413,.T.);
#7413 = EDGE_LOOP('',(#7414));
#7414 = ORIENTED_EDGE('',*,*,#5008,.F.);
#7415 = ADVANCED_FACE('',(#7416),#5077,.F.);
#7416 = FACE_BOUND('',#7417,.F.);
#7417 = EDGE_LOOP('',(#7418,#7419,#7420));
#7418 = ORIENTED_EDGE('',*,*,#7383,.F.);
#7419 = ORIENTED_EDGE('',*,*,#6551,.F.);
#7420 = ORIENTED_EDGE('',*,*,#5061,.F.);
#7421 = ADVANCED_FACE('',(#7422),#5264,.F.);
#7422 = FACE_BOUND('',#7423,.F.);
#7423 = EDGE_LOOP('',(#7424,#7425,#7426));
#7424 = ORIENTED_EDGE('',*,*,#7361,.F.);
#7425 = ORIENTED_EDGE('',*,*,#5248,.T.);
#7426 = ORIENTED_EDGE('',*,*,#6435,.F.);
#7427 = ADVANCED_FACE('',(#7428),#5602,.T.);
#7428 = FACE_BOUND('',#7429,.T.);
#7429 = EDGE_LOOP('',(#7430,#7455,#7456));
#7430 = ORIENTED_EDGE('',*,*,#7431,.F.);
#7431 = EDGE_CURVE('',#5561,#5618,#7432,.T.);
#7432 = SURFACE_CURVE('',#7433,(#7438,#7444),.PCURVE_S1.);
#7433 = CIRCLE('',#7434,5.);
#7434 = AXIS2_PLACEMENT_3D('',#7435,#7436,#7437);
#7435 = CARTESIAN_POINT('',(-25.54422863406,26.24422863406,5.));
#7436 = DIRECTION('',(0.866025403784,0.5,-0.));
#7437 = DIRECTION('',(-0.5,0.866025403784,0.));
#7438 = PCURVE('',#5602,#7439);
#7439 = DEFINITIONAL_REPRESENTATION('',(#7440),#7443);
#7440 = B_SPLINE_CURVE_WITH_KNOTS('',1,(#7441,#7442),.UNSPECIFIED.,.F.,
  .F.,(2,2),(4.712388980385,6.28318530718),.PIECEWISE_BEZIER_KNOTS.);
#7441 = CARTESIAN_POINT('',(0.,-1.570796326795));
#7442 = CARTESIAN_POINT('',(0.,0.));
#7443 = ( GEOMETRIC_REPRESENTATION_CONTEXT(2) 
PARAMETRIC_REPRESENTATION_CONTEXT() REPRESENTATION_CONTEXT('2D SPACE',''
  ) );
#7444 = PCURVE('',#7445,#7450);
#7445 = CYLINDRICAL_SURFACE('',#7446,5.);
#7446 = AXIS2_PLACEMENT_3D('',#7447,#7448,#7449);
#7447 = CARTESIAN_POINT('',(-5.625644347018,37.74422863406,5.));
#7448 = DIRECTION('',(-0.866025403784,-0.5,0.));
#7449 = DIRECTION('',(-0.5,0.866025403784,0.));
#7450 = DEFINITIONAL_REPRESENTATION('',(#7451),#7454);
#7451 = B_SPLINE_CURVE_WITH_KNOTS('',1,(#7452,#7453),.UNSPECIFIED.,.F.,
  .F.,(2,2),(4.712388980385,6.28318530718),.PIECEWISE_BEZIER_KNOTS.);
#7452 = CARTESIAN_POINT('',(1.570796326795,23.));
#7453 = CARTESIAN_POINT('',(0.,23.));
#7454 = ( GEOMETRIC_REPRESENTATION_CONTEXT(2) 
PARAMETRIC_REPRESENTATION_CONTEXT() REPRESENTATION_CONTEXT('2D SPACE',''
  ) );
#7455 = ORIENTED_EDGE('',*,*,#5588,.T.);
#7456 = ORIENTED_EDGE('',*,*,#5647,.F.);
#7457 = ADVANCED_FACE('',(#7458),#5576,.F.);
#7458 = FACE_BOUND('',#7459,.F.);
#7459 = EDGE_LOOP('',(#7460,#7461,#7485));
#7460 = ORIENTED_EDGE('',*,*,#5560,.F.);
#7461 = ORIENTED_EDGE('',*,*,#7462,.F.);
#7462 = EDGE_CURVE('',#7463,#5464,#7465,.T.);
#7463 = VERTEX_POINT('',#7464);
#7464 = CARTESIAN_POINT('',(-23.30219551168,27.538667060794,
    -8.881784197001E-16));
#7465 = SURFACE_CURVE('',#7466,(#7471,#7478),.PCURVE_S1.);
#7466 = CIRCLE('',#7467,11.05);
#7467 = AXIS2_PLACEMENT_3D('',#7468,#7469,#7470);
#7468 = CARTESIAN_POINT('',(-13.25,22.95,0.));
#7469 = DIRECTION('',(0.,0.,1.));
#7470 = DIRECTION('',(-0.5,0.866025403784,0.));
#7471 = PCURVE('',#5576,#7472);
#7472 = DEFINITIONAL_REPRESENTATION('',(#7473),#7477);
#7473 = CIRCLE('',#7474,11.05);
#7474 = AXIS2_PLACEMENT_2D('',#7475,#7476);
#7475 = CARTESIAN_POINT('',(14.,14.));
#7476 = DIRECTION('',(1.,0.));
#7477 = ( GEOMETRIC_REPRESENTATION_CONTEXT(2) 
PARAMETRIC_REPRESENTATION_CONTEXT() REPRESENTATION_CONTEXT('2D SPACE',''
  ) );
#7478 = PCURVE('',#5525,#7479);
#7479 = DEFINITIONAL_REPRESENTATION('',(#7480),#7484);
#7480 = LINE('',#7481,#7482);
#7481 = CARTESIAN_POINT('',(0.,1.));
#7482 = VECTOR('',#7483,1.);
#7483 = DIRECTION('',(1.,0.));
#7484 = ( GEOMETRIC_REPRESENTATION_CONTEXT(2) 
PARAMETRIC_REPRESENTATION_CONTEXT() REPRESENTATION_CONTEXT('2D SPACE',''
  ) );
#7485 = ORIENTED_EDGE('',*,*,#7486,.T.);
#7486 = EDGE_CURVE('',#7463,#5561,#7487,.T.);
#7487 = SURFACE_CURVE('',#7488,(#7492,#7499),.PCURVE_S1.);
#7488 = LINE('',#7489,#7490);
#7489 = CARTESIAN_POINT('',(-5.625644347018,37.74422863406,
    -8.881784197001E-16));
#7490 = VECTOR('',#7491,1.);
#7491 = DIRECTION('',(-0.866025403784,-0.5,0.));
#7492 = PCURVE('',#5576,#7493);
#7493 = DEFINITIONAL_REPRESENTATION('',(#7494),#7498);
#7494 = LINE('',#7495,#7496);
#7495 = CARTESIAN_POINT('',(23.,0.));
#7496 = VECTOR('',#7497,1.);
#7497 = DIRECTION('',(0.,1.));
#7498 = ( GEOMETRIC_REPRESENTATION_CONTEXT(2) 
PARAMETRIC_REPRESENTATION_CONTEXT() REPRESENTATION_CONTEXT('2D SPACE',''
  ) );
#7499 = PCURVE('',#7445,#7500);
#7500 = DEFINITIONAL_REPRESENTATION('',(#7501),#7505);
#7501 = LINE('',#7502,#7503);
#7502 = CARTESIAN_POINT('',(1.570796326795,0.));
#7503 = VECTOR('',#7504,1.);
#7504 = DIRECTION('',(0.,1.));
#7505 = ( GEOMETRIC_REPRESENTATION_CONTEXT(2) 
PARAMETRIC_REPRESENTATION_CONTEXT() REPRESENTATION_CONTEXT('2D SPACE',''
  ) );
#7506 = ADVANCED_FACE('',(#7507),#5525,.T.);
#7507 = FACE_BOUND('',#7508,.T.);
#7508 = EDGE_LOOP('',(#7509,#7565,#7588,#7615,#7616,#7672,#7694,#7695,
    #7717,#7718,#7740,#7741));
#7509 = ORIENTED_EDGE('',*,*,#7510,.F.);
#7510 = EDGE_CURVE('',#7511,#7463,#7513,.T.);
#7511 = VERTEX_POINT('',#7512);
#7512 = CARTESIAN_POINT('',(-18.775,32.519580711818,0.439572388471));
#7513 = SURFACE_CURVE('',#7514,(#7529,#7547),.PCURVE_S1.);
#7514 = B_SPLINE_CURVE_WITH_KNOTS('',7,(#7515,#7516,#7517,#7518,#7519,
    #7520,#7521,#7522,#7523,#7524,#7525,#7526,#7527,#7528),
  .UNSPECIFIED.,.F.,.F.,(8,6,8),(0.,0.493630100557,1.),.UNSPECIFIED.);
#7515 = CARTESIAN_POINT('',(-18.775,32.519580711818,0.439572388471));
#7516 = CARTESIAN_POINT('',(-19.18216200969,32.284505615918,
    0.439572388471));
#7517 = CARTESIAN_POINT('',(-19.57719731822,32.029483835756,
    0.429081550355));
#7518 = CARTESIAN_POINT('',(-19.95964449006,31.7548909012,0.408143108171
    ));
#7519 = CARTESIAN_POINT('',(-20.32895119337,31.460997897804,
    0.377639999779));
#7520 = CARTESIAN_POINT('',(-20.68436176989,31.148059505662,
    0.339298197112));
#7521 = CARTESIAN_POINT('',(-21.02492164638,30.816436652458,
    0.295542316241));
#7522 = CARTESIAN_POINT('',(-21.68253756876,30.107824310256,
    0.202035148641));
#7523 = CARTESIAN_POINT('',(-21.99888454876,29.729750749926,
    0.152140292145));
#7524 = CARTESIAN_POINT('',(-22.29830943077,29.33195532998,
    0.102819245195));
#7525 = CARTESIAN_POINT('',(-22.57999539375,28.913938235261,
    5.781668387254E-02));
#7526 = CARTESIAN_POINT('',(-22.84253742367,28.475428229979,
    2.168387898847E-02));
#7527 = CARTESIAN_POINT('',(-23.08400419484,28.016649391349,
    -1.474515787437E-15));
#7528 = CARTESIAN_POINT('',(-23.30219551168,27.538667060794,
    -1.33226762955E-15));
#7529 = PCURVE('',#5525,#7530);
#7530 = DEFINITIONAL_REPRESENTATION('',(#7531),#7546);
#7531 = B_SPLINE_CURVE_WITH_KNOTS('',7,(#7532,#7533,#7534,#7535,#7536,
    #7537,#7538,#7539,#7540,#7541,#7542,#7543,#7544,#7545),
  .UNSPECIFIED.,.F.,.F.,(8,6,8),(0.,0.493630100557,1.),.UNSPECIFIED.);
#7532 = CARTESIAN_POINT('',(8.881784197001E-16,1.439572388471));
#7533 = CARTESIAN_POINT('',(4.254752866966E-02,1.439572388471));
#7534 = CARTESIAN_POINT('',(8.50472096263E-02,1.429081550355));
#7535 = CARTESIAN_POINT('',(0.127571710255,1.408143108171));
#7536 = CARTESIAN_POINT('',(0.170189937562,1.377639999779));
#7537 = CARTESIAN_POINT('',(0.212959039474,1.339298197112));
#7538 = CARTESIAN_POINT('',(0.255921800567,1.295542316241));
#7539 = CARTESIAN_POINT('',(0.343409767098,1.202035148641));
#7540 = CARTESIAN_POINT('',(0.387963241981,1.152140292145));
#7541 = CARTESIAN_POINT('',(0.432925190805,1.102819245195));
#7542 = CARTESIAN_POINT('',(0.478427936147,1.057816683873));
#7543 = CARTESIAN_POINT('',(0.524570737407,1.021683878988));
#7544 = CARTESIAN_POINT('',(0.571414532854,1.));
#7545 = CARTESIAN_POINT('',(0.618964576027,1.));
#7546 = ( GEOMETRIC_REPRESENTATION_CONTEXT(2) 
PARAMETRIC_REPRESENTATION_CONTEXT() REPRESENTATION_CONTEXT('2D SPACE',''
  ) );
#7547 = PCURVE('',#7445,#7548);
#7548 = DEFINITIONAL_REPRESENTATION('',(#7549),#7564);
#7549 = B_SPLINE_CURVE_WITH_KNOTS('',7,(#7550,#7551,#7552,#7553,#7554,
    #7555,#7556,#7557,#7558,#7559,#7560,#7561,#7562,#7563),
  .UNSPECIFIED.,.F.,.F.,(8,6,8),(0.,0.493630100557,1.),.UNSPECIFIED.);
#7550 = CARTESIAN_POINT('',(1.148342264608,14.));
#7551 = CARTESIAN_POINT('',(1.148342264608,14.4701501918));
#7552 = CARTESIAN_POINT('',(1.153459708717,14.939771694458));
#7553 = CARTESIAN_POINT('',(1.163673791447,15.408277128159));
#7554 = CARTESIAN_POINT('',(1.178919773903,15.875052616713));
#7555 = CARTESIAN_POINT('',(1.199084381148,16.33931640082));
#7556 = CARTESIAN_POINT('',(1.224030171115,16.80006133197));
#7557 = CARTESIAN_POINT('',(1.283994678959,17.723879597788));
#7558 = CARTESIAN_POINT('',(1.319268037375,18.186880899046));
#7559 = CARTESIAN_POINT('',(1.359405225588,18.645088163368));
#7560 = CARTESIAN_POINT('',(1.404442628055,19.098043910548));
#7561 = CARTESIAN_POINT('',(1.454510252292,19.544666980662));
#7562 = CARTESIAN_POINT('',(1.509826490315,19.983172757983));
#7563 = CARTESIAN_POINT('',(1.570796326795,20.411123146532));
#7564 = ( GEOMETRIC_REPRESENTATION_CONTEXT(2) 
PARAMETRIC_REPRESENTATION_CONTEXT() REPRESENTATION_CONTEXT('2D SPACE',''
  ) );
#7565 = ORIENTED_EDGE('',*,*,#7566,.F.);
#7566 = EDGE_CURVE('',#7567,#7511,#7569,.T.);
#7567 = VERTEX_POINT('',#7568);
#7568 = CARTESIAN_POINT('',(-18.775,32.519580711818,-1.));
#7569 = SEAM_CURVE('',#7570,(#7574,#7581),.PCURVE_S1.);
#7570 = LINE('',#7571,#7572);
#7571 = CARTESIAN_POINT('',(-18.775,32.519580711818,-1.));
#7572 = VECTOR('',#7573,1.);
#7573 = DIRECTION('',(0.,0.,1.));
#7574 = PCURVE('',#5525,#7575);
#7575 = DEFINITIONAL_REPRESENTATION('',(#7576),#7580);
#7576 = LINE('',#7577,#7578);
#7577 = CARTESIAN_POINT('',(6.28318530718,-0.));
#7578 = VECTOR('',#7579,1.);
#7579 = DIRECTION('',(0.,1.));
#7580 = ( GEOMETRIC_REPRESENTATION_CONTEXT(2) 
PARAMETRIC_REPRESENTATION_CONTEXT() REPRESENTATION_CONTEXT('2D SPACE',''
  ) );
#7581 = PCURVE('',#5525,#7582);
#7582 = DEFINITIONAL_REPRESENTATION('',(#7583),#7587);
#7583 = LINE('',#7584,#7585);
#7584 = CARTESIAN_POINT('',(0.,-0.));
#7585 = VECTOR('',#7586,1.);
#7586 = DIRECTION('',(0.,1.));
#7587 = ( GEOMETRIC_REPRESENTATION_CONTEXT(2) 
PARAMETRIC_REPRESENTATION_CONTEXT() REPRESENTATION_CONTEXT('2D SPACE',''
  ) );
#7588 = ORIENTED_EDGE('',*,*,#7589,.T.);
#7589 = EDGE_CURVE('',#7567,#7567,#7590,.T.);
#7590 = SURFACE_CURVE('',#7591,(#7596,#7603),.PCURVE_S1.);
#7591 = CIRCLE('',#7592,11.05);
#7592 = AXIS2_PLACEMENT_3D('',#7593,#7594,#7595);
#7593 = CARTESIAN_POINT('',(-13.25,22.95,-1.));
#7594 = DIRECTION('',(0.,0.,1.));
#7595 = DIRECTION('',(-0.5,0.866025403784,0.));
#7596 = PCURVE('',#5525,#7597);
#7597 = DEFINITIONAL_REPRESENTATION('',(#7598),#7602);
#7598 = LINE('',#7599,#7600);
#7599 = CARTESIAN_POINT('',(0.,0.));
#7600 = VECTOR('',#7601,1.);
#7601 = DIRECTION('',(1.,0.));
#7602 = ( GEOMETRIC_REPRESENTATION_CONTEXT(2) 
PARAMETRIC_REPRESENTATION_CONTEXT() REPRESENTATION_CONTEXT('2D SPACE',''
  ) );
#7603 = PCURVE('',#7604,#7609);
#7604 = PLANE('',#7605);
#7605 = AXIS2_PLACEMENT_3D('',#7606,#7607,#7608);
#7606 = CARTESIAN_POINT('',(-13.25,22.95,-1.));
#7607 = DIRECTION('',(0.,0.,1.));
#7608 = DIRECTION('',(-0.5,0.866025403784,0.));
#7609 = DEFINITIONAL_REPRESENTATION('',(#7610),#7614);
#7610 = CIRCLE('',#7611,11.05);
#7611 = AXIS2_PLACEMENT_2D('',#7612,#7613);
#7612 = CARTESIAN_POINT('',(0.,0.));
#7613 = DIRECTION('',(1.,0.));
#7614 = ( GEOMETRIC_REPRESENTATION_CONTEXT(2) 
PARAMETRIC_REPRESENTATION_CONTEXT() REPRESENTATION_CONTEXT('2D SPACE',''
  ) );
#7615 = ORIENTED_EDGE('',*,*,#7566,.T.);
#7616 = ORIENTED_EDGE('',*,*,#7617,.F.);
#7617 = EDGE_CURVE('',#7618,#7511,#7620,.T.);
#7618 = VERTEX_POINT('',#7619);
#7619 = CARTESIAN_POINT('',(-12.19780448831,33.949790207326,
    -8.881784197001E-16));
#7620 = SURFACE_CURVE('',#7621,(#7636,#7654),.PCURVE_S1.);
#7621 = B_SPLINE_CURVE_WITH_KNOTS('',7,(#7622,#7623,#7624,#7625,#7626,
    #7627,#7628,#7629,#7630,#7631,#7632,#7633,#7634,#7635),
  .UNSPECIFIED.,.F.,.F.,(8,6,8),(0.,0.504392873493,1.),.UNSPECIFIED.);
#7622 = CARTESIAN_POINT('',(-12.19780448831,33.949790207326,
    -1.33226762955E-15));
#7623 = CARTESIAN_POINT('',(-12.71880369811,33.999626887828,
    -1.17907653674E-15));
#7624 = CARTESIAN_POINT('',(-13.23484720236,34.019936363203,
    2.1514965989E-02));
#7625 = CARTESIAN_POINT('',(-13.74393481324,34.012075592452,
    5.739402125432E-02));
#7626 = CARTESIAN_POINT('',(-14.24491781236,33.977586944847,
    0.102116536719));
#7627 = CARTESIAN_POINT('',(-14.73733102424,33.91780876345,
    0.151176657374));
#7628 = CARTESIAN_POINT('',(-15.22119649654,33.833690856498,
    0.200864954829));
#7629 = CARTESIAN_POINT('',(-16.16408188372,33.619594909465,
    0.294489973649));
#7630 = CARTESIAN_POINT('',(-16.62356632491,33.490400727785,
    0.338529802088));
#7631 = CARTESIAN_POINT('',(-17.07423269275,33.338816119774,
    0.377150668277));
#7632 = CARTESIAN_POINT('',(-17.51528237662,33.165496207605,
    0.407890930454));
#7633 = CARTESIAN_POINT('',(-17.94611129543,32.970975095767,
    0.428997189194));
#7634 = CARTESIAN_POINT('',(-18.36620423174,32.755599058661,
    0.439572388471));
#7635 = CARTESIAN_POINT('',(-18.775,32.519580711818,0.439572388471));
#7636 = PCURVE('',#5525,#7637);
#7637 = DEFINITIONAL_REPRESENTATION('',(#7638),#7653);
#7638 = B_SPLINE_CURVE_WITH_KNOTS('',7,(#7639,#7640,#7641,#7642,#7643,
    #7644,#7645,#7646,#7647,#7648,#7649,#7650,#7651,#7652),
  .UNSPECIFIED.,.F.,.F.,(8,6,8),(0.,0.504392873493,1.),.UNSPECIFIED.);
#7639 = CARTESIAN_POINT('',(5.664220731153,1.));
#7640 = CARTESIAN_POINT('',(5.711585199019,1.));
#7641 = CARTESIAN_POINT('',(5.758248774046,1.021514965989));
#7642 = CARTESIAN_POINT('',(5.804216553771,1.057394021254));
#7643 = CARTESIAN_POINT('',(5.849548626067,1.102116536719));
#7644 = CARTESIAN_POINT('',(5.894342988887,1.151176657374));
#7645 = CARTESIAN_POINT('',(5.938730361745,1.200864954829));
#7646 = CARTESIAN_POINT('',(6.026231422312,1.294489973649));
#7647 = CARTESIAN_POINT('',(6.069370406352,1.338529802088));
#7648 = CARTESIAN_POINT('',(6.112313050528,1.377150668277));
#7649 = CARTESIAN_POINT('',(6.155102747264,1.407890930454));
#7650 = CARTESIAN_POINT('',(6.197797448538,1.428997189194));
#7651 = CARTESIAN_POINT('',(6.240467054357,1.439572388471));
#7652 = CARTESIAN_POINT('',(6.28318530718,1.439572388471));
#7653 = ( GEOMETRIC_REPRESENTATION_CONTEXT(2) 
PARAMETRIC_REPRESENTATION_CONTEXT() REPRESENTATION_CONTEXT('2D SPACE',''
  ) );
#7654 = PCURVE('',#7445,#7655);
#7655 = DEFINITIONAL_REPRESENTATION('',(#7656),#7671);
#7656 = B_SPLINE_CURVE_WITH_KNOTS('',7,(#7657,#7658,#7659,#7660,#7661,
    #7662,#7663,#7664,#7665,#7666,#7667,#7668,#7669,#7670),
  .UNSPECIFIED.,.F.,.F.,(8,6,8),(0.,0.504392873493,1.),.UNSPECIFIED.);
#7657 = CARTESIAN_POINT('',(1.570796326795,7.588876853468));
#7658 = CARTESIAN_POINT('',(1.510064439543,8.015157064259));
#7659 = CARTESIAN_POINT('',(1.454942297846,8.451909110706));
#7660 = CARTESIAN_POINT('',(1.405029699028,8.896722299856));
#7661 = CARTESIAN_POINT('',(1.36010990864,9.347830627759));
#7662 = CARTESIAN_POINT('',(1.320053462471,9.80416206911));
#7663 = CARTESIAN_POINT('',(1.284823114939,10.265260813606));
#7664 = CARTESIAN_POINT('',(1.22463045784,11.188871485282));
#7665 = CARTESIAN_POINT('',(1.199488637197,11.651393774833));
#7666 = CARTESIAN_POINT('',(1.179164382694,12.117474602025));
#7667 = CARTESIAN_POINT('',(1.163796811157,12.58609478867));
#7668 = CARTESIAN_POINT('',(1.153500859129,13.056464132962));
#7669 = CARTESIAN_POINT('',(1.148342264608,13.527963306314));
#7670 = CARTESIAN_POINT('',(1.148342264608,14.));
#7671 = ( GEOMETRIC_REPRESENTATION_CONTEXT(2) 
PARAMETRIC_REPRESENTATION_CONTEXT() REPRESENTATION_CONTEXT('2D SPACE',''
  ) );
#7672 = ORIENTED_EDGE('',*,*,#7673,.F.);
#7673 = EDGE_CURVE('',#5848,#7618,#7674,.T.);
#7674 = SURFACE_CURVE('',#7675,(#7680,#7687),.PCURVE_S1.);
#7675 = CIRCLE('',#7676,11.05);
#7676 = AXIS2_PLACEMENT_3D('',#7677,#7678,#7679);
#7677 = CARTESIAN_POINT('',(-13.25,22.95,0.));
#7678 = DIRECTION('',(0.,0.,1.));
#7679 = DIRECTION('',(-0.5,0.866025403784,0.));
#7680 = PCURVE('',#5525,#7681);
#7681 = DEFINITIONAL_REPRESENTATION('',(#7682),#7686);
#7682 = LINE('',#7683,#7684);
#7683 = CARTESIAN_POINT('',(0.,1.));
#7684 = VECTOR('',#7685,1.);
#7685 = DIRECTION('',(1.,0.));
#7686 = ( GEOMETRIC_REPRESENTATION_CONTEXT(2) 
PARAMETRIC_REPRESENTATION_CONTEXT() REPRESENTATION_CONTEXT('2D SPACE',''
  ) );
#7687 = PCURVE('',#5955,#7688);
#7688 = DEFINITIONAL_REPRESENTATION('',(#7689),#7693);
#7689 = CIRCLE('',#7690,11.05);
#7690 = AXIS2_PLACEMENT_2D('',#7691,#7692);
#7691 = CARTESIAN_POINT('',(14.,14.));
#7692 = DIRECTION('',(1.,0.));
#7693 = ( GEOMETRIC_REPRESENTATION_CONTEXT(2) 
PARAMETRIC_REPRESENTATION_CONTEXT() REPRESENTATION_CONTEXT('2D SPACE',''
  ) );
#7694 = ORIENTED_EDGE('',*,*,#5847,.F.);
#7695 = ORIENTED_EDGE('',*,*,#7696,.F.);
#7696 = EDGE_CURVE('',#7151,#5820,#7697,.T.);
#7697 = SURFACE_CURVE('',#7698,(#7703,#7710),.PCURVE_S1.);
#7698 = CIRCLE('',#7699,11.05);
#7699 = AXIS2_PLACEMENT_3D('',#7700,#7701,#7702);
#7700 = CARTESIAN_POINT('',(-13.25,22.95,0.));
#7701 = DIRECTION('',(0.,0.,1.));
#7702 = DIRECTION('',(-0.5,0.866025403784,0.));
#7703 = PCURVE('',#5525,#7704);
#7704 = DEFINITIONAL_REPRESENTATION('',(#7705),#7709);
#7705 = LINE('',#7706,#7707);
#7706 = CARTESIAN_POINT('',(0.,1.));
#7707 = VECTOR('',#7708,1.);
#7708 = DIRECTION('',(1.,0.));
#7709 = ( GEOMETRIC_REPRESENTATION_CONTEXT(2) 
PARAMETRIC_REPRESENTATION_CONTEXT() REPRESENTATION_CONTEXT('2D SPACE',''
  ) );
#7710 = PCURVE('',#5835,#7711);
#7711 = DEFINITIONAL_REPRESENTATION('',(#7712),#7716);
#7712 = CIRCLE('',#7713,11.05);
#7713 = AXIS2_PLACEMENT_2D('',#7714,#7715);
#7714 = CARTESIAN_POINT('',(14.,14.));
#7715 = DIRECTION('',(1.,0.));
#7716 = ( GEOMETRIC_REPRESENTATION_CONTEXT(2) 
PARAMETRIC_REPRESENTATION_CONTEXT() REPRESENTATION_CONTEXT('2D SPACE',''
  ) );
#7717 = ORIENTED_EDGE('',*,*,#7173,.F.);
#7718 = ORIENTED_EDGE('',*,*,#7719,.F.);
#7719 = EDGE_CURVE('',#5436,#7174,#7720,.T.);
#7720 = SURFACE_CURVE('',#7721,(#7726,#7733),.PCURVE_S1.);
#7721 = CIRCLE('',#7722,11.05);
#7722 = AXIS2_PLACEMENT_3D('',#7723,#7724,#7725);
#7723 = CARTESIAN_POINT('',(-13.25,22.95,0.));
#7724 = DIRECTION('',(0.,0.,1.));
#7725 = DIRECTION('',(-0.5,0.866025403784,0.));
#7726 = PCURVE('',#5525,#7727);
#7727 = DEFINITIONAL_REPRESENTATION('',(#7728),#7732);
#7728 = LINE('',#7729,#7730);
#7729 = CARTESIAN_POINT('',(0.,1.));
#7730 = VECTOR('',#7731,1.);
#7731 = DIRECTION('',(1.,0.));
#7732 = ( GEOMETRIC_REPRESENTATION_CONTEXT(2) 
PARAMETRIC_REPRESENTATION_CONTEXT() REPRESENTATION_CONTEXT('2D SPACE',''
  ) );
#7733 = PCURVE('',#5451,#7734);
#7734 = DEFINITIONAL_REPRESENTATION('',(#7735),#7739);
#7735 = CIRCLE('',#7736,11.05);
#7736 = AXIS2_PLACEMENT_2D('',#7737,#7738);
#7737 = CARTESIAN_POINT('',(14.,14.));
#7738 = DIRECTION('',(1.,0.));
#7739 = ( GEOMETRIC_REPRESENTATION_CONTEXT(2) 
PARAMETRIC_REPRESENTATION_CONTEXT() REPRESENTATION_CONTEXT('2D SPACE',''
  ) );
#7740 = ORIENTED_EDGE('',*,*,#5463,.F.);
#7741 = ORIENTED_EDGE('',*,*,#7462,.F.);
#7742 = ADVANCED_FACE('',(#7743),#5451,.F.);
#7743 = FACE_BOUND('',#7744,.F.);
#7744 = EDGE_LOOP('',(#7745,#7746,#7747));
#7745 = ORIENTED_EDGE('',*,*,#7265,.F.);
#7746 = ORIENTED_EDGE('',*,*,#7719,.F.);
#7747 = ORIENTED_EDGE('',*,*,#5435,.F.);
#7748 = ADVANCED_FACE('',(#7749),#5635,.T.);
#7749 = FACE_BOUND('',#7750,.T.);
#7750 = EDGE_LOOP('',(#7751,#7752,#7773,#7774));
#7751 = ORIENTED_EDGE('',*,*,#5996,.F.);
#7752 = ORIENTED_EDGE('',*,*,#7753,.T.);
#7753 = EDGE_CURVE('',#5997,#5618,#7754,.T.);
#7754 = SURFACE_CURVE('',#7755,(#7759,#7766),.PCURVE_S1.);
#7755 = LINE('',#7756,#7757);
#7756 = CARTESIAN_POINT('',(-8.125644347018,42.074355652982,5.));
#7757 = VECTOR('',#7758,1.);
#7758 = DIRECTION('',(-0.866025403784,-0.5,0.));
#7759 = PCURVE('',#5635,#7760);
#7760 = DEFINITIONAL_REPRESENTATION('',(#7761),#7765);
#7761 = LINE('',#7762,#7763);
#7762 = CARTESIAN_POINT('',(5.,0.));
#7763 = VECTOR('',#7764,1.);
#7764 = DIRECTION('',(0.,-1.));
#7765 = ( GEOMETRIC_REPRESENTATION_CONTEXT(2) 
PARAMETRIC_REPRESENTATION_CONTEXT() REPRESENTATION_CONTEXT('2D SPACE',''
  ) );
#7766 = PCURVE('',#7445,#7767);
#7767 = DEFINITIONAL_REPRESENTATION('',(#7768),#7772);
#7768 = LINE('',#7769,#7770);
#7769 = CARTESIAN_POINT('',(0.,0.));
#7770 = VECTOR('',#7771,1.);
#7771 = DIRECTION('',(0.,1.));
#7772 = ( GEOMETRIC_REPRESENTATION_CONTEXT(2) 
PARAMETRIC_REPRESENTATION_CONTEXT() REPRESENTATION_CONTEXT('2D SPACE',''
  ) );
#7773 = ORIENTED_EDGE('',*,*,#5617,.T.);
#7774 = ORIENTED_EDGE('',*,*,#5746,.F.);
#7775 = ADVANCED_FACE('',(#7776),#5981,.T.);
#7776 = FACE_BOUND('',#7777,.F.);
#7777 = EDGE_LOOP('',(#7778,#7798,#7799));
#7778 = ORIENTED_EDGE('',*,*,#7779,.F.);
#7779 = EDGE_CURVE('',#5940,#5997,#7780,.T.);
#7780 = SURFACE_CURVE('',#7781,(#7786,#7792),.PCURVE_S1.);
#7781 = CIRCLE('',#7782,5.);
#7782 = AXIS2_PLACEMENT_3D('',#7783,#7784,#7785);
#7783 = CARTESIAN_POINT('',(-9.95577136594,35.24422863406,5.));
#7784 = DIRECTION('',(0.866025403784,0.5,-0.));
#7785 = DIRECTION('',(-0.5,0.866025403784,0.));
#7786 = PCURVE('',#5981,#7787);
#7787 = DEFINITIONAL_REPRESENTATION('',(#7788),#7791);
#7788 = B_SPLINE_CURVE_WITH_KNOTS('',1,(#7789,#7790),.UNSPECIFIED.,.F.,
  .F.,(2,2),(4.712388980385,6.28318530718),.PIECEWISE_BEZIER_KNOTS.);
#7789 = CARTESIAN_POINT('',(0.,-1.570796326795));
#7790 = CARTESIAN_POINT('',(0.,0.));
#7791 = ( GEOMETRIC_REPRESENTATION_CONTEXT(2) 
PARAMETRIC_REPRESENTATION_CONTEXT() REPRESENTATION_CONTEXT('2D SPACE',''
  ) );
#7792 = PCURVE('',#7445,#7793);
#7793 = DEFINITIONAL_REPRESENTATION('',(#7794),#7797);
#7794 = B_SPLINE_CURVE_WITH_KNOTS('',1,(#7795,#7796),.UNSPECIFIED.,.F.,
  .F.,(2,2),(4.712388980385,6.28318530718),.PIECEWISE_BEZIER_KNOTS.);
#7795 = CARTESIAN_POINT('',(1.570796326795,5.));
#7796 = CARTESIAN_POINT('',(0.,5.));
#7797 = ( GEOMETRIC_REPRESENTATION_CONTEXT(2) 
PARAMETRIC_REPRESENTATION_CONTEXT() REPRESENTATION_CONTEXT('2D SPACE',''
  ) );
#7798 = ORIENTED_EDGE('',*,*,#5967,.T.);
#7799 = ORIENTED_EDGE('',*,*,#6019,.F.);
#7800 = ADVANCED_FACE('',(#7801),#5955,.F.);
#7801 = FACE_BOUND('',#7802,.F.);
#7802 = EDGE_LOOP('',(#7803,#7804,#7805));
#7803 = ORIENTED_EDGE('',*,*,#7673,.F.);
#7804 = ORIENTED_EDGE('',*,*,#5939,.T.);
#7805 = ORIENTED_EDGE('',*,*,#7806,.T.);
#7806 = EDGE_CURVE('',#5940,#7618,#7807,.T.);
#7807 = SURFACE_CURVE('',#7808,(#7812,#7819),.PCURVE_S1.);
#7808 = LINE('',#7809,#7810);
#7809 = CARTESIAN_POINT('',(-5.625644347018,37.74422863406,
    -8.881784197001E-16));
#7810 = VECTOR('',#7811,1.);
#7811 = DIRECTION('',(-0.866025403784,-0.5,0.));
#7812 = PCURVE('',#5955,#7813);
#7813 = DEFINITIONAL_REPRESENTATION('',(#7814),#7818);
#7814 = LINE('',#7815,#7816);
#7815 = CARTESIAN_POINT('',(23.,0.));
#7816 = VECTOR('',#7817,1.);
#7817 = DIRECTION('',(0.,1.));
#7818 = ( GEOMETRIC_REPRESENTATION_CONTEXT(2) 
PARAMETRIC_REPRESENTATION_CONTEXT() REPRESENTATION_CONTEXT('2D SPACE',''
  ) );
#7819 = PCURVE('',#7445,#7820);
#7820 = DEFINITIONAL_REPRESENTATION('',(#7821),#7825);
#7821 = LINE('',#7822,#7823);
#7822 = CARTESIAN_POINT('',(1.570796326795,0.));
#7823 = VECTOR('',#7824,1.);
#7824 = DIRECTION('',(0.,1.));
#7825 = ( GEOMETRIC_REPRESENTATION_CONTEXT(2) 
PARAMETRIC_REPRESENTATION_CONTEXT() REPRESENTATION_CONTEXT('2D SPACE',''
  ) );
#7826 = ADVANCED_FACE('',(#7827),#5835,.F.);
#7827 = FACE_BOUND('',#7828,.F.);
#7828 = EDGE_LOOP('',(#7829,#7830,#7831));
#7829 = ORIENTED_EDGE('',*,*,#7150,.F.);
#7830 = ORIENTED_EDGE('',*,*,#5819,.T.);
#7831 = ORIENTED_EDGE('',*,*,#7696,.F.);
#7832 = ADVANCED_FACE('',(#7833),#6230,.T.);
#7833 = FACE_BOUND('',#7834,.T.);
#7834 = EDGE_LOOP('',(#7835,#7855,#7856));
#7835 = ORIENTED_EDGE('',*,*,#7836,.F.);
#7836 = EDGE_CURVE('',#6189,#6246,#7837,.T.);
#7837 = SURFACE_CURVE('',#7838,(#7843,#7849),.PCURVE_S1.);
#7838 = CIRCLE('',#7839,5.);
#7839 = AXIS2_PLACEMENT_3D('',#7840,#7841,#7842);
#7840 = CARTESIAN_POINT('',(35.5,9.,5.));
#7841 = DIRECTION('',(0.,-1.,0.));
#7842 = DIRECTION('',(1.,0.,0.));
#7843 = PCURVE('',#6230,#7844);
#7844 = DEFINITIONAL_REPRESENTATION('',(#7845),#7848);
#7845 = B_SPLINE_CURVE_WITH_KNOTS('',1,(#7846,#7847),.UNSPECIFIED.,.F.,
  .F.,(2,2),(4.712388980385,6.28318530718),.PIECEWISE_BEZIER_KNOTS.);
#7846 = CARTESIAN_POINT('',(0.,-1.570796326795));
#7847 = CARTESIAN_POINT('',(0.,0.));
#7848 = ( GEOMETRIC_REPRESENTATION_CONTEXT(2) 
PARAMETRIC_REPRESENTATION_CONTEXT() REPRESENTATION_CONTEXT('2D SPACE',''
  ) );
#7849 = PCURVE('',#6599,#7850);
#7850 = DEFINITIONAL_REPRESENTATION('',(#7851),#7854);
#7851 = B_SPLINE_CURVE_WITH_KNOTS('',1,(#7852,#7853),.UNSPECIFIED.,.F.,
  .F.,(2,2),(4.712388980385,6.28318530718),.PIECEWISE_BEZIER_KNOTS.);
#7852 = CARTESIAN_POINT('',(1.570796326795,23.));
#7853 = CARTESIAN_POINT('',(0.,23.));
#7854 = ( GEOMETRIC_REPRESENTATION_CONTEXT(2) 
PARAMETRIC_REPRESENTATION_CONTEXT() REPRESENTATION_CONTEXT('2D SPACE',''
  ) );
#7855 = ORIENTED_EDGE('',*,*,#6216,.T.);
#7856 = ORIENTED_EDGE('',*,*,#6268,.F.);
#7857 = ADVANCED_FACE('',(#7858),#6204,.F.);
#7858 = FACE_BOUND('',#7859,.F.);
#7859 = EDGE_LOOP('',(#7860,#7861,#7862));
#7860 = ORIENTED_EDGE('',*,*,#6188,.F.);
#7861 = ORIENTED_EDGE('',*,*,#7019,.F.);
#7862 = ORIENTED_EDGE('',*,*,#7863,.T.);
#7863 = EDGE_CURVE('',#6718,#6189,#7864,.T.);
#7864 = SURFACE_CURVE('',#7865,(#7869,#7876),.PCURVE_S1.);
#7865 = LINE('',#7866,#7867);
#7866 = CARTESIAN_POINT('',(35.5,-14.,-8.881784197001E-16));
#7867 = VECTOR('',#7868,1.);
#7868 = DIRECTION('',(0.,1.,0.));
#7869 = PCURVE('',#6204,#7870);
#7870 = DEFINITIONAL_REPRESENTATION('',(#7871),#7875);
#7871 = LINE('',#7872,#7873);
#7872 = CARTESIAN_POINT('',(23.,0.));
#7873 = VECTOR('',#7874,1.);
#7874 = DIRECTION('',(0.,1.));
#7875 = ( GEOMETRIC_REPRESENTATION_CONTEXT(2) 
PARAMETRIC_REPRESENTATION_CONTEXT() REPRESENTATION_CONTEXT('2D SPACE',''
  ) );
#7876 = PCURVE('',#6599,#7877);
#7877 = DEFINITIONAL_REPRESENTATION('',(#7878),#7882);
#7878 = LINE('',#7879,#7880);
#7879 = CARTESIAN_POINT('',(1.570796326795,0.));
#7880 = VECTOR('',#7881,1.);
#7881 = DIRECTION('',(0.,1.));
#7882 = ( GEOMETRIC_REPRESENTATION_CONTEXT(2) 
PARAMETRIC_REPRESENTATION_CONTEXT() REPRESENTATION_CONTEXT('2D SPACE',''
  ) );
#7883 = ADVANCED_FACE('',(#7884),#6084,.F.);
#7884 = FACE_BOUND('',#7885,.F.);
#7885 = EDGE_LOOP('',(#7886,#7887,#7888));
#7886 = ORIENTED_EDGE('',*,*,#7098,.F.);
#7887 = ORIENTED_EDGE('',*,*,#6996,.F.);
#7888 = ORIENTED_EDGE('',*,*,#6068,.F.);
#7889 = ADVANCED_FACE('',(#7890),#6398,.F.);
#7890 = FACE_BOUND('',#7891,.T.);
#7891 = EDGE_LOOP('',(#7892));
#7892 = ORIENTED_EDGE('',*,*,#6383,.F.);
#7893 = ADVANCED_FACE('',(#7894),#6599,.T.);
#7894 = FACE_BOUND('',#7895,.T.);
#7895 = EDGE_LOOP('',(#7896,#7897,#7898,#7899,#7900,#7901,#7902));
#7896 = ORIENTED_EDGE('',*,*,#6641,.F.);
#7897 = ORIENTED_EDGE('',*,*,#6691,.T.);
#7898 = ORIENTED_EDGE('',*,*,#6824,.T.);
#7899 = ORIENTED_EDGE('',*,*,#6715,.T.);
#7900 = ORIENTED_EDGE('',*,*,#7863,.T.);
#7901 = ORIENTED_EDGE('',*,*,#7836,.T.);
#7902 = ORIENTED_EDGE('',*,*,#6585,.F.);
#7903 = ADVANCED_FACE('',(#7904),#6811,.F.);
#7904 = FACE_BOUND('',#7905,.T.);
#7905 = EDGE_LOOP('',(#7906));
#7906 = ORIENTED_EDGE('',*,*,#6796,.F.);
#7907 = ADVANCED_FACE('',(#7908),#7445,.T.);
#7908 = FACE_BOUND('',#7909,.T.);
#7909 = EDGE_LOOP('',(#7910,#7911,#7912,#7913,#7914,#7915,#7916));
#7910 = ORIENTED_EDGE('',*,*,#7779,.F.);
#7911 = ORIENTED_EDGE('',*,*,#7806,.T.);
#7912 = ORIENTED_EDGE('',*,*,#7617,.T.);
#7913 = ORIENTED_EDGE('',*,*,#7510,.T.);
#7914 = ORIENTED_EDGE('',*,*,#7486,.T.);
#7915 = ORIENTED_EDGE('',*,*,#7431,.T.);
#7916 = ORIENTED_EDGE('',*,*,#7753,.F.);
#7917 = ADVANCED_FACE('',(#7918),#7604,.F.);
#7918 = FACE_BOUND('',#7919,.T.);
#7919 = EDGE_LOOP('',(#7920));
#7920 = ORIENTED_EDGE('',*,*,#7589,.F.);
#7921 = ( GEOMETRIC_REPRESENTATION_CONTEXT(3) 
GLOBAL_UNCERTAINTY_ASSIGNED_CONTEXT((#7925)) 
GLOBAL_UNIT_ASSIGNED_CONTEXT((#7922,#7923,#7924)) REPRESENTATION_CONTEXT
('Context #1','3D Context with UNIT and UNCERTAINTY') );
#7922 = ( LENGTH_UNIT() NAMED_UNIT(*) SI_UNIT(.MILLI.,.METRE.) );
#7923 = ( NAMED_UNIT(*) PLANE_ANGLE_UNIT() SI_UNIT($,.RADIAN.) );
#7924 = ( NAMED_UNIT(*) SI_UNIT($,.STERADIAN.) SOLID_ANGLE_UNIT() );
#7925 = UNCERTAINTY_MEASURE_WITH_UNIT(LENGTH_MEASURE(1.E-07),#7922,
  'distance_accuracy_value','confusion accuracy');
#7926 = PRODUCT_RELATED_PRODUCT_CATEGORY('part',$,(#7));
ENDSEC;
END-ISO-10303-21;
